ISO-10303-21;
HEADER;
FILE_DESCRIPTION (( 'STEP AP214' ),
    '1' );
FILE_NAME ('BMP585.STEP',
    '2026-05-17T15:32:17',
    ( 'LENOVO' ),
    ( '' ),
    'SwSTEP 2.0',
    'SolidWorks 2021',
    '' );
FILE_SCHEMA (( 'AUTOMOTIVE_DESIGN' ));
ENDSEC;

DATA;
#1 = EDGE_LOOP ( 'NONE', ( #2151, #1221, #7737, #8396 ) ) ;
#2 = PLANE ( 'NONE',  #9054 ) ;
#3 = DIRECTION ( 'NONE',  ( -1.000000000000000000, 0.000000000000000000, -2.710505431213761085E-16 ) ) ;
#4 = ORIENTED_EDGE ( 'NONE', *, *, #4271, .F. ) ;
#5 = CIRCLE ( 'NONE', #5003, 1.574999999999999512 ) ;
#6 = DIRECTION ( 'NONE',  ( -1.000000000000000000, 0.000000000000000000, -8.031127203596333067E-17 ) ) ;
#7 = EDGE_CURVE ( 'NONE', #3599, #8571, #6788, .T. ) ;
#8 = LINE ( 'NONE', #4005, #6088 ) ;
#9 = DIRECTION ( 'NONE',  ( 4.034240641806509359E-15, -0.000000000000000000, 1.000000000000000000 ) ) ;
#10 = DIRECTION ( 'NONE',  ( -0.000000000000000000, 1.000000000000000000, -0.000000000000000000 ) ) ;
#11 = VECTOR ( 'NONE', #6498, 1000.000000000000000 ) ;
#12 = PLANE ( 'NONE',  #5374 ) ;
#13 = DIRECTION ( 'NONE',  ( 0.000000000000000000, 0.000000000000000000, 1.000000000000000000 ) ) ;
#14 = ORIENTED_EDGE ( 'NONE', *, *, #1251, .T. ) ;
#15 = DIRECTION ( 'NONE',  ( -1.000000000000000000, 0.000000000000000000, -3.942553354492744024E-16 ) ) ;
#16 = EDGE_LOOP ( 'NONE', ( #5491, #8216, #1885, #2767 ) ) ;
#17 = DIRECTION ( 'NONE',  ( -0.000000000000000000, -1.000000000000000000, 0.000000000000000000 ) ) ;
#18 = VERTEX_POINT ( 'NONE', #4169 ) ;
#19 = ADVANCED_FACE ( 'NONE', ( #780 ), #4906, .F. ) ;
#20 = ORIENTED_EDGE ( 'NONE', *, *, #4520, .F. ) ;
#21 = LINE ( 'NONE', #6923, #9062 ) ;
#22 = CIRCLE ( 'NONE', #5291, 1.315000000000000169 ) ;
#23 = PLANE ( 'NONE',  #5770 ) ;
#24 = DIRECTION ( 'NONE',  ( 2.710505431213764536E-16, 0.000000000000000000, -1.000000000000000000 ) ) ;
#25 = ORIENTED_EDGE ( 'NONE', *, *, #5054, .F. ) ;
#26 = CARTESIAN_POINT ( 'NONE',  ( -1.444999999999999618, 0.3200000000000000067, 1.199999999999997735 ) ) ;
#27 = ORIENTED_EDGE ( 'NONE', *, *, #2862, .T. ) ;
#28 = DIRECTION ( 'NONE',  ( -0.000000000000000000, -1.000000000000000000, 0.000000000000000000 ) ) ;
#29 = MANIFOLD_SOLID_BREP ( 'Boss-Extrude5', #3664 ) ;
#30 = DIRECTION ( 'NONE',  ( -0.000000000000000000, -1.000000000000000000, -0.000000000000000000 ) ) ;
#31 = CARTESIAN_POINT ( 'NONE',  ( 1.624999999999999778, 0.02499999999999984873, -0.3999999999999999667 ) ) ;
#32 = ORIENTED_EDGE ( 'NONE', *, *, #8846, .F. ) ;
#33 = AXIS2_PLACEMENT_3D ( 'NONE', #8018, #5296, #7555 ) ;
#34 = EDGE_CURVE ( 'NONE', #7247, #9080, #6593, .T. ) ;
#35 = VERTEX_POINT ( 'NONE', #5870 ) ;
#36 = LINE ( 'NONE', #5381, #2913 ) ;
#37 = FACE_OUTER_BOUND ( 'NONE', #1942, .T. ) ;
#38 = DIRECTION ( 'NONE',  ( 0.000000000000000000, 1.000000000000000000, 0.000000000000000000 ) ) ;
#39 = PRESENTATION_LAYER_ASSIGNMENT (  '', '', ( #4061 ) ) ;
#40 = LINE ( 'NONE', #7955, #3021 ) ;
#41 = VERTEX_POINT ( 'NONE', #6963 ) ;
#42 = PLANE ( 'NONE',  #8395 ) ;
#43 = CARTESIAN_POINT ( 'NONE',  ( 1.624999999999999778, 0.02500000000000000139, 0.4000000000000008549 ) ) ;
#44 = ORIENTED_EDGE ( 'NONE', *, *, #1697, .T. ) ;
#45 = CARTESIAN_POINT ( 'NONE',  ( 1.124999999999999778, 0.3400000000000000244, -1.534381519444566244 ) ) ;
#46 = CARTESIAN_POINT ( 'NONE',  ( 1.414999999999999147, 0.3000000000000000444, 1.445000000000000728 ) ) ;
#47 = AXIS2_PLACEMENT_3D ( 'NONE', #8568, #8740, #3769 ) ;
#48 = CARTESIAN_POINT ( 'NONE',  ( -1.625000000000000222, 0.000000000000000000, -0.4000000000000010214 ) ) ;
#49 = ORIENTED_EDGE ( 'NONE', *, *, #1053, .T. ) ;
#50 = VECTOR ( 'NONE', #7880, 1000.000000000000000 ) ;
#51 = LINE ( 'NONE', #5299, #2965 ) ;
#52 = LINE ( 'NONE', #4318, #6076 ) ;
#53 = VERTEX_POINT ( 'NONE', #616 ) ;
#54 = PLANE ( 'NONE',  #5676 ) ;
#55 = ORIENTED_EDGE ( 'NONE', *, *, #7183, .T. ) ;
#56 = ORIENTED_EDGE ( 'NONE', *, *, #3026, .T. ) ;
#57 = DIRECTION ( 'NONE',  ( -1.000000000000000000, 0.000000000000000000, -7.885106708985486076E-16 ) ) ;
#58 = PLANE ( 'NONE',  #7031 ) ;
#59 = ORIENTED_EDGE ( 'NONE', *, *, #6755, .F. ) ;
#60 = FACE_OUTER_BOUND ( 'NONE', #5185, .T. ) ;
#61 = DIRECTION ( 'NONE',  ( -0.000000000000000000, -1.000000000000000000, -0.000000000000000000 ) ) ;
#62 = FACE_OUTER_BOUND ( 'NONE', #1947, .T. ) ;
#63 = AXIS2_PLACEMENT_3D ( 'NONE', #5466, #7596, #1457 ) ;
#64 = CARTESIAN_POINT ( 'NONE',  ( 0.3999999999999991340, 0.05000000000000000278, 0.9500000000000008438 ) ) ;
#65 = LINE ( 'NONE', #7084, #9049 ) ;
#66 = CARTESIAN_POINT ( 'NONE',  ( -1.625000000000003775, 0.3200000000000000067, 0.3999999999999832023 ) ) ;
#67 = DIRECTION ( 'NONE',  ( 1.000000000000000000, 0.000000000000000000, -1.971276677246371765E-16 ) ) ;
#68 = AXIS2_PLACEMENT_3D ( 'NONE', #532, #1314, #6763 ) ;
#69 = ORIENTED_EDGE ( 'NONE', *, *, #7052, .F. ) ;
#70 = VERTEX_POINT ( 'NONE', #8457 ) ;
#71 = ADVANCED_FACE ( 'NONE', ( #732 ), #3792, .T. ) ;
#72 = DIRECTION ( 'NONE',  ( -2.344220913482167712E-16, 0.000000000000000000, -1.000000000000000000 ) ) ;
#73 = VERTEX_POINT ( 'NONE', #5953 ) ;
#74 = CARTESIAN_POINT ( 'NONE',  ( 0.000000000000000000, 0.000000000000000000, 0.000000000000000000 ) ) ;
#75 = EDGE_LOOP ( 'NONE', ( #7760, #1622, #1603, #2209 ) ) ;
#76 = VECTOR ( 'NONE', #3000, 1000.000000000000000 ) ;
#77 = LINE ( 'NONE', #3613, #116 ) ;
#78 = AXIS2_PLACEMENT_3D ( 'NONE', #3862, #1751, #2563 ) ;
#79 = CARTESIAN_POINT ( 'NONE',  ( -0.9499999999999981792, 0.000000000000000000, 1.499999999999998668 ) ) ;
#80 = CARTESIAN_POINT ( 'NONE',  ( 1.464381519444564850, 0.2999999999999999889, 1.464381519444567070 ) ) ;
#81 = DIRECTION ( 'NONE',  ( -0.7660444431189800119, 0.000000000000000000, -0.6427876096865369204 ) ) ;
#82 = ORIENTED_EDGE ( 'NONE', *, *, #1928, .F. ) ;
#83 = EDGE_CURVE ( 'NONE', #8553, #3960, #3612, .T. ) ;
#84 = CARTESIAN_POINT ( 'NONE',  ( -0.4000000000000007438, 0.05000000000000000278, 0.9500000000000010658 ) ) ;
#85 = ORIENTED_EDGE ( 'NONE', *, *, #3708, .T. ) ;
#86 = ADVANCED_FACE ( 'NONE', ( #6814 ), #942, .F. ) ;
#87 = EDGE_LOOP ( 'NONE', ( #5308, #7604, #2345, #1340, #7274, #4345, #6841, #5060, #8458, #2458, #4265, #8475 ) ) ;
#88 = VECTOR ( 'NONE', #1583, 1000.000000000000000 ) ;
#89 = VECTOR ( 'NONE', #7259, 1000.000000000000000 ) ;
#90 = CARTESIAN_POINT ( 'NONE',  ( 1.444999999999998286, 0.3000000000000000444, 1.199999999999999512 ) ) ;
#91 = CARTESIAN_POINT ( 'NONE',  ( 1.624999999999998446, 0.3200000000000000067, 0.4000000000000059064 ) ) ;
#92 = LINE ( 'NONE', #5196, #9112 ) ;
#93 = ORIENTED_EDGE ( 'NONE', *, *, #7439, .T. ) ;
#94 = EDGE_CURVE ( 'NONE', #1709, #5230, #748, .T. ) ;
#95 = CARTESIAN_POINT ( 'NONE',  ( -1.625000000000000222, 0.3400000000000000244, 1.625000000000000000 ) ) ;
#96 = VERTEX_POINT ( 'NONE', #5265 ) ;
#97 = CARTESIAN_POINT ( 'NONE',  ( 1.464381519444564850, 0.3000000000000000444, 1.464381519444567070 ) ) ;
#98 = EDGE_CURVE ( 'NONE', #576, #2496, #3623, .T. ) ;
#99 = DIRECTION ( 'NONE',  ( 9.856383386231857595E-17, -0.000000000000000000, 1.000000000000000000 ) ) ;
#100 = AXIS2_PLACEMENT_3D ( 'NONE', #501, #9024, #6202 ) ;
#101 = CARTESIAN_POINT ( 'NONE',  ( 1.534381519444564690, 0.3000000000000000444, -1.124999999999998668 ) ) ;
#102 = ORIENTED_EDGE ( 'NONE', *, *, #8608, .F. ) ;
#103 = LINE ( 'NONE', #8639, #9081 ) ;
#104 = FACE_OUTER_BOUND ( 'NONE', #8313, .T. ) ;
#105 = VECTOR ( 'NONE', #698, 1000.000000000000000 ) ;
#106 = DIRECTION ( 'NONE',  ( -7.885106708985488048E-16, 0.000000000000000000, 1.000000000000000000 ) ) ;
#107 = VERTEX_POINT ( 'NONE', #1011 ) ;
#108 = VERTEX_POINT ( 'NONE', #5733 ) ;
#109 = CARTESIAN_POINT ( 'NONE',  ( 0.9499999999999989564, 0.02500000000000000139, 1.625000000000000888 ) ) ;
#110 = EDGE_CURVE ( 'NONE', #2318, #4548, #3813, .T. ) ;
#111 = ORIENTED_EDGE ( 'NONE', *, *, #7245, .T. ) ;
#112 = TOROIDAL_SURFACE ( 'NONE', #3125, 1.459999999999999964, 0.03999999999999999389 ) ;
#113 = FACE_OUTER_BOUND ( 'NONE', #2326, .T. ) ;
#114 = DIRECTION ( 'NONE',  ( -1.000000000000000000, -0.000000000000000000, 9.637352644315586861E-16 ) ) ;
#115 = DIRECTION ( 'NONE',  ( 0.000000000000000000, -1.000000000000000000, 0.000000000000000000 ) ) ;
#116 = VECTOR ( 'NONE', #157, 1000.000000000000000 ) ;
#117 = DIRECTION ( 'NONE',  ( -0.000000000000000000, 1.000000000000000000, -0.000000000000000000 ) ) ;
#118 = CARTESIAN_POINT ( 'NONE',  ( -0.5350000000000001421, 0.02500000000000000139, 0.5299999999999999156 ) ) ;
#119 = ADVANCED_FACE ( 'NONE', ( #581 ), #8712, .T. ) ;
#120 = EDGE_CURVE ( 'NONE', #6173, #41, #3659, .T. ) ;
#121 = DIRECTION ( 'NONE',  ( -0.000000000000000000, 1.000000000000000000, -0.000000000000000000 ) ) ;
#122 = VERTEX_POINT ( 'NONE', #2445 ) ;
#123 = DIRECTION ( 'NONE',  ( 0.000000000000000000, -0.000000000000000000, 1.000000000000000000 ) ) ;
#124 = ORIENTED_EDGE ( 'NONE', *, *, #3954, .F. ) ;
#125 = ORIENTED_EDGE ( 'NONE', *, *, #6984, .F. ) ;
#126 = LINE ( 'NONE', #1327, #6368 ) ;
#127 = VECTOR ( 'NONE', #5371, 1000.000000000000000 ) ;
#128 = VECTOR ( 'NONE', #6821, 1000.000000000000000 ) ;
#129 = CARTESIAN_POINT ( 'NONE',  ( 1.464381519444564628, 0.3200000000000000067, -1.464381519444566182 ) ) ;
#130 = ORIENTED_EDGE ( 'NONE', *, *, #1099, .T. ) ;
#131 = AXIS2_PLACEMENT_3D ( 'NONE', #5278, #6929, #8705 ) ;
#132 = EDGE_CURVE ( 'NONE', #8584, #5230, #596, .T. ) ;
#133 = CARTESIAN_POINT ( 'NONE',  ( -1.625000000000000222, 0.000000000000000000, -1.625000000000000000 ) ) ;
#134 = DIRECTION ( 'NONE',  ( 0.000000000000000000, 0.000000000000000000, -1.000000000000000000 ) ) ;
#135 = ADVANCED_FACE ( 'NONE', ( #7121 ), #8545, .F. ) ;
#136 = DIRECTION ( 'NONE',  ( 1.000000000000000000, -0.000000000000000000, -8.031127203596329369E-17 ) ) ;
#137 = ORIENTED_EDGE ( 'NONE', *, *, #364, .F. ) ;
#138 = ORIENTED_EDGE ( 'NONE', *, *, #3454, .F. ) ;
#139 = VECTOR ( 'NONE', #3489, 1000.000000000000000 ) ;
#140 = LINE ( 'NONE', #3146, #160 ) ;
#141 = CARTESIAN_POINT ( 'NONE',  ( -1.500000000000001332, 0.000000000000000000, 0.3999999999999983569 ) ) ;
#142 = EDGE_CURVE ( 'NONE', #3268, #5203, #1127, .T. ) ;
#143 = DIRECTION ( 'NONE',  ( 0.000000000000000000, -1.000000000000000000, 0.000000000000000000 ) ) ;
#144 = LINE ( 'NONE', #5729, #355 ) ;
#145 = VERTEX_POINT ( 'NONE', #177 ) ;
#146 = AXIS2_PLACEMENT_3D ( 'NONE', #2548, #6769, #426 ) ;
#147 = DIRECTION ( 'NONE',  ( -1.000000000000000000, 0.000000000000000000, 0.000000000000000000 ) ) ;
#148 = PRESENTATION_LAYER_ASSIGNMENT (  '', '', ( #928 ) ) ;
#149 = DIRECTION ( 'NONE',  ( 0.000000000000000000, -1.000000000000000000, 0.000000000000000000 ) ) ;
#150 = EDGE_CURVE ( 'NONE', #406, #6332, #6898, .T. ) ;
#151 = ORIENTED_EDGE ( 'NONE', *, *, #8019, .F. ) ;
#152 = PLANE ( 'NONE',  #1247 ) ;
#153 = CARTESIAN_POINT ( 'NONE',  ( 0.9499999999999996225, 1.556154042586614050, -0.3999999999999999112 ) ) ;
#154 = EDGE_CURVE ( 'NONE', #4231, #5437, #852, .T. ) ;
#155 = CARTESIAN_POINT ( 'NONE',  ( -1.523359773658216287, 0.3200000000000000067, 0.3999999999999842570 ) ) ;
#156 = ADVANCED_FACE ( 'NONE', ( #838 ), #6627, .T. ) ;
#157 = DIRECTION ( 'NONE',  ( -8.031127203596333067E-17, -0.000000000000000000, -1.000000000000000000 ) ) ;
#158 = VERTEX_POINT ( 'NONE', #7388 ) ;
#159 = CIRCLE ( 'NONE', #146, 1.524999999999999911 ) ;
#160 = VECTOR ( 'NONE', #1632, 1000.000000000000000 ) ;
#161 = VECTOR ( 'NONE', #4595, 1000.000000000000000 ) ;
#162 = EDGE_CURVE ( 'NONE', #3550, #1204, #1057, .T. ) ;
#163 = CARTESIAN_POINT ( 'NONE',  ( 0.4000000000000008549, 0.000000000000000000, 1.625000000000000888 ) ) ;
#164 = ORIENTED_EDGE ( 'NONE', *, *, #8275, .F. ) ;
#165 = AXIS2_PLACEMENT_3D ( 'NONE', #1897, #2437, #1088 ) ;
#166 = EDGE_LOOP ( 'NONE', ( #6079, #8433, #7188, #5597 ) ) ;
#167 = CARTESIAN_POINT ( 'NONE',  ( 0.000000000000000000, 0.05000000000000000278, 0.000000000000000000 ) ) ;
#168 = ORIENTED_EDGE ( 'NONE', *, *, #3975, .F. ) ;
#169 = LINE ( 'NONE', #5511, #208 ) ;
#170 = CARTESIAN_POINT ( 'NONE',  ( -0.5350000000000001421, 1.556154042586614050, 0.5299999999999999156 ) ) ;
#171 = CIRCLE ( 'NONE', #3805, 0.1375000000000000389 ) ;
#172 = CARTESIAN_POINT ( 'NONE',  ( -0.5350000000000001421, 0.05000000000000000278, 0.5299999999999999156 ) ) ;
#173 = FACE_OUTER_BOUND ( 'NONE', #2761, .T. ) ;
#174 = CARTESIAN_POINT ( 'NONE',  ( 1.624999999999999778, 0.02500000000000000139, -0.3999999999999999667 ) ) ;
#175 = CARTESIAN_POINT ( 'NONE',  ( 0.3999999999999993006, 0.000000000000000000, 1.500000000000000666 ) ) ;
#176 = ORIENTED_EDGE ( 'NONE', *, *, #1157, .T. ) ;
#177 = CARTESIAN_POINT ( 'NONE',  ( -1.335000000000000187, 0.3200000000000000067, -1.472500000000000142 ) ) ;
#178 = EDGE_LOOP ( 'NONE', ( #888, #137, #2800, #661 ) ) ;
#179 = SURFACE_STYLE_USAGE ( .BOTH. , #3638 ) ;
#180 = ORIENTED_EDGE ( 'NONE', *, *, #3708, .F. ) ;
#181 = LINE ( 'NONE', #3846, #6439 ) ;
#182 = VECTOR ( 'NONE', #4232, 1000.000000000000000 ) ;
#183 = LINE ( 'NONE', #4879, #584 ) ;
#184 =( NAMED_UNIT ( * ) PLANE_ANGLE_UNIT ( ) SI_UNIT ( $, .RADIAN. ) );
#185 = CARTESIAN_POINT ( 'NONE',  ( 1.199999999999999734, 0.3200000000000000067, -1.444999999999999840 ) ) ;
#186 = ADVANCED_FACE ( 'NONE', ( #4133 ), #4121, .T. ) ;
#187 = DIRECTION ( 'NONE',  ( 0.000000000000000000, 0.000000000000000000, -1.000000000000000000 ) ) ;
#188 = ORIENTED_EDGE ( 'NONE', *, *, #1319, .F. ) ;
#189 = CARTESIAN_POINT ( 'NONE',  ( -0.3999999999999990230, 0.02500000000000000139, -1.625000000000000000 ) ) ;
#190 = DIRECTION ( 'NONE',  ( -5.421010862427529073E-16, 0.000000000000000000, 1.000000000000000000 ) ) ;
#191 = VERTEX_POINT ( 'NONE', #3152 ) ;
#192 = VERTEX_POINT ( 'NONE', #8100 ) ;
#193 = LINE ( 'NONE', #5397, #3444 ) ;
#194 = LINE ( 'NONE', #1992, #310 ) ;
#195 = CARTESIAN_POINT ( 'NONE',  ( 1.199999999999999956, 0.3200000000000000067, 1.445000000000000728 ) ) ;
#196 = EDGE_CURVE ( 'NONE', #5325, #1370, #7106, .T. ) ;
#197 = VECTOR ( 'NONE', #3500, 1000.000000000000000 ) ;
#198 = ORIENTED_EDGE ( 'NONE', *, *, #1319, .T. ) ;
#199 = ADVANCED_FACE ( 'NONE', ( #6918 ), #8780, .T. ) ;
#200 = CARTESIAN_POINT ( 'NONE',  ( 0.9499999999999989564, 0.02500000000000000139, 1.500000000000000666 ) ) ;
#201 = ORIENTED_EDGE ( 'NONE', *, *, #3477, .F. ) ;
#202 = CARTESIAN_POINT ( 'NONE',  ( -1.415000000000000480, 0.3400000000000000244, 1.414999999999998925 ) ) ;
#203 = DIRECTION ( 'NONE',  ( 0.6427876096865370315, 0.000000000000000000, 0.7660444431189799008 ) ) ;
#204 = EDGE_CURVE ( 'NONE', #4354, #2496, #866, .T. ) ;
#205 = DIRECTION ( 'NONE',  ( 0.000000000000000000, 1.000000000000000000, 0.000000000000000000 ) ) ;
#206 = CARTESIAN_POINT ( 'NONE',  ( -1.534381519444566022, 0.3200000000000000067, 1.124999999999997780 ) ) ;
#207 = ORIENTED_EDGE ( 'NONE', *, *, #1788, .T. ) ;
#208 = VECTOR ( 'NONE', #2604, 1000.000000000000000 ) ;
#209 = CIRCLE ( 'NONE', #8135, 0.03000000000000007869 ) ;
#210 = FACE_OUTER_BOUND ( 'NONE', #2569, .T. ) ;
#211 = PLANE ( 'NONE',  #1745 ) ;
#212 = DIRECTION ( 'NONE',  ( 0.000000000000000000, 0.000000000000000000, -1.000000000000000000 ) ) ;
#213 = ORIENTED_EDGE ( 'NONE', *, *, #839, .F. ) ;
#214 = EDGE_CURVE ( 'NONE', #1204, #3303, #822, .T. ) ;
#215 = VERTEX_POINT ( 'NONE', #4395 ) ;
#216 = ADVANCED_FACE ( 'NONE', ( #7133 ), #2333, .F. ) ;
#217 = PLANE ( 'NONE',  #1236 ) ;
#218 = ORIENTED_EDGE ( 'NONE', *, *, #7335, .F. ) ;
#219 = LINE ( 'NONE', #3503, #389 ) ;
#220 = DIRECTION ( 'NONE',  ( -0.000000000000000000, -1.000000000000000000, -0.000000000000000000 ) ) ;
#221 = DIRECTION ( 'NONE',  ( 0.000000000000000000, 1.000000000000000000, 0.000000000000000000 ) ) ;
#222 = LINE ( 'NONE', #6719, #3382 ) ;
#223 = CARTESIAN_POINT ( 'NONE',  ( -1.534381519444566022, 0.3000000000000000444, 1.124999999999997780 ) ) ;
#224 = CARTESIAN_POINT ( 'NONE',  ( -1.624999999999995559, 0.3200000000000000067, -0.4000000000000168421 ) ) ;
#225 = VERTEX_POINT ( 'NONE', #7128 ) ;
#226 = EDGE_CURVE ( 'NONE', #3153, #8866, #1074, .T. ) ;
#227 = ORIENTED_EDGE ( 'NONE', *, *, #3158, .F. ) ;
#228 = DIRECTION ( 'NONE',  ( 4.034240641806509359E-15, 0.000000000000000000, -1.000000000000000000 ) ) ;
#229 = AXIS2_PLACEMENT_3D ( 'NONE', #1037, #3929, #7436 ) ;
#230 = VERTEX_POINT ( 'NONE', #2896 ) ;
#231 = VECTOR ( 'NONE', #6721, 1000.000000000000000 ) ;
#232 = LINE ( 'NONE', #8117, #3291 ) ;
#233 = EDGE_CURVE ( 'NONE', #8150, #6318, #3911, .T. ) ;
#234 = LINE ( 'NONE', #7524, #379 ) ;
#235 = PLANE ( 'NONE',  #3112 ) ;
#236 = AXIS2_PLACEMENT_3D ( 'NONE', #5914, #1501, #721 ) ;
#237 = DIRECTION ( 'NONE',  ( 0.000000000000000000, -1.000000000000000000, 0.000000000000000000 ) ) ;
#238 = EDGE_LOOP ( 'NONE', ( #6869, #6865, #7739, #3443 ) ) ;
#239 = DIRECTION ( 'NONE',  ( 4.034240641806509359E-15, 0.000000000000000000, 1.000000000000000000 ) ) ;
#240 = EDGE_CURVE ( 'NONE', #337, #1963, #6867, .T. ) ;
#241 = ORIENTED_EDGE ( 'NONE', *, *, #8818, .T. ) ;
#242 = ORIENTED_EDGE ( 'NONE', *, *, #724, .T. ) ;
#243 = VECTOR ( 'NONE', #754, 1000.000000000000000 ) ;
#244 = AXIS2_PLACEMENT_3D ( 'NONE', #1527, #861, #5817 ) ;
#245 = VECTOR ( 'NONE', #6007, 1000.000000000000000 ) ;
#246 = AXIS2_PLACEMENT_3D ( 'NONE', #6002, #3893, #3050 ) ;
#247 = EDGE_CURVE ( 'NONE', #5964, #7665, #6945, .T. ) ;
#248 = ORIENTED_EDGE ( 'NONE', *, *, #2995, .F. ) ;
#249 = DIRECTION ( 'NONE',  ( -1.000000000000000000, 0.000000000000000000, 9.856383386231856362E-17 ) ) ;
#250 = CARTESIAN_POINT ( 'NONE',  ( -1.625000000000000222, 0.000000000000000000, -0.4000000000000010214 ) ) ;
#251 = ORIENTED_EDGE ( 'NONE', *, *, #6278, .T. ) ;
#252 = CARTESIAN_POINT ( 'NONE',  ( 0.000000000000000000, 1.555277818615441232, -1.099999999999999867 ) ) ;
#253 = DIRECTION ( 'NONE',  ( 1.000000000000000000, 0.000000000000000000, -2.710505431213760592E-16 ) ) ;
#254 = CARTESIAN_POINT ( 'NONE',  ( 0.9499999999999999556, 0.05000000000000000278, 0.7000000000000005107 ) ) ;
#255 = ORIENTED_EDGE ( 'NONE', *, *, #3228, .F. ) ;
#256 = VECTOR ( 'NONE', #3402, 1000.000000000000000 ) ;
#257 = VECTOR ( 'NONE', #7406, 1000.000000000000000 ) ;
#258 = DIRECTION ( 'NONE',  ( -2.710505431213761578E-16, -0.000000000000000000, 1.000000000000000000 ) ) ;
#259 = VECTOR ( 'NONE', #4663, 1000.000000000000000 ) ;
#260 = PRESENTATION_LAYER_ASSIGNMENT (  '', '', ( #5694 ) ) ;
#261 = CARTESIAN_POINT ( 'NONE',  ( -1.625000000000000222, 0.3400000000000000244, 1.625000000000000000 ) ) ;
#262 = CARTESIAN_POINT ( 'NONE',  ( 1.836970198721029688E-16, 1.920000000000000151, 1.500000000000000000 ) ) ;
#263 = ORIENTED_EDGE ( 'NONE', *, *, #938, .F. ) ;
#264 = EDGE_CURVE ( 'NONE', #5052, #145, #6928, .T. ) ;
#265 = ADVANCED_FACE ( 'NONE', ( #6962 ), #1109, .T. ) ;
#266 = EDGE_CURVE ( 'NONE', #7984, #3581, #926, .T. ) ;
#267 = ORIENTED_EDGE ( 'NONE', *, *, #1717, .T. ) ;
#268 = CARTESIAN_POINT ( 'NONE',  ( -0.3999999999999990230, 0.000000000000000000, -1.625000000000000000 ) ) ;
#269 = ORIENTED_EDGE ( 'NONE', *, *, #6850, .T. ) ;
#270 = LINE ( 'NONE', #1075, #6252 ) ;
#271 = CARTESIAN_POINT ( 'NONE',  ( -1.335000000000000187, 0.3400000000000000244, -1.334999999999999964 ) ) ;
#272 = LINE ( 'NONE', #1537, #3249 ) ;
#273 = DIRECTION ( 'NONE',  ( -0.000000000000000000, -1.000000000000000000, -0.000000000000000000 ) ) ;
#274 = VECTOR ( 'NONE', #7631, 1000.000000000000000 ) ;
#275 = DIRECTION ( 'NONE',  ( -2.710505431213764043E-16, 0.000000000000000000, 1.000000000000000000 ) ) ;
#276 = EDGE_LOOP ( 'NONE', ( #6008, #6936, #9028, #860 ) ) ;
#277 = DIRECTION ( 'NONE',  ( -0.6427876096865371425, 0.000000000000000000, -0.7660444431189800119 ) ) ;
#278 = EDGE_CURVE ( 'NONE', #7329, #3770, #7175, .T. ) ;
#279 = ORIENTED_EDGE ( 'NONE', *, *, #6080, .F. ) ;
#280 = CARTESIAN_POINT ( 'NONE',  ( 1.534381519444564690, 0.3200000000000000067, 1.124999999999999556 ) ) ;
#281 = ADVANCED_FACE ( 'NONE', ( #3900, #898, #808, #3871 ), #3361, .T. ) ;
#282 = CARTESIAN_POINT ( 'NONE',  ( 1.499999999999998224, 0.05000000000000000278, -0.6999999999999982903 ) ) ;
#283 = EDGE_LOOP ( 'NONE', ( #8486, #2072, #8383, #4283 ) ) ;
#284 = VECTOR ( 'NONE', #8435, 999.9999999999998863 ) ;
#285 = LINE ( 'NONE', #6334, #6242 ) ;
#286 = CARTESIAN_POINT ( 'NONE',  ( 1.499999999999998446, 0.000000000000000000, -1.499999999999997780 ) ) ;
#287 =( NAMED_UNIT ( * ) SI_UNIT ( $, .STERADIAN. ) SOLID_ANGLE_UNIT ( ) );
#288 = EDGE_LOOP ( 'NONE', ( #2251, #2981, #2176, #3007 ) ) ;
#289 = DIRECTION ( 'NONE',  ( -1.000000000000000000, 0.000000000000000000, 8.031127203596333067E-17 ) ) ;
#290 = EDGE_CURVE ( 'NONE', #3328, #3592, #959, .T. ) ;
#291 = ORIENTED_EDGE ( 'NONE', *, *, #1834, .T. ) ;
#292 =( LENGTH_UNIT ( ) NAMED_UNIT ( * ) SI_UNIT ( .MILLI., .METRE. ) );
#293 = EDGE_CURVE ( 'NONE', #4524, #5976, #3930, .T. ) ;
#294 = VERTEX_POINT ( 'NONE', #3821 ) ;
#295 = VECTOR ( 'NONE', #8058, 1000.000000000000000 ) ;
#296 = AXIS2_PLACEMENT_3D ( 'NONE', #2438, #6199, #7302 ) ;
#297 = LINE ( 'NONE', #46, #6506 ) ;
#298 = CARTESIAN_POINT ( 'NONE',  ( -0.3149999999999993916, 0.000000000000000000, -0.5300000000000001377 ) ) ;
#299 = TOROIDAL_SURFACE ( 'NONE', #2290, 1.459999999999999964, 0.03999999999999999389 ) ;
#300 = UNCERTAINTY_MEASURE_WITH_UNIT (LENGTH_MEASURE( 1.000000000000000082E-05 ), #3331, 'distance_accuracy_value', 'NONE');
#301 = ORIENTED_EDGE ( 'NONE', *, *, #7411, .F. ) ;
#302 = CARTESIAN_POINT ( 'NONE',  ( -1.500000000000001554, 0.05000000000000000278, 1.499999999999998668 ) ) ;
#303 = CARTESIAN_POINT ( 'NONE',  ( -1.534381519444566022, 0.3200000000000000067, 1.124999999999997780 ) ) ;
#304 = EDGE_LOOP ( 'NONE', ( #6553, #6395, #8809, #6082 ) ) ;
#305 = CARTESIAN_POINT ( 'NONE',  ( -1.624999999999998446, 4.621194077712559078, 0.6999999999999981792 ) ) ;
#306 = CARTESIAN_POINT ( 'NONE',  ( -1.499999999999999556, 0.000000000000000000, -0.6999999999999978462 ) ) ;
#307 = EDGE_LOOP ( 'NONE', ( #873, #3935, #180, #7228 ) ) ;
#308 = CIRCLE ( 'NONE', #2379, 0.1375000000000000389 ) ;
#309 = MANIFOLD_SOLID_BREP ( 'Cut-Extrude5', #1038 ) ;
#310 = VECTOR ( 'NONE', #8984, 1000.000000000000000 ) ;
#311 = CARTESIAN_POINT ( 'NONE',  ( -0.3999999999999989675, 1.556154042586614050, -0.9500000000000001776 ) ) ;
#312 = FACE_OUTER_BOUND ( 'NONE', #1449, .T. ) ;
#313 = DIRECTION ( 'NONE',  ( 0.000000000000000000, -1.000000000000000000, 0.000000000000000000 ) ) ;
#314 = EDGE_LOOP ( 'NONE', ( #2007, #5512, #2232, #1021 ) ) ;
#315 = MECHANICAL_DESIGN_GEOMETRIC_PRESENTATION_REPRESENTATION (  '', ( #3731 ), #2011 ) ;
#316 = DIRECTION ( 'NONE',  ( -1.000000000000000000, 0.000000000000000000, -4.034240641806509359E-15 ) ) ;
#317 = EDGE_CURVE ( 'NONE', #6678, #3182, #1028, .T. ) ;
#318 = ORIENTED_EDGE ( 'NONE', *, *, #2766, .F. ) ;
#319 = AXIS2_PLACEMENT_3D ( 'NONE', #2390, #7778, #4495 ) ;
#320 = ORIENTED_EDGE ( 'NONE', *, *, #3150, .F. ) ;
#321 = VECTOR ( 'NONE', #3969, 1000.000000000000000 ) ;
#322 = CARTESIAN_POINT ( 'NONE',  ( -1.200000000000001288, 0.3000000000000000444, 1.444999999999998952 ) ) ;
#323 = VECTOR ( 'NONE', #696, 1000.000000000000000 ) ;
#324 = DIRECTION ( 'NONE',  ( -0.000000000000000000, 1.000000000000000000, -0.000000000000000000 ) ) ;
#325 = EDGE_CURVE ( 'NONE', #5249, #4234, #7323, .T. ) ;
#326 = VECTOR ( 'NONE', #8756, 1000.000000000000000 ) ;
#327 = DIRECTION ( 'NONE',  ( 0.000000000000000000, 0.000000000000000000, 1.000000000000000000 ) ) ;
#328 = DIRECTION ( 'NONE',  ( -0.000000000000000000, -1.000000000000000000, -0.000000000000000000 ) ) ;
#329 = EDGE_LOOP ( 'NONE', ( #1249, #4745, #8851, #7693 ) ) ;
#330 = DIRECTION ( 'NONE',  ( 0.000000000000000000, -0.000000000000000000, 1.000000000000000000 ) ) ;
#331 = AXIS2_PLACEMENT_3D ( 'NONE', #5805, #7867, #2906 ) ;
#332 = ADVANCED_FACE ( 'NONE', ( #1264, #1384 ), #8841, .F. ) ;
#333 = EDGE_CURVE ( 'NONE', #605, #5839, #7223, .T. ) ;
#334 = EDGE_CURVE ( 'NONE', #2719, #6650, #4417, .T. ) ;
#335 = CARTESIAN_POINT ( 'NONE',  ( 1.444999999999998286, 0.3200000000000000067, -1.199999999999998623 ) ) ;
#336 = DIRECTION ( 'NONE',  ( -0.000000000000000000, 1.000000000000000000, -0.000000000000000000 ) ) ;
#337 = VERTEX_POINT ( 'NONE', #6258 ) ;
#338 = LINE ( 'NONE', #5329, #6355 ) ;
#339 = VECTOR ( 'NONE', #2893, 1000.000000000000000 ) ;
#340 = EDGE_CURVE ( 'NONE', #6977, #5696, #4338, .T. ) ;
#341 = CARTESIAN_POINT ( 'NONE',  ( -1.625000000000001110, 0.3200000000000000067, 1.624999999999999112 ) ) ;
#342 = CARTESIAN_POINT ( 'NONE',  ( 0.000000000000000000, 0.8500000000000000888, -1.314999999999999725 ) ) ;
#343 = VERTEX_POINT ( 'NONE', #1096 ) ;
#344 = CARTESIAN_POINT ( 'NONE',  ( 1.625000000000001110, 0.3200000000000000067, -0.3999999999999941380 ) ) ;
#345 = SURFACE_STYLE_USAGE ( .BOTH. , #2521 ) ;
#346 = CARTESIAN_POINT ( 'NONE',  ( 0.4000000000000008549, 0.000000000000000000, 1.500000000000000444 ) ) ;
#347 = AXIS2_PLACEMENT_3D ( 'NONE', #8364, #3496, #2204 ) ;
#348 = AXIS2_PLACEMENT_3D ( 'NONE', #998, #7969, #4475 ) ;
#349 = EDGE_CURVE ( 'NONE', #5815, #4124, #4390, .T. ) ;
#350 = ADVANCED_FACE ( 'NONE', ( #4221 ), #4559, .T. ) ;
#351 = ORIENTED_EDGE ( 'NONE', *, *, #7762, .F. ) ;
#352 = LINE ( 'NONE', #7782, #3364 ) ;
#353 = VECTOR ( 'NONE', #6391, 1000.000000000000000 ) ;
#354 = CARTESIAN_POINT ( 'NONE',  ( 0.9499999999999985123, 0.02500000000000000139, -1.499999999999998224 ) ) ;
#355 = VECTOR ( 'NONE', #1439, 1000.000000000000000 ) ;
#356 = ORIENTED_EDGE ( 'NONE', *, *, #2180, .F. ) ;
#357 = CARTESIAN_POINT ( 'NONE',  ( 1.500000000000000000, 0.05000000000000000278, 0.7000000000000003997 ) ) ;
#358 = DIRECTION ( 'NONE',  ( -0.000000000000000000, 0.000000000000000000, -1.000000000000000000 ) ) ;
#359 = DIRECTION ( 'NONE',  ( 2.710505431213761085E-16, -0.000000000000000000, 1.000000000000000000 ) ) ;
#360 = AXIS2_PLACEMENT_3D ( 'NONE', #6822, #6880, #1260 ) ;
#361 = CARTESIAN_POINT ( 'NONE',  ( -0.9499999999999995115, 0.05000000000000000278, -0.6999999999999979572 ) ) ;
#362 = DIRECTION ( 'NONE',  ( 3.039819175193002819E-16, 0.000000000000000000, -1.000000000000000000 ) ) ;
#363 = DIRECTION ( 'NONE',  ( 1.000000000000000000, 0.000000000000000000, 0.000000000000000000 ) ) ;
#364 = EDGE_CURVE ( 'NONE', #3303, #3960, #4239, .T. ) ;
#365 = ORIENTED_EDGE ( 'NONE', *, *, #3511, .F. ) ;
#366 = LINE ( 'NONE', #906, #3432 ) ;
#367 = VECTOR ( 'NONE', #4065, 1000.000000000000000 ) ;
#368 = DIRECTION ( 'NONE',  ( -1.000000000000000000, 0.000000000000000000, 2.710505431213761578E-16 ) ) ;
#369 = VECTOR ( 'NONE', #117, 1000.000000000000000 ) ;
#370 = EDGE_CURVE ( 'NONE', #6608, #9042, #7459, .T. ) ;
#371 = CARTESIAN_POINT ( 'NONE',  ( -0.9500000000000009548, 0.02500000000000000139, -0.4000000000000007994 ) ) ;
#372 = ORIENTED_EDGE ( 'NONE', *, *, #2459, .F. ) ;
#373 = CARTESIAN_POINT ( 'NONE',  ( 0.000000000000000000, 0.05000000000000000278, 0.000000000000000000 ) ) ;
#374 = CARTESIAN_POINT ( 'NONE',  ( 0.9499999999999985123, 0.000000000000000000, -1.625000000000000000 ) ) ;
#375 = ORIENTED_EDGE ( 'NONE', *, *, #3150, .T. ) ;
#376 = LINE ( 'NONE', #5034, #6487 ) ;
#377 = CARTESIAN_POINT ( 'NONE',  ( 1.534381519444564690, 0.2999999999999999889, -1.124999999999998668 ) ) ;
#378 = FILL_AREA_STYLE ('',( #2676 ) ) ;
#379 = VECTOR ( 'NONE', #8309, 1000.000000000000000 ) ;
#380 = CARTESIAN_POINT ( 'NONE',  ( -0.5350000000000001421, 4.621194077712559078, 0.5299999999999999156 ) ) ;
#381 = DIRECTION ( 'NONE',  ( 0.000000000000000000, 0.000000000000000000, -1.000000000000000000 ) ) ;
#382 = ORIENTED_EDGE ( 'NONE', *, *, #7936, .T. ) ;
#383 = AXIS2_PLACEMENT_3D ( 'NONE', #757, #2253, #6605 ) ;
#384 = DIRECTION ( 'NONE',  ( 0.000000000000000000, 1.000000000000000000, 0.000000000000000000 ) ) ;
#385 = AXIS2_PLACEMENT_3D ( 'NONE', #7612, #4998, #8229 ) ;
#386 = DIRECTION ( 'NONE',  ( 0.000000000000000000, -1.000000000000000000, 0.000000000000000000 ) ) ;
#387 = CARTESIAN_POINT ( 'NONE',  ( -0.5350000000000001421, 0.02499999999999984873, 0.5299999999999999156 ) ) ;
#388 = EDGE_LOOP ( 'NONE', ( #6723, #5070 ) ) ;
#389 = VECTOR ( 'NONE', #5569, 1000.000000000000000 ) ;
#390 = LINE ( 'NONE', #4708, #3304 ) ;
#391 = EDGE_CURVE ( 'NONE', #915, #5757, #4323, .T. ) ;
#392 = LINE ( 'NONE', #6124, #245 ) ;
#393 = DIRECTION ( 'NONE',  ( -0.000000000000000000, 0.000000000000000000, 1.000000000000000000 ) ) ;
#394 = CARTESIAN_POINT ( 'NONE',  ( 1.444999999999998286, 0.3000000000000000444, -1.199999999999998623 ) ) ;
#395 = VERTEX_POINT ( 'NONE', #3190 ) ;
#396 = EDGE_CURVE ( 'NONE', #8240, #3101, #4304, .T. ) ;
#397 = CARTESIAN_POINT ( 'NONE',  ( -0.5350000000000001421, 1.556154042586614050, 0.5299999999999999156 ) ) ;
#398 = DIRECTION ( 'NONE',  ( 1.000000000000000000, 0.000000000000000000, 0.000000000000000000 ) ) ;
#399 = EDGE_CURVE ( 'NONE', #1229, #3045, #1307, .T. ) ;
#400 = DIRECTION ( 'NONE',  ( 0.000000000000000000, 0.000000000000000000, 1.000000000000000000 ) ) ;
#401 = ADVANCED_FACE ( 'NONE', ( #4479 ), #6148, .T. ) ;
#402 = CARTESIAN_POINT ( 'NONE',  ( -0.5349999999999999201, 0.02500000000000000139, -0.3100000000000000533 ) ) ;
#403 = CARTESIAN_POINT ( 'NONE',  ( 1.124999999999999778, 0.2999999999999999889, -1.534381519444566244 ) ) ;
#404 = UNCERTAINTY_MEASURE_WITH_UNIT (LENGTH_MEASURE( 1.000000000000000082E-05 ), #2855, 'distance_accuracy_value', 'NONE');
#405 = EDGE_CURVE ( 'NONE', #2736, #7326, #7490, .T. ) ;
#406 = VERTEX_POINT ( 'NONE', #1222 ) ;
#407 = VECTOR ( 'NONE', #968, 1000.000000000000000 ) ;
#408 = FACE_OUTER_BOUND ( 'NONE', #726, .T. ) ;
#409 = PRESENTATION_LAYER_ASSIGNMENT (  '', '', ( #628 ) ) ;
#410 = DIRECTION ( 'NONE',  ( -1.000000000000000000, 0.000000000000000000, -5.421010862427528086E-16 ) ) ;
#411 = VECTOR ( 'NONE', #327, 1000.000000000000000 ) ;
#412 = EDGE_LOOP ( 'NONE', ( #4279, #1591, #8110, #2259 ) ) ;
#413 = ORIENTED_EDGE ( 'NONE', *, *, #4520, .T. ) ;
#414 = DIRECTION ( 'NONE',  ( -1.000000000000000000, 0.000000000000000000, 4.015563601798169738E-16 ) ) ;
#415 = DIRECTION ( 'NONE',  ( 1.000000000000000000, -0.000000000000000000, -0.000000000000000000 ) ) ;
#416 = CARTESIAN_POINT ( 'NONE',  ( -0.4000000000000113465, 0.3400000000000000244, 1.624999999999997558 ) ) ;
#417 = CARTESIAN_POINT ( 'NONE',  ( 1.499999999999999778, 0.000000000000000000, -0.3999999999999999667 ) ) ;
#418 = DIRECTION ( 'NONE',  ( -0.000000000000000000, 1.000000000000000000, -0.000000000000000000 ) ) ;
#419 = ADVANCED_FACE ( 'NONE', ( #1326 ), #4760, .F. ) ;
#420 = AXIS2_PLACEMENT_3D ( 'NONE', #7946, #2579, #6103 ) ;
#421 = DIRECTION ( 'NONE',  ( -9.856383386231857595E-17, 0.000000000000000000, -1.000000000000000000 ) ) ;
#422 = VERTEX_POINT ( 'NONE', #2525 ) ;
#423 = EDGE_CURVE ( 'NONE', #2010, #8061, #7235, .T. ) ;
#424 = LINE ( 'NONE', #834, #3596 ) ;
#425 = AXIS2_PLACEMENT_3D ( 'NONE', #2509, #7543, #330 ) ;
#426 = DIRECTION ( 'NONE',  ( 0.000000000000000000, 0.000000000000000000, -1.000000000000000000 ) ) ;
#427 = ORIENTED_EDGE ( 'NONE', *, *, #7696, .F. ) ;
#428 = CARTESIAN_POINT ( 'NONE',  ( 1.624999999999999778, 0.000000000000000000, -0.3999999999999999667 ) ) ;
#429 = DIRECTION ( 'NONE',  ( -0.000000000000000000, 1.000000000000000000, -0.000000000000000000 ) ) ;
#430 = EDGE_LOOP ( 'NONE', ( #5898, #4196, #5072, #1504 ) ) ;
#431 = LINE ( 'NONE', #5678, #3484 ) ;
#432 = CARTESIAN_POINT ( 'NONE',  ( -0.3999999999999989675, 1.556154042586614050, -0.9500000000000001776 ) ) ;
#433 = FACE_OUTER_BOUND ( 'NONE', #623, .T. ) ;
#434 = CARTESIAN_POINT ( 'NONE',  ( 1.444999999999999174, 0.3200000000000000067, 1.415000000000000480 ) ) ;
#435 = AXIS2_PLACEMENT_3D ( 'NONE', #3211, #4012, #5549 ) ;
#436 = VECTOR ( 'NONE', #4682, 1000.000000000000000 ) ;
#437 = PLANE ( 'NONE',  #889 ) ;
#438 = PLANE ( 'NONE',  #6052 ) ;
#439 = EDGE_CURVE ( 'NONE', #122, #4050, #4377, .T. ) ;
#440 = CARTESIAN_POINT ( 'NONE',  ( 0.4000000000000000222, 0.000000000000000000, -0.9499999999999999556 ) ) ;
#441 = ORIENTED_EDGE ( 'NONE', *, *, #6969, .F. ) ;
#442 = DIRECTION ( 'NONE',  ( -0.000000000000000000, -1.000000000000000000, -0.000000000000000000 ) ) ;
#443 = CARTESIAN_POINT ( 'NONE',  ( 0.000000000000000000, 2.500000000000000444, 0.000000000000000000 ) ) ;
#444 = CARTESIAN_POINT ( 'NONE',  ( 1.199999999999999956, 0.3400000000000000244, 1.445000000000000728 ) ) ;
#445 = EDGE_LOOP ( 'NONE', ( #2428, #5206, #4191, #2400 ) ) ;
#446 = VERTEX_POINT ( 'NONE', #5433 ) ;
#447 = LINE ( 'NONE', #8848, #509 ) ;
#448 = LINE ( 'NONE', #7107, #6356 ) ;
#449 = VECTOR ( 'NONE', #6254, 1000.000000000000000 ) ;
#450 = AXIS2_PLACEMENT_3D ( 'NONE', #6004, #1723, #3165 ) ;
#451 = CARTESIAN_POINT ( 'NONE',  ( 0.9499999999999996225, 0.05000000000000000278, -0.3999999999999999112 ) ) ;
#452 = ADVANCED_FACE ( 'NONE', ( #7418 ), #8352, .F. ) ;
#453 =( NAMED_UNIT ( * ) PLANE_ANGLE_UNIT ( ) SI_UNIT ( $, .RADIAN. ) );
#454 = EDGE_LOOP ( 'NONE', ( #5660, #8711, #3740, #2904 ) ) ;
#455 = EDGE_CURVE ( 'NONE', #6802, #6587, #1140, .T. ) ;
#456 = CARTESIAN_POINT ( 'NONE',  ( -0.9499999999999978462, 0.000000000000000000, 0.6999999999999988454 ) ) ;
#457 = PLANE ( 'NONE',  #3992 ) ;
#458 = CARTESIAN_POINT ( 'NONE',  ( 1.867586368699713573E-16, 0.3400000000000000244, 1.524999999999999911 ) ) ;
#459 = ORIENTED_EDGE ( 'NONE', *, *, #1730, .F. ) ;
#460 = ORIENTED_EDGE ( 'NONE', *, *, #6272, .F. ) ;
#461 = LINE ( 'NONE', #3812, #3699 ) ;
#462 = PRESENTATION_STYLE_ASSIGNMENT (( #7041 ) ) ;
#463 = CARTESIAN_POINT ( 'NONE',  ( 0.5349999999999999201, 0.05000000000000034972, -0.5299999999999998046 ) ) ;
#464 = CARTESIAN_POINT ( 'NONE',  ( 1.125000000000000222, 0.3000000000000000444, 1.534381519444567132 ) ) ;
#465 = FACE_OUTER_BOUND ( 'NONE', #5958, .T. ) ;
#466 = EDGE_LOOP ( 'NONE', ( #6486, #1190, #6811, #3233 ) ) ;
#467 = AXIS2_PLACEMENT_3D ( 'NONE', #8813, #8366, #6820 ) ;
#468 = DIRECTION ( 'NONE',  ( 0.000000000000000000, -0.000000000000000000, -1.000000000000000000 ) ) ;
#469 = EDGE_CURVE ( 'NONE', #6808, #7125, #7446, .T. ) ;
#470 = CARTESIAN_POINT ( 'NONE',  ( 1.464381519444564628, 0.3200000000000000067, -1.534381519444566244 ) ) ;
#471 = ADVANCED_FACE ( 'NONE', ( #1425 ), #1403, .F. ) ;
#472 = DIRECTION ( 'NONE',  ( 1.000000000000000000, 0.000000000000000000, 8.031127203596331834E-17 ) ) ;
#473 = CARTESIAN_POINT ( 'NONE',  ( -1.624999999999998446, 0.02500000000000000139, 0.6999999999999981792 ) ) ;
#474 =( NAMED_UNIT ( * ) PLANE_ANGLE_UNIT ( ) SI_UNIT ( $, .RADIAN. ) );
#475 = VERTEX_POINT ( 'NONE', #6747 ) ;
#476 = CARTESIAN_POINT ( 'NONE',  ( 0.4000000000000001887, 0.000000000000000000, -1.499999999999999778 ) ) ;
#477 = CARTESIAN_POINT ( 'NONE',  ( 0.9499999999999987343, 0.000000000000000000, 0.6999999999999992895 ) ) ;
#478 = ORIENTED_EDGE ( 'NONE', *, *, #2980, .F. ) ;
#479 = FACE_OUTER_BOUND ( 'NONE', #1016, .T. ) ;
#480 = VECTOR ( 'NONE', #7540, 1000.000000000000000 ) ;
#481 = DIRECTION ( 'NONE',  ( -1.000000000000000000, 0.000000000000000000, -4.015563601798169738E-16 ) ) ;
#482 = VERTEX_POINT ( 'NONE', #2401 ) ;
#483 = CARTESIAN_POINT ( 'NONE',  ( 1.444999999999998286, 0.3400000000000000244, -1.199999999999998623 ) ) ;
#484 = VERTEX_POINT ( 'NONE', #1845 ) ;
#485 = EDGE_CURVE ( 'NONE', #5976, #7077, #1295, .T. ) ;
#486 = ADVANCED_FACE ( 'NONE', ( #4468 ), #2580, .F. ) ;
#487 = DIRECTION ( 'NONE',  ( 1.000000000000000000, -0.000000000000000000, 0.000000000000000000 ) ) ;
#488 = EDGE_CURVE ( 'NONE', #2698, #2093, #4347, .T. ) ;
#489 = ORIENTED_EDGE ( 'NONE', *, *, #4810, .T. ) ;
#490 = VERTEX_POINT ( 'NONE', #344 ) ;
#491 = FACE_OUTER_BOUND ( 'NONE', #1106, .T. ) ;
#492 = DIRECTION ( 'NONE',  ( -1.224646799147349509E-16, 0.000000000000000000, -1.000000000000000000 ) ) ;
#493 = AXIS2_PLACEMENT_3D ( 'NONE', #818, #937, #7902 ) ;
#494 = ORIENTED_EDGE ( 'NONE', *, *, #4936, .T. ) ;
#495 = VECTOR ( 'NONE', #2559, 1000.000000000000000 ) ;
#496 = DIRECTION ( 'NONE',  ( 1.000000000000000000, 0.000000000000000000, -0.000000000000000000 ) ) ;
#497 = DIRECTION ( 'NONE',  ( 1.120041072401411474E-14, 0.000000000000000000, -1.000000000000000000 ) ) ;
#498 = EDGE_CURVE ( 'NONE', #5489, #6180, #4430, .T. ) ;
#499 = CARTESIAN_POINT ( 'NONE',  ( 0.9499999999999982903, 0.04999999999999991257, -0.6999999999999984013 ) ) ;
#500 = VERTEX_POINT ( 'NONE', #4639 ) ;
#501 = CARTESIAN_POINT ( 'NONE',  ( 0.000000000000000000, 0.000000000000000000, 0.000000000000000000 ) ) ;
#502 = DIRECTION ( 'NONE',  ( 0.000000000000000000, -0.000000000000000000, 1.000000000000000000 ) ) ;
#503 = EDGE_LOOP ( 'NONE', ( #5298, #4615, #8266, #9102 ) ) ;
#504 = EDGE_CURVE ( 'NONE', #3263, #7125, #7292, .T. ) ;
#505 = DIRECTION ( 'NONE',  ( 0.000000000000000000, 0.000000000000000000, 1.000000000000000000 ) ) ;
#506 = CARTESIAN_POINT ( 'NONE',  ( -1.534381519444566022, 0.3000000000000000444, 1.124999999999997780 ) ) ;
#507 = ORIENTED_EDGE ( 'NONE', *, *, #6850, .F. ) ;
#508 = ORIENTED_EDGE ( 'NONE', *, *, #6667, .F. ) ;
#509 = VECTOR ( 'NONE', #5290, 1000.000000000000000 ) ;
#510 = ORIENTED_EDGE ( 'NONE', *, *, #7856, .T. ) ;
#511 = EDGE_CURVE ( 'NONE', #4057, #6757, #7250, .T. ) ;
#512 = VECTOR ( 'NONE', #3354, 1000.000000000000000 ) ;
#513 = CARTESIAN_POINT ( 'NONE',  ( 0.5349999999999999201, 0.02500000000000000139, -0.5299999999999998046 ) ) ;
#514 = CARTESIAN_POINT ( 'NONE',  ( -0.9499999999999995115, 0.05000000000000000278, -0.6999999999999979572 ) ) ;
#515 = ORIENTED_EDGE ( 'NONE', *, *, #3256, .T. ) ;
#516 = DIRECTION ( 'NONE',  ( -1.000000000000000000, -0.000000000000000000, -3.212450881438524845E-16 ) ) ;
#517 = EDGE_CURVE ( 'NONE', #4234, #739, #1342, .T. ) ;
#518 = DIRECTION ( 'NONE',  ( 0.000000000000000000, 1.000000000000000000, -0.000000000000000000 ) ) ;
#519 = ORIENTED_EDGE ( 'NONE', *, *, #7453, .F. ) ;
#520 = EDGE_LOOP ( 'NONE', ( #3868, #4067, #6988, #4456, #4848, #6920, #7891, #7962 ) ) ;
#521 = LINE ( 'NONE', #3456, #6651 ) ;
#522 = ORIENTED_EDGE ( 'NONE', *, *, #4172, .F. ) ;
#523 = DIRECTION ( 'NONE',  ( 0.000000000000000000, 0.000000000000000000, -1.000000000000000000 ) ) ;
#524 = EDGE_CURVE ( 'NONE', #7536, #8584, #1356, .T. ) ;
#525 = ADVANCED_FACE ( 'NONE', ( #1401 ), #3089, .F. ) ;
#526 = VERTEX_POINT ( 'NONE', #3201 ) ;
#527 = AXIS2_PLACEMENT_3D ( 'NONE', #2926, #570, #2185 ) ;
#528 = ORIENTED_EDGE ( 'NONE', *, *, #2375, .T. ) ;
#529 = DIRECTION ( 'NONE',  ( -1.000000000000000000, 0.000000000000000000, -7.885106708985488048E-16 ) ) ;
#530 = CARTESIAN_POINT ( 'NONE',  ( -0.3149999999999993916, 0.05000000000000000278, -0.5300000000000001377 ) ) ;
#531 = EDGE_CURVE ( 'NONE', #786, #2010, #1201, .T. ) ;
#532 = CARTESIAN_POINT ( 'NONE',  ( 0.000000000000000000, 2.500000000000000444, 0.000000000000000000 ) ) ;
#533 = EDGE_CURVE ( 'NONE', #2692, #631, #4281, .T. ) ;
#534 = DIRECTION ( 'NONE',  ( 0.000000000000000000, 0.000000000000000000, -1.000000000000000000 ) ) ;
#535 =( GEOMETRIC_REPRESENTATION_CONTEXT ( 3 ) GLOBAL_UNCERTAINTY_ASSIGNED_CONTEXT ( ( #7367 ) ) GLOBAL_UNIT_ASSIGNED_CONTEXT ( ( #292, #3881, #5375 ) ) REPRESENTATION_CONTEXT ( 'NONE', 'WORKASPACE' ) );
#536 = ORIENTED_EDGE ( 'NONE', *, *, #7415, .F. ) ;
#537 = CARTESIAN_POINT ( 'NONE',  ( 1.624999999999999778, 0.3400000000000000244, 1.625000000000000000 ) ) ;
#538 = PLANE ( 'NONE',  #6819 ) ;
#539 = ORIENTED_EDGE ( 'NONE', *, *, #1624, .T. ) ;
#540 = LINE ( 'NONE', #2035, #644 ) ;
#541 = DIRECTION ( 'NONE',  ( -0.000000000000000000, -1.000000000000000000, -0.000000000000000000 ) ) ;
#542 = VERTEX_POINT ( 'NONE', #6578 ) ;
#543 = CARTESIAN_POINT ( 'NONE',  ( -1.624999999999998446, 0.02499999999999984873, 0.6999999999999981792 ) ) ;
#544 = ADVANCED_FACE ( 'NONE', ( #7432 ), #3374, .T. ) ;
#545 = AXIS2_PLACEMENT_3D ( 'NONE', #4051, #6205, #8970 ) ;
#546 = EDGE_CURVE ( 'NONE', #7493, #2337, #1219, .T. ) ;
#547 = DIRECTION ( 'NONE',  ( -0.6427876096865359212, 0.000000000000000000, -0.7660444431189809000 ) ) ;
#548 = ORIENTED_EDGE ( 'NONE', *, *, #2843, .T. ) ;
#549 = ORIENTED_EDGE ( 'NONE', *, *, #1788, .F. ) ;
#550 = LINE ( 'NONE', #1695, #3622 ) ;
#551 = CARTESIAN_POINT ( 'NONE',  ( -0.9499999999999998446, 0.000000000000000000, -1.625000000000000000 ) ) ;
#552 = CARTESIAN_POINT ( 'NONE',  ( -0.5350000000000001421, 0.05000000000000000278, 0.5299999999999999156 ) ) ;
#553 = DIRECTION ( 'NONE',  ( 1.000000000000000000, 0.000000000000000000, -0.000000000000000000 ) ) ;
#554 = LINE ( 'NONE', #1971, #6669 ) ;
#555 = CARTESIAN_POINT ( 'NONE',  ( 0.3999999999999999667, 0.02500000000000000139, -1.625000000000000000 ) ) ;
#556 = DIRECTION ( 'NONE',  ( 0.000000000000000000, 1.000000000000000000, 0.000000000000000000 ) ) ;
#557 = ORIENTED_EDGE ( 'NONE', *, *, #4841, .F. ) ;
#558 = DIRECTION ( 'NONE',  ( 1.000000000000000000, 0.000000000000000000, 2.710505431213761578E-16 ) ) ;
#559 = VERTEX_POINT ( 'NONE', #5537 ) ;
#560 = CARTESIAN_POINT ( 'NONE',  ( 0.9499999999999996225, 4.621194077712559078, -0.3999999999999999112 ) ) ;
#561 = CARTESIAN_POINT ( 'NONE',  ( -0.9500000000000012879, 0.000000000000000000, 0.6999999999999988454 ) ) ;
#562 = AXIS2_PLACEMENT_3D ( 'NONE', #6084, #8445, #2164 ) ;
#563 = ADVANCED_FACE ( 'NONE', ( #4193, #1156 ), #4706, .T. ) ;
#564 = DIRECTION ( 'NONE',  ( 0.000000000000000000, 0.000000000000000000, -1.000000000000000000 ) ) ;
#565 = ORIENTED_EDGE ( 'NONE', *, *, #6648, .T. ) ;
#566 = EDGE_CURVE ( 'NONE', #2641, #343, #4208, .T. ) ;
#567 = ORIENTED_EDGE ( 'NONE', *, *, #6375, .T. ) ;
#568 = FACE_OUTER_BOUND ( 'NONE', #6579, .T. ) ;
#569 = VECTOR ( 'NONE', #8389, 1000.000000000000000 ) ;
#570 = DIRECTION ( 'NONE',  ( 1.000000000000000000, 0.000000000000000000, -3.516331370223249842E-16 ) ) ;
#571 = CARTESIAN_POINT ( 'NONE',  ( 1.624999999999999778, 4.621194077712559078, -0.3999999999999999667 ) ) ;
#572 = ORIENTED_EDGE ( 'NONE', *, *, #4729, .T. ) ;
#573 = CARTESIAN_POINT ( 'NONE',  ( 0.9499999999999987343, 0.000000000000000000, 0.6999999999999992895 ) ) ;
#574 = FILL_AREA_STYLE ('',( #8855 ) ) ;
#575 = PLANE ( 'NONE',  #705 ) ;
#576 = VERTEX_POINT ( 'NONE', #6852 ) ;
#577 = EDGE_LOOP ( 'NONE', ( #4771, #4692, #8941, #2817 ) ) ;
#578 = ORIENTED_EDGE ( 'NONE', *, *, #7, .T. ) ;
#579 = VECTOR ( 'NONE', #6437, 1000.000000000000000 ) ;
#580 = CARTESIAN_POINT ( 'NONE',  ( 0.9499999999999987343, 0.02500000000000000139, 0.6999999999999992895 ) ) ;
#581 = FACE_OUTER_BOUND ( 'NONE', #5138, .T. ) ;
#582 = CARTESIAN_POINT ( 'NONE',  ( 0.000000000000000000, 0.7700000000000000178, 0.000000000000000000 ) ) ;
#583 = EDGE_CURVE ( 'NONE', #559, #8467, #7278, .T. ) ;
#584 = VECTOR ( 'NONE', #2084, 1000.000000000000000 ) ;
#585 = EDGE_LOOP ( 'NONE', ( #6967, #3828 ) ) ;
#586 = ORIENTED_EDGE ( 'NONE', *, *, #9098, .T. ) ;
#587 = CARTESIAN_POINT ( 'NONE',  ( -1.464381519444566182, 0.3000000000000000444, 1.534381519444565134 ) ) ;
#588 = DIRECTION ( 'NONE',  ( -1.000000000000000000, 0.000000000000000000, 9.856383386231857595E-17 ) ) ;
#589 = DIRECTION ( 'NONE',  ( 0.000000000000000000, 0.000000000000000000, 1.000000000000000000 ) ) ;
#590 = CARTESIAN_POINT ( 'NONE',  ( 2.168404344971008868E-16, 0.3200000000000000067, 1.575000000000000400 ) ) ;
#591 = ORIENTED_EDGE ( 'NONE', *, *, #5636, .F. ) ;
#592 = DIRECTION ( 'NONE',  ( 1.000000000000000000, 0.000000000000000000, -2.168404344971002557E-15 ) ) ;
#593 = ORIENTED_EDGE ( 'NONE', *, *, #6797, .T. ) ;
#594 = FACE_BOUND ( 'NONE', #2937, .T. ) ;
#595 = CARTESIAN_POINT ( 'NONE',  ( -0.4000000000000007438, 1.556154042586614050, 1.500000000000001110 ) ) ;
#596 = LINE ( 'NONE', #4446, #7024 ) ;
#597 = VECTOR ( 'NONE', #8206, 1000.000000000000000 ) ;
#598 = EDGE_CURVE ( 'NONE', #4202, #4965, #1503, .T. ) ;
#599 = ADVANCED_FACE ( 'NONE', ( #7700 ), #2168, .F. ) ;
#600 = PLANE ( 'NONE',  #1443 ) ;
#601 = ORIENTED_EDGE ( 'NONE', *, *, #1237, .T. ) ;
#602 = AXIS2_PLACEMENT_3D ( 'NONE', #6106, #1592, #5827 ) ;
#603 = DIRECTION ( 'NONE',  ( 5.333528916197197309E-16, 0.000000000000000000, 1.000000000000000000 ) ) ;
#604 = EDGE_CURVE ( 'NONE', #3212, #7493, #7717, .T. ) ;
#605 = VERTEX_POINT ( 'NONE', #3649 ) ;
#606 = VERTEX_POINT ( 'NONE', #6310 ) ;
#607 = CARTESIAN_POINT ( 'NONE',  ( -0.3999999999999990230, 0.000000000000000000, -1.500000000000000000 ) ) ;
#608 = LINE ( 'NONE', #8972, #3658 ) ;
#609 = VERTEX_POINT ( 'NONE', #4107 ) ;
#610 = CARTESIAN_POINT ( 'NONE',  ( 0.000000000000000000, 0.000000000000000000, -1.524999999999999911 ) ) ;
#611 = LINE ( 'NONE', #2613, #436 ) ;
#612 = CARTESIAN_POINT ( 'NONE',  ( 0.000000000000000000, 0.000000000000000000, 0.000000000000000000 ) ) ;
#613 = CARTESIAN_POINT ( 'NONE',  ( 1.444999999999998286, 0.3200000000000000067, 1.199999999999999512 ) ) ;
#614 = DIRECTION ( 'NONE',  ( -0.000000000000000000, 1.000000000000000000, -0.000000000000000000 ) ) ;
#615 = EDGE_LOOP ( 'NONE', ( #5518, #8607, #1566, #4970 ) ) ;
#616 = CARTESIAN_POINT ( 'NONE',  ( -0.9500000000000015099, 0.000000000000000000, 1.499999999999998890 ) ) ;
#617 = EDGE_CURVE ( 'NONE', #4524, #5856, #1754, .T. ) ;
#618 = ADVANCED_FACE ( 'NONE', ( #4664 ), #4821, .F. ) ;
#619 = MANIFOLD_SOLID_BREP ( 'Boss-Extrude4[2]', #4183 ) ;
#620 = EDGE_CURVE ( 'NONE', #8981, #3574, #7827, .T. ) ;
#621 = CARTESIAN_POINT ( 'NONE',  ( 1.444999999999999174, 0.3000000000000000444, 1.415000000000000480 ) ) ;
#622 = ORIENTED_EDGE ( 'NONE', *, *, #8380, .F. ) ;
#623 = EDGE_LOOP ( 'NONE', ( #4761, #4777, #3346, #6971 ) ) ;
#624 = FACE_OUTER_BOUND ( 'NONE', #2701, .T. ) ;
#625 = EDGE_LOOP ( 'NONE', ( #3565, #601, #7046, #4452 ) ) ;
#626 = EDGE_CURVE ( 'NONE', #3097, #809, #7769, .T. ) ;
#627 = VECTOR ( 'NONE', #8326, 1000.000000000000000 ) ;
#628 = STYLED_ITEM ( 'NONE', ( #8013 ), #945 ) ;
#629 = DIRECTION ( 'NONE',  ( 0.000000000000000000, 0.000000000000000000, -1.000000000000000000 ) ) ;
#630 = DIRECTION ( 'NONE',  ( -3.212450881438524845E-16, 0.000000000000000000, 1.000000000000000000 ) ) ;
#631 = VERTEX_POINT ( 'NONE', #673 ) ;
#632 = DIRECTION ( 'NONE',  ( 1.000000000000000000, 0.000000000000000000, -1.971276677246372012E-16 ) ) ;
#633 = CARTESIAN_POINT ( 'NONE',  ( 0.9499999999999989564, 0.02500000000000000139, 1.625000000000000888 ) ) ;
#634 = CARTESIAN_POINT ( 'NONE',  ( -0.9499999999999998446, 0.02499999999999984873, -1.625000000000000000 ) ) ;
#635 = ADVANCED_FACE ( 'NONE', ( #7786 ), #3989, .F. ) ;
#636 = ORIENTED_EDGE ( 'NONE', *, *, #3972, .F. ) ;
#637 = ORIENTED_EDGE ( 'NONE', *, *, #6058, .F. ) ;
#638 = LINE ( 'NONE', #7670, #6738 ) ;
#639 = DIRECTION ( 'NONE',  ( -1.000000000000000000, 0.000000000000000000, 2.710505431213761578E-16 ) ) ;
#640 = VECTOR ( 'NONE', #3115, 1000.000000000000000 ) ;
#641 = DIRECTION ( 'NONE',  ( 2.710505431213764043E-16, 0.000000000000000000, -1.000000000000000000 ) ) ;
#642 = AXIS2_PLACEMENT_3D ( 'NONE', #8744, #7332, #6062 ) ;
#643 = EDGE_CURVE ( 'NONE', #8690, #1931, #1602, .T. ) ;
#644 = VECTOR ( 'NONE', #30, 1000.000000000000000 ) ;
#645 = EDGE_CURVE ( 'NONE', #5036, #1151, #7843, .T. ) ;
#646 = EDGE_LOOP ( 'NONE', ( #4808, #8273, #8020, #4482, #7777, #5452, #1815, #2638 ) ) ;
#647 = CARTESIAN_POINT ( 'NONE',  ( 0.000000000000000000, 0.05000000000000000278, 0.000000000000000000 ) ) ;
#648 = CARTESIAN_POINT ( 'NONE',  ( -1.534381519444566022, 0.3400000000000000244, 1.124999999999997780 ) ) ;
#649 = CARTESIAN_POINT ( 'NONE',  ( 0.9499999999999989564, 0.02500000000000000139, 1.625000000000000888 ) ) ;
#650 = DIRECTION ( 'NONE',  ( -0.000000000000000000, -1.000000000000000000, -0.000000000000000000 ) ) ;
#651 = ORIENTED_EDGE ( 'NONE', *, *, #4402, .T. ) ;
#652 = DIRECTION ( 'NONE',  ( -1.000000000000000000, 0.000000000000000000, -2.956915015869558264E-16 ) ) ;
#653 = CARTESIAN_POINT ( 'NONE',  ( 1.624999999999999778, 4.621194077712559078, -0.3999999999999999667 ) ) ;
#654 = VERTEX_POINT ( 'NONE', #3864 ) ;
#655 = VECTOR ( 'NONE', #7641, 1000.000000000000000 ) ;
#656 = VERTEX_POINT ( 'NONE', #8336 ) ;
#657 = LINE ( 'NONE', #3797, #411 ) ;
#658 = AXIS2_PLACEMENT_3D ( 'NONE', #5955, #6187, #2490 ) ;
#659 = DIRECTION ( 'NONE',  ( 1.000000000000000000, -0.000000000000000000, 1.971276677246371519E-16 ) ) ;
#660 = AXIS2_PLACEMENT_3D ( 'NONE', #4937, #1485, #5655 ) ;
#661 = ORIENTED_EDGE ( 'NONE', *, *, #7414, .T. ) ;
#662 = AXIS2_PLACEMENT_3D ( 'NONE', #3409, #5404, #8261 ) ;
#663 = EDGE_CURVE ( 'NONE', #3733, #1894, #7545, .T. ) ;
#664 = CARTESIAN_POINT ( 'NONE',  ( -1.415000000000000480, 0.3200000000000000067, 1.444999999999998952 ) ) ;
#665 = FILL_AREA_STYLE ('',( #4348 ) ) ;
#666 = ORIENTED_EDGE ( 'NONE', *, *, #4751, .F. ) ;
#667 = ORIENTED_EDGE ( 'NONE', *, *, #2873, .T. ) ;
#668 = DIRECTION ( 'NONE',  ( 0.000000000000000000, -1.000000000000000000, 0.000000000000000000 ) ) ;
#669 = FACE_OUTER_BOUND ( 'NONE', #5767, .T. ) ;
#670 = DIRECTION ( 'NONE',  ( 0.000000000000000000, -1.000000000000000000, 0.000000000000000000 ) ) ;
#671 = EDGE_LOOP ( 'NONE', ( #2240, #8292, #5020, #6960 ) ) ;
#672 = DIRECTION ( 'NONE',  ( 0.000000000000000000, 0.000000000000000000, 1.000000000000000000 ) ) ;
#673 = CARTESIAN_POINT ( 'NONE',  ( 0.9499999999999998446, 0.000000000000000000, 0.4000000000000001332 ) ) ;
#674 = LINE ( 'NONE', #1152, #690 ) ;
#675 = CARTESIAN_POINT ( 'NONE',  ( -0.9500000000000015099, 0.05000000000000000278, 1.499999999999998890 ) ) ;
#676 = CARTESIAN_POINT ( 'NONE',  ( -0.9500000000000009548, 0.05000000000000000278, -0.4000000000000007994 ) ) ;
#677 = ADVANCED_FACE ( 'NONE', ( #1488 ), #6033, .T. ) ;
#678 = CARTESIAN_POINT ( 'NONE',  ( -1.415000000000000480, -0.2789528969834105254, 1.444999999999998952 ) ) ;
#679 = FILL_AREA_STYLE_COLOUR ( '', #9084 ) ;
#680 = VERTEX_POINT ( 'NONE', #2568 ) ;
#681 = AXIS2_PLACEMENT_3D ( 'NONE', #6974, #7680, #4246 ) ;
#682 = DIRECTION ( 'NONE',  ( -8.031127203596333067E-17, 0.000000000000000000, 1.000000000000000000 ) ) ;
#683 = CARTESIAN_POINT ( 'NONE',  ( -1.500000000000001110, 0.05000000000000000278, -0.4000000000000008549 ) ) ;
#684 = EDGE_CURVE ( 'NONE', #1521, #3808, #4736, .T. ) ;
#685 = CARTESIAN_POINT ( 'NONE',  ( -1.625000000000000222, 4.621194077712559078, -0.4000000000000010214 ) ) ;
#686 = ORIENTED_EDGE ( 'NONE', *, *, #2545, .T. ) ;
#687 = ORIENTED_EDGE ( 'NONE', *, *, #7454, .F. ) ;
#688 = LINE ( 'NONE', #2117, #3750 ) ;
#689 = ORIENTED_EDGE ( 'NONE', *, *, #5133, .F. ) ;
#690 = VECTOR ( 'NONE', #5909, 1000.000000000000000 ) ;
#691 = CARTESIAN_POINT ( 'NONE',  ( 0.3999999999999893641, 0.3400000000000000244, 1.523359773658215621 ) ) ;
#692 = CARTESIAN_POINT ( 'NONE',  ( 1.534381519444564690, -0.2789528969834105254, 1.464381519444567070 ) ) ;
#693 = ORIENTED_EDGE ( 'NONE', *, *, #2140, .T. ) ;
#694 = CARTESIAN_POINT ( 'NONE',  ( -1.534381519444566022, 0.3200000000000000067, 1.124999999999997780 ) ) ;
#695 = CARTESIAN_POINT ( 'NONE',  ( 1.125000000000000222, 0.3400000000000000244, 1.625000000000000888 ) ) ;
#696 = DIRECTION ( 'NONE',  ( -1.000000000000000000, 0.000000000000000000, 0.000000000000000000 ) ) ;
#697 = ADVANCED_FACE ( 'NONE', ( #7518 ), #2177, .T. ) ;
#698 = DIRECTION ( 'NONE',  ( 1.000000000000000000, -0.000000000000000000, -0.000000000000000000 ) ) ;
#699 = EDGE_CURVE ( 'NONE', #526, #9050, #1615, .T. ) ;
#700 = ORIENTED_EDGE ( 'NONE', *, *, #98, .T. ) ;
#701 = ORIENTED_EDGE ( 'NONE', *, *, #5182, .F. ) ;
#702 = FACE_OUTER_BOUND ( 'NONE', #4469, .T. ) ;
#703 = ORIENTED_EDGE ( 'NONE', *, *, #3606, .F. ) ;
#704 = CARTESIAN_POINT ( 'NONE',  ( 1.499999999999998446, 1.556154042586614050, -1.499999999999997780 ) ) ;
#705 = AXIS2_PLACEMENT_3D ( 'NONE', #3315, #1300, #4928 ) ;
#706 = VECTOR ( 'NONE', #8143, 1000.000000000000000 ) ;
#707 = EDGE_LOOP ( 'NONE', ( #5554, #2685, #6259, #8548 ) ) ;
#708 = DIRECTION ( 'NONE',  ( -1.000000000000000000, 0.000000000000000000, -8.031127203596334299E-17 ) ) ;
#709 = PLANE ( 'NONE',  #4888 ) ;
#710 = CARTESIAN_POINT ( 'NONE',  ( 1.624999999999999778, 0.000000000000000000, 0.4000000000000008549 ) ) ;
#711 = CARTESIAN_POINT ( 'NONE',  ( 1.444999999999999174, 0.3200000000000000067, 1.415000000000000480 ) ) ;
#712 = VERTEX_POINT ( 'NONE', #7959 ) ;
#713 = PLANE ( 'NONE',  #3038 ) ;
#714 = CARTESIAN_POINT ( 'NONE',  ( 1.444999999999998286, 0.2999999999999999889, 1.199999999999999512 ) ) ;
#715 = ORIENTED_EDGE ( 'NONE', *, *, #6489, .F. ) ;
#716 = VECTOR ( 'NONE', #2861, 1000.000000000000000 ) ;
#717 = VECTOR ( 'NONE', #5174, 1000.000000000000000 ) ;
#718 = EDGE_CURVE ( 'NONE', #1094, #4624, #1531, .T. ) ;
#719 = AXIS2_PLACEMENT_3D ( 'NONE', #8650, #6560, #67 ) ;
#720 = VECTOR ( 'NONE', #4553, 1000.000000000000000 ) ;
#721 = DIRECTION ( 'NONE',  ( 1.000000000000000000, 0.000000000000000000, -0.000000000000000000 ) ) ;
#722 = CARTESIAN_POINT ( 'NONE',  ( 0.000000000000000000, 1.960000000000000853, -1.223873726303005061 ) ) ;
#723 = VERTEX_POINT ( 'NONE', #6531 ) ;
#724 = EDGE_CURVE ( 'NONE', #2577, #6508, #7531, .T. ) ;
#725 = CARTESIAN_POINT ( 'NONE',  ( -1.624999999999998446, 0.02500000000000000139, 0.4000000000000019096 ) ) ;
#726 = EDGE_LOOP ( 'NONE', ( #4455, #55, #7701, #2322 ) ) ;
#727 = ORIENTED_EDGE ( 'NONE', *, *, #6752, .F. ) ;
#728 = DIRECTION ( 'NONE',  ( -0.000000000000000000, 1.000000000000000000, -0.000000000000000000 ) ) ;
#729 = ADVANCED_FACE ( 'NONE', ( #1517 ), #801, .T. ) ;
#730 = LINE ( 'NONE', #1409, #6973 ) ;
#731 = DIRECTION ( 'NONE',  ( 0.000000000000000000, 0.000000000000000000, -1.000000000000000000 ) ) ;
#732 = FACE_OUTER_BOUND ( 'NONE', #7507, .T. ) ;
#733 = CARTESIAN_POINT ( 'NONE',  ( -1.125000000000001332, 0.3200000000000000067, 1.534381519444565356 ) ) ;
#734 = VECTOR ( 'NONE', #2304, 1000.000000000000000 ) ;
#735 = EDGE_CURVE ( 'NONE', #107, #7157, #1587, .T. ) ;
#736 = DIRECTION ( 'NONE',  ( -0.000000000000000000, 1.000000000000000000, -0.000000000000000000 ) ) ;
#737 = DIRECTION ( 'NONE',  ( -0.000000000000000000, -1.000000000000000000, -0.000000000000000000 ) ) ;
#738 = DIRECTION ( 'NONE',  ( -0.000000000000000000, -1.000000000000000000, -0.000000000000000000 ) ) ;
#739 = VERTEX_POINT ( 'NONE', #4715 ) ;
#740 = DIRECTION ( 'NONE',  ( 0.000000000000000000, -1.000000000000000000, 0.000000000000000000 ) ) ;
#741 = AXIS2_PLACEMENT_3D ( 'NONE', #1336, #5807, #4898 ) ;
#742 = CARTESIAN_POINT ( 'NONE',  ( 0.9499999999999985123, 4.621194077712559078, -1.625000000000000000 ) ) ;
#743 = AXIS2_PLACEMENT_3D ( 'NONE', #1636, #6049, #5303 ) ;
#744 = CARTESIAN_POINT ( 'NONE',  ( 0.9499999999999989564, 0.000000000000000000, 1.500000000000000666 ) ) ;
#745 = ORIENTED_EDGE ( 'NONE', *, *, #2238, .T. ) ;
#746 = VERTEX_POINT ( 'NONE', #463 ) ;
#747 = VECTOR ( 'NONE', #1769, 1000.000000000000000 ) ;
#748 = LINE ( 'NONE', #2424, #640 ) ;
#749 = VECTOR ( 'NONE', #359, 1000.000000000000000 ) ;
#750 = DIRECTION ( 'NONE',  ( -0.000000000000000000, -1.000000000000000000, -0.000000000000000000 ) ) ;
#751 = ORIENTED_EDGE ( 'NONE', *, *, #4013, .F. ) ;
#752 = DIRECTION ( 'NONE',  ( 0.000000000000000000, 0.000000000000000000, -1.000000000000000000 ) ) ;
#753 = CARTESIAN_POINT ( 'NONE',  ( 1.624999999999999778, 0.02500000000000000139, 0.4000000000000008549 ) ) ;
#754 = DIRECTION ( 'NONE',  ( -0.000000000000000000, -1.000000000000000000, -0.000000000000000000 ) ) ;
#755 = AXIS2_PLACEMENT_3D ( 'NONE', #2369, #7231, #641 ) ;
#756 = DIRECTION ( 'NONE',  ( -1.000000000000000000, -0.000000000000000000, -2.710505431213764536E-16 ) ) ;
#757 = CARTESIAN_POINT ( 'NONE',  ( 1.125000000000000222, -0.2789528969834105254, 1.534381519444567132 ) ) ;
#758 = VERTEX_POINT ( 'NONE', #8864 ) ;
#759 = ORIENTED_EDGE ( 'NONE', *, *, #3826, .F. ) ;
#760 = CIRCLE ( 'NONE', #6194, 0.04499999999999990119 ) ;
#761 = PLANE ( 'NONE',  #4750 ) ;
#762 = ORIENTED_EDGE ( 'NONE', *, *, #370, .T. ) ;
#763 = PLANE ( 'NONE',  #8296 ) ;
#764 = VECTOR ( 'NONE', #4427, 1000.000000000000000 ) ;
#765 = ORIENTED_EDGE ( 'NONE', *, *, #2160, .F. ) ;
#766 = EDGE_CURVE ( 'NONE', #7615, #4727, #4551, .T. ) ;
#767 = CARTESIAN_POINT ( 'NONE',  ( -1.523359773658216287, 0.3200000000000000067, 0.3999999999999842570 ) ) ;
#768 = ADVANCED_FACE ( 'NONE', ( #4717 ), #2407, .F. ) ;
#769 = DIRECTION ( 'NONE',  ( 0.000000000000000000, 0.000000000000000000, 1.000000000000000000 ) ) ;
#770 = CARTESIAN_POINT ( 'NONE',  ( 1.624999999999999778, 0.02499999999999984873, -0.6999999999999981792 ) ) ;
#771 = AXIS2_PLACEMENT_3D ( 'NONE', #3296, #2677, #7730 ) ;
#772 = DIRECTION ( 'NONE',  ( 1.000000000000000000, -0.000000000000000000, 0.000000000000000000 ) ) ;
#773 = EDGE_LOOP ( 'NONE', ( #6572, #5998, #7995, #4940 ) ) ;
#774 = DIRECTION ( 'NONE',  ( 1.000000000000000000, -0.000000000000000000, 9.571576710093073577E-15 ) ) ;
#775 = DIRECTION ( 'NONE',  ( -1.000000000000000000, 0.000000000000000000, 0.000000000000000000 ) ) ;
#776 = AXIS2_PLACEMENT_3D ( 'NONE', #4547, #1741, #6778 ) ;
#777 = EDGE_CURVE ( 'NONE', #9053, #3709, #4680, .T. ) ;
#778 = VERTEX_POINT ( 'NONE', #7134 ) ;
#779 = FACE_OUTER_BOUND ( 'NONE', #5142, .T. ) ;
#780 = FACE_OUTER_BOUND ( 'NONE', #7136, .T. ) ;
#781 = ORIENTED_EDGE ( 'NONE', *, *, #546, .F. ) ;
#782 = FACE_OUTER_BOUND ( 'NONE', #6564, .T. ) ;
#783 = CARTESIAN_POINT ( 'NONE',  ( 1.125000000000000222, 0.3200000000000000067, 1.625000000000000888 ) ) ;
#784 = VERTEX_POINT ( 'NONE', #5737 ) ;
#785 = CARTESIAN_POINT ( 'NONE',  ( 0.3999999999999999667, 0.02500000000000000139, -1.499999999999999778 ) ) ;
#786 = VERTEX_POINT ( 'NONE', #7074 ) ;
#787 = AXIS2_PLACEMENT_3D ( 'NONE', #4426, #3541, #2244 ) ;
#788 = CLOSED_SHELL ( 'NONE', ( #2373, #4035, #5973, #525, #3213, #4248, #8847 ) ) ;
#789 = CARTESIAN_POINT ( 'NONE',  ( 1.464381519444564628, 0.3200000000000000067, -1.534381519444566244 ) ) ;
#790 = VECTOR ( 'NONE', #564, 1000.000000000000000 ) ;
#791 = DIRECTION ( 'NONE',  ( 0.000000000000000000, -0.000000000000000000, -1.000000000000000000 ) ) ;
#792 = DIRECTION ( 'NONE',  ( 0.7660444431189800119, -0.000000000000000000, 0.6427876096865369204 ) ) ;
#793 = EDGE_CURVE ( 'NONE', #2561, #4216, #4566, .T. ) ;
#794 = DIRECTION ( 'NONE',  ( 1.000000000000000000, 0.000000000000000000, -3.212450881438526817E-16 ) ) ;
#795 = ORIENTED_EDGE ( 'NONE', *, *, #604, .F. ) ;
#796 = VECTOR ( 'NONE', #2124, 1000.000000000000000 ) ;
#797 = CARTESIAN_POINT ( 'NONE',  ( -0.9499999999999992895, 0.000000000000000000, 0.4000000000000016320 ) ) ;
#798 = DIRECTION ( 'NONE',  ( 4.034240641806509359E-15, 0.000000000000000000, 1.000000000000000000 ) ) ;
#799 = EDGE_LOOP ( 'NONE', ( #2573, #5735, #8977, #8759, #8775, #6404, #5175, #2912 ) ) ;
#800 =( NAMED_UNIT ( * ) SI_UNIT ( $, .STERADIAN. ) SOLID_ANGLE_UNIT ( ) );
#801 = PLANE ( 'NONE',  #5208 ) ;
#802 = CARTESIAN_POINT ( 'NONE',  ( 1.464381519444564628, 0.2999999999999999889, -1.464381519444566182 ) ) ;
#803 = CARTESIAN_POINT ( 'NONE',  ( 1.624999999999999778, 0.000000000000000000, 0.6999999999999990674 ) ) ;
#804 = EDGE_LOOP ( 'NONE', ( #241, #666, #7423, #1117 ) ) ;
#805 = ORIENTED_EDGE ( 'NONE', *, *, #423, .F. ) ;
#806 = ADVANCED_FACE ( 'NONE', ( #7586 ), #3022, .T. ) ;
#807 = LINE ( 'NONE', #1293, #4054 ) ;
#808 = FACE_BOUND ( 'NONE', #5237, .T. ) ;
#809 = VERTEX_POINT ( 'NONE', #6502 ) ;
#810 = LINE ( 'NONE', #797, #6806 ) ;
#811 = EDGE_CURVE ( 'NONE', #5815, #5233, #1547, .T. ) ;
#812 = PLANE ( 'NONE',  #348 ) ;
#813 = ORIENTED_EDGE ( 'NONE', *, *, #3860, .T. ) ;
#814 = DIRECTION ( 'NONE',  ( 0.000000000000000000, 0.000000000000000000, 1.000000000000000000 ) ) ;
#815 = EDGE_CURVE ( 'NONE', #5056, #4980, #7613, .T. ) ;
#816 = DIRECTION ( 'NONE',  ( -1.013370494077467449E-14, 0.000000000000000000, 1.000000000000000000 ) ) ;
#817 = DIRECTION ( 'NONE',  ( -1.000000000000000000, 0.000000000000000000, 9.856383386231857595E-17 ) ) ;
#818 = CARTESIAN_POINT ( 'NONE',  ( 1.464381519444564850, 0.3000000000000000444, 1.534381519444567132 ) ) ;
#819 = ORIENTED_EDGE ( 'NONE', *, *, #8447, .F. ) ;
#820 = EDGE_LOOP ( 'NONE', ( #4581, #4006, #3353, #3042 ) ) ;
#821 = CARTESIAN_POINT ( 'NONE',  ( 0.000000000000000000, 0.05000000000000000278, 0.000000000000000000 ) ) ;
#822 = CIRCLE ( 'NONE', #8699, 1.575000000000000400 ) ;
#823 = DIRECTION ( 'NONE',  ( -1.000000000000000000, 0.000000000000000000, 0.000000000000000000 ) ) ;
#824 = ORIENTED_EDGE ( 'NONE', *, *, #2364, .T. ) ;
#825 = VECTOR ( 'NONE', #4996, 1000.000000000000000 ) ;
#826 = ADVANCED_FACE ( 'NONE', ( #1690 ), #6982, .F. ) ;
#827 = EDGE_CURVE ( 'NONE', #3045, #4472, #4614, .T. ) ;
#828 = EDGE_LOOP ( 'NONE', ( #1549, #6059, #2052, #3618 ) ) ;
#829 = PRODUCT ( 'BMP585', 'BMP585', '', ( #3512 ) ) ;
#830 = EDGE_CURVE ( 'NONE', #5949, #5815, #4632, .T. ) ;
#831 = PLANE ( 'NONE',  #2178 ) ;
#832 = CARTESIAN_POINT ( 'NONE',  ( 0.4000000000000000222, 1.556154042586614050, -0.9499999999999999556 ) ) ;
#833 = EDGE_LOOP ( 'NONE', ( #3884, #8017, #6812, #1142 ) ) ;
#834 = CARTESIAN_POINT ( 'NONE',  ( -1.125000000000001332, 0.3000000000000000444, 1.534381519444565356 ) ) ;
#835 = DIRECTION ( 'NONE',  ( -1.000000000000000000, -0.000000000000000000, -9.571576710093073577E-15 ) ) ;
#836 = ORIENTED_EDGE ( 'NONE', *, *, #7140, .T. ) ;
#837 = VECTOR ( 'NONE', #6322, 1000.000000000000000 ) ;
#838 = FACE_OUTER_BOUND ( 'NONE', #4832, .T. ) ;
#839 = EDGE_CURVE ( 'NONE', #6611, #1473, #1706, .T. ) ;
#840 = ORIENTED_EDGE ( 'NONE', *, *, #5515, .F. ) ;
#841 = VECTOR ( 'NONE', #5135, 1000.000000000000000 ) ;
#842 = DIRECTION ( 'NONE',  ( 1.000000000000000000, -0.000000000000000000, -5.421010862427522170E-16 ) ) ;
#843 = ORIENTED_EDGE ( 'NONE', *, *, #34, .T. ) ;
#844 = DIRECTION ( 'NONE',  ( -0.000000000000000000, -1.000000000000000000, -0.000000000000000000 ) ) ;
#845 = ADVANCED_FACE ( 'NONE', ( #1924 ), #4433, .F. ) ;
#846 = EDGE_CURVE ( 'NONE', #7219, #2074, #5128, .T. ) ;
#847 = CARTESIAN_POINT ( 'NONE',  ( 0.000000000000000000, 0.000000000000000000, 0.000000000000000000 ) ) ;
#848 = EDGE_LOOP ( 'NONE', ( #7707, #4582, #4388, #4321 ) ) ;
#849 = ORIENTED_EDGE ( 'NONE', *, *, #8592, .T. ) ;
#850 = DIRECTION ( 'NONE',  ( -1.000000000000000000, -0.000000000000000000, -1.971276677246371519E-16 ) ) ;
#851 = VECTOR ( 'NONE', #6635, 1000.000000000000000 ) ;
#852 = LINE ( 'NONE', #3131, #7161 ) ;
#853 = CARTESIAN_POINT ( 'NONE',  ( 1.500000000000000000, 0.05000000000000000278, 0.7000000000000003997 ) ) ;
#854 = AXIS2_PLACEMENT_3D ( 'NONE', #1837, #4564, #4767 ) ;
#855 = VERTEX_POINT ( 'NONE', #1600 ) ;
#856 = LINE ( 'NONE', #6494, #3888 ) ;
#857 = CARTESIAN_POINT ( 'NONE',  ( 1.498813041477518714E-16, 1.960000000000000853, 1.223873726303005061 ) ) ;
#858 = DIRECTION ( 'NONE',  ( 0.000000000000000000, -1.000000000000000000, 0.000000000000000000 ) ) ;
#859 = CARTESIAN_POINT ( 'NONE',  ( 1.347111479062088257E-16, 0.000000000000000000, 1.099999999999999867 ) ) ;
#860 = ORIENTED_EDGE ( 'NONE', *, *, #4751, .T. ) ;
#861 = DIRECTION ( 'NONE',  ( 0.000000000000000000, 0.000000000000000000, -1.000000000000000000 ) ) ;
#862 = EDGE_CURVE ( 'NONE', #4769, #8142, #2021, .T. ) ;
#863 = ORIENTED_EDGE ( 'NONE', *, *, #7472, .F. ) ;
#864 = EDGE_LOOP ( 'NONE', ( #8409, #2443, #1618, #7831, #7722, #2388, #2215, #8256, #2403, #8566, #7903, #2411 ) ) ;
#865 = VECTOR ( 'NONE', #8158, 1000.000000000000000 ) ;
#866 = LINE ( 'NONE', #4342, #6990 ) ;
#867 = EDGE_LOOP ( 'NONE', ( #5594, #2517, #8298, #4523 ) ) ;
#868 = VECTOR ( 'NONE', #6975, 1000.000000000000000 ) ;
#869 = AXIS2_PLACEMENT_3D ( 'NONE', #2570, #1035, #1103 ) ;
#870 = CARTESIAN_POINT ( 'NONE',  ( 1.499999999999999778, 0.000000000000000000, -0.3999999999999999667 ) ) ;
#871 = VECTOR ( 'NONE', #8160, 1000.000000000000000 ) ;
#872 = CARTESIAN_POINT ( 'NONE',  ( 1.500000000000000222, 0.05000000000000034972, 1.500000000000000444 ) ) ;
#873 = ORIENTED_EDGE ( 'NONE', *, *, #6272, .T. ) ;
#874 = EDGE_CURVE ( 'NONE', #8127, #5668, #4860, .T. ) ;
#875 = DIRECTION ( 'NONE',  ( -0.000000000000000000, -1.000000000000000000, -0.000000000000000000 ) ) ;
#876 = DIRECTION ( 'NONE',  ( -0.000000000000000000, -1.000000000000000000, -0.000000000000000000 ) ) ;
#877 = CARTESIAN_POINT ( 'NONE',  ( -1.445000000000000506, 0.2999999999999999889, 1.414999999999998703 ) ) ;
#878 = DIRECTION ( 'NONE',  ( 0.000000000000000000, 1.000000000000000000, -0.000000000000000000 ) ) ;
#879 = CARTESIAN_POINT ( 'NONE',  ( 1.561424668912874963E-16, 0.8500000000000004219, 1.274999999999999689 ) ) ;
#880 = EDGE_LOOP ( 'NONE', ( #7019, #5391, #8318, #2118 ) ) ;
#881 = ORIENTED_EDGE ( 'NONE', *, *, #6434, .F. ) ;
#882 = ADVANCED_FACE ( 'NONE', ( #7918 ), #5078, .T. ) ;
#883 = CIRCLE ( 'NONE', #5978, 1.574999999999999956 ) ;
#884 = CARTESIAN_POINT ( 'NONE',  ( 0.5349999999999999201, 0.04999999999999991257, -0.5299999999999998046 ) ) ;
#885 = EDGE_LOOP ( 'NONE', ( #3635, #5484, #5417, #8603 ) ) ;
#886 = CYLINDRICAL_SURFACE ( 'NONE', #4883, 0.03000000000000007869 ) ;
#887 = FACE_OUTER_BOUND ( 'NONE', #988, .T. ) ;
#888 = ORIENTED_EDGE ( 'NONE', *, *, #83, .T. ) ;
#889 = AXIS2_PLACEMENT_3D ( 'NONE', #6559, #1023, #8707 ) ;
#890 = EDGE_CURVE ( 'NONE', #8690, #1459, #4939, .T. ) ;
#891 = PLANE ( 'NONE',  #4313 ) ;
#892 = CARTESIAN_POINT ( 'NONE',  ( -1.625000000000000222, 0.3400000000000000244, -1.625000000000000000 ) ) ;
#893 = CARTESIAN_POINT ( 'NONE',  ( -0.3999999999999972466, 4.621194077712559078, 0.9500000000000010658 ) ) ;
#894 = EDGE_LOOP ( 'NONE', ( #7577, #7233, #7208, #7847 ) ) ;
#895 = PLANE ( 'NONE',  #2380 ) ;
#896 = ORIENTED_EDGE ( 'NONE', *, *, #7626, .T. ) ;
#897 = FACE_OUTER_BOUND ( 'NONE', #1124, .T. ) ;
#898 = FACE_BOUND ( 'NONE', #8190, .T. ) ;
#899 = ORIENTED_EDGE ( 'NONE', *, *, #6344, .F. ) ;
#900 = VECTOR ( 'NONE', #7458, 1000.000000000000000 ) ;
#901 = CARTESIAN_POINT ( 'NONE',  ( 0.000000000000000000, 0.05000000000000000278, 0.000000000000000000 ) ) ;
#902 = ADVANCED_FACE ( 'NONE', ( #7879 ), #211, .F. ) ;
#903 = VECTOR ( 'NONE', #7796, 1000.000000000000000 ) ;
#904 = EDGE_LOOP ( 'NONE', ( #1696, #2051 ) ) ;
#905 = AXIS2_PLACEMENT_3D ( 'NONE', #155, #816, #5946 ) ;
#906 = CARTESIAN_POINT ( 'NONE',  ( 1.625000000000001110, 0.3200000000000000067, -0.3999999999999941380 ) ) ;
#907 = EDGE_CURVE ( 'NONE', #8544, #7647, #1993, .T. ) ;
#908 = EDGE_CURVE ( 'NONE', #3581, #1873, #8051, .T. ) ;
#909 = ORIENTED_EDGE ( 'NONE', *, *, #3026, .F. ) ;
#910 = ORIENTED_EDGE ( 'NONE', *, *, #5532, .F. ) ;
#911 = CARTESIAN_POINT ( 'NONE',  ( 1.534381519444564690, 0.3200000000000000067, -1.124999999999998668 ) ) ;
#912 = LINE ( 'NONE', #2295, #837 ) ;
#913 = SURFACE_STYLE_FILL_AREA ( #7266 ) ;
#914 = DIRECTION ( 'NONE',  ( -1.000000000000000000, 0.000000000000000000, 0.000000000000000000 ) ) ;
#915 = VERTEX_POINT ( 'NONE', #3488 ) ;
#916 = LINE ( 'NONE', #7160, #764 ) ;
#917 = CARTESIAN_POINT ( 'NONE',  ( -0.3999999999999990230, 0.000000000000000000, -1.625000000000000000 ) ) ;
#918 = FACE_OUTER_BOUND ( 'NONE', #1461, .T. ) ;
#919 = ORIENTED_EDGE ( 'NONE', *, *, #6278, .F. ) ;
#920 = ADVANCED_FACE ( 'NONE', ( #1831 ), #8671, .T. ) ;
#921 = DIRECTION ( 'NONE',  ( -0.000000000000000000, -0.000000000000000000, 1.000000000000000000 ) ) ;
#922 = EDGE_CURVE ( 'NONE', #6808, #1724, #1905, .T. ) ;
#923 = ORIENTED_EDGE ( 'NONE', *, *, #4290, .T. ) ;
#924 = ORIENTED_EDGE ( 'NONE', *, *, #8147, .T. ) ;
#925 = LINE ( 'NONE', #5295, #7087 ) ;
#926 = LINE ( 'NONE', #2042, #4102 ) ;
#927 = ORIENTED_EDGE ( 'NONE', *, *, #7032, .F. ) ;
#928 = STYLED_ITEM ( 'NONE', ( #8627 ), #1363 ) ;
#929 = FACE_OUTER_BOUND ( 'NONE', #5572, .T. ) ;
#930 = CARTESIAN_POINT ( 'NONE',  ( 0.4000000000000000222, 0.000000000000000000, -0.9499999999999999556 ) ) ;
#931 = VECTOR ( 'NONE', #3937, 1000.000000000000000 ) ;
#932 = ORIENTED_EDGE ( 'NONE', *, *, #2413, .T. ) ;
#933 =( LENGTH_UNIT ( ) NAMED_UNIT ( * ) SI_UNIT ( .MILLI., .METRE. ) );
#934 = CARTESIAN_POINT ( 'NONE',  ( 1.124999999999999778, 0.3200000000000000067, -1.625000000000000000 ) ) ;
#935 = CARTESIAN_POINT ( 'NONE',  ( 2.168404344971008868E-16, 0.3200000000000000067, 4.336808689942017736E-16 ) ) ;
#936 = DIRECTION ( 'NONE',  ( 6.400234699436635982E-15, 0.000000000000000000, -1.000000000000000000 ) ) ;
#938 = EDGE_CURVE ( 'NONE', #5006, #191, #8140, .T. ) ;
#937 = DIRECTION ( 'NONE',  ( 0.000000000000000000, 0.000000000000000000, 1.000000000000000000 ) ) ;
#939 = ORIENTED_EDGE ( 'NONE', *, *, #4661, .F. ) ;
#940 = VERTEX_POINT ( 'NONE', #4518 ) ;
#941 = CYLINDRICAL_SURFACE ( 'NONE', #7330, 0.03000000000000007869 ) ;
#942 = PLANE ( 'NONE',  #1428 ) ;
#943 = CARTESIAN_POINT ( 'NONE',  ( -1.335000000000000187, 0.3200000000000000067, -1.334999999999999964 ) ) ;
#944 = VERTEX_POINT ( 'NONE', #8736 ) ;
#945 = MANIFOLD_SOLID_BREP ( 'Boss-Extrude4[6]', #3410 ) ;
#946 = LINE ( 'NONE', #9107, #6862 ) ;
#947 = ORIENTED_EDGE ( 'NONE', *, *, #7245, .F. ) ;
#948 = DIRECTION ( 'NONE',  ( 0.000000000000000000, -1.000000000000000000, -0.000000000000000000 ) ) ;
#949 = EDGE_CURVE ( 'NONE', #8758, #6981, #7862, .T. ) ;
#950 = DIRECTION ( 'NONE',  ( 0.000000000000000000, -1.000000000000000000, 0.000000000000000000 ) ) ;
#951 = AXIS2_PLACEMENT_3D ( 'NONE', #6396, #7905, #5199 ) ;
#952 = CARTESIAN_POINT ( 'NONE',  ( -0.3149999999999993916, 0.05000000000000000278, -0.5300000000000001377 ) ) ;
#953 = ORIENTED_EDGE ( 'NONE', *, *, #3655, .T. ) ;
#954 = DIRECTION ( 'NONE',  ( -0.000000000000000000, -1.000000000000000000, -0.000000000000000000 ) ) ;
#955 = DIRECTION ( 'NONE',  ( -0.000000000000000000, -1.000000000000000000, -0.000000000000000000 ) ) ;
#956 = ORIENTED_EDGE ( 'NONE', *, *, #7271, .F. ) ;
#957 = LINE ( 'NONE', #4702, #7056 ) ;
#958 = DIRECTION ( 'NONE',  ( 1.000000000000000000, 0.000000000000000000, 2.710505431213764536E-16 ) ) ;
#959 = LINE ( 'NONE', #580, #3886 ) ;
#960 = ORIENTED_EDGE ( 'NONE', *, *, #1099, .F. ) ;
#961 = CIRCLE ( 'NONE', #4204, 1.574999999999999956 ) ;
#962 = DIRECTION ( 'NONE',  ( -1.000000000000000000, 0.000000000000000000, 1.971276677246371519E-16 ) ) ;
#963 = CIRCLE ( 'NONE', #4170, 0.03000000000000007869 ) ;
#964 = EDGE_CURVE ( 'NONE', #8765, #6787, #8069, .T. ) ;
#965 = ORIENTED_EDGE ( 'NONE', *, *, #3681, .T. ) ;
#966 = DIRECTION ( 'NONE',  ( 0.000000000000000000, 1.000000000000000000, 0.000000000000000000 ) ) ;
#967 = DIRECTION ( 'NONE',  ( 2.710505431213761085E-16, -0.000000000000000000, 1.000000000000000000 ) ) ;
#968 = DIRECTION ( 'NONE',  ( 1.000000000000000000, 0.000000000000000000, 3.039819175193002819E-16 ) ) ;
#969 = AXIS2_PLACEMENT_3D ( 'NONE', #7649, #1510, #3465 ) ;
#970 = EDGE_CURVE ( 'NONE', #7196, #6802, #8122, .T. ) ;
#971 = ORIENTED_EDGE ( 'NONE', *, *, #7594, .T. ) ;
#972 = VERTEX_POINT ( 'NONE', #7047 ) ;
#973 = EDGE_LOOP ( 'NONE', ( #3645, #7474, #5887, #2661 ) ) ;
#974 = DIRECTION ( 'NONE',  ( 0.7660444431189799008, 0.000000000000000000, 0.6427876096865370315 ) ) ;
#975 = CIRCLE ( 'NONE', #7785, 1.459999999999999742 ) ;
#976 = DIRECTION ( 'NONE',  ( 0.000000000000000000, 0.000000000000000000, -1.000000000000000000 ) ) ;
#977 = CARTESIAN_POINT ( 'NONE',  ( 1.624999999999999778, 4.621194077712559078, 0.6999999999999990674 ) ) ;
#978 = ORIENTED_EDGE ( 'NONE', *, *, #1955, .F. ) ;
#979 = FACE_OUTER_BOUND ( 'NONE', #707, .T. ) ;
#980 = DIRECTION ( 'NONE',  ( 0.000000000000000000, 1.000000000000000000, 0.000000000000000000 ) ) ;
#981 = ADVANCED_FACE ( 'NONE', ( #8187 ), #5263, .T. ) ;
#982 = LINE ( 'NONE', #394, #7180 ) ;
#983 = DIRECTION ( 'NONE',  ( -0.7660444431189800119, 0.000000000000000000, 0.6427876096865369204 ) ) ;
#984 = EDGE_LOOP ( 'NONE', ( #6646, #5613, #2952, #1776 ) ) ;
#985 = DIRECTION ( 'NONE',  ( -1.000000000000000000, -0.000000000000000000, -3.212450881438524845E-16 ) ) ;
#986 = CARTESIAN_POINT ( 'NONE',  ( -1.415000000000000480, 0.3200000000000000067, 1.444999999999998952 ) ) ;
#987 = AXIS2_PLACEMENT_3D ( 'NONE', #2216, #7075, #7135 ) ;
#988 = EDGE_LOOP ( 'NONE', ( #8210, #4671, #1982, #1743 ) ) ;
#989 = PRESENTATION_LAYER_ASSIGNMENT (  '', '', ( #1675 ) ) ;
#990 = ORIENTED_EDGE ( 'NONE', *, *, #6286, .F. ) ;
#991 = TOROIDAL_SURFACE ( 'NONE', #4723, 1.314999999999999725, 0.04000000000000004940 ) ;
#992 = VECTOR ( 'NONE', #1851, 1000.000000000000000 ) ;
#993 = VERTEX_POINT ( 'NONE', #2997 ) ;
#994 = VECTOR ( 'NONE', #5945, 1000.000000000000000 ) ;
#995 = DIRECTION ( 'NONE',  ( -0.000000000000000000, -1.000000000000000000, -0.000000000000000000 ) ) ;
#996 = DIRECTION ( 'NONE',  ( 0.000000000000000000, -0.000000000000000000, 1.000000000000000000 ) ) ;
#997 = LINE ( 'NONE', #5926, #7096 ) ;
#998 = CARTESIAN_POINT ( 'NONE',  ( 0.9499999999999987343, 4.621194077712559078, 0.6999999999999992895 ) ) ;
#999 = ORIENTED_EDGE ( 'NONE', *, *, #5680, .F. ) ;
#1000 = CARTESIAN_POINT ( 'NONE',  ( -0.9499999999999992895, 0.02500000000000000139, 0.4000000000000016320 ) ) ;
#1001 = DIRECTION ( 'NONE',  ( -2.710505431213761085E-16, 0.000000000000000000, 1.000000000000000000 ) ) ;
#1002 = DIRECTION ( 'NONE',  ( -0.000000000000000000, -1.000000000000000000, 0.000000000000000000 ) ) ;
#1003 = ADVANCED_FACE ( 'NONE', ( #5062 ), #8033, .T. ) ;
#1004 = CARTESIAN_POINT ( 'NONE',  ( 1.500000000000000000, 0.04999999999999991257, 0.7000000000000003997 ) ) ;
#1005 = DIRECTION ( 'NONE',  ( -1.000000000000000000, 0.000000000000000000, -9.571576710093073577E-15 ) ) ;
#1006 = ORIENTED_EDGE ( 'NONE', *, *, #8953, .T. ) ;
#1007 = ORIENTED_EDGE ( 'NONE', *, *, #3104, .F. ) ;
#1008 = PRESENTATION_LAYER_ASSIGNMENT (  '', '', ( #6511 ) ) ;
#1009 = ORIENTED_EDGE ( 'NONE', *, *, #7439, .F. ) ;
#1010 = LINE ( 'NONE', #451, #851 ) ;
#1011 = CARTESIAN_POINT ( 'NONE',  ( -1.499999999999999778, 0.05000000000000034972, -1.499999999999997780 ) ) ;
#1012 = ORIENTED_EDGE ( 'NONE', *, *, #7911, .F. ) ;
#1013 = VECTOR ( 'NONE', #3542, 1000.000000000000000 ) ;
#1014 = DIRECTION ( 'NONE',  ( 0.000000000000000000, -1.000000000000000000, 0.000000000000000000 ) ) ;
#1015 = VECTOR ( 'NONE', #3143, 1000.000000000000000 ) ;
#1016 = EDGE_LOOP ( 'NONE', ( #6565, #1567, #4573, #7102, #3526, #1493, #3639, #7071, #1007, #3778, #1163, #3682, #4792, #939, #6882, #7691, #6367, #1224, #7312, #953, #1620, #3458, #460, #320, #7363, #4082, #3971, #4069, #6679, #6354, #4691, #715, #7020, #6311, #6504, #508, #1539, #7527, #4007, #909, #269, #1582 ) ) ;
#1017 = EDGE_CURVE ( 'NONE', #2924, #3765, #5080, .T. ) ;
#1018 = CARTESIAN_POINT ( 'NONE',  ( 0.4000000000000001887, 0.05000000000000000278, -1.499999999999999778 ) ) ;
#1019 = CARTESIAN_POINT ( 'NONE',  ( 1.125000000000000222, 0.3000000000000000444, 1.534381519444567132 ) ) ;
#1020 = DIRECTION ( 'NONE',  ( 1.000000000000000000, 0.000000000000000000, 3.942553354492743038E-16 ) ) ;
#1021 = ORIENTED_EDGE ( 'NONE', *, *, #7183, .F. ) ;
#1022 = ORIENTED_EDGE ( 'NONE', *, *, #6707, .F. ) ;
#1023 = DIRECTION ( 'NONE',  ( 1.000000000000000000, 0.000000000000000000, 0.000000000000000000 ) ) ;
#1024 = CARTESIAN_POINT ( 'NONE',  ( -1.335000000000000187, 0.000000000000000000, -1.334999999999999964 ) ) ;
#1025 = ORIENTED_EDGE ( 'NONE', *, *, #2545, .F. ) ;
#1026 = FACE_OUTER_BOUND ( 'NONE', #6377, .T. ) ;
#1027 = DIRECTION ( 'NONE',  ( -1.000000000000000000, 0.000000000000000000, -4.034240641806509359E-15 ) ) ;
#1028 = LINE ( 'NONE', #403, #1043 ) ;
#1029 = EDGE_LOOP ( 'NONE', ( #4320, #971, #5064, #5852, #6147, #2727 ) ) ;
#1030 = LINE ( 'NONE', #695, #6978 ) ;
#1031 = DIRECTION ( 'NONE',  ( 1.000000000000000000, -0.000000000000000000, 3.942553354492744024E-16 ) ) ;
#1032 = EDGE_CURVE ( 'NONE', #5253, #5631, #1975, .T. ) ;
#1033 = FACE_OUTER_BOUND ( 'NONE', #6390, .T. ) ;
#1034 = ORIENTED_EDGE ( 'NONE', *, *, #8608, .T. ) ;
#1035 = DIRECTION ( 'NONE',  ( 1.000000000000000000, 0.000000000000000000, -2.710505431213761578E-16 ) ) ;
#1036 = EDGE_CURVE ( 'NONE', #4619, #7536, #4918, .T. ) ;
#1037 = CARTESIAN_POINT ( 'NONE',  ( -1.499999999999999556, 0.05000000000000000278, -0.6999999999999978462 ) ) ;
#1038 = CLOSED_SHELL ( 'NONE', ( #5250, #3490, #2153, #7498, #6406, #4098, #5434, #6069, #9083, #8199, #7011, #8881, #281, #3844, #3671, #8006, #2791, #5356, #4382, #6208, #7938, #1830, #6726, #4285, #8685, #3863, #3302, #3356, #6791, #2886, #2392, #5535, #6119, #6561, #1125, #6276, #1063, #882, #2670, #6501, #1144, #6583, #216, #401, #6876, #4331, #2644, #2075, #2576, #5806, #5172, #1759, #2351, #332, #2319, #7092, #806, #6241, #677, #544, #7914, #4826, #8725, #4001, #119, #8429, #8351, #8465, #1424, #2968, #452, #1594, #8665, #7390, #8651, #3571, #9059, #5010, #7371, #6260, #2687, #1502, #3090, #3506, #5639, #4311, #1041, #4921, #7143, #4850, #1523, #135, #7820, #4449, #4466, #7640, #8159, #2925, #4399, #7164, #3232, #6654, #2116 ) ) ;
#1039 = ORIENTED_EDGE ( 'NONE', *, *, #815, .T. ) ;
#1040 = DIRECTION ( 'NONE',  ( -2.344220913482167712E-16, 0.000000000000000000, 1.000000000000000000 ) ) ;
#1041 = ADVANCED_FACE ( 'NONE', ( #7939 ), #5777, .F. ) ;
#1042 = VECTOR ( 'NONE', #996, 1000.000000000000000 ) ;
#1043 = VECTOR ( 'NONE', #3267, 999.9999999999998863 ) ;
#1044 = DIRECTION ( 'NONE',  ( -2.710505431213761578E-16, 0.000000000000000000, 1.000000000000000000 ) ) ;
#1045 = DIRECTION ( 'NONE',  ( 8.031127203596330602E-17, -0.000000000000000000, 1.000000000000000000 ) ) ;
#1046 = ORIENTED_EDGE ( 'NONE', *, *, #4242, .F. ) ;
#1047 = DIRECTION ( 'NONE',  ( 0.000000000000000000, -1.000000000000000000, 0.000000000000000000 ) ) ;
#1048 = TOROIDAL_SURFACE ( 'NONE', #2920, 1.223873726303005061, 0.04000000000000033390 ) ;
#1049 = PLANE ( 'NONE',  #6843 ) ;
#1050 = PRESENTATION_STYLE_ASSIGNMENT (( #1771 ) ) ;
#1051 = VERTEX_POINT ( 'NONE', #879 ) ;
#1052 = DIRECTION ( 'NONE',  ( -0.6427876096865359212, -0.000000000000000000, 0.7660444431189809000 ) ) ;
#1053 = EDGE_CURVE ( 'NONE', #7563, #6950, #5112, .T. ) ;
#1054 = AXIS2_PLACEMENT_3D ( 'NONE', #5211, #5910, #7709 ) ;
#1055 = CARTESIAN_POINT ( 'NONE',  ( 0.3999999999999993006, 0.05000000000000000278, 1.500000000000000666 ) ) ;
#1056 = VERTEX_POINT ( 'NONE', #3727 ) ;
#1057 = LINE ( 'NONE', #4465, #992 ) ;
#1058 = EDGE_CURVE ( 'NONE', #2631, #8765, #5169, .T. ) ;
#1059 = ORIENTED_EDGE ( 'NONE', *, *, #5882, .F. ) ;
#1060 = CYLINDRICAL_SURFACE ( 'NONE', #3875, 1.574999999999999956 ) ;
#1061 = CARTESIAN_POINT ( 'NONE',  ( -1.500000000000001332, 1.556154042586614050, 0.6999999999999987343 ) ) ;
#1062 = CARTESIAN_POINT ( 'NONE',  ( 1.199999999999999734, -0.2789528969834105254, -1.444999999999999840 ) ) ;
#1063 = ADVANCED_FACE ( 'NONE', ( #7992 ), #8963, .T. ) ;
#1064 = VECTOR ( 'NONE', #914, 1000.000000000000000 ) ;
#1065 = CARTESIAN_POINT ( 'NONE',  ( 0.5349999999999999201, 0.05000000000000000278, -0.5299999999999998046 ) ) ;
#1066 = ORIENTED_EDGE ( 'NONE', *, *, #439, .T. ) ;
#1067 = CARTESIAN_POINT ( 'NONE',  ( 1.534381519444564690, 0.3200000000000000067, 1.464381519444567070 ) ) ;
#1068 = CARTESIAN_POINT ( 'NONE',  ( 0.4000000000000008549, 0.02500000000000000139, 1.625000000000000888 ) ) ;
#1069 = CARTESIAN_POINT ( 'NONE',  ( -1.624999999999998446, 0.02500000000000000139, 0.6999999999999981792 ) ) ;
#1070 = CARTESIAN_POINT ( 'NONE',  ( 1.843093432716766317E-16, 0.8100000000000001643, 1.484999999999999654 ) ) ;
#1071 = EDGE_CURVE ( 'NONE', #2684, #5249, #5183, .T. ) ;
#1072 = SURFACE_STYLE_USAGE ( .BOTH. , #4598 ) ;
#1073 = ORIENTED_EDGE ( 'NONE', *, *, #5063, .T. ) ;
#1074 = LINE ( 'NONE', #7187, #1093 ) ;
#1075 = CARTESIAN_POINT ( 'NONE',  ( 1.500000000000000222, 0.05000000000000000278, 1.500000000000000444 ) ) ;
#1076 = AXIS2_PLACEMENT_3D ( 'NONE', #7869, #2284, #672 ) ;
#1077 = ORIENTED_EDGE ( 'NONE', *, *, #8254, .T. ) ;
#1078 = EDGE_CURVE ( 'NONE', #6036, #2561, #1813, .T. ) ;
#1079 = LINE ( 'NONE', #5560, #4137 ) ;
#1080 = DIRECTION ( 'NONE',  ( 1.000000000000000000, -0.000000000000000000, -3.942553354492743038E-16 ) ) ;
#1081 = EDGE_CURVE ( 'NONE', #5372, #8178, #1940, .T. ) ;
#1082 = LINE ( 'NONE', #2634, #3982 ) ;
#1083 = ORIENTED_EDGE ( 'NONE', *, *, #98, .F. ) ;
#1084 = ADVANCED_FACE ( 'NONE', ( #4990 ), #6090, .F. ) ;
#1085 = PLANE ( 'NONE',  #662 ) ;
#1086 =( NAMED_UNIT ( * ) SI_UNIT ( $, .STERADIAN. ) SOLID_ANGLE_UNIT ( ) );
#1087 =( LENGTH_UNIT ( ) NAMED_UNIT ( * ) SI_UNIT ( .MILLI., .METRE. ) );
#1088 = DIRECTION ( 'NONE',  ( 0.000000000000000000, -0.000000000000000000, -1.000000000000000000 ) ) ;
#1089 = CARTESIAN_POINT ( 'NONE',  ( -0.9500000000000011768, 1.556154042586614050, 0.3999999999999984124 ) ) ;
#1090 = VERTEX_POINT ( 'NONE', #6736 ) ;
#1091 = LINE ( 'NONE', #5608, #7205 ) ;
#1092 = CARTESIAN_POINT ( 'NONE',  ( 1.500000000000000000, 0.000000000000000000, 0.7000000000000003997 ) ) ;
#1093 = VECTOR ( 'NONE', #7854, 1000.000000000000000 ) ;
#1094 = VERTEX_POINT ( 'NONE', #1220 ) ;
#1095 = VECTOR ( 'NONE', #5502, 1000.000000000000000 ) ;
#1096 = CARTESIAN_POINT ( 'NONE',  ( 1.534381519444564690, 0.3200000000000000067, -1.464381519444566182 ) ) ;
#1097 = AXIS2_PLACEMENT_3D ( 'NONE', #3159, #3830, #3216 ) ;
#1098 = LINE ( 'NONE', #3647, #903 ) ;
#1099 = EDGE_CURVE ( 'NONE', #8668, #1051, #2079, .T. ) ;
#1100 = ORIENTED_EDGE ( 'NONE', *, *, #110, .T. ) ;
#1101 = EDGE_CURVE ( 'NONE', #5459, #915, #5525, .T. ) ;
#1102 = DIRECTION ( 'NONE',  ( 1.000000000000000000, 0.000000000000000000, -4.015563601798169738E-16 ) ) ;
#1103 = DIRECTION ( 'NONE',  ( -2.710505431213761578E-16, 0.000000000000000000, -1.000000000000000000 ) ) ;
#1104 = CARTESIAN_POINT ( 'NONE',  ( -1.464381519444566182, -0.2789528969834105254, 1.464381519444565294 ) ) ;
#1105 = EDGE_LOOP ( 'NONE', ( #5025, #4869, #8498, #1950, #7391, #2842, #1856, #7871 ) ) ;
#1106 = EDGE_LOOP ( 'NONE', ( #1506, #7037, #1778, #1172 ) ) ;
#1107 = CARTESIAN_POINT ( 'NONE',  ( 1.836970198721029934E-16, 1.649999999999999911, 1.500000000000000000 ) ) ;
#1108 = VECTOR ( 'NONE', #8930, 1000.000000000000000 ) ;
#1109 = CYLINDRICAL_SURFACE ( 'NONE', #7772, 0.06999999999999996503 ) ;
#1110 = DIRECTION ( 'NONE',  ( -0.000000000000000000, -1.000000000000000000, -0.000000000000000000 ) ) ;
#1111 = VERTEX_POINT ( 'NONE', #3923 ) ;
#1112 = DIRECTION ( 'NONE',  ( 0.000000000000000000, -1.000000000000000000, 0.000000000000000000 ) ) ;
#1113 = VECTOR ( 'NONE', #5252, 1000.000000000000000 ) ;
#1114 = CARTESIAN_POINT ( 'NONE',  ( -1.335000000000000187, 0.3400000000000000244, -1.334999999999999964 ) ) ;
#1115 = SURFACE_STYLE_FILL_AREA ( #5428 ) ;
#1116 = CARTESIAN_POINT ( 'NONE',  ( 0.9499999999999982903, 0.05000000000000000278, -0.6999999999999984013 ) ) ;
#1117 = ORIENTED_EDGE ( 'NONE', *, *, #4818, .T. ) ;
#1118 = AXIS2_PLACEMENT_3D ( 'NONE', #322, #4385, #5207 ) ;
#1119 = DIRECTION ( 'NONE',  ( 1.000000000000000000, 0.000000000000000000, -3.212450881438526817E-16 ) ) ;
#1120 = AXIS2_PLACEMENT_3D ( 'NONE', #1065, #6492, #1792 ) ;
#1121 = EDGE_CURVE ( 'NONE', #5176, #2782, #8371, .T. ) ;
#1122 = EDGE_CURVE ( 'NONE', #8093, #3425, #2307, .T. ) ;
#1123 = ORIENTED_EDGE ( 'NONE', *, *, #3403, .F. ) ;
#1124 = EDGE_LOOP ( 'NONE', ( #7489, #6777, #291, #6670 ) ) ;
#1125 = ADVANCED_FACE ( 'NONE', ( #2262 ), #2770, .T. ) ;
#1126 = LINE ( 'NONE', #8464, #1182 ) ;
#1127 = LINE ( 'NONE', #3077, #4178 ) ;
#1128 = ORIENTED_EDGE ( 'NONE', *, *, #7750, .T. ) ;
#1129 = CARTESIAN_POINT ( 'NONE',  ( -0.3999999999999973577, 0.05000000000000000278, 1.500000000000001110 ) ) ;
#1130 = PLANE ( 'NONE',  #1421 ) ;
#1131 = LINE ( 'NONE', #4459, #871 ) ;
#1132 = ORIENTED_EDGE ( 'NONE', *, *, #6667, .T. ) ;
#1133 = CARTESIAN_POINT ( 'NONE',  ( 0.9499999999999999556, 0.05000000000000000278, 0.7000000000000005107 ) ) ;
#1134 =( GEOMETRIC_REPRESENTATION_CONTEXT ( 3 ) GLOBAL_UNCERTAINTY_ASSIGNED_CONTEXT ( ( #2384 ) ) GLOBAL_UNIT_ASSIGNED_CONTEXT ( ( #9044, #3314, #1920 ) ) REPRESENTATION_CONTEXT ( 'NONE', 'WORKASPACE' ) );
#1135 = CARTESIAN_POINT ( 'NONE',  ( 0.000000000000000000, 0.000000000000000000, 0.000000000000000000 ) ) ;
#1136 = ORIENTED_EDGE ( 'NONE', *, *, #7218, .F. ) ;
#1137 = EDGE_CURVE ( 'NONE', #2329, #7533, #8562, .T. ) ;
#1138 = ORIENTED_EDGE ( 'NONE', *, *, #8418, .T. ) ;
#1139 = VECTOR ( 'NONE', #6870, 1000.000000000000000 ) ;
#1140 = LINE ( 'NONE', #2758, #1283 ) ;
#1141 = DIRECTION ( 'NONE',  ( 0.000000000000000000, -1.000000000000000000, 0.000000000000000000 ) ) ;
#1142 = ORIENTED_EDGE ( 'NONE', *, *, #7472, .T. ) ;
#1143 = CARTESIAN_POINT ( 'NONE',  ( 0.000000000000000000, 0.8500000000000004219, -1.274999999999999689 ) ) ;
#1144 = ADVANCED_FACE ( 'NONE', ( #2231 ), #8430, .T. ) ;
#1145 = VECTOR ( 'NONE', #1044, 1000.000000000000000 ) ;
#1146 = EDGE_LOOP ( 'NONE', ( #4225, #5238, #8001, #4756 ) ) ;
#1147 = CARTESIAN_POINT ( 'NONE',  ( 0.9499999999999998446, 0.05000000000000000278, 0.4000000000000001332 ) ) ;
#1148 = DIRECTION ( 'NONE',  ( -1.000000000000000000, 0.000000000000000000, 2.710505431213761085E-16 ) ) ;
#1149 = DIRECTION ( 'NONE',  ( -1.000000000000000000, -0.000000000000000000, -2.710505431213764536E-16 ) ) ;
#1150 = EDGE_CURVE ( 'NONE', #993, #940, #8386, .T. ) ;
#1151 = VERTEX_POINT ( 'NONE', #2146 ) ;
#1152 = CARTESIAN_POINT ( 'NONE',  ( 1.125000000000000222, 0.3200000000000000067, 1.625000000000000888 ) ) ;
#1153 = DIRECTION ( 'NONE',  ( 1.000000000000000000, 0.000000000000000000, 9.637352644315586861E-16 ) ) ;
#1154 = EDGE_LOOP ( 'NONE', ( #8598, #176, #8822, #8925 ) ) ;
#1155 = FACE_OUTER_BOUND ( 'NONE', #2454, .T. ) ;
#1156 = FACE_OUTER_BOUND ( 'NONE', #3325, .T. ) ;
#1157 = EDGE_CURVE ( 'NONE', #8005, #7736, #5384, .T. ) ;
#1158 = ORIENTED_EDGE ( 'NONE', *, *, #7682, .F. ) ;
#1159 = ORIENTED_EDGE ( 'NONE', *, *, #196, .F. ) ;
#1160 = VECTOR ( 'NONE', #4203, 1000.000000000000000 ) ;
#1161 = CARTESIAN_POINT ( 'NONE',  ( 0.4000000000000000222, 0.02499999999999984873, -0.9499999999999999556 ) ) ;
#1162 = LINE ( 'NONE', #3757, #4092 ) ;
#1163 = ORIENTED_EDGE ( 'NONE', *, *, #4963, .T. ) ;
#1164 = CARTESIAN_POINT ( 'NONE',  ( -1.125000000000001332, 0.3200000000000000067, 1.534381519444565356 ) ) ;
#1165 = ADVANCED_FACE ( 'NONE', ( #2530 ), #4150, .T. ) ;
#1166 = DIRECTION ( 'NONE',  ( 1.000000000000000000, 0.000000000000000000, 0.000000000000000000 ) ) ;
#1167 = EDGE_CURVE ( 'NONE', #6746, #7964, #5268, .T. ) ;
#1168 = EDGE_LOOP ( 'NONE', ( #6151, #3874, #6238, #700 ) ) ;
#1169 = CARTESIAN_POINT ( 'NONE',  ( -0.3999999999999989675, 0.000000000000000000, -0.9500000000000001776 ) ) ;
#1170 = VECTOR ( 'NONE', #2535, 1000.000000000000000 ) ;
#1171 = VECTOR ( 'NONE', #4645, 1000.000000000000000 ) ;
#1172 = ORIENTED_EDGE ( 'NONE', *, *, #278, .F. ) ;
#1173 = ORIENTED_EDGE ( 'NONE', *, *, #2417, .T. ) ;
#1174 = LINE ( 'NONE', #6657, #4197 ) ;
#1175 = EDGE_CURVE ( 'NONE', #490, #4842, #2515, .T. ) ;
#1176 = CARTESIAN_POINT ( 'NONE',  ( -1.464381519444566182, 0.2999999999999999889, 1.464381519444565294 ) ) ;
#1177 = LINE ( 'NONE', #610, #931 ) ;
#1178 = ORIENTED_EDGE ( 'NONE', *, *, #2374, .T. ) ;
#1179 = EDGE_CURVE ( 'NONE', #6931, #7533, #8612, .T. ) ;
#1180 = ORIENTED_EDGE ( 'NONE', *, *, #6476, .F. ) ;
#1181 = ORIENTED_EDGE ( 'NONE', *, *, #8869, .F. ) ;
#1182 = VECTOR ( 'NONE', #7554, 1000.000000000000000 ) ;
#1183 = VECTOR ( 'NONE', #5471, 1000.000000000000000 ) ;
#1184 = ORIENTED_EDGE ( 'NONE', *, *, #4259, .F. ) ;
#1185 = ORIENTED_EDGE ( 'NONE', *, *, #1810, .T. ) ;
#1186 = DIRECTION ( 'NONE',  ( 1.000000000000000000, 0.000000000000000000, -1.224646799147353207E-16 ) ) ;
#1187 = CARTESIAN_POINT ( 'NONE',  ( -1.200000000000001288, 0.3200000000000000067, 1.444999999999998952 ) ) ;
#1188 = CARTESIAN_POINT ( 'NONE',  ( -1.500000000000001332, 0.05000000000000000278, 0.3999999999999983569 ) ) ;
#1189 = EDGE_CURVE ( 'NONE', #6735, #2692, #2500, .T. ) ;
#1190 = ORIENTED_EDGE ( 'NONE', *, *, #4128, .F. ) ;
#1191 = DIRECTION ( 'NONE',  ( -0.000000000000000000, 1.000000000000000000, -0.000000000000000000 ) ) ;
#1192 = PLANE ( 'NONE',  #4113 ) ;
#1193 = STYLED_ITEM ( 'NONE', ( #7392 ), #8434 ) ;
#1194 = CARTESIAN_POINT ( 'NONE',  ( 0.3999999999999991340, 0.05000000000000000278, 0.9500000000000008438 ) ) ;
#1195 = SURFACE_STYLE_USAGE ( .BOTH. , #4476 ) ;
#1196 = EDGE_CURVE ( 'NONE', #6421, #2730, #5610, .T. ) ;
#1197 = VERTEX_POINT ( 'NONE', #8601 ) ;
#1198 = ORIENTED_EDGE ( 'NONE', *, *, #4172, .T. ) ;
#1199 = ADVANCED_FACE ( 'NONE', ( #8402 ), #7581, .F. ) ;
#1200 = LINE ( 'NONE', #870, #7386 ) ;
#1201 = LINE ( 'NONE', #4511, #4254 ) ;
#1202 = CARTESIAN_POINT ( 'NONE',  ( 1.124999999999999778, 0.3000000000000000444, -1.534381519444566244 ) ) ;
#1203 = VERTEX_POINT ( 'NONE', #5567 ) ;
#1204 = VERTEX_POINT ( 'NONE', #4090 ) ;
#1205 = CARTESIAN_POINT ( 'NONE',  ( 0.9499999999999982903, 0.05000000000000000278, -0.6999999999999984013 ) ) ;
#1206 = VERTEX_POINT ( 'NONE', #4955 ) ;
#1207 = EDGE_CURVE ( 'NONE', #1679, #8083, #5559, .T. ) ;
#1208 = DIRECTION ( 'NONE',  ( -0.000000000000000000, 1.000000000000000000, -0.000000000000000000 ) ) ;
#1209 = DIRECTION ( 'NONE',  ( 1.000000000000000000, 0.000000000000000000, -1.224646799147353207E-16 ) ) ;
#1210 = CARTESIAN_POINT ( 'NONE',  ( 0.3999999999999993006, 0.000000000000000000, 1.500000000000000666 ) ) ;
#1211 = AXIS2_PLACEMENT_3D ( 'NONE', #4938, #1486, #212 ) ;
#1212 = LINE ( 'NONE', #5390, #1228 ) ;
#1213 = DIRECTION ( 'NONE',  ( 0.000000000000000000, 0.000000000000000000, 1.000000000000000000 ) ) ;
#1214 = CARTESIAN_POINT ( 'NONE',  ( -1.444999999999999618, -0.2789528969834105254, 1.199999999999997735 ) ) ;
#1215 = EDGE_CURVE ( 'NONE', #96, #4275, #2218, .T. ) ;
#1216 = ORIENTED_EDGE ( 'NONE', *, *, #7696, .T. ) ;
#1217 = VECTOR ( 'NONE', #6970, 1000.000000000000000 ) ;
#1218 = CARTESIAN_POINT ( 'NONE',  ( 1.534381519444564690, 0.3400000000000000244, 1.124999999999999556 ) ) ;
#1219 = LINE ( 'NONE', #456, #1246 ) ;
#1220 = CARTESIAN_POINT ( 'NONE',  ( -0.3999999999999973022, 0.000000000000000000, 1.625000000000000888 ) ) ;
#1221 = ORIENTED_EDGE ( 'NONE', *, *, #6266, .T. ) ;
#1222 = CARTESIAN_POINT ( 'NONE',  ( 1.500000000000000000, 0.000000000000000000, 0.7000000000000003997 ) ) ;
#1223 = ADVANCED_FACE ( 'NONE', ( #5214 ), #2774, .F. ) ;
#1224 = ORIENTED_EDGE ( 'NONE', *, *, #8555, .F. ) ;
#1225 = CARTESIAN_POINT ( 'NONE',  ( 0.9499999999999999556, 1.556154042586614050, 0.7000000000000005107 ) ) ;
#1226 =( NAMED_UNIT ( * ) PLANE_ANGLE_UNIT ( ) SI_UNIT ( $, .RADIAN. ) );
#1227 = EDGE_CURVE ( 'NONE', #5720, #5859, #8641, .T. ) ;
#1228 = VECTOR ( 'NONE', #418, 1000.000000000000000 ) ;
#1229 = VERTEX_POINT ( 'NONE', #8858 ) ;
#1230 = AXIS2_PLACEMENT_3D ( 'NONE', #84, #496, #9021 ) ;
#1231 = EDGE_LOOP ( 'NONE', ( #1022, #7710, #6924, #3848, #7776 ) ) ;
#1232 = DIRECTION ( 'NONE',  ( 0.000000000000000000, -0.000000000000000000, -1.000000000000000000 ) ) ;
#1233 = LINE ( 'NONE', #4369, #7264 ) ;
#1234 = VECTOR ( 'NONE', #7556, 1000.000000000000000 ) ;
#1235 = DIRECTION ( 'NONE',  ( 0.000000000000000000, 0.000000000000000000, 1.000000000000000000 ) ) ;
#1236 = AXIS2_PLACEMENT_3D ( 'NONE', #167, #2888, #5205 ) ;
#1237 = EDGE_CURVE ( 'NONE', #2561, #7006, #8294, .T. ) ;
#1238 = CARTESIAN_POINT ( 'NONE',  ( 1.534381519444564690, 0.3000000000000000444, 1.124999999999999556 ) ) ;
#1239 = ORIENTED_EDGE ( 'NONE', *, *, #4655, .T. ) ;
#1240 = CARTESIAN_POINT ( 'NONE',  ( -0.4000000000000007438, 0.000000000000000000, 0.9500000000000010658 ) ) ;
#1241 = DIRECTION ( 'NONE',  ( 0.6427876096865369204, 0.000000000000000000, 0.7660444431189800119 ) ) ;
#1242 = ORIENTED_EDGE ( 'NONE', *, *, #2048, .T. ) ;
#1243 = ORIENTED_EDGE ( 'NONE', *, *, #1392, .F. ) ;
#1244 = ORIENTED_EDGE ( 'NONE', *, *, #517, .F. ) ;
#1245 = LINE ( 'NONE', #7892, #1367 ) ;
#1246 = VECTOR ( 'NONE', #4003, 1000.000000000000000 ) ;
#1247 = AXIS2_PLACEMENT_3D ( 'NONE', #2123, #2303, #752 ) ;
#1248 = ORIENTED_EDGE ( 'NONE', *, *, #7262, .F. ) ;
#1249 = ORIENTED_EDGE ( 'NONE', *, *, #5453, .T. ) ;
#1250 = DIRECTION ( 'NONE',  ( -1.224646799147349509E-16, 0.000000000000000000, -1.000000000000000000 ) ) ;
#1251 = EDGE_CURVE ( 'NONE', #4722, #6173, #8248, .T. ) ;
#1252 = DIRECTION ( 'NONE',  ( -1.000000000000000000, 0.000000000000000000, 9.637352644315586861E-16 ) ) ;
#1253 = CARTESIAN_POINT ( 'NONE',  ( 1.500000000000000000, 1.556154042586614050, 0.4000000000000000777 ) ) ;
#1254 = CLOSED_SHELL ( 'NONE', ( #7840, #4019, #1281, #5101, #8118, #350 ) ) ;
#1255 = CARTESIAN_POINT ( 'NONE',  ( -1.500000000000001110, 0.000000000000000000, -0.4000000000000008549 ) ) ;
#1256 = EDGE_CURVE ( 'NONE', #6318, #6931, #5542, .T. ) ;
#1257 = CARTESIAN_POINT ( 'NONE',  ( -1.625000000000000222, 0.000000000000000000, -0.6999999999999972911 ) ) ;
#1258 = DIRECTION ( 'NONE',  ( 0.7660444431189809000, 0.000000000000000000, -0.6427876096865359212 ) ) ;
#1259 = DIRECTION ( 'NONE',  ( 0.000000000000000000, 0.000000000000000000, 1.000000000000000000 ) ) ;
#1260 = DIRECTION ( 'NONE',  ( -1.000000000000000000, 0.000000000000000000, -3.039819175193002819E-16 ) ) ;
#1261 = DIRECTION ( 'NONE',  ( -0.7660444431189800119, 0.000000000000000000, 0.6427876096865371425 ) ) ;
#1262 = ORIENTED_EDGE ( 'NONE', *, *, #8138, .T. ) ;
#1263 = ORIENTED_EDGE ( 'NONE', *, *, #3310, .F. ) ;
#1264 = FACE_OUTER_BOUND ( 'NONE', #3621, .T. ) ;
#1265 = DIRECTION ( 'NONE',  ( 0.000000000000000000, 0.000000000000000000, -1.000000000000000000 ) ) ;
#1266 = EDGE_LOOP ( 'NONE', ( #6826, #4447, #4015, #4074 ) ) ;
#1267 = ORIENTED_EDGE ( 'NONE', *, *, #488, .T. ) ;
#1268 = PLANE ( 'NONE',  #2699 ) ;
#1269 = VECTOR ( 'NONE', #1532, 1000.000000000000000 ) ;
#1270 = ORIENTED_EDGE ( 'NONE', *, *, #6581, .F. ) ;
#1271 = EDGE_CURVE ( 'NONE', #4343, #5516, #8323, .T. ) ;
#1272 = CARTESIAN_POINT ( 'NONE',  ( -0.5349999999999999201, 0.000000000000000000, -0.3100000000000000533 ) ) ;
#1273 = EDGE_CURVE ( 'NONE', #108, #3123, #2279, .T. ) ;
#1274 = PLANE ( 'NONE',  #7145 ) ;
#1275 = AXIS2_PLACEMENT_3D ( 'NONE', #1974, #7542, #2040 ) ;
#1276 = DIRECTION ( 'NONE',  ( -0.000000000000000000, -1.000000000000000000, -0.000000000000000000 ) ) ;
#1277 = AXIS2_PLACEMENT_3D ( 'NONE', #1114, #2583, #4411 ) ;
#1278 = CARTESIAN_POINT ( 'NONE',  ( -1.500000000000001554, 0.000000000000000000, 1.499999999999998668 ) ) ;
#1279 = DIRECTION ( 'NONE',  ( 0.000000000000000000, -1.000000000000000000, 0.000000000000000000 ) ) ;
#1280 = ORIENTED_EDGE ( 'NONE', *, *, #1436, .F. ) ;
#1281 = ADVANCED_FACE ( 'NONE', ( #5591 ), #7319, .F. ) ;
#1282 = LINE ( 'NONE', #2356, #7190 ) ;
#1283 = VECTOR ( 'NONE', #3439, 1000.000000000000000 ) ;
#1284 = VERTEX_POINT ( 'NONE', #4576 ) ;
#1285 = CARTESIAN_POINT ( 'NONE',  ( -0.3149999999999993916, 0.000000000000000000, -0.5300000000000001377 ) ) ;
#1286 = FACE_OUTER_BOUND ( 'NONE', #5479, .T. ) ;
#1287 = ORIENTED_EDGE ( 'NONE', *, *, #3891, .F. ) ;
#1288 = SURFACE_SIDE_STYLE ('',( #2646 ) ) ;
#1289 = CARTESIAN_POINT ( 'NONE',  ( -1.335000000000000187, 0.3200000000000000067, -1.334999999999999964 ) ) ;
#1290 = EDGE_CURVE ( 'NONE', #1056, #343, #2543, .T. ) ;
#1291 = EDGE_CURVE ( 'NONE', #6165, #4496, #5574, .T. ) ;
#1292 = VERTEX_POINT ( 'NONE', #3653 ) ;
#1293 = CARTESIAN_POINT ( 'NONE',  ( -0.3999999999999973022, 0.000000000000000000, 1.625000000000000888 ) ) ;
#1294 = FACE_OUTER_BOUND ( 'NONE', #2135, .T. ) ;
#1295 = LINE ( 'NONE', #3706, #4364 ) ;
#1296 = CARTESIAN_POINT ( 'NONE',  ( 1.199999999999999956, 0.2999999999999999889, 1.445000000000000728 ) ) ;
#1297 = ORIENTED_EDGE ( 'NONE', *, *, #8926, .T. ) ;
#1298 = PLANE ( 'NONE',  #4431 ) ;
#1299 = EDGE_CURVE ( 'NONE', #4825, #4828, #5284, .T. ) ;
#1300 = DIRECTION ( 'NONE',  ( -1.000000000000000000, 0.000000000000000000, 0.000000000000000000 ) ) ;
#1301 = SURFACE_STYLE_FILL_AREA ( #2186 ) ;
#1302 = ORIENTED_EDGE ( 'NONE', *, *, #3954, .T. ) ;
#1303 = DIRECTION ( 'NONE',  ( 0.000000000000000000, 1.000000000000000000, 0.000000000000000000 ) ) ;
#1304 = DIRECTION ( 'NONE',  ( -2.956915015869558264E-16, 0.000000000000000000, -1.000000000000000000 ) ) ;
#1305 = ORIENTED_EDGE ( 'NONE', *, *, #8676, .F. ) ;
#1306 = VECTOR ( 'NONE', #7967, 1000.000000000000000 ) ;
#1307 = LINE ( 'NONE', #1161, #4453 ) ;
#1308 = EDGE_LOOP ( 'NONE', ( #3697, #3555, #168, #4199 ) ) ;
#1309 = ORIENTED_EDGE ( 'NONE', *, *, #5784, .F. ) ;
#1310 = AXIS2_PLACEMENT_3D ( 'NONE', #282, #3307, #6096 ) ;
#1311 = DIRECTION ( 'NONE',  ( 0.000000000000000000, 0.000000000000000000, -1.000000000000000000 ) ) ;
#1312 = CARTESIAN_POINT ( 'NONE',  ( 0.3999999999999999667, 4.621194077712559078, -1.625000000000000000 ) ) ;
#1313 = CIRCLE ( 'NONE', #8951, 1.574999999999999956 ) ;
#1314 = DIRECTION ( 'NONE',  ( -1.224646799147353207E-16, 0.000000000000000000, -1.000000000000000000 ) ) ;
#1315 = ORIENTED_EDGE ( 'NONE', *, *, #7378, .F. ) ;
#1316 = CARTESIAN_POINT ( 'NONE',  ( -0.9499999999999995115, 0.000000000000000000, -0.6999999999999979572 ) ) ;
#1317 = CARTESIAN_POINT ( 'NONE',  ( -0.4000000000000007438, 0.000000000000000000, 1.500000000000001110 ) ) ;
#1318 = ADVANCED_FACE ( 'NONE', ( #8416 ), #7261, .T. ) ;
#1319 = EDGE_CURVE ( 'NONE', #3483, #1894, #8280, .T. ) ;
#1320 = CARTESIAN_POINT ( 'NONE',  ( 1.523359773658213401, 0.3200000000000000067, -0.3999999999999944156 ) ) ;
#1321 = PLANE ( 'NONE',  #7575 ) ;
#1322 = CARTESIAN_POINT ( 'NONE',  ( -1.500000000000001554, 0.000000000000000000, 1.499999999999998668 ) ) ;
#1323 = EDGE_CURVE ( 'NONE', #4813, #2713, #2558, .T. ) ;
#1324 = VERTEX_POINT ( 'NONE', #1116 ) ;
#1325 = LINE ( 'NONE', #6538, #1042 ) ;
#1326 = FACE_OUTER_BOUND ( 'NONE', #5918, .T. ) ;
#1327 = CARTESIAN_POINT ( 'NONE',  ( 0.000000000000000000, 1.758041561959399202, 1.104216149583350903 ) ) ;
#1328 = EDGE_LOOP ( 'NONE', ( #6874, #8593, #7857, #510 ) ) ;
#1329 = CARTESIAN_POINT ( 'NONE',  ( 1.534381519444564690, -0.2789528969834105254, 1.124999999999999556 ) ) ;
#1330 = ORIENTED_EDGE ( 'NONE', *, *, #5414, .T. ) ;
#1331 = AXIS2_PLACEMENT_3D ( 'NONE', #5991, #6647, #2408 ) ;
#1332 = SPHERICAL_SURFACE ( 'NONE', #450, 1.449999999999999956 ) ;
#1333 = EDGE_CURVE ( 'NONE', #2496, #4540, #5637, .T. ) ;
#1334 = CARTESIAN_POINT ( 'NONE',  ( 0.000000000000000000, 0.000000000000000000, 0.000000000000000000 ) ) ;
#1335 = CARTESIAN_POINT ( 'NONE',  ( -1.500000000000001110, 1.556154042586614050, -0.4000000000000008549 ) ) ;
#1336 = CARTESIAN_POINT ( 'NONE',  ( 2.168404344971008868E-16, 0.3200000000000000067, 4.336808689942017736E-16 ) ) ;
#1337 = CARTESIAN_POINT ( 'NONE',  ( 1.125000000000000222, 0.3200000000000000067, 1.625000000000000888 ) ) ;
#1338 = CARTESIAN_POINT ( 'NONE',  ( -0.3999999999999972466, 0.02500000000000000139, 0.9500000000000010658 ) ) ;
#1339 = CARTESIAN_POINT ( 'NONE',  ( 1.124999999999999778, -0.2789528969834105254, -1.534381519444566244 ) ) ;
#1340 = ORIENTED_EDGE ( 'NONE', *, *, #6717, .T. ) ;
#1341 = VECTOR ( 'NONE', #5942, 1000.000000000000000 ) ;
#1342 = LINE ( 'NONE', #5297, #1368 ) ;
#1343 = DIRECTION ( 'NONE',  ( -1.000000000000000000, 0.000000000000000000, -0.000000000000000000 ) ) ;
#1344 = ORIENTED_EDGE ( 'NONE', *, *, #4300, .F. ) ;
#1345 = ORIENTED_EDGE ( 'NONE', *, *, #6177, .T. ) ;
#1346 = DIRECTION ( 'NONE',  ( -1.000000000000000000, 0.000000000000000000, -8.031127203596333067E-17 ) ) ;
#1347 = VECTOR ( 'NONE', #7747, 1000.000000000000000 ) ;
#1348 = ORIENTED_EDGE ( 'NONE', *, *, #5436, .F. ) ;
#1349 = CYLINDRICAL_SURFACE ( 'NONE', #1807, 1.500000000000000000 ) ;
#1350 = CARTESIAN_POINT ( 'NONE',  ( 0.9499999999999982903, 0.000000000000000000, -0.6999999999999984013 ) ) ;
#1351 = AXIS2_PLACEMENT_3D ( 'NONE', #4897, #7650, #3411 ) ;
#1352 = PLANE ( 'NONE',  #6790 ) ;
#1353 = CARTESIAN_POINT ( 'NONE',  ( -1.523359773658216287, 0.3400000000000000244, 0.3999999999999842570 ) ) ;
#1354 = ADVANCED_FACE ( 'NONE', ( #2483 ), #5813, .T. ) ;
#1355 = LINE ( 'NONE', #4310, #1306 ) ;
#1356 = LINE ( 'NONE', #1573, #4404 ) ;
#1357 = ORIENTED_EDGE ( 'NONE', *, *, #7488, .T. ) ;
#1358 = ORIENTED_EDGE ( 'NONE', *, *, #3563, .F. ) ;
#1359 = DIRECTION ( 'NONE',  ( 0.000000000000000000, 0.000000000000000000, -1.000000000000000000 ) ) ;
#1360 = CARTESIAN_POINT ( 'NONE',  ( -1.500000000000001332, 0.05000000000000000278, 0.6999999999999987343 ) ) ;
#1361 = DIRECTION ( 'NONE',  ( -1.000000000000000000, -0.000000000000000000, 0.000000000000000000 ) ) ;
#1362 = VECTOR ( 'NONE', #8808, 1000.000000000000000 ) ;
#1363 = MANIFOLD_SOLID_BREP ( 'Boss-Extrude4[8]', #4738 ) ;
#1364 = EDGE_LOOP ( 'NONE', ( #56, #3656, #6153, #1330 ) ) ;
#1365 = VECTOR ( 'NONE', #2829, 1000.000000000000000 ) ;
#1366 = DIRECTION ( 'NONE',  ( -1.000000000000000000, 0.000000000000000000, -3.200117349718317991E-15 ) ) ;
#1367 = VECTOR ( 'NONE', #3716, 1000.000000000000000 ) ;
#1368 = VECTOR ( 'NONE', #1704, 1000.000000000000000 ) ;
#1369 = ORIENTED_EDGE ( 'NONE', *, *, #964, .T. ) ;
#1370 = VERTEX_POINT ( 'NONE', #3799 ) ;
#1371 = DIRECTION ( 'NONE',  ( -0.000000000000000000, -1.000000000000000000, -0.000000000000000000 ) ) ;
#1372 = ADVANCED_FACE ( 'NONE', ( #2834 ), #8900, .F. ) ;
#1373 = VECTOR ( 'NONE', #8980, 1000.000000000000000 ) ;
#1374 = DIRECTION ( 'NONE',  ( -0.000000000000000000, -1.000000000000000000, -0.000000000000000000 ) ) ;
#1375 = ORIENTED_EDGE ( 'NONE', *, *, #643, .T. ) ;
#1376 = DIRECTION ( 'NONE',  ( -8.031127203596333067E-17, 0.000000000000000000, 1.000000000000000000 ) ) ;
#1377 = LINE ( 'NONE', #6065, #1113 ) ;
#1378 = DIRECTION ( 'NONE',  ( 0.000000000000000000, 0.000000000000000000, -1.000000000000000000 ) ) ;
#1379 = DIRECTION ( 'NONE',  ( -0.000000000000000000, -1.000000000000000000, -0.000000000000000000 ) ) ;
#1380 = DIRECTION ( 'NONE',  ( 0.000000000000000000, -0.000000000000000000, 1.000000000000000000 ) ) ;
#1381 = CARTESIAN_POINT ( 'NONE',  ( -1.200000000000001288, 0.3200000000000000067, 1.444999999999998952 ) ) ;
#1382 = ORIENTED_EDGE ( 'NONE', *, *, #5271, .T. ) ;
#1383 = EDGE_CURVE ( 'NONE', #4891, #6221, #5889, .T. ) ;
#1384 = FACE_BOUND ( 'NONE', #7202, .T. ) ;
#1385 = CARTESIAN_POINT ( 'NONE',  ( 1.624999999999999778, 0.02500000000000000139, -0.6999999999999981792 ) ) ;
#1386 = ORIENTED_EDGE ( 'NONE', *, *, #6015, .F. ) ;
#1387 = CARTESIAN_POINT ( 'NONE',  ( 1.534381519444564690, 0.2999999999999999889, 1.124999999999999556 ) ) ;
#1388 = VECTOR ( 'NONE', #1649, 1000.000000000000000 ) ;
#1389 = AXIS2_PLACEMENT_3D ( 'NONE', #4687, #558, #5469 ) ;
#1390 = EDGE_LOOP ( 'NONE', ( #8055, #8419, #8123, #2394 ) ) ;
#1391 = VECTOR ( 'NONE', #8539, 1000.000000000000000 ) ;
#1392 = EDGE_CURVE ( 'NONE', #8377, #7216, #2775, .T. ) ;
#1393 = APPLICATION_CONTEXT ( 'automotive_design' ) ;
#1394 = CARTESIAN_POINT ( 'NONE',  ( 0.5349999999999999201, 0.000000000000000000, 0.5300000000000002487 ) ) ;
#1395 = CARTESIAN_POINT ( 'NONE',  ( -0.5350000000000001421, 0.05000000000000034972, 0.5299999999999999156 ) ) ;
#1396 = DIRECTION ( 'NONE',  ( -2.710505431213764536E-16, 0.000000000000000000, 1.000000000000000000 ) ) ;
#1397 = VERTEX_POINT ( 'NONE', #4195 ) ;
#1398 = CARTESIAN_POINT ( 'NONE',  ( 1.464381519444564850, 0.3000000000000000444, 1.464381519444567070 ) ) ;
#1399 = EDGE_CURVE ( 'NONE', #1855, #3499, #2720, .T. ) ;
#1400 = DIRECTION ( 'NONE',  ( 2.710505431213761578E-16, 0.000000000000000000, 1.000000000000000000 ) ) ;
#1401 = FACE_OUTER_BOUND ( 'NONE', #2038, .T. ) ;
#1402 = ORIENTED_EDGE ( 'NONE', *, *, #8999, .T. ) ;
#1403 = PLANE ( 'NONE',  #4176 ) ;
#1404 = LINE ( 'NONE', #5251, #1388 ) ;
#1405 = ORIENTED_EDGE ( 'NONE', *, *, #3925, .F. ) ;
#1406 = FACE_OUTER_BOUND ( 'NONE', #5653, .T. ) ;
#1407 = CARTESIAN_POINT ( 'NONE',  ( 1.414999999999998925, 0.3000000000000000444, -1.444999999999999840 ) ) ;
#1408 = DIRECTION ( 'NONE',  ( -0.000000000000000000, -1.000000000000000000, -0.000000000000000000 ) ) ;
#1409 = CARTESIAN_POINT ( 'NONE',  ( -0.9499999999999992895, 0.02499999999999984873, 0.4000000000000016320 ) ) ;
#1410 = VECTOR ( 'NONE', #6739, 1000.000000000000000 ) ;
#1411 = CARTESIAN_POINT ( 'NONE',  ( -1.625000000000000222, 0.3200000000000000067, -1.625000000000000000 ) ) ;
#1412 = VERTEX_POINT ( 'NONE', #5834 ) ;
#1413 = DIRECTION ( 'NONE',  ( -1.000000000000000000, 0.000000000000000000, 9.571576710093073577E-15 ) ) ;
#1414 = CARTESIAN_POINT ( 'NONE',  ( -0.4000000000000007438, 0.05000000000000000278, 1.500000000000001110 ) ) ;
#1415 = DIRECTION ( 'NONE',  ( -1.000000000000000000, 0.000000000000000000, 2.344220913482167712E-16 ) ) ;
#1416 = VECTOR ( 'NONE', #415, 1000.000000000000000 ) ;
#1417 = ORIENTED_EDGE ( 'NONE', *, *, #1167, .F. ) ;
#1418 = LINE ( 'NONE', #3774, #4181 ) ;
#1419 = DIRECTION ( 'NONE',  ( 0.000000000000000000, 0.000000000000000000, -1.000000000000000000 ) ) ;
#1420 = CARTESIAN_POINT ( 'NONE',  ( 0.4000000000000000222, 0.02500000000000000139, -0.9499999999999999556 ) ) ;
#1421 = AXIS2_PLACEMENT_3D ( 'NONE', #530, #2002, #3386 ) ;
#1422 = ORIENTED_EDGE ( 'NONE', *, *, #2431, .F. ) ;
#1423 = EDGE_CURVE ( 'NONE', #4795, #7510, #8714, .T. ) ;
#1424 = ADVANCED_FACE ( 'NONE', ( #2801 ), #761, .T. ) ;
#1425 = FACE_OUTER_BOUND ( 'NONE', #8325, .T. ) ;
#1426 = ORIENTED_EDGE ( 'NONE', *, *, #7637, .F. ) ;
#1427 = EDGE_LOOP ( 'NONE', ( #6189, #2045, #2970, #2589, #8373 ) ) ;
#1428 = AXIS2_PLACEMENT_3D ( 'NONE', #261, #4481, #1666 ) ;
#1429 = ORIENTED_EDGE ( 'NONE', *, *, #5054, .T. ) ;
#1430 = DIRECTION ( 'NONE',  ( -0.000000000000000000, 1.000000000000000000, -0.000000000000000000 ) ) ;
#1431 = FACE_OUTER_BOUND ( 'NONE', #1029, .T. ) ;
#1432 = CARTESIAN_POINT ( 'NONE',  ( -1.500000000000001110, 0.05000000000000034972, -0.4000000000000008549 ) ) ;
#1433 = ORIENTED_EDGE ( 'NONE', *, *, #6015, .T. ) ;
#1434 = CARTESIAN_POINT ( 'NONE',  ( 1.444999999999999174, 0.3200000000000000067, -1.414999999999999591 ) ) ;
#1435 = VECTOR ( 'NONE', #2597, 1000.000000000000000 ) ;
#1436 = EDGE_CURVE ( 'NONE', #8578, #192, #2690, .T. ) ;
#1437 = CARTESIAN_POINT ( 'NONE',  ( 1.500000000000000222, 1.556154042586614050, 1.500000000000000444 ) ) ;
#1438 = CARTESIAN_POINT ( 'NONE',  ( -1.125000000000001332, -0.2789528969834105254, 1.534381519444565356 ) ) ;
#1439 = DIRECTION ( 'NONE',  ( -0.000000000000000000, 1.000000000000000000, -0.000000000000000000 ) ) ;
#1440 = CARTESIAN_POINT ( 'NONE',  ( -1.445000000000000506, 0.3200000000000000067, 1.414999999999998703 ) ) ;
#1441 = VECTOR ( 'NONE', #8876, 1000.000000000000000 ) ;
#1442 = DIRECTION ( 'NONE',  ( -0.000000000000000000, -1.000000000000000000, 0.000000000000000000 ) ) ;
#1443 = AXIS2_PLACEMENT_3D ( 'NONE', #3084, #6243, #4885 ) ;
#1444 = VECTOR ( 'NONE', #6700, 1000.000000000000000 ) ;
#1445 = DIRECTION ( 'NONE',  ( 1.000000000000000000, -0.000000000000000000, -8.031127203596329369E-17 ) ) ;
#1446 = PRESENTATION_LAYER_ASSIGNMENT (  '', '', ( #1193 ) ) ;
#1447 = EDGE_CURVE ( 'NONE', #9042, #6149, #8884, .T. ) ;
#1448 = ORIENTED_EDGE ( 'NONE', *, *, #3319, .T. ) ;
#1449 = EDGE_LOOP ( 'NONE', ( #1491, #1739, #1818, #5107 ) ) ;
#1450 = DIRECTION ( 'NONE',  ( 0.000000000000000000, 0.000000000000000000, 1.000000000000000000 ) ) ;
#1451 = LINE ( 'NONE', #1188, #4485 ) ;
#1452 = EDGE_LOOP ( 'NONE', ( #2033, #494, #1915, #5508 ) ) ;
#1453 = LINE ( 'NONE', #5664, #1365 ) ;
#1454 =( NAMED_UNIT ( * ) PLANE_ANGLE_UNIT ( ) SI_UNIT ( $, .RADIAN. ) );
#1455 = DIRECTION ( 'NONE',  ( 0.000000000000000000, 1.000000000000000000, 0.000000000000000000 ) ) ;
#1456 = DIRECTION ( 'NONE',  ( -0.6427876096865359212, 0.000000000000000000, -0.7660444431189809000 ) ) ;
#1457 = DIRECTION ( 'NONE',  ( -1.000000000000000000, 0.000000000000000000, -0.000000000000000000 ) ) ;
#1458 = VECTOR ( 'NONE', #2742, 1000.000000000000000 ) ;
#1459 = VERTEX_POINT ( 'NONE', #5002 ) ;
#1460 = STYLED_ITEM ( 'NONE', ( #5022 ), #2909 ) ;
#1461 = EDGE_LOOP ( 'NONE', ( #1911, #7149, #593, #3823 ) ) ;
#1462 = EDGE_CURVE ( 'NONE', #8417, #6808, #5663, .T. ) ;
#1463 = FACE_OUTER_BOUND ( 'NONE', #503, .T. ) ;
#1464 = ORIENTED_EDGE ( 'NONE', *, *, #1513, .T. ) ;
#1465 = FACE_OUTER_BOUND ( 'NONE', #4032, .T. ) ;
#1466 = CARTESIAN_POINT ( 'NONE',  ( 1.464381519444564628, 0.3000000000000000444, -1.464381519444566182 ) ) ;
#1467 = CARTESIAN_POINT ( 'NONE',  ( -0.3999999999999989675, 0.04999999999999991257, -0.9500000000000001776 ) ) ;
#1468 = EDGE_CURVE ( 'NONE', #940, #7146, #2847, .T. ) ;
#1469 = CARTESIAN_POINT ( 'NONE',  ( 1.500000000000000000, 1.556154042586614050, 0.7000000000000003997 ) ) ;
#1470 = CARTESIAN_POINT ( 'NONE',  ( 1.125000000000000222, 0.3200000000000000067, 1.534381519444567132 ) ) ;
#1471 = VECTOR ( 'NONE', #6484, 1000.000000000000000 ) ;
#1472 =( NAMED_UNIT ( * ) PLANE_ANGLE_UNIT ( ) SI_UNIT ( $, .RADIAN. ) );
#1473 = VERTEX_POINT ( 'NONE', #2360 ) ;
#1474 = ORIENTED_EDGE ( 'NONE', *, *, #3491, .T. ) ;
#1475 = PLANE ( 'NONE',  #8753 ) ;
#1476 = DIRECTION ( 'NONE',  ( 0.000000000000000000, -0.000000000000000000, 1.000000000000000000 ) ) ;
#1477 = ORIENTED_EDGE ( 'NONE', *, *, #6948, .T. ) ;
#1478 = DIRECTION ( 'NONE',  ( 0.000000000000000000, 0.000000000000000000, 1.000000000000000000 ) ) ;
#1479 = LINE ( 'NONE', #303, #7362 ) ;
#1480 = EDGE_LOOP ( 'NONE', ( #727, #7025 ) ) ;
#1481 = CARTESIAN_POINT ( 'NONE',  ( 1.500000000000000222, 0.000000000000000000, 1.500000000000000444 ) ) ;
#1482 = EDGE_CURVE ( 'NONE', #1412, #70, #2760, .T. ) ;
#1483 = CYLINDRICAL_SURFACE ( 'NONE', #347, 0.03000000000000007869 ) ;
#1484 = ADVANCED_FACE ( 'NONE', ( #8857 ), #2821, .T. ) ;
#1485 = DIRECTION ( 'NONE',  ( 0.000000000000000000, 1.000000000000000000, 0.000000000000000000 ) ) ;
#1486 = DIRECTION ( 'NONE',  ( 0.000000000000000000, -1.000000000000000000, 0.000000000000000000 ) ) ;
#1487 = AXIS2_PLACEMENT_3D ( 'NONE', #4824, #7081, #1516 ) ;
#1488 = FACE_OUTER_BOUND ( 'NONE', #7704, .T. ) ;
#1489 = ORIENTED_EDGE ( 'NONE', *, *, #5885, .T. ) ;
#1490 = ORIENTED_EDGE ( 'NONE', *, *, #4597, .F. ) ;
#1491 = ORIENTED_EDGE ( 'NONE', *, *, #7815, .F. ) ;
#1492 = CARTESIAN_POINT ( 'NONE',  ( -1.335000000000000187, 0.000000000000000000, -1.472500000000000142 ) ) ;
#1493 = ORIENTED_EDGE ( 'NONE', *, *, #4789, .F. ) ;
#1494 = CARTESIAN_POINT ( 'NONE',  ( -0.3999999999999973022, 0.02500000000000000139, 1.625000000000000888 ) ) ;
#1495 = FACE_OUTER_BOUND ( 'NONE', #6138, .T. ) ;
#1496 = DIRECTION ( 'NONE',  ( -2.710505431213767495E-16, 0.000000000000000000, -1.000000000000000000 ) ) ;
#1497 = DIRECTION ( 'NONE',  ( -0.000000000000000000, 1.000000000000000000, -0.000000000000000000 ) ) ;
#1498 = CARTESIAN_POINT ( 'NONE',  ( 1.499999999999998224, 0.000000000000000000, -0.6999999999999981792 ) ) ;
#1499 = PLANE ( 'NONE',  #719 ) ;
#1500 = EDGE_CURVE ( 'NONE', #3153, #1508, #8666, .T. ) ;
#1501 = DIRECTION ( 'NONE',  ( 0.000000000000000000, 0.000000000000000000, 1.000000000000000000 ) ) ;
#1502 = ADVANCED_FACE ( 'NONE', ( #2660 ), #1686, .F. ) ;
#1503 = LINE ( 'NONE', #573, #1737 ) ;
#1504 = ORIENTED_EDGE ( 'NONE', *, *, #2665, .T. ) ;
#1505 = PLANE ( 'NONE',  #1784 ) ;
#1506 = ORIENTED_EDGE ( 'NONE', *, *, #3895, .F. ) ;
#1507 = CIRCLE ( 'NONE', #331, 1.524999999999999911 ) ;
#1508 = VERTEX_POINT ( 'NONE', #6558 ) ;
#1509 = VECTOR ( 'NONE', #2555, 1000.000000000000000 ) ;
#1510 = DIRECTION ( 'NONE',  ( -9.571576710093073577E-15, 0.000000000000000000, -1.000000000000000000 ) ) ;
#1511 = CARTESIAN_POINT ( 'NONE',  ( 1.534381519444564690, -0.2789528969834105254, -1.464381519444566182 ) ) ;
#1512 = PLANE ( 'NONE',  #2457 ) ;
#1513 = EDGE_CURVE ( 'NONE', #5584, #5222, #5816, .T. ) ;
#1514 = EDGE_CURVE ( 'NONE', #1931, #576, #5772, .T. ) ;
#1515 = DIRECTION ( 'NONE',  ( -1.000000000000000000, -0.000000000000000000, -0.000000000000000000 ) ) ;
#1516 = DIRECTION ( 'NONE',  ( 0.000000000000000000, 0.000000000000000000, -1.000000000000000000 ) ) ;
#1517 = FACE_OUTER_BOUND ( 'NONE', #520, .T. ) ;
#1518 = DIRECTION ( 'NONE',  ( 5.333528916197197309E-16, -0.000000000000000000, -1.000000000000000000 ) ) ;
#1519 = ORIENTED_EDGE ( 'NONE', *, *, #9036, .T. ) ;
#1520 = AXIS2_PLACEMENT_3D ( 'NONE', #7364, #8324, #3352 ) ;
#1521 = VERTEX_POINT ( 'NONE', #1868 ) ;
#1522 = FACE_OUTER_BOUND ( 'NONE', #2672, .T. ) ;
#1523 = ADVANCED_FACE ( 'NONE', ( #5829 ), #1794, .F. ) ;
#1524 = ORIENTED_EDGE ( 'NONE', *, *, #1215, .T. ) ;
#1525 = LINE ( 'NONE', #2028, #5001 ) ;
#1526 = CARTESIAN_POINT ( 'NONE',  ( -0.3999999999999973022, 0.000000000000000000, 1.625000000000000888 ) ) ;
#1527 = CARTESIAN_POINT ( 'NONE',  ( 1.464381519444564628, -0.2789528969834105254, -1.534381519444566244 ) ) ;
#1528 = AXIS2_PLACEMENT_3D ( 'NONE', #397, #4408, #3818 ) ;
#1529 = DIRECTION ( 'NONE',  ( 0.000000000000000000, 0.000000000000000000, -1.000000000000000000 ) ) ;
#1530 = CARTESIAN_POINT ( 'NONE',  ( -1.625000000000000222, 0.000000000000000000, 1.625000000000000000 ) ) ;
#1531 = LINE ( 'NONE', #1526, #4503 ) ;
#1532 = DIRECTION ( 'NONE',  ( -2.710505431213761085E-16, 0.000000000000000000, -1.000000000000000000 ) ) ;
#1533 = ORIENTED_EDGE ( 'NONE', *, *, #6394, .F. ) ;
#1534 = PLANE ( 'NONE',  #2512 ) ;
#1535 = CARTESIAN_POINT ( 'NONE',  ( -1.415000000000000480, 0.3200000000000000067, 1.414999999999998925 ) ) ;
#1536 = ORIENTED_EDGE ( 'NONE', *, *, #6218, .F. ) ;
#1537 = CARTESIAN_POINT ( 'NONE',  ( 0.5349999999999999201, 0.000000000000000000, -0.5299999999999998046 ) ) ;
#1538 = VECTOR ( 'NONE', #1252, 1000.000000000000000 ) ;
#1539 = ORIENTED_EDGE ( 'NONE', *, *, #6460, .F. ) ;
#1540 = AXIS2_PLACEMENT_3D ( 'NONE', #647, #3492, #7514 ) ;
#1541 = CARTESIAN_POINT ( 'NONE',  ( 1.624999999999999778, 0.3200000000000000067, 1.625000000000000000 ) ) ;
#1542 = FACE_OUTER_BOUND ( 'NONE', #5420, .T. ) ;
#1543 = CARTESIAN_POINT ( 'NONE',  ( -1.445000000000000506, 0.3200000000000000067, 1.414999999999998703 ) ) ;
#1544 = FACE_OUTER_BOUND ( 'NONE', #4486, .T. ) ;
#1545 = DIRECTION ( 'NONE',  ( 0.000000000000000000, -1.000000000000000000, 0.000000000000000000 ) ) ;
#1546 = CARTESIAN_POINT ( 'NONE',  ( -1.625000000000003775, 0.3400000000000000244, 0.3999999999999832023 ) ) ;
#1547 = LINE ( 'NONE', #6337, #4599 ) ;
#1548 = CLOSED_SHELL ( 'NONE', ( #1899, #3253, #7068, #6985, #8257, #8391, #3939, #71, #4942, #4514, #5751, #186, #3377, #4609, #4698, #1808, #6315, #9001, #5556, #599, #8031, #1223, #7534, #5677, #5335, #6933, #3788, #8098, #826, #6133, #6768, #7462, #5622, #4588, #2230, #7237, #8077, #4233, #618, #5227, #1484, #3717, #19, #3652, #5488, #4535, #8617, #2003, #3109, #768, #3809, #7602, #7445, #2594, #86, #1923, #4171, #6530, #2024, #3286, #8410, #6706, #2815, #8921, #3428, #4739, #6453, #8899, #2302, #7049, #7287, #5604, #6027, #4649, #5467 ) ) ;
#1549 = ORIENTED_EDGE ( 'NONE', *, *, #5619, .F. ) ;
#1550 = VERTEX_POINT ( 'NONE', #416 ) ;
#1551 = VECTOR ( 'NONE', #2885, 1000.000000000000000 ) ;
#1552 = VERTEX_POINT ( 'NONE', #1067 ) ;
#1553 = CARTESIAN_POINT ( 'NONE',  ( 0.000000000000000000, 1.920000000000000373, 0.000000000000000000 ) ) ;
#1554 = COLOUR_RGB ( '',1.000000000000000000, 0.8117647058823529438, 0.5019607843137254832 ) ;
#1555 = DIRECTION ( 'NONE',  ( 0.000000000000000000, 0.000000000000000000, -1.000000000000000000 ) ) ;
#1556 = AXIS2_PLACEMENT_3D ( 'NONE', #4339, #8595, #8431 ) ;
#1557 = VECTOR ( 'NONE', #2166, 1000.000000000000000 ) ;
#1558 = AXIS2_PLACEMENT_3D ( 'NONE', #6064, #3278, #3955 ) ;
#1559 = CARTESIAN_POINT ( 'NONE',  ( 0.000000000000000000, 1.649999999999999911, 0.000000000000000000 ) ) ;
#1560 = CARTESIAN_POINT ( 'NONE',  ( 1.499999999999998446, 0.05000000000000034972, -1.499999999999997780 ) ) ;
#1561 = MECHANICAL_DESIGN_GEOMETRIC_PRESENTATION_REPRESENTATION (  '', ( #2060 ), #7471 ) ;
#1562 = CARTESIAN_POINT ( 'NONE',  ( 0.9499999999999996225, 0.04999999999999991257, -0.3999999999999999112 ) ) ;
#1563 = VECTOR ( 'NONE', #6053, 1000.000000000000000 ) ;
#1564 = ORIENTED_EDGE ( 'NONE', *, *, #5951, .T. ) ;
#1565 = CARTESIAN_POINT ( 'NONE',  ( -1.314999999999999947, 0.8100000000000001643, 0.000000000000000000 ) ) ;
#1566 = ORIENTED_EDGE ( 'NONE', *, *, #391, .T. ) ;
#1567 = ORIENTED_EDGE ( 'NONE', *, *, #8166, .F. ) ;
#1568 = VECTOR ( 'NONE', #7516, 1000.000000000000000 ) ;
#1569 = MECHANICAL_DESIGN_GEOMETRIC_PRESENTATION_REPRESENTATION (  '', ( #3360 ), #2825 ) ;
#1570 = DIRECTION ( 'NONE',  ( 3.516331370223249842E-16, 0.000000000000000000, 1.000000000000000000 ) ) ;
#1571 = CARTESIAN_POINT ( 'NONE',  ( -0.3999999999999972466, 0.02500000000000000139, 0.9500000000000010658 ) ) ;
#1572 = EDGE_CURVE ( 'NONE', #1151, #4366, #5697, .T. ) ;
#1573 = CARTESIAN_POINT ( 'NONE',  ( 1.499999999999998224, 0.000000000000000000, -0.6999999999999982903 ) ) ;
#1574 = DIRECTION ( 'NONE',  ( 0.000000000000000000, 1.000000000000000000, 0.000000000000000000 ) ) ;
#1575 = ADVANCED_FACE ( 'NONE', ( #2612 ), #5590, .F. ) ;
#1576 = DIRECTION ( 'NONE',  ( -0.7660444431189800119, 0.000000000000000000, -0.6427876096865369204 ) ) ;
#1577 = VECTOR ( 'NONE', #8527, 1000.000000000000000 ) ;
#1578 = EDGE_CURVE ( 'NONE', #7419, #8571, #8807, .T. ) ;
#1579 = EDGE_LOOP ( 'NONE', ( #4118, #3978, #4997, #6639 ) ) ;
#1580 = ORIENTED_EDGE ( 'NONE', *, *, #7197, .T. ) ;
#1581 = FACE_OUTER_BOUND ( 'NONE', #5561, .T. ) ;
#1582 = ORIENTED_EDGE ( 'NONE', *, *, #439, .F. ) ;
#1583 = DIRECTION ( 'NONE',  ( -0.000000000000000000, -1.000000000000000000, -0.000000000000000000 ) ) ;
#1584 = CYLINDRICAL_SURFACE ( 'NONE', #1076, 0.03000000000000007869 ) ;
#1585 = EDGE_CURVE ( 'NONE', #3887, #2514, #2788, .T. ) ;
#1586 = PLANE ( 'NONE',  #1097 ) ;
#1587 = LINE ( 'NONE', #8233, #1563 ) ;
#1588 = CARTESIAN_POINT ( 'NONE',  ( 1.499999999999998224, 0.000000000000000000, -0.6999999999999982903 ) ) ;
#1589 = ORIENTED_EDGE ( 'NONE', *, *, #455, .T. ) ;
#1590 = DIRECTION ( 'NONE',  ( 0.000000000000000000, 0.000000000000000000, 1.000000000000000000 ) ) ;
#1591 = ORIENTED_EDGE ( 'NONE', *, *, #5605, .F. ) ;
#1592 = DIRECTION ( 'NONE',  ( 1.000000000000000000, -0.000000000000000000, 3.516331370223249842E-16 ) ) ;
#1593 = FACE_OUTER_BOUND ( 'NONE', #2161, .T. ) ;
#1594 = ADVANCED_FACE ( 'NONE', ( #5843 ), #2540, .T. ) ;
#1595 = DIRECTION ( 'NONE',  ( 0.000000000000000000, 0.000000000000000000, -1.000000000000000000 ) ) ;
#1596 = EDGE_LOOP ( 'NONE', ( #8378, #1490, #2472, #1755 ) ) ;
#1597 = LINE ( 'NONE', #2102, #1840 ) ;
#1598 = CARTESIAN_POINT ( 'NONE',  ( -1.523359773658216287, 0.3200000000000000067, 0.3999999999999842570 ) ) ;
#1599 = VECTOR ( 'NONE', #6890, 1000.000000000000000 ) ;
#1600 = CARTESIAN_POINT ( 'NONE',  ( -1.200000000000001288, 0.3000000000000000444, 1.444999999999998952 ) ) ;
#1601 = CARTESIAN_POINT ( 'NONE',  ( -1.415000000000000480, 0.3000000000000000444, 1.444999999999998952 ) ) ;
#1602 = LINE ( 'NONE', #8905, #4822 ) ;
#1603 = ORIENTED_EDGE ( 'NONE', *, *, #2197, .T. ) ;
#1604 = VERTEX_POINT ( 'NONE', #3225 ) ;
#1605 = VECTOR ( 'NONE', #7198, 1000.000000000000000 ) ;
#1606 = CARTESIAN_POINT ( 'NONE',  ( -1.459999999999999742, 1.960000000000000853, 0.000000000000000000 ) ) ;
#1607 = EDGE_CURVE ( 'NONE', #2625, #6445, #8871, .T. ) ;
#1608 = ORIENTED_EDGE ( 'NONE', *, *, #8372, .F. ) ;
#1609 = ORIENTED_EDGE ( 'NONE', *, *, #3948, .F. ) ;
#1610 = DIRECTION ( 'NONE',  ( -1.000000000000000000, -0.000000000000000000, -0.000000000000000000 ) ) ;
#1611 = DIRECTION ( 'NONE',  ( -0.000000000000000000, 0.000000000000000000, -1.000000000000000000 ) ) ;
#1612 = CARTESIAN_POINT ( 'NONE',  ( -1.500000000000001332, 0.05000000000000000278, 0.3999999999999983569 ) ) ;
#1613 = CARTESIAN_POINT ( 'NONE',  ( 1.610410540878769476E-16, 1.609999999999999876, 1.314999999999999947 ) ) ;
#1614 = DIRECTION ( 'NONE',  ( 1.000000000000000000, 0.000000000000000000, 9.856383386231856362E-17 ) ) ;
#1615 = LINE ( 'NONE', #4298, #1471 ) ;
#1616 = ORIENTED_EDGE ( 'NONE', *, *, #4591, .F. ) ;
#1617 = CARTESIAN_POINT ( 'NONE',  ( -1.625000000000000222, 0.02500000000000000139, -0.6999999999999972911 ) ) ;
#1618 = ORIENTED_EDGE ( 'NONE', *, *, #4420, .T. ) ;
#1619 = LINE ( 'NONE', #2709, #1538 ) ;
#1620 = ORIENTED_EDGE ( 'NONE', *, *, #7003, .F. ) ;
#1621 = ORIENTED_EDGE ( 'NONE', *, *, #2624, .F. ) ;
#1622 = ORIENTED_EDGE ( 'NONE', *, *, #6051, .T. ) ;
#1623 = LINE ( 'NONE', #6510, #4672 ) ;
#1624 = EDGE_CURVE ( 'NONE', #680, #9018, #8678, .T. ) ;
#1625 = VECTOR ( 'NONE', #149, 1000.000000000000000 ) ;
#1626 = VECTOR ( 'NONE', #6085, 1000.000000000000000 ) ;
#1627 = DIRECTION ( 'NONE',  ( -2.956915015869558264E-16, -0.000000000000000000, -1.000000000000000000 ) ) ;
#1628 = ADVANCED_FACE ( 'NONE', ( #2703 ), #5257, .F. ) ;
#1629 = AXIS2_PLACEMENT_3D ( 'NONE', #4612, #7424, #6193 ) ;
#1630 = DIRECTION ( 'NONE',  ( 1.000000000000000000, -0.000000000000000000, 1.971276677246371519E-16 ) ) ;
#1631 = EDGE_CURVE ( 'NONE', #6036, #8237, #5755, .T. ) ;
#1632 = DIRECTION ( 'NONE',  ( -1.000000000000000000, -0.000000000000000000, 3.942553354492743038E-16 ) ) ;
#1633 = DIRECTION ( 'NONE',  ( -2.710505431213760592E-16, 0.000000000000000000, -1.000000000000000000 ) ) ;
#1634 = VECTOR ( 'NONE', #9115, 1000.000000000000000 ) ;
#1635 = ORIENTED_EDGE ( 'NONE', *, *, #7148, .T. ) ;
#1636 = CARTESIAN_POINT ( 'NONE',  ( 0.000000000000000000, 1.739023740181067756, 0.000000000000000000 ) ) ;
#1637 = ORIENTED_EDGE ( 'NONE', *, *, #1290, .T. ) ;
#1638 = VECTOR ( 'NONE', #1570, 1000.000000000000000 ) ;
#1639 = EDGE_LOOP ( 'NONE', ( #7252, #8413, #5461, #2446, #4510 ) ) ;
#1640 = ORIENTED_EDGE ( 'NONE', *, *, #8978, .F. ) ;
#1641 = CARTESIAN_POINT ( 'NONE',  ( -1.625000000000000222, 0.02500000000000000139, -0.4000000000000010214 ) ) ;
#1642 = TOROIDAL_SURFACE ( 'NONE', #6991, 1.145000000000000018, 0.04499999999999981098 ) ;
#1643 = FACE_OUTER_BOUND ( 'NONE', #2220, .T. ) ;
#1644 = UNCERTAINTY_MEASURE_WITH_UNIT (LENGTH_MEASURE( 1.000000000000000082E-05 ), #7790, 'distance_accuracy_value', 'NONE');
#1645 = AXIS2_PLACEMENT_3D ( 'NONE', #2233, #2919, #4299 ) ;
#1646 = PLANE ( 'NONE',  #2474 ) ;
#1647 = ADVANCED_FACE ( 'NONE', ( #2734 ), #3547, .T. ) ;
#1648 = VECTOR ( 'NONE', #6450, 1000.000000000000000 ) ;
#1649 = DIRECTION ( 'NONE',  ( -0.000000000000000000, -0.000000000000000000, -1.000000000000000000 ) ) ;
#1650 = ORIENTED_EDGE ( 'NONE', *, *, #8614, .F. ) ;
#1651 = EDGE_LOOP ( 'NONE', ( #651, #1348, #4291, #6663 ) ) ;
#1652 = PLANE ( 'NONE',  #3678 ) ;
#1653 = CARTESIAN_POINT ( 'NONE',  ( -0.3999999999999999667, 0.3400000000000000244, -1.523359773658212291 ) ) ;
#1654 = ORIENTED_EDGE ( 'NONE', *, *, #6781, .T. ) ;
#1655 = CARTESIAN_POINT ( 'NONE',  ( 1.414999999999999147, 0.2999999999999999889, 1.415000000000000702 ) ) ;
#1656 = VECTOR ( 'NONE', #5628, 1000.000000000000000 ) ;
#1657 = ORIENTED_EDGE ( 'NONE', *, *, #4709, .T. ) ;
#1658 = CARTESIAN_POINT ( 'NONE',  ( 1.624999999999999778, 0.02500000000000000139, 0.6999999999999990674 ) ) ;
#1659 = ORIENTED_EDGE ( 'NONE', *, *, #9007, .F. ) ;
#1660 = ORIENTED_EDGE ( 'NONE', *, *, #5266, .F. ) ;
#1661 = FACE_OUTER_BOUND ( 'NONE', #8361, .T. ) ;
#1662 = LINE ( 'NONE', #8872, #8025 ) ;
#1663 = CARTESIAN_POINT ( 'NONE',  ( -1.335000000000000187, 0.7289087296526012283, -1.334999999999999964 ) ) ;
#1664 = EDGE_CURVE ( 'NONE', #2850, #6005, #8842, .T. ) ;
#1665 = EDGE_CURVE ( 'NONE', #5516, #4811, #8700, .T. ) ;
#1666 = DIRECTION ( 'NONE',  ( 0.000000000000000000, 0.000000000000000000, -1.000000000000000000 ) ) ;
#1667 = CARTESIAN_POINT ( 'NONE',  ( -0.4000000000000105693, 0.3200000000000000067, 1.523359773658209848 ) ) ;
#1668 = VECTOR ( 'NONE', #5990, 1000.000000000000000 ) ;
#1669 = VERTEX_POINT ( 'NONE', #1613 ) ;
#1670 = AXIS2_PLACEMENT_3D ( 'NONE', #4286, #5046, #6424 ) ;
#1671 = ORIENTED_EDGE ( 'NONE', *, *, #5085, .T. ) ;
#1672 = AXIS2_PLACEMENT_3D ( 'NONE', #5888, #878, #2248 ) ;
#1673 = ORIENTED_EDGE ( 'NONE', *, *, #4655, .F. ) ;
#1674 = LINE ( 'NONE', #2281, #1779 ) ;
#1675 = STYLED_ITEM ( 'NONE', ( #5089 ), #3533 ) ;
#1676 = EDGE_CURVE ( 'NONE', #8578, #5631, #8988, .T. ) ;
#1677 = ADVANCED_FACE ( 'NONE', ( #2737 ), #895, .F. ) ;
#1678 = CARTESIAN_POINT ( 'NONE',  ( -1.200000000000001288, 0.3400000000000000244, 1.444999999999998952 ) ) ;
#1679 = VERTEX_POINT ( 'NONE', #4954 ) ;
#1680 = ORIENTED_EDGE ( 'NONE', *, *, #8903, .F. ) ;
#1681 = DIRECTION ( 'NONE',  ( 0.000000000000000000, 0.000000000000000000, -1.000000000000000000 ) ) ;
#1682 = VECTOR ( 'NONE', #220, 1000.000000000000000 ) ;
#1683 = PLANE ( 'NONE',  #3214 ) ;
#1684 = FACE_OUTER_BOUND ( 'NONE', #2019, .T. ) ;
#1685 = SURFACE_STYLE_FILL_AREA ( #378 ) ;
#1686 = PLANE ( 'NONE',  #3342 ) ;
#1687 = CARTESIAN_POINT ( 'NONE',  ( 1.499999999999998224, 0.02500000000000000139, -0.6999999999999981792 ) ) ;
#1688 = CARTESIAN_POINT ( 'NONE',  ( 1.499999999999998224, 0.05000000000000000278, -0.6999999999999982903 ) ) ;
#1689 =( NAMED_UNIT ( * ) SI_UNIT ( $, .STERADIAN. ) SOLID_ANGLE_UNIT ( ) );
#1690 = FACE_OUTER_BOUND ( 'NONE', #2985, .T. ) ;
#1691 = EDGE_LOOP ( 'NONE', ( #8330, #4788, #2841, #3558 ) ) ;
#1692 = AXIS2_PLACEMENT_3D ( 'NONE', #1772, #3202, #3878 ) ;
#1693 = ORIENTED_EDGE ( 'NONE', *, *, #6177, .F. ) ;
#1694 = FACE_OUTER_BOUND ( 'NONE', #8976, .T. ) ;
#1695 = CARTESIAN_POINT ( 'NONE',  ( -1.445000000000000506, 0.3200000000000000067, 1.414999999999998703 ) ) ;
#1696 = ORIENTED_EDGE ( 'NONE', *, *, #2346, .F. ) ;
#1697 = EDGE_CURVE ( 'NONE', #6221, #7865, #2824, .T. ) ;
#1698 = ORIENTED_EDGE ( 'NONE', *, *, #1237, .F. ) ;
#1699 = FACE_OUTER_BOUND ( 'NONE', #4857, .T. ) ;
#1700 = FACE_OUTER_BOUND ( 'NONE', #4089, .T. ) ;
#1701 = LINE ( 'NONE', #434, #7569 ) ;
#1702 = CARTESIAN_POINT ( 'NONE',  ( -1.445000000000000506, -0.2789528969834105254, 1.414999999999998703 ) ) ;
#1703 = CARTESIAN_POINT ( 'NONE',  ( -1.500000000000001332, 0.04999999999999991257, 0.6999999999999987343 ) ) ;
#1704 = DIRECTION ( 'NONE',  ( -1.000000000000000000, -0.000000000000000000, 9.637352644315586861E-16 ) ) ;
#1705 = DIRECTION ( 'NONE',  ( 0.000000000000000000, 0.000000000000000000, -1.000000000000000000 ) ) ;
#1706 = LINE ( 'NONE', #5779, #1648 ) ;
#1707 = EDGE_LOOP ( 'NONE', ( #4040, #622, #351, #3590 ) ) ;
#1708 = DIRECTION ( 'NONE',  ( -0.000000000000000000, -1.000000000000000000, -0.000000000000000000 ) ) ;
#1709 = VERTEX_POINT ( 'NONE', #1560 ) ;
#1710 = LINE ( 'NONE', #4351, #4544 ) ;
#1711 = VERTEX_POINT ( 'NONE', #3012 ) ;
#1712 = ORIENTED_EDGE ( 'NONE', *, *, #4155, .T. ) ;
#1713 = EDGE_LOOP ( 'NONE', ( #3545, #1524, #7410, #3527 ) ) ;
#1714 = VECTOR ( 'NONE', #7917, 1000.000000000000000 ) ;
#1715 = CARTESIAN_POINT ( 'NONE',  ( -1.534381519444566022, 0.3200000000000000067, 1.464381519444565294 ) ) ;
#1716 = LINE ( 'NONE', #1887, #7780 ) ;
#1717 = EDGE_CURVE ( 'NONE', #3690, #1728, #2870, .T. ) ;
#1718 = VECTOR ( 'NONE', #1149, 1000.000000000000000 ) ;
#1719 = VERTEX_POINT ( 'NONE', #4443 ) ;
#1720 = PLANE ( 'NONE',  #5221 ) ;
#1721 = EDGE_LOOP ( 'NONE', ( #7248, #4774, #2299, #751 ) ) ;
#1722 = CARTESIAN_POINT ( 'NONE',  ( 0.4000000000000000222, 0.04999999999999991257, -0.9499999999999999556 ) ) ;
#1723 = DIRECTION ( 'NONE',  ( 0.000000000000000000, 0.000000000000000000, -1.000000000000000000 ) ) ;
#1724 = VERTEX_POINT ( 'NONE', #7127 ) ;
#1725 = LINE ( 'NONE', #4656, #4525 ) ;
#1726 = ORIENTED_EDGE ( 'NONE', *, *, #1333, .T. ) ;
#1727 = ORIENTED_EDGE ( 'NONE', *, *, #333, .T. ) ;
#1728 = VERTEX_POINT ( 'NONE', #2894 ) ;
#1729 = CIRCLE ( 'NONE', #68, 1.449999999999999956 ) ;
#1730 = EDGE_CURVE ( 'NONE', #8625, #3336, #5924, .T. ) ;
#1731 = CYLINDRICAL_SURFACE ( 'NONE', #741, 1.574999999999999512 ) ;
#1732 = DIRECTION ( 'NONE',  ( 0.000000000000000000, 0.000000000000000000, -1.000000000000000000 ) ) ;
#1733 = EDGE_CURVE ( 'NONE', #7533, #1111, #5803, .T. ) ;
#1734 = EDGE_CURVE ( 'NONE', #422, #1709, #5670, .T. ) ;
#1735 = DIRECTION ( 'NONE',  ( 0.000000000000000000, 1.000000000000000000, 0.000000000000000000 ) ) ;
#1736 = ADVANCED_FACE ( 'NONE', ( #8829 ), #5156, .F. ) ;
#1737 = VECTOR ( 'NONE', #794, 1000.000000000000000 ) ;
#1738 = ORIENTED_EDGE ( 'NONE', *, *, #1196, .F. ) ;
#1739 = ORIENTED_EDGE ( 'NONE', *, *, #6357, .T. ) ;
#1740 = LINE ( 'NONE', #1129, #4791 ) ;
#1741 = DIRECTION ( 'NONE',  ( -0.000000000000000000, 1.000000000000000000, -0.000000000000000000 ) ) ;
#1742 = EDGE_LOOP ( 'NONE', ( #1474, #7004, #2149, #1267 ) ) ;
#1743 = ORIENTED_EDGE ( 'NONE', *, *, #94, .F. ) ;
#1744 = EDGE_LOOP ( 'NONE', ( #4567, #2741, #7851, #2236 ) ) ;
#1745 = AXIS2_PLACEMENT_3D ( 'NONE', #3679, #2368, #3061 ) ;
#1746 = CARTESIAN_POINT ( 'NONE',  ( 2.168404344971008868E-16, 0.3400000000000000244, 4.336808689942017736E-16 ) ) ;
#1747 = FACE_BOUND ( 'NONE', #1997, .T. ) ;
#1748 = LINE ( 'NONE', #3516, #4800 ) ;
#1749 = CARTESIAN_POINT ( 'NONE',  ( 1.414999999999999147, 0.3200000000000000067, -1.414999999999999813 ) ) ;
#1750 = PLANE ( 'NONE',  #6556 ) ;
#1751 = DIRECTION ( 'NONE',  ( -0.000000000000000000, -1.000000000000000000, -0.000000000000000000 ) ) ;
#1752 = DIRECTION ( 'NONE',  ( 1.000000000000000000, -0.000000000000000000, -5.421010862427522170E-16 ) ) ;
#1753 = DIRECTION ( 'NONE',  ( -0.000000000000000000, 1.000000000000000000, -0.000000000000000000 ) ) ;
#1754 = LINE ( 'NONE', #3586, #4806 ) ;
#1755 = ORIENTED_EDGE ( 'NONE', *, *, #1323, .F. ) ;
#1756 = CARTESIAN_POINT ( 'NONE',  ( 1.500000000000000222, 0.04999999999999991257, 1.500000000000000444 ) ) ;
#1757 = ORIENTED_EDGE ( 'NONE', *, *, #2239, .T. ) ;
#1758 = VECTOR ( 'NONE', #529, 1000.000000000000000 ) ;
#1759 = ADVANCED_FACE ( 'NONE', ( #5875 ), #1499, .T. ) ;
#1760 = PLANE ( 'NONE',  #3951 ) ;
#1761 = EDGE_LOOP ( 'NONE', ( #8132, #5152, #7671, #7402 ) ) ;
#1762 = AXIS2_PLACEMENT_3D ( 'NONE', #5553, #6227, #5313 ) ;
#1763 = ORIENTED_EDGE ( 'NONE', *, *, #349, .T. ) ;
#1764 = FACE_OUTER_BOUND ( 'NONE', #2485, .T. ) ;
#1765 = EDGE_CURVE ( 'NONE', #6332, #5253, #2837, .T. ) ;
#1766 = EDGE_CURVE ( 'NONE', #1855, #8524, #5833, .T. ) ;
#1767 = LINE ( 'NONE', #4103, #1785 ) ;
#1768 = VECTOR ( 'NONE', #4043, 1000.000000000000000 ) ;
#1769 = DIRECTION ( 'NONE',  ( 0.000000000000000000, 0.000000000000000000, -1.000000000000000000 ) ) ;
#1770 = AXIS2_PLACEMENT_3D ( 'NONE', #3172, #3785, #1732 ) ;
#1771 = SURFACE_STYLE_USAGE ( .BOTH. , #8726 ) ;
#1772 = CARTESIAN_POINT ( 'NONE',  ( -1.415000000000000480, 0.2999999999999999889, 1.414999999999998925 ) ) ;
#1773 = DIRECTION ( 'NONE',  ( -1.000000000000000000, 0.000000000000000000, -5.421010862427528086E-16 ) ) ;
#1774 = VECTOR ( 'NONE', #3518, 1000.000000000000000 ) ;
#1775 = EDGE_CURVE ( 'NONE', #4540, #446, #8752, .T. ) ;
#1776 = ORIENTED_EDGE ( 'NONE', *, *, #7395, .F. ) ;
#1777 = FILL_AREA_STYLE_COLOUR ( '', #6976 ) ;
#1778 = ORIENTED_EDGE ( 'NONE', *, *, #8009, .T. ) ;
#1779 = VECTOR ( 'NONE', #668, 1000.000000000000000 ) ;
#1780 = ORIENTED_EDGE ( 'NONE', *, *, #5642, .F. ) ;
#1781 = ORIENTED_EDGE ( 'NONE', *, *, #4038, .T. ) ;
#1782 = LINE ( 'NONE', #1820, #1509 ) ;
#1783 = DIRECTION ( 'NONE',  ( 1.000000000000000000, 0.000000000000000000, 9.856383386231857595E-17 ) ) ;
#1784 = AXIS2_PLACEMENT_3D ( 'NONE', #6244, #9079, #603 ) ;
#1785 = VECTOR ( 'NONE', #4752, 1000.000000000000000 ) ;
#1786 = VERTEX_POINT ( 'NONE', #2328 ) ;
#1787 = LINE ( 'NONE', #5344, #4592 ) ;
#1788 = EDGE_CURVE ( 'NONE', #5440, #5584, #2883, .T. ) ;
#1789 = ORIENTED_EDGE ( 'NONE', *, *, #3995, .F. ) ;
#1790 = DIRECTION ( 'NONE',  ( 1.000000000000000000, -0.000000000000000000, 2.710505431213761578E-16 ) ) ;
#1791 = DIRECTION ( 'NONE',  ( -8.031127203596330602E-17, 0.000000000000000000, 1.000000000000000000 ) ) ;
#1792 = DIRECTION ( 'NONE',  ( 1.000000000000000000, 0.000000000000000000, 3.826595902890018695E-16 ) ) ;
#1793 = ORIENTED_EDGE ( 'NONE', *, *, #8590, .F. ) ;
#1794 = PLANE ( 'NONE',  #1558 ) ;
#1795 = CARTESIAN_POINT ( 'NONE',  ( -1.625000000000000222, 0.000000000000000000, -0.6999999999999972911 ) ) ;
#1796 = EDGE_LOOP ( 'NONE', ( #2174, #2422, #7288, #4079, #2203 ) ) ;
#1797 = CIRCLE ( 'NONE', #4400, 0.04000000000000010492 ) ;
#1798 = DIRECTION ( 'NONE',  ( -1.000000000000000000, 0.000000000000000000, -3.039819175193002819E-16 ) ) ;
#1799 = ORIENTED_EDGE ( 'NONE', *, *, #5426, .F. ) ;
#1800 = DIRECTION ( 'NONE',  ( 0.000000000000000000, 0.000000000000000000, 1.000000000000000000 ) ) ;
#1801 = ORIENTED_EDGE ( 'NONE', *, *, #4038, .F. ) ;
#1802 = CIRCLE ( 'NONE', #562, 1.524999999999999911 ) ;
#1803 = SURFACE_STYLE_FILL_AREA ( #5609 ) ;
#1804 = ORIENTED_EDGE ( 'NONE', *, *, #2037, .T. ) ;
#1805 = CARTESIAN_POINT ( 'NONE',  ( 0.3999999999999991340, 0.04999999999999991257, 0.9500000000000008438 ) ) ;
#1806 = VECTOR ( 'NONE', #81, 1000.000000000000227 ) ;
#1807 = AXIS2_PLACEMENT_3D ( 'NONE', #4080, #2143, #6408 ) ;
#1808 = ADVANCED_FACE ( 'NONE', ( #2633, #8800 ), #7634, .F. ) ;
#1809 = DIRECTION ( 'NONE',  ( -0.000000000000000000, 1.000000000000000000, -0.000000000000000000 ) ) ;
#1810 = EDGE_CURVE ( 'NONE', #5949, #8161, #2647, .T. ) ;
#1811 = VERTEX_POINT ( 'NONE', #7185 ) ;
#1812 = CARTESIAN_POINT ( 'NONE',  ( 1.499999999999998224, 0.000000000000000000, -0.6999999999999982903 ) ) ;
#1813 = LINE ( 'NONE', #5415, #8221 ) ;
#1814 = ORIENTED_EDGE ( 'NONE', *, *, #839, .T. ) ;
#1815 = ORIENTED_EDGE ( 'NONE', *, *, #8623, .T. ) ;
#1816 = VECTOR ( 'NONE', #3273, 1000.000000000000000 ) ;
#1817 = DIRECTION ( 'NONE',  ( 1.000000000000000000, 0.000000000000000000, 3.039819175193002819E-16 ) ) ;
#1818 = ORIENTED_EDGE ( 'NONE', *, *, #1986, .T. ) ;
#1819 = ORIENTED_EDGE ( 'NONE', *, *, #7920, .F. ) ;
#1820 = CARTESIAN_POINT ( 'NONE',  ( -1.499999999999999556, 0.04999999999999991257, -0.6999999999999978462 ) ) ;
#1821 = ORIENTED_EDGE ( 'NONE', *, *, #2276, .T. ) ;
#1822 = ORIENTED_EDGE ( 'NONE', *, *, #2452, .T. ) ;
#1823 = LINE ( 'NONE', #5408, #1861 ) ;
#1824 = CARTESIAN_POINT ( 'NONE',  ( 1.534381519444564690, 0.2999999999999999889, 1.124999999999999556 ) ) ;
#1825 = DIRECTION ( 'NONE',  ( -1.000000000000000000, 0.000000000000000000, 8.031127203596333067E-17 ) ) ;
#1826 = CARTESIAN_POINT ( 'NONE',  ( 0.9499999999999985123, 0.000000000000000000, -1.625000000000000000 ) ) ;
#1827 = VERTEX_POINT ( 'NONE', #7925 ) ;
#1828 = CARTESIAN_POINT ( 'NONE',  ( 1.414999999999999147, 0.3000000000000000444, 1.415000000000000702 ) ) ;
#1829 = EDGE_CURVE ( 'NONE', #4275, #9092, #8950, .T. ) ;
#1830 = ADVANCED_FACE ( 'NONE', ( #5937 ), #8839, .T. ) ;
#1831 = FACE_OUTER_BOUND ( 'NONE', #5878, .T. ) ;
#1832 = ORIENTED_EDGE ( 'NONE', *, *, #4116, .T. ) ;
#1833 = DIRECTION ( 'NONE',  ( 1.000000000000000000, 0.000000000000000000, -3.942553354492744024E-16 ) ) ;
#1834 = EDGE_CURVE ( 'NONE', #5157, #3765, #2914, .T. ) ;
#1835 = ORIENTED_EDGE ( 'NONE', *, *, #8357, .F. ) ;
#1836 = LINE ( 'NONE', #4971, #4809 ) ;
#1837 = CARTESIAN_POINT ( 'NONE',  ( 1.498813041477518960E-16, 1.920000000000000373, 1.223873726303005061 ) ) ;
#1838 = ORIENTED_EDGE ( 'NONE', *, *, #2125, .T. ) ;
#1839 = ORIENTED_EDGE ( 'NONE', *, *, #5235, .T. ) ;
#1840 = VECTOR ( 'NONE', #6730, 1000.000000000000000 ) ;
#1841 = CIRCLE ( 'NONE', #6912, 0.03000000000000007869 ) ;
#1842 = ORIENTED_EDGE ( 'NONE', *, *, #5665, .F. ) ;
#1843 = CARTESIAN_POINT ( 'NONE',  ( 0.000000000000000000, 0.8100000000000001643, -1.484999999999999654 ) ) ;
#1844 = CARTESIAN_POINT ( 'NONE',  ( 1.500000000000000000, 0.000000000000000000, 0.4000000000000000777 ) ) ;
#1845 = CARTESIAN_POINT ( 'NONE',  ( -0.3149999999999993916, 0.000000000000000000, -0.5300000000000001377 ) ) ;
#1846 = CARTESIAN_POINT ( 'NONE',  ( -0.9499999999999981792, 0.02500000000000000139, 1.625000000000000888 ) ) ;
#1847 = CARTESIAN_POINT ( 'NONE',  ( -0.9499999999999995115, 0.000000000000000000, -0.6999999999999979572 ) ) ;
#1848 = VECTOR ( 'NONE', #258, 1000.000000000000000 ) ;
#1849 = EDGE_CURVE ( 'NONE', #4707, #3268, #5715, .T. ) ;
#1850 = ORIENTED_EDGE ( 'NONE', *, *, #6323, .T. ) ;
#1851 = DIRECTION ( 'NONE',  ( 5.333528916197197309E-16, -0.000000000000000000, 1.000000000000000000 ) ) ;
#1852 = ORIENTED_EDGE ( 'NONE', *, *, #4330, .T. ) ;
#1853 = FACE_OUTER_BOUND ( 'NONE', #8008, .T. ) ;
#1854 = ADVANCED_FACE ( 'NONE', ( #5952 ), #438, .T. ) ;
#1855 = VERTEX_POINT ( 'NONE', #7998 ) ;
#1856 = ORIENTED_EDGE ( 'NONE', *, *, #5857, .F. ) ;
#1857 = LINE ( 'NONE', #3515, #7567 ) ;
#1858 = DIRECTION ( 'NONE',  ( 1.000000000000000000, 0.000000000000000000, 3.942553354492743038E-16 ) ) ;
#1859 = COLOUR_RGB ( '',1.000000000000000000, 0.8117647058823529438, 0.5019607843137254832 ) ;
#1860 = ORIENTED_EDGE ( 'NONE', *, *, #7659, .T. ) ;
#1861 = VECTOR ( 'NONE', #1276, 1000.000000000000000 ) ;
#1862 = EDGE_LOOP ( 'NONE', ( #7886, #4873, #4134, #881 ) ) ;
#1863 = DIRECTION ( 'NONE',  ( -5.421010862427517240E-16, 0.000000000000000000, -1.000000000000000000 ) ) ;
#1864 = DIRECTION ( 'NONE',  ( 0.000000000000000000, 1.000000000000000000, 0.000000000000000000 ) ) ;
#1865 = VECTOR ( 'NONE', #8689, 1000.000000000000000 ) ;
#1866 = PLANE ( 'NONE',  #5246 ) ;
#1867 = EDGE_LOOP ( 'NONE', ( #5115, #5971, #3569, #1738 ) ) ;
#1868 = CARTESIAN_POINT ( 'NONE',  ( 1.414999999999998925, 0.3000000000000000444, -1.444999999999999840 ) ) ;
#1869 = DIRECTION ( 'NONE',  ( 5.333528916197197309E-16, -0.000000000000000000, -1.000000000000000000 ) ) ;
#1870 = ORIENTED_EDGE ( 'NONE', *, *, #5550, .T. ) ;
#1871 = PLANE ( 'NONE',  #2076 ) ;
#1872 = VECTOR ( 'NONE', #2378, 1000.000000000000000 ) ;
#1873 = VERTEX_POINT ( 'NONE', #6733 ) ;
#1874 = CARTESIAN_POINT ( 'NONE',  ( 0.5349999999999999201, 0.05000000000000000278, 0.5300000000000002487 ) ) ;
#1875 = ORIENTED_EDGE ( 'NONE', *, *, #7303, .F. ) ;
#1876 = EDGE_LOOP ( 'NONE', ( #8175, #1429, #5393, #2086 ) ) ;
#1877 = FACE_OUTER_BOUND ( 'NONE', #6534, .T. ) ;
#1878 = LINE ( 'NONE', #5662, #5019 ) ;
#1879 = ORIENTED_EDGE ( 'NONE', *, *, #2752, .T. ) ;
#1880 = VECTOR ( 'NONE', #3498, 1000.000000000000000 ) ;
#1881 = ORIENTED_EDGE ( 'NONE', *, *, #8903, .T. ) ;
#1882 = CARTESIAN_POINT ( 'NONE',  ( 1.624999999999997558, 0.3200000000000000067, 1.124999999999998668 ) ) ;
#1883 = VECTOR ( 'NONE', #2421, 1000.000000000000000 ) ;
#1884 = VERTEX_POINT ( 'NONE', #5280 ) ;
#1885 = ORIENTED_EDGE ( 'NONE', *, *, #6793, .T. ) ;
#1886 = VECTOR ( 'NONE', #1863, 1000.000000000000000 ) ;
#1887 = CARTESIAN_POINT ( 'NONE',  ( -0.9500000000000012879, 1.556154042586614050, 0.6999999999999988454 ) ) ;
#1888 = ORIENTED_EDGE ( 'NONE', *, *, #2798, .F. ) ;
#1889 = ORIENTED_EDGE ( 'NONE', *, *, #2016, .F. ) ;
#1890 = DIRECTION ( 'NONE',  ( 1.000000000000000000, 0.000000000000000000, 9.571576710093073577E-15 ) ) ;
#1891 = LINE ( 'NONE', #3847, #1983 ) ;
#1892 = CARTESIAN_POINT ( 'NONE',  ( 0.9499999999999982903, 0.02500000000000000139, -0.6999999999999984013 ) ) ;
#1893 = VECTOR ( 'NONE', #7698, 1000.000000000000000 ) ;
#1894 = VERTEX_POINT ( 'NONE', #5411 ) ;
#1895 = VECTOR ( 'NONE', #7340, 1000.000000000000000 ) ;
#1896 = EDGE_CURVE ( 'NONE', #8688, #3983, #8812, .T. ) ;
#1897 = CARTESIAN_POINT ( 'NONE',  ( 0.000000000000000000, 0.000000000000000000, 0.000000000000000000 ) ) ;
#1898 = DIRECTION ( 'NONE',  ( -1.000000000000000000, 0.000000000000000000, -2.710505431213764043E-16 ) ) ;
#1899 = ADVANCED_FACE ( 'NONE', ( #5966 ), #8844, .F. ) ;
#1900 = FILL_AREA_STYLE ('',( #8146 ) ) ;
#1901 = CARTESIAN_POINT ( 'NONE',  ( 0.000000000000000000, 0.000000000000000000, 0.000000000000000000 ) ) ;
#1902 = CARTESIAN_POINT ( 'NONE',  ( 1.414999999999999147, 0.3200000000000000067, 1.445000000000000728 ) ) ;
#1903 = DIRECTION ( 'NONE',  ( 0.000000000000000000, -0.000000000000000000, 1.000000000000000000 ) ) ;
#1904 = AXIS2_PLACEMENT_3D ( 'NONE', #685, #9032, #8513 ) ;
#1905 = LINE ( 'NONE', #3095, #4882 ) ;
#1906 = ORIENTED_EDGE ( 'NONE', *, *, #970, .T. ) ;
#1907 = FILL_AREA_STYLE_COLOUR ( '', #8799 ) ;
#1908 = LINE ( 'NONE', #5788, #1872 ) ;
#1909 = AXIS2_PLACEMENT_3D ( 'NONE', #7805, #2916, #6481 ) ;
#1910 = DIRECTION ( 'NONE',  ( 0.000000000000000000, -0.000000000000000000, -1.000000000000000000 ) ) ;
#1911 = ORIENTED_EDGE ( 'NONE', *, *, #7702, .F. ) ;
#1912 = EDGE_LOOP ( 'NONE', ( #2652, #2935, #14, #7960 ) ) ;
#1913 = LINE ( 'NONE', #1511, #2054 ) ;
#1914 = FACE_OUTER_BOUND ( 'NONE', #9056, .T. ) ;
#1915 = ORIENTED_EDGE ( 'NONE', *, *, #7622, .T. ) ;
#1916 = VECTOR ( 'NONE', #6233, 1000.000000000000000 ) ;
#1917 = EDGE_CURVE ( 'NONE', #3091, #7757, #2778, .T. ) ;
#1918 = CARTESIAN_POINT ( 'NONE',  ( 0.9499999999999985123, 4.621194077712559078, -1.625000000000000000 ) ) ;
#1919 = CARTESIAN_POINT ( 'NONE',  ( 0.000000000000000000, 0.000000000000000000, 0.000000000000000000 ) ) ;
#1920 =( NAMED_UNIT ( * ) SI_UNIT ( $, .STERADIAN. ) SOLID_ANGLE_UNIT ( ) );
#1921 = ORIENTED_EDGE ( 'NONE', *, *, #5223, .F. ) ;
#1922 = CARTESIAN_POINT ( 'NONE',  ( 0.000000000000000000, 0.8100000000000000533, 0.000000000000000000 ) ) ;
#1923 = ADVANCED_FACE ( 'NONE', ( #5848 ), #1750, .F. ) ;
#1924 = FACE_OUTER_BOUND ( 'NONE', #5566, .T. ) ;
#1925 = AXIS2_PLACEMENT_3D ( 'NONE', #5455, #6014, #8692 ) ;
#1926 = ORIENTED_EDGE ( 'NONE', *, *, #5526, .F. ) ;
#1927 = VECTOR ( 'NONE', #4527, 1000.000000000000000 ) ;
#1928 = EDGE_CURVE ( 'NONE', #8615, #6180, #8904, .T. ) ;
#1929 = EDGE_CURVE ( 'NONE', #6168, #18, #8670, .T. ) ;
#1930 = ORIENTED_EDGE ( 'NONE', *, *, #3362, .F. ) ;
#1931 = VERTEX_POINT ( 'NONE', #4617 ) ;
#1932 = FACE_OUTER_BOUND ( 'NONE', #1876, .T. ) ;
#1933 = CARTESIAN_POINT ( 'NONE',  ( 0.4000000000000001887, 0.000000000000000000, -1.499999999999999778 ) ) ;
#1934 = LINE ( 'NONE', #3006, #8004 ) ;
#1935 = ORIENTED_EDGE ( 'NONE', *, *, #3726, .T. ) ;
#1936 = LINE ( 'NONE', #6765, #7968 ) ;
#1937 = ORIENTED_EDGE ( 'NONE', *, *, #7804, .F. ) ;
#1938 = CARTESIAN_POINT ( 'NONE',  ( 1.787984326755135421E-16, 1.649999999999999911, 1.459999999999999964 ) ) ;
#1939 = CARTESIAN_POINT ( 'NONE',  ( 0.5349999999999999201, 0.000000000000000000, 0.5300000000000002487 ) ) ;
#1940 = LINE ( 'NONE', #3416, #5031 ) ;
#1941 = CARTESIAN_POINT ( 'NONE',  ( 0.3999999999999993006, 0.05000000000000000278, 1.500000000000000666 ) ) ;
#1942 = EDGE_LOOP ( 'NONE', ( #5383, #9037, #5352, #5498 ) ) ;
#1943 = CARTESIAN_POINT ( 'NONE',  ( 0.3999999999999993006, 0.000000000000000000, 1.500000000000000666 ) ) ;
#1944 =( GEOMETRIC_REPRESENTATION_CONTEXT ( 3 ) GLOBAL_UNCERTAINTY_ASSIGNED_CONTEXT ( ( #4817 ) ) GLOBAL_UNIT_ASSIGNED_CONTEXT ( ( #6718, #474, #5447 ) ) REPRESENTATION_CONTEXT ( 'NONE', 'WORKASPACE' ) );
#1945 = CARTESIAN_POINT ( 'NONE',  ( -0.9500000000000012879, 0.05000000000000000278, 0.6999999999999988454 ) ) ;
#1946 = LINE ( 'NONE', #3215, #8056 ) ;
#1947 = EDGE_LOOP ( 'NONE', ( #840, #1930, #6964, #4148 ) ) ;
#1948 = DIRECTION ( 'NONE',  ( -1.000000000000000000, 0.000000000000000000, 2.956915015869558757E-16 ) ) ;
#1949 = CARTESIAN_POINT ( 'NONE',  ( -0.9499999999999992895, 4.621194077712559078, 0.4000000000000016320 ) ) ;
#1950 = ORIENTED_EDGE ( 'NONE', *, *, #2797, .F. ) ;
#1951 = ORIENTED_EDGE ( 'NONE', *, *, #6857, .F. ) ;
#1952 = VECTOR ( 'NONE', #3117, 1000.000000000000000 ) ;
#1953 = VERTEX_POINT ( 'NONE', #3297 ) ;
#1954 = LINE ( 'NONE', #6694, #7954 ) ;
#1955 = EDGE_CURVE ( 'NONE', #3263, #8520, #8717, .T. ) ;
#1956 = PLANE ( 'NONE',  #1925 ) ;
#1957 = ORIENTED_EDGE ( 'NONE', *, *, #5049, .T. ) ;
#1958 = DIRECTION ( 'NONE',  ( 1.000000000000000000, 0.000000000000000000, -1.971276677246371519E-16 ) ) ;
#1959 = VECTOR ( 'NONE', #639, 1000.000000000000000 ) ;
#1960 = ORIENTED_EDGE ( 'NONE', *, *, #5126, .F. ) ;
#1961 = FACE_OUTER_BOUND ( 'NONE', #3670, .T. ) ;
#1962 = EDGE_LOOP ( 'NONE', ( #2090, #1879, #3942, #8333 ) ) ;
#1963 = VERTEX_POINT ( 'NONE', #3186 ) ;
#1964 = ORIENTED_EDGE ( 'NONE', *, *, #1273, .F. ) ;
#1965 = CIRCLE ( 'NONE', #8852, 0.04000000000000010492 ) ;
#1966 = CARTESIAN_POINT ( 'NONE',  ( -1.499999999999999556, 0.05000000000000000278, -0.6999999999999978462 ) ) ;
#1967 = FACE_OUTER_BOUND ( 'NONE', #1480, .T. ) ;
#1968 = EDGE_CURVE ( 'NONE', #2527, #7665, #2663, .T. ) ;
#1969 = ORIENTED_EDGE ( 'NONE', *, *, #6648, .F. ) ;
#1970 = SURFACE_STYLE_FILL_AREA ( #574 ) ;
#1971 = CARTESIAN_POINT ( 'NONE',  ( 1.499999999999998446, 0.05000000000000000278, -1.499999999999997780 ) ) ;
#1972 = CARTESIAN_POINT ( 'NONE',  ( -1.624999999999998446, 0.000000000000000000, 0.6999999999999981792 ) ) ;
#1973 = ORIENTED_EDGE ( 'NONE', *, *, #1578, .T. ) ;
#1974 = CARTESIAN_POINT ( 'NONE',  ( 1.610410540878769230E-16, 0.8500000000000000888, 1.314999999999999725 ) ) ;
#1975 = LINE ( 'NONE', #3615, #1865 ) ;
#1976 = ORIENTED_EDGE ( 'NONE', *, *, #6930, .T. ) ;
#1977 =( NAMED_UNIT ( * ) SI_UNIT ( $, .STERADIAN. ) SOLID_ANGLE_UNIT ( ) );
#1978 = VECTOR ( 'NONE', #273, 1000.000000000000000 ) ;
#1979 = CARTESIAN_POINT ( 'NONE',  ( 1.624999999999999778, 0.000000000000000000, -0.3999999999999999667 ) ) ;
#1980 = ORIENTED_EDGE ( 'NONE', *, *, #3221, .F. ) ;
#1981 = ORIENTED_EDGE ( 'NONE', *, *, #4422, .T. ) ;
#1982 = ORIENTED_EDGE ( 'NONE', *, *, #132, .T. ) ;
#1983 = VECTOR ( 'NONE', #4546, 1000.000000000000000 ) ;
#1984 = LINE ( 'NONE', #8538, #7744 ) ;
#1985 = EDGE_LOOP ( 'NONE', ( #25, #3371, #8358, #2221 ) ) ;
#1986 = EDGE_CURVE ( 'NONE', #7875, #5668, #2682, .T. ) ;
#1987 = VECTOR ( 'NONE', #4952, 1000.000000000000000 ) ;
#1988 = DIRECTION ( 'NONE',  ( 2.168404344971002557E-15, 0.000000000000000000, 1.000000000000000000 ) ) ;
#1989 = ADVANCED_FACE ( 'NONE', ( #5861 ), #3859, .F. ) ;
#1990 = DIRECTION ( 'NONE',  ( -8.031127203596334299E-17, 0.000000000000000000, 1.000000000000000000 ) ) ;
#1991 = DIRECTION ( 'NONE',  ( -2.956915015869558757E-16, 0.000000000000000000, 1.000000000000000000 ) ) ;
#1992 = CARTESIAN_POINT ( 'NONE',  ( -0.9499999999999981792, 0.000000000000000000, 1.625000000000000888 ) ) ;
#1993 = LINE ( 'NONE', #2819, #5050 ) ;
#1994 = VERTEX_POINT ( 'NONE', #8208 ) ;
#1995 = EDGE_CURVE ( 'NONE', #5839, #2704, #8875, .T. ) ;
#1996 = ORIENTED_EDGE ( 'NONE', *, *, #7032, .T. ) ;
#1997 = EDGE_LOOP ( 'NONE', ( #849, #824 ) ) ;
#1998 = CARTESIAN_POINT ( 'NONE',  ( 1.534381519444564690, 0.3200000000000000067, 1.464381519444567070 ) ) ;
#1999 = FACE_BOUND ( 'NONE', #388, .T. ) ;
#2000 = ORIENTED_EDGE ( 'NONE', *, *, #1765, .F. ) ;
#2001 = DIRECTION ( 'NONE',  ( 0.000000000000000000, -1.000000000000000000, 0.000000000000000000 ) ) ;
#2002 = DIRECTION ( 'NONE',  ( 0.7071067811865469066, 0.000000000000000000, 0.7071067811865482389 ) ) ;
#2003 = ADVANCED_FACE ( 'NONE', ( #8767 ), #4683, .F. ) ;
#2004 = VECTOR ( 'NONE', #2544, 1000.000000000000000 ) ;
#2005 = PLANE ( 'NONE',  #6616 ) ;
#2006 = ORIENTED_EDGE ( 'NONE', *, *, #524, .F. ) ;
#2007 = ORIENTED_EDGE ( 'NONE', *, *, #5431, .F. ) ;
#2008 = DIRECTION ( 'NONE',  ( -1.971276677246371765E-16, 0.000000000000000000, -1.000000000000000000 ) ) ;
#2009 = VECTOR ( 'NONE', #6118, 1000.000000000000000 ) ;
#2010 = VERTEX_POINT ( 'NONE', #1687 ) ;
#2011 =( GEOMETRIC_REPRESENTATION_CONTEXT ( 3 ) GLOBAL_UNCERTAINTY_ASSIGNED_CONTEXT ( ( #6299 ) ) GLOBAL_UNIT_ASSIGNED_CONTEXT ( ( #4703, #453, #287 ) ) REPRESENTATION_CONTEXT ( 'NONE', 'WORKASPACE' ) );
#2012 = CARTESIAN_POINT ( 'NONE',  ( 0.9499999999999982903, 0.000000000000000000, -0.6999999999999984013 ) ) ;
#2013 = CARTESIAN_POINT ( 'NONE',  ( -1.625000000000000222, 0.02500000000000000139, -0.6999999999999972911 ) ) ;
#2014 = ORIENTED_EDGE ( 'NONE', *, *, #5996, .F. ) ;
#2015 = LINE ( 'NONE', #2785, #8094 ) ;
#2016 = EDGE_CURVE ( 'NONE', #6570, #5810, #2706, .T. ) ;
#2017 = ORIENTED_EDGE ( 'NONE', *, *, #2309, .T. ) ;
#2018 = CARTESIAN_POINT ( 'NONE',  ( 1.444999999999998286, 0.3400000000000000244, 1.199999999999999512 ) ) ;
#2019 = EDGE_LOOP ( 'NONE', ( #5300, #7069, #5972, #5314 ) ) ;
#2020 = CARTESIAN_POINT ( 'NONE',  ( 1.624999999999997558, 0.3400000000000000244, -1.124999999999997780 ) ) ;
#2021 = LINE ( 'NONE', #7690, #4959 ) ;
#2022 = ORIENTED_EDGE ( 'NONE', *, *, #3795, .F. ) ;
#2023 = LINE ( 'NONE', #7331, #2129 ) ;
#2024 = ADVANCED_FACE ( 'NONE', ( #5893 ), #8920, .F. ) ;
#2025 = DIRECTION ( 'NONE',  ( 2.344220913482167712E-16, -0.000000000000000000, -1.000000000000000000 ) ) ;
#2026 = ORIENTED_EDGE ( 'NONE', *, *, #2797, .T. ) ;
#2027 = ORIENTED_EDGE ( 'NONE', *, *, #811, .F. ) ;
#2028 = CARTESIAN_POINT ( 'NONE',  ( -0.9499999999999998446, 0.02500000000000000139, -1.625000000000000000 ) ) ;
#2029 = FACE_OUTER_BOUND ( 'NONE', #1308, .T. ) ;
#2030 = CARTESIAN_POINT ( 'NONE',  ( -1.500000000000001332, 0.000000000000000000, 0.6999999999999987343 ) ) ;
#2031 = AXIS2_PLACEMENT_3D ( 'NONE', #5687, #7724, #3582 ) ;
#2032 = LINE ( 'NONE', #5460, #8300 ) ;
#2033 = ORIENTED_EDGE ( 'NONE', *, *, #4372, .F. ) ;
#2034 = LINE ( 'NONE', #64, #2152 ) ;
#2035 = CARTESIAN_POINT ( 'NONE',  ( 1.500000000000000000, 1.556154042586614050, 0.7000000000000003997 ) ) ;
#2036 = CARTESIAN_POINT ( 'NONE',  ( 1.464381519444564628, 0.2999999999999999889, -1.534381519444566244 ) ) ;
#2037 = EDGE_CURVE ( 'NONE', #5372, #3091, #5907, .T. ) ;
#2038 = EDGE_LOOP ( 'NONE', ( #2370, #7988, #5510, #8500 ) ) ;
#2039 = DIRECTION ( 'NONE',  ( -1.000000000000000000, 0.000000000000000000, 1.971276677246372012E-16 ) ) ;
#2040 = DIRECTION ( 'NONE',  ( -1.224646799147349509E-16, 0.000000000000000000, -1.000000000000000000 ) ) ;
#2041 = VERTEX_POINT ( 'NONE', #6957 ) ;
#2042 = CARTESIAN_POINT ( 'NONE',  ( 0.3999999999999991340, 0.000000000000000000, 0.9500000000000008438 ) ) ;
#2043 = VECTOR ( 'NONE', #2564, 1000.000000000000000 ) ;
#2044 = DIRECTION ( 'NONE',  ( -1.000000000000000000, 0.000000000000000000, 5.421010862427517240E-16 ) ) ;
#2045 = ORIENTED_EDGE ( 'NONE', *, *, #4013, .T. ) ;
#2046 = CARTESIAN_POINT ( 'NONE',  ( -0.9500000000000009548, 0.000000000000000000, -0.4000000000000007994 ) ) ;
#2047 = CARTESIAN_POINT ( 'NONE',  ( 1.444999999999999174, 0.3200000000000000067, 1.415000000000000480 ) ) ;
#2048 = EDGE_CURVE ( 'NONE', #4811, #1197, #9064, .T. ) ;
#2049 = LINE ( 'NONE', #6760, #7904 ) ;
#2050 = DIRECTION ( 'NONE',  ( 0.000000000000000000, 1.000000000000000000, 0.000000000000000000 ) ) ;
#2051 = ORIENTED_EDGE ( 'NONE', *, *, #8926, .F. ) ;
#2052 = ORIENTED_EDGE ( 'NONE', *, *, #524, .T. ) ;
#2053 = ORIENTED_EDGE ( 'NONE', *, *, #8570, .F. ) ;
#2054 = VECTOR ( 'NONE', #1455, 1000.000000000000000 ) ;
#2055 = ORIENTED_EDGE ( 'NONE', *, *, #9036, .F. ) ;
#2056 = VECTOR ( 'NONE', #9, 1000.000000000000000 ) ;
#2057 = AXIS2_PLACEMENT_3D ( 'NONE', #2996, #6393, #6543 ) ;
#2058 = CARTESIAN_POINT ( 'NONE',  ( -1.625000000000003775, 0.3200000000000000067, 0.3999999999999832023 ) ) ;
#2059 = CARTESIAN_POINT ( 'NONE',  ( 1.534381519444564690, 0.3200000000000000067, 1.124999999999999556 ) ) ;
#2060 = STYLED_ITEM ( 'NONE', ( #7912 ), #8739 ) ;
#2061 = CARTESIAN_POINT ( 'NONE',  ( -0.5350000000000001421, 0.05000000000000000278, 0.5299999999999999156 ) ) ;
#2062 = ORIENTED_EDGE ( 'NONE', *, *, #6232, .F. ) ;
#2063 = VERTEX_POINT ( 'NONE', #2976 ) ;
#2064 = LINE ( 'NONE', #5153, #8036 ) ;
#2065 = ORIENTED_EDGE ( 'NONE', *, *, #8275, .T. ) ;
#2066 = EDGE_LOOP ( 'NONE', ( #1564, #2181, #8252, #5913 ) ) ;
#2067 = ORIENTED_EDGE ( 'NONE', *, *, #504, .F. ) ;
#2068 = VECTOR ( 'NONE', #3231, 1000.000000000000000 ) ;
#2069 = DIRECTION ( 'NONE',  ( 0.000000000000000000, -0.000000000000000000, 1.000000000000000000 ) ) ;
#2070 = DIRECTION ( 'NONE',  ( -0.000000000000000000, 1.000000000000000000, -0.000000000000000000 ) ) ;
#2071 = FACE_OUTER_BOUND ( 'NONE', #2857, .T. ) ;
#2072 = ORIENTED_EDGE ( 'NONE', *, *, #6296, .T. ) ;
#2073 = LINE ( 'NONE', #5667, #1880 ) ;
#2074 = VERTEX_POINT ( 'NONE', #3468 ) ;
#2075 = ADVANCED_FACE ( 'NONE', ( #9096 ), #8452, .T. ) ;
#2076 = AXIS2_PLACEMENT_3D ( 'NONE', #6659, #2008, #7520 ) ;
#2077 = CARTESIAN_POINT ( 'NONE',  ( 0.000000000000000000, 1.610000000000000098, 0.000000000000000000 ) ) ;
#2078 = CARTESIAN_POINT ( 'NONE',  ( 1.414999999999998925, 0.3200000000000000067, -1.444999999999999840 ) ) ;
#2079 = CIRCLE ( 'NONE', #1275, 0.04000000000000010492 ) ;
#2080 = DIRECTION ( 'NONE',  ( -8.031127203596334299E-17, 0.000000000000000000, 1.000000000000000000 ) ) ;
#2081 = ORIENTED_EDGE ( 'NONE', *, *, #6287, .F. ) ;
#2082 = PLANE ( 'NONE',  #5804 ) ;
#2083 = LINE ( 'NONE', #7398, #7997 ) ;
#2084 = DIRECTION ( 'NONE',  ( 0.000000000000000000, 1.000000000000000000, 0.000000000000000000 ) ) ;
#2085 = DIRECTION ( 'NONE',  ( 0.000000000000000000, 0.000000000000000000, 1.000000000000000000 ) ) ;
#2086 = ORIENTED_EDGE ( 'NONE', *, *, #7835, .T. ) ;
#2087 = VECTOR ( 'NONE', #7350, 1000.000000000000000 ) ;
#2088 = DIRECTION ( 'NONE',  ( -0.000000000000000000, 0.000000000000000000, 1.000000000000000000 ) ) ;
#2089 = SHAPE_DEFINITION_REPRESENTATION ( #4502, #3533 ) ;
#2090 = ORIENTED_EDGE ( 'NONE', *, *, #1986, .F. ) ;
#2091 = ORIENTED_EDGE ( 'NONE', *, *, #8357, .T. ) ;
#2092 = CARTESIAN_POINT ( 'NONE',  ( 1.624999999999999778, 0.000000000000000000, -1.625000000000000000 ) ) ;
#2093 = VERTEX_POINT ( 'NONE', #4976 ) ;
#2094 = DIRECTION ( 'NONE',  ( 0.000000000000000000, 1.000000000000000000, 0.000000000000000000 ) ) ;
#2095 = ADVANCED_FACE ( 'NONE', ( #6127 ), #7018, .F. ) ;
#2096 = FACE_OUTER_BOUND ( 'NONE', #4262, .T. ) ;
#2097 = EDGE_CURVE ( 'NONE', #1724, #1370, #6197, .T. ) ;
#2098 = ORIENTED_EDGE ( 'NONE', *, *, #5979, .T. ) ;
#2099 = VECTOR ( 'NONE', #4724, 1000.000000000000000 ) ;
#2100 = CARTESIAN_POINT ( 'NONE',  ( 0.9499999999999987343, 0.02499999999999984873, 0.6999999999999992895 ) ) ;
#2101 = EDGE_LOOP ( 'NONE', ( #2067, #8880, #7548, #5761, #8645, #7963 ) ) ;
#2102 = CARTESIAN_POINT ( 'NONE',  ( 1.624999999999999778, 0.000000000000000000, 0.4000000000000008549 ) ) ;
#2103 = VECTOR ( 'NONE', #2155, 1000.000000000000000 ) ;
#2104 = AXIS2_PLACEMENT_3D ( 'NONE', #3880, #190, #5302 ) ;
#2105 = CARTESIAN_POINT ( 'NONE',  ( -1.625000000000000222, 0.3400000000000000244, -1.625000000000000000 ) ) ;
#2106 = LINE ( 'NONE', #6019, #5275 ) ;
#2107 = ORIENTED_EDGE ( 'NONE', *, *, #2890, .F. ) ;
#2108 = VECTOR ( 'NONE', #1497, 1000.000000000000000 ) ;
#2109 = CARTESIAN_POINT ( 'NONE',  ( 1.500000000000000000, 0.000000000000000000, 0.6999999999999990674 ) ) ;
#2110 = CARTESIAN_POINT ( 'NONE',  ( -1.624999999999998446, 0.000000000000000000, 0.4000000000000019096 ) ) ;
#2111 = DIRECTION ( 'NONE',  ( 0.000000000000000000, 0.000000000000000000, -1.000000000000000000 ) ) ;
#2112 = COLOUR_RGB ( '',1.000000000000000000, 0.8117647058823529438, 0.5019607843137254832 ) ;
#2113 = ORIENTED_EDGE ( 'NONE', *, *, #8932, .T. ) ;
#2114 = EDGE_CURVE ( 'NONE', #7647, #4688, #5995, .T. ) ;
#2115 = CIRCLE ( 'NONE', #6092, 0.03000000000000007869 ) ;
#2116 = ADVANCED_FACE ( 'NONE', ( #3163 ), #7801, .F. ) ;
#2117 = CARTESIAN_POINT ( 'NONE',  ( -1.500000000000001332, 0.000000000000000000, 0.6999999999999987343 ) ) ;
#2118 = ORIENTED_EDGE ( 'NONE', *, *, #5838, .F. ) ;
#2119 = LINE ( 'NONE', #6248, #4910 ) ;
#2120 = VECTOR ( 'NONE', #547, 1000.000000000000000 ) ;
#2121 = ORIENTED_EDGE ( 'NONE', *, *, #7637, .T. ) ;
#2122 = CARTESIAN_POINT ( 'NONE',  ( -1.464381519444566182, 0.3200000000000000067, 1.464381519444565294 ) ) ;
#2123 = CARTESIAN_POINT ( 'NONE',  ( -0.4000000000000007438, 1.556154042586614050, 0.9500000000000010658 ) ) ;
#2124 = DIRECTION ( 'NONE',  ( -2.344220913482167712E-16, 0.000000000000000000, -1.000000000000000000 ) ) ;
#2125 = EDGE_CURVE ( 'NONE', #8544, #5286, #3177, .T. ) ;
#2126 = ORIENTED_EDGE ( 'NONE', *, *, #663, .T. ) ;
#2127 = VECTOR ( 'NONE', #7229, 1000.000000000000000 ) ;
#2128 = VERTEX_POINT ( 'NONE', #2036 ) ;
#2129 = VECTOR ( 'NONE', #995, 1000.000000000000000 ) ;
#2130 = EDGE_LOOP ( 'NONE', ( #1533, #9070, #4944, #7818, #7771, #1850 ) ) ;
#2131 = LINE ( 'NONE', #6829, #8270 ) ;
#2132 = CARTESIAN_POINT ( 'NONE',  ( 1.444999999999999174, 0.3000000000000000444, 1.415000000000000480 ) ) ;
#2133 = CARTESIAN_POINT ( 'NONE',  ( 1.867586368699713573E-16, 0.000000000000000000, 1.524999999999999911 ) ) ;
#2134 = EDGE_CURVE ( 'NONE', #7533, #6931, #6140, .T. ) ;
#2135 = EDGE_LOOP ( 'NONE', ( #4034, #6293, #565, #6547 ) ) ;
#2136 = LINE ( 'NONE', #4264, #2108 ) ;
#2137 = AXIS2_PLACEMENT_3D ( 'NONE', #7652, #5864, #187 ) ;
#2138 = DIRECTION ( 'NONE',  ( -0.000000000000000000, -1.000000000000000000, -0.000000000000000000 ) ) ;
#2139 = VECTOR ( 'NONE', #368, 1000.000000000000000 ) ;
#2140 = EDGE_CURVE ( 'NONE', #5262, #8981, #6024, .T. ) ;
#2141 = CARTESIAN_POINT ( 'NONE',  ( 1.624999999999999778, 4.621194077712559078, 0.4000000000000008549 ) ) ;
#2142 = VERTEX_POINT ( 'NONE', #2170 ) ;
#2143 = DIRECTION ( 'NONE',  ( -0.000000000000000000, -1.000000000000000000, -0.000000000000000000 ) ) ;
#2144 = CARTESIAN_POINT ( 'NONE',  ( 0.000000000000000000, 1.920000000000000373, 0.000000000000000000 ) ) ;
#2145 = CIRCLE ( 'NONE', #8816, 1.459999999999999742 ) ;
#2146 = CARTESIAN_POINT ( 'NONE',  ( -0.9500000000000009548, 0.02500000000000000139, -0.4000000000000007994 ) ) ;
#2147 = CARTESIAN_POINT ( 'NONE',  ( 0.9499999999999982903, 0.02499999999999984873, -0.6999999999999984013 ) ) ;
#2148 = CARTESIAN_POINT ( 'NONE',  ( 1.124999999999999778, 0.3400000000000000244, -1.625000000000000000 ) ) ;
#2149 = ORIENTED_EDGE ( 'NONE', *, *, #8590, .T. ) ;
#2150 = LINE ( 'NONE', #8063, #4983 ) ;
#2151 = ORIENTED_EDGE ( 'NONE', *, *, #5626, .F. ) ;
#2152 = VECTOR ( 'NONE', #115, 1000.000000000000000 ) ;
#2153 = ADVANCED_FACE ( 'NONE', ( #3093 ), #2735, .T. ) ;
#2154 = DIRECTION ( 'NONE',  ( 6.400234699436636771E-15, -0.000000000000000000, -1.000000000000000000 ) ) ;
#2155 = DIRECTION ( 'NONE',  ( -0.000000000000000000, 1.000000000000000000, -0.000000000000000000 ) ) ;
#2156 = AXIS2_PLACEMENT_3D ( 'NONE', #8865, #9052, #1783 ) ;
#2157 = ORIENTED_EDGE ( 'NONE', *, *, #846, .T. ) ;
#2158 = LINE ( 'NONE', #5845, #7924 ) ;
#2159 = EDGE_CURVE ( 'NONE', #3657, #1669, #22, .T. ) ;
#2160 = EDGE_CURVE ( 'NONE', #500, #8787, #9082, .T. ) ;
#2161 = EDGE_LOOP ( 'NONE', ( #2487, #5213, #2917, #5457 ) ) ;
#2162 = CARTESIAN_POINT ( 'NONE',  ( -1.500000000000001332, 0.05000000000000000278, 0.6999999999999987343 ) ) ;
#2163 = ORIENTED_EDGE ( 'NONE', *, *, #684, .F. ) ;
#2164 = DIRECTION ( 'NONE',  ( 0.000000000000000000, 0.000000000000000000, -1.000000000000000000 ) ) ;
#2165 = LINE ( 'NONE', #2020, #5016 ) ;
#2166 = DIRECTION ( 'NONE',  ( 0.000000000000000000, -1.000000000000000000, 0.000000000000000000 ) ) ;
#2167 = EDGE_LOOP ( 'NONE', ( #3789, #2977, #4308, #3999 ) ) ;
#2168 = PLANE ( 'NONE',  #6881 ) ;
#2169 = DIRECTION ( 'NONE',  ( 0.000000000000000000, -0.000000000000000000, 1.000000000000000000 ) ) ;
#2170 = CARTESIAN_POINT ( 'NONE',  ( -1.534381519444566022, 0.3200000000000000067, 1.464381519444565294 ) ) ;
#2171 = ORIENTED_EDGE ( 'NONE', *, *, #504, .T. ) ;
#2172 = DIRECTION ( 'NONE',  ( 0.000000000000000000, 1.000000000000000000, 0.000000000000000000 ) ) ;
#2173 = EDGE_CURVE ( 'NONE', #3574, #7172, #3193, .T. ) ;
#2174 = ORIENTED_EDGE ( 'NONE', *, *, #6781, .F. ) ;
#2175 = VECTOR ( 'NONE', #3206, 1000.000000000000227 ) ;
#2176 = ORIENTED_EDGE ( 'NONE', *, *, #2387, .T. ) ;
#2177 = PLANE ( 'NONE',  #4386 ) ;
#2178 = AXIS2_PLACEMENT_3D ( 'NONE', #1019, #8704, #5277 ) ;
#2179 = CARTESIAN_POINT ( 'NONE',  ( 0.000000000000000000, 0.3400000000000000244, -1.524999999999999911 ) ) ;
#2180 = EDGE_CURVE ( 'NONE', #2514, #4707, #3081, .T. ) ;
#2181 = ORIENTED_EDGE ( 'NONE', *, *, #3257, .T. ) ;
#2182 = VECTOR ( 'NONE', #7473, 1000.000000000000000 ) ;
#2183 = ORIENTED_EDGE ( 'NONE', *, *, #7167, .T. ) ;
#2184 = FACE_OUTER_BOUND ( 'NONE', #3784, .T. ) ;
#2185 = DIRECTION ( 'NONE',  ( -3.516331370223249842E-16, 0.000000000000000000, -1.000000000000000000 ) ) ;
#2186 = FILL_AREA_STYLE ('',( #8517 ) ) ;
#2187 = CARTESIAN_POINT ( 'NONE',  ( -0.5350000000000001421, 0.04999999999999991257, 0.5299999999999999156 ) ) ;
#2188 = PLANE ( 'NONE',  #8375 ) ;
#2189 = VECTOR ( 'NONE', #4048, 1000.000000000000000 ) ;
#2190 = CARTESIAN_POINT ( 'NONE',  ( 0.000000000000000000, 1.609999999999999876, -1.314999999999999947 ) ) ;
#2191 = ORIENTED_EDGE ( 'NONE', *, *, #5364, .T. ) ;
#2192 = MECHANICAL_DESIGN_GEOMETRIC_PRESENTATION_REPRESENTATION (  '', ( #5694 ), #7486 ) ;
#2193 = VERTEX_POINT ( 'NONE', #5633 ) ;
#2194 = LINE ( 'NONE', #1667, #8151 ) ;
#2195 = DIRECTION ( 'NONE',  ( 9.637352644315586861E-16, 0.000000000000000000, 1.000000000000000000 ) ) ;
#2196 = CARTESIAN_POINT ( 'NONE',  ( 1.499999999999998446, 0.05000000000000000278, -1.499999999999997780 ) ) ;
#2197 = EDGE_CURVE ( 'NONE', #6678, #3513, #6269, .T. ) ;
#2198 = ORIENTED_EDGE ( 'NONE', *, *, #3556, .T. ) ;
#2199 = VECTOR ( 'NONE', #4801, 1000.000000000000000 ) ;
#2200 = PLANE ( 'NONE',  #5351 ) ;
#2201 = EDGE_LOOP ( 'NONE', ( #2254, #2098, #6688, #4719 ) ) ;
#2202 = VECTOR ( 'NONE', #7144, 1000.000000000000000 ) ;
#2203 = ORIENTED_EDGE ( 'NONE', *, *, #1631, .T. ) ;
#2204 = DIRECTION ( 'NONE',  ( 0.000000000000000000, 0.000000000000000000, 1.000000000000000000 ) ) ;
#2205 = DIRECTION ( 'NONE',  ( 0.000000000000000000, 1.000000000000000000, -0.000000000000000000 ) ) ;
#2206 = DIRECTION ( 'NONE',  ( -0.000000000000000000, -1.000000000000000000, -0.000000000000000000 ) ) ;
#2207 = CARTESIAN_POINT ( 'NONE',  ( 1.124999999999999778, 0.3200000000000000067, -1.534381519444566244 ) ) ;
#2208 = ADVANCED_FACE ( 'NONE', ( #3065 ), #1049, .T. ) ;
#2209 = ORIENTED_EDGE ( 'NONE', *, *, #2276, .F. ) ;
#2210 = LINE ( 'NONE', #6668, #2182 ) ;
#2211 = EDGE_LOOP ( 'NONE', ( #44, #636, #3607, #7440 ) ) ;
#2212 = VECTOR ( 'NONE', #2599, 1000.000000000000000 ) ;
#2213 = DIRECTION ( 'NONE',  ( 0.000000000000000000, 0.000000000000000000, -1.000000000000000000 ) ) ;
#2214 = EDGE_CURVE ( 'NONE', #5310, #337, #6156, .T. ) ;
#2215 = ORIENTED_EDGE ( 'NONE', *, *, #6466, .T. ) ;
#2216 = CARTESIAN_POINT ( 'NONE',  ( -1.125000000000001332, 0.3200000000000000067, 1.534381519444565356 ) ) ;
#2217 = VERTEX_POINT ( 'NONE', #857 ) ;
#2218 = LINE ( 'NONE', #4881, #5331 ) ;
#2219 = ORIENTED_EDGE ( 'NONE', *, *, #8116, .F. ) ;
#2220 = EDGE_LOOP ( 'NONE', ( #4251, #5719, #4601, #8060 ) ) ;
#2221 = ORIENTED_EDGE ( 'NONE', *, *, #4422, .F. ) ;
#2222 = CARTESIAN_POINT ( 'NONE',  ( 0.9500000000000001776, 0.000000000000000000, 1.500000000000000666 ) ) ;
#2223 = CARTESIAN_POINT ( 'NONE',  ( 1.125000000000000222, 0.3200000000000000067, 1.534381519444567132 ) ) ;
#2224 = LINE ( 'NONE', #8770, #8272 ) ;
#2225 = ORIENTED_EDGE ( 'NONE', *, *, #6286, .T. ) ;
#2226 = LINE ( 'NONE', #5024, #8007 ) ;
#2227 = CARTESIAN_POINT ( 'NONE',  ( 0.5349999999999999201, 0.04999999999999991257, 0.5300000000000002487 ) ) ;
#2228 = CARTESIAN_POINT ( 'NONE',  ( 1.464381519444564628, 0.3000000000000000444, -1.464381519444566182 ) ) ;
#2229 = ORIENTED_EDGE ( 'NONE', *, *, #4770, .F. ) ;
#2230 = ADVANCED_FACE ( 'NONE', ( #113 ), #8165, .F. ) ;
#2231 = FACE_OUTER_BOUND ( 'NONE', #4526, .T. ) ;
#2232 = ORIENTED_EDGE ( 'NONE', *, *, #1849, .T. ) ;
#2233 = CARTESIAN_POINT ( 'NONE',  ( 0.000000000000000000, 1.920000000000000373, -1.223873726303005061 ) ) ;
#2234 = DIRECTION ( 'NONE',  ( 0.000000000000000000, 0.000000000000000000, 1.000000000000000000 ) ) ;
#2235 = EDGE_LOOP ( 'NONE', ( #960, #7726, #2065, #4640 ) ) ;
#2236 = ORIENTED_EDGE ( 'NONE', *, *, #3866, .T. ) ;
#2237 = LINE ( 'NONE', #2335, #8587 ) ;
#2238 = EDGE_CURVE ( 'NONE', #2585, #2924, #6170, .T. ) ;
#2239 = EDGE_CURVE ( 'NONE', #915, #5459, #9030, .T. ) ;
#2240 = ORIENTED_EDGE ( 'NONE', *, *, #6857, .T. ) ;
#2241 = FACE_OUTER_BOUND ( 'NONE', #1452, .T. ) ;
#2242 = DIRECTION ( 'NONE',  ( -1.000000000000000000, -0.000000000000000000, -0.000000000000000000 ) ) ;
#2243 = CARTESIAN_POINT ( 'NONE',  ( 0.9499999999999998446, 0.05000000000000000278, 0.4000000000000001332 ) ) ;
#2244 = DIRECTION ( 'NONE',  ( 0.000000000000000000, -0.000000000000000000, -1.000000000000000000 ) ) ;
#2245 = CARTESIAN_POINT ( 'NONE',  ( 0.000000000000000000, 1.920000000000000373, 0.000000000000000000 ) ) ;
#2246 = CARTESIAN_POINT ( 'NONE',  ( -1.534381519444566022, -0.2789528969834105254, 1.464381519444565294 ) ) ;
#2247 = ADVANCED_FACE ( 'NONE', ( #37 ), #4641, .F. ) ;
#2248 = DIRECTION ( 'NONE',  ( 0.000000000000000000, 0.000000000000000000, -1.000000000000000000 ) ) ;
#2249 = SURFACE_STYLE_FILL_AREA ( #1900 ) ;
#2250 = DIRECTION ( 'NONE',  ( 4.034240641806509359E-15, 0.000000000000000000, 1.000000000000000000 ) ) ;
#2251 = ORIENTED_EDGE ( 'NONE', *, *, #8624, .F. ) ;
#2252 = EDGE_CURVE ( 'NONE', #2713, #2773, #140, .T. ) ;
#2253 = DIRECTION ( 'NONE',  ( -0.7660444431189809000, 0.000000000000000000, -0.6427876096865359212 ) ) ;
#2254 = ORIENTED_EDGE ( 'NONE', *, *, #4000, .F. ) ;
#2255 = VECTOR ( 'NONE', #2094, 1000.000000000000000 ) ;
#2256 = CARTESIAN_POINT ( 'NONE',  ( 0.9499999999999985123, 0.02500000000000000139, -1.625000000000000000 ) ) ;
#2257 = DIRECTION ( 'NONE',  ( 0.000000000000000000, -0.000000000000000000, 1.000000000000000000 ) ) ;
#2258 = AXIS2_PLACEMENT_3D ( 'NONE', #7272, #5822, #5131 ) ;
#2259 = ORIENTED_EDGE ( 'NONE', *, *, #2852, .T. ) ;
#2260 = LINE ( 'NONE', #8575, #5326 ) ;
#2261 = CARTESIAN_POINT ( 'NONE',  ( -0.3999999999999999667, 0.3200000000000000067, -1.523359773658212291 ) ) ;
#2262 = FACE_OUTER_BOUND ( 'NONE', #1427, .T. ) ;
#2263 = CARTESIAN_POINT ( 'NONE',  ( -0.3999999999999989675, 0.000000000000000000, -0.9500000000000001776 ) ) ;
#2264 = VERTEX_POINT ( 'NONE', #7142 ) ;
#2265 = CARTESIAN_POINT ( 'NONE',  ( 1.444999999999998286, 0.3200000000000000067, -1.199999999999998623 ) ) ;
#2266 = CARTESIAN_POINT ( 'NONE',  ( 1.534381519444564690, 0.3200000000000000067, -1.124999999999998668 ) ) ;
#2267 = CARTESIAN_POINT ( 'NONE',  ( 1.500000000000000000, 0.05000000000000034972, 0.4000000000000000777 ) ) ;
#2268 = DIRECTION ( 'NONE',  ( 0.000000000000000000, 0.000000000000000000, -1.000000000000000000 ) ) ;
#2269 = DIRECTION ( 'NONE',  ( -0.000000000000000000, 1.000000000000000000, -0.000000000000000000 ) ) ;
#2270 = VERTEX_POINT ( 'NONE', #5170 ) ;
#2271 = FACE_OUTER_BOUND ( 'NONE', #2882, .T. ) ;
#2272 = ORIENTED_EDGE ( 'NONE', *, *, #5644, .T. ) ;
#2273 = VECTOR ( 'NONE', #6916, 1000.000000000000000 ) ;
#2274 = CARTESIAN_POINT ( 'NONE',  ( -0.3999999999999990230, 0.02500000000000000139, -1.625000000000000000 ) ) ;
#2275 = AXIS2_PLACEMENT_3D ( 'NONE', #7213, #3827, #4521 ) ;
#2276 = EDGE_CURVE ( 'NONE', #7510, #3513, #2949, .T. ) ;
#2277 = EDGE_CURVE ( 'NONE', #6290, #6117, #51, .T. ) ;
#2278 = DIRECTION ( 'NONE',  ( 1.000000000000000000, -0.000000000000000000, 9.571576710093073577E-15 ) ) ;
#2279 = LINE ( 'NONE', #5234, #5398 ) ;
#2280 = ORIENTED_EDGE ( 'NONE', *, *, #626, .T. ) ;
#2281 = CARTESIAN_POINT ( 'NONE',  ( 0.5349999999999999201, 0.05000000000000000278, 0.5300000000000002487 ) ) ;
#2282 = VERTEX_POINT ( 'NONE', #6527 ) ;
#2283 = LINE ( 'NONE', #1756, #5339 ) ;
#2284 = DIRECTION ( 'NONE',  ( -0.000000000000000000, 1.000000000000000000, -0.000000000000000000 ) ) ;
#2285 = SURFACE_STYLE_FILL_AREA ( #665 ) ;
#2286 = ORIENTED_EDGE ( 'NONE', *, *, #1995, .T. ) ;
#2287 = SURFACE_STYLE_FILL_AREA ( #2657 ) ;
#2288 = CARTESIAN_POINT ( 'NONE',  ( 0.4000000000000008549, 0.02500000000000000139, 1.625000000000000888 ) ) ;
#2289 = DIRECTION ( 'NONE',  ( -0.000000000000000000, -1.000000000000000000, -0.000000000000000000 ) ) ;
#2290 = AXIS2_PLACEMENT_3D ( 'NONE', #1559, #5672, #2268 ) ;
#2291 = EDGE_CURVE ( 'NONE', #73, #5720, #3235, .T. ) ;
#2292 = VECTOR ( 'NONE', #4805, 1000.000000000000000 ) ;
#2293 = ORIENTED_EDGE ( 'NONE', *, *, #5808, .T. ) ;
#2294 = DIRECTION ( 'NONE',  ( 0.000000000000000000, 1.000000000000000000, -0.000000000000000000 ) ) ;
#2295 = CARTESIAN_POINT ( 'NONE',  ( 1.499999999999998446, 0.000000000000000000, -1.499999999999997780 ) ) ;
#2296 = VERTEX_POINT ( 'NONE', #346 ) ;
#2297 = VECTOR ( 'NONE', #3747, 1000.000000000000000 ) ;
#2298 = COLOUR_RGB ( '',0.7921568627450980005, 0.8196078431372548767, 0.9333333333333333481 ) ;
#2299 = ORIENTED_EDGE ( 'NONE', *, *, #3071, .T. ) ;
#2300 = COLOUR_RGB ( '',1.000000000000000000, 0.8117647058823529438, 0.5019607843137254832 ) ;
#2301 = DIRECTION ( 'NONE',  ( -0.000000000000000000, -1.000000000000000000, -0.000000000000000000 ) ) ;
#2302 = ADVANCED_FACE ( 'NONE', ( #62 ), #2989, .F. ) ;
#2303 = DIRECTION ( 'NONE',  ( 1.000000000000000000, 0.000000000000000000, 0.000000000000000000 ) ) ;
#2304 = DIRECTION ( 'NONE',  ( -0.000000000000000000, 1.000000000000000000, 0.000000000000000000 ) ) ;
#2305 = PLANE ( 'NONE',  #2619 ) ;
#2306 = CARTESIAN_POINT ( 'NONE',  ( 1.624999999999999778, 0.3400000000000000244, -1.625000000000000000 ) ) ;
#2307 = CIRCLE ( 'NONE', #4249, 1.274999999999999911 ) ;
#2308 = DIRECTION ( 'NONE',  ( -2.710505431213761578E-16, 0.000000000000000000, 1.000000000000000000 ) ) ;
#2309 = EDGE_CURVE ( 'NONE', #8901, #8827, #6185, .T. ) ;
#2310 = VERTEX_POINT ( 'NONE', #7950 ) ;
#2311 = EDGE_CURVE ( 'NONE', #8615, #9006, #3134, .T. ) ;
#2312 = ORIENTED_EDGE ( 'NONE', *, *, #3040, .T. ) ;
#2313 = SURFACE_STYLE_FILL_AREA ( #4277 ) ;
#2314 = CARTESIAN_POINT ( 'NONE',  ( 0.5349999999999999201, 0.05000000000000000278, -0.5299999999999998046 ) ) ;
#2315 = DIRECTION ( 'NONE',  ( 1.000000000000000000, 0.000000000000000000, 0.000000000000000000 ) ) ;
#2316 = VERTEX_POINT ( 'NONE', #917 ) ;
#2317 = LINE ( 'NONE', #5944, #5582 ) ;
#2318 = VERTEX_POINT ( 'NONE', #3707 ) ;
#2319 = ADVANCED_FACE ( 'NONE', ( #104 ), #8729, .T. ) ;
#2320 = VECTOR ( 'NONE', #650, 1000.000000000000000 ) ;
#2321 = DIRECTION ( 'NONE',  ( 0.000000000000000000, 0.000000000000000000, -1.000000000000000000 ) ) ;
#2322 = ORIENTED_EDGE ( 'NONE', *, *, #5934, .F. ) ;
#2323 = SURFACE_STYLE_USAGE ( .BOTH. , #5903 ) ;
#2324 = DIRECTION ( 'NONE',  ( 1.000000000000000000, 0.000000000000000000, 3.516331370223249842E-16 ) ) ;
#2325 = EDGE_CURVE ( 'NONE', #5757, #606, #171, .T. ) ;
#2326 = EDGE_LOOP ( 'NONE', ( #6050, #151, #6055, #3245 ) ) ;
#2327 = CARTESIAN_POINT ( 'NONE',  ( 0.9499999999999989564, 0.02500000000000000139, 1.625000000000000888 ) ) ;
#2328 = CARTESIAN_POINT ( 'NONE',  ( -1.625000000000000222, 0.000000000000000000, -1.625000000000000000 ) ) ;
#2329 = VERTEX_POINT ( 'NONE', #2461 ) ;
#2330 = LINE ( 'NONE', #8497, #5358 ) ;
#2331 = ORIENTED_EDGE ( 'NONE', *, *, #4770, .T. ) ;
#2332 = LINE ( 'NONE', #3429, #2273 ) ;
#2333 = PLANE ( 'NONE',  #4734 ) ;
#2334 = EDGE_CURVE ( 'NONE', #7989, #7447, #3036, .T. ) ;
#2335 = CARTESIAN_POINT ( 'NONE',  ( -1.444999999999999618, 0.3000000000000000444, 1.199999999999997735 ) ) ;
#2336 = VECTOR ( 'NONE', #3760, 1000.000000000000000 ) ;
#2337 = VERTEX_POINT ( 'NONE', #3203 ) ;
#2338 = EDGE_CURVE ( 'NONE', #8467, #8161, #5982, .T. ) ;
#2339 = DIRECTION ( 'NONE',  ( 1.000000000000000000, 0.000000000000000000, 0.000000000000000000 ) ) ;
#2340 = ORIENTED_EDGE ( 'NONE', *, *, #120, .F. ) ;
#2341 = DIRECTION ( 'NONE',  ( 0.000000000000000000, -1.000000000000000000, 0.000000000000000000 ) ) ;
#2342 = ORIENTED_EDGE ( 'NONE', *, *, #7303, .T. ) ;
#2343 = LINE ( 'NONE', #2991, #8537 ) ;
#2344 = DIRECTION ( 'NONE',  ( 0.000000000000000000, -1.000000000000000000, 0.000000000000000000 ) ) ;
#2345 = ORIENTED_EDGE ( 'NONE', *, *, #4242, .T. ) ;
#2346 = EDGE_CURVE ( 'NONE', #6818, #3749, #9014, .T. ) ;
#2347 = ORIENTED_EDGE ( 'NONE', *, *, #827, .T. ) ;
#2348 = DIRECTION ( 'NONE',  ( 0.000000000000000000, -1.000000000000000000, 0.000000000000000000 ) ) ;
#2349 = AXIS2_PLACEMENT_3D ( 'NONE', #5242, #6703, #4646 ) ;
#2350 = CARTESIAN_POINT ( 'NONE',  ( -0.9500000000000011768, 0.05000000000000000278, 0.3999999999999984124 ) ) ;
#2351 = ADVANCED_FACE ( 'NONE', ( #3004 ), #2637, .T. ) ;
#2352 = ORIENTED_EDGE ( 'NONE', *, *, #1917, .F. ) ;
#2353 = CIRCLE ( 'NONE', #8071, 0.04000000000000010492 ) ;
#2354 = ORIENTED_EDGE ( 'NONE', *, *, #3861, .T. ) ;
#2355 = ORIENTED_EDGE ( 'NONE', *, *, #9055, .T. ) ;
#2356 = CARTESIAN_POINT ( 'NONE',  ( -1.444999999999999618, 0.2999999999999999889, 1.199999999999997735 ) ) ;
#2357 = CARTESIAN_POINT ( 'NONE',  ( 1.464381519444564628, 0.3000000000000000444, -1.464381519444566182 ) ) ;
#2358 = DIRECTION ( 'NONE',  ( -2.581433744013106547E-16, 0.000000000000000000, 1.000000000000000000 ) ) ;
#2359 = DIRECTION ( 'NONE',  ( -8.031127203596333067E-17, 0.000000000000000000, -1.000000000000000000 ) ) ;
#2360 = CARTESIAN_POINT ( 'NONE',  ( 1.624999999999999778, 0.000000000000000000, -0.6999999999999981792 ) ) ;
#2361 = AXIS2_PLACEMENT_3D ( 'NONE', #6796, #8220, #5422 ) ;
#2362 = CARTESIAN_POINT ( 'NONE',  ( 0.3999999999999893641, 0.3200000000000000067, 1.523359773658215621 ) ) ;
#2363 = ORIENTED_EDGE ( 'NONE', *, *, #7397, .F. ) ;
#2364 = EDGE_CURVE ( 'NONE', #2217, #6426, #6011, .T. ) ;
#2365 = EDGE_CURVE ( 'NONE', #2270, #4642, #2978, .T. ) ;
#2366 = VERTEX_POINT ( 'NONE', #8346 ) ;
#2367 = ORIENTED_EDGE ( 'NONE', *, *, #3600, .F. ) ;
#2368 = DIRECTION ( 'NONE',  ( -1.971276677246372012E-16, 0.000000000000000000, -1.000000000000000000 ) ) ;
#2369 = CARTESIAN_POINT ( 'NONE',  ( -1.500000000000001110, 0.05000000000000000278, -0.4000000000000008549 ) ) ;
#2370 = ORIENTED_EDGE ( 'NONE', *, *, #4401, .F. ) ;
#2371 = LINE ( 'NONE', #8630, #8321 ) ;
#2372 = ORIENTED_EDGE ( 'NONE', *, *, #6200, .T. ) ;
#2373 = ADVANCED_FACE ( 'NONE', ( #3019 ), #575, .F. ) ;
#2374 = EDGE_CURVE ( 'NONE', #3965, #5871, #9111, .T. ) ;
#2375 = EDGE_CURVE ( 'NONE', #5855, #5432, #8, .T. ) ;
#2376 = CARTESIAN_POINT ( 'NONE',  ( 1.624999999999999778, 0.02500000000000000139, -0.3999999999999999667 ) ) ;
#2377 = ORIENTED_EDGE ( 'NONE', *, *, #2862, .F. ) ;
#2378 = DIRECTION ( 'NONE',  ( -2.710505431213761578E-16, -0.000000000000000000, 1.000000000000000000 ) ) ;
#2379 = AXIS2_PLACEMENT_3D ( 'NONE', #943, #3905, #7982 ) ;
#2380 = AXIS2_PLACEMENT_3D ( 'NONE', #653, #3073, #6459 ) ;
#2381 = PLANE ( 'NONE',  #771 ) ;
#2382 = CARTESIAN_POINT ( 'NONE',  ( 1.500000000000000222, 1.556154042586614050, 1.500000000000000444 ) ) ;
#2383 = EDGE_CURVE ( 'NONE', #6987, #2329, #3049, .T. ) ;
#2384 = UNCERTAINTY_MEASURE_WITH_UNIT (LENGTH_MEASURE( 1.000000000000000082E-05 ), #9044, 'distance_accuracy_value', 'NONE');
#2385 = ORIENTED_EDGE ( 'NONE', *, *, #3058, .F. ) ;
#2386 = VECTOR ( 'NONE', #4218, 1000.000000000000000 ) ;
#2387 = EDGE_CURVE ( 'NONE', #5203, #5283, #194, .T. ) ;
#2388 = ORIENTED_EDGE ( 'NONE', *, *, #6093, .T. ) ;
#2389 = LINE ( 'NONE', #9106, #8525 ) ;
#2390 = CARTESIAN_POINT ( 'NONE',  ( 0.9499999999999987343, 0.02500000000000000139, 0.6999999999999992895 ) ) ;
#2391 = CARTESIAN_POINT ( 'NONE',  ( -1.625000000000000222, 0.3400000000000000244, 1.625000000000000000 ) ) ;
#2392 = ADVANCED_FACE ( 'NONE', ( #6369 ), #2188, .T. ) ;
#2393 = DIRECTION ( 'NONE',  ( -0.000000000000000000, -1.000000000000000000, -0.000000000000000000 ) ) ;
#2394 = ORIENTED_EDGE ( 'NONE', *, *, #531, .T. ) ;
#2395 = AXIS2_PLACEMENT_3D ( 'NONE', #5094, #2205, #1378 ) ;
#2396 = DIRECTION ( 'NONE',  ( -1.000000000000000000, 0.000000000000000000, -2.344220913482167712E-16 ) ) ;
#2397 = ORIENTED_EDGE ( 'NONE', *, *, #8349, .F. ) ;
#2398 = PRESENTATION_STYLE_ASSIGNMENT (( #179 ) ) ;
#2399 = CARTESIAN_POINT ( 'NONE',  ( 1.624999999999999778, 0.02500000000000000139, -0.3999999999999999667 ) ) ;
#2400 = ORIENTED_EDGE ( 'NONE', *, *, #3270, .F. ) ;
#2401 = CARTESIAN_POINT ( 'NONE',  ( -1.335000000000000187, 0.3400000000000000244, -1.472500000000000142 ) ) ;
#2402 = CIRCLE ( 'NONE', #7695, 1.100000000000000089 ) ;
#2403 = ORIENTED_EDGE ( 'NONE', *, *, #1607, .F. ) ;
#2404 = EDGE_CURVE ( 'NONE', #5154, #8668, #6475, .T. ) ;
#2405 = CARTESIAN_POINT ( 'NONE',  ( -1.200000000000001288, -0.2789528969834105254, 1.444999999999998952 ) ) ;
#2406 = ORIENTED_EDGE ( 'NONE', *, *, #3221, .T. ) ;
#2407 = PLANE ( 'NONE',  #2349 ) ;
#2408 = DIRECTION ( 'NONE',  ( 0.000000000000000000, -0.000000000000000000, -1.000000000000000000 ) ) ;
#2409 = EDGE_LOOP ( 'NONE', ( #7887, #1839, #5127, #7948, #1693, #5797, #5015, #7798, #1698, #7909, #1173, #4831 ) ) ;
#2410 = FACE_OUTER_BOUND ( 'NONE', #1266, .T. ) ;
#2411 = ORIENTED_EDGE ( 'NONE', *, *, #6689, .T. ) ;
#2412 = FACE_OUTER_BOUND ( 'NONE', #314, .T. ) ;
#2413 = EDGE_CURVE ( 'NONE', #6195, #6950, #390, .T. ) ;
#2414 = ORIENTED_EDGE ( 'NONE', *, *, #5762, .F. ) ;
#2415 = DIRECTION ( 'NONE',  ( 0.000000000000000000, 0.000000000000000000, 1.000000000000000000 ) ) ;
#2416 = CARTESIAN_POINT ( 'NONE',  ( 1.125000000000000222, 0.3400000000000000244, 1.625000000000000888 ) ) ;
#2417 = EDGE_CURVE ( 'NONE', #4216, #5159, #3348, .T. ) ;
#2418 = DIRECTION ( 'NONE',  ( 0.000000000000000000, 0.000000000000000000, -1.000000000000000000 ) ) ;
#2419 = ORIENTED_EDGE ( 'NONE', *, *, #8953, .F. ) ;
#2420 = VERTEX_POINT ( 'NONE', #458 ) ;
#2421 = DIRECTION ( 'NONE',  ( -0.000000000000000000, 1.000000000000000000, -0.000000000000000000 ) ) ;
#2422 = ORIENTED_EDGE ( 'NONE', *, *, #6145, .F. ) ;
#2423 = FACE_OUTER_BOUND ( 'NONE', #8992, .T. ) ;
#2424 = CARTESIAN_POINT ( 'NONE',  ( 1.499999999999998446, 1.556154042586614050, -1.499999999999997780 ) ) ;
#2425 = ORIENTED_EDGE ( 'NONE', *, *, #340, .F. ) ;
#2426 = FACE_OUTER_BOUND ( 'NONE', #1867, .T. ) ;
#2427 = CARTESIAN_POINT ( 'NONE',  ( 0.4000000000000009104, 4.621194077712559078, 0.9500000000000008438 ) ) ;
#2428 = ORIENTED_EDGE ( 'NONE', *, *, #5550, .F. ) ;
#2429 = EDGE_CURVE ( 'NONE', #4124, #35, #297, .T. ) ;
#2430 = CARTESIAN_POINT ( 'NONE',  ( 1.464381519444564850, 0.3200000000000000067, 1.464381519444567070 ) ) ;
#2431 = EDGE_CURVE ( 'NONE', #3550, #96, #3276, .T. ) ;
#2432 = ORIENTED_EDGE ( 'NONE', *, *, #2980, .T. ) ;
#2433 = DIRECTION ( 'NONE',  ( -0.000000000000000000, -1.000000000000000000, -0.000000000000000000 ) ) ;
#2434 = AXIS2_PLACEMENT_3D ( 'NONE', #7658, #4293, #3588 ) ;
#2435 = PLANE ( 'NONE',  #4840 ) ;
#2436 = DIRECTION ( 'NONE',  ( -0.7071067811865483499, 0.000000000000000000, 0.7071067811865467956 ) ) ;
#2437 = DIRECTION ( 'NONE',  ( 0.000000000000000000, -1.000000000000000000, 0.000000000000000000 ) ) ;
#2438 = CARTESIAN_POINT ( 'NONE',  ( 1.414999999999999147, 0.3400000000000000244, -1.414999999999999813 ) ) ;
#2439 = ORIENTED_EDGE ( 'NONE', *, *, #4083, .T. ) ;
#2440 = VECTOR ( 'NONE', #1450, 1000.000000000000000 ) ;
#2441 = CARTESIAN_POINT ( 'NONE',  ( 0.9499999999999985123, 0.02499999999999984873, -1.625000000000000000 ) ) ;
#2442 = CARTESIAN_POINT ( 'NONE',  ( 1.464381519444564628, 0.3000000000000000444, -1.534381519444566244 ) ) ;
#2443 = ORIENTED_EDGE ( 'NONE', *, *, #7716, .T. ) ;
#2444 = CIRCLE ( 'NONE', #6630, 0.06999999999999975686 ) ;
#2445 = CARTESIAN_POINT ( 'NONE',  ( 1.523359773658210736, 0.3400000000000000244, 0.4000000000000055178 ) ) ;
#2446 = ORIENTED_EDGE ( 'NONE', *, *, #7721, .F. ) ;
#2447 = ADVANCED_FACE ( 'NONE', ( #3365 ), #8408, .F. ) ;
#2448 = DIRECTION ( 'NONE',  ( 0.000000000000000000, 0.000000000000000000, -1.000000000000000000 ) ) ;
#2449 = ORIENTED_EDGE ( 'NONE', *, *, #3466, .F. ) ;
#2450 = CARTESIAN_POINT ( 'NONE',  ( 1.534381519444564690, -0.2789528969834105254, -1.124999999999998668 ) ) ;
#2451 = ORIENTED_EDGE ( 'NONE', *, *, #2567, .F. ) ;
#2452 = EDGE_CURVE ( 'NONE', #4378, #8544, #209, .T. ) ;
#2453 = DIRECTION ( 'NONE',  ( -0.000000000000000000, 1.000000000000000000, -0.000000000000000000 ) ) ;
#2454 = EDGE_LOOP ( 'NONE', ( #5533, #990 ) ) ;
#2455 = LINE ( 'NONE', #1617, #2505 ) ;
#2456 = PLANE ( 'NONE',  #6878 ) ;
#2457 = AXIS2_PLACEMENT_3D ( 'NONE', #2105, #2974, #4352 ) ;
#2458 = ORIENTED_EDGE ( 'NONE', *, *, #922, .F. ) ;
#2459 = EDGE_CURVE ( 'NONE', #1397, #2684, #3485, .T. ) ;
#2460 = FACE_OUTER_BOUND ( 'NONE', #7686, .T. ) ;
#2461 = CARTESIAN_POINT ( 'NONE',  ( 0.000000000000000000, 1.920000000000000151, -1.500000000000000000 ) ) ;
#2462 = DIRECTION ( 'NONE',  ( -2.581433744013106054E-16, 0.000000000000000000, 1.000000000000000000 ) ) ;
#2463 = AXIS2_PLACEMENT_3D ( 'NONE', #3570, #7246, #4274 ) ;
#2464 = CARTESIAN_POINT ( 'NONE',  ( 0.000000000000000000, 1.555277818615441232, 0.000000000000000000 ) ) ;
#2465 = ADVANCED_FACE ( 'NONE', ( #408 ), #4188, .F. ) ;
#2466 = ORIENTED_EDGE ( 'NONE', *, *, #533, .T. ) ;
#2467 = ORIENTED_EDGE ( 'NONE', *, *, #2387, .F. ) ;
#2468 = EDGE_CURVE ( 'NONE', #8005, #1397, #3509, .T. ) ;
#2469 = COLOUR_RGB ( '',1.000000000000000000, 0.8117647058823529438, 0.5019607843137254832 ) ;
#2470 = ORIENTED_EDGE ( 'NONE', *, *, #949, .T. ) ;
#2471 = VECTOR ( 'NONE', #5419, 1000.000000000000000 ) ;
#2472 = ORIENTED_EDGE ( 'NONE', *, *, #2252, .F. ) ;
#2473 = FACE_OUTER_BOUND ( 'NONE', #804, .T. ) ;
#2474 = AXIS2_PLACEMENT_3D ( 'NONE', #8572, #4528, #6653 ) ;
#2475 = CARTESIAN_POINT ( 'NONE',  ( 1.444999999999998286, 0.2999999999999999889, -1.199999999999998623 ) ) ;
#2476 = DIRECTION ( 'NONE',  ( 0.000000000000000000, -0.000000000000000000, -1.000000000000000000 ) ) ;
#2477 = CARTESIAN_POINT ( 'NONE',  ( 1.414999999999999147, 0.3200000000000000067, -1.414999999999999813 ) ) ;
#2478 = CARTESIAN_POINT ( 'NONE',  ( 1.125000000000000222, 0.3200000000000000067, 1.534381519444567132 ) ) ;
#2479 = FILL_AREA_STYLE_COLOUR ( '', #3460 ) ;
#2480 = CARTESIAN_POINT ( 'NONE',  ( 0.000000000000000000, 0.05000000000000000278, 0.000000000000000000 ) ) ;
#2481 = PLANE ( 'NONE',  #6012 ) ;
#2482 = EDGE_LOOP ( 'NONE', ( #4555, #2163, #2081, #586 ) ) ;
#2483 = FACE_OUTER_BOUND ( 'NONE', #7983, .T. ) ;
#2484 = PRODUCT_RELATED_PRODUCT_CATEGORY ( 'part', '', ( #829 ) ) ;
#2485 = EDGE_LOOP ( 'NONE', ( #8495, #2293, #4504, #2377 ) ) ;
#2486 = EDGE_CURVE ( 'NONE', #230, #484, #272, .T. ) ;
#2487 = ORIENTED_EDGE ( 'NONE', *, *, #5126, .T. ) ;
#2488 = LINE ( 'NONE', #2781, #2471 ) ;
#2489 = CARTESIAN_POINT ( 'NONE',  ( 2.168404344971008868E-16, 0.3400000000000000244, 4.336808689942017736E-16 ) ) ;
#2490 = DIRECTION ( 'NONE',  ( 1.000000000000000000, 0.000000000000000000, 0.000000000000000000 ) ) ;
#2491 = ORIENTED_EDGE ( 'NONE', *, *, #5773, .F. ) ;
#2492 = FACE_OUTER_BOUND ( 'NONE', #2482, .T. ) ;
#2493 = CARTESIAN_POINT ( 'NONE',  ( 1.500000000000000222, 0.05000000000000000278, 1.500000000000000444 ) ) ;
#2494 = AXIS2_PLACEMENT_3D ( 'NONE', #1494, #6, #1376 ) ;
#2495 = EDGE_CURVE ( 'NONE', #8093, #1051, #6567, .T. ) ;
#2496 = VERTEX_POINT ( 'NONE', #7751 ) ;
#2497 = DIRECTION ( 'NONE',  ( 0.000000000000000000, 0.000000000000000000, -1.000000000000000000 ) ) ;
#2498 = EDGE_LOOP ( 'NONE', ( #5790, #6321, #6086, #9012 ) ) ;
#2499 = DIRECTION ( 'NONE',  ( 5.175581015019653231E-17, 0.9063077870366501587, -0.4226182617406989972 ) ) ;
#2500 = LINE ( 'NONE', #1562, #5349 ) ;
#2501 = CARTESIAN_POINT ( 'NONE',  ( 1.444999999999998286, 0.3000000000000000444, 1.199999999999999512 ) ) ;
#2502 = DIRECTION ( 'NONE',  ( -0.000000000000000000, 1.000000000000000000, -0.000000000000000000 ) ) ;
#2503 = ADVANCED_FACE ( 'NONE', ( #6536 ), #8523, .T. ) ;
#2504 = ORIENTED_EDGE ( 'NONE', *, *, #7885, .T. ) ;
#2505 = VECTOR ( 'NONE', #6094, 1000.000000000000000 ) ;
#2506 = CARTESIAN_POINT ( 'NONE',  ( 1.124999999999999778, 0.3200000000000000067, -1.534381519444566244 ) ) ;
#2507 = ORIENTED_EDGE ( 'NONE', *, *, #1423, .T. ) ;
#2508 = LINE ( 'NONE', #5883, #8304 ) ;
#2509 = CARTESIAN_POINT ( 'NONE',  ( -1.445000000000000506, 0.3200000000000000067, 1.414999999999998703 ) ) ;
#2510 = ORIENTED_EDGE ( 'NONE', *, *, #2338, .F. ) ;
#2511 = CARTESIAN_POINT ( 'NONE',  ( 1.414999999999999147, 0.3200000000000000067, -1.414999999999999813 ) ) ;
#2512 = AXIS2_PLACEMENT_3D ( 'NONE', #694, #4995, #7823 ) ;
#2513 = CARTESIAN_POINT ( 'NONE',  ( -1.625000000000000222, 0.3400000000000000244, 1.625000000000000000 ) ) ;
#2514 = VERTEX_POINT ( 'NONE', #7162 ) ;
#2515 = LINE ( 'NONE', #1320, #5623 ) ;
#2516 = DIRECTION ( 'NONE',  ( -1.000000000000000000, 0.000000000000000000, -2.710505431213764536E-16 ) ) ;
#2517 = ORIENTED_EDGE ( 'NONE', *, *, #6930, .F. ) ;
#2518 = LINE ( 'NONE', #1329, #2255 ) ;
#2519 = CARTESIAN_POINT ( 'NONE',  ( -0.3999999999999972466, 0.02499999999999984873, 0.9500000000000010658 ) ) ;
#2520 = ORIENTED_EDGE ( 'NONE', *, *, #5165, .F. ) ;
#2521 = SURFACE_SIDE_STYLE ('',( #1970 ) ) ;
#2522 = DIRECTION ( 'NONE',  ( -1.000000000000000000, 0.000000000000000000, 4.034240641806509359E-15 ) ) ;
#2523 = ORIENTED_EDGE ( 'NONE', *, *, #6551, .F. ) ;
#2524 = ADVANCED_FACE ( 'NONE', ( #6416 ), #2305, .F. ) ;
#2525 = CARTESIAN_POINT ( 'NONE',  ( 1.499999999999998224, 0.05000000000000034972, -0.6999999999999982903 ) ) ;
#2526 = VERTEX_POINT ( 'NONE', #5886 ) ;
#2527 = VERTEX_POINT ( 'NONE', #7280 ) ;
#2528 = DIRECTION ( 'NONE',  ( 0.000000000000000000, -1.000000000000000000, 0.000000000000000000 ) ) ;
#2529 = EDGE_CURVE ( 'NONE', #2310, #758, #6281, .T. ) ;
#2530 = FACE_OUTER_BOUND ( 'NONE', #7688, .T. ) ;
#2531 = ORIENTED_EDGE ( 'NONE', *, *, #8974, .F. ) ;
#2532 = AXIS2_PLACEMENT_3D ( 'NONE', #3450, #1379, #4802 ) ;
#2533 = LINE ( 'NONE', #1240, #5362 ) ;
#2534 = DIRECTION ( 'NONE',  ( 2.710505431213761578E-16, 0.000000000000000000, -1.000000000000000000 ) ) ;
#2535 = DIRECTION ( 'NONE',  ( 1.000000000000000000, 0.000000000000000000, -2.710505431213767495E-16 ) ) ;
#2536 = DIRECTION ( 'NONE',  ( 1.000000000000000000, 0.000000000000000000, 2.581433744013106054E-16 ) ) ;
#2537 = CARTESIAN_POINT ( 'NONE',  ( 0.000000000000000000, 0.000000000000000000, 0.000000000000000000 ) ) ;
#2538 = EDGE_CURVE ( 'NONE', #3965, #5873, #3389, .T. ) ;
#2539 = ADVANCED_FACE ( 'NONE', ( #6295 ), #8684, .F. ) ;
#2540 = PLANE ( 'NONE',  #7355 ) ;
#2541 = DIRECTION ( 'NONE',  ( -2.710505431213761085E-16, 0.000000000000000000, -1.000000000000000000 ) ) ;
#2542 = ORIENTED_EDGE ( 'NONE', *, *, #6436, .F. ) ;
#2543 = LINE ( 'NONE', #3035, #8546 ) ;
#2545 = EDGE_CURVE ( 'NONE', #7620, #158, #6428, .T. ) ;
#2544 = DIRECTION ( 'NONE',  ( 0.000000000000000000, -1.000000000000000000, 0.000000000000000000 ) ) ;
#2546 = ORIENTED_EDGE ( 'NONE', *, *, #6344, .T. ) ;
#2547 = CIRCLE ( 'NONE', #8515, 1.500000000000000000 ) ;
#2548 = CARTESIAN_POINT ( 'NONE',  ( 0.000000000000000000, 0.3400000000000000244, 0.000000000000000000 ) ) ;
#2549 = VECTOR ( 'NONE', #6784, 1000.000000000000000 ) ;
#2550 = DIRECTION ( 'NONE',  ( -0.000000000000000000, -0.000000000000000000, -1.000000000000000000 ) ) ;
#2551 = AXIS2_PLACEMENT_3D ( 'NONE', #1440, #7849, #3692 ) ;
#2552 = AXIS2_PLACEMENT_3D ( 'NONE', #7558, #7683, #3482 ) ;
#2553 = CARTESIAN_POINT ( 'NONE',  ( -0.3999999999999989675, 0.000000000000000000, -1.500000000000000222 ) ) ;
#2554 = VERTEX_POINT ( 'NONE', #3777 ) ;
#2555 = DIRECTION ( 'NONE',  ( 1.000000000000000000, 0.000000000000000000, -1.971276677246372012E-16 ) ) ;
#2556 = MECHANICAL_DESIGN_GEOMETRIC_PRESENTATION_REPRESENTATION (  '', ( #5758 ), #6485 ) ;
#2557 = CARTESIAN_POINT ( 'NONE',  ( 0.9499999999999985123, 0.05000000000000000278, -1.499999999999998224 ) ) ;
#2558 = LINE ( 'NONE', #1847, #8585 ) ;
#2559 = DIRECTION ( 'NONE',  ( -1.000000000000000000, -0.000000000000000000, -0.000000000000000000 ) ) ;
#2560 = DIRECTION ( 'NONE',  ( 2.710505431213761085E-16, 0.000000000000000000, -1.000000000000000000 ) ) ;
#2561 = VERTEX_POINT ( 'NONE', #6446 ) ;
#2562 = SURFACE_STYLE_USAGE ( .BOTH. , #5281 ) ;
#2563 = DIRECTION ( 'NONE',  ( 0.000000000000000000, 0.000000000000000000, -1.000000000000000000 ) ) ;
#2564 = DIRECTION ( 'NONE',  ( -0.000000000000000000, -1.000000000000000000, -0.000000000000000000 ) ) ;
#2565 = FACE_OUTER_BOUND ( 'NONE', #6756, .T. ) ;
#2566 = DIRECTION ( 'NONE',  ( -0.000000000000000000, -1.000000000000000000, -0.000000000000000000 ) ) ;
#2567 = EDGE_CURVE ( 'NONE', #8803, #5964, #3433, .T. ) ;
#2568 = CARTESIAN_POINT ( 'NONE',  ( -1.499999999999999778, 0.05000000000000000278, -1.499999999999997780 ) ) ;
#2569 = EDGE_LOOP ( 'NONE', ( #5890, #3118, #6438, #5905 ) ) ;
#2570 = CARTESIAN_POINT ( 'NONE',  ( 0.9499999999999996225, 1.556154042586614050, -0.3999999999999999112 ) ) ;
#2571 = DIRECTION ( 'NONE',  ( 1.000000000000000000, -0.000000000000000000, -8.031127203596329369E-17 ) ) ;
#2572 = AXIS2_PLACEMENT_3D ( 'NONE', #3254, #7494, #1910 ) ;
#2573 = ORIENTED_EDGE ( 'NONE', *, *, #6775, .T. ) ;
#2574 = EDGE_CURVE ( 'NONE', #6361, #2554, #6517, .T. ) ;
#2575 = DIRECTION ( 'NONE',  ( 1.000000000000000000, -0.000000000000000000, 4.034240641806509359E-15 ) ) ;
#2576 = ADVANCED_FACE ( 'NONE', ( #3407 ), #8633, .T. ) ;
#2577 = VERTEX_POINT ( 'NONE', #4373 ) ;
#2578 = FACE_OUTER_BOUND ( 'NONE', #75, .T. ) ;
#2579 = DIRECTION ( 'NONE',  ( 0.000000000000000000, 1.000000000000000000, 0.000000000000000000 ) ) ;
#2580 = PLANE ( 'NONE',  #5869 ) ;
#2581 = DIRECTION ( 'NONE',  ( -0.000000000000000000, 0.000000000000000000, 1.000000000000000000 ) ) ;
#2582 = FACE_OUTER_BOUND ( 'NONE', #1146, .T. ) ;
#2583 = DIRECTION ( 'NONE',  ( 0.000000000000000000, -1.000000000000000000, 0.000000000000000000 ) ) ;
#2584 = EDGE_CURVE ( 'NONE', #41, #4653, #448, .T. ) ;
#2585 = VERTEX_POINT ( 'NONE', #877 ) ;
#2586 = CARTESIAN_POINT ( 'NONE',  ( 0.000000000000000000, 0.000000000000000000, 0.000000000000000000 ) ) ;
#2587 = AXIS2_PLACEMENT_3D ( 'NONE', #8130, #1014, #4487 ) ;
#2588 = VECTOR ( 'NONE', #8168, 1000.000000000000000 ) ;
#2589 = ORIENTED_EDGE ( 'NONE', *, *, #3466, .T. ) ;
#2590 = LINE ( 'NONE', #742, #5874 ) ;
#2591 = LINE ( 'NONE', #6256, #5704 ) ;
#2592 = ORIENTED_EDGE ( 'NONE', *, *, #3802, .F. ) ;
#2593 = CARTESIAN_POINT ( 'NONE',  ( -8.878689293818309581E-17, 1.050000000000000488, 0.000000000000000000 ) ) ;
#2594 = ADVANCED_FACE ( 'NONE', ( #3421 ), #5254, .F. ) ;
#2595 = MANIFOLD_SOLID_BREP ( 'Boss-Extrude4[9]', #1254 ) ;
#2596 = CARTESIAN_POINT ( 'NONE',  ( 1.534381519444564690, 0.2999999999999999889, 1.464381519444567070 ) ) ;
#2597 = DIRECTION ( 'NONE',  ( 1.000000000000000000, 0.000000000000000000, 0.000000000000000000 ) ) ;
#2598 = EDGE_CURVE ( 'NONE', #1953, #8178, #6463, .T. ) ;
#2599 = DIRECTION ( 'NONE',  ( -0.000000000000000000, 1.000000000000000000, -0.000000000000000000 ) ) ;
#2600 = ORIENTED_EDGE ( 'NONE', *, *, #8991, .F. ) ;
#2601 = AXIS2_PLACEMENT_3D ( 'NONE', #1398, #8960, #1213 ) ;
#2602 = ORIENTED_EDGE ( 'NONE', *, *, #8282, .T. ) ;
#2603 = CIRCLE ( 'NONE', #3434, 0.03000000000000007869 ) ;
#2604 = DIRECTION ( 'NONE',  ( 4.034240641806509359E-15, -0.000000000000000000, -1.000000000000000000 ) ) ;
#2605 = VECTOR ( 'NONE', #8209, 1000.000000000000000 ) ;
#2606 = CLOSED_SHELL ( 'NONE', ( #1628, #7752, #1199, #8768, #3016, #5768 ) ) ;
#2607 = ADVANCED_FACE ( 'NONE', ( #6488 ), #3224, .T. ) ;
#2608 = CARTESIAN_POINT ( 'NONE',  ( -1.534381519444566022, 0.2999999999999999889, 1.124999999999997780 ) ) ;
#2609 = EDGE_LOOP ( 'NONE', ( #1657, #1417, #6851, #3493 ) ) ;
#2610 = DIRECTION ( 'NONE',  ( -1.000000000000000000, 0.000000000000000000, -1.971276677246372012E-16 ) ) ;
#2611 = CARTESIAN_POINT ( 'NONE',  ( -1.500000000000001554, 0.000000000000000000, 1.499999999999998668 ) ) ;
#2612 = FACE_OUTER_BOUND ( 'NONE', #4437, .T. ) ;
#2613 = CARTESIAN_POINT ( 'NONE',  ( -1.625000000000000222, 0.3400000000000000244, -1.625000000000000000 ) ) ;
#2614 = CARTESIAN_POINT ( 'NONE',  ( -1.125000000000001332, 0.3200000000000000067, 1.534381519444565356 ) ) ;
#2615 = ORIENTED_EDGE ( 'NONE', *, *, #2016, .T. ) ;
#2616 = VECTOR ( 'NONE', #38, 1000.000000000000000 ) ;
#2617 =( LENGTH_UNIT ( ) NAMED_UNIT ( * ) SI_UNIT ( .MILLI., .METRE. ) );
#2618 = CARTESIAN_POINT ( 'NONE',  ( 1.444999999999999174, -0.2789528969834105254, -1.414999999999999591 ) ) ;
#2619 = AXIS2_PLACEMENT_3D ( 'NONE', #3608, #99, #3055 ) ;
#2620 = VECTOR ( 'NONE', #4210, 1000.000000000000000 ) ;
#2621 = AXIS2_PLACEMENT_3D ( 'NONE', #2772, #8310, #3773 ) ;
#2622 = CYLINDRICAL_SURFACE ( 'NONE', #8329, 1.099999999999999867 ) ;
#2623 = DIRECTION ( 'NONE',  ( 0.000000000000000000, 0.000000000000000000, 1.000000000000000000 ) ) ;
#2624 = EDGE_CURVE ( 'NONE', #6895, #3763, #232, .T. ) ;
#2625 = VERTEX_POINT ( 'NONE', #6067 ) ;
#2626 = DIRECTION ( 'NONE',  ( 0.000000000000000000, 0.000000000000000000, -1.000000000000000000 ) ) ;
#2627 = DIRECTION ( 'NONE',  ( 0.000000000000000000, 1.000000000000000000, 0.000000000000000000 ) ) ;
#2628 = ORIENTED_EDGE ( 'NONE', *, *, #7140, .F. ) ;
#2629 = VECTOR ( 'NONE', #6861, 1000.000000000000000 ) ;
#2630 = CARTESIAN_POINT ( 'NONE',  ( 0.9499999999999999556, 0.05000000000000000278, 0.7000000000000005107 ) ) ;
#2631 = VERTEX_POINT ( 'NONE', #361 ) ;
#2632 = LINE ( 'NONE', #6263, #2705 ) ;
#2633 = FACE_BOUND ( 'NONE', #585, .T. ) ;
#2634 = CARTESIAN_POINT ( 'NONE',  ( -0.5350000000000001421, 4.621194077712559078, 0.5299999999999999156 ) ) ;
#2635 = CARTESIAN_POINT ( 'NONE',  ( 0.3999999999999993006, 1.556154042586614050, 1.500000000000000666 ) ) ;
#2636 = VECTOR ( 'NONE', #7579, 1000.000000000000000 ) ;
#2637 = PLANE ( 'NONE',  #4679 ) ;
#2638 = ORIENTED_EDGE ( 'NONE', *, *, #1500, .T. ) ;
#2639 = EDGE_CURVE ( 'NONE', #6222, #6541, #6526, .T. ) ;
#2640 = ORIENTED_EDGE ( 'NONE', *, *, #2945, .F. ) ;
#2641 = VERTEX_POINT ( 'NONE', #3449 ) ;
#2642 = AXIS2_PLACEMENT_3D ( 'NONE', #1663, #5892, #2940 ) ;
#2643 = CARTESIAN_POINT ( 'NONE',  ( -1.335000000000000187, 0.3400000000000000244, -1.197500000000000009 ) ) ;
#2644 = ADVANCED_FACE ( 'NONE', ( #433 ), #1192, .T. ) ;
#2645 = ORIENTED_EDGE ( 'NONE', *, *, #4957, .T. ) ;
#2646 = SURFACE_STYLE_FILL_AREA ( #6794 ) ;
#2647 = LINE ( 'NONE', #8596, #8783 ) ;
#2648 = LINE ( 'NONE', #6003, #5674 ) ;
#2649 = PLANE ( 'NONE',  #2683 ) ;
#2650 = CARTESIAN_POINT ( 'NONE',  ( 0.000000000000000000, 0.8500000000000000888, 0.000000000000000000 ) ) ;
#2651 = FILL_AREA_STYLE_COLOUR ( '', #1859 ) ;
#2652 = ORIENTED_EDGE ( 'NONE', *, *, #862, .T. ) ;
#2653 = CARTESIAN_POINT ( 'NONE',  ( -1.500000000000001332, 0.05000000000000000278, 0.6999999999999987343 ) ) ;
#2654 = CARTESIAN_POINT ( 'NONE',  ( 0.3999999999999991340, 0.05000000000000000278, 0.9500000000000008438 ) ) ;
#2655 = EDGE_CURVE ( 'NONE', #294, #4669, #3495, .T. ) ;
#2656 = PLANE ( 'NONE',  #2802 ) ;
#2657 = FILL_AREA_STYLE ('',( #8246 ) ) ;
#2658 = ORIENTED_EDGE ( 'NONE', *, *, #3010, .F. ) ;
#2659 = EDGE_CURVE ( 'NONE', #3002, #3204, #3318, .T. ) ;
#2660 = FACE_OUTER_BOUND ( 'NONE', #412, .T. ) ;
#2661 = ORIENTED_EDGE ( 'NONE', *, *, #7553, .T. ) ;
#2662 = VECTOR ( 'NONE', #4914, 1000.000000000000000 ) ;
#2663 = LINE ( 'NONE', #1089, #8735 ) ;
#2664 = DIRECTION ( 'NONE',  ( -0.6427876096865359212, -0.000000000000000000, 0.7660444431189809000 ) ) ;
#2665 = EDGE_CURVE ( 'NONE', #3499, #5993, #1212, .T. ) ;
#2666 = VECTOR ( 'NONE', #2172, 1000.000000000000000 ) ;
#2667 = PLANE ( 'NONE',  #2587 ) ;
#2668 = EDGE_CURVE ( 'NONE', #1203, #4050, #4319, .T. ) ;
#2669 = ORIENTED_EDGE ( 'NONE', *, *, #290, .T. ) ;
#2670 = ADVANCED_FACE ( 'NONE', ( #8215 ), #1871, .T. ) ;
#2671 = VERTEX_POINT ( 'NONE', #2654 ) ;
#2672 = EDGE_LOOP ( 'NONE', ( #6708, #6183, #5922, #3857 ) ) ;
#2673 = DIRECTION ( 'NONE',  ( -0.000000000000000000, 1.000000000000000000, -0.000000000000000000 ) ) ;
#2674 = EDGE_LOOP ( 'NONE', ( #1263, #7263, #1973, #2491 ) ) ;
#2675 = CARTESIAN_POINT ( 'NONE',  ( 1.499999999999998446, 0.000000000000000000, -1.499999999999997780 ) ) ;
#2676 = FILL_AREA_STYLE_COLOUR ( '', #7714 ) ;
#2677 = DIRECTION ( 'NONE',  ( 1.000000000000000000, 0.000000000000000000, 5.333528916197197309E-16 ) ) ;
#2678 = CARTESIAN_POINT ( 'NONE',  ( -0.9500000000000012879, 0.04999999999999991257, 0.6999999999999988454 ) ) ;
#2679 = ORIENTED_EDGE ( 'NONE', *, *, #8155, .F. ) ;
#2680 = VECTOR ( 'NONE', #7269, 1000.000000000000000 ) ;
#2681 = DIRECTION ( 'NONE',  ( -0.000000000000000000, 1.000000000000000000, -0.000000000000000000 ) ) ;
#2682 = LINE ( 'NONE', #6783, #2694 ) ;
#2683 = AXIS2_PLACEMENT_3D ( 'NONE', #4654, #6061, #7513 ) ;
#2684 = VERTEX_POINT ( 'NONE', #8185 ) ;
#2685 = ORIENTED_EDGE ( 'NONE', *, *, #6633, .T. ) ;
#2686 = CARTESIAN_POINT ( 'NONE',  ( 0.000000000000000000, 1.920000000000000151, 0.000000000000000000 ) ) ;
#2687 = ADVANCED_FACE ( 'NONE', ( #5167 ), #8231, .F. ) ;
#2688 = DIRECTION ( 'NONE',  ( 2.710505431213761085E-16, -0.000000000000000000, 1.000000000000000000 ) ) ;
#2689 = ORIENTED_EDGE ( 'NONE', *, *, #517, .T. ) ;
#2690 = LINE ( 'NONE', #1004, #8730 ) ;
#2691 = CARTESIAN_POINT ( 'NONE',  ( 0.000000000000000000, 1.960000000000000409, -1.459999999999999742 ) ) ;
#2692 = VERTEX_POINT ( 'NONE', #5319 ) ;
#2693 = VECTOR ( 'NONE', #6684, 1000.000000000000000 ) ;
#2694 = VECTOR ( 'NONE', #955, 1000.000000000000000 ) ;
#2695 = CARTESIAN_POINT ( 'NONE',  ( 0.000000000000000000, 1.920000000000000151, 0.000000000000000000 ) ) ;
#2696 = LINE ( 'NONE', #9023, #5732 ) ;
#2697 = DIRECTION ( 'NONE',  ( -5.421010862427528086E-16, 0.000000000000000000, 1.000000000000000000 ) ) ;
#2698 = VERTEX_POINT ( 'NONE', #3958 ) ;
#2699 = AXIS2_PLACEMENT_3D ( 'NONE', #74, #8552, #7859 ) ;
#2700 = AXIS2_PLACEMENT_3D ( 'NONE', #8322, #487, #9016 ) ;
#2701 = EDGE_LOOP ( 'NONE', ( #6210, #1178, #3147, #8680 ) ) ;
#2702 = PLANE ( 'NONE',  #7012 ) ;
#2703 = FACE_OUTER_BOUND ( 'NONE', #5475, .T. ) ;
#2704 = VERTEX_POINT ( 'NONE', #4662 ) ;
#2705 = VECTOR ( 'NONE', #7546, 1000.000000000000000 ) ;
#2706 = LINE ( 'NONE', #676, #2793 ) ;
#2707 = VECTOR ( 'NONE', #9069, 1000.000000000000000 ) ;
#2708 = CARTESIAN_POINT ( 'NONE',  ( 0.5349999999999999201, 0.000000000000000000, 0.5300000000000002487 ) ) ;
#2709 = CARTESIAN_POINT ( 'NONE',  ( -1.625000000000000222, 0.02499999999999984873, -0.6999999999999972911 ) ) ;
#2710 = DIRECTION ( 'NONE',  ( 0.000000000000000000, -1.000000000000000000, 0.000000000000000000 ) ) ;
#2711 = ORIENTED_EDGE ( 'NONE', *, *, #4889, .T. ) ;
#2712 = PLANE ( 'NONE',  #5789 ) ;
#2713 = VERTEX_POINT ( 'NONE', #3335 ) ;
#2714 = AXIS2_PLACEMENT_3D ( 'NONE', #8771, #3183, #8139 ) ;
#2715 = CARTESIAN_POINT ( 'NONE',  ( 0.3999999999999991340, 0.05000000000000000278, 0.9500000000000008438 ) ) ;
#2716 = CARTESIAN_POINT ( 'NONE',  ( 0.3999999999999886979, 0.3200000000000000067, 1.625000000000003109 ) ) ;
#2717 = DIRECTION ( 'NONE',  ( 0.000000000000000000, 1.000000000000000000, 0.000000000000000000 ) ) ;
#2718 = EDGE_CURVE ( 'NONE', #3198, #7812, #1936, .T. ) ;
#2719 = VERTEX_POINT ( 'NONE', #4733 ) ;
#2720 = CIRCLE ( 'NONE', #660, 0.06999999999999975686 ) ;
#2721 = ORIENTED_EDGE ( 'NONE', *, *, #3975, .T. ) ;
#2722 = VECTOR ( 'NONE', #7027, 1000.000000000000000 ) ;
#2723 = VECTOR ( 'NONE', #5730, 1000.000000000000000 ) ;
#2724 = DIRECTION ( 'NONE',  ( 0.000000000000000000, 0.000000000000000000, -1.000000000000000000 ) ) ;
#2725 = VECTOR ( 'NONE', #5347, 1000.000000000000227 ) ;
#2726 = CARTESIAN_POINT ( 'NONE',  ( -1.335000000000000187, 0.000000000000000000, -1.334999999999999964 ) ) ;
#2727 = ORIENTED_EDGE ( 'NONE', *, *, #6100, .T. ) ;
#2728 = EDGE_LOOP ( 'NONE', ( #4704, #1671, #5580, #2331 ) ) ;
#2729 = CARTESIAN_POINT ( 'NONE',  ( 1.444999999999998286, 0.3400000000000000244, 1.199999999999999512 ) ) ;
#2730 = VERTEX_POINT ( 'NONE', #1317 ) ;
#2731 = DIRECTION ( 'NONE',  ( 2.710505431213761085E-16, 0.000000000000000000, 1.000000000000000000 ) ) ;
#2732 = EDGE_CURVE ( 'NONE', #6117, #8996, #5077, .T. ) ;
#2733 = DIRECTION ( 'NONE',  ( 1.000000000000000000, 0.000000000000000000, 3.942553354492743038E-16 ) ) ;
#2734 = FACE_OUTER_BOUND ( 'NONE', #799, .T. ) ;
#2735 = PLANE ( 'NONE',  #8993 ) ;
#2736 = VERTEX_POINT ( 'NONE', #6179 ) ;
#2737 = FACE_OUTER_BOUND ( 'NONE', #7673, .T. ) ;
#2738 = EDGE_CURVE ( 'NONE', #2671, #4722, #5198, .T. ) ;
#2739 = CARTESIAN_POINT ( 'NONE',  ( -1.335000000000000187, 0.3400000000000000244, -1.334999999999999964 ) ) ;
#2740 = LINE ( 'NONE', #8119, #5643 ) ;
#2741 = ORIENTED_EDGE ( 'NONE', *, *, #1730, .T. ) ;
#2742 = DIRECTION ( 'NONE',  ( 1.000000000000000000, -0.000000000000000000, 4.015563601798169738E-16 ) ) ;
#2743 = SURFACE_STYLE_USAGE ( .BOTH. , #1288 ) ;
#2744 = CARTESIAN_POINT ( 'NONE',  ( 0.000000000000000000, 1.960000000000000409, 0.000000000000000000 ) ) ;
#2745 = ORIENTED_EDGE ( 'NONE', *, *, #4344, .T. ) ;
#2746 = VECTOR ( 'NONE', #6734, 1000.000000000000000 ) ;
#2747 = EDGE_CURVE ( 'NONE', #8662, #3198, #4951, .T. ) ;
#2748 = EDGE_LOOP ( 'NONE', ( #2546, #8227, #7687, #5915 ) ) ;
#2749 = VECTOR ( 'NONE', #8491, 1000.000000000000000 ) ;
#2750 = DIRECTION ( 'NONE',  ( -1.000000000000000000, 0.000000000000000000, 5.421010862427523156E-16 ) ) ;
#2751 = VECTOR ( 'NONE', #3188, 1000.000000000000000 ) ;
#2752 = EDGE_CURVE ( 'NONE', #7875, #4023, #8169, .T. ) ;
#2753 = DIRECTION ( 'NONE',  ( 1.000000000000000000, 0.000000000000000000, 5.421010862427528086E-16 ) ) ;
#2754 = ORIENTED_EDGE ( 'NONE', *, *, #4022, .T. ) ;
#2755 = ADVANCED_FACE ( 'NONE', ( #2184 ), #2082, .F. ) ;
#2756 = EDGE_CURVE ( 'NONE', #6168, #7433, #5261, .T. ) ;
#2757 = ORIENTED_EDGE ( 'NONE', *, *, #2374, .F. ) ;
#2758 = CARTESIAN_POINT ( 'NONE',  ( 0.4000000000000000222, 0.000000000000000000, -0.9499999999999999556 ) ) ;
#2759 = DIRECTION ( 'NONE',  ( -1.000000000000000000, 0.000000000000000000, 0.000000000000000000 ) ) ;
#2760 = LINE ( 'NONE', #7976, #5722 ) ;
#2761 = EDGE_LOOP ( 'NONE', ( #4129, #2466, #2602, #5377 ) ) ;
#2762 = VECTOR ( 'NONE', #2269, 1000.000000000000000 ) ;
#2763 = CARTESIAN_POINT ( 'NONE',  ( 0.000000000000000000, 1.936904730469628300, 0.000000000000000000 ) ) ;
#2764 = CARTESIAN_POINT ( 'NONE',  ( -0.9499999999999995115, 0.02500000000000000139, -0.6999999999999979572 ) ) ;
#2765 = CARTESIAN_POINT ( 'NONE',  ( 1.352274773154065886E-16, 1.758041561959399202, 1.104216149583350903 ) ) ;
#2766 = EDGE_CURVE ( 'NONE', #6095, #9080, #2226, .T. ) ;
#2767 = ORIENTED_EDGE ( 'NONE', *, *, #9076, .T. ) ;
#2768 = DIRECTION ( 'NONE',  ( 1.000000000000000000, -0.000000000000000000, -8.031127203596329369E-17 ) ) ;
#2769 = DIRECTION ( 'NONE',  ( -2.710505431213760592E-16, 0.000000000000000000, 1.000000000000000000 ) ) ;
#2770 = PLANE ( 'NONE',  #6363 ) ;
#2771 = CARTESIAN_POINT ( 'NONE',  ( 0.3999999999999886979, 0.3400000000000000244, 1.625000000000003109 ) ) ;
#2772 = CARTESIAN_POINT ( 'NONE',  ( 0.000000000000000000, 0.000000000000000000, 0.000000000000000000 ) ) ;
#2773 = VERTEX_POINT ( 'NONE', #7629 ) ;
#2774 = PLANE ( 'NONE',  #4135 ) ;
#2775 = LINE ( 'NONE', #7429, #5712 ) ;
#2776 = ORIENTED_EDGE ( 'NONE', *, *, #6823, .T. ) ;
#2777 = CONICAL_SURFACE ( 'NONE', #8835, 1.104216149583350903, 0.4363323129985819393 ) ;
#2778 = LINE ( 'NONE', #4047, #5686 ) ;
#2779 = DIRECTION ( 'NONE',  ( -0.000000000000000000, -1.000000000000000000, -0.000000000000000000 ) ) ;
#2780 = FACE_OUTER_BOUND ( 'NONE', #6345, .T. ) ;
#2781 = CARTESIAN_POINT ( 'NONE',  ( 0.9499999999999996225, 0.02500000000000000139, -0.3999999999999999112 ) ) ;
#2782 = VERTEX_POINT ( 'NONE', #7770 ) ;
#2783 = EDGE_LOOP ( 'NONE', ( #9004, #1712, #2754, #4929, #1763, #4908, #8879, #4458 ) ) ;
#2784 = CARTESIAN_POINT ( 'NONE',  ( 0.9500000000000000666, 0.02499999999999984873, 0.4000000000000007994 ) ) ;
#2785 = CARTESIAN_POINT ( 'NONE',  ( -0.3999999999999972466, 0.000000000000000000, 0.9500000000000010658 ) ) ;
#2786 = CARTESIAN_POINT ( 'NONE',  ( 1.534381519444564690, 0.3200000000000000067, -1.124999999999998668 ) ) ;
#2787 = AXIS2_PLACEMENT_3D ( 'NONE', #9058, #1864, #6285 ) ;
#2788 = LINE ( 'NONE', #3520, #8825 ) ;
#2789 = EDGE_CURVE ( 'NONE', #5222, #6073, #4935, .T. ) ;
#2790 = DIRECTION ( 'NONE',  ( -1.000000000000000000, 0.000000000000000000, -7.885106708985486076E-16 ) ) ;
#2791 = ADVANCED_FACE ( 'NONE', ( #8112 ), #8488, .T. ) ;
#2792 = EDGE_LOOP ( 'NONE', ( #7491, #7519, #1789, #2219 ) ) ;
#2793 = VECTOR ( 'NONE', #6429, 1000.000000000000000 ) ;
#2794 = VECTOR ( 'NONE', #2681, 1000.000000000000000 ) ;
#2795 = ORIENTED_EDGE ( 'NONE', *, *, #4022, .F. ) ;
#2796 = DIRECTION ( 'NONE',  ( 0.000000000000000000, 0.000000000000000000, 1.000000000000000000 ) ) ;
#2797 = EDGE_CURVE ( 'NONE', #3182, #4378, #8182, .T. ) ;
#2798 = EDGE_CURVE ( 'NONE', #8029, #5036, #8099, .T. ) ;
#2799 = CARTESIAN_POINT ( 'NONE',  ( 0.000000000000000000, 0.05000000000000000278, 0.000000000000000000 ) ) ;
#2800 = ORIENTED_EDGE ( 'NONE', *, *, #214, .F. ) ;
#2801 = FACE_OUTER_BOUND ( 'NONE', #625, .T. ) ;
#2802 = AXIS2_PLACEMENT_3D ( 'NONE', #6766, #3337, #1005 ) ;
#2803 = DIRECTION ( 'NONE',  ( 0.000000000000000000, -1.000000000000000000, 0.000000000000000000 ) ) ;
#2804 = EDGE_LOOP ( 'NONE', ( #8507, #5348, #5514, #7980 ) ) ;
#2805 = VECTOR ( 'NONE', #3423, 1000.000000000000000 ) ;
#2806 = VECTOR ( 'NONE', #3633, 999.9999999999998863 ) ;
#2807 = DIRECTION ( 'NONE',  ( -0.000000000000000000, -1.000000000000000000, -0.000000000000000000 ) ) ;
#2808 = AXIS2_PLACEMENT_3D ( 'NONE', #3668, #6442, #8679 ) ;
#2809 = EDGE_CURVE ( 'NONE', #2671, #2879, #2034, .T. ) ;
#2810 = CARTESIAN_POINT ( 'NONE',  ( 1.624999999999997558, 0.3200000000000000067, 1.124999999999998668 ) ) ;
#2811 = DIRECTION ( 'NONE',  ( 0.000000000000000000, -1.000000000000000000, 0.000000000000000000 ) ) ;
#2812 = EDGE_CURVE ( 'NONE', #2142, #6977, #8043, .T. ) ;
#2813 = FACE_OUTER_BOUND ( 'NONE', #1579, .T. ) ;
#2814 = DIRECTION ( 'NONE',  ( -0.000000000000000000, 1.000000000000000000, -0.000000000000000000 ) ) ;
#2815 = ADVANCED_FACE ( 'NONE', ( #8133 ), #8195, .T. ) ;
#2816 = ORIENTED_EDGE ( 'NONE', *, *, #3197, .F. ) ;
#2817 = ORIENTED_EDGE ( 'NONE', *, *, #811, .T. ) ;
#2818 = ORIENTED_EDGE ( 'NONE', *, *, #6339, .T. ) ;
#2819 = CARTESIAN_POINT ( 'NONE',  ( 1.444999999999999174, 0.2999999999999999889, -1.414999999999999591 ) ) ;
#2820 = CARTESIAN_POINT ( 'NONE',  ( 1.199999999999999956, 0.3200000000000000067, 1.445000000000000728 ) ) ;
#2821 = CYLINDRICAL_SURFACE ( 'NONE', #7030, 1.574999999999999956 ) ;
#2822 = ORIENTED_EDGE ( 'NONE', *, *, #777, .T. ) ;
#2823 = FACE_OUTER_BOUND ( 'NONE', #288, .T. ) ;
#2824 = LINE ( 'NONE', #2148, #2853 ) ;
#2825 =( GEOMETRIC_REPRESENTATION_CONTEXT ( 3 ) GLOBAL_UNCERTAINTY_ASSIGNED_CONTEXT ( ( #4131 ) ) GLOBAL_UNIT_ASSIGNED_CONTEXT ( ( #5282, #8710, #1689 ) ) REPRESENTATION_CONTEXT ( 'NONE', 'WORKASPACE' ) );
#2826 = CARTESIAN_POINT ( 'NONE',  ( 0.9499999999999996225, 0.000000000000000000, -0.3999999999999999112 ) ) ;
#2827 = CARTESIAN_POINT ( 'NONE',  ( -1.624999999999995559, 0.3200000000000000067, -0.4000000000000168421 ) ) ;
#2828 = ORIENTED_EDGE ( 'NONE', *, *, #5182, .T. ) ;
#2829 = DIRECTION ( 'NONE',  ( -4.034240641806509359E-15, -0.000000000000000000, 1.000000000000000000 ) ) ;
#2830 = CARTESIAN_POINT ( 'NONE',  ( 1.499999999999999778, 0.000000000000000000, -0.3999999999999999667 ) ) ;
#2831 = CARTESIAN_POINT ( 'NONE',  ( -1.200000000000001288, 0.3000000000000000444, 1.444999999999998952 ) ) ;
#2832 = CARTESIAN_POINT ( 'NONE',  ( -1.624999999999998890, 0.3200000000000000067, 1.124999999999996891 ) ) ;
#2833 = ORIENTED_EDGE ( 'NONE', *, *, #7702, .T. ) ;
#2834 = FACE_OUTER_BOUND ( 'NONE', #7476, .T. ) ;
#2835 = ORIENTED_EDGE ( 'NONE', *, *, #3841, .T. ) ;
#2836 = LINE ( 'NONE', #7097, #2680 ) ;
#2837 = LINE ( 'NONE', #3501, #5728 ) ;
#2838 = DIRECTION ( 'NONE',  ( 0.000000000000000000, 0.9063077870366501587, 0.4226182617406989972 ) ) ;
#2839 = LINE ( 'NONE', #3743, #2549 ) ;
#2840 = CARTESIAN_POINT ( 'NONE',  ( -0.3999999999999973022, 0.02500000000000000139, 1.625000000000000888 ) ) ;
#2841 = ORIENTED_EDGE ( 'NONE', *, *, #5783, .T. ) ;
#2842 = ORIENTED_EDGE ( 'NONE', *, *, #6051, .F. ) ;
#2843 = EDGE_CURVE ( 'NONE', #5202, #8690, #2073, .T. ) ;
#2844 = ORIENTED_EDGE ( 'NONE', *, *, #6449, .T. ) ;
#2845 = DIRECTION ( 'NONE',  ( 0.000000000000000000, -0.000000000000000000, -1.000000000000000000 ) ) ;
#2846 = DIRECTION ( 'NONE',  ( -0.6427876096865359212, 0.000000000000000000, 0.7660444431189809000 ) ) ;
#2847 = CIRCLE ( 'NONE', #4517, 1.574999999999999956 ) ;
#2848 = DIRECTION ( 'NONE',  ( -2.581433744013106054E-16, -0.000000000000000000, 1.000000000000000000 ) ) ;
#2849 = DIRECTION ( 'NONE',  ( 0.000000000000000000, -0.000000000000000000, -1.000000000000000000 ) ) ;
#2850 = VERTEX_POINT ( 'NONE', #6289 ) ;
#2851 = FACE_OUTER_BOUND ( 'NONE', #7091, .T. ) ;
#2852 = EDGE_CURVE ( 'NONE', #6608, #3123, #2136, .T. ) ;
#2853 = VECTOR ( 'NONE', #7775, 1000.000000000000000 ) ;
#2854 = LINE ( 'NONE', #7166, #2874 ) ;
#2855 =( LENGTH_UNIT ( ) NAMED_UNIT ( * ) SI_UNIT ( .MILLI., .METRE. ) );
#2856 = VERTEX_POINT ( 'NONE', #2267 ) ;
#2857 = EDGE_LOOP ( 'NONE', ( #8403, #3068, #8675, #8049, #2640, #213, #8762, #3487, #301, #1650, #5710, #2542, #6454, #5650, #1921, #5754, #2467, #8066, #8120, #356, #5607, #7841, #8482, #4130, #1244, #7549, #1344, #703 ) ) ;
#2858 = EDGE_CURVE ( 'NONE', #2782, #6123, #5180, .T. ) ;
#2859 = DIRECTION ( 'NONE',  ( 8.031127203596333067E-17, 0.000000000000000000, -1.000000000000000000 ) ) ;
#2860 = CARTESIAN_POINT ( 'NONE',  ( 0.000000000000000000, 1.570000000000000062, -1.314999999999999725 ) ) ;
#2861 = DIRECTION ( 'NONE',  ( 0.000000000000000000, -1.000000000000000000, 0.000000000000000000 ) ) ;
#2862 = EDGE_CURVE ( 'NONE', #2310, #4496, #8259, .T. ) ;
#2863 = ORIENTED_EDGE ( 'NONE', *, *, #7170, .F. ) ;
#2864 = EDGE_CURVE ( 'NONE', #7620, #6073, #5243, .T. ) ;
#2865 = AXIS2_PLACEMENT_3D ( 'NONE', #4554, #1825, #8894 ) ;
#2866 = DIRECTION ( 'NONE',  ( -0.000000000000000000, -1.000000000000000000, -0.000000000000000000 ) ) ;
#2867 = ADVANCED_FACE ( 'NONE', ( #5043 ), #457, .T. ) ;
#2868 = ORIENTED_EDGE ( 'NONE', *, *, #1333, .F. ) ;
#2869 = LINE ( 'NONE', #1055, #3080 ) ;
#2870 = LINE ( 'NONE', #5673, #2723 ) ;
#2871 = DIRECTION ( 'NONE',  ( -0.000000000000000000, -1.000000000000000000, -0.000000000000000000 ) ) ;
#2872 = DIRECTION ( 'NONE',  ( 0.000000000000000000, -1.000000000000000000, 0.000000000000000000 ) ) ;
#2873 = EDGE_CURVE ( 'NONE', #4231, #4213, #1954, .T. ) ;
#2874 = VECTOR ( 'NONE', #7898, 1000.000000000000000 ) ;
#2875 = CARTESIAN_POINT ( 'NONE',  ( 0.4000000000000001887, 0.05000000000000000278, -1.499999999999999778 ) ) ;
#2876 = DIRECTION ( 'NONE',  ( -0.000000000000000000, -1.000000000000000000, -0.000000000000000000 ) ) ;
#2877 = ORIENTED_EDGE ( 'NONE', *, *, #5821, .T. ) ;
#2878 = CARTESIAN_POINT ( 'NONE',  ( 0.4000000000000008549, 0.02500000000000000139, 1.625000000000000888 ) ) ;
#2879 = VERTEX_POINT ( 'NONE', #7443 ) ;
#2880 = CARTESIAN_POINT ( 'NONE',  ( -0.9499999999999978462, 0.02499999999999984873, 0.6999999999999988454 ) ) ;
#2881 = DIRECTION ( 'NONE',  ( 0.000000000000000000, 1.000000000000000000, 0.000000000000000000 ) ) ;
#2882 = EDGE_LOOP ( 'NONE', ( #4365, #3825, #2272, #762, #6695, #7632, #4864, #5382 ) ) ;
#2883 = LINE ( 'NONE', #714, #2806 ) ;
#2884 = PRESENTATION_LAYER_ASSIGNMENT (  '', '', ( #3731 ) ) ;
#2885 = DIRECTION ( 'NONE',  ( -0.000000000000000000, 1.000000000000000000, -0.000000000000000000 ) ) ;
#2886 = ADVANCED_FACE ( 'NONE', ( #5124 ), #3375, .T. ) ;
#2887 = EDGE_LOOP ( 'NONE', ( #1132, #4059, #3017, #5980 ) ) ;
#2888 = DIRECTION ( 'NONE',  ( 0.000000000000000000, 1.000000000000000000, 0.000000000000000000 ) ) ;
#2889 = ORIENTED_EDGE ( 'NONE', *, *, #8793, .F. ) ;
#2890 = EDGE_CURVE ( 'NONE', #4213, #2969, #5143, .T. ) ;
#2891 = CARTESIAN_POINT ( 'NONE',  ( -0.9499999999999978462, 0.02500000000000000139, 0.6999999999999988454 ) ) ;
#2892 = DIRECTION ( 'NONE',  ( -0.000000000000000000, -1.000000000000000000, -0.000000000000000000 ) ) ;
#2893 = DIRECTION ( 'NONE',  ( -0.000000000000000000, 1.000000000000000000, -0.000000000000000000 ) ) ;
#2894 = CARTESIAN_POINT ( 'NONE',  ( 1.414999999999998925, 0.3200000000000000067, -1.444999999999999840 ) ) ;
#2895 = EDGE_LOOP ( 'NONE', ( #441, #198, #2745, #3397 ) ) ;
#2896 = CARTESIAN_POINT ( 'NONE',  ( 0.5349999999999999201, 0.000000000000000000, -0.5299999999999998046 ) ) ;
#2897 = EDGE_LOOP ( 'NONE', ( #3132, #6279, #1315, #813 ) ) ;
#2898 = VECTOR ( 'NONE', #2070, 1000.000000000000000 ) ;
#2899 = VECTOR ( 'NONE', #1153, 1000.000000000000000 ) ;
#2900 = VECTOR ( 'NONE', #7978, 1000.000000000000000 ) ;
#2901 = DIRECTION ( 'NONE',  ( 2.710505431213764043E-16, -0.000000000000000000, -1.000000000000000000 ) ) ;
#2902 = ORIENTED_EDGE ( 'NONE', *, *, #8541, .T. ) ;
#2903 = AXIS2_PLACEMENT_3D ( 'NONE', #2944, #5657, #6338 ) ;
#2904 = ORIENTED_EDGE ( 'NONE', *, *, #5695, .F. ) ;
#2905 = VERTEX_POINT ( 'NONE', #4064 ) ;
#2906 = DIRECTION ( 'NONE',  ( 0.000000000000000000, 0.000000000000000000, -1.000000000000000000 ) ) ;
#2907 = PLANE ( 'NONE',  #1670 ) ;
#2908 = DIRECTION ( 'NONE',  ( -0.000000000000000000, -1.000000000000000000, -0.000000000000000000 ) ) ;
#2909 = MANIFOLD_SOLID_BREP ( 'Cut-Extrude2', #1548 ) ;
#2910 = DIRECTION ( 'NONE',  ( -9.856383386231857595E-17, 0.000000000000000000, 1.000000000000000000 ) ) ;
#2911 = DIRECTION ( 'NONE',  ( 1.000000000000000000, 0.000000000000000000, -9.637352644315586861E-16 ) ) ;
#2912 = ORIENTED_EDGE ( 'NONE', *, *, #1227, .T. ) ;
#2913 = VECTOR ( 'NONE', #3269, 1000.000000000000000 ) ;
#2914 = LINE ( 'NONE', #1214, #8968 ) ;
#2915 = DIRECTION ( 'NONE',  ( 0.000000000000000000, -1.000000000000000000, 0.000000000000000000 ) ) ;
#2916 = DIRECTION ( 'NONE',  ( 0.000000000000000000, 0.000000000000000000, -1.000000000000000000 ) ) ;
#2917 = ORIENTED_EDGE ( 'NONE', *, *, #3795, .T. ) ;
#2918 = ORIENTED_EDGE ( 'NONE', *, *, #405, .F. ) ;
#2919 = DIRECTION ( 'NONE',  ( -1.000000000000000000, 0.000000000000000000, 0.000000000000000000 ) ) ;
#2920 = AXIS2_PLACEMENT_3D ( 'NONE', #2245, #2932, #5190 ) ;
#2921 = DIRECTION ( 'NONE',  ( -2.710505431213761085E-16, 0.000000000000000000, 1.000000000000000000 ) ) ;
#2922 = AXIS2_PLACEMENT_3D ( 'NONE', #8067, #429, #6672 ) ;
#2923 = EDGE_CURVE ( 'NONE', #1873, #2730, #2533, .T. ) ;
#2924 = VERTEX_POINT ( 'NONE', #4776 ) ;
#2925 = ADVANCED_FACE ( 'NONE', ( #2492 ), #1298, .F. ) ;
#2926 = CARTESIAN_POINT ( 'NONE',  ( -0.9499999999999995115, 0.02500000000000000139, -0.6999999999999979572 ) ) ;
#2927 = ORIENTED_EDGE ( 'NONE', *, *, #890, .T. ) ;
#2928 = FACE_OUTER_BOUND ( 'NONE', #2130, .T. ) ;
#2929 = VECTOR ( 'NONE', #1773, 1000.000000000000000 ) ;
#2930 = DIRECTION ( 'NONE',  ( 0.000000000000000000, 0.000000000000000000, -1.000000000000000000 ) ) ;
#2931 = CARTESIAN_POINT ( 'NONE',  ( -0.9499999999999995115, 1.556154042586614050, -0.6999999999999979572 ) ) ;
#2932 = DIRECTION ( 'NONE',  ( -0.000000000000000000, -1.000000000000000000, -0.000000000000000000 ) ) ;
#2933 = FACE_OUTER_BOUND ( 'NONE', #7582, .T. ) ;
#2934 = CARTESIAN_POINT ( 'NONE',  ( 0.3999999999999999667, 4.621194077712559078, -1.625000000000000000 ) ) ;
#2935 = ORIENTED_EDGE ( 'NONE', *, *, #4585, .F. ) ;
#2936 = CARTESIAN_POINT ( 'NONE',  ( -1.625000000000003775, 0.3200000000000000067, 0.3999999999999832023 ) ) ;
#2937 = EDGE_LOOP ( 'NONE', ( #6340, #7795 ) ) ;
#2938 = CARTESIAN_POINT ( 'NONE',  ( 1.199999999999999734, 0.3200000000000000067, -1.444999999999999840 ) ) ;
#2939 = VERTEX_POINT ( 'NONE', #2061 ) ;
#2940 = DIRECTION ( 'NONE',  ( 0.000000000000000000, 0.000000000000000000, -1.000000000000000000 ) ) ;
#2941 = AXIS2_PLACEMENT_3D ( 'NONE', #2635, #6804, #2750 ) ;
#2942 = VERTEX_POINT ( 'NONE', #4004 ) ;
#2943 = DIRECTION ( 'NONE',  ( -1.000000000000000000, 0.000000000000000000, -2.344220913482168205E-16 ) ) ;
#2944 = CARTESIAN_POINT ( 'NONE',  ( 2.168404344971008868E-16, 0.3400000000000000244, 4.336808689942017736E-16 ) ) ;
#2945 = EDGE_CURVE ( 'NONE', #1473, #3822, #5380, .T. ) ;
#2946 = ADVANCED_FACE ( 'NONE', ( #8335 ), #5596, .F. ) ;
#2947 = ORIENTED_EDGE ( 'NONE', *, *, #4184, .F. ) ;
#2948 = FACE_OUTER_BOUND ( 'NONE', #7789, .T. ) ;
#2949 = LINE ( 'NONE', #5867, #6253 ) ;
#2950 = FACE_OUTER_BOUND ( 'NONE', #5930, .T. ) ;
#2951 = DIRECTION ( 'NONE',  ( 1.000000000000000000, -0.000000000000000000, 1.013370494077467449E-14 ) ) ;
#2952 = ORIENTED_EDGE ( 'NONE', *, *, #4081, .T. ) ;
#2953 = CARTESIAN_POINT ( 'NONE',  ( -1.500000000000001554, 0.05000000000000000278, 1.499999999999998668 ) ) ;
#2954 = ORIENTED_EDGE ( 'NONE', *, *, #7289, .T. ) ;
#2955 = DIRECTION ( 'NONE',  ( -1.000000000000000000, -0.000000000000000000, -9.856383386231856362E-17 ) ) ;
#2956 = CARTESIAN_POINT ( 'NONE',  ( -1.500000000000001554, 0.000000000000000000, 1.499999999999998668 ) ) ;
#2957 = DIRECTION ( 'NONE',  ( 0.000000000000000000, 1.000000000000000000, 0.000000000000000000 ) ) ;
#2958 = CARTESIAN_POINT ( 'NONE',  ( 1.444999999999999174, 0.3400000000000000244, -1.414999999999999591 ) ) ;
#2959 = DIRECTION ( 'NONE',  ( 1.000000000000000000, 0.000000000000000000, 3.039819175193002819E-16 ) ) ;
#2960 = VERTEX_POINT ( 'NONE', #8913 ) ;
#2961 = DIRECTION ( 'NONE',  ( 0.000000000000000000, -1.000000000000000000, 0.000000000000000000 ) ) ;
#2962 = EDGE_CURVE ( 'NONE', #6895, #5036, #2332, .T. ) ;
#2963 = ORIENTED_EDGE ( 'NONE', *, *, #7083, .T. ) ;
#2964 = LINE ( 'NONE', #4716, #6126 ) ;
#2965 = VECTOR ( 'NONE', #7873, 1000.000000000000000 ) ;
#2966 = VECTOR ( 'NONE', #7663, 1000.000000000000000 ) ;
#2967 = PLANE ( 'NONE',  #4747 ) ;
#2968 = ADVANCED_FACE ( 'NONE', ( #5394 ), #7501, .T. ) ;
#2969 = VERTEX_POINT ( 'NONE', #1846 ) ;
#2970 = ORIENTED_EDGE ( 'NONE', *, *, #531, .F. ) ;
#2971 = SURFACE_STYLE_USAGE ( .BOTH. , #4282 ) ;
#2972 = EDGE_LOOP ( 'NONE', ( #6017, #8990, #4391, #7053 ) ) ;
#2973 = CARTESIAN_POINT ( 'NONE',  ( 1.444999999999998286, 0.3200000000000000067, 1.199999999999999512 ) ) ;
#2974 = DIRECTION ( 'NONE',  ( 0.000000000000000000, 0.000000000000000000, 1.000000000000000000 ) ) ;
#2975 = SURFACE_SIDE_STYLE ('',( #4580 ) ) ;
#2976 = CARTESIAN_POINT ( 'NONE',  ( 1.624999999999997558, 0.3400000000000000244, 1.124999999999998668 ) ) ;
#2977 = ORIENTED_EDGE ( 'NONE', *, *, #3806, .F. ) ;
#2978 = LINE ( 'NONE', #5649, #6057 ) ;
#2979 = PLANE ( 'NONE',  #7048 ) ;
#2980 = EDGE_CURVE ( 'NONE', #5310, #7447, #5568, .T. ) ;
#2981 = ORIENTED_EDGE ( 'NONE', *, *, #5934, .T. ) ;
#2982 = CARTESIAN_POINT ( 'NONE',  ( 1.624999999999997558, 0.3200000000000000067, 1.124999999999998668 ) ) ;
#2983 = CARTESIAN_POINT ( 'NONE',  ( -0.9499999999999998446, 0.02500000000000000139, -1.499999999999998002 ) ) ;
#2984 = AXIS2_PLACEMENT_3D ( 'NONE', #1176, #518, #6858 ) ;
#2985 = EDGE_LOOP ( 'NONE', ( #7214, #102, #7299, #6022 ) ) ;
#2986 = PLANE ( 'NONE',  #642 ) ;
#2987 = ORIENTED_EDGE ( 'NONE', *, *, #3655, .F. ) ;
#2988 = TOROIDAL_SURFACE ( 'NONE', #5879, 1.484999999999999876, 0.04000000000000004940 ) ;
#2989 = TOROIDAL_SURFACE ( 'NONE', #5184, 1.314999999999999725, 0.03999999999999999389 ) ;
#2990 = CARTESIAN_POINT ( 'NONE',  ( -1.500000000000001332, 0.05000000000000034972, 0.6999999999999987343 ) ) ;
#2991 = CARTESIAN_POINT ( 'NONE',  ( -1.500000000000001110, 1.556154042586614050, -0.4000000000000008549 ) ) ;
#2992 = CARTESIAN_POINT ( 'NONE',  ( -0.3999999999999990230, 0.02499999999999984873, -1.625000000000000000 ) ) ;
#2993 = ORIENTED_EDGE ( 'NONE', *, *, #2252, .T. ) ;
#2994 = EDGE_LOOP ( 'NONE', ( #6091, #27, #4960, #8476 ) ) ;
#2995 = EDGE_CURVE ( 'NONE', #4306, #2585, #5548, .T. ) ;
#2996 = CARTESIAN_POINT ( 'NONE',  ( -1.125000000000001332, 0.3200000000000000067, 1.624999999999999112 ) ) ;
#2997 = CARTESIAN_POINT ( 'NONE',  ( 2.168404344971008868E-16, 0.3200000000000000067, 1.575000000000000400 ) ) ;
#2998 = EDGE_LOOP ( 'NONE', ( #4863, #82, #5999, #1006 ) ) ;
#2999 = DIRECTION ( 'NONE',  ( 0.000000000000000000, -1.000000000000000000, 0.000000000000000000 ) ) ;
#3000 = DIRECTION ( 'NONE',  ( -1.000000000000000000, 0.000000000000000000, -3.826595902890019188E-16 ) ) ;
#3001 = AXIS2_PLACEMENT_3D ( 'NONE', #6745, #8224, #3936 ) ;
#3002 = VERTEX_POINT ( 'NONE', #3938 ) ;
#3003 = FACE_OUTER_BOUND ( 'NONE', #445, .T. ) ;
#3004 = FACE_OUTER_BOUND ( 'NONE', #5328, .T. ) ;
#3005 = AXIS2_PLACEMENT_3D ( 'NONE', #8965, #6899, #502 ) ;
#3006 = CARTESIAN_POINT ( 'NONE',  ( -1.625000000000000222, 0.000000000000000000, 1.625000000000000000 ) ) ;
#3007 = ORIENTED_EDGE ( 'NONE', *, *, #4083, .F. ) ;
#3008 = PLANE ( 'NONE',  #1118 ) ;
#3009 = CARTESIAN_POINT ( 'NONE',  ( 1.124999999999999778, 0.3400000000000000244, -1.534381519444566244 ) ) ;
#3010 = EDGE_CURVE ( 'NONE', #8205, #7615, #2402, .T. ) ;
#3011 = DIRECTION ( 'NONE',  ( 3.039819175193002819E-16, 0.000000000000000000, -1.000000000000000000 ) ) ;
#3012 = CARTESIAN_POINT ( 'NONE',  ( -0.3149999999999993916, 0.05000000000000034972, -0.5300000000000001377 ) ) ;
#3013 = ORIENTED_EDGE ( 'NONE', *, *, #6937, .F. ) ;
#3014 = CARTESIAN_POINT ( 'NONE',  ( 1.444999999999998286, 0.3000000000000000444, 1.199999999999999512 ) ) ;
#3015 = AXIS2_PLACEMENT_3D ( 'NONE', #2511, #4629, #5355 ) ;
#3016 = ADVANCED_FACE ( 'NONE', ( #8411 ), #5134, .T. ) ;
#3017 = ORIENTED_EDGE ( 'NONE', *, *, #7090, .F. ) ;
#3018 = VECTOR ( 'NONE', #4858, 1000.000000000000000 ) ;
#3019 = FACE_OUTER_BOUND ( 'NONE', #3308, .T. ) ;
#3020 = EDGE_CURVE ( 'NONE', #5159, #1963, #2389, .T. ) ;
#3021 = VECTOR ( 'NONE', #8454, 1000.000000000000000 ) ;
#3022 = PLANE ( 'NONE',  #9039 ) ;
#3023 = CARTESIAN_POINT ( 'NONE',  ( 0.9499999999999985123, 1.556154042586614050, -1.499999999999998224 ) ) ;
#3024 = ORIENTED_EDGE ( 'NONE', *, *, #7232, .F. ) ;
#3025 = DIRECTION ( 'NONE',  ( 1.000000000000000000, 0.000000000000000000, 0.000000000000000000 ) ) ;
#3026 = EDGE_CURVE ( 'NONE', #2063, #5255, #5309, .T. ) ;
#3027 = ORIENTED_EDGE ( 'NONE', *, *, #1514, .F. ) ;
#3028 = CARTESIAN_POINT ( 'NONE',  ( 0.9499999999999982903, 0.000000000000000000, -0.6999999999999984013 ) ) ;
#3029 = CARTESIAN_POINT ( 'NONE',  ( -0.5350000000000001421, 0.000000000000000000, 0.5299999999999999156 ) ) ;
#3030 = CARTESIAN_POINT ( 'NONE',  ( 0.4000000000000000222, 0.02500000000000000139, -0.9499999999999999556 ) ) ;
#3031 = DIRECTION ( 'NONE',  ( -0.000000000000000000, -1.000000000000000000, -0.000000000000000000 ) ) ;
#3032 = CARTESIAN_POINT ( 'NONE',  ( 0.000000000000000000, 1.570000000000000062, 0.000000000000000000 ) ) ;
#3033 = ORIENTED_EDGE ( 'NONE', *, *, #8052, .T. ) ;
#3034 = FACE_OUTER_BOUND ( 'NONE', #7305, .T. ) ;
#3035 = CARTESIAN_POINT ( 'NONE',  ( 1.534381519444564690, 0.3200000000000000067, -1.124999999999998668 ) ) ;
#3036 = LINE ( 'NONE', #7317, #2929 ) ;
#3037 = CARTESIAN_POINT ( 'NONE',  ( 1.124999999999999778, 0.3200000000000000067, -1.534381519444566244 ) ) ;
#3038 = AXIS2_PLACEMENT_3D ( 'NONE', #6411, #4151, #6236 ) ;
#3039 = VECTOR ( 'NONE', #3800, 1000.000000000000227 ) ;
#3040 = EDGE_CURVE ( 'NONE', #8819, #8803, #2343, .T. ) ;
#3041 = ADVANCED_FACE ( 'NONE', ( #2426 ), #152, .F. ) ;
#3042 = ORIENTED_EDGE ( 'NONE', *, *, #3293, .F. ) ;
#3043 = ORIENTED_EDGE ( 'NONE', *, *, #2311, .F. ) ;
#3044 = DIRECTION ( 'NONE',  ( -0.000000000000000000, 0.000000000000000000, 1.000000000000000000 ) ) ;
#3045 = VERTEX_POINT ( 'NONE', #4925 ) ;
#3046 = CARTESIAN_POINT ( 'NONE',  ( -1.625000000000000222, 0.000000000000000000, 1.625000000000000000 ) ) ;
#3047 = ORIENTED_EDGE ( 'NONE', *, *, #6913, .T. ) ;
#3048 = VECTOR ( 'NONE', #3044, 1000.000000000000000 ) ;
#3049 = CIRCLE ( 'NONE', #2552, 0.04000000000000010492 ) ;
#3050 = DIRECTION ( 'NONE',  ( 0.000000000000000000, 0.000000000000000000, -1.000000000000000000 ) ) ;
#3051 = CARTESIAN_POINT ( 'NONE',  ( 1.444999999999999174, 0.3000000000000000444, -1.414999999999999591 ) ) ;
#3052 = DIRECTION ( 'NONE',  ( 1.000000000000000000, -0.000000000000000000, 2.710505431213764536E-16 ) ) ;
#3053 = LINE ( 'NONE', #3675, #6172 ) ;
#3054 = AXIS2_PLACEMENT_3D ( 'NONE', #6006, #7342, #4536 ) ;
#3055 = DIRECTION ( 'NONE',  ( 1.000000000000000000, 0.000000000000000000, -9.856383386231857595E-17 ) ) ;
#3056 = EDGE_LOOP ( 'NONE', ( #3575, #7850, #8148, #6926 ) ) ;
#3057 = DIRECTION ( 'NONE',  ( 1.000000000000000000, 0.000000000000000000, 6.400234699436635982E-15 ) ) ;
#3058 = EDGE_CURVE ( 'NONE', #8377, #8819, #2371, .T. ) ;
#3059 = EDGE_CURVE ( 'NONE', #5846, #3536, #5454, .T. ) ;
#3060 = ORIENTED_EDGE ( 'NONE', *, *, #5395, .F. ) ;
#3061 = DIRECTION ( 'NONE',  ( -1.000000000000000000, 0.000000000000000000, 1.971276677246372012E-16 ) ) ;
#3062 = DIRECTION ( 'NONE',  ( -1.000000000000000000, 0.000000000000000000, 1.971276677246371519E-16 ) ) ;
#3063 = ORIENTED_EDGE ( 'NONE', *, *, #1299, .F. ) ;
#3064 = LINE ( 'NONE', #8295, #5891 ) ;
#3065 = FACE_OUTER_BOUND ( 'NONE', #5100, .T. ) ;
#3066 = LINE ( 'NONE', #5970, #6041 ) ;
#3067 = DIRECTION ( 'NONE',  ( 0.000000000000000000, -1.000000000000000000, 0.000000000000000000 ) ) ;
#3068 = ORIENTED_EDGE ( 'NONE', *, *, #5353, .F. ) ;
#3069 = CARTESIAN_POINT ( 'NONE',  ( -0.9499999999999981792, 0.02499999999999984873, 1.625000000000000888 ) ) ;
#3070 = DIRECTION ( 'NONE',  ( -0.000000000000000000, -1.000000000000000000, -0.000000000000000000 ) ) ;
#3071 = EDGE_CURVE ( 'NONE', #8782, #2010, #2508, .T. ) ;
#3072 = CARTESIAN_POINT ( 'NONE',  ( 1.624999999999998446, 0.3400000000000000244, 0.4000000000000059064 ) ) ;
#3073 = DIRECTION ( 'NONE',  ( -1.000000000000000000, 0.000000000000000000, 0.000000000000000000 ) ) ;
#3074 = EDGE_LOOP ( 'NONE', ( #8014, #4919, #9086, #1123 ) ) ;
#3075 = ADVANCED_FACE ( 'NONE', ( #2460 ), #4370, .F. ) ;
#3076 = FILL_AREA_STYLE ('',( #679 ) ) ;
#3077 = CARTESIAN_POINT ( 'NONE',  ( -0.9499999999999978462, 0.000000000000000000, 0.6999999999999988454 ) ) ;
#3078 = AXIS2_PLACEMENT_3D ( 'NONE', #4462, #289, #6696 ) ;
#3079 = EDGE_LOOP ( 'NONE', ( #1660, #4807, #4493, #7756 ) ) ;
#3080 = VECTOR ( 'NONE', #2528, 1000.000000000000000 ) ;
#3081 = LINE ( 'NONE', #2110, #6224 ) ;
#3082 = LINE ( 'NONE', #1688, #5954 ) ;
#3083 = EDGE_LOOP ( 'NONE', ( #5570, #8235, #3111, #5529 ) ) ;
#3084 = CARTESIAN_POINT ( 'NONE',  ( 0.000000000000000000, 0.000000000000000000, 0.000000000000000000 ) ) ;
#3085 = ORIENTED_EDGE ( 'NONE', *, *, #7512, .F. ) ;
#3086 = ORIENTED_EDGE ( 'NONE', *, *, #8846, .T. ) ;
#3087 = CARTESIAN_POINT ( 'NONE',  ( 1.124999999999999778, 0.3000000000000000444, -1.534381519444566244 ) ) ;
#3088 = DIRECTION ( 'NONE',  ( -8.031127203596329369E-17, 0.000000000000000000, -1.000000000000000000 ) ) ;
#3089 = PLANE ( 'NONE',  #1528 ) ;
#3090 = ADVANCED_FACE ( 'NONE', ( #5438 ), #5825, .F. ) ;
#3091 = VERTEX_POINT ( 'NONE', #6388 ) ;
#3092 = FACE_OUTER_BOUND ( 'NONE', #2804, .T. ) ;
#3093 = FACE_OUTER_BOUND ( 'NONE', #1744, .T. ) ;
#3094 = LINE ( 'NONE', #254, #6201 ) ;
#3095 = CARTESIAN_POINT ( 'NONE',  ( 0.3999999999999886979, 0.3200000000000000067, 1.625000000000003109 ) ) ;
#3096 = ORIENTED_EDGE ( 'NONE', *, *, #7094, .F. ) ;
#3097 = VERTEX_POINT ( 'NONE', #3718 ) ;
#3098 = DIRECTION ( 'NONE',  ( 0.000000000000000000, -1.000000000000000000, 0.000000000000000000 ) ) ;
#3099 = ORIENTED_EDGE ( 'NONE', *, *, #6823, .F. ) ;
#3100 = CARTESIAN_POINT ( 'NONE',  ( -1.625000000000000222, 0.000000000000000000, -0.4000000000000010214 ) ) ;
#3101 = VERTEX_POINT ( 'NONE', #8468 ) ;
#3102 = LINE ( 'NONE', #2196, #8987 ) ;
#3103 = DIRECTION ( 'NONE',  ( 1.000000000000000000, 0.000000000000000000, 0.000000000000000000 ) ) ;
#3104 = EDGE_CURVE ( 'NONE', #7865, #4180, #5407, .T. ) ;
#3105 = DIRECTION ( 'NONE',  ( 0.000000000000000000, 0.000000000000000000, 1.000000000000000000 ) ) ;
#3106 = CARTESIAN_POINT ( 'NONE',  ( -1.624999999999998446, 0.000000000000000000, 0.6999999999999981792 ) ) ;
#3107 = VECTOR ( 'NONE', #121, 1000.000000000000000 ) ;
#3108 = DIRECTION ( 'NONE',  ( -1.000000000000000000, 0.000000000000000000, -3.826595902890018695E-16 ) ) ;
#3109 = ADVANCED_FACE ( 'NONE', ( #2473 ), #1534, .F. ) ;
#3110 = DIRECTION ( 'NONE',  ( -2.710505431213761578E-16, 0.000000000000000000, -1.000000000000000000 ) ) ;
#3111 = ORIENTED_EDGE ( 'NONE', *, *, #2945, .T. ) ;
#3112 = AXIS2_PLACEMENT_3D ( 'NONE', #911, #5226, #974 ) ;
#3113 = DIRECTION ( 'NONE',  ( 1.000000000000000000, 0.000000000000000000, 0.000000000000000000 ) ) ;
#3114 = ORIENTED_EDGE ( 'NONE', *, *, #3819, .F. ) ;
#3115 = DIRECTION ( 'NONE',  ( -0.000000000000000000, -1.000000000000000000, -0.000000000000000000 ) ) ;
#3116 = DIRECTION ( 'NONE',  ( 1.000000000000000000, 0.000000000000000000, 7.885106708985487062E-16 ) ) ;
#3117 = DIRECTION ( 'NONE',  ( 1.000000000000000000, 0.000000000000000000, 9.637352644315586861E-16 ) ) ;
#3118 = ORIENTED_EDGE ( 'NONE', *, *, #6937, .T. ) ;
#3119 = LINE ( 'NONE', #884, #76 ) ;
#3120 = VECTOR ( 'NONE', #4513, 1000.000000000000000 ) ;
#3121 = PRESENTATION_STYLE_ASSIGNMENT (( #3634 ) ) ;
#3122 = DIRECTION ( 'NONE',  ( 0.000000000000000000, 1.000000000000000000, 0.000000000000000000 ) ) ;
#3123 = VERTEX_POINT ( 'NONE', #7038 ) ;
#3124 = CARTESIAN_POINT ( 'NONE',  ( 1.624999999999999778, 0.000000000000000000, 0.6999999999999990674 ) ) ;
#3125 = AXIS2_PLACEMENT_3D ( 'NONE', #4217, #2393, #7070 ) ;
#3126 = CARTESIAN_POINT ( 'NONE',  ( -1.534381519444566022, -0.2789528969834105254, 1.124999999999997780 ) ) ;
#3127 = AXIS2_PLACEMENT_3D ( 'NONE', #2430, #3122, #6347 ) ;
#3128 = EDGE_LOOP ( 'NONE', ( #3728, #5959, #3086, #3383 ) ) ;
#3129 = EDGE_CURVE ( 'NONE', #5176, #8798, #2260, .T. ) ;
#3130 = DIRECTION ( 'NONE',  ( 2.710505431213762564E-16, 0.000000000000000000, -1.000000000000000000 ) ) ;
#3131 = CARTESIAN_POINT ( 'NONE',  ( -0.9500000000000012879, 0.05000000000000000278, 0.6999999999999988454 ) ) ;
#3132 = ORIENTED_EDGE ( 'NONE', *, *, #6489, .T. ) ;
#3133 = FACE_OUTER_BOUND ( 'NONE', #7845, .T. ) ;
#3134 = LINE ( 'NONE', #8024, #127 ) ;
#3135 = LINE ( 'NONE', #5652, #9015 ) ;
#3136 = DIRECTION ( 'NONE',  ( -0.7660444431189799008, 0.000000000000000000, 0.6427876096865370315 ) ) ;
#3137 = PLANE ( 'NONE',  #2572 ) ;
#3138 = EDGE_LOOP ( 'NONE', ( #2286, #5854, #7674, #1727 ) ) ;
#3139 = AXIS2_PLACEMENT_3D ( 'NONE', #2477, #4028, #6237 ) ;
#3140 = ORIENTED_EDGE ( 'NONE', *, *, #2995, .T. ) ;
#3141 = DIRECTION ( 'NONE',  ( -0.000000000000000000, -1.000000000000000000, 0.000000000000000000 ) ) ;
#3142 = ADVANCED_FACE ( 'NONE', ( #8348 ), #1475, .F. ) ;
#3143 = DIRECTION ( 'NONE',  ( 1.000000000000000000, 0.000000000000000000, 9.637352644315586861E-16 ) ) ;
#3144 = EDGE_CURVE ( 'NONE', #3709, #5873, #5424, .T. ) ;
#3145 = DIRECTION ( 'NONE',  ( 1.000000000000000000, 0.000000000000000000, -2.710505431213761578E-16 ) ) ;
#3146 = CARTESIAN_POINT ( 'NONE',  ( -1.499999999999999778, 0.000000000000000000, -1.499999999999997780 ) ) ;
#3147 = ORIENTED_EDGE ( 'NONE', *, *, #3454, .T. ) ;
#3148 = LINE ( 'NONE', #4326, #6139 ) ;
#3149 = VECTOR ( 'NONE', #6370, 1000.000000000000000 ) ;
#3150 = EDGE_CURVE ( 'NONE', #7940, #542, #8459, .T. ) ;
#3151 = SURFACE_STYLE_FILL_AREA ( #3076 ) ;
#3152 = CARTESIAN_POINT ( 'NONE',  ( 1.347111479062088257E-16, 1.555277818615441232, 1.099999999999999867 ) ) ;
#3153 = VERTEX_POINT ( 'NONE', #3051 ) ;
#3154 = DIRECTION ( 'NONE',  ( -0.000000000000000000, -1.000000000000000000, -0.000000000000000000 ) ) ;
#3155 = ORIENTED_EDGE ( 'NONE', *, *, #2756, .F. ) ;
#3156 = MANIFOLD_SOLID_BREP ( 'Boss-Extrude4[4]', #7204 ) ;
#3157 = DIRECTION ( 'NONE',  ( 0.000000000000000000, 1.000000000000000000, 0.000000000000000000 ) ) ;
#3158 = EDGE_CURVE ( 'NONE', #395, #4548, #2317, .T. ) ;
#3159 = CARTESIAN_POINT ( 'NONE',  ( 1.199999999999999956, 0.3200000000000000067, 1.445000000000000728 ) ) ;
#3160 = ADVANCED_FACE ( 'NONE', ( #2412 ), #538, .F. ) ;
#3161 = ORIENTED_EDGE ( 'NONE', *, *, #3972, .T. ) ;
#3162 = FACE_OUTER_BOUND ( 'NONE', #1796, .T. ) ;
#3163 = FACE_OUTER_BOUND ( 'NONE', #646, .T. ) ;
#3164 = CARTESIAN_POINT ( 'NONE',  ( -0.9499999999999995115, 0.04999999999999991257, -0.6999999999999979572 ) ) ;
#3165 = DIRECTION ( 'NONE',  ( -1.000000000000000000, 0.000000000000000000, 0.000000000000000000 ) ) ;
#3166 = FILL_AREA_STYLE ('',( #2479 ) ) ;
#3167 = CARTESIAN_POINT ( 'NONE',  ( 0.5349999999999999201, 0.05000000000000000278, 0.5300000000000002487 ) ) ;
#3168 = ORIENTED_EDGE ( 'NONE', *, *, #4665, .T. ) ;
#3169 = DIRECTION ( 'NONE',  ( 1.000000000000000000, 0.000000000000000000, -2.710505431213761085E-16 ) ) ;
#3170 =( LENGTH_UNIT ( ) NAMED_UNIT ( * ) SI_UNIT ( .MILLI., .METRE. ) );
#3171 = EDGE_LOOP ( 'NONE', ( #3735, #1046, #3710, #6827 ) ) ;
#3172 = CARTESIAN_POINT ( 'NONE',  ( 0.000000000000000000, 0.000000000000000000, 0.000000000000000000 ) ) ;
#3173 = CARTESIAN_POINT ( 'NONE',  ( 0.9499999999999999556, 0.000000000000000000, 0.7000000000000005107 ) ) ;
#3174 = CARTESIAN_POINT ( 'NONE',  ( 0.000000000000000000, 1.936904730469628300, 1.187621414821538712 ) ) ;
#3175 = VERTEX_POINT ( 'NONE', #477 ) ;
#3176 = LINE ( 'NONE', #7284, #6223 ) ;
#3177 = LINE ( 'NONE', #6314, #182 ) ;
#3178 = FACE_OUTER_BOUND ( 'NONE', #2748, .T. ) ;
#3179 = ADVANCED_FACE ( 'NONE', ( #5509 ), #1652, .F. ) ;
#3180 = CARTESIAN_POINT ( 'NONE',  ( -1.499999999999999556, 0.02500000000000000139, -0.6999999999999974021 ) ) ;
#3181 = EDGE_CURVE ( 'NONE', #8524, #5993, #2444, .T. ) ;
#3182 = VERTEX_POINT ( 'NONE', #4735 ) ;
#3183 = DIRECTION ( 'NONE',  ( -0.000000000000000000, -1.000000000000000000, -0.000000000000000000 ) ) ;
#3184 = PLANE ( 'NONE',  #1629 ) ;
#3185 = CARTESIAN_POINT ( 'NONE',  ( 0.3999999999999893641, 0.3200000000000000067, 1.523359773658215621 ) ) ;
#3186 = CARTESIAN_POINT ( 'NONE',  ( -0.3999999999999990230, 0.000000000000000000, -1.625000000000000000 ) ) ;
#3187 = ORIENTED_EDGE ( 'NONE', *, *, #5699, .F. ) ;
#3188 = DIRECTION ( 'NONE',  ( 2.344220913482167712E-16, -0.000000000000000000, -1.000000000000000000 ) ) ;
#3189 = EDGE_CURVE ( 'NONE', #7270, #5286, #5478, .T. ) ;
#3190 = CARTESIAN_POINT ( 'NONE',  ( 0.3999999999999886979, 0.3200000000000000067, 1.625000000000003109 ) ) ;
#3191 = ORIENTED_EDGE ( 'NONE', *, *, #4933, .T. ) ;
#3192 = FACE_OUTER_BOUND ( 'NONE', #7054, .T. ) ;
#3193 = LINE ( 'NONE', #6893, #6240 ) ;
#3194 = LINE ( 'NONE', #66, #369 ) ;
#3195 = DIRECTION ( 'NONE',  ( 0.000000000000000000, 0.000000000000000000, -1.000000000000000000 ) ) ;
#3196 = ORIENTED_EDGE ( 'NONE', *, *, #6617, .F. ) ;
#3197 = EDGE_CURVE ( 'NONE', #8453, #475, #8499, .T. ) ;
#3198 = VERTEX_POINT ( 'NONE', #5507 ) ;
#3199 = PLANE ( 'NONE',  #8928 ) ;
#3200 = AXIS2_PLACEMENT_3D ( 'NONE', #7442, #1110, #5367 ) ;
#3201 = CARTESIAN_POINT ( 'NONE',  ( 1.624999999999997558, 0.3200000000000000067, -1.124999999999997780 ) ) ;
#3202 = DIRECTION ( 'NONE',  ( -0.000000000000000000, -1.000000000000000000, 0.000000000000000000 ) ) ;
#3203 = CARTESIAN_POINT ( 'NONE',  ( -0.9499999999999981792, 0.000000000000000000, 1.625000000000000888 ) ) ;
#3204 = VERTEX_POINT ( 'NONE', #5615 ) ;
#3205 = FACE_OUTER_BOUND ( 'NONE', #1328, .T. ) ;
#3206 = DIRECTION ( 'NONE',  ( -0.7660444431189800119, -0.000000000000000000, -0.6427876096865369204 ) ) ;
#3207 = VECTOR ( 'NONE', #556, 1000.000000000000000 ) ;
#3208 = LINE ( 'NONE', #2716, #326 ) ;
#3209 = SURFACE_STYLE_USAGE ( .BOTH. , #4578 ) ;
#3210 = ORIENTED_EDGE ( 'NONE', *, *, #8654, .T. ) ;
#3211 = CARTESIAN_POINT ( 'NONE',  ( -1.500000000000001332, 1.556154042586614050, 0.3999999999999983569 ) ) ;
#3212 = VERTEX_POINT ( 'NONE', #1322 ) ;
#3213 = ADVANCED_FACE ( 'NONE', ( #2241 ), #8046, .F. ) ;
#3214 = AXIS2_PLACEMENT_3D ( 'NONE', #832, #6456, #4334 ) ;
#3215 = CARTESIAN_POINT ( 'NONE',  ( -0.9500000000000009548, 0.02499999999999984873, -0.4000000000000007994 ) ) ;
#3216 = DIRECTION ( 'NONE',  ( -1.000000000000000000, 0.000000000000000000, -0.000000000000000000 ) ) ;
#3217 = ORIENTED_EDGE ( 'NONE', *, *, #1227, .F. ) ;
#3218 = LINE ( 'NONE', #8761, #6325 ) ;
#3219 = VECTOR ( 'NONE', #8664, 1000.000000000000000 ) ;
#3220 = DIRECTION ( 'NONE',  ( 2.581433744013106054E-16, 0.000000000000000000, -1.000000000000000000 ) ) ;
#3221 = EDGE_CURVE ( 'NONE', #8061, #6036, #8511, .T. ) ;
#3222 = DIRECTION ( 'NONE',  ( -1.000000000000000000, -0.000000000000000000, -0.000000000000000000 ) ) ;
#3223 = FACE_OUTER_BOUND ( 'NONE', #8773, .T. ) ;
#3224 = PLANE ( 'NONE',  #467 ) ;
#3225 = CARTESIAN_POINT ( 'NONE',  ( 1.534381519444564690, 0.2999999999999999889, -1.464381519444566182 ) ) ;
#3226 = ORIENTED_EDGE ( 'NONE', *, *, #7357, .F. ) ;
#3227 = DIRECTION ( 'NONE',  ( 0.000000000000000000, -1.000000000000000000, 0.000000000000000000 ) ) ;
#3228 = EDGE_CURVE ( 'NONE', #9072, #294, #2648, .T. ) ;
#3229 = ORIENTED_EDGE ( 'NONE', *, *, #4016, .F. ) ;
#3230 = CARTESIAN_POINT ( 'NONE',  ( 1.499999999999999778, 0.05000000000000000278, -0.3999999999999999667 ) ) ;
#3231 = DIRECTION ( 'NONE',  ( 2.710505431213762564E-16, 0.000000000000000000, -1.000000000000000000 ) ) ;
#3232 = ADVANCED_FACE ( 'NONE', ( #2565 ), #5780, .F. ) ;
#3233 = ORIENTED_EDGE ( 'NONE', *, *, #5774, .T. ) ;
#3234 = LINE ( 'NONE', #4542, #231 ) ;
#3235 = LINE ( 'NONE', #5987, #6040 ) ;
#3236 = AXIS2_PLACEMENT_3D ( 'NONE', #1749, #954, #6025 ) ;
#3237 = LINE ( 'NONE', #8817, #3305 ) ;
#3238 = AXIS2_PLACEMENT_3D ( 'NONE', #3674, #5074, #5948 ) ;
#3239 =( GEOMETRIC_REPRESENTATION_CONTEXT ( 3 ) GLOBAL_UNCERTAINTY_ASSIGNED_CONTEXT ( ( #7971 ) ) GLOBAL_UNIT_ASSIGNED_CONTEXT ( ( #5536, #1472, #8466 ) ) REPRESENTATION_CONTEXT ( 'NONE', 'WORKASPACE' ) );
#3240 = EDGE_CURVE ( 'NONE', #4681, #2577, #8922, .T. ) ;
#3241 = CARTESIAN_POINT ( 'NONE',  ( 1.444999999999999174, 0.3200000000000000067, 1.415000000000000480 ) ) ;
#3242 = ORIENTED_EDGE ( 'NONE', *, *, #4718, .T. ) ;
#3243 = CARTESIAN_POINT ( 'NONE',  ( -0.9499999999999978462, 0.02499999999999984873, 0.6999999999999988454 ) ) ;
#3244 = DIRECTION ( 'NONE',  ( -0.000000000000000000, -0.000000000000000000, -1.000000000000000000 ) ) ;
#3245 = ORIENTED_EDGE ( 'NONE', *, *, #4031, .T. ) ;
#3246 = DIRECTION ( 'NONE',  ( 2.344220913482167712E-16, -0.000000000000000000, -1.000000000000000000 ) ) ;
#3247 = ORIENTED_EDGE ( 'NONE', *, *, #1058, .F. ) ;
#3248 = VECTOR ( 'NONE', #5220, 1000.000000000000000 ) ;
#3249 = VECTOR ( 'NONE', #3108, 1000.000000000000000 ) ;
#3250 = LINE ( 'NONE', #3964, #128 ) ;
#3251 = CARTESIAN_POINT ( 'NONE',  ( 1.444999999999998286, 0.2999999999999999889, 1.199999999999999512 ) ) ;
#3252 = AXIS2_PLACEMENT_3D ( 'NONE', #6894, #4827, #3415 ) ;
#3253 = ADVANCED_FACE ( 'NONE', ( #2780 ), #5656, .T. ) ;
#3254 = CARTESIAN_POINT ( 'NONE',  ( 0.000000000000000000, 0.3400000000000000244, 0.000000000000000000 ) ) ;
#3255 = VERTEX_POINT ( 'NONE', #2013 ) ;
#3256 = EDGE_CURVE ( 'NONE', #8787, #500, #5689, .T. ) ;
#3257 = EDGE_CURVE ( 'NONE', #7196, #5076, #5717, .T. ) ;
#3258 = ORIENTED_EDGE ( 'NONE', *, *, #7083, .F. ) ;
#3259 = PLANE ( 'NONE',  #6687 ) ;
#3260 = CARTESIAN_POINT ( 'NONE',  ( 0.9499999999999985123, 0.000000000000000000, -1.499999999999998224 ) ) ;
#3261 = CARTESIAN_POINT ( 'NONE',  ( -0.3999999999999989675, 0.05000000000000000278, -1.500000000000000222 ) ) ;
#3262 = DIRECTION ( 'NONE',  ( 0.000000000000000000, 1.000000000000000000, 0.000000000000000000 ) ) ;
#3263 = VERTEX_POINT ( 'NONE', #3832 ) ;
#3264 = VECTOR ( 'NONE', #4740, 1000.000000000000000 ) ;
#3265 = VECTOR ( 'NONE', #3721, 1000.000000000000000 ) ;
#3266 = FACE_OUTER_BOUND ( 'NONE', #276, .T. ) ;
#3267 = DIRECTION ( 'NONE',  ( 0.6427876096865370315, 0.000000000000000000, 0.7660444431189801229 ) ) ;
#3268 = VERTEX_POINT ( 'NONE', #4880 ) ;
#3269 = DIRECTION ( 'NONE',  ( -0.000000000000000000, -1.000000000000000000, -0.000000000000000000 ) ) ;
#3270 = EDGE_CURVE ( 'NONE', #1090, #9109, #8738, .T. ) ;
#3271 = ORIENTED_EDGE ( 'NONE', *, *, #4115, .F. ) ;
#3272 = CARTESIAN_POINT ( 'NONE',  ( 0.9499999999999996225, 0.02499999999999984873, -0.3999999999999999112 ) ) ;
#3273 = DIRECTION ( 'NONE',  ( -1.000000000000000000, 0.000000000000000000, 0.000000000000000000 ) ) ;
#3274 = ORIENTED_EDGE ( 'NONE', *, *, #7335, .T. ) ;
#3275 = CIRCLE ( 'NONE', #3537, 1.574999999999999956 ) ;
#3276 = LINE ( 'NONE', #6164, #323 ) ;
#3277 = SURFACE_SIDE_STYLE ('',( #1803 ) ) ;
#3278 = DIRECTION ( 'NONE',  ( -1.000000000000000000, 0.000000000000000000, 4.034240641806509359E-15 ) ) ;
#3279 = CARTESIAN_POINT ( 'NONE',  ( 2.168404344971008868E-16, 0.3200000000000000067, 4.336808689942017736E-16 ) ) ;
#3280 = LINE ( 'NONE', #8490, #6328 ) ;
#3281 = DIRECTION ( 'NONE',  ( -0.000000000000000000, 1.000000000000000000, -0.000000000000000000 ) ) ;
#3282 = ORIENTED_EDGE ( 'NONE', *, *, #3511, .T. ) ;
#3283 = CARTESIAN_POINT ( 'NONE',  ( -0.5349999999999999201, 0.000000000000000000, -0.3100000000000000533 ) ) ;
#3284 = EDGE_CURVE ( 'NONE', #4306, #5859, #8618, .T. ) ;
#3285 = ORIENTED_EDGE ( 'NONE', *, *, #3806, .T. ) ;
#3286 = ADVANCED_FACE ( 'NONE', ( #8701 ), #2622, .F. ) ;
#3287 = CARTESIAN_POINT ( 'NONE',  ( -0.9499999999999995115, 4.621194077712559078, -0.6999999999999979572 ) ) ;
#3288 = CARTESIAN_POINT ( 'NONE',  ( 1.444999999999998286, 0.3200000000000000067, -1.199999999999998623 ) ) ;
#3289 = ORIENTED_EDGE ( 'NONE', *, *, #2798, .T. ) ;
#3290 = FACE_OUTER_BOUND ( 'NONE', #7086, .T. ) ;
#3291 = VECTOR ( 'NONE', #9066, 1000.000000000000000 ) ;
#3292 = VECTOR ( 'NONE', #4931, 1000.000000000000000 ) ;
#3293 = EDGE_CURVE ( 'NONE', #3909, #7984, #5895, .T. ) ;
#3294 = CARTESIAN_POINT ( 'NONE',  ( -1.624999999999995559, 0.3400000000000000244, -0.4000000000000168421 ) ) ;
#3295 = EDGE_LOOP ( 'NONE', ( #3722, #3941, #6737, #578 ) ) ;
#3296 = CARTESIAN_POINT ( 'NONE',  ( 0.4000000000000000222, 0.3200000000000000067, -1.625000000000000000 ) ) ;
#3297 = CARTESIAN_POINT ( 'NONE',  ( 0.9500000000000000666, 0.000000000000000000, 0.4000000000000007994 ) ) ;
#3298 = ORIENTED_EDGE ( 'NONE', *, *, #5774, .F. ) ;
#3299 = CARTESIAN_POINT ( 'NONE',  ( 0.000000000000000000, 1.569999999999999840, -1.274999999999999911 ) ) ;
#3300 = DIRECTION ( 'NONE',  ( -2.710505431213760592E-16, 0.000000000000000000, -1.000000000000000000 ) ) ;
#3301 = CARTESIAN_POINT ( 'NONE',  ( 0.000000000000000000, 0.02500000000000000139, 0.000000000000000000 ) ) ;
#3302 = ADVANCED_FACE ( 'NONE', ( #2582 ), #3358, .T. ) ;
#3303 = VERTEX_POINT ( 'NONE', #6371 ) ;
#3304 = VECTOR ( 'NONE', #3376, 1000.000000000000000 ) ;
#3305 = VECTOR ( 'NONE', #363, 1000.000000000000000 ) ;
#3306 = CARTESIAN_POINT ( 'NONE',  ( 0.000000000000000000, 1.758041561959399202, 0.000000000000000000 ) ) ;
#3307 = DIRECTION ( 'NONE',  ( 1.971276677246371765E-16, 0.000000000000000000, -1.000000000000000000 ) ) ;
#3308 = EDGE_LOOP ( 'NONE', ( #1181, #6641, #4968, #8167 ) ) ;
#3309 = PRESENTATION_LAYER_ASSIGNMENT (  '', '', ( #3620 ) ) ;
#3310 = EDGE_CURVE ( 'NONE', #5325, #6691, #2696, .T. ) ;
#3311 = EDGE_CURVE ( 'NONE', #5668, #7329, #8635, .T. ) ;
#3312 = EDGE_LOOP ( 'NONE', ( #7587, #4737, #6060, #7755 ) ) ;
#3313 = CARTESIAN_POINT ( 'NONE',  ( -1.500000000000001110, 0.05000000000000000278, -0.4000000000000008549 ) ) ;
#3314 =( NAMED_UNIT ( * ) PLANE_ANGLE_UNIT ( ) SI_UNIT ( $, .RADIAN. ) );
#3315 = CARTESIAN_POINT ( 'NONE',  ( 0.5349999999999999201, 1.556154042586614050, 0.5300000000000002487 ) ) ;
#3316 = VERTEX_POINT ( 'NONE', #6430 ) ;
#3317 = VECTOR ( 'NONE', #3062, 1000.000000000000000 ) ;
#3318 = LINE ( 'NONE', #1069, #1441 ) ;
#3319 = EDGE_CURVE ( 'NONE', #192, #2366, #2591, .T. ) ;
#3320 = FACE_OUTER_BOUND ( 'NONE', #16, .T. ) ;
#3321 = ADVANCED_FACE ( 'NONE', ( #5617 ), #4294, .F. ) ;
#3322 = EDGE_LOOP ( 'NONE', ( #5145, #1906, #1589, #7155 ) ) ;
#3323 = PLANE ( 'NONE',  #4613 ) ;
#3324 = AXIS2_PLACEMENT_3D ( 'NONE', #8512, #4173, #4697 ) ;
#3325 = EDGE_LOOP ( 'NONE', ( #5042, #4236, #6711, #7131, #7358, #6759, #2354, #1216, #7267, #8302, #1580, #4252, #1039, #8580, #7913, #4336, #2017, #924, #3736, #8065, #4836, #1860, #2121, #1804, #5276, #4557, #4604, #1852 ) ) ;
#3326 = CARTESIAN_POINT ( 'NONE',  ( 1.444999999999999174, 0.2999999999999999889, 1.415000000000000480 ) ) ;
#3327 = DIRECTION ( 'NONE',  ( 0.000000000000000000, 0.000000000000000000, -1.000000000000000000 ) ) ;
#3328 = VERTEX_POINT ( 'NONE', #7734 ) ;
#3329 = LINE ( 'NONE', #4276, #3248 ) ;
#3330 = VECTOR ( 'NONE', #3835, 1000.000000000000000 ) ;
#3331 =( LENGTH_UNIT ( ) NAMED_UNIT ( * ) SI_UNIT ( .MILLI., .METRE. ) );
#3332 = DIRECTION ( 'NONE',  ( 5.333528916197197309E-16, -0.000000000000000000, 1.000000000000000000 ) ) ;
#3333 = LINE ( 'NONE', #5614, #6386 ) ;
#3334 = EDGE_CURVE ( 'NONE', #1669, #3657, #8720, .T. ) ;
#3335 = CARTESIAN_POINT ( 'NONE',  ( -0.9499999999999997335, 0.000000000000000000, -1.499999999999998002 ) ) ;
#3336 = VERTEX_POINT ( 'NONE', #4978 ) ;
#3337 = DIRECTION ( 'NONE',  ( 9.571576710093073577E-15, 0.000000000000000000, -1.000000000000000000 ) ) ;
#3338 = CARTESIAN_POINT ( 'NONE',  ( 1.464381519444564850, 0.3200000000000000067, 1.464381519444567070 ) ) ;
#3339 = AXIS2_PLACEMENT_3D ( 'NONE', #2362, #3057, #936 ) ;
#3340 = EDGE_LOOP ( 'NONE', ( #7380, #7062, #201, #3161 ) ) ;
#3341 = DIRECTION ( 'NONE',  ( -8.031127203596330602E-17, 0.000000000000000000, 1.000000000000000000 ) ) ;
#3342 = AXIS2_PLACEMENT_3D ( 'NONE', #223, #5908, #8648 ) ;
#3343 = MECHANICAL_DESIGN_GEOMETRIC_PRESENTATION_REPRESENTATION (  '', ( #1675 ), #8197 ) ;
#3344 = EDGE_CURVE ( 'NONE', #9080, #1550, #5745, .T. ) ;
#3345 = PLANE ( 'NONE',  #7931 ) ;
#3346 = ORIENTED_EDGE ( 'NONE', *, *, #154, .T. ) ;
#3347 = LINE ( 'NONE', #8494, #6399 ) ;
#3348 = LINE ( 'NONE', #5486, #367 ) ;
#3349 = LINE ( 'NONE', #7706, #3366 ) ;
#3350 = VERTEX_POINT ( 'NONE', #3837 ) ;
#3351 = CARTESIAN_POINT ( 'NONE',  ( 1.444999999999999174, 0.3200000000000000067, 1.415000000000000480 ) ) ;
#3352 = DIRECTION ( 'NONE',  ( 0.000000000000000000, 0.000000000000000000, -1.000000000000000000 ) ) ;
#3353 = ORIENTED_EDGE ( 'NONE', *, *, #4699, .T. ) ;
#3354 = DIRECTION ( 'NONE',  ( 1.000000000000000000, 0.000000000000000000, -3.212450881438526817E-16 ) ) ;
#3355 = ORIENTED_EDGE ( 'NONE', *, *, #3437, .T. ) ;
#3356 = ADVANCED_FACE ( 'NONE', ( #8769 ), #5322, .T. ) ;
#3357 = UNCERTAINTY_MEASURE_WITH_UNIT (LENGTH_MEASURE( 1.000000000000000082E-05 ), #2617, 'distance_accuracy_value', 'NONE');
#3358 = PLANE ( 'NONE',  #6225 ) ;
#3359 = DIRECTION ( 'NONE',  ( 0.000000000000000000, -1.000000000000000000, 0.000000000000000000 ) ) ;
#3360 = STYLED_ITEM ( 'NONE', ( #3121 ), #3529 ) ;
#3361 = PLANE ( 'NONE',  #425 ) ;
#3362 = EDGE_CURVE ( 'NONE', #3425, #8093, #5851, .T. ) ;
#3363 = EDGE_LOOP ( 'NONE', ( #7377, #8439, #1616, #4492 ) ) ;
#3364 = VECTOR ( 'NONE', #2779, 1000.000000000000000 ) ;
#3365 = FACE_OUTER_BOUND ( 'NONE', #2994, .T. ) ;
#3366 = VECTOR ( 'NONE', #4953, 1000.000000000000000 ) ;
#3367 = CARTESIAN_POINT ( 'NONE',  ( -1.335000000000000187, 0.3200000000000000067, -1.472500000000000142 ) ) ;
#3368 = EDGE_CURVE ( 'NONE', #9006, #2282, #2740, .T. ) ;
#3369 = DIRECTION ( 'NONE',  ( -0.000000000000000000, -1.000000000000000000, -0.000000000000000000 ) ) ;
#3370 = ORIENTED_EDGE ( 'NONE', *, *, #5747, .F. ) ;
#3371 = ORIENTED_EDGE ( 'NONE', *, *, #7052, .T. ) ;
#3372 = ORIENTED_EDGE ( 'NONE', *, *, #6913, .F. ) ;
#3373 = DIRECTION ( 'NONE',  ( 1.000000000000000000, 0.000000000000000000, 3.212450881438524845E-16 ) ) ;
#3374 = PLANE ( 'NONE',  #3630 ) ;
#3375 = PLANE ( 'NONE',  #6925 ) ;
#3376 = DIRECTION ( 'NONE',  ( 1.000000000000000000, -0.000000000000000000, 1.013370494077467449E-14 ) ) ;
#3377 = ADVANCED_FACE ( 'NONE', ( #8877 ), #8658, .F. ) ;
#3378 = ORIENTED_EDGE ( 'NONE', *, *, #2639, .T. ) ;
#3379 = VECTOR ( 'NONE', #1141, 1000.000000000000000 ) ;
#3380 = VECTOR ( 'NONE', #205, 1000.000000000000000 ) ;
#3381 = EDGE_CURVE ( 'NONE', #5631, #406, #8863, .T. ) ;
#3382 = VECTOR ( 'NONE', #8878, 1000.000000000000000 ) ;
#3383 = ORIENTED_EDGE ( 'NONE', *, *, #3694, .F. ) ;
#3384 = CARTESIAN_POINT ( 'NONE',  ( -0.3149999999999993916, 1.556154042586614050, -0.5300000000000001377 ) ) ;
#3385 = ORIENTED_EDGE ( 'NONE', *, *, #2173, .F. ) ;
#3386 = DIRECTION ( 'NONE',  ( 0.7071067811865482389, 0.000000000000000000, -0.7071067811865469066 ) ) ;
#3387 = ORIENTED_EDGE ( 'NONE', *, *, #5557, .F. ) ;
#3388 = LINE ( 'NONE', #6129, #3379 ) ;
#3389 = LINE ( 'NONE', #2246, #3380 ) ;
#3390 = CARTESIAN_POINT ( 'NONE',  ( -0.3149999999999993916, 1.556154042586614050, -0.5300000000000001377 ) ) ;
#3391 = DIRECTION ( 'NONE',  ( -4.034240641806509359E-15, 0.000000000000000000, 1.000000000000000000 ) ) ;
#3392 = EDGE_CURVE ( 'NONE', #5255, #9008, #8786, .T. ) ;
#3393 = LINE ( 'NONE', #2831, #274 ) ;
#3394 = DIRECTION ( 'NONE',  ( -1.000000000000000000, 0.000000000000000000, 2.710505431213761578E-16 ) ) ;
#3395 = ADVANCED_FACE ( 'NONE', ( #5795 ), #5911, .T. ) ;
#3396 = CARTESIAN_POINT ( 'NONE',  ( 0.4000000000000000222, 0.3200000000000000067, -1.625000000000000000 ) ) ;
#3397 = ORIENTED_EDGE ( 'NONE', *, *, #2574, .F. ) ;
#3398 = EDGE_CURVE ( 'NONE', #8285, #1284, #8815, .T. ) ;
#3399 = DIRECTION ( 'NONE',  ( -0.6427876096865359212, 0.000000000000000000, -0.7660444431189809000 ) ) ;
#3400 = DIRECTION ( 'NONE',  ( -0.000000000000000000, -1.000000000000000000, -0.000000000000000000 ) ) ;
#3401 = EDGE_CURVE ( 'NONE', #3822, #2193, #8672, .T. ) ;
#3402 = DIRECTION ( 'NONE',  ( -2.710505431213764043E-16, 0.000000000000000000, 1.000000000000000000 ) ) ;
#3403 = EDGE_CURVE ( 'NONE', #6587, #3849, #8849, .T. ) ;
#3404 =( NAMED_UNIT ( * ) PLANE_ANGLE_UNIT ( ) SI_UNIT ( $, .RADIAN. ) );
#3405 = VERTEX_POINT ( 'NONE', #6562 ) ;
#3406 = LINE ( 'NONE', #9009, #284 ) ;
#3407 = FACE_OUTER_BOUND ( 'NONE', #3295, .T. ) ;
#3408 = LINE ( 'NONE', #3566, #6465 ) ;
#3409 = CARTESIAN_POINT ( 'NONE',  ( 1.624999999999999778, 4.621194077712559078, -0.3999999999999999667 ) ) ;
#3410 = CLOSED_SHELL ( 'NONE', ( #5576, #3883, #8985, #2524, #2208, #156 ) ) ;
#3411 = DIRECTION ( 'NONE',  ( 0.000000000000000000, 0.000000000000000000, 1.000000000000000000 ) ) ;
#3412 = DIRECTION ( 'NONE',  ( 0.000000000000000000, 0.000000000000000000, 1.000000000000000000 ) ) ;
#3413 = CARTESIAN_POINT ( 'NONE',  ( 1.534381519444564690, 0.3200000000000000067, -1.124999999999998668 ) ) ;
#3414 = DIRECTION ( 'NONE',  ( 0.000000000000000000, -1.000000000000000000, 0.000000000000000000 ) ) ;
#3415 = DIRECTION ( 'NONE',  ( 1.000000000000000000, 0.000000000000000000, 3.212450881438524845E-16 ) ) ;
#3416 = CARTESIAN_POINT ( 'NONE',  ( 0.9499999999999996225, 4.621194077712559078, -0.3999999999999999112 ) ) ;
#3417 = CARTESIAN_POINT ( 'NONE',  ( -1.500000000000001554, 0.04999999999999991257, 1.499999999999998668 ) ) ;
#3418 = AXIS2_PLACEMENT_3D ( 'NONE', #3628, #7300, #1611 ) ;
#3419 = ORIENTED_EDGE ( 'NONE', *, *, #3925, .T. ) ;
#3420 = LINE ( 'NONE', #6825, #295 ) ;
#3421 = FACE_OUTER_BOUND ( 'NONE', #7966, .T. ) ;
#3422 = LINE ( 'NONE', #7343, #6507 ) ;
#3423 = DIRECTION ( 'NONE',  ( -0.000000000000000000, 1.000000000000000000, 0.000000000000000000 ) ) ;
#3424 = DIRECTION ( 'NONE',  ( 1.000000000000000000, 0.000000000000000000, 4.266823132957757848E-15 ) ) ;
#3425 = VERTEX_POINT ( 'NONE', #3299 ) ;
#3426 = EDGE_CURVE ( 'NONE', #18, #8933, #5835, .T. ) ;
#3427 = DIRECTION ( 'NONE',  ( -0.000000000000000000, -0.000000000000000000, -1.000000000000000000 ) ) ;
#3428 = ADVANCED_FACE ( 'NONE', ( #2813 ), #8908, .T. ) ;
#3429 = CARTESIAN_POINT ( 'NONE',  ( -1.500000000000001110, 0.05000000000000000278, -0.4000000000000008549 ) ) ;
#3430 = DIRECTION ( 'NONE',  ( -0.000000000000000000, -1.000000000000000000, -0.000000000000000000 ) ) ;
#3431 = ORIENTED_EDGE ( 'NONE', *, *, #6323, .F. ) ;
#3432 = VECTOR ( 'NONE', #3572, 1000.000000000000000 ) ;
#3433 = LINE ( 'NONE', #7896, #353 ) ;
#3434 = AXIS2_PLACEMENT_3D ( 'NONE', #7434, #844, #5161 ) ;
#3435 = CIRCLE ( 'NONE', #1556, 1.524999999999999911 ) ;
#3436 =( GEOMETRIC_REPRESENTATION_CONTEXT ( 3 ) GLOBAL_UNCERTAINTY_ASSIGNED_CONTEXT ( ( #3357 ) ) GLOBAL_UNIT_ASSIGNED_CONTEXT ( ( #2617, #4620, #7368 ) ) REPRESENTATION_CONTEXT ( 'NONE', 'WORKASPACE' ) );
#3437 = EDGE_CURVE ( 'NONE', #18, #8080, #2839, .T. ) ;
#3438 = ORIENTED_EDGE ( 'NONE', *, *, #3861, .F. ) ;
#3439 = DIRECTION ( 'NONE',  ( 1.000000000000000000, -0.000000000000000000, 2.710505431213764536E-16 ) ) ;
#3440 = CARTESIAN_POINT ( 'NONE',  ( 1.624999999999999778, 0.02500000000000000139, -0.3999999999999999667 ) ) ;
#3441 = DIRECTION ( 'NONE',  ( 1.000000000000000000, -0.000000000000000000, -0.000000000000000000 ) ) ;
#3442 = CARTESIAN_POINT ( 'NONE',  ( 1.500000000000000000, 0.04999999999999991257, 0.4000000000000000777 ) ) ;
#3443 = ORIENTED_EDGE ( 'NONE', *, *, #8134, .T. ) ;
#3444 = VECTOR ( 'NONE', #7470, 1000.000000000000000 ) ;
#3445 = CARTESIAN_POINT ( 'NONE',  ( -1.534381519444566022, 0.3400000000000000244, 1.124999999999997780 ) ) ;
#3446 = CARTESIAN_POINT ( 'NONE',  ( -0.3999999999999990230, 4.621194077712559078, -1.625000000000000000 ) ) ;
#3447 = LINE ( 'NONE', #1658, #3292 ) ;
#3448 = AXIS2_PLACEMENT_3D ( 'NONE', #1553, #2433, #8646 ) ;
#3449 = CARTESIAN_POINT ( 'NONE',  ( 1.534381519444564690, 0.3000000000000000444, -1.464381519444566182 ) ) ;
#3450 = CARTESIAN_POINT ( 'NONE',  ( 0.000000000000000000, 1.649999999999999911, 0.000000000000000000 ) ) ;
#3451 = ORIENTED_EDGE ( 'NONE', *, *, #7762, .T. ) ;
#3452 = DIRECTION ( 'NONE',  ( -1.000000000000000000, 0.000000000000000000, 2.344220913482168205E-16 ) ) ;
#3453 = DIRECTION ( 'NONE',  ( 9.637352644315586861E-16, 0.000000000000000000, -1.000000000000000000 ) ) ;
#3454 = EDGE_CURVE ( 'NONE', #5871, #1827, #5601, .T. ) ;
#3455 = DIRECTION ( 'NONE',  ( 0.6427876096865370315, 0.000000000000000000, 0.7660444431189799008 ) ) ;
#3456 = CARTESIAN_POINT ( 'NONE',  ( 1.499999999999998224, 0.05000000000000000278, -0.6999999999999982903 ) ) ;
#3457 = CARTESIAN_POINT ( 'NONE',  ( -1.625000000000000222, 0.000000000000000000, -1.625000000000000000 ) ) ;
#3458 = ORIENTED_EDGE ( 'NONE', *, *, #8818, .F. ) ;
#3459 = LINE ( 'NONE', #4238, #716 ) ;
#3460 = COLOUR_RGB ( '',1.000000000000000000, 0.8117647058823529438, 0.5019607843137254832 ) ;
#3461 = FACE_OUTER_BOUND ( 'NONE', #4901, .T. ) ;
#3462 = ADVANCED_FACE ( 'NONE', ( #2950 ), #7999, .F. ) ;
#3463 = DIRECTION ( 'NONE',  ( 0.000000000000000000, 0.000000000000000000, 1.000000000000000000 ) ) ;
#3464 = EDGE_LOOP ( 'NONE', ( #7651, #3790, #3242, #4358 ) ) ;
#3465 = DIRECTION ( 'NONE',  ( -1.000000000000000000, 0.000000000000000000, 9.571576710093073577E-15 ) ) ;
#3466 = EDGE_CURVE ( 'NONE', #786, #5148, #3082, .T. ) ;
#3467 = DIRECTION ( 'NONE',  ( -1.000000000000000000, 0.000000000000000000, -3.942553354492743531E-16 ) ) ;
#3468 = CARTESIAN_POINT ( 'NONE',  ( -0.3999999999999989675, 0.02500000000000000139, -0.9500000000000001776 ) ) ;
#3469 = DIRECTION ( 'NONE',  ( -1.000000000000000000, 0.000000000000000000, -3.826595902890018695E-16 ) ) ;
#3470 = CARTESIAN_POINT ( 'NONE',  ( 1.534381519444564690, 0.3000000000000000444, 1.464381519444567070 ) ) ;
#3471 = ORIENTED_EDGE ( 'NONE', *, *, #3826, .T. ) ;
#3472 = FACE_BOUND ( 'NONE', #7139, .T. ) ;
#3473 = VECTOR ( 'NONE', #7365, 1000.000000000000000 ) ;
#3474 = CARTESIAN_POINT ( 'NONE',  ( -0.9499999999999998446, 0.000000000000000000, -1.625000000000000000 ) ) ;
#3475 = EDGE_LOOP ( 'NONE', ( #7103, #7834, #7007, #7435 ) ) ;
#3476 = EDGE_LOOP ( 'NONE', ( #8448, #7628, #5216, #1369 ) ) ;
#3477 = EDGE_CURVE ( 'NONE', #1994, #3690, #6013, .T. ) ;
#3478 = CARTESIAN_POINT ( 'NONE',  ( -0.4000000000000006883, 0.04999999999999991257, 0.9500000000000010658 ) ) ;
#3479 = DIRECTION ( 'NONE',  ( 0.000000000000000000, 1.000000000000000000, -0.000000000000000000 ) ) ;
#3480 = CARTESIAN_POINT ( 'NONE',  ( 1.500000000000000000, 1.556154042586614050, 0.7000000000000003997 ) ) ;
#3481 = DIRECTION ( 'NONE',  ( -0.7660444431189800119, 0.000000000000000000, 0.6427876096865371425 ) ) ;
#3482 = DIRECTION ( 'NONE',  ( 0.000000000000000000, 0.000000000000000000, 1.000000000000000000 ) ) ;
#3483 = VERTEX_POINT ( 'NONE', #4556 ) ;
#3484 = VECTOR ( 'NONE', #2154, 1000.000000000000000 ) ;
#3485 = LINE ( 'NONE', #634, #3530 ) ;
#3486 = LINE ( 'NONE', #1824, #706 ) ;
#3487 = ORIENTED_EDGE ( 'NONE', *, *, #2598, .F. ) ;
#3488 = CARTESIAN_POINT ( 'NONE',  ( -1.335000000000000187, 0.3400000000000000244, -1.472500000000000142 ) ) ;
#3489 = DIRECTION ( 'NONE',  ( -1.000000000000000000, 0.000000000000000000, -2.710505431213764536E-16 ) ) ;
#3490 = ADVANCED_FACE ( 'NONE', ( #5997 ), #6677, .T. ) ;
#3491 = EDGE_CURVE ( 'NONE', #2093, #656, #65, .T. ) ;
#3492 = DIRECTION ( 'NONE',  ( 0.000000000000000000, 1.000000000000000000, 0.000000000000000000 ) ) ;
#3493 = ORIENTED_EDGE ( 'NONE', *, *, #364, .T. ) ;
#3494 = VECTOR ( 'NONE', #7005, 1000.000000000000000 ) ;
#3495 = LINE ( 'NONE', #1257, #257 ) ;
#3496 = DIRECTION ( 'NONE',  ( -0.000000000000000000, 1.000000000000000000, -0.000000000000000000 ) ) ;
#3497 = LINE ( 'NONE', #9089, #6539 ) ;
#3498 = DIRECTION ( 'NONE',  ( 0.000000000000000000, 0.000000000000000000, -1.000000000000000000 ) ) ;
#3499 = VERTEX_POINT ( 'NONE', #3470 ) ;
#3500 = DIRECTION ( 'NONE',  ( -1.000000000000000000, 0.000000000000000000, -3.212450881438524845E-16 ) ) ;
#3501 = CARTESIAN_POINT ( 'NONE',  ( 0.9499999999999999556, 0.000000000000000000, 0.7000000000000005107 ) ) ;
#3502 = EDGE_CURVE ( 'NONE', #3303, #6746, #6116, .T. ) ;
#3503 = CARTESIAN_POINT ( 'NONE',  ( 1.499999999999999778, 0.05000000000000000278, -0.3999999999999999667 ) ) ;
#3504 = DIRECTION ( 'NONE',  ( 0.000000000000000000, 0.000000000000000000, 1.000000000000000000 ) ) ;
#3505 = ORIENTED_EDGE ( 'NONE', *, *, #620, .F. ) ;
#3506 = ADVANCED_FACE ( 'NONE', ( #6102 ), #2979, .F. ) ;
#3507 = ORIENTED_EDGE ( 'NONE', *, *, #5642, .T. ) ;
#3508 = FACE_OUTER_BOUND ( 'NONE', #6398, .T. ) ;
#3509 = LINE ( 'NONE', #2992, #6550 ) ;
#3510 = VECTOR ( 'NONE', #8267, 1000.000000000000000 ) ;
#3511 = EDGE_CURVE ( 'NONE', #8205, #191, #8939, .T. ) ;
#3512 = PRODUCT_CONTEXT ( 'NONE', #1393, 'mechanical' ) ;
#3513 = VERTEX_POINT ( 'NONE', #3037 ) ;
#3514 = CARTESIAN_POINT ( 'NONE',  ( -1.523359773658216287, 0.3200000000000000067, 0.3999999999999842570 ) ) ;
#3515 = CARTESIAN_POINT ( 'NONE',  ( 1.444999999999998286, 0.3200000000000000067, -1.199999999999998623 ) ) ;
#3516 = CARTESIAN_POINT ( 'NONE',  ( 0.4000000000000008549, 0.02499999999999984873, 1.625000000000000888 ) ) ;
#3517 = AXIS2_PLACEMENT_3D ( 'NONE', #1918, #2396, #1040 ) ;
#3518 = DIRECTION ( 'NONE',  ( -0.000000000000000000, -1.000000000000000000, -0.000000000000000000 ) ) ;
#3519 = EDGE_CURVE ( 'NONE', #712, #1203, #40, .T. ) ;
#3520 = CARTESIAN_POINT ( 'NONE',  ( -1.624999999999998446, 4.621194077712559078, 0.4000000000000019096 ) ) ;
#3521 = CARTESIAN_POINT ( 'NONE',  ( -1.445000000000000506, 0.3000000000000000444, 1.414999999999998703 ) ) ;
#3522 = CARTESIAN_POINT ( 'NONE',  ( 0.000000000000000000, 0.05000000000000000278, 0.000000000000000000 ) ) ;
#3523 = CARTESIAN_POINT ( 'NONE',  ( 0.000000000000000000, 1.609999999999999876, 0.000000000000000000 ) ) ;
#3524 = MECHANICAL_DESIGN_GEOMETRIC_PRESENTATION_REPRESENTATION (  '', ( #6403 ), #8938 ) ;
#3525 = CARTESIAN_POINT ( 'NONE',  ( -0.9499999999999998446, 4.621194077712559078, -1.625000000000000000 ) ) ;
#3526 = ORIENTED_EDGE ( 'NONE', *, *, #8432, .F. ) ;
#3527 = ORIENTED_EDGE ( 'NONE', *, *, #7580, .F. ) ;
#3528 = LINE ( 'NONE', #3534, #6772 ) ;
#3529 = MANIFOLD_SOLID_BREP ( 'Boss-Extrude4[5]', #7098 ) ;
#3530 = VECTOR ( 'NONE', #1361, 1000.000000000000000 ) ;
#3531 = LINE ( 'NONE', #7184, #3676 ) ;
#3532 = DIRECTION ( 'NONE',  ( -1.000000000000000000, 0.000000000000000000, 3.942553354492743531E-16 ) ) ;
#3533 = ADVANCED_BREP_SHAPE_REPRESENTATION ( 'BMP585', ( #2909, #5740, #5017, #619, #8739, #3156, #3529, #945, #5500, #1363, #2595, #29, #309, #8293, #7929, #8434, #6217 ), #3665 ) ;
#3534 = CARTESIAN_POINT ( 'NONE',  ( -1.625000000000000222, 0.000000000000000000, 1.625000000000000000 ) ) ;
#3535 = ORIENTED_EDGE ( 'NONE', *, *, #7090, .T. ) ;
#3536 = VERTEX_POINT ( 'NONE', #3568 ) ;
#3537 = AXIS2_PLACEMENT_3D ( 'NONE', #6298, #17, #7529 ) ;
#3538 = CARTESIAN_POINT ( 'NONE',  ( -1.499999999999999556, 0.000000000000000000, -0.6999999999999978462 ) ) ;
#3539 = CARTESIAN_POINT ( 'NONE',  ( 1.464381519444564850, 0.3200000000000000067, 1.534381519444567132 ) ) ;
#3540 = AXIS2_PLACEMENT_3D ( 'NONE', #4844, #4244, #8283 ) ;
#3541 = DIRECTION ( 'NONE',  ( 0.000000000000000000, -1.000000000000000000, 0.000000000000000000 ) ) ;
#3542 = DIRECTION ( 'NONE',  ( 0.000000000000000000, 0.000000000000000000, -1.000000000000000000 ) ) ;
#3543 = EDGE_CURVE ( 'NONE', #972, #8343, #5938, .T. ) ;
#3544 = ORIENTED_EDGE ( 'NONE', *, *, #6515, .F. ) ;
#3545 = ORIENTED_EDGE ( 'NONE', *, *, #4841, .T. ) ;
#3546 = VECTOR ( 'NONE', #2571, 1000.000000000000000 ) ;
#3547 = PLANE ( 'NONE',  #8621 ) ;
#3548 = SURFACE_STYLE_FILL_AREA ( #8565 ) ;
#3549 = VECTOR ( 'NONE', #8073, 1000.000000000000000 ) ;
#3550 = VERTEX_POINT ( 'NONE', #3801 ) ;
#3551 = CARTESIAN_POINT ( 'NONE',  ( 0.4000000000000000222, 4.621194077712559078, -0.9499999999999999556 ) ) ;
#3552 = CARTESIAN_POINT ( 'NONE',  ( -0.9499999999999995115, 0.05000000000000034972, -0.6999999999999979572 ) ) ;
#3553 = ORIENTED_EDGE ( 'NONE', *, *, #2718, .T. ) ;
#3554 = STYLED_ITEM ( 'NONE', ( #462 ), #2595 ) ;
#3555 = ORIENTED_EDGE ( 'NONE', *, *, #699, .F. ) ;
#3556 = EDGE_CURVE ( 'NONE', #4624, #2296, #5984, .T. ) ;
#3557 = CARTESIAN_POINT ( 'NONE',  ( 2.168404344971008868E-16, 0.3200000000000000067, 4.336808689942017736E-16 ) ) ;
#3558 = ORIENTED_EDGE ( 'NONE', *, *, #6948, .F. ) ;
#3559 = FACE_OUTER_BOUND ( 'NONE', #1390, .T. ) ;
#3560 = VECTOR ( 'NONE', #313, 1000.000000000000000 ) ;
#3561 = CARTESIAN_POINT ( 'NONE',  ( -1.534381519444566022, 0.3200000000000000067, 1.124999999999997780 ) ) ;
#3562 = CIRCLE ( 'NONE', #3236, 0.03000000000000007869 ) ;
#3563 = EDGE_CURVE ( 'NONE', #7897, #1679, #3066, .T. ) ;
#3564 = DIRECTION ( 'NONE',  ( 0.000000000000000000, 0.000000000000000000, -1.000000000000000000 ) ) ;
#3565 = ORIENTED_EDGE ( 'NONE', *, *, #1078, .T. ) ;
#3566 = CARTESIAN_POINT ( 'NONE',  ( 1.624999999999997558, 0.3200000000000000067, -1.124999999999997780 ) ) ;
#3567 = CARTESIAN_POINT ( 'NONE',  ( 1.499999999999998224, 0.04999999999999991257, -0.6999999999999982903 ) ) ;
#3568 = CARTESIAN_POINT ( 'NONE',  ( 1.534381519444564690, 0.3200000000000000067, 1.124999999999999556 ) ) ;
#3569 = ORIENTED_EDGE ( 'NONE', *, *, #2923, .T. ) ;
#3570 = CARTESIAN_POINT ( 'NONE',  ( 1.787984326755135421E-16, 1.920000000000000373, 1.459999999999999964 ) ) ;
#3571 = ADVANCED_FACE ( 'NONE', ( #9100 ), #6413, .T. ) ;
#3572 = DIRECTION ( 'NONE',  ( 3.252606517456513302E-15, -0.000000000000000000, -1.000000000000000000 ) ) ;
#3573 = CARTESIAN_POINT ( 'NONE',  ( -0.3999999999999989675, 0.05000000000000000278, -0.9500000000000001776 ) ) ;
#3574 = VERTEX_POINT ( 'NONE', #1902 ) ;
#3575 = ORIENTED_EDGE ( 'NONE', *, *, #6633, .F. ) ;
#3576 = LINE ( 'NONE', #1385, #6580 ) ;
#3577 = ORIENTED_EDGE ( 'NONE', *, *, #485, .T. ) ;
#3578 = PRODUCT_DEFINITION_CONTEXT ( 'detailed design', #6470, 'design' ) ;
#3579 = EDGE_CURVE ( 'NONE', #2264, #7260, #6158, .T. ) ;
#3580 = FACE_OUTER_BOUND ( 'NONE', #1912, .T. ) ;
#3581 = VERTEX_POINT ( 'NONE', #8474 ) ;
#3582 = DIRECTION ( 'NONE',  ( 0.000000000000000000, 0.000000000000000000, -1.000000000000000000 ) ) ;
#3583 = CARTESIAN_POINT ( 'NONE',  ( 1.534381519444564690, 0.3400000000000000244, 1.124999999999999556 ) ) ;
#3584 = CARTESIAN_POINT ( 'NONE',  ( 0.9499999999999996225, 0.000000000000000000, -0.3999999999999999112 ) ) ;
#3585 = ORIENTED_EDGE ( 'NONE', *, *, #333, .F. ) ;
#3586 = CARTESIAN_POINT ( 'NONE',  ( 1.199999999999999956, 0.3000000000000000444, 1.445000000000000728 ) ) ;
#3587 = CARTESIAN_POINT ( 'NONE',  ( -0.9499999999999992895, 0.02500000000000000139, 0.4000000000000016320 ) ) ;
#3588 = DIRECTION ( 'NONE',  ( 0.000000000000000000, 0.000000000000000000, -1.000000000000000000 ) ) ;
#3589 = SURFACE_SIDE_STYLE ('',( #3548 ) ) ;
#3590 = ORIENTED_EDGE ( 'NONE', *, *, #405, .T. ) ;
#3591 = ADVANCED_FACE ( 'NONE', ( #6128 ), #4374, .T. ) ;
#3592 = VERTEX_POINT ( 'NONE', #6979 ) ;
#3593 = FACE_OUTER_BOUND ( 'NONE', #3476, .T. ) ;
#3594 = ORIENTED_EDGE ( 'NONE', *, *, #6266, .F. ) ;
#3595 = EDGE_CURVE ( 'NONE', #4472, #7736, #3135, .T. ) ;
#3596 = VECTOR ( 'NONE', #3399, 1000.000000000000000 ) ;
#3597 = PLANE ( 'NONE',  #2275 ) ;
#3598 = CARTESIAN_POINT ( 'NONE',  ( -1.415000000000000480, 0.3200000000000000067, 1.414999999999998925 ) ) ;
#3599 = VERTEX_POINT ( 'NONE', #5004 ) ;
#3600 = EDGE_CURVE ( 'NONE', #5489, #7989, #52, .T. ) ;
#3601 = ORIENTED_EDGE ( 'NONE', *, *, #4699, .F. ) ;
#3602 = CARTESIAN_POINT ( 'NONE',  ( 1.534381519444564690, 0.3200000000000000067, 1.124999999999999556 ) ) ;
#3603 = CARTESIAN_POINT ( 'NONE',  ( 0.5349999999999999201, 0.02499999999999984873, 0.5300000000000002487 ) ) ;
#3604 = DIRECTION ( 'NONE',  ( 2.710505431213761085E-16, 0.000000000000000000, 1.000000000000000000 ) ) ;
#3605 = DIRECTION ( 'NONE',  ( 1.000000000000000000, 0.000000000000000000, -3.212450881438526817E-16 ) ) ;
#3606 = EDGE_CURVE ( 'NONE', #7736, #2316, #77, .T. ) ;
#3607 = ORIENTED_EDGE ( 'NONE', *, *, #4729, .F. ) ;
#3608 = CARTESIAN_POINT ( 'NONE',  ( 1.499999999999999778, 1.556154042586614050, -0.3999999999999999667 ) ) ;
#3609 = VERTEX_POINT ( 'NONE', #5075 ) ;
#3610 = VECTOR ( 'NONE', #6209, 1000.000000000000000 ) ;
#3611 = DIRECTION ( 'NONE',  ( -0.000000000000000000, -1.000000000000000000, 0.000000000000000000 ) ) ;
#3612 = CIRCLE ( 'NONE', #7001, 1.575000000000000400 ) ;
#3613 = CARTESIAN_POINT ( 'NONE',  ( -0.3999999999999990230, 0.000000000000000000, -1.625000000000000000 ) ) ;
#3614 = LINE ( 'NONE', #1338, #449 ) ;
#3615 = CARTESIAN_POINT ( 'NONE',  ( 1.500000000000000222, 0.000000000000000000, 1.500000000000000444 ) ) ;
#3616 = ORIENTED_EDGE ( 'NONE', *, *, #4695, .T. ) ;
#3617 = CARTESIAN_POINT ( 'NONE',  ( -1.464381519444566182, 0.3000000000000000444, 1.534381519444565134 ) ) ;
#3618 = ORIENTED_EDGE ( 'NONE', *, *, #8673, .F. ) ;
#3619 = ORIENTED_EDGE ( 'NONE', *, *, #2655, .F. ) ;
#3620 = STYLED_ITEM ( 'NONE', ( #4696 ), #7929 ) ;
#3621 = EDGE_LOOP ( 'NONE', ( #5012, #7119, #7341, #8059, #4240, #1980, #805, #4174, #6866, #4223, #6896, #3927, #7945, #8214, #4179, #7310, #8097, #7868, #6883, #8026, #4934, #899, #1184, #4255, #6624, #7010, #2107, #4393, #7122, #4025, #910, #4911, #1158, #4053, #5084, #1888, #1059, #1780, #7236, #956, #1969, #4866, #4341, #7385 ) ) ;
#3622 = VECTOR ( 'NONE', #336, 1000.000000000000000 ) ;
#3623 = LINE ( 'NONE', #8760, #3560 ) ;
#3624 = EDGE_CURVE ( 'NONE', #6149, #723, #92, .T. ) ;
#3625 = DIRECTION ( 'NONE',  ( -8.031127203596333067E-17, -0.000000000000000000, -1.000000000000000000 ) ) ;
#3626 = CARTESIAN_POINT ( 'NONE',  ( 1.523359773658213401, 0.3200000000000000067, -0.3999999999999944156 ) ) ;
#3627 = LINE ( 'NONE', #4442, #3549 ) ;
#3628 = CARTESIAN_POINT ( 'NONE',  ( 1.534381519444564690, 0.3000000000000000444, 1.124999999999999556 ) ) ;
#3629 = CARTESIAN_POINT ( 'NONE',  ( -1.125000000000001332, 0.3200000000000000067, 1.534381519444565356 ) ) ;
#3630 = AXIS2_PLACEMENT_3D ( 'NONE', #8284, #8982, #4063 ) ;
#3631 = ORIENTED_EDGE ( 'NONE', *, *, #214, .T. ) ;
#3632 = CARTESIAN_POINT ( 'NONE',  ( 0.000000000000000000, 0.7699999999999997957, -1.524999999999999911 ) ) ;
#3633 = DIRECTION ( 'NONE',  ( -0.7660444431189801229, 0.000000000000000000, 0.6427876096865370315 ) ) ;
#3634 = SURFACE_STYLE_USAGE ( .BOTH. , #3744 ) ;
#3635 = ORIENTED_EDGE ( 'NONE', *, *, #1189, .F. ) ;
#3636 = CARTESIAN_POINT ( 'NONE',  ( -1.500000000000001332, 0.000000000000000000, 0.3999999999999983569 ) ) ;
#3637 = EDGE_CURVE ( 'NONE', #4667, #3599, #3094, .T. ) ;
#3638 = SURFACE_SIDE_STYLE ('',( #2313 ) ) ;
#3639 = ORIENTED_EDGE ( 'NONE', *, *, #1896, .F. ) ;
#3640 = EDGE_LOOP ( 'NONE', ( #1448, #5058, #5071, #5039 ) ) ;
#3641 = CYLINDRICAL_SURFACE ( 'NONE', #5658, 0.06999999999999975686 ) ;
#3642 = VECTOR ( 'NONE', #740, 1000.000000000000000 ) ;
#3643 = AXIS2_PLACEMENT_3D ( 'NONE', #91, #4363, #3424 ) ;
#3644 = VECTOR ( 'NONE', #736, 1000.000000000000000 ) ;
#3645 = ORIENTED_EDGE ( 'NONE', *, *, #1775, .F. ) ;
#3646 = CARTESIAN_POINT ( 'NONE',  ( 1.125000000000000222, 0.3400000000000000244, 1.534381519444567132 ) ) ;
#3647 = CARTESIAN_POINT ( 'NONE',  ( -1.500000000000001332, 0.04999999999999991257, 0.3999999999999983569 ) ) ;
#3648 = VERTEX_POINT ( 'NONE', #1481 ) ;
#3649 = CARTESIAN_POINT ( 'NONE',  ( -1.500000000000001554, 0.05000000000000034972, 1.499999999999998668 ) ) ;
#3650 = CARTESIAN_POINT ( 'NONE',  ( -1.500000000000001110, 0.05000000000000000278, -0.4000000000000008549 ) ) ;
#3651 = DIRECTION ( 'NONE',  ( 0.000000000000000000, -0.000000000000000000, -1.000000000000000000 ) ) ;
#3652 = ADVANCED_FACE ( 'NONE', ( #8973 ), #4250, .F. ) ;
#3653 = CARTESIAN_POINT ( 'NONE',  ( -1.500000000000001332, 0.05000000000000000278, 0.6999999999999987343 ) ) ;
#3654 = CARTESIAN_POINT ( 'NONE',  ( -1.445000000000000506, 0.3000000000000000444, 1.414999999999998703 ) ) ;
#3655 = EDGE_CURVE ( 'NONE', #6195, #1197, #9033, .T. ) ;
#3656 = ORIENTED_EDGE ( 'NONE', *, *, #7504, .F. ) ;
#3657 = VERTEX_POINT ( 'NONE', #2190 ) ;
#3658 = VECTOR ( 'NONE', #2688, 1000.000000000000000 ) ;
#3659 = LINE ( 'NONE', #5032, #6681 ) ;
#3660 = LINE ( 'NONE', #3413, #3510 ) ;
#3661 = CARTESIAN_POINT ( 'NONE',  ( 1.464381519444564850, 0.3200000000000000067, 1.464381519444567070 ) ) ;
#3662 = AXIS2_PLACEMENT_3D ( 'NONE', #537, #4478, #1259 ) ;
#3663 = DIRECTION ( 'NONE',  ( 0.000000000000000000, -0.000000000000000000, -1.000000000000000000 ) ) ;
#3664 = CLOSED_SHELL ( 'NONE', ( #5840, #2539, #6836, #3321, #1677, #8962, #1575, #8745, #8483, #8600, #2447, #4878, #5418, #7884, #419, #5823, #2465, #3160, #2247, #5731, #3179, #845, #6744, #2095, #6333, #471, #1989, #3462, #9118, #4117, #2503, #6469, #7428, #3959, #563 ) ) ;
#3665 =( GEOMETRIC_REPRESENTATION_CONTEXT ( 3 ) GLOBAL_UNCERTAINTY_ASSIGNED_CONTEXT ( ( #4561 ) ) GLOBAL_UNIT_ASSIGNED_CONTEXT ( ( #6952, #1454, #7646 ) ) REPRESENTATION_CONTEXT ( 'NONE', 'WORKASPACE' ) );
#3666 = EDGE_CURVE ( 'NONE', #6301, #215, #3053, .T. ) ;
#3667 = DIRECTION ( 'NONE',  ( -0.000000000000000000, -0.000000000000000000, 1.000000000000000000 ) ) ;
#3668 = CARTESIAN_POINT ( 'NONE',  ( 1.414999999999999147, 0.3000000000000000444, -1.414999999999999813 ) ) ;
#3669 = CARTESIAN_POINT ( 'NONE',  ( -0.5350000000000001421, 0.02500000000000000139, 0.5299999999999999156 ) ) ;
#3670 = EDGE_LOOP ( 'NONE', ( #7588, #8957, #3553, #5547 ) ) ;
#3671 = ADVANCED_FACE ( 'NONE', ( #2933 ), #8526, .T. ) ;
#3672 = ORIENTED_EDGE ( 'NONE', *, *, #6598, .F. ) ;
#3673 = LINE ( 'NONE', #7715, #6566 ) ;
#3674 = CARTESIAN_POINT ( 'NONE',  ( -1.500000000000001332, 1.556154042586614050, 0.6999999999999987343 ) ) ;
#3675 = CARTESIAN_POINT ( 'NONE',  ( 1.124999999999999778, 0.3000000000000000444, -1.534381519444566244 ) ) ;
#3676 = VECTOR ( 'NONE', #3244, 1000.000000000000000 ) ;
#3677 = ORIENTED_EDGE ( 'NONE', *, *, #1733, .F. ) ;
#3678 = AXIS2_PLACEMENT_3D ( 'NONE', #1949, #592, #5565 ) ;
#3679 = CARTESIAN_POINT ( 'NONE',  ( -1.499999999999999556, 1.556154042586614050, -0.6999999999999978462 ) ) ;
#3680 = CARTESIAN_POINT ( 'NONE',  ( -0.4000000000000007438, 0.05000000000000000278, 1.500000000000001110 ) ) ;
#3681 = EDGE_CURVE ( 'NONE', #5846, #1203, #5912, .T. ) ;
#3682 = ORIENTED_EDGE ( 'NONE', *, *, #4709, .F. ) ;
#3683 = VERTEX_POINT ( 'NONE', #101 ) ;
#3684 = CIRCLE ( 'NONE', #854, 0.04000000000000032002 ) ;
#3685 = ORIENTED_EDGE ( 'NONE', *, *, #9076, .F. ) ;
#3686 = DIRECTION ( 'NONE',  ( 0.000000000000000000, -0.000000000000000000, 1.000000000000000000 ) ) ;
#3687 = CARTESIAN_POINT ( 'NONE',  ( -1.499999999999999778, 0.000000000000000000, -1.499999999999997780 ) ) ;
#3688 = LINE ( 'NONE', #4755, #627 ) ;
#3689 = CARTESIAN_POINT ( 'NONE',  ( 1.199999999999999956, -0.2789528969834105254, 1.445000000000000728 ) ) ;
#3690 = VERTEX_POINT ( 'NONE', #2938 ) ;
#3691 = DIRECTION ( 'NONE',  ( -1.000000000000000000, 0.000000000000000000, -3.039819175193002819E-16 ) ) ;
#3692 = DIRECTION ( 'NONE',  ( 0.000000000000000000, -0.000000000000000000, 1.000000000000000000 ) ) ;
#3693 = DIRECTION ( 'NONE',  ( -0.7660444431189799008, 0.000000000000000000, 0.6427876096865370315 ) ) ;
#3694 = EDGE_CURVE ( 'NONE', #4642, #7022, #6186, .T. ) ;
#3695 = CARTESIAN_POINT ( 'NONE',  ( -1.625000000000000222, 0.02500000000000000139, -0.6999999999999972911 ) ) ;
#3696 = CARTESIAN_POINT ( 'NONE',  ( 0.5349999999999999201, 1.556154042586614050, -0.5299999999999998046 ) ) ;
#3697 = ORIENTED_EDGE ( 'NONE', *, *, #5445, .T. ) ;
#3698 = ORIENTED_EDGE ( 'NONE', *, *, #6434, .T. ) ;
#3699 = VECTOR ( 'NONE', #5530, 1000.000000000000000 ) ;
#3700 = PRESENTATION_STYLE_ASSIGNMENT (( #7207 ) ) ;
#3701 = LINE ( 'NONE', #2501, #6682 ) ;
#3702 = EDGE_CURVE ( 'NONE', #2905, #9050, #2854, .T. ) ;
#3703 = VERTEX_POINT ( 'NONE', #2878 ) ;
#3704 = DIRECTION ( 'NONE',  ( 0.000000000000000000, -1.000000000000000000, 0.000000000000000000 ) ) ;
#3705 = CARTESIAN_POINT ( 'NONE',  ( 1.347111479062088503E-16, 1.739023740181067756, 1.100000000000000089 ) ) ;
#3706 = CARTESIAN_POINT ( 'NONE',  ( 1.125000000000000222, 0.3000000000000000444, 1.534381519444567132 ) ) ;
#3707 = CARTESIAN_POINT ( 'NONE',  ( 1.125000000000000222, 0.3200000000000000067, 1.534381519444567132 ) ) ;
#3708 = EDGE_CURVE ( 'NONE', #2526, #4343, #8954, .T. ) ;
#3709 = VERTEX_POINT ( 'NONE', #206 ) ;
#3710 = ORIENTED_EDGE ( 'NONE', *, *, #5458, .T. ) ;
#3711 = LINE ( 'NONE', #6359, #3494 ) ;
#3712 = FACE_OUTER_BOUND ( 'NONE', #6275, .T. ) ;
#3713 = CARTESIAN_POINT ( 'NONE',  ( -1.464381519444566182, 0.2999999999999999889, 1.534381519444565134 ) ) ;
#3714 = ORIENTED_EDGE ( 'NONE', *, *, #7414, .F. ) ;
#3715 = PRESENTATION_LAYER_ASSIGNMENT (  '', '', ( #5758 ) ) ;
#3716 = DIRECTION ( 'NONE',  ( -0.000000000000000000, -1.000000000000000000, -0.000000000000000000 ) ) ;
#3717 = ADVANCED_FACE ( 'NONE', ( #6343 ), #8687, .F. ) ;
#3718 = CARTESIAN_POINT ( 'NONE',  ( 1.624999999999999778, 0.02499999999999984873, 0.4000000000000008549 ) ) ;
#3719 = CARTESIAN_POINT ( 'NONE',  ( -1.500000000000001554, 1.556154042586614050, 1.499999999999998668 ) ) ;
#3720 = ORIENTED_EDGE ( 'NONE', *, *, #5436, .T. ) ;
#3721 = DIRECTION ( 'NONE',  ( -0.000000000000000000, -1.000000000000000000, -0.000000000000000000 ) ) ;
#3722 = ORIENTED_EDGE ( 'NONE', *, *, #4506, .T. ) ;
#3723 = LINE ( 'NONE', #5702, #6749 ) ;
#3724 = ORIENTED_EDGE ( 'NONE', *, *, #3311, .T. ) ;
#3725 = FACE_OUTER_BOUND ( 'NONE', #2201, .T. ) ;
#3726 = EDGE_CURVE ( 'NONE', #3592, #4965, #3447, .T. ) ;
#3727 = CARTESIAN_POINT ( 'NONE',  ( 1.534381519444564690, 0.3200000000000000067, -1.124999999999998890 ) ) ;
#3728 = ORIENTED_EDGE ( 'NONE', *, *, #4718, .F. ) ;
#3729 = CARTESIAN_POINT ( 'NONE',  ( 1.523359773658213401, 0.3200000000000000067, -0.3999999999999944156 ) ) ;
#3730 = CARTESIAN_POINT ( 'NONE',  ( 1.124999999999998890, 0.3400000000000000244, -1.625000000000000000 ) ) ;
#3731 = STYLED_ITEM ( 'NONE', ( #1050 ), #8293 ) ;
#3732 = EDGE_CURVE ( 'NONE', #6421, #3909, #285, .T. ) ;
#3733 = VERTEX_POINT ( 'NONE', #48 ) ;
#3734 = ADVANCED_FACE ( 'NONE', ( #3461 ), #6182, .T. ) ;
#3735 = ORIENTED_EDGE ( 'NONE', *, *, #718, .F. ) ;
#3736 = ORIENTED_EDGE ( 'NONE', *, *, #2529, .T. ) ;
#3737 = CARTESIAN_POINT ( 'NONE',  ( -0.9500000000000012879, 0.05000000000000000278, 0.6999999999999988454 ) ) ;
#3738 = FACE_OUTER_BOUND ( 'NONE', #2609, .T. ) ;
#3739 = CARTESIAN_POINT ( 'NONE',  ( -1.499999999999999778, 1.556154042586614050, -1.499999999999997780 ) ) ;
#3740 = ORIENTED_EDGE ( 'NONE', *, *, #3334, .T. ) ;
#3741 = DIRECTION ( 'NONE',  ( -0.7660444431189800119, -0.000000000000000000, 0.6427876096865369204 ) ) ;
#3742 = CARTESIAN_POINT ( 'NONE',  ( 1.499999999999999778, 1.556154042586614050, -0.3999999999999999667 ) ) ;
#3743 = CARTESIAN_POINT ( 'NONE',  ( -1.200000000000001288, 0.3200000000000000067, 1.444999999999998952 ) ) ;
#3744 = SURFACE_SIDE_STYLE ('',( #3151 ) ) ;
#3745 = DIRECTION ( 'NONE',  ( 2.710505431213760592E-16, -0.000000000000000000, -1.000000000000000000 ) ) ;
#3746 = AXIS2_PLACEMENT_3D ( 'NONE', #7251, #5287, #7375 ) ;
#3747 = DIRECTION ( 'NONE',  ( -0.000000000000000000, -1.000000000000000000, -0.000000000000000000 ) ) ;
#3748 = ORIENTED_EDGE ( 'NONE', *, *, #3284, .F. ) ;
#3749 = VERTEX_POINT ( 'NONE', #1070 ) ;
#3750 = VECTOR ( 'NONE', #2921, 1000.000000000000000 ) ;
#3751 = CARTESIAN_POINT ( 'NONE',  ( -0.4000000000000007438, 0.05000000000000034972, 1.500000000000001110 ) ) ;
#3752 = ORIENTED_EDGE ( 'NONE', *, *, #1121, .T. ) ;
#3753 = LINE ( 'NONE', #3521, #3644 ) ;
#3754 = ORIENTED_EDGE ( 'NONE', *, *, #1256, .T. ) ;
#3755 = EDGE_CURVE ( 'NONE', #2625, #8417, #234, .T. ) ;
#3756 = CARTESIAN_POINT ( 'NONE',  ( 0.000000000000000000, 1.739023740181067756, -1.145000000000000018 ) ) ;
#3757 = CARTESIAN_POINT ( 'NONE',  ( -0.9499999999999997335, 1.556154042586614050, -1.499999999999998002 ) ) ;
#3758 = DIRECTION ( 'NONE',  ( -0.000000000000000000, -1.000000000000000000, -0.000000000000000000 ) ) ;
#3759 = DIRECTION ( 'NONE',  ( 0.000000000000000000, 0.000000000000000000, -1.000000000000000000 ) ) ;
#3760 = DIRECTION ( 'NONE',  ( 0.000000000000000000, 0.000000000000000000, 1.000000000000000000 ) ) ;
#3761 = AXIS2_PLACEMENT_3D ( 'NONE', #6889, #1148, #2731 ) ;
#3762 = DIRECTION ( 'NONE',  ( 1.000000000000000000, -0.000000000000000000, 7.047314121155778821E-15 ) ) ;
#3763 = VERTEX_POINT ( 'NONE', #5258 ) ;
#3764 = AXIS2_PLACEMENT_3D ( 'NONE', #2141, #2080, #6120 ) ;
#3765 = VERTEX_POINT ( 'NONE', #5506 ) ;
#3766 = LINE ( 'NONE', #6631, #6592 ) ;
#3767 = ORIENTED_EDGE ( 'NONE', *, *, #3381, .T. ) ;
#3768 = FACE_OUTER_BOUND ( 'NONE', #1691, .T. ) ;
#3769 = DIRECTION ( 'NONE',  ( -1.000000000000000000, 0.000000000000000000, -0.000000000000000000 ) ) ;
#3770 = VERTEX_POINT ( 'NONE', #3283 ) ;
#3771 = PLANE ( 'NONE',  #4594 ) ;
#3772 = PLANE ( 'NONE',  #1120 ) ;
#3773 = DIRECTION ( 'NONE',  ( 0.000000000000000000, 0.000000000000000000, -1.000000000000000000 ) ) ;
#3774 = CARTESIAN_POINT ( 'NONE',  ( -1.445000000000000506, 0.3200000000000000067, 1.414999999999998703 ) ) ;
#3775 = ORIENTED_EDGE ( 'NONE', *, *, #4810, .F. ) ;
#3776 = AXIS2_PLACEMENT_3D ( 'NONE', #2618, #1027, #4622 ) ;
#3777 = CARTESIAN_POINT ( 'NONE',  ( -0.9499999999999992895, 0.000000000000000000, 0.4000000000000016320 ) ) ;
#3778 = ORIENTED_EDGE ( 'NONE', *, *, #1697, .F. ) ;
#3779 = LINE ( 'NONE', #4060, #6961 ) ;
#3780 = ORIENTED_EDGE ( 'NONE', *, *, #150, .F. ) ;
#3781 = DIRECTION ( 'NONE',  ( 2.956915015869558757E-16, 0.000000000000000000, 1.000000000000000000 ) ) ;
#3782 = EDGE_CURVE ( 'NONE', #2939, #5202, #6491, .T. ) ;
#3783 = VECTOR ( 'NONE', #7080, 1000.000000000000000 ) ;
#3784 = EDGE_LOOP ( 'NONE', ( #1842, #1128, #4570, #4324 ) ) ;
#3785 = DIRECTION ( 'NONE',  ( -0.000000000000000000, -1.000000000000000000, -0.000000000000000000 ) ) ;
#3786 = DIRECTION ( 'NONE',  ( -3.516331370223249842E-16, 0.000000000000000000, -1.000000000000000000 ) ) ;
#3787 = CARTESIAN_POINT ( 'NONE',  ( 1.199999999999999734, 0.3200000000000000067, -1.444999999999999840 ) ) ;
#3788 = ADVANCED_FACE ( 'NONE', ( #210 ), #3839, .F. ) ;
#3789 = ORIENTED_EDGE ( 'NONE', *, *, #6206, .T. ) ;
#3790 = ORIENTED_EDGE ( 'NONE', *, *, #3563, .T. ) ;
#3791 = FACE_OUTER_BOUND ( 'NONE', #1231, .T. ) ;
#3792 = CYLINDRICAL_SURFACE ( 'NONE', #1770, 1.500000000000000000 ) ;
#3793 = CARTESIAN_POINT ( 'NONE',  ( 0.000000000000000000, 0.8100000000000001643, 0.000000000000000000 ) ) ;
#3794 = LINE ( 'NONE', #5069, #6921 ) ;
#3795 = EDGE_CURVE ( 'NONE', #8819, #8659, #3250, .T. ) ;
#3796 = ORIENTED_EDGE ( 'NONE', *, *, #1167, .T. ) ;
#3797 = CARTESIAN_POINT ( 'NONE',  ( -0.4000000000000007438, 0.04999999999999991257, 0.9500000000000010658 ) ) ;
#3798 = DIRECTION ( 'NONE',  ( -0.000000000000000000, 1.000000000000000000, -0.000000000000000000 ) ) ;
#3799 = CARTESIAN_POINT ( 'NONE',  ( 1.624999999999999778, 0.000000000000000000, 1.625000000000000000 ) ) ;
#3800 = DIRECTION ( 'NONE',  ( 0.6427876096865369204, 0.000000000000000000, 0.7660444431189800119 ) ) ;
#3801 = CARTESIAN_POINT ( 'NONE',  ( -0.4000000000000000222, 0.3200000000000000067, -1.625000000000000000 ) ) ;
#3802 = EDGE_CURVE ( 'NONE', #5696, #7290, #3422, .T. ) ;
#3803 = AXIS2_PLACEMENT_3D ( 'NONE', #1438, #1258, #8367 ) ;
#3804 = DIRECTION ( 'NONE',  ( 2.710505431213762564E-16, 0.000000000000000000, -1.000000000000000000 ) ) ;
#3805 = AXIS2_PLACEMENT_3D ( 'NONE', #3820, #980, #400 ) ;
#3806 = EDGE_CURVE ( 'NONE', #1728, #8688, #392, .T. ) ;
#3807 = DIRECTION ( 'NONE',  ( 1.000000000000000000, 0.000000000000000000, 0.000000000000000000 ) ) ;
#3808 = VERTEX_POINT ( 'NONE', #6604 ) ;
#3809 = ADVANCED_FACE ( 'NONE', ( #3266 ), #2656, .F. ) ;
#3810 = EDGE_LOOP ( 'NONE', ( #5690, #7321, #7306, #3752 ) ) ;
#3811 = LINE ( 'NONE', #3602, #6884 ) ;
#3812 = CARTESIAN_POINT ( 'NONE',  ( -1.125000000000001332, -0.2789528969834105254, 1.534381519444565356 ) ) ;
#3813 = LINE ( 'NONE', #783, #6666 ) ;
#3814 = LINE ( 'NONE', #3719, #3997 ) ;
#3815 = ORIENTED_EDGE ( 'NONE', *, *, #3519, .T. ) ;
#3816 = DIRECTION ( 'NONE',  ( 0.000000000000000000, -1.000000000000000000, 0.000000000000000000 ) ) ;
#3817 = DIRECTION ( 'NONE',  ( -1.000000000000000000, 0.000000000000000000, 8.031127203596329369E-17 ) ) ;
#3818 = DIRECTION ( 'NONE',  ( 2.581433744013106547E-16, 0.000000000000000000, -1.000000000000000000 ) ) ;
#3819 = EDGE_CURVE ( 'NONE', #1827, #1719, #3237, .T. ) ;
#3820 = CARTESIAN_POINT ( 'NONE',  ( -1.335000000000000187, 0.3200000000000000067, -1.334999999999999964 ) ) ;
#3821 = CARTESIAN_POINT ( 'NONE',  ( -1.499999999999999556, 0.000000000000000000, -0.6999999999999974021 ) ) ;
#3822 = VERTEX_POINT ( 'NONE', #2012 ) ;
#3823 = ORIENTED_EDGE ( 'NONE', *, *, #3256, .F. ) ;
#3824 = LINE ( 'NONE', #4843, #6840 ) ;
#3825 = ORIENTED_EDGE ( 'NONE', *, *, #4861, .T. ) ;
#3826 = EDGE_CURVE ( 'NONE', #158, #5543, #6358, .T. ) ;
#3827 = DIRECTION ( 'NONE',  ( 0.000000000000000000, 1.000000000000000000, 0.000000000000000000 ) ) ;
#3828 = ORIENTED_EDGE ( 'NONE', *, *, #6767, .T. ) ;
#3829 = CARTESIAN_POINT ( 'NONE',  ( -0.4000000000000113465, 0.3200000000000000067, 1.624999999999997558 ) ) ;
#3830 = DIRECTION ( 'NONE',  ( 0.000000000000000000, 0.000000000000000000, -1.000000000000000000 ) ) ;
#3831 = CARTESIAN_POINT ( 'NONE',  ( 1.444999999999999174, 0.2999999999999999889, -1.414999999999999591 ) ) ;
#3832 = CARTESIAN_POINT ( 'NONE',  ( -1.624999999999998446, 0.000000000000000000, 0.6999999999999981792 ) ) ;
#3833 = DIRECTION ( 'NONE',  ( 4.034240641806509359E-15, 0.000000000000000000, -1.000000000000000000 ) ) ;
#3834 = ORIENTED_EDGE ( 'NONE', *, *, #1775, .T. ) ;
#3835 = DIRECTION ( 'NONE',  ( -2.344220913482167712E-16, 0.000000000000000000, -1.000000000000000000 ) ) ;
#3836 = ORIENTED_EDGE ( 'NONE', *, *, #8696, .F. ) ;
#3837 = CARTESIAN_POINT ( 'NONE',  ( -0.5350000000000001421, 0.02499999999999984873, 0.5299999999999999156 ) ) ;
#3838 = AXIS2_PLACEMENT_3D ( 'NONE', #6712, #7455, #8239 ) ;
#3839 = PLANE ( 'NONE',  #3662 ) ;
#3840 = EDGE_LOOP ( 'NONE', ( #1159, #5820, #5241, #8163, #5927, #7692 ) ) ;
#3841 = EDGE_CURVE ( 'NONE', #73, #4306, #6282, .T. ) ;
#3842 = VECTOR ( 'NONE', #2872, 1000.000000000000000 ) ;
#3843 = ORIENTED_EDGE ( 'NONE', *, *, #8555, .T. ) ;
#3844 = ADVANCED_FACE ( 'NONE', ( #3320 ), #8186, .T. ) ;
#3845 = AXIS2_PLACEMENT_3D ( 'NONE', #3301, #9026, #3987 ) ;
#3846 = CARTESIAN_POINT ( 'NONE',  ( 1.125000000000000222, 0.3200000000000000067, 1.534381519444567132 ) ) ;
#3847 = CARTESIAN_POINT ( 'NONE',  ( -0.9499999999999992895, 0.000000000000000000, 0.4000000000000016320 ) ) ;
#3848 = ORIENTED_EDGE ( 'NONE', *, *, #4618, .T. ) ;
#3849 = VERTEX_POINT ( 'NONE', #476 ) ;
#3850 = VECTOR ( 'NONE', #5983, 1000.000000000000000 ) ;
#3851 = CARTESIAN_POINT ( 'NONE',  ( 1.199999999999999734, 0.3000000000000000444, -1.444999999999999840 ) ) ;
#3852 = ORIENTED_EDGE ( 'NONE', *, *, #7876, .F. ) ;
#3853 = CARTESIAN_POINT ( 'NONE',  ( -0.9500000000000012879, 0.000000000000000000, 0.6999999999999988454 ) ) ;
#3854 = LINE ( 'NONE', #8184, #994 ) ;
#3855 = SURFACE_STYLE_USAGE ( .BOTH. , #3981 ) ;
#3856 = AXIS2_PLACEMENT_3D ( 'NONE', #6112, #7393, #523 ) ;
#3857 = ORIENTED_EDGE ( 'NONE', *, *, #5395, .T. ) ;
#3858 = CARTESIAN_POINT ( 'NONE',  ( 1.124999999999999778, -0.2789528969834105254, -1.534381519444566244 ) ) ;
#3859 = PLANE ( 'NONE',  #2865 ) ;
#3860 = EDGE_CURVE ( 'NONE', #395, #3950, #3208, .T. ) ;
#3861 = EDGE_CURVE ( 'NONE', #4270, #4405, #6215, .T. ) ;
#3862 = CARTESIAN_POINT ( 'NONE',  ( 0.000000000000000000, 1.920000000000000373, 0.000000000000000000 ) ) ;
#3863 = ADVANCED_FACE ( 'NONE', ( #3178 ), #6071, .T. ) ;
#3864 = CARTESIAN_POINT ( 'NONE',  ( -1.125000000000001332, 0.2999999999999999889, 1.534381519444565356 ) ) ;
#3865 = CARTESIAN_POINT ( 'NONE',  ( -1.445000000000000506, 0.2999999999999999889, 1.414999999999998703 ) ) ;
#3866 = EDGE_CURVE ( 'NONE', #8405, #6508, #222, .T. ) ;
#3867 = EDGE_LOOP ( 'NONE', ( #3775, #4410, #548, #2927 ) ) ;
#3868 = ORIENTED_EDGE ( 'NONE', *, *, #8952, .T. ) ;
#3869 = VECTOR ( 'NONE', #3816, 1000.000000000000000 ) ;
#3870 = PLANE ( 'NONE',  #2361 ) ;
#3871 = FACE_OUTER_BOUND ( 'NONE', #8462, .T. ) ;
#3872 = ORIENTED_EDGE ( 'NONE', *, *, #154, .F. ) ;
#3873 = LINE ( 'NONE', #133, #6887 ) ;
#3874 = ORIENTED_EDGE ( 'NONE', *, *, #6740, .F. ) ;
#3875 = AXIS2_PLACEMENT_3D ( 'NONE', #3279, #1191, #8047 ) ;
#3876 = CARTESIAN_POINT ( 'NONE',  ( 1.624999999999999778, 0.3400000000000000244, 1.625000000000000000 ) ) ;
#3877 = DIRECTION ( 'NONE',  ( 0.000000000000000000, 0.000000000000000000, 1.000000000000000000 ) ) ;
#3878 = DIRECTION ( 'NONE',  ( 0.000000000000000000, 0.000000000000000000, -1.000000000000000000 ) ) ;
#3879 = CARTESIAN_POINT ( 'NONE',  ( 1.444999999999998286, 0.3200000000000000067, 1.199999999999999512 ) ) ;
#3880 = CARTESIAN_POINT ( 'NONE',  ( 0.4000000000000001887, 1.556154042586614050, -1.499999999999999778 ) ) ;
#3881 =( NAMED_UNIT ( * ) PLANE_ANGLE_UNIT ( ) SI_UNIT ( $, .RADIAN. ) );
#3882 = EDGE_LOOP ( 'NONE', ( #3226, #8201, #2689, #6520 ) ) ;
#3883 = ADVANCED_FACE ( 'NONE', ( #173 ), #2481, .F. ) ;
#3884 = ORIENTED_EDGE ( 'NONE', *, *, #6155, .F. ) ;
#3885 = LINE ( 'NONE', #7257, #3974 ) ;
#3886 = VECTOR ( 'NONE', #1119, 1000.000000000000000 ) ;
#3887 = VERTEX_POINT ( 'NONE', #6661 ) ;
#3888 = VECTOR ( 'NONE', #3605, 1000.000000000000000 ) ;
#3889 = ORIENTED_EDGE ( 'NONE', *, *, #3284, .T. ) ;
#3890 = DIRECTION ( 'NONE',  ( 0.000000000000000000, 0.000000000000000000, -1.000000000000000000 ) ) ;
#3891 = EDGE_CURVE ( 'NONE', #855, #6207, #3393, .T. ) ;
#3892 = CARTESIAN_POINT ( 'NONE',  ( 1.444999999999999174, 0.3200000000000000067, -1.414999999999999591 ) ) ;
#3893 = DIRECTION ( 'NONE',  ( -0.000000000000000000, -1.000000000000000000, -0.000000000000000000 ) ) ;
#3894 = DIRECTION ( 'NONE',  ( 0.000000000000000000, 0.000000000000000000, -1.000000000000000000 ) ) ;
#3895 = EDGE_CURVE ( 'NONE', #4023, #7329, #3333, .T. ) ;
#3896 = EDGE_LOOP ( 'NONE', ( #7325, #3724, #6773, #7389, #2355 ) ) ;
#3897 = DIRECTION ( 'NONE',  ( -0.000000000000000000, 1.000000000000000000, -0.000000000000000000 ) ) ;
#3898 = ORIENTED_EDGE ( 'NONE', *, *, #7936, .F. ) ;
#3899 = CIRCLE ( 'NONE', #7226, 0.03000000000000007869 ) ;
#3900 = FACE_BOUND ( 'NONE', #4241, .T. ) ;
#3901 = DIRECTION ( 'NONE',  ( 1.000000000000000000, -0.000000000000000000, 3.039819175193002819E-16 ) ) ;
#3902 = ORIENTED_EDGE ( 'NONE', *, *, #5773, .T. ) ;
#3903 = LINE ( 'NONE', #753, #3966 ) ;
#3904 = ORIENTED_EDGE ( 'NONE', *, *, #7994, .T. ) ;
#3905 = DIRECTION ( 'NONE',  ( 0.000000000000000000, 1.000000000000000000, 0.000000000000000000 ) ) ;
#3906 = PLANE ( 'NONE',  #6705 ) ;
#3907 = EDGE_CURVE ( 'NONE', #7757, #8285, #6431, .T. ) ;
#3908 = VERTEX_POINT ( 'NONE', #5564 ) ;
#3909 = VERTEX_POINT ( 'NONE', #7064 ) ;
#3910 = FACE_OUTER_BOUND ( 'NONE', #8101, .T. ) ;
#3911 = CIRCLE ( 'NONE', #2463, 0.04000000000000010492 ) ;
#3912 = PLANE ( 'NONE',  #7356 ) ;
#3913 = ORIENTED_EDGE ( 'NONE', *, *, #6303, .F. ) ;
#3914 = CARTESIAN_POINT ( 'NONE',  ( -0.9499999999999981792, 0.02500000000000000139, 1.625000000000000888 ) ) ;
#3915 = LINE ( 'NONE', #153, #868 ) ;
#3916 = CARTESIAN_POINT ( 'NONE',  ( -0.9499999999999995115, 0.000000000000000000, -0.6999999999999979572 ) ) ;
#3917 = ORIENTED_EDGE ( 'NONE', *, *, #6755, .T. ) ;
#3918 = CARTESIAN_POINT ( 'NONE',  ( -1.625000000000000222, 4.621194077712559078, -0.6999999999999972911 ) ) ;
#3919 = DIRECTION ( 'NONE',  ( -1.000000000000000000, 0.000000000000000000, -1.120041072401411474E-14 ) ) ;
#3920 = ADVANCED_FACE ( 'NONE', ( #6418 ), #1321, .F. ) ;
#3921 = DIRECTION ( 'NONE',  ( 0.000000000000000000, 1.000000000000000000, 0.000000000000000000 ) ) ;
#3922 = EDGE_CURVE ( 'NONE', #4653, #3703, #3349, .T. ) ;
#3923 = CARTESIAN_POINT ( 'NONE',  ( 0.000000000000000000, 1.610000000000000098, -1.459999999999999742 ) ) ;
#3924 = CARTESIAN_POINT ( 'NONE',  ( -1.500000000000001332, 0.05000000000000000278, 0.6999999999999987343 ) ) ;
#3925 = EDGE_CURVE ( 'NONE', #6992, #6195, #3194, .T. ) ;
#3926 = VERTEX_POINT ( 'NONE', #1498 ) ;
#3927 = ORIENTED_EDGE ( 'NONE', *, *, #5563, .F. ) ;
#3928 = LINE ( 'NONE', #3087, #6944 ) ;
#3929 = DIRECTION ( 'NONE',  ( 1.000000000000000000, 0.000000000000000000, -2.710505431213761085E-16 ) ) ;
#3930 = LINE ( 'NONE', #8862, #3963 ) ;
#3931 = EDGE_CURVE ( 'NONE', #2296, #2960, #6402, .T. ) ;
#3932 = ORIENTED_EDGE ( 'NONE', *, *, #907, .T. ) ;
#3933 = FACE_OUTER_BOUND ( 'NONE', #8281, .T. ) ;
#3934 = VECTOR ( 'NONE', #8853, 1000.000000000000000 ) ;
#3935 = ORIENTED_EDGE ( 'NONE', *, *, #4818, .F. ) ;
#3936 = DIRECTION ( 'NONE',  ( 2.710505431213761085E-16, 0.000000000000000000, -1.000000000000000000 ) ) ;
#3937 = DIRECTION ( 'NONE',  ( -0.000000000000000000, -1.000000000000000000, -0.000000000000000000 ) ) ;
#3938 = CARTESIAN_POINT ( 'NONE',  ( -1.500000000000001332, 0.02500000000000000139, 0.6999999999999982903 ) ) ;
#3939 = ADVANCED_FACE ( 'NONE', ( #3223 ), #299, .T. ) ;
#3940 = CARTESIAN_POINT ( 'NONE',  ( -0.9499999999999995115, 0.000000000000000000, -0.6999999999999979572 ) ) ;
#3941 = ORIENTED_EDGE ( 'NONE', *, *, #6837, .F. ) ;
#3942 = ORIENTED_EDGE ( 'NONE', *, *, #3895, .T. ) ;
#3943 = FACE_OUTER_BOUND ( 'NONE', #6922, .T. ) ;
#3944 = VECTOR ( 'NONE', #1614, 1000.000000000000000 ) ;
#3945 = ORIENTED_EDGE ( 'NONE', *, *, #5049, .F. ) ;
#3946 = LINE ( 'NONE', #1414, #3842 ) ;
#3947 = DIRECTION ( 'NONE',  ( 0.000000000000000000, -1.000000000000000000, 0.000000000000000000 ) ) ;
#3948 = EDGE_CURVE ( 'NONE', #7290, #6947, #3280, .T. ) ;
#3949 = VECTOR ( 'NONE', #5229, 1000.000000000000000 ) ;
#3950 = VERTEX_POINT ( 'NONE', #2771 ) ;
#3951 = AXIS2_PLACEMENT_3D ( 'NONE', #5359, #6037, #4989 ) ;
#3952 = DIRECTION ( 'NONE',  ( 0.000000000000000000, -1.000000000000000000, 0.000000000000000000 ) ) ;
#3953 = DIRECTION ( 'NONE',  ( 0.7660444431189809000, 0.000000000000000000, -0.6427876096865359212 ) ) ;
#3954 = EDGE_CURVE ( 'NONE', #6207, #6947, #144, .T. ) ;
#3955 = DIRECTION ( 'NONE',  ( 4.034240641806509359E-15, 0.000000000000000000, 1.000000000000000000 ) ) ;
#3956 = DIRECTION ( 'NONE',  ( -0.000000000000000000, 1.000000000000000000, -0.000000000000000000 ) ) ;
#3957 = ORIENTED_EDGE ( 'NONE', *, *, #3866, .F. ) ;
#3958 = CARTESIAN_POINT ( 'NONE',  ( 0.9499999999999996225, 0.05000000000000000278, -0.3999999999999999112 ) ) ;
#3959 = ADVANCED_FACE ( 'NONE', ( #312 ), #713, .T. ) ;
#3960 = VERTEX_POINT ( 'NONE', #9068 ) ;
#3961 = FACE_OUTER_BOUND ( 'NONE', #6609, .T. ) ;
#3962 = AXIS2_PLACEMENT_3D ( 'NONE', #7066, #5215, #123 ) ;
#3963 = VECTOR ( 'NONE', #1052, 1000.000000000000000 ) ;
#3964 = CARTESIAN_POINT ( 'NONE',  ( -1.500000000000001110, 0.04999999999999991257, -0.4000000000000008549 ) ) ;
#3965 = VERTEX_POINT ( 'NONE', #8543 ) ;
#3966 = VECTOR ( 'NONE', #2811, 1000.000000000000000 ) ;
#3967 = LINE ( 'NONE', #5985, #1015 ) ;
#3968 = VERTEX_POINT ( 'NONE', #3632 ) ;
#3969 = DIRECTION ( 'NONE',  ( 0.000000000000000000, -1.000000000000000000, 0.000000000000000000 ) ) ;
#3970 =( GEOMETRIC_REPRESENTATION_CONTEXT ( 3 ) GLOBAL_UNCERTAINTY_ASSIGNED_CONTEXT ( ( #8105 ) ) GLOBAL_UNIT_ASSIGNED_CONTEXT ( ( #5681, #3404, #6360 ) ) REPRESENTATION_CONTEXT ( 'NONE', 'WORKASPACE' ) );
#3971 = ORIENTED_EDGE ( 'NONE', *, *, #7787, .F. ) ;
#3972 = EDGE_CURVE ( 'NONE', #1994, #7865, #6441, .T. ) ;
#3973 = EDGE_LOOP ( 'NONE', ( #515, #382, #7318, #5621 ) ) ;
#3974 = VECTOR ( 'NONE', #393, 1000.000000000000000 ) ;
#3975 = EDGE_CURVE ( 'NONE', #1811, #526, #3408, .T. ) ;
#3976 = PRESENTATION_STYLE_ASSIGNMENT (( #3209 ) ) ;
#3977 = DIRECTION ( 'NONE',  ( 2.710505431213761578E-16, 0.000000000000000000, 1.000000000000000000 ) ) ;
#3978 = ORIENTED_EDGE ( 'NONE', *, *, #8790, .T. ) ;
#3979 = CARTESIAN_POINT ( 'NONE',  ( 0.000000000000000000, 0.8099999999999999423, -1.314999999999999725 ) ) ;
#3980 = LINE ( 'NONE', #306, #749 ) ;
#3981 = SURFACE_SIDE_STYLE ('',( #1685 ) ) ;
#3982 = VECTOR ( 'NONE', #8789, 1000.000000000000000 ) ;
#3983 = VERTEX_POINT ( 'NONE', #2958 ) ;
#3984 = CARTESIAN_POINT ( 'NONE',  ( -1.625000000000000222, 0.02499999999999984873, -0.6999999999999972911 ) ) ;
#3985 = CARTESIAN_POINT ( 'NONE',  ( 0.000000000000000000, 0.000000000000000000, 0.000000000000000000 ) ) ;
#3986 = DIRECTION ( 'NONE',  ( -2.710505431213764536E-16, 0.000000000000000000, 1.000000000000000000 ) ) ;
#3987 = DIRECTION ( 'NONE',  ( 0.000000000000000000, -0.000000000000000000, 1.000000000000000000 ) ) ;
#3988 = ORIENTED_EDGE ( 'NONE', *, *, #4915, .T. ) ;
#3989 = PLANE ( 'NONE',  #7320 ) ;
#3990 = DIRECTION ( 'NONE',  ( 0.000000000000000000, 0.000000000000000000, 1.000000000000000000 ) ) ;
#3991 = ORIENTED_EDGE ( 'NONE', *, *, #4146, .T. ) ;
#3992 = AXIS2_PLACEMENT_3D ( 'NONE', #6855, #1112, #5485 ) ;
#3993 = ORIENTED_EDGE ( 'NONE', *, *, #5783, .F. ) ;
#3994 = VECTOR ( 'NONE', #962, 1000.000000000000000 ) ;
#3995 = EDGE_CURVE ( 'NONE', #3968, #4545, #3435, .T. ) ;
#3996 = VERTEX_POINT ( 'NONE', #174 ) ;
#3997 = VECTOR ( 'NONE', #7222, 1000.000000000000000 ) ;
#3998 = CYLINDRICAL_SURFACE ( 'NONE', #420, 0.06999999999999975686 ) ;
#3999 = ORIENTED_EDGE ( 'NONE', *, *, #5724, .T. ) ;
#4000 = EDGE_CURVE ( 'NONE', #5076, #6290, #6479, .T. ) ;
#4001 = ADVANCED_FACE ( 'NONE', ( #6270 ), #7846, .T. ) ;
#4002 = CARTESIAN_POINT ( 'NONE',  ( 0.9499999999999982903, 0.02499999999999984873, -0.6999999999999984013 ) ) ;
#4003 = DIRECTION ( 'NONE',  ( -3.516331370223249842E-16, 0.000000000000000000, 1.000000000000000000 ) ) ;
#4004 = CARTESIAN_POINT ( 'NONE',  ( 1.199999999999999734, 0.3200000000000000067, -1.444999999999999840 ) ) ;
#4005 = CARTESIAN_POINT ( 'NONE',  ( 1.124999999999999778, 0.3200000000000000067, -1.534381519444566244 ) ) ;
#4006 = ORIENTED_EDGE ( 'NONE', *, *, #1196, .T. ) ;
#4007 = ORIENTED_EDGE ( 'NONE', *, *, #3392, .F. ) ;
#4008 = EDGE_LOOP ( 'NONE', ( #5941, #4892, #7359, #5705 ) ) ;
#4009 = LINE ( 'NONE', #513, #4026 ) ;
#4010 = ORIENTED_EDGE ( 'NONE', *, *, #766, .T. ) ;
#4011 = LINE ( 'NONE', #2227, #3783 ) ;
#4012 = DIRECTION ( 'NONE',  ( 9.856383386231857595E-17, 0.000000000000000000, -1.000000000000000000 ) ) ;
#4013 = EDGE_CURVE ( 'NONE', #3926, #2010, #183, .T. ) ;
#4014 = VECTOR ( 'NONE', #2908, 1000.000000000000000 ) ;
#4015 = ORIENTED_EDGE ( 'NONE', *, *, #8885, .F. ) ;
#4016 = EDGE_CURVE ( 'NONE', #723, #855, #424, .T. ) ;
#4017 = CARTESIAN_POINT ( 'NONE',  ( 1.624999999999999778, 0.02500000000000000139, 0.4000000000000008549 ) ) ;
#4018 = DIRECTION ( 'NONE',  ( -0.000000000000000000, -1.000000000000000000, -0.000000000000000000 ) ) ;
#4019 = ADVANCED_FACE ( 'NONE', ( #3725 ), #12, .F. ) ;
#4020 = ORIENTED_EDGE ( 'NONE', *, *, #1189, .T. ) ;
#4021 = PLANE ( 'NONE',  #4516 ) ;
#4022 = EDGE_CURVE ( 'NONE', #559, #5949, #3701, .T. ) ;
#4023 = VERTEX_POINT ( 'NONE', #7301 ) ;
#4024 = DIRECTION ( 'NONE',  ( -2.710505431213761085E-16, 0.000000000000000000, 1.000000000000000000 ) ) ;
#4025 = ORIENTED_EDGE ( 'NONE', *, *, #8254, .F. ) ;
#4026 = VECTOR ( 'NONE', #5065, 1000.000000000000000 ) ;
#4027 = CARTESIAN_POINT ( 'NONE',  ( -1.625000000000000222, 0.02499999999999984873, -0.4000000000000010214 ) ) ;
#4028 = DIRECTION ( 'NONE',  ( -0.000000000000000000, -1.000000000000000000, -0.000000000000000000 ) ) ;
#4029 = EDGE_LOOP ( 'NONE', ( #7028, #6422, #557, #5742 ) ) ;
#4030 = CYLINDRICAL_SURFACE ( 'NONE', #5753, 1.274999999999999689 ) ;
#4031 = EDGE_CURVE ( 'NONE', #5262, #9008, #6792, .T. ) ;
#4032 = EDGE_LOOP ( 'NONE', ( #263, #6433, #2918, #6373 ) ) ;
#4033 = CARTESIAN_POINT ( 'NONE',  ( 0.5349999999999999201, 0.02499999999999984873, 0.5300000000000002487 ) ) ;
#4034 = ORIENTED_EDGE ( 'NONE', *, *, #7979, .F. ) ;
#4035 = ADVANCED_FACE ( 'NONE', ( #6596 ), #8776, .F. ) ;
#4036 = ORIENTED_EDGE ( 'NONE', *, *, #8181, .T. ) ;
#4037 = FACE_OUTER_BOUND ( 'NONE', #5487, .T. ) ;
#4038 = EDGE_CURVE ( 'NONE', #5810, #6895, #6698, .T. ) ;
#4039 = DIRECTION ( 'NONE',  ( 0.000000000000000000, 1.000000000000000000, -0.000000000000000000 ) ) ;
#4040 = ORIENTED_EDGE ( 'NONE', *, *, #8757, .F. ) ;
#4041 = CARTESIAN_POINT ( 'NONE',  ( -0.9499999999999998446, 0.02500000000000000139, -1.625000000000000000 ) ) ;
#4042 = LINE ( 'NONE', #5765, #1013 ) ;
#4043 = DIRECTION ( 'NONE',  ( -1.000000000000000000, 0.000000000000000000, -8.031127203596334299E-17 ) ) ;
#4044 = LINE ( 'NONE', #1703, #1145 ) ;
#4045 = ORIENTED_EDGE ( 'NONE', *, *, #3802, .T. ) ;
#4046 = PLANE ( 'NONE',  #1230 ) ;
#4047 = CARTESIAN_POINT ( 'NONE',  ( 1.624999999999999778, 0.02499999999999984873, -0.3999999999999999667 ) ) ;
#4048 = DIRECTION ( 'NONE',  ( 0.000000000000000000, -1.000000000000000000, 0.000000000000000000 ) ) ;
#4049 = DIRECTION ( 'NONE',  ( -0.000000000000000000, -1.000000000000000000, -0.000000000000000000 ) ) ;
#4050 = VERTEX_POINT ( 'NONE', #3072 ) ;
#4051 = CARTESIAN_POINT ( 'NONE',  ( 0.000000000000000000, 0.05000000000000000278, 0.000000000000000000 ) ) ;
#4052 = ORIENTED_EDGE ( 'NONE', *, *, #5333, .F. ) ;
#4053 = ORIENTED_EDGE ( 'NONE', *, *, #1572, .F. ) ;
#4054 = VECTOR ( 'NONE', #4920, 1000.000000000000000 ) ;
#4055 = PLANE ( 'NONE',  #229 ) ;
#4056 = AXIS2_PLACEMENT_3D ( 'NONE', #5048, #7593, #6955 ) ;
#4057 = VERTEX_POINT ( 'NONE', #5210 ) ;
#4058 = VECTOR ( 'NONE', #6477, 1000.000000000000000 ) ;
#4059 = ORIENTED_EDGE ( 'NONE', *, *, #2639, .F. ) ;
#4060 = CARTESIAN_POINT ( 'NONE',  ( 1.624999999999999778, 0.3200000000000000067, 1.625000000000000000 ) ) ;
#4061 = STYLED_ITEM ( 'NONE', ( #3976 ), #309 ) ;
#4062 = DIRECTION ( 'NONE',  ( -1.000000000000000000, 0.000000000000000000, 0.000000000000000000 ) ) ;
#4063 = DIRECTION ( 'NONE',  ( -1.000000000000000000, 0.000000000000000000, -9.637352644315586861E-16 ) ) ;
#4064 = CARTESIAN_POINT ( 'NONE',  ( 1.625000000000001110, 0.3400000000000000244, -0.3999999999999941380 ) ) ;
#4065 = DIRECTION ( 'NONE',  ( 0.000000000000000000, -1.000000000000000000, 0.000000000000000000 ) ) ;
#4066 = ORIENTED_EDGE ( 'NONE', *, *, #2214, .T. ) ;
#4067 = ORIENTED_EDGE ( 'NONE', *, *, #5333, .T. ) ;
#4068 = FACE_OUTER_BOUND ( 'NONE', #880, .T. ) ;
#4069 = ORIENTED_EDGE ( 'NONE', *, *, #5636, .T. ) ;
#4070 = FACE_OUTER_BOUND ( 'NONE', #8311, .T. ) ;
#4071 = CARTESIAN_POINT ( 'NONE',  ( 0.3999999999999991340, 1.556154042586614050, 0.9500000000000008438 ) ) ;
#4072 = AXIS2_PLACEMENT_3D ( 'NONE', #6346, #5555, #6932 ) ;
#4073 = VECTOR ( 'NONE', #2341, 1000.000000000000000 ) ;
#4074 = ORIENTED_EDGE ( 'NONE', *, *, #7504, .T. ) ;
#4075 = ADVANCED_FACE ( 'NONE', ( #6519 ), #437, .T. ) ;
#4076 = CARTESIAN_POINT ( 'NONE',  ( -0.3149999999999993916, 0.02499999999999984873, -0.5300000000000001377 ) ) ;
#4077 = DIRECTION ( 'NONE',  ( 1.000000000000000000, 0.000000000000000000, -9.856383386231857595E-17 ) ) ;
#4078 = CARTESIAN_POINT ( 'NONE',  ( 0.000000000000000000, 1.960000000000000409, 0.000000000000000000 ) ) ;
#4079 = ORIENTED_EDGE ( 'NONE', *, *, #7562, .T. ) ;
#4080 = CARTESIAN_POINT ( 'NONE',  ( 0.000000000000000000, 0.000000000000000000, 0.000000000000000000 ) ) ;
#4081 = EDGE_CURVE ( 'NONE', #2193, #778, #6776, .T. ) ;
#4082 = ORIENTED_EDGE ( 'NONE', *, *, #5921, .F. ) ;
#4083 = EDGE_CURVE ( 'NONE', #3908, #5283, #3627, .T. ) ;
#4084 = CARTESIAN_POINT ( 'NONE',  ( -1.500000000000001332, 1.556154042586614050, 0.6999999999999987343 ) ) ;
#4085 = ORIENTED_EDGE ( 'NONE', *, *, #6551, .T. ) ;
#4086 = VECTOR ( 'NONE', #8979, 1000.000000000000000 ) ;
#4087 = DIRECTION ( 'NONE',  ( -0.000000000000000000, 1.000000000000000000, -0.000000000000000000 ) ) ;
#4088 = DIRECTION ( 'NONE',  ( -8.031127203596330602E-17, 0.000000000000000000, 1.000000000000000000 ) ) ;
#4089 = EDGE_LOOP ( 'NONE', ( #5086, #4634, #8173, #2014 ) ) ;
#4090 = CARTESIAN_POINT ( 'NONE',  ( -0.3999999999999999667, 0.3200000000000000067, -1.523359773658212291 ) ) ;
#4091 = LINE ( 'NONE', #2288, #4058 ) ;
#4092 = VECTOR ( 'NONE', #7383, 1000.000000000000000 ) ;
#4093 = ORIENTED_EDGE ( 'NONE', *, *, #6080, .T. ) ;
#4094 = AXIS2_PLACEMENT_3D ( 'NONE', #7061, #5091, #4874 ) ;
#4095 = DIRECTION ( 'NONE',  ( 0.000000000000000000, -1.000000000000000000, 0.000000000000000000 ) ) ;
#4096 = AXIS2_PLACEMENT_3D ( 'NONE', #7273, #2536, #3220 ) ;
#4097 = EDGE_CURVE ( 'NONE', #4270, #739, #6655, .T. ) ;
#4098 = ADVANCED_FACE ( 'NONE', ( #6727 ), #6512, .T. ) ;
#4099 = ORIENTED_EDGE ( 'NONE', *, *, #5223, .T. ) ;
#4100 = ORIENTED_EDGE ( 'NONE', *, *, #7668, .F. ) ;
#4101 = VECTOR ( 'NONE', #3667, 1000.000000000000000 ) ;
#4102 = VECTOR ( 'NONE', #5523, 1000.000000000000000 ) ;
#4103 = CARTESIAN_POINT ( 'NONE',  ( -1.500000000000001332, 1.556154042586614050, 0.3999999999999983569 ) ) ;
#4104 = ORIENTED_EDGE ( 'NONE', *, *, #1122, .T. ) ;
#4105 = CARTESIAN_POINT ( 'NONE',  ( -1.624999999999998446, 0.02500000000000000139, 0.6999999999999981792 ) ) ;
#4106 = CYLINDRICAL_SURFACE ( 'NONE', #8314, 0.03000000000000007869 ) ;
#4107 = CARTESIAN_POINT ( 'NONE',  ( -1.624999999999998446, 0.02499999999999984873, 0.6999999999999981792 ) ) ;
#4108 = ORIENTED_EDGE ( 'NONE', *, *, #4454, .T. ) ;
#4109 = PLANE ( 'NONE',  #6320 ) ;
#4110 = CARTESIAN_POINT ( 'NONE',  ( 0.000000000000000000, 1.609999999999999876, 0.000000000000000000 ) ) ;
#4111 = CARTESIAN_POINT ( 'NONE',  ( 0.5349999999999999201, 0.000000000000000000, -0.5299999999999998046 ) ) ;
#4112 = DIRECTION ( 'NONE',  ( 0.000000000000000000, 0.000000000000000000, -1.000000000000000000 ) ) ;
#4113 = AXIS2_PLACEMENT_3D ( 'NONE', #1945, #4593, #2769 ) ;
#4114 = DIRECTION ( 'NONE',  ( -0.000000000000000000, -1.000000000000000000, 0.000000000000000000 ) ) ;
#4115 = EDGE_CURVE ( 'NONE', #1728, #4825, #3562, .T. ) ;
#4116 = EDGE_CURVE ( 'NONE', #6981, #6421, #657, .T. ) ;
#4117 = ADVANCED_FACE ( 'NONE', ( #6584 ), #7922, .T. ) ;
#4118 = ORIENTED_EDGE ( 'NONE', *, *, #233, .F. ) ;
#4119 = LINE ( 'NONE', #3442, #7291 ) ;
#4120 = DIRECTION ( 'NONE',  ( -0.000000000000000000, 1.000000000000000000, -0.000000000000000000 ) ) ;
#4121 = TOROIDAL_SURFACE ( 'NONE', #743, 1.145000000000000018, 0.04499999999999981098 ) ;
#4122 = EDGE_LOOP ( 'NONE', ( #7759, #836 ) ) ;
#4123 = VECTOR ( 'NONE', #5021, 1000.000000000000000 ) ;
#4124 = VERTEX_POINT ( 'NONE', #5279 ) ;
#4125 = DIRECTION ( 'NONE',  ( -0.000000000000000000, -1.000000000000000000, -0.000000000000000000 ) ) ;
#4126 = DIRECTION ( 'NONE',  ( 0.7660444431189800119, -0.000000000000000000, 0.6427876096865369204 ) ) ;
#4127 = DIRECTION ( 'NONE',  ( 2.344220913482167712E-16, 0.000000000000000000, 1.000000000000000000 ) ) ;
#4128 = EDGE_CURVE ( 'NONE', #4548, #4684, #674, .T. ) ;
#4129 = ORIENTED_EDGE ( 'NONE', *, *, #7289, .F. ) ;
#4130 = ORIENTED_EDGE ( 'NONE', *, *, #7117, .F. ) ;
#4131 = UNCERTAINTY_MEASURE_WITH_UNIT (LENGTH_MEASURE( 1.000000000000000082E-05 ), #5282, 'distance_accuracy_value', 'NONE');
#4132 = CIRCLE ( 'NONE', #2258, 1.314999999999999947 ) ;
#4133 = FACE_OUTER_BOUND ( 'NONE', #8652, .T. ) ;
#4134 = ORIENTED_EDGE ( 'NONE', *, *, #1733, .T. ) ;
#4135 = AXIS2_PLACEMENT_3D ( 'NONE', #5616, #1261, #3455 ) ;
#4136 = CARTESIAN_POINT ( 'NONE',  ( -1.625000000000000222, 0.3400000000000000244, 1.625000000000000000 ) ) ;
#4137 = VECTOR ( 'NONE', #6288, 1000.000000000000000 ) ;
#4138 = CARTESIAN_POINT ( 'NONE',  ( -1.200000000000001288, 0.3000000000000000444, 1.444999999999998952 ) ) ;
#4139 = FACE_OUTER_BOUND ( 'NONE', #9117, .T. ) ;
#4140 = VERTEX_POINT ( 'NONE', #3185 ) ;
#4141 = EDGE_CURVE ( 'NONE', #3763, #6570, #6528, .T. ) ;
#4142 = CARTESIAN_POINT ( 'NONE',  ( 0.000000000000000000, 1.555277818615441232, 0.000000000000000000 ) ) ;
#4143 = CARTESIAN_POINT ( 'NONE',  ( 0.9499999999999982903, 0.04999999999999991257, -0.6999999999999984013 ) ) ;
#4144 = CARTESIAN_POINT ( 'NONE',  ( 0.5349999999999999201, 0.05000000000000000278, -0.5299999999999998046 ) ) ;
#4145 = ORIENTED_EDGE ( 'NONE', *, *, #949, .F. ) ;
#4146 = EDGE_CURVE ( 'NONE', #8697, #5440, #3486, .T. ) ;
#4147 = CARTESIAN_POINT ( 'NONE',  ( 1.624999999999998446, 0.3200000000000000067, 0.4000000000000059064 ) ) ;
#4148 = ORIENTED_EDGE ( 'NONE', *, *, #2159, .T. ) ;
#4149 = FACE_OUTER_BOUND ( 'NONE', #2235, .T. ) ;
#4150 = PLANE ( 'NONE',  #3803 ) ;
#4151 = DIRECTION ( 'NONE',  ( -1.000000000000000000, 0.000000000000000000, 0.000000000000000000 ) ) ;
#4152 =( NAMED_UNIT ( * ) SI_UNIT ( $, .STERADIAN. ) SOLID_ANGLE_UNIT ( ) );
#4153 = ORIENTED_EDGE ( 'NONE', *, *, #1137, .T. ) ;
#4154 = LINE ( 'NONE', #2653, #4383 ) ;
#4155 = EDGE_CURVE ( 'NONE', #3499, #559, #3531, .T. ) ;
#4156 = AXIS2_PLACEMENT_3D ( 'NONE', #8268, #1898, #275 ) ;
#4157 = ORIENTED_EDGE ( 'NONE', *, *, #1896, .T. ) ;
#4158 = ADVANCED_FACE ( 'NONE', ( #3768 ), #6089, .T. ) ;
#4159 = PLANE ( 'NONE',  #5573 ) ;
#4160 = DIRECTION ( 'NONE',  ( 1.000000000000000000, 0.000000000000000000, -1.224646799147353207E-16 ) ) ;
#4161 = ORIENTED_EDGE ( 'NONE', *, *, #3189, .F. ) ;
#4162 = VECTOR ( 'NONE', #8170, 1000.000000000000000 ) ;
#4163 = ORIENTED_EDGE ( 'NONE', *, *, #4889, .F. ) ;
#4164 = CARTESIAN_POINT ( 'NONE',  ( 0.000000000000000000, 0.000000000000000000, 0.000000000000000000 ) ) ;
#4165 = CARTESIAN_POINT ( 'NONE',  ( -1.415000000000000480, 0.3200000000000000067, 1.444999999999998952 ) ) ;
#4166 = DIRECTION ( 'NONE',  ( -1.000000000000000000, 0.000000000000000000, -0.000000000000000000 ) ) ;
#4167 = EDGE_LOOP ( 'NONE', ( #8000, #3698 ) ) ;
#4168 = CARTESIAN_POINT ( 'NONE',  ( 1.199999999999999734, 0.3400000000000000244, -1.444999999999999840 ) ) ;
#4169 = CARTESIAN_POINT ( 'NONE',  ( -1.200000000000001288, 0.3200000000000000067, 1.444999999999998952 ) ) ;
#4170 = AXIS2_PLACEMENT_3D ( 'NONE', #4569, #6159, #7200 ) ;
#4171 = ADVANCED_FACE ( 'NONE', ( #3738 ), #2381, .F. ) ;
#4172 = EDGE_CURVE ( 'NONE', #192, #406, #540, .T. ) ;
#4173 = DIRECTION ( 'NONE',  ( 4.015563601798170231E-16, -0.000000000000000000, 1.000000000000000000 ) ) ;
#4174 = ORIENTED_EDGE ( 'NONE', *, *, #3071, .F. ) ;
#4175 = FACE_OUTER_BOUND ( 'NONE', #867, .T. ) ;
#4176 = AXIS2_PLACEMENT_3D ( 'NONE', #3525, #5752, #7089 ) ;
#4177 = DIRECTION ( 'NONE',  ( -0.000000000000000000, -1.000000000000000000, -0.000000000000000000 ) ) ;
#4178 = VECTOR ( 'NONE', #8653, 1000.000000000000000 ) ;
#4179 = ORIENTED_EDGE ( 'NONE', *, *, #7716, .F. ) ;
#4180 = VERTEX_POINT ( 'NONE', #4168 ) ;
#4181 = VECTOR ( 'NONE', #3833, 1000.000000000000000 ) ;
#4182 = FACE_OUTER_BOUND ( 'NONE', #2409, .T. ) ;
#4183 = CLOSED_SHELL ( 'NONE', ( #635, #2755, #6671, #3075, #2867, #5038 ) ) ;
#4184 = EDGE_CURVE ( 'NONE', #3405, #4507, #3753, .T. ) ;
#4185 = CARTESIAN_POINT ( 'NONE',  ( -1.415000000000000480, 0.3200000000000000067, 1.444999999999998952 ) ) ;
#4186 = CARTESIAN_POINT ( 'NONE',  ( 0.000000000000000000, 1.739023740181067756, 0.000000000000000000 ) ) ;
#4187 = CARTESIAN_POINT ( 'NONE',  ( -1.445000000000000506, 0.3200000000000000067, 1.414999999999998703 ) ) ;
#4188 = PLANE ( 'NONE',  #602 ) ;
#4189 = MECHANICAL_DESIGN_GEOMETRIC_PRESENTATION_REPRESENTATION (  '', ( #6302 ), #3970 ) ;
#4190 = DIRECTION ( 'NONE',  ( -9.856383386231857595E-17, 0.000000000000000000, -1.000000000000000000 ) ) ;
#4191 = ORIENTED_EDGE ( 'NONE', *, *, #5842, .T. ) ;
#4192 = VECTOR ( 'NONE', #8241, 1000.000000000000000 ) ;
#4193 = FACE_BOUND ( 'NONE', #1639, .T. ) ;
#4194 = ORIENTED_EDGE ( 'NONE', *, *, #4401, .T. ) ;
#4195 = CARTESIAN_POINT ( 'NONE',  ( -0.3999999999999990230, 0.02499999999999984873, -1.625000000000000000 ) ) ;
#4196 = ORIENTED_EDGE ( 'NONE', *, *, #583, .F. ) ;
#4197 = VECTOR ( 'NONE', #1869, 1000.000000000000000 ) ;
#4198 = LINE ( 'NONE', #7727, #4014 ) ;
#4199 = ORIENTED_EDGE ( 'NONE', *, *, #4271, .T. ) ;
#4200 = DIRECTION ( 'NONE',  ( -0.6427876096865359212, 0.000000000000000000, -0.7660444431189809000 ) ) ;
#4201 = DIRECTION ( 'NONE',  ( -5.421010862427522170E-16, 0.000000000000000000, -1.000000000000000000 ) ) ;
#4202 = VERTEX_POINT ( 'NONE', #2109 ) ;
#4203 = DIRECTION ( 'NONE',  ( 0.000000000000000000, 0.000000000000000000, 1.000000000000000000 ) ) ;
#4204 = AXIS2_PLACEMENT_3D ( 'NONE', #8407, #4316, #8632 ) ;
#4205 = DIRECTION ( 'NONE',  ( -1.000000000000000000, 0.000000000000000000, 3.942553354492744024E-16 ) ) ;
#4206 = ORIENTED_EDGE ( 'NONE', *, *, #5644, .F. ) ;
#4207 = CIRCLE ( 'NONE', #4072, 1.274999999999999689 ) ;
#4208 = LINE ( 'NONE', #6801, #4267 ) ;
#4209 = DIRECTION ( 'NONE',  ( -0.000000000000000000, -1.000000000000000000, -0.000000000000000000 ) ) ;
#4210 = DIRECTION ( 'NONE',  ( -0.000000000000000000, -1.000000000000000000, -0.000000000000000000 ) ) ;
#4211 = EDGE_CURVE ( 'NONE', #8222, #9105, #611, .T. ) ;
#4212 = EDGE_LOOP ( 'NONE', ( #2523, #8230, #8535, #3096 ) ) ;
#4213 = VERTEX_POINT ( 'NONE', #7017 ) ;
#4214 = LINE ( 'NONE', #3446, #4123 ) ;
#4215 = LINE ( 'NONE', #4636, #1064 ) ;
#4216 = VERTEX_POINT ( 'NONE', #555 ) ;
#4217 = CARTESIAN_POINT ( 'NONE',  ( 0.000000000000000000, 1.649999999999999911, 0.000000000000000000 ) ) ;
#4218 = DIRECTION ( 'NONE',  ( -1.000000000000000000, -0.000000000000000000, -0.000000000000000000 ) ) ;
#4219 = ORIENTED_EDGE ( 'NONE', *, *, #6070, .F. ) ;
#4220 = LINE ( 'NONE', #5534, #1217 ) ;
#4221 = FACE_OUTER_BOUND ( 'NONE', #2066, .T. ) ;
#4222 = AXIS2_PLACEMENT_3D ( 'NONE', #3523, #6316, #5586 ) ;
#4223 = ORIENTED_EDGE ( 'NONE', *, *, #6537, .F. ) ;
#4224 = PLANE ( 'NONE',  #2031 ) ;
#4225 = ORIENTED_EDGE ( 'NONE', *, *, #4259, .T. ) ;
#4226 = LINE ( 'NONE', #4949, #4438 ) ;
#4227 = DIRECTION ( 'NONE',  ( -0.7660444431189809000, 0.000000000000000000, -0.6427876096865359212 ) ) ;
#4228 = EDGE_CURVE ( 'NONE', #3175, #6757, #6613, .T. ) ;
#4229 =( NAMED_UNIT ( * ) SI_UNIT ( $, .STERADIAN. ) SOLID_ANGLE_UNIT ( ) );
#4230 = LINE ( 'NONE', #853, #4073 ) ;
#4231 = VERTEX_POINT ( 'NONE', #675 ) ;
#4232 = DIRECTION ( 'NONE',  ( 0.000000000000000000, 1.000000000000000000, 0.000000000000000000 ) ) ;
#4233 = ADVANCED_FACE ( 'NONE', ( #3712 ), #7657, .F. ) ;
#4234 = VERTEX_POINT ( 'NONE', #8506 ) ;
#4235 = CARTESIAN_POINT ( 'NONE',  ( -1.200000000000001288, 0.3200000000000000067, 1.444999999999998952 ) ) ;
#4236 = ORIENTED_EDGE ( 'NONE', *, *, #6228, .T. ) ;
#4237 = LINE ( 'NONE', #6440, #7158 ) ;
#4238 = CARTESIAN_POINT ( 'NONE',  ( -0.3149999999999993916, 0.05000000000000000278, -0.5300000000000001377 ) ) ;
#4239 = LINE ( 'NONE', #6203, #4441 ) ;
#4240 = ORIENTED_EDGE ( 'NONE', *, *, #1078, .F. ) ;
#4241 = EDGE_LOOP ( 'NONE', ( #689, #8398, #8721, #2414, #7791, #4916, #2055, #5618 ) ) ;
#4242 = EDGE_CURVE ( 'NONE', #1884, #1094, #6741, .T. ) ;
#4243 = DIRECTION ( 'NONE',  ( 0.000000000000000000, 0.000000000000000000, -1.000000000000000000 ) ) ;
#4244 = DIRECTION ( 'NONE',  ( 0.000000000000000000, -1.000000000000000000, 0.000000000000000000 ) ) ;
#4245 = UNCERTAINTY_MEASURE_WITH_UNIT (LENGTH_MEASURE( 1.000000000000000082E-05 ), #1087, 'distance_accuracy_value', 'NONE');
#4246 = DIRECTION ( 'NONE',  ( -0.7660444431189799008, 0.000000000000000000, -0.6427876096865370315 ) ) ;
#4247 = EDGE_CURVE ( 'NONE', #9109, #5901, #3497, .T. ) ;
#4248 = ADVANCED_FACE ( 'NONE', ( #465 ), #6198, .F. ) ;
#4249 = AXIS2_PLACEMENT_3D ( 'NONE', #8896, #442, #4757 ) ;
#4250 = PLANE ( 'NONE',  #2057 ) ;
#4251 = ORIENTED_EDGE ( 'NONE', *, *, #7682, .T. ) ;
#4252 = ORIENTED_EDGE ( 'NONE', *, *, #5431, .T. ) ;
#4253 = FACE_OUTER_BOUND ( 'NONE', #5828, .T. ) ;
#4254 = VECTOR ( 'NONE', #5368, 1000.000000000000000 ) ;
#4255 = ORIENTED_EDGE ( 'NONE', *, *, #862, .F. ) ;
#4256 = DIRECTION ( 'NONE',  ( -0.000000000000000000, 1.000000000000000000, -0.000000000000000000 ) ) ;
#4257 = DIRECTION ( 'NONE',  ( -0.000000000000000000, -1.000000000000000000, -0.000000000000000000 ) ) ;
#4258 = EDGE_LOOP ( 'NONE', ( #8279, #5448, #5640, #1180 ) ) ;
#4259 = EDGE_CURVE ( 'NONE', #8142, #2879, #3614, .T. ) ;
#4260 = DIRECTION ( 'NONE',  ( -0.000000000000000000, 1.000000000000000000, -0.000000000000000000 ) ) ;
#4261 = CARTESIAN_POINT ( 'NONE',  ( 0.4000000000000009104, 0.02499999999999984873, 0.9500000000000008438 ) ) ;
#4262 = EDGE_LOOP ( 'NONE', ( #1960, #7400, #5171, #1243 ) ) ;
#4263 = CARTESIAN_POINT ( 'NONE',  ( -1.445000000000000506, 0.3000000000000000444, 1.414999999999998703 ) ) ;
#4264 = CARTESIAN_POINT ( 'NONE',  ( -1.534381519444566022, 0.3000000000000000444, 1.124999999999997780 ) ) ;
#4265 = ORIENTED_EDGE ( 'NONE', *, *, #469, .T. ) ;
#4266 = VECTOR ( 'NONE', #7154, 1000.000000000000000 ) ;
#4267 = VECTOR ( 'NONE', #7500, 1000.000000000000000 ) ;
#4268 = CARTESIAN_POINT ( 'NONE',  ( 0.4000000000000000222, 0.04999999999999991257, -0.9499999999999999556 ) ) ;
#4269 = DIRECTION ( 'NONE',  ( 2.710505431213760592E-16, 0.000000000000000000, 1.000000000000000000 ) ) ;
#4270 = VERTEX_POINT ( 'NONE', #3984 ) ;
#4272 = ORIENTED_EDGE ( 'NONE', *, *, #3129, .T. ) ;
#4271 = EDGE_CURVE ( 'NONE', #1811, #7508, #3660, .T. ) ;
#4273 = FACE_OUTER_BOUND ( 'NONE', #7522, .T. ) ;
#4274 = DIRECTION ( 'NONE',  ( -1.224646799147349509E-16, 0.000000000000000000, -1.000000000000000000 ) ) ;
#4275 = VERTEX_POINT ( 'NONE', #5632 ) ;
#4276 = CARTESIAN_POINT ( 'NONE',  ( -0.9499999999999995115, 4.621194077712559078, -0.6999999999999979572 ) ) ;
#4277 = FILL_AREA_STYLE ('',( #6946 ) ) ;
#4278 = ORIENTED_EDGE ( 'NONE', *, *, #4621, .F. ) ;
#4279 = ORIENTED_EDGE ( 'NONE', *, *, #8554, .T. ) ;
#4280 = LINE ( 'NONE', #2826, #4403 ) ;
#4281 = LINE ( 'NONE', #6043, #7505 ) ;
#4282 = SURFACE_SIDE_STYLE ('',( #2285 ) ) ;
#4283 = ORIENTED_EDGE ( 'NONE', *, *, #5327, .F. ) ;
#4284 = PLANE ( 'NONE',  #4859 ) ;
#4285 = ADVANCED_FACE ( 'NONE', ( #3580 ), #4046, .T. ) ;
#4286 = CARTESIAN_POINT ( 'NONE',  ( -1.444999999999999618, -0.2789528969834105254, 1.199999999999997735 ) ) ;
#4287 = CARTESIAN_POINT ( 'NONE',  ( 0.3999999999999893641, 0.3200000000000000067, 1.523359773658215621 ) ) ;
#4288 = AXIS2_PLACEMENT_3D ( 'NONE', #9103, #2866, #5595 ) ;
#4289 = CIRCLE ( 'NONE', #8622, 0.06999999999999975686 ) ;
#4290 = EDGE_CURVE ( 'NONE', #680, #5009, #6552, .T. ) ;
#4291 = ORIENTED_EDGE ( 'NONE', *, *, #3437, .F. ) ;
#4292 = PLANE ( 'NONE',  #7956 ) ;
#4293 = DIRECTION ( 'NONE',  ( -0.000000000000000000, -1.000000000000000000, -0.000000000000000000 ) ) ;
#4294 = PLANE ( 'NONE',  #3252 ) ;
#4295 = MECHANICAL_DESIGN_GEOMETRIC_PRESENTATION_REPRESENTATION (  '', ( #4061 ), #535 ) ;
#4296 = AXIS2_PLACEMENT_3D ( 'NONE', #6542, #5191, #6496 ) ;
#4297 =( NAMED_UNIT ( * ) PLANE_ANGLE_UNIT ( ) SI_UNIT ( $, .RADIAN. ) );
#4298 = CARTESIAN_POINT ( 'NONE',  ( 1.624999999999997558, 0.3200000000000000067, -1.124999999999997780 ) ) ;
#4299 = DIRECTION ( 'NONE',  ( 0.000000000000000000, 0.000000000000000000, 1.000000000000000000 ) ) ;
#4300 = EDGE_CURVE ( 'NONE', #2316, #5249, #6568, .T. ) ;
#4301 = ORIENTED_EDGE ( 'NONE', *, *, #7935, .F. ) ;
#4302 = LINE ( 'NONE', #3892, #1108 ) ;
#4303 = CARTESIAN_POINT ( 'NONE',  ( 1.199999999999999956, 0.3400000000000000244, 1.445000000000000728 ) ) ;
#4304 = LINE ( 'NONE', #6030, #7354 ) ;
#4305 = ORIENTED_EDGE ( 'NONE', *, *, #938, .T. ) ;
#4306 = VERTEX_POINT ( 'NONE', #7484 ) ;
#4307 = LINE ( 'NONE', #571, #7298 ) ;
#4308 = ORIENTED_EDGE ( 'NONE', *, *, #1717, .F. ) ;
#4309 = PRESENTATION_LAYER_ASSIGNMENT (  '', '', ( #8196 ) ) ;
#4310 = CARTESIAN_POINT ( 'NONE',  ( 1.534381519444564690, 0.3200000000000000067, -1.124999999999998668 ) ) ;
#4311 = ADVANCED_FACE ( 'NONE', ( #6713 ), #6643, .F. ) ;
#4312 = PLANE ( 'NONE',  #5376 ) ;
#4313 = AXIS2_PLACEMENT_3D ( 'NONE', #1606, #948, #2321 ) ;
#4314 = EDGE_CURVE ( 'NONE', #5148, #7970, #554, .T. ) ;
#4315 = DIRECTION ( 'NONE',  ( 1.971276677246372012E-16, -0.000000000000000000, 1.000000000000000000 ) ) ;
#4316 = DIRECTION ( 'NONE',  ( -0.000000000000000000, -1.000000000000000000, 0.000000000000000000 ) ) ;
#4317 = CARTESIAN_POINT ( 'NONE',  ( -1.499999999999999556, 0.05000000000000000278, -0.6999999999999978462 ) ) ;
#4318 = CARTESIAN_POINT ( 'NONE',  ( 0.4000000000000001887, 0.05000000000000000278, -1.499999999999999778 ) ) ;
#4319 = LINE ( 'NONE', #4147, #2212 ) ;
#4320 = ORIENTED_EDGE ( 'NONE', *, *, #3556, .F. ) ;
#4321 = ORIENTED_EDGE ( 'NONE', *, *, #1766, .T. ) ;
#4322 = FACE_OUTER_BOUND ( 'NONE', #3363, .T. ) ;
#4323 = LINE ( 'NONE', #7431, #7191 ) ;
#4324 = ORIENTED_EDGE ( 'NONE', *, *, #1676, .F. ) ;
#4325 = DIRECTION ( 'NONE',  ( 4.034240641806509359E-15, -0.000000000000000000, 1.000000000000000000 ) ) ;
#4326 = CARTESIAN_POINT ( 'NONE',  ( -1.499999999999999556, 0.000000000000000000, -0.6999999999999978462 ) ) ;
#4327 = LINE ( 'NONE', #3164, #1269 ) ;
#4328 = VERTEX_POINT ( 'NONE', #4975 ) ;
#4329 = AXIS2_PLACEMENT_3D ( 'NONE', #3858, #5155, #8649 ) ;
#4330 = EDGE_CURVE ( 'NONE', #1284, #1229, #3688, .T. ) ;
#4331 = ADVANCED_FACE ( 'NONE', ( #929 ), #4109, .T. ) ;
#4332 = DIRECTION ( 'NONE',  ( -1.000000000000000000, 0.000000000000000000, 0.000000000000000000 ) ) ;
#4333 = CARTESIAN_POINT ( 'NONE',  ( 0.4000000000000008549, 4.621194077712559078, 1.625000000000000888 ) ) ;
#4334 = DIRECTION ( 'NONE',  ( -1.000000000000000000, 0.000000000000000000, -2.710505431213764536E-16 ) ) ;
#4335 = DIRECTION ( 'NONE',  ( -0.000000000000000000, 1.000000000000000000, -0.000000000000000000 ) ) ;
#4336 = ORIENTED_EDGE ( 'NONE', *, *, #7232, .T. ) ;
#4337 = VECTOR ( 'NONE', #7609, 1000.000000000000000 ) ;
#4338 = LINE ( 'NONE', #4690, #1183 ) ;
#4339 = CARTESIAN_POINT ( 'NONE',  ( 0.000000000000000000, 0.7699999999999997957, 0.000000000000000000 ) ) ;
#4340 = DIRECTION ( 'NONE',  ( 0.000000000000000000, 1.000000000000000000, 0.000000000000000000 ) ) ;
#4341 = ORIENTED_EDGE ( 'NONE', *, *, #2214, .F. ) ;
#4342 = CARTESIAN_POINT ( 'NONE',  ( -0.3149999999999993916, 0.02500000000000000139, -0.5300000000000001377 ) ) ;
#4343 = VERTEX_POINT ( 'NONE', #4355 ) ;
#4344 = EDGE_CURVE ( 'NONE', #1894, #2554, #810, .T. ) ;
#4345 = ORIENTED_EDGE ( 'NONE', *, *, #4630, .T. ) ;
#4346 = FACE_OUTER_BOUND ( 'NONE', #2792, .T. ) ;
#4347 = LINE ( 'NONE', #8092, #7206 ) ;
#4348 = FILL_AREA_STYLE_COLOUR ( '', #2298 ) ;
#4349 = EDGE_CURVE ( 'NONE', #6743, #1786, #3873, .T. ) ;
#4350 = VERTEX_POINT ( 'NONE', #5811 ) ;
#4351 = CARTESIAN_POINT ( 'NONE',  ( 0.4000000000000009104, 4.621194077712559078, 0.9500000000000008438 ) ) ;
#4352 = DIRECTION ( 'NONE',  ( 1.000000000000000000, 0.000000000000000000, -0.000000000000000000 ) ) ;
#4353 = SURFACE_STYLE_USAGE ( .BOTH. , #2975 ) ;
#4354 = VERTEX_POINT ( 'NONE', #7800 ) ;
#4355 = CARTESIAN_POINT ( 'NONE',  ( -1.444999999999999618, 0.3200000000000000067, 1.199999999999997735 ) ) ;
#4356 = DIRECTION ( 'NONE',  ( 9.637352644315586861E-16, -0.000000000000000000, 1.000000000000000000 ) ) ;
#4357 = DIRECTION ( 'NONE',  ( 1.000000000000000000, 0.000000000000000000, 4.034240641806509359E-15 ) ) ;
#4358 = ORIENTED_EDGE ( 'NONE', *, *, #2365, .F. ) ;
#4359 = DIRECTION ( 'NONE',  ( 0.000000000000000000, 1.000000000000000000, 0.000000000000000000 ) ) ;
#4360 = EDGE_CURVE ( 'NONE', #3703, #2960, #4091, .T. ) ;
#4361 = ORIENTED_EDGE ( 'NONE', *, *, #3319, .F. ) ;
#4362 = VECTOR ( 'NONE', #7399, 1000.000000000000000 ) ;
#4363 = DIRECTION ( 'NONE',  ( -4.266823132957757848E-15, 0.000000000000000000, 1.000000000000000000 ) ) ;
#4364 = VECTOR ( 'NONE', #8728, 1000.000000000000000 ) ;
#4365 = ORIENTED_EDGE ( 'NONE', *, *, #5680, .T. ) ;
#4366 = VERTEX_POINT ( 'NONE', #3587 ) ;
#4367 = CIRCLE ( 'NONE', #2808, 0.03000000000000007869 ) ;
#4368 = EDGE_LOOP ( 'NONE', ( #2658, #3282, #6764, #3451, #5974 ) ) ;
#4369 = CARTESIAN_POINT ( 'NONE',  ( 0.4000000000000009104, 0.000000000000000000, 0.9500000000000008438 ) ) ;
#4370 = PLANE ( 'NONE',  #7376 ) ;
#4371 = CARTESIAN_POINT ( 'NONE',  ( 0.9499999999999989564, 0.000000000000000000, 1.625000000000000888 ) ) ;
#4372 = EDGE_CURVE ( 'NONE', #5218, #4328, #4011, .T. ) ;
#4373 = CARTESIAN_POINT ( 'NONE',  ( -1.624999999999998446, 0.02500000000000000139, 0.4000000000000019096 ) ) ;
#4374 = PLANE ( 'NONE',  #6122 ) ;
#4375 = ORIENTED_EDGE ( 'NONE', *, *, #3381, .F. ) ;
#4376 = LINE ( 'NONE', #5706, #4337 ) ;
#4377 = LINE ( 'NONE', #7324, #1444 ) ;
#4378 = VERTEX_POINT ( 'NONE', #8560 ) ;
#4379 = CARTESIAN_POINT ( 'NONE',  ( -0.3999999999999989675, 0.05000000000000000278, -0.9500000000000001776 ) ) ;
#4380 = FACE_OUTER_BOUND ( 'NONE', #1721, .T. ) ;
#4381 = ORIENTED_EDGE ( 'NONE', *, *, #8138, .F. ) ;
#4382 = ADVANCED_FACE ( 'NONE', ( #782 ), #4292, .T. ) ;
#4383 = VECTOR ( 'NONE', #1001, 1000.000000000000000 ) ;
#4384 = DIRECTION ( 'NONE',  ( -0.000000000000000000, -1.000000000000000000, -0.000000000000000000 ) ) ;
#4385 = DIRECTION ( 'NONE',  ( -0.000000000000000000, 0.000000000000000000, -1.000000000000000000 ) ) ;
#4386 = AXIS2_PLACEMENT_3D ( 'NONE', #1466, #2348, #4414 ) ;
#4387 = DIRECTION ( 'NONE',  ( -0.000000000000000000, -1.000000000000000000, -0.000000000000000000 ) ) ;
#4388 = ORIENTED_EDGE ( 'NONE', *, *, #1399, .F. ) ;
#4389 = FACE_OUTER_BOUND ( 'NONE', #2887, .T. ) ;
#4390 = CIRCLE ( 'NONE', #5118, 0.03000000000000007869 ) ;
#4391 = ORIENTED_EDGE ( 'NONE', *, *, #4489, .T. ) ;
#4392 = DIRECTION ( 'NONE',  ( -0.000000000000000000, 1.000000000000000000, -0.000000000000000000 ) ) ;
#4393 = ORIENTED_EDGE ( 'NONE', *, *, #4862, .F. ) ;
#4394 = LINE ( 'NONE', #7611, #7268 ) ;
#4395 = CARTESIAN_POINT ( 'NONE',  ( 1.199999999999999734, 0.3000000000000000444, -1.444999999999999840 ) ) ;
#4396 = ORIENTED_EDGE ( 'NONE', *, *, #6339, .F. ) ;
#4397 = VECTOR ( 'NONE', #61, 1000.000000000000000 ) ;
#4398 = DIRECTION ( 'NONE',  ( 0.7660444431189800119, 0.000000000000000000, 0.6427876096865369204 ) ) ;
#4399 = ADVANCED_FACE ( 'NONE', ( #6934 ), #7105, .F. ) ;
#4400 = AXIS2_PLACEMENT_3D ( 'NONE', #1938, #1186, #1250 ) ;
#4401 = EDGE_CURVE ( 'NONE', #1090, #5218, #6844, .T. ) ;
#4402 = EDGE_CURVE ( 'NONE', #8933, #7940, #6830, .T. ) ;
#4403 = VECTOR ( 'NONE', #7456, 1000.000000000000000 ) ;
#4404 = VECTOR ( 'NONE', #1630, 1000.000000000000000 ) ;
#4405 = VERTEX_POINT ( 'NONE', #6540 ) ;
#4406 = ORIENTED_EDGE ( 'NONE', *, *, #5532, .T. ) ;
#4407 = DIRECTION ( 'NONE',  ( 1.000000000000000000, 0.000000000000000000, 0.000000000000000000 ) ) ;
#4408 = DIRECTION ( 'NONE',  ( 1.000000000000000000, -0.000000000000000000, 2.581433744013106547E-16 ) ) ;
#4409 = LINE ( 'NONE', #7893, #7344 ) ;
#4410 = ORIENTED_EDGE ( 'NONE', *, *, #7553, .F. ) ;
#4411 = DIRECTION ( 'NONE',  ( 0.000000000000000000, 0.000000000000000000, -1.000000000000000000 ) ) ;
#4412 = VECTOR ( 'NONE', #7973, 1000.000000000000000 ) ;
#4413 = CARTESIAN_POINT ( 'NONE',  ( -0.4000000000000113465, 0.3200000000000000067, 1.624999999999997558 ) ) ;
#4414 = DIRECTION ( 'NONE',  ( 0.000000000000000000, -0.000000000000000000, -1.000000000000000000 ) ) ;
#4415 = PLANE ( 'NONE',  #8713 ) ;
#4416 = AXIS2_PLACEMENT_3D ( 'NONE', #371, #4603, #481 ) ;
#4417 = LINE ( 'NONE', #8898, #7339 ) ;
#4418 = ORIENTED_EDGE ( 'NONE', *, *, #7411, .T. ) ;
#4419 = AXIS2_PLACEMENT_3D ( 'NONE', #4078, #9060, #4797 ) ;
#4420 = EDGE_CURVE ( 'NONE', #2041, #4779, #3903, .T. ) ;
#4421 = ORIENTED_EDGE ( 'NONE', *, *, #5029, .F. ) ;
#4422 = EDGE_CURVE ( 'NONE', #6113, #4813, #3794, .T. ) ;
#4423 = VECTOR ( 'NONE', #7499, 1000.000000000000000 ) ;
#4424 = ORIENTED_EDGE ( 'NONE', *, *, #8183, .F. ) ;
#4425 = DIRECTION ( 'NONE',  ( -0.000000000000000000, 0.000000000000000000, -1.000000000000000000 ) ) ;
#4426 = CARTESIAN_POINT ( 'NONE',  ( 0.000000000000000000, 0.000000000000000000, 0.000000000000000000 ) ) ;
#4427 = DIRECTION ( 'NONE',  ( 1.000000000000000000, 0.000000000000000000, 0.000000000000000000 ) ) ;
#4428 = CARTESIAN_POINT ( 'NONE',  ( 1.561424668912874963E-16, 0.000000000000000000, 1.274999999999999689 ) ) ;
#4429 = CARTESIAN_POINT ( 'NONE',  ( 1.444999999999999174, -0.2789528969834105254, 1.415000000000000480 ) ) ;
#4430 = LINE ( 'NONE', #3030, #7387 ) ;
#4431 = AXIS2_PLACEMENT_3D ( 'NONE', #5539, #2581, #398 ) ;
#4432 = ORIENTED_EDGE ( 'NONE', *, *, #2160, .T. ) ;
#4433 = PLANE ( 'NONE',  #951 ) ;
#4434 = CARTESIAN_POINT ( 'NONE',  ( -0.3999999999999989675, 0.02499999999999984873, -0.9500000000000001776 ) ) ;
#4435 = EDGE_CURVE ( 'NONE', #6173, #4769, #3946, .T. ) ;
#4436 = LINE ( 'NONE', #7822, #7694 ) ;
#4437 = EDGE_LOOP ( 'NONE', ( #1426, #1489, #6204, #5334 ) ) ;
#4438 = VECTOR ( 'NONE', #2768, 1000.000000000000000 ) ;
#4439 = CARTESIAN_POINT ( 'NONE',  ( 1.099999999999999867, 1.555277818615441232, -1.347111479062088010E-16 ) ) ;
#4440 = DIRECTION ( 'NONE',  ( -0.000000000000000000, 1.000000000000000000, -0.000000000000000000 ) ) ;
#4441 = VECTOR ( 'NONE', #1753, 1000.000000000000000 ) ;
#4442 = CARTESIAN_POINT ( 'NONE',  ( -0.3999999999999973022, 4.621194077712559078, 1.625000000000000888 ) ) ;
#4443 = CARTESIAN_POINT ( 'NONE',  ( -1.125000000000001332, 0.3200000000000000067, 1.534381519444565356 ) ) ;
#4444 = EDGE_LOOP ( 'NONE', ( #6468, #93, #5785, #5386 ) ) ;
#4445 = ORIENTED_EDGE ( 'NONE', *, *, #8023, .F. ) ;
#4446 = CARTESIAN_POINT ( 'NONE',  ( 1.499999999999998224, 0.000000000000000000, -0.6999999999999982903 ) ) ;
#4447 = ORIENTED_EDGE ( 'NONE', *, *, #4031, .F. ) ;
#4448 = EDGE_CURVE ( 'NONE', #4350, #3328, #856, .T. ) ;
#4449 = ADVANCED_FACE ( 'NONE', ( #7109 ), #7039, .T. ) ;
#4450 = LINE ( 'NONE', #7627, #7468 ) ;
#4451 = DIRECTION ( 'NONE',  ( -0.000000000000000000, -1.000000000000000000, 0.000000000000000000 ) ) ;
#4452 = ORIENTED_EDGE ( 'NONE', *, *, #1631, .F. ) ;
#4453 = VECTOR ( 'NONE', #6842, 1000.000000000000000 ) ;
#4454 = EDGE_CURVE ( 'NONE', #5871, #654, #916, .T. ) ;
#4455 = ORIENTED_EDGE ( 'NONE', *, *, #815, .F. ) ;
#4456 = ORIENTED_EDGE ( 'NONE', *, *, #2789, .T. ) ;
#4457 = CARTESIAN_POINT ( 'NONE',  ( 1.414999999999999147, -0.2789528969834105254, -1.414999999999999813 ) ) ;
#4458 = ORIENTED_EDGE ( 'NONE', *, *, #7804, .T. ) ;
#4459 = CARTESIAN_POINT ( 'NONE',  ( 1.464381519444564628, 0.3000000000000000444, -1.534381519444566244 ) ) ;
#4460 = LINE ( 'NONE', #5066, #1347 ) ;
#4461 = EDGE_LOOP ( 'NONE', ( #3024, #5270, #4099, #5496 ) ) ;
#4462 = CARTESIAN_POINT ( 'NONE',  ( -0.3999999999999990230, 0.02500000000000000139, -1.625000000000000000 ) ) ;
#4463 = VECTOR ( 'NONE', #6935, 1000.000000000000000 ) ;
#4464 = CARTESIAN_POINT ( 'NONE',  ( 0.9499999999999985123, 0.02500000000000000139, -1.625000000000000000 ) ) ;
#4465 = CARTESIAN_POINT ( 'NONE',  ( -0.3999999999999999667, 0.3200000000000000067, -1.523359773658212291 ) ) ;
#4466 = ADVANCED_FACE ( 'NONE', ( #6995 ), #7824, .F. ) ;
#4467 = DIRECTION ( 'NONE',  ( -8.031127203596330602E-17, 0.000000000000000000, -1.000000000000000000 ) ) ;
#4468 = FACE_OUTER_BOUND ( 'NONE', #5225, .T. ) ;
#4469 = EDGE_LOOP ( 'NONE', ( #1801, #1889, #8589, #1621 ) ) ;
#4470 = EDGE_CURVE ( 'NONE', #6735, #7345, #3915, .T. ) ;
#4471 = LINE ( 'NONE', #8931, #7379 ) ;
#4472 = VERTEX_POINT ( 'NONE', #7749 ) ;
#4473 = CARTESIAN_POINT ( 'NONE',  ( -0.3999999999999989675, 0.05000000000000000278, -0.9500000000000001776 ) ) ;
#4474 = FACE_OUTER_BOUND ( 'NONE', #833, .T. ) ;
#4475 = DIRECTION ( 'NONE',  ( -1.000000000000000000, 0.000000000000000000, 3.212450881438526817E-16 ) ) ;
#4476 = SURFACE_SIDE_STYLE ('',( #2287 ) ) ;
#4477 = DIRECTION ( 'NONE',  ( -0.000000000000000000, -1.000000000000000000, -0.000000000000000000 ) ) ;
#4478 = DIRECTION ( 'NONE',  ( -1.000000000000000000, 0.000000000000000000, 0.000000000000000000 ) ) ;
#4479 = FACE_OUTER_BOUND ( 'NONE', #238, .T. ) ;
#4480 = EDGE_LOOP ( 'NONE', ( #6131, #2367, #2419, #5456, #8505, #2432 ) ) ;
#4481 = DIRECTION ( 'NONE',  ( 1.000000000000000000, -0.000000000000000000, 0.000000000000000000 ) ) ;
#4482 = ORIENTED_EDGE ( 'NONE', *, *, #8365, .T. ) ;
#4483 = DIRECTION ( 'NONE',  ( 0.000000000000000000, -1.000000000000000000, 0.000000000000000000 ) ) ;
#4484 = AXIS2_PLACEMENT_3D ( 'NONE', #4773, #6849, #2930 ) ;
#4485 = VECTOR ( 'NONE', #2710, 1000.000000000000000 ) ;
#4486 = EDGE_LOOP ( 'NONE', ( #2645, #3298, #4396, #3378 ) ) ;
#4487 = DIRECTION ( 'NONE',  ( 0.000000000000000000, -0.000000000000000000, -1.000000000000000000 ) ) ;
#4488 = FACE_OUTER_BOUND ( 'NONE', #3171, .T. ) ;
#4489 = EDGE_CURVE ( 'NONE', #7219, #8615, #946, .T. ) ;
#4490 = VECTOR ( 'NONE', #4912, 1000.000000000000000 ) ;
#4491 = DIRECTION ( 'NONE',  ( 0.000000000000000000, -1.000000000000000000, 0.000000000000000000 ) ) ;
#4492 = ORIENTED_EDGE ( 'NONE', *, *, #2429, .T. ) ;
#4493 = ORIENTED_EDGE ( 'NONE', *, *, #7460, .T. ) ;
#4494 = CIRCLE ( 'NONE', #8693, 1.500000000000000000 ) ;
#4495 = DIRECTION ( 'NONE',  ( -1.000000000000000000, 0.000000000000000000, 3.212450881438527310E-16 ) ) ;
#4496 = VERTEX_POINT ( 'NONE', #4371 ) ;
#4497 =( GEOMETRIC_REPRESENTATION_CONTEXT ( 3 ) GLOBAL_UNCERTAINTY_ASSIGNED_CONTEXT ( ( #8655 ) ) GLOBAL_UNIT_ASSIGNED_CONTEXT ( ( #8460, #1226, #1977 ) ) REPRESENTATION_CONTEXT ( 'NONE', 'WORKASPACE' ) );
#4498 = LINE ( 'NONE', #5787, #7511 ) ;
#4499 = EDGE_CURVE ( 'NONE', #605, #7812, #3814, .T. ) ;
#4500 = PLANE ( 'NONE',  #3746 ) ;
#4501 = CARTESIAN_POINT ( 'NONE',  ( -0.9499999999999995115, 0.02500000000000000139, -0.6999999999999979572 ) ) ;
#4502 = PRODUCT_DEFINITION_SHAPE ( 'NONE', 'NONE',  #7814 ) ;
#4503 = VECTOR ( 'NONE', #2859, 1000.000000000000000 ) ;
#4504 = ORIENTED_EDGE ( 'NONE', *, *, #1291, .T. ) ;
#4505 = EDGE_CURVE ( 'NONE', #4779, #5293, #4042, .T. ) ;
#4506 = EDGE_CURVE ( 'NONE', #8571, #4350, #6901, .T. ) ;
#4507 = VERTEX_POINT ( 'NONE', #4187 ) ;
#4508 = CARTESIAN_POINT ( 'NONE',  ( -1.444999999999999618, 0.3000000000000000444, 1.199999999999997735 ) ) ;
#4509 = CARTESIAN_POINT ( 'NONE',  ( 1.500000000000000222, 0.000000000000000000, 1.500000000000000444 ) ) ;
#4510 = ORIENTED_EDGE ( 'NONE', *, *, #2752, .F. ) ;
#4511 = CARTESIAN_POINT ( 'NONE',  ( 1.499999999999998224, 0.05000000000000000278, -0.6999999999999982903 ) ) ;
#4512 = ORIENTED_EDGE ( 'NONE', *, *, #1513, .F. ) ;
#4513 = DIRECTION ( 'NONE',  ( -8.031127203596330602E-17, 0.000000000000000000, 1.000000000000000000 ) ) ;
#4514 = ADVANCED_FACE ( 'NONE', ( #979 ), #1048, .T. ) ;
#4515 = LINE ( 'NONE', #1653, #7165 ) ;
#4516 = AXIS2_PLACEMENT_3D ( 'NONE', #4732, #4532, #5388 ) ;
#4518 = CARTESIAN_POINT ( 'NONE',  ( 2.168404344971008868E-16, 0.3400000000000000244, 1.575000000000000400 ) ) ;
#4517 = AXIS2_PLACEMENT_3D ( 'NONE', #5195, #3611, #1595 ) ;
#4519 = AXIS2_PLACEMENT_3D ( 'NONE', #6618, #4039, #2497 ) ;
#4520 = EDGE_CURVE ( 'NONE', #4140, #993, #961, .T. ) ;
#4521 = DIRECTION ( 'NONE',  ( 0.000000000000000000, -0.000000000000000000, 1.000000000000000000 ) ) ;
#4522 = VERTEX_POINT ( 'NONE', #5826 ) ;
#4523 = ORIENTED_EDGE ( 'NONE', *, *, #3543, .T. ) ;
#4524 = VERTEX_POINT ( 'NONE', #6444 ) ;
#4525 = VECTOR ( 'NONE', #57, 1000.000000000000000 ) ;
#4526 = EDGE_LOOP ( 'NONE', ( #8249, #5130, #4584, #3274, #923 ) ) ;
#4527 = DIRECTION ( 'NONE',  ( 0.000000000000000000, -1.000000000000000000, 0.000000000000000000 ) ) ;
#4528 = DIRECTION ( 'NONE',  ( 0.000000000000000000, 0.000000000000000000, -1.000000000000000000 ) ) ;
#4529 = LINE ( 'NONE', #417, #7539 ) ;
#4530 = CARTESIAN_POINT ( 'NONE',  ( -0.3999999999999999667, 0.3400000000000000244, -1.523359773658212291 ) ) ;
#4531 = CARTESIAN_POINT ( 'NONE',  ( -0.5349999999999999201, 1.556154042586614050, -0.3100000000000000533 ) ) ;
#4532 = DIRECTION ( 'NONE',  ( 3.942553354492744024E-16, -0.000000000000000000, 1.000000000000000000 ) ) ;
#4533 = AXIS2_PLACEMENT_3D ( 'NONE', #2144, #2892, #3564 ) ;
#4534 = CARTESIAN_POINT ( 'NONE',  ( 0.9499999999999999556, 0.05000000000000000278, 0.7000000000000005107 ) ) ;
#4535 = ADVANCED_FACE ( 'NONE', ( #3933 ), #4106, .T. ) ;
#4536 = DIRECTION ( 'NONE',  ( 0.000000000000000000, 0.000000000000000000, -1.000000000000000000 ) ) ;
#4537 = CARTESIAN_POINT ( 'NONE',  ( 1.500000000000000000, 1.556154042586614050, 0.4000000000000000777 ) ) ;
#4538 = EDGE_CURVE ( 'NONE', #8520, #3002, #7026, .T. ) ;
#4539 = FILL_AREA_STYLE ('',( #6644 ) ) ;
#4540 = VERTEX_POINT ( 'NONE', #3669 ) ;
#4541 = ORIENTED_EDGE ( 'NONE', *, *, #7395, .T. ) ;
#4542 = CARTESIAN_POINT ( 'NONE',  ( -0.5349999999999999201, 0.02499999999999984873, -0.3100000000000000533 ) ) ;
#4543 = EDGE_LOOP ( 'NONE', ( #6986, #2397, #8072, #2157 ) ) ;
#4544 = VECTOR ( 'NONE', #8444, 1000.000000000000000 ) ;
#4545 = VERTEX_POINT ( 'NONE', #6331 ) ;
#4546 = DIRECTION ( 'NONE',  ( -1.000000000000000000, 0.000000000000000000, 4.015563601798169738E-16 ) ) ;
#4547 = CARTESIAN_POINT ( 'NONE',  ( -1.415000000000000480, 0.3000000000000000444, 1.414999999999998925 ) ) ;
#4548 = VERTEX_POINT ( 'NONE', #7681 ) ;
#4549 = DIRECTION ( 'NONE',  ( -0.6427876096865359212, -0.000000000000000000, 0.7660444431189809000 ) ) ;
#4550 = EDGE_CURVE ( 'NONE', #2074, #5310, #7059, .T. ) ;
#4551 = LINE ( 'NONE', #5492, #1668 ) ;
#4552 = ORIENTED_EDGE ( 'NONE', *, *, #6155, .T. ) ;
#4553 = DIRECTION ( 'NONE',  ( -0.000000000000000000, -1.000000000000000000, -0.000000000000000000 ) ) ;
#4554 = CARTESIAN_POINT ( 'NONE',  ( -0.3999999999999990230, 4.621194077712559078, -1.625000000000000000 ) ) ;
#4555 = ORIENTED_EDGE ( 'NONE', *, *, #5762, .T. ) ;
#4556 = CARTESIAN_POINT ( 'NONE',  ( -0.9500000000000009548, 0.02499999999999984873, -0.4000000000000007994 ) ) ;
#4557 = ORIENTED_EDGE ( 'NONE', *, *, #3907, .T. ) ;
#4558 = LINE ( 'NONE', #767, #4759 ) ;
#4559 = PLANE ( 'NONE',  #3005 ) ;
#4560 = ORIENTED_EDGE ( 'NONE', *, *, #1829, .F. ) ;
#4561 = UNCERTAINTY_MEASURE_WITH_UNIT (LENGTH_MEASURE( 1.000000000000000082E-05 ), #6952, 'distance_accuracy_value', 'NONE');
#4562 = CIRCLE ( 'NONE', #7438, 1.574999999999999512 ) ;
#4563 = CARTESIAN_POINT ( 'NONE',  ( 0.9499999999999999556, 0.04999999999999991257, 0.7000000000000005107 ) ) ;
#4564 = DIRECTION ( 'NONE',  ( 1.000000000000000000, 0.000000000000000000, -1.224646799147353207E-16 ) ) ;
#4565 = EDGE_CURVE ( 'NONE', #7532, #4684, #1030, .T. ) ;
#4566 = LINE ( 'NONE', #7783, #7685 ) ;
#4567 = ORIENTED_EDGE ( 'NONE', *, *, #7167, .F. ) ;
#4568 = CARTESIAN_POINT ( 'NONE',  ( 0.4000000000000000222, 0.05000000000000000278, -0.9499999999999999556 ) ) ;
#4569 = CARTESIAN_POINT ( 'NONE',  ( -1.415000000000000480, 0.3200000000000000067, 1.414999999999998925 ) ) ;
#4570 = ORIENTED_EDGE ( 'NONE', *, *, #1032, .T. ) ;
#4571 = LINE ( 'NONE', #2261, #7633 ) ;
#4572 = DIRECTION ( 'NONE',  ( -1.000000000000000000, 0.000000000000000000, -2.956915015869558757E-16 ) ) ;
#4573 = ORIENTED_EDGE ( 'NONE', *, *, #3702, .T. ) ;
#4574 = CARTESIAN_POINT ( 'NONE',  ( 0.000000000000000000, 0.000000000000000000, 0.000000000000000000 ) ) ;
#4575 = LINE ( 'NONE', #2891, #4814 ) ;
#4576 = CARTESIAN_POINT ( 'NONE',  ( 0.9499999999999985123, 0.02499999999999984873, -1.625000000000000000 ) ) ;
#4577 = LINE ( 'NONE', #4287, #7839 ) ;
#4578 = SURFACE_SIDE_STYLE ('',( #913 ) ) ;
#4579 = DIRECTION ( 'NONE',  ( -0.000000000000000000, -1.000000000000000000, -0.000000000000000000 ) ) ;
#4580 = SURFACE_STYLE_FILL_AREA ( #4899 ) ;
#4581 = ORIENTED_EDGE ( 'NONE', *, *, #3732, .F. ) ;
#4582 = ORIENTED_EDGE ( 'NONE', *, *, #2665, .F. ) ;
#4583 = VECTOR ( 'NONE', #7624, 1000.000000000000000 ) ;
#4584 = ORIENTED_EDGE ( 'NONE', *, *, #964, .F. ) ;
#4585 = EDGE_CURVE ( 'NONE', #4722, #8142, #3854, .T. ) ;
#4586 = DIRECTION ( 'NONE',  ( -1.000000000000000000, 0.000000000000000000, -7.466940482676077022E-15 ) ) ;
#4587 = CARTESIAN_POINT ( 'NONE',  ( -1.499999999999999556, 0.04999999999999991257, -0.6999999999999978462 ) ) ;
#4588 = ADVANCED_FACE ( 'NONE', ( #4070 ), #886, .T. ) ;
#4589 = VECTOR ( 'NONE', #1610, 1000.000000000000000 ) ;
#4590 = DIRECTION ( 'NONE',  ( -0.000000000000000000, -1.000000000000000000, 0.000000000000000000 ) ) ;
#4591 = EDGE_CURVE ( 'NONE', #4124, #4524, #6965, .T. ) ;
#4592 = VECTOR ( 'NONE', #2499, 1000.000000000000000 ) ;
#4593 = DIRECTION ( 'NONE',  ( -1.000000000000000000, 0.000000000000000000, -2.710505431213760592E-16 ) ) ;
#4594 = AXIS2_PLACEMENT_3D ( 'NONE', #5186, #4425, #147 ) ;
#4595 = DIRECTION ( 'NONE',  ( -1.000000000000000000, 0.000000000000000000, 0.000000000000000000 ) ) ;
#4596 = EDGE_CURVE ( 'NONE', #8029, #8625, #6871, .T. ) ;
#4597 = EDGE_CURVE ( 'NONE', #2773, #6999, #3980, .T. ) ;
#4598 = SURFACE_SIDE_STYLE ('',( #8102 ) ) ;
#4599 = VECTOR ( 'NONE', #4256, 1000.000000000000000 ) ;
#4600 = ORIENTED_EDGE ( 'NONE', *, *, #6457, .F. ) ;
#4601 = ORIENTED_EDGE ( 'NONE', *, *, #4141, .T. ) ;
#4602 = AXIS2_PLACEMENT_3D ( 'NONE', #443, #1903, #7487 ) ;
#4603 = DIRECTION ( 'NONE',  ( 4.015563601798169738E-16, 0.000000000000000000, -1.000000000000000000 ) ) ;
#4604 = ORIENTED_EDGE ( 'NONE', *, *, #3398, .T. ) ;
#4605 = LINE ( 'NONE', #7058, #7832 ) ;
#4606 = ORIENTED_EDGE ( 'NONE', *, *, #4618, .F. ) ;
#4607 = SURFACE_STYLE_FILL_AREA ( #7179 ) ;
#4608 = LINE ( 'NONE', #552, #4895 ) ;
#4609 = ADVANCED_FACE ( 'NONE', ( #1465 ), #1332, .F. ) ;
#4610 = DIRECTION ( 'NONE',  ( 0.000000000000000000, -1.000000000000000000, 0.000000000000000000 ) ) ;
#4611 = DIRECTION ( 'NONE',  ( 0.000000000000000000, -1.000000000000000000, 0.000000000000000000 ) ) ;
#4612 = CARTESIAN_POINT ( 'NONE',  ( 1.499999999999999778, 0.05000000000000000278, -0.3999999999999999667 ) ) ;
#4613 = AXIS2_PLACEMENT_3D ( 'NONE', #3384, #8172, #7449 ) ;
#4614 = LINE ( 'NONE', #3551, #1577 ) ;
#4615 = ORIENTED_EDGE ( 'NONE', *, *, #511, .T. ) ;
#4616 = CARTESIAN_POINT ( 'NONE',  ( 0.5349999999999999201, 1.556154042586614050, -0.5299999999999998046 ) ) ;
#4617 = CARTESIAN_POINT ( 'NONE',  ( -0.3149999999999993916, 0.05000000000000000278, -0.5300000000000001377 ) ) ;
#4618 = EDGE_CURVE ( 'NONE', #1292, #8912, #4154, .T. ) ;
#4619 = VERTEX_POINT ( 'NONE', #8115 ) ;
#4620 =( NAMED_UNIT ( * ) PLANE_ANGLE_UNIT ( ) SI_UNIT ( $, .RADIAN. ) );
#4621 = EDGE_CURVE ( 'NONE', #4720, #6005, #4529, .T. ) ;
#4622 = DIRECTION ( 'NONE',  ( -4.034240641806509359E-15, 0.000000000000000000, 1.000000000000000000 ) ) ;
#4623 = CARTESIAN_POINT ( 'NONE',  ( -0.9499999999999995115, 0.05000000000000000278, -0.6999999999999979572 ) ) ;
#4624 = VERTEX_POINT ( 'NONE', #8811 ) ;
#4625 = VECTOR ( 'NONE', #8423, 1000.000000000000000 ) ;
#4626 = DIRECTION ( 'NONE',  ( -0.000000000000000000, 1.000000000000000000, -0.000000000000000000 ) ) ;
#4627 = ORIENTED_EDGE ( 'NONE', *, *, #3228, .T. ) ;
#4628 = LINE ( 'NONE', #5110, #7662 ) ;
#4629 = DIRECTION ( 'NONE',  ( -0.000000000000000000, 1.000000000000000000, -0.000000000000000000 ) ) ;
#4630 = EDGE_CURVE ( 'NONE', #3703, #7419, #7412, .T. ) ;
#4631 = DIRECTION ( 'NONE',  ( -1.000000000000000000, 0.000000000000000000, 2.710505431213760592E-16 ) ) ;
#4632 = LINE ( 'NONE', #2132, #7644 ) ;
#4633 = AXIS2_PLACEMENT_3D ( 'NONE', #8594, #7297, #8068 ) ;
#4634 = ORIENTED_EDGE ( 'NONE', *, *, #3293, .T. ) ;
#4635 = DIRECTION ( 'NONE',  ( 2.710505431213764536E-16, 0.000000000000000000, -1.000000000000000000 ) ) ;
#4636 = CARTESIAN_POINT ( 'NONE',  ( -1.625000000000000222, 0.3200000000000000067, -1.625000000000000000 ) ) ;
#4637 = ORIENTED_EDGE ( 'NONE', *, *, #3181, .F. ) ;
#4638 = CYLINDRICAL_SURFACE ( 'NONE', #7653, 1.574999999999999956 ) ;
#4639 = CARTESIAN_POINT ( 'NONE',  ( 0.000000000000000000, 1.758041561959399202, -1.104216149583350903 ) ) ;
#4640 = ORIENTED_EDGE ( 'NONE', *, *, #7316, .T. ) ;
#4641 = PLANE ( 'NONE',  #8355 ) ;
#4642 = VERTEX_POINT ( 'NONE', #2478 ) ;
#4643 = VECTOR ( 'NONE', #3391, 1000.000000000000000 ) ;
#4644 = FACE_OUTER_BOUND ( 'NONE', #6516, .T. ) ;
#4645 = DIRECTION ( 'NONE',  ( 3.516331370223249842E-16, -0.000000000000000000, 1.000000000000000000 ) ) ;
#4646 = DIRECTION ( 'NONE',  ( 0.000000000000000000, 0.000000000000000000, -1.000000000000000000 ) ) ;
#4647 = DIRECTION ( 'NONE',  ( 0.000000000000000000, -0.000000000000000000, -1.000000000000000000 ) ) ;
#4648 = EDGE_LOOP ( 'NONE', ( #2504, #8582, #6174, #2902 ) ) ;
#4649 = ADVANCED_FACE ( 'NONE', ( #4474 ), #7425, .T. ) ;
#4650 = PRESENTATION_LAYER_ASSIGNMENT (  '', '', ( #1460 ) ) ;
#4651 = ORIENTED_EDGE ( 'NONE', *, *, #7094, .T. ) ;
#4652 = VECTOR ( 'NONE', #1371, 1000.000000000000000 ) ;
#4653 = VERTEX_POINT ( 'NONE', #6121 ) ;
#4654 = CARTESIAN_POINT ( 'NONE',  ( 1.444999999999999174, 0.3000000000000000444, -1.414999999999999591 ) ) ;
#4655 = EDGE_CURVE ( 'NONE', #4507, #108, #1418, .T. ) ;
#4656 = CARTESIAN_POINT ( 'NONE',  ( 1.499999999999998446, 0.000000000000000000, -1.499999999999997780 ) ) ;
#4657 = EDGE_LOOP ( 'NONE', ( #7253, #2091, #2993, #1819 ) ) ;
#4658 = DIRECTION ( 'NONE',  ( -1.000000000000000000, -0.000000000000000000, -1.120041072401411474E-14 ) ) ;
#4659 = VECTOR ( 'NONE', #7334, 1000.000000000000000 ) ;
#4660 = DIRECTION ( 'NONE',  ( -0.000000000000000000, -0.000000000000000000, 1.000000000000000000 ) ) ;
#4661 = EDGE_CURVE ( 'NONE', #8222, #8553, #4515, .T. ) ;
#4662 = CARTESIAN_POINT ( 'NONE',  ( -0.9500000000000012879, 0.04999999999999991257, 0.6999999999999988454 ) ) ;
#4663 = DIRECTION ( 'NONE',  ( 0.000000000000000000, 1.000000000000000000, 0.000000000000000000 ) ) ;
#4664 = FACE_OUTER_BOUND ( 'NONE', #466, .T. ) ;
#4665 = EDGE_CURVE ( 'NONE', #2856, #2850, #7150, .T. ) ;
#4666 = VERTEX_POINT ( 'NONE', #473 ) ;
#4667 = VERTEX_POINT ( 'NONE', #1133 ) ;
#4668 = FACE_OUTER_BOUND ( 'NONE', #2101, .T. ) ;
#4669 = VERTEX_POINT ( 'NONE', #1795 ) ;
#4670 = ADVANCED_FACE ( 'NONE', ( #7211 ), #4021, .F. ) ;
#4671 = ORIENTED_EDGE ( 'NONE', *, *, #8673, .T. ) ;
#4672 = VECTOR ( 'NONE', #5962, 1000.000000000000000 ) ;
#4673 = FACE_OUTER_BOUND ( 'NONE', #1651, .T. ) ;
#4674 = VECTOR ( 'NONE', #1020, 1000.000000000000000 ) ;
#4675 = CARTESIAN_POINT ( 'NONE',  ( -1.625000000000000222, 0.3400000000000000244, -1.625000000000000000 ) ) ;
#4676 = CARTESIAN_POINT ( 'NONE',  ( 0.3999999999999999667, 0.000000000000000000, -1.625000000000000000 ) ) ;
#4677 = AXIS2_PLACEMENT_3D ( 'NONE', #3985, #8778, #5346 ) ;
#4678 = PLANE ( 'NONE',  #8278 ) ;
#4679 = AXIS2_PLACEMENT_3D ( 'NONE', #7444, #8288, #8914 ) ;
#4680 = LINE ( 'NONE', #9078, #7574 ) ;
#4681 = VERTEX_POINT ( 'NONE', #7277 ) ;
#4682 = DIRECTION ( 'NONE',  ( -1.000000000000000000, -0.000000000000000000, -0.000000000000000000 ) ) ;
#4683 = PLANE ( 'NONE',  #7186 ) ;
#4684 = VERTEX_POINT ( 'NONE', #2416 ) ;
#4685 = UNCERTAINTY_MEASURE_WITH_UNIT (LENGTH_MEASURE( 1.000000000000000082E-05 ), #8449, 'distance_accuracy_value', 'NONE');
#4686 = DIRECTION ( 'NONE',  ( 0.000000000000000000, 0.000000000000000000, 1.000000000000000000 ) ) ;
#4687 = CARTESIAN_POINT ( 'NONE',  ( 0.9499999999999982903, 0.05000000000000000278, -0.6999999999999984013 ) ) ;
#4688 = VERTEX_POINT ( 'NONE', #8243 ) ;
#4689 = LINE ( 'NONE', #2100, #1656 ) ;
#4690 = CARTESIAN_POINT ( 'NONE',  ( -1.464381519444566182, 0.3200000000000000067, 1.534381519444565356 ) ) ;
#4691 = ORIENTED_EDGE ( 'NONE', *, *, #6137, .F. ) ;
#4692 = ORIENTED_EDGE ( 'NONE', *, *, #2429, .F. ) ;
#4693 = LINE ( 'NONE', #6555, #7837 ) ;
#4694 = LINE ( 'NONE', #6656, #4659 ) ;
#4695 = EDGE_CURVE ( 'NONE', #3550, #8222, #1377, .T. ) ;
#4696 = PRESENTATION_STYLE_ASSIGNMENT (( #3855 ) ) ;
#4697 = DIRECTION ( 'NONE',  ( 1.000000000000000000, 0.000000000000000000, -4.015563601798170231E-16 ) ) ;
#4698 = ADVANCED_FACE ( 'NONE', ( #1495 ), #1060, .T. ) ;
#4699 = EDGE_CURVE ( 'NONE', #2730, #7984, #7441, .T. ) ;
#4700 = ORIENTED_EDGE ( 'NONE', *, *, #4300, .T. ) ;
#4701 = ORIENTED_EDGE ( 'NONE', *, *, #7148, .F. ) ;
#4702 = CARTESIAN_POINT ( 'NONE',  ( 0.3999999999999991340, 0.05000000000000000278, 0.9500000000000008438 ) ) ;
#4703 =( LENGTH_UNIT ( ) NAMED_UNIT ( * ) SI_UNIT ( .MILLI., .METRE. ) );
#4704 = ORIENTED_EDGE ( 'NONE', *, *, #4505, .F. ) ;
#4705 = FACE_OUTER_BOUND ( 'NONE', #1168, .T. ) ;
#4706 = PLANE ( 'NONE',  #5337 ) ;
#4707 = VERTEX_POINT ( 'NONE', #3106 ) ;
#4708 = CARTESIAN_POINT ( 'NONE',  ( -1.523359773658216287, 0.3400000000000000244, 0.3999999999999842570 ) ) ;
#4709 = EDGE_CURVE ( 'NONE', #3960, #7964, #1174, .T. ) ;
#4710 = ORIENTED_EDGE ( 'NONE', *, *, #7021, .F. ) ;
#4711 = TOROIDAL_SURFACE ( 'NONE', #3448, 1.459999999999999964, 0.03999999999999999389 ) ;
#4712 = AXIS2_PLACEMENT_3D ( 'NONE', #3729, #7113, #1366 ) ;
#4713 = VECTOR ( 'NONE', #7990, 1000.000000000000227 ) ;
#4714 = LINE ( 'NONE', #1966, #7735 ) ;
#4715 = CARTESIAN_POINT ( 'NONE',  ( -1.625000000000000222, 0.000000000000000000, -0.6999999999999972911 ) ) ;
#4716 = CARTESIAN_POINT ( 'NONE',  ( 1.444999999999999174, 0.2999999999999999889, 1.415000000000000480 ) ) ;
#4717 = FACE_OUTER_BOUND ( 'NONE', #6629, .T. ) ;
#4718 = EDGE_CURVE ( 'NONE', #1679, #4642, #7552, .T. ) ;
#4719 = ORIENTED_EDGE ( 'NONE', *, *, #6400, .F. ) ;
#4720 = VERTEX_POINT ( 'NONE', #6715 ) ;
#4721 = LINE ( 'NONE', #6953, #7564 ) ;
#4722 = VERTEX_POINT ( 'NONE', #8682 ) ;
#4723 = AXIS2_PLACEMENT_3D ( 'NONE', #5763, #4125, #8404 ) ;
#4724 = DIRECTION ( 'NONE',  ( -0.000000000000000000, -0.000000000000000000, -1.000000000000000000 ) ) ;
#4725 = CARTESIAN_POINT ( 'NONE',  ( 0.000000000000000000, 1.555277818615441232, 0.000000000000000000 ) ) ;
#4726 = ORIENTED_EDGE ( 'NONE', *, *, #2747, .F. ) ;
#4727 = VERTEX_POINT ( 'NONE', #252 ) ;
#4728 = LINE ( 'NONE', #8998, #4643 ) ;
#4729 = EDGE_CURVE ( 'NONE', #4891, #1994, #7496, .T. ) ;
#4730 = EDGE_CURVE ( 'NONE', #1397, #2316, #4214, .T. ) ;
#4731 = VECTOR ( 'NONE', #4658, 1000.000000000000000 ) ;
#4732 = CARTESIAN_POINT ( 'NONE',  ( -1.499999999999999778, 1.556154042586614050, -1.499999999999997780 ) ) ;
#4733 = CARTESIAN_POINT ( 'NONE',  ( -1.523359773658208072, 0.3200000000000000067, -0.4000000000000156763 ) ) ;
#4734 = AXIS2_PLACEMENT_3D ( 'NONE', #901, #6464, #5158 ) ;
#4735 = CARTESIAN_POINT ( 'NONE',  ( 1.199999999999999734, 0.2999999999999999889, -1.444999999999999840 ) ) ;
#4736 = LINE ( 'NONE', #1407, #4490 ) ;
#4737 = ORIENTED_EDGE ( 'NONE', *, *, #2495, .T. ) ;
#4738 = CLOSED_SHELL ( 'NONE', ( #3041, #2946, #8824, #486, #8530, #5899 ) ) ;
#4739 = ADVANCED_FACE ( 'NONE', ( #7123 ), #1349, .T. ) ;
#4740 = DIRECTION ( 'NONE',  ( 0.000000000000000000, 0.000000000000000000, -1.000000000000000000 ) ) ;
#4741 = ORIENTED_EDGE ( 'NONE', *, *, #8869, .T. ) ;
#4742 = FACE_OUTER_BOUND ( 'NONE', #1962, .T. ) ;
#4743 = ORIENTED_EDGE ( 'NONE', *, *, #2864, .T. ) ;
#4744 = DIRECTION ( 'NONE',  ( -0.000000000000000000, 1.000000000000000000, -0.000000000000000000 ) ) ;
#4745 = ORIENTED_EDGE ( 'NONE', *, *, #6699, .F. ) ;
#4746 = LINE ( 'NONE', #892, #4589 ) ;
#4747 = AXIS2_PLACEMENT_3D ( 'NONE', #3573, #5037, #5800 ) ;
#4748 = FACE_OUTER_BOUND ( 'NONE', #5105, .T. ) ;
#4749 = FACE_OUTER_BOUND ( 'NONE', #2211, .T. ) ;
#4750 = AXIS2_PLACEMENT_3D ( 'NONE', #2256, #2943, #8634 ) ;
#4751 = EDGE_CURVE ( 'NONE', #5516, #8779, #7483, .T. ) ;
#4752 = DIRECTION ( 'NONE',  ( -0.000000000000000000, -1.000000000000000000, -0.000000000000000000 ) ) ;
#4753 = CARTESIAN_POINT ( 'NONE',  ( -1.625000000000000222, 0.000000000000000000, 1.625000000000000000 ) ) ;
#4754 = DIRECTION ( 'NONE',  ( -2.581433744013106054E-16, -0.000000000000000000, 1.000000000000000000 ) ) ;
#4755 = CARTESIAN_POINT ( 'NONE',  ( 0.3999999999999999667, 0.02499999999999984873, -1.625000000000000000 ) ) ;
#4756 = ORIENTED_EDGE ( 'NONE', *, *, #4585, .T. ) ;
#4757 = DIRECTION ( 'NONE',  ( 0.000000000000000000, 0.000000000000000000, -1.000000000000000000 ) ) ;
#4758 = ORIENTED_EDGE ( 'NONE', *, *, #4861, .F. ) ;
#4759 = VECTOR ( 'NONE', #2951, 1000.000000000000000 ) ;
#4760 = PLANE ( 'NONE',  #6291 ) ;
#4761 = ORIENTED_EDGE ( 'NONE', *, *, #4862, .T. ) ;
#4762 = EDGE_LOOP ( 'NONE', ( #4219, #3913, #4830, #4941, #896 ) ) ;
#4763 = AXIS2_PLACEMENT_3D ( 'NONE', #9045, #1415, #4127 ) ;
#4764 = CIRCLE ( 'NONE', #4056, 0.04000000000000010492 ) ;
#4765 = CARTESIAN_POINT ( 'NONE',  ( 1.199999999999999734, 0.3200000000000000067, -1.444999999999999840 ) ) ;
#4766 = AXIS2_PLACEMENT_3D ( 'NONE', #8308, #3281, #589 ) ;
#4767 = DIRECTION ( 'NONE',  ( -1.224646799147354933E-16, 0.000000000000000000, -1.000000000000000000 ) ) ;
#4768 = EDGE_CURVE ( 'NONE', #2942, #7270, #7225, .T. ) ;
#4769 = VERTEX_POINT ( 'NONE', #5723 ) ;
#4770 = EDGE_CURVE ( 'NONE', #6123, #5293, #4226, .T. ) ;
#4771 = ORIENTED_EDGE ( 'NONE', *, *, #7935, .T. ) ;
#4772 = CARTESIAN_POINT ( 'NONE',  ( 0.9499999999999985123, 0.000000000000000000, -1.625000000000000000 ) ) ;
#4773 = CARTESIAN_POINT ( 'NONE',  ( 0.000000000000000000, 1.570000000000000062, 0.000000000000000000 ) ) ;
#4774 = ORIENTED_EDGE ( 'NONE', *, *, #6466, .F. ) ;
#4775 = LINE ( 'NONE', #8501, #7689 ) ;
#4776 = CARTESIAN_POINT ( 'NONE',  ( -1.445000000000000506, 0.3200000000000000067, 1.414999999999998703 ) ) ;
#4777 = ORIENTED_EDGE ( 'NONE', *, *, #2873, .F. ) ;
#4778 = DIRECTION ( 'NONE',  ( 0.000000000000000000, 0.000000000000000000, -1.000000000000000000 ) ) ;
#4779 = VERTEX_POINT ( 'NONE', #710 ) ;
#4780 = ORIENTED_EDGE ( 'NONE', *, *, #2338, .T. ) ;
#4781 = VECTOR ( 'NONE', #5018, 1000.000000000000000 ) ;
#4782 = FACE_OUTER_BOUND ( 'NONE', #8574, .T. ) ;
#4783 = ADVANCED_FACE ( 'NONE', ( #1406 ), #6348, .T. ) ;
#4784 = EDGE_LOOP ( 'NONE', ( #6658, #8748, #2822, #2679 ) ) ;
#4785 = DIRECTION ( 'NONE',  ( 4.034240641806509359E-15, 0.000000000000000000, 1.000000000000000000 ) ) ;
#4786 = EDGE_CURVE ( 'NONE', #3908, #8240, #4450, .T. ) ;
#4787 = VECTOR ( 'NONE', #2733, 1000.000000000000000 ) ;
#4788 = ORIENTED_EDGE ( 'NONE', *, *, #317, .T. ) ;
#4789 = EDGE_CURVE ( 'NONE', #3983, #5402, #1453, .T. ) ;
#4790 = ORIENTED_EDGE ( 'NONE', *, *, #5659, .T. ) ;
#4791 = VECTOR ( 'NONE', #3157, 1000.000000000000000 ) ;
#4792 = ORIENTED_EDGE ( 'NONE', *, *, #83, .F. ) ;
#4793 = DIRECTION ( 'NONE',  ( -0.7071067811865483499, 0.000000000000000000, 0.7071067811865467956 ) ) ;
#4794 = PLANE ( 'NONE',  #1540 ) ;
#4795 = VERTEX_POINT ( 'NONE', #6997 ) ;
#4796 = CIRCLE ( 'NONE', #8427, 0.1375000000000000389 ) ;
#4797 = DIRECTION ( 'NONE',  ( 0.000000000000000000, 0.000000000000000000, -1.000000000000000000 ) ) ;
#4798 = LINE ( 'NONE', #2827, #4731 ) ;
#4799 = DIRECTION ( 'NONE',  ( -3.516331370223249842E-16, 0.000000000000000000, 1.000000000000000000 ) ) ;
#4800 = VECTOR ( 'NONE', #4407, 1000.000000000000000 ) ;
#4801 = DIRECTION ( 'NONE',  ( -0.000000000000000000, -1.000000000000000000, -0.000000000000000000 ) ) ;
#4802 = DIRECTION ( 'NONE',  ( 0.000000000000000000, 0.000000000000000000, -1.000000000000000000 ) ) ;
#4803 = CARTESIAN_POINT ( 'NONE',  ( 0.4000000000000000222, 1.556154042586614050, -0.9499999999999999556 ) ) ;
#4804 = CARTESIAN_POINT ( 'NONE',  ( 0.9499999999999985123, 0.02500000000000000139, -1.625000000000000000 ) ) ;
#4805 = DIRECTION ( 'NONE',  ( -0.000000000000000000, -1.000000000000000000, -0.000000000000000000 ) ) ;
#4806 = VECTOR ( 'NONE', #6892, 1000.000000000000000 ) ;
#4807 = ORIENTED_EDGE ( 'NONE', *, *, #5857, .T. ) ;
#4808 = ORIENTED_EDGE ( 'NONE', *, *, #8307, .T. ) ;
#4809 = VECTOR ( 'NONE', #6423, 1000.000000000000000 ) ;
#4810 = EDGE_CURVE ( 'NONE', #446, #1459, #4498, .T. ) ;
#4811 = VERTEX_POINT ( 'NONE', #7768 ) ;
#4812 = CARTESIAN_POINT ( 'NONE',  ( -1.534381519444566022, 0.3200000000000000067, 1.124999999999997780 ) ) ;
#4813 = VERTEX_POINT ( 'NONE', #1316 ) ;
#4814 = VECTOR ( 'NONE', #4799, 1000.000000000000000 ) ;
#4815 = LINE ( 'NONE', #7916, #4947 ) ;
#4816 = CIRCLE ( 'NONE', #1520, 0.03000000000000007869 ) ;
#4817 = UNCERTAINTY_MEASURE_WITH_UNIT (LENGTH_MEASURE( 1.000000000000000082E-05 ), #6718, 'distance_accuracy_value', 'NONE');
#4818 = EDGE_CURVE ( 'NONE', #4343, #4956, #1079, .T. ) ;
#4819 = DIRECTION ( 'NONE',  ( 1.000000000000000000, 0.000000000000000000, 0.000000000000000000 ) ) ;
#4820 = EDGE_LOOP ( 'NONE', ( #3085, #5682, #7977, #8742 ) ) ;
#4821 = PLANE ( 'NONE',  #9041 ) ;
#4822 = VECTOR ( 'NONE', #8969, 1000.000000000000000 ) ;
#4823 = CARTESIAN_POINT ( 'NONE',  ( -1.500000000000001554, 0.05000000000000000278, 1.499999999999998668 ) ) ;
#4824 = CARTESIAN_POINT ( 'NONE',  ( 0.000000000000000000, 1.758041561959399202, 0.000000000000000000 ) ) ;
#4825 = VERTEX_POINT ( 'NONE', #1434 ) ;
#4826 = ADVANCED_FACE ( 'NONE', ( #4488 ), #5611, .T. ) ;
#4827 = DIRECTION ( 'NONE',  ( -3.212450881438524845E-16, 0.000000000000000000, 1.000000000000000000 ) ) ;
#4828 = VERTEX_POINT ( 'NONE', #2265 ) ;
#4829 = LINE ( 'NONE', #2162, #7866 ) ;
#4830 = ORIENTED_EDGE ( 'NONE', *, *, #1482, .T. ) ;
#4831 = ORIENTED_EDGE ( 'NONE', *, *, #3020, .T. ) ;
#4832 = EDGE_LOOP ( 'NONE', ( #3988, #4020, #2954, #3168 ) ) ;
#4833 = LINE ( 'NONE', #3914, #7853 ) ;
#4834 = EDGE_CURVE ( 'NONE', #7419, #5325, #7137, .T. ) ;
#4835 = FACE_OUTER_BOUND ( 'NONE', #166, .T. ) ;
#4836 = ORIENTED_EDGE ( 'NONE', *, *, #6499, .T. ) ;
#4837 = CARTESIAN_POINT ( 'NONE',  ( -0.9500000000000009548, 0.02500000000000000139, -0.4000000000000007994 ) ) ;
#4838 = FACE_OUTER_BOUND ( 'NONE', #3074, .T. ) ;
#4839 = PLANE ( 'NONE',  #5992 ) ;
#4840 = AXIS2_PLACEMENT_3D ( 'NONE', #893, #1496, #6620 ) ;
#4841 = EDGE_CURVE ( 'NONE', #9105, #96, #7528, .T. ) ;
#4842 = VERTEX_POINT ( 'NONE', #3626 ) ;
#4843 = CARTESIAN_POINT ( 'NONE',  ( -0.9500000000000015099, 0.05000000000000000278, 1.499999999999998890 ) ) ;
#4844 = CARTESIAN_POINT ( 'NONE',  ( 0.000000000000000000, 0.000000000000000000, 0.000000000000000000 ) ) ;
#4845 = ORIENTED_EDGE ( 'NONE', *, *, #7347, .T. ) ;
#4846 = LINE ( 'NONE', #8179, #4583 ) ;
#4847 = DIRECTION ( 'NONE',  ( 0.000000000000000000, -1.000000000000000000, 0.000000000000000000 ) ) ;
#4848 = ORIENTED_EDGE ( 'NONE', *, *, #7668, .T. ) ;
#4849 = CARTESIAN_POINT ( 'NONE',  ( 1.414999999999999147, 0.2999999999999999889, -1.414999999999999813 ) ) ;
#4850 = ADVANCED_FACE ( 'NONE', ( #7177 ), #1483, .T. ) ;
#4851 = ORIENTED_EDGE ( 'NONE', *, *, #5133, .T. ) ;
#4852 = VECTOR ( 'NONE', #5581, 1000.000000000000000 ) ;
#4853 = VECTOR ( 'NONE', #6872, 1000.000000000000000 ) ;
#4854 = ORIENTED_EDGE ( 'NONE', *, *, #6573, .T. ) ;
#4855 = FACE_OUTER_BOUND ( 'NONE', #5645, .T. ) ;
#4856 = DIRECTION ( 'NONE',  ( -0.000000000000000000, -1.000000000000000000, -0.000000000000000000 ) ) ;
#4857 = EDGE_LOOP ( 'NONE', ( #8836, #6111, #3370, #5739 ) ) ;
#4858 = DIRECTION ( 'NONE',  ( 0.000000000000000000, 0.000000000000000000, -1.000000000000000000 ) ) ;
#4859 = AXIS2_PLACEMENT_3D ( 'NONE', #4164, #5045, #2845 ) ;
#4860 = LINE ( 'NONE', #7833, #5201 ) ;
#4861 = EDGE_CURVE ( 'NONE', #3405, #6838, #7396, .T. ) ;
#4862 = EDGE_CURVE ( 'NONE', #3204, #4213, #4575, .T. ) ;
#4863 = ORIENTED_EDGE ( 'NONE', *, *, #498, .T. ) ;
#4864 = ORIENTED_EDGE ( 'NONE', *, *, #4016, .T. ) ;
#4865 = LINE ( 'NONE', #2973, #7648 ) ;
#4866 = ORIENTED_EDGE ( 'NONE', *, *, #5235, .F. ) ;
#4867 = DIRECTION ( 'NONE',  ( -0.000000000000000000, -1.000000000000000000, -0.000000000000000000 ) ) ;
#4868 = CARTESIAN_POINT ( 'NONE',  ( -0.4000000000000105693, 0.3200000000000000067, 1.523359773658209848 ) ) ;
#4869 = ORIENTED_EDGE ( 'NONE', *, *, #907, .F. ) ;
#4870 = LINE ( 'NONE', #4972, #7910 ) ;
#4871 = DIRECTION ( 'NONE',  ( 8.031127203596331834E-17, 0.000000000000000000, -1.000000000000000000 ) ) ;
#4872 = VECTOR ( 'NONE', #3067, 1000.000000000000000 ) ;
#4873 = ORIENTED_EDGE ( 'NONE', *, *, #1179, .T. ) ;
#4874 = DIRECTION ( 'NONE',  ( 0.7660444431189800119, 0.000000000000000000, 0.6427876096865369204 ) ) ;
#4875 = LINE ( 'NONE', #8892, #1718 ) ;
#4876 = EDGE_CURVE ( 'NONE', #7216, #8803, #7888, .T. ) ;
#4877 = DIRECTION ( 'NONE',  ( 1.000000000000000000, 0.000000000000000000, -9.856383386231857595E-17 ) ) ;
#4878 = ADVANCED_FACE ( 'NONE', ( #1764 ), #2712, .F. ) ;
#4879 = CARTESIAN_POINT ( 'NONE',  ( 1.499999999999998224, 0.05000000000000000278, -0.6999999999999982903 ) ) ;
#4880 = CARTESIAN_POINT ( 'NONE',  ( -0.9499999999999978462, 0.000000000000000000, 0.6999999999999988454 ) ) ;
#4881 = CARTESIAN_POINT ( 'NONE',  ( -1.625000000000000222, 0.3200000000000000067, 1.625000000000000000 ) ) ;
#4882 = VECTOR ( 'NONE', #3762, 1000.000000000000000 ) ;
#4883 = AXIS2_PLACEMENT_3D ( 'NONE', #5446, #3956, #7404 ) ;
#4884 = EDGE_LOOP ( 'NONE', ( #759, #7173, #6900, #1799 ) ) ;
#4885 = DIRECTION ( 'NONE',  ( 0.000000000000000000, -0.000000000000000000, -1.000000000000000000 ) ) ;
#4886 = EDGE_LOOP ( 'NONE', ( #528, #6588, #7825, #1976 ) ) ;
#4887 = VECTOR ( 'NONE', #8303, 1000.000000000000000 ) ;
#4888 = AXIS2_PLACEMENT_3D ( 'NONE', #6509, #4332, #769 ) ;
#4889 = EDGE_CURVE ( 'NONE', #5286, #4688, #4728, .T. ) ;
#4890 = ORIENTED_EDGE ( 'NONE', *, *, #8260, .F. ) ;
#4891 = VERTEX_POINT ( 'NONE', #6231 ) ;
#4892 = ORIENTED_EDGE ( 'NONE', *, *, #8915, .T. ) ;
#4893 = LINE ( 'NONE', #6873, #7799 ) ;
#4894 = ORIENTED_EDGE ( 'NONE', *, *, #4538, .F. ) ;
#4895 = VECTOR ( 'NONE', #4754, 1000.000000000000000 ) ;
#4896 = DIRECTION ( 'NONE',  ( -0.7660444431189800119, -0.000000000000000000, 0.6427876096865369204 ) ) ;
#4897 = CARTESIAN_POINT ( 'NONE',  ( -1.415000000000000480, -0.2789528969834105254, 1.414999999999998925 ) ) ;
#4898 = DIRECTION ( 'NONE',  ( 0.000000000000000000, 0.000000000000000000, 1.000000000000000000 ) ) ;
#4899 = FILL_AREA_STYLE ('',( #4974 ) ) ;
#4900 = CARTESIAN_POINT ( 'NONE',  ( 0.000000000000000000, 0.000000000000000000, 0.000000000000000000 ) ) ;
#4901 = EDGE_LOOP ( 'NONE', ( #2006, #5577, #2363, #5472 ) ) ;
#4902 = CARTESIAN_POINT ( 'NONE',  ( 0.3999999999999991340, 0.05000000000000000278, 0.9500000000000008438 ) ) ;
#4903 = AXIS2_PLACEMENT_3D ( 'NONE', #8709, #3986, #958 ) ;
#4904 = ORIENTED_EDGE ( 'NONE', *, *, #4499, .T. ) ;
#4905 = VECTOR ( 'NONE', #4440, 1000.000000000000000 ) ;
#4906 = PLANE ( 'NONE',  #1909 ) ;
#4907 = ORIENTED_EDGE ( 'NONE', *, *, #5271, .F. ) ;
#4908 = ORIENTED_EDGE ( 'NONE', *, *, #4591, .T. ) ;
#4909 = ORIENTED_EDGE ( 'NONE', *, *, #6598, .T. ) ;
#4910 = VECTOR ( 'NONE', #2610, 1000.000000000000000 ) ;
#4911 = ORIENTED_EDGE ( 'NONE', *, *, #3240, .F. ) ;
#4912 = DIRECTION ( 'NONE',  ( -0.000000000000000000, 1.000000000000000000, -0.000000000000000000 ) ) ;
#4913 = LINE ( 'NONE', #3916, #7858 ) ;
#4914 = DIRECTION ( 'NONE',  ( 1.000000000000000000, 0.000000000000000000, 0.000000000000000000 ) ) ;
#4915 = EDGE_CURVE ( 'NONE', #2850, #6735, #4893, .T. ) ;
#4916 = ORIENTED_EDGE ( 'NONE', *, *, #7333, .F. ) ;
#4917 = DIRECTION ( 'NONE',  ( 0.000000000000000000, 0.000000000000000000, 1.000000000000000000 ) ) ;
#4918 = LINE ( 'NONE', #5832, #1848 ) ;
#4919 = ORIENTED_EDGE ( 'NONE', *, *, #8909, .F. ) ;
#4920 = DIRECTION ( 'NONE',  ( 8.031127203596333067E-17, 0.000000000000000000, -1.000000000000000000 ) ) ;
#4921 = ADVANCED_FACE ( 'NONE', ( #7607 ), #831, .F. ) ;
#4922 = DIRECTION ( 'NONE',  ( 0.000000000000000000, 0.000000000000000000, -1.000000000000000000 ) ) ;
#4923 = ORIENTED_EDGE ( 'NONE', *, *, #3931, .F. ) ;
#4924 = LINE ( 'NONE', #4017, #2099 ) ;
#4925 = CARTESIAN_POINT ( 'NONE',  ( 0.4000000000000000222, 0.02499999999999984873, -0.9499999999999999556 ) ) ;
#4926 = DIRECTION ( 'NONE',  ( 0.000000000000000000, 1.000000000000000000, 0.000000000000000000 ) ) ;
#4927 = ORIENTED_EDGE ( 'NONE', *, *, #2495, .F. ) ;
#4928 = DIRECTION ( 'NONE',  ( 0.000000000000000000, 0.000000000000000000, 1.000000000000000000 ) ) ;
#4929 = ORIENTED_EDGE ( 'NONE', *, *, #830, .T. ) ;
#4930 = LINE ( 'NONE', #4105, #8081 ) ;
#4931 = DIRECTION ( 'NONE',  ( 0.000000000000000000, -1.000000000000000000, 0.000000000000000000 ) ) ;
#4932 = LINE ( 'NONE', #2376, #4872 ) ;
#4933 = EDGE_CURVE ( 'NONE', #6095, #225, #7743, .T. ) ;
#4934 = ORIENTED_EDGE ( 'NONE', *, *, #3922, .F. ) ;
#4935 = LINE ( 'NONE', #711, #2056 ) ;
#4936 = EDGE_CURVE ( 'NONE', #5218, #5901, #7729, .T. ) ;
#4937 = CARTESIAN_POINT ( 'NONE',  ( 1.464381519444564850, 0.3000000000000000444, 1.464381519444567070 ) ) ;
#4938 = CARTESIAN_POINT ( 'NONE',  ( 0.000000000000000000, 0.05000000000000000278, 0.000000000000000000 ) ) ;
#4939 = LINE ( 'NONE', #2314, #8171 ) ;
#4940 = ORIENTED_EDGE ( 'NONE', *, *, #2732, .F. ) ;
#4941 = ORIENTED_EDGE ( 'NONE', *, *, #8200, .T. ) ;
#4942 = ADVANCED_FACE ( 'NONE', ( #1699 ), #4711, .T. ) ;
#4943 = ORIENTED_EDGE ( 'NONE', *, *, #4596, .T. ) ;
#4944 = ORIENTED_EDGE ( 'NONE', *, *, #2962, .F. ) ;
#4945 = LINE ( 'NONE', #5399, #8191 ) ;
#4946 = CARTESIAN_POINT ( 'NONE',  ( 0.4000000000000009104, 0.02500000000000000139, 0.9500000000000008438 ) ) ;
#4947 = VECTOR ( 'NONE', #5786, 1000.000000000000000 ) ;
#4948 = ORIENTED_EDGE ( 'NONE', *, *, #1676, .T. ) ;
#4949 = CARTESIAN_POINT ( 'NONE',  ( 1.624999999999999778, 0.000000000000000000, -0.3999999999999999667 ) ) ;
#4950 = EDGE_CURVE ( 'NONE', #6981, #1873, #1623, .T. ) ;
#4951 = LINE ( 'NONE', #4084, #2199 ) ;
#4952 = DIRECTION ( 'NONE',  ( -2.710505431213761085E-16, -0.000000000000000000, -1.000000000000000000 ) ) ;
#4953 = DIRECTION ( 'NONE',  ( -8.031127203596330602E-17, 0.000000000000000000, 1.000000000000000000 ) ) ;
#4954 = CARTESIAN_POINT ( 'NONE',  ( 1.125000000000000222, 0.2999999999999999889, 1.534381519444567132 ) ) ;
#4955 = CARTESIAN_POINT ( 'NONE',  ( 1.523359773658213401, 0.3400000000000000244, -0.3999999999999944156 ) ) ;
#4956 = VERTEX_POINT ( 'NONE', #5844 ) ;
#4957 = EDGE_CURVE ( 'NONE', #6541, #7532, #4693, .T. ) ;
#4958 = AXIS2_PLACEMENT_3D ( 'NONE', #1024, #2502, #8145 ) ;
#4959 = VECTOR ( 'NONE', #7050, 1000.000000000000000 ) ;
#4960 = ORIENTED_EDGE ( 'NONE', *, *, #6436, .T. ) ;
#4961 = CARTESIAN_POINT ( 'NONE',  ( 1.414999999999999147, 0.3400000000000000244, 1.415000000000000702 ) ) ;
#4962 = FACE_OUTER_BOUND ( 'NONE', #6044, .T. ) ;
#4963 = EDGE_CURVE ( 'NONE', #6221, #7964, #4746, .T. ) ;
#4964 = ORIENTED_EDGE ( 'NONE', *, *, #5311, .T. ) ;
#4965 = VERTEX_POINT ( 'NONE', #3124 ) ;
#4966 = LINE ( 'NONE', #2493, #5106 ) ;
#4967 = VECTOR ( 'NONE', #7238, 1000.000000000000227 ) ;
#4968 = ORIENTED_EDGE ( 'NONE', *, *, #7262, .T. ) ;
#4969 = COLOUR_RGB ( '',0.7921568627450980005, 0.8196078431372548767, 0.9333333333333333481 ) ;
#4970 = ORIENTED_EDGE ( 'NONE', *, *, #2325, .T. ) ;
#4971 = CARTESIAN_POINT ( 'NONE',  ( 1.624999999999999778, 0.000000000000000000, 1.625000000000000000 ) ) ;
#4972 = CARTESIAN_POINT ( 'NONE',  ( -0.9500000000000009548, 0.04999999999999991257, -0.4000000000000007994 ) ) ;
#4973 = CARTESIAN_POINT ( 'NONE',  ( 1.585917604895822466E-16, 1.569999999999999840, 1.274999999999999911 ) ) ;
#4974 = FILL_AREA_STYLE_COLOUR ( '', #7807 ) ;
#4975 = CARTESIAN_POINT ( 'NONE',  ( 0.5349999999999999201, 0.04999999999999991257, 0.5300000000000002487 ) ) ;
#4976 = CARTESIAN_POINT ( 'NONE',  ( 0.9499999999999996225, 0.02500000000000000139, -0.3999999999999999112 ) ) ;
#4977 = ORIENTED_EDGE ( 'NONE', *, *, #1323, .T. ) ;
#4978 = CARTESIAN_POINT ( 'NONE',  ( -1.500000000000001110, 0.000000000000000000, -0.4000000000000010214 ) ) ;
#4979 = VECTOR ( 'NONE', #3952, 1000.000000000000000 ) ;
#4980 = VERTEX_POINT ( 'NONE', #3069 ) ;
#4981 = AXIS2_PLACEMENT_3D ( 'NONE', #43, #1990, #7678 ) ;
#4982 = ORIENTED_EDGE ( 'NONE', *, *, #6699, .T. ) ;
#4983 = VECTOR ( 'NONE', #5332, 1000.000000000000000 ) ;
#4984 = EDGE_CURVE ( 'NONE', #5437, #3204, #7761, .T. ) ;
#4985 = LINE ( 'NONE', #5902, #4713 ) ;
#4986 = VERTEX_POINT ( 'NONE', #377 ) ;
#4987 = VECTOR ( 'NONE', #3394, 1000.000000000000000 ) ;
#4988 = DIRECTION ( 'NONE',  ( -0.000000000000000000, -1.000000000000000000, -0.000000000000000000 ) ) ;
#4989 = DIRECTION ( 'NONE',  ( 0.000000000000000000, 0.000000000000000000, -1.000000000000000000 ) ) ;
#4990 = FACE_OUTER_BOUND ( 'NONE', #1596, .T. ) ;
#4991 = CLOSED_SHELL ( 'NONE', ( #7733, #7311, #1003, #6951 ) ) ;
#4992 = PLANE ( 'NONE',  #8504 ) ;
#4993 = CARTESIAN_POINT ( 'NONE',  ( 1.624999999999999778, 4.621194077712559078, 0.4000000000000008549 ) ) ;
#4994 = CIRCLE ( 'NONE', #3838, 0.04499999999999990119 ) ;
#4995 = DIRECTION ( 'NONE',  ( 0.6427876096865371425, 0.000000000000000000, -0.7660444431189800119 ) ) ;
#4996 = DIRECTION ( 'NONE',  ( -1.000000000000000000, 0.000000000000000000, 0.000000000000000000 ) ) ;
#4997 = ORIENTED_EDGE ( 'NONE', *, *, #2383, .T. ) ;
#4998 = DIRECTION ( 'NONE',  ( -0.000000000000000000, -1.000000000000000000, -0.000000000000000000 ) ) ;
#4999 = ORIENTED_EDGE ( 'NONE', *, *, #7067, .F. ) ;
#5000 = ORIENTED_EDGE ( 'NONE', *, *, #830, .F. ) ;
#5001 = VECTOR ( 'NONE', #6192, 1000.000000000000000 ) ;
#5002 = CARTESIAN_POINT ( 'NONE',  ( 0.5349999999999999201, 0.02500000000000000139, -0.5299999999999998046 ) ) ;
#5003 = AXIS2_PLACEMENT_3D ( 'NONE', #6864, #6277, #5439 ) ;
#5004 = CARTESIAN_POINT ( 'NONE',  ( 0.9500000000000001776, 0.05000000000000000278, 1.500000000000000666 ) ) ;
#5005 = VECTOR ( 'NONE', #3625, 1000.000000000000000 ) ;
#5006 = VERTEX_POINT ( 'NONE', #4439 ) ;
#5007 = DIRECTION ( 'NONE',  ( 0.000000000000000000, 1.000000000000000000, -0.000000000000000000 ) ) ;
#5008 = DIRECTION ( 'NONE',  ( 1.000000000000000000, 0.000000000000000000, 7.885106708985488048E-16 ) ) ;
#5009 = VERTEX_POINT ( 'NONE', #3687 ) ;
#5010 = ADVANCED_FACE ( 'NONE', ( #1661 ), #3008, .F. ) ;
#5011 = VECTOR ( 'NONE', #8360, 1000.000000000000000 ) ;
#5012 = ORIENTED_EDGE ( 'NONE', *, *, #8054, .F. ) ;
#5013 = DIRECTION ( 'NONE',  ( 0.000000000000000000, 0.000000000000000000, 1.000000000000000000 ) ) ;
#5014 = ORIENTED_EDGE ( 'NONE', *, *, #8793, .T. ) ;
#5015 = ORIENTED_EDGE ( 'NONE', *, *, #1607, .T. ) ;
#5016 = VECTOR ( 'NONE', #2278, 1000.000000000000000 ) ;
#5017 = MANIFOLD_SOLID_BREP ( 'Boss-Extrude4[1]', #788 ) ;
#5018 = DIRECTION ( 'NONE',  ( -0.000000000000000000, -0.000000000000000000, 1.000000000000000000 ) ) ;
#5019 = VECTOR ( 'NONE', #5841, 1000.000000000000000 ) ;
#5020 = ORIENTED_EDGE ( 'NONE', *, *, #293, .F. ) ;
#5021 = DIRECTION ( 'NONE',  ( -0.000000000000000000, -1.000000000000000000, -0.000000000000000000 ) ) ;
#5022 = PRESENTATION_STYLE_ASSIGNMENT (( #345 ) ) ;
#5023 = AXIS2_PLACEMENT_3D ( 'NONE', #380, #3011, #3691 ) ;
#5024 = CARTESIAN_POINT ( 'NONE',  ( -1.625000000000000222, 0.3200000000000000067, 1.625000000000000000 ) ) ;
#5025 = ORIENTED_EDGE ( 'NONE', *, *, #6379, .F. ) ;
#5026 = DIRECTION ( 'NONE',  ( 2.710505431213761578E-16, 0.000000000000000000, -1.000000000000000000 ) ) ;
#5027 = CARTESIAN_POINT ( 'NONE',  ( 1.464381519444564850, 0.3000000000000000444, 1.534381519444567132 ) ) ;
#5028 = AXIS2_PLACEMENT_3D ( 'NONE', #6910, #630, #3373 ) ;
#5029 = EDGE_CURVE ( 'NONE', #482, #6078, #4796, .T. ) ;
#5030 = ORIENTED_EDGE ( 'NONE', *, *, #6032, .T. ) ;
#5031 = VECTOR ( 'NONE', #6786, 1000.000000000000000 ) ;
#5032 = CARTESIAN_POINT ( 'NONE',  ( 0.3999999999999993006, 0.05000000000000000278, 1.500000000000000666 ) ) ;
#5033 = ORIENTED_EDGE ( 'NONE', *, *, #4876, .T. ) ;
#5034 = CARTESIAN_POINT ( 'NONE',  ( 0.4000000000000000222, 0.02500000000000000139, -0.9499999999999999556 ) ) ;
#5035 = LINE ( 'NONE', #3272, #1886 ) ;
#5036 = VERTEX_POINT ( 'NONE', #6674 ) ;
#5037 = DIRECTION ( 'NONE',  ( 1.000000000000000000, 0.000000000000000000, 0.000000000000000000 ) ) ;
#5038 = ADVANCED_FACE ( 'NONE', ( #7638 ), #6619, .T. ) ;
#5039 = ORIENTED_EDGE ( 'NONE', *, *, #1436, .T. ) ;
#5040 = VECTOR ( 'NONE', #5571, 1000.000000000000000 ) ;
#5041 = FACE_OUTER_BOUND ( 'NONE', #6716, .T. ) ;
#5042 = ORIENTED_EDGE ( 'NONE', *, *, #399, .T. ) ;
#5043 = FACE_OUTER_BOUND ( 'NONE', #6162, .T. ) ;
#5044 = PRESENTATION_LAYER_ASSIGNMENT (  '', '', ( #3554 ) ) ;
#5045 = DIRECTION ( 'NONE',  ( 0.000000000000000000, -1.000000000000000000, 0.000000000000000000 ) ) ;
#5046 = DIRECTION ( 'NONE',  ( 0.6427876096865370315, 0.000000000000000000, -0.7660444431189801229 ) ) ;
#5047 = VERTEX_POINT ( 'NONE', #3853 ) ;
#5048 = CARTESIAN_POINT ( 'NONE',  ( 0.000000000000000000, 0.7700000000000000178, -1.484999999999999876 ) ) ;
#5049 = EDGE_CURVE ( 'NONE', #1051, #5401, #7819, .T. ) ;
#5050 = VECTOR ( 'NONE', #6545, 1000.000000000000000 ) ;
#5051 = DIRECTION ( 'NONE',  ( 0.000000000000000000, 0.000000000000000000, -1.000000000000000000 ) ) ;
#5052 = VERTEX_POINT ( 'NONE', #8832 ) ;
#5053 = DIRECTION ( 'NONE',  ( 1.000000000000000000, 0.000000000000000000, -2.710505431213761578E-16 ) ) ;
#5054 = EDGE_CURVE ( 'NONE', #7157, #6113, #1782, .T. ) ;
#5055 = LINE ( 'NONE', #172, #5011 ) ;
#5056 = VERTEX_POINT ( 'NONE', #3243 ) ;
#5057 = ORIENTED_EDGE ( 'NONE', *, *, #908, .F. ) ;
#5058 = ORIENTED_EDGE ( 'NONE', *, *, #5626, .T. ) ;
#5059 = FACE_OUTER_BOUND ( 'NONE', #6886, .T. ) ;
#5060 = ORIENTED_EDGE ( 'NONE', *, *, #196, .T. ) ;
#5061 = CARTESIAN_POINT ( 'NONE',  ( 0.9499999999999996225, 0.04999999999999991257, -0.3999999999999999112 ) ) ;
#5062 = FACE_OUTER_BOUND ( 'NONE', #615, .T. ) ;
#5063 = EDGE_CURVE ( 'NONE', #2969, #2337, #4833, .T. ) ;
#5064 = ORIENTED_EDGE ( 'NONE', *, *, #4435, .F. ) ;
#5065 = DIRECTION ( 'NONE',  ( -1.000000000000000000, 0.000000000000000000, -3.826595902890018695E-16 ) ) ;
#5066 = CARTESIAN_POINT ( 'NONE',  ( 0.5349999999999999201, 1.556154042586614050, 0.5300000000000002487 ) ) ;
#5067 = VECTOR ( 'NONE', #221, 1000.000000000000000 ) ;
#5068 = DIRECTION ( 'NONE',  ( -1.000000000000000000, 0.000000000000000000, -9.856383386231857595E-17 ) ) ;
#5069 = CARTESIAN_POINT ( 'NONE',  ( -0.9499999999999995115, 1.556154042586614050, -0.6999999999999979572 ) ) ;
#5070 = ORIENTED_EDGE ( 'NONE', *, *, #3334, .F. ) ;
#5071 = ORIENTED_EDGE ( 'NONE', *, *, #5665, .T. ) ;
#5072 = ORIENTED_EDGE ( 'NONE', *, *, #4155, .F. ) ;
#5073 = LINE ( 'NONE', #4041, #8129 ) ;
#5074 = DIRECTION ( 'NONE',  ( -1.971276677246372012E-16, 0.000000000000000000, 1.000000000000000000 ) ) ;
#5075 = CARTESIAN_POINT ( 'NONE',  ( -0.9499999999999998446, 0.000000000000000000, -1.499999999999998002 ) ) ;
#5076 = VERTEX_POINT ( 'NONE', #5406 ) ;
#5077 = LINE ( 'NONE', #5503, #1895 ) ;
#5078 = PLANE ( 'NONE',  #6384 ) ;
#5079 = CARTESIAN_POINT ( 'NONE',  ( 0.000000000000000000, 0.05000000000000000278, 0.000000000000000000 ) ) ;
#5080 = LINE ( 'NONE', #1543, #2127 ) ;
#5081 = ORIENTED_EDGE ( 'NONE', *, *, #4489, .F. ) ;
#5082 = EDGE_CURVE ( 'NONE', #4545, #3968, #1802, .T. ) ;
#5083 = LINE ( 'NONE', #3689, #5067 ) ;
#5084 = ORIENTED_EDGE ( 'NONE', *, *, #645, .F. ) ;
#5085 = EDGE_CURVE ( 'NONE', #4779, #2782, #1597, .T. ) ;
#5086 = ORIENTED_EDGE ( 'NONE', *, *, #6048, .F. ) ;
#5087 = VECTOR ( 'NONE', #4819, 1000.000000000000000 ) ;
#5088 = CARTESIAN_POINT ( 'NONE',  ( 0.4000000000000008549, 0.02499999999999984873, 1.625000000000000888 ) ) ;
#5089 = PRESENTATION_STYLE_ASSIGNMENT (( #2971 ) ) ;
#5090 = ORIENTED_EDGE ( 'NONE', *, *, #598, .F. ) ;
#5091 = DIRECTION ( 'NONE',  ( -0.6427876096865370315, 0.000000000000000000, 0.7660444431189801229 ) ) ;
#5092 = VECTOR ( 'NONE', #4335, 1000.000000000000000 ) ;
#5093 = PLANE ( 'NONE',  #3418 ) ;
#5094 = CARTESIAN_POINT ( 'NONE',  ( -1.464381519444566182, 0.3200000000000000067, 1.464381519444565294 ) ) ;
#5095 = DIRECTION ( 'NONE',  ( 2.956915015869558264E-16, 0.000000000000000000, -1.000000000000000000 ) ) ;
#5096 = EDGE_CURVE ( 'NONE', #9053, #3965, #7656, .T. ) ;
#5097 = ORIENTED_EDGE ( 'NONE', *, *, #1071, .F. ) ;
#5098 = VECTOR ( 'NONE', #5894, 1000.000000000000000 ) ;
#5099 = DIRECTION ( 'NONE',  ( -0.7071067811865483499, 0.000000000000000000, 0.7071067811865467956 ) ) ;
#5100 = EDGE_LOOP ( 'NONE', ( #7863, #5986, #4278, #7921 ) ) ;
#5101 = ADVANCED_FACE ( 'NONE', ( #1542 ), #8956, .F. ) ;
#5102 = VECTOR ( 'NONE', #4793, 999.9999999999998863 ) ;
#5103 = ORIENTED_EDGE ( 'NONE', *, *, #5228, .F. ) ;
#5104 = EDGE_LOOP ( 'NONE', ( #8106, #8079, #4923, #7773 ) ) ;
#5105 = EDGE_LOOP ( 'NONE', ( #5267, #2280, #4418, #8492 ) ) ;
#5106 = VECTOR ( 'NONE', #1080, 1000.000000000000000 ) ;
#5107 = ORIENTED_EDGE ( 'NONE', *, *, #874, .F. ) ;
#5108 = VECTOR ( 'NONE', #5725, 1000.000000000000000 ) ;
#5109 = CARTESIAN_POINT ( 'NONE',  ( 0.000000000000000000, 1.649999999999999911, -1.500000000000000000 ) ) ;
#5110 = CARTESIAN_POINT ( 'NONE',  ( 1.523359773658213401, 0.3400000000000000244, -0.3999999999999944156 ) ) ;
#5111 = AXIS2_PLACEMENT_3D ( 'NONE', #2763, #4867, #5606 ) ;
#5112 = LINE ( 'NONE', #1598, #1883 ) ;
#5113 = DIRECTION ( 'NONE',  ( 2.168404344971002557E-15, -0.000000000000000000, 1.000000000000000000 ) ) ;
#5114 = DIRECTION ( 'NONE',  ( -0.000000000000000000, -1.000000000000000000, -0.000000000000000000 ) ) ;
#5115 = ORIENTED_EDGE ( 'NONE', *, *, #4116, .F. ) ;
#5116 = DIRECTION ( 'NONE',  ( 1.000000000000000000, 0.000000000000000000, 0.000000000000000000 ) ) ;
#5117 = VECTOR ( 'NONE', #5904, 1000.000000000000000 ) ;
#5118 = AXIS2_PLACEMENT_3D ( 'NONE', #1828, #4114, #8271 ) ;
#5119 = ORIENTED_EDGE ( 'NONE', *, *, #2114, .T. ) ;
#5120 = ADVANCED_FACE ( 'NONE', ( #7872 ), #7675, .F. ) ;
#5121 = ORIENTED_EDGE ( 'NONE', *, *, #5939, .F. ) ;
#5122 = FACE_OUTER_BOUND ( 'NONE', #6381, .T. ) ;
#5123 = ORIENTED_EDGE ( 'NONE', *, *, #4146, .F. ) ;
#5124 = FACE_OUTER_BOUND ( 'NONE', #2998, .T. ) ;
#5125 = DIRECTION ( 'NONE',  ( 0.000000000000000000, 0.000000000000000000, -1.000000000000000000 ) ) ;
#5126 = EDGE_CURVE ( 'NONE', #2527, #8377, #4870, .T. ) ;
#5127 = ORIENTED_EDGE ( 'NONE', *, *, #5136, .T. ) ;
#5128 = LINE ( 'NONE', #4379, #5098 ) ;
#5129 = AXIS2_PLACEMENT_3D ( 'NONE', #802, #2294, #5125 ) ;
#5130 = ORIENTED_EDGE ( 'NONE', *, *, #5634, .F. ) ;
#5131 = DIRECTION ( 'NONE',  ( 0.000000000000000000, 0.000000000000000000, -1.000000000000000000 ) ) ;
#5132 = LINE ( 'NONE', #587, #4905 ) ;
#5133 = EDGE_CURVE ( 'NONE', #6904, #1056, #1857, .T. ) ;
#5134 = PLANE ( 'NONE',  #787 ) ;
#5135 = DIRECTION ( 'NONE',  ( -8.031127203596333067E-17, -0.000000000000000000, -1.000000000000000000 ) ) ;
#5136 = EDGE_CURVE ( 'NONE', #8966, #6743, #1525, .T. ) ;
#5137 = CARTESIAN_POINT ( 'NONE',  ( -0.9499999999999992895, 4.621194077712559078, 0.4000000000000016320 ) ) ;
#5138 = EDGE_LOOP ( 'NONE', ( #2669, #1935, #5090, #8320 ) ) ;
#5139 = VECTOR ( 'NONE', #6300, 1000.000000000000000 ) ;
#5140 = CARTESIAN_POINT ( 'NONE',  ( 1.464381519444564850, 0.3200000000000000067, 1.534381519444567132 ) ) ;
#5141 = VECTOR ( 'NONE', #5340, 1000.000000000000000 ) ;
#5142 = EDGE_LOOP ( 'NONE', ( #4927, #4104, #4036, #3945 ) ) ;
#5143 = LINE ( 'NONE', #8344, #8028 ) ;
#5144 = ORIENTED_EDGE ( 'NONE', *, *, #8952, .F. ) ;
#5145 = ORIENTED_EDGE ( 'NONE', *, *, #3257, .F. ) ;
#5146 = AXIS2_PLACEMENT_3D ( 'NONE', #8502, #7725, #791 ) ;
#5147 = VECTOR ( 'NONE', #8177, 1000.000000000000000 ) ;
#5148 = VERTEX_POINT ( 'NONE', #6135 ) ;
#5149 = LINE ( 'NONE', #6885, #5040 ) ;
#5150 = DIRECTION ( 'NONE',  ( 0.000000000000000000, 0.000000000000000000, -1.000000000000000000 ) ) ;
#5151 = FACE_OUTER_BOUND ( 'NONE', #8897, .T. ) ;
#5152 = ORIENTED_EDGE ( 'NONE', *, *, #7856, .F. ) ;
#5153 = CARTESIAN_POINT ( 'NONE',  ( -1.125000000000001332, 0.3400000000000000244, 1.624999999999999112 ) ) ;
#5154 = VERTEX_POINT ( 'NONE', #3979 ) ;
#5155 = DIRECTION ( 'NONE',  ( -0.7660444431189801229, 0.000000000000000000, 0.6427876096865370315 ) ) ;
#5156 = PLANE ( 'NONE',  #1054 ) ;
#5157 = VERTEX_POINT ( 'NONE', #8202 ) ;
#5158 = DIRECTION ( 'NONE',  ( 0.000000000000000000, -0.000000000000000000, 1.000000000000000000 ) ) ;
#5159 = VERTEX_POINT ( 'NONE', #4676 ) ;
#5160 = LINE ( 'NONE', #4076, #5102 ) ;
#5161 = DIRECTION ( 'NONE',  ( 0.000000000000000000, 0.000000000000000000, 1.000000000000000000 ) ) ;
#5162 = ORIENTED_EDGE ( 'NONE', *, *, #583, .T. ) ;
#5163 = FACE_OUTER_BOUND ( 'NONE', #4762, .T. ) ;
#5164 = LINE ( 'NONE', #1147, #8193 ) ;
#5165 = EDGE_CURVE ( 'NONE', #2704, #8662, #2119, .T. ) ;
#5166 = ORIENTED_EDGE ( 'NONE', *, *, #3197, .T. ) ;
#5167 = FACE_OUTER_BOUND ( 'NONE', #1761, .T. ) ;
#5168 = CARTESIAN_POINT ( 'NONE',  ( 1.812477262738082678E-16, 1.960000000000000409, 1.459999999999999742 ) ) ;
#5169 = LINE ( 'NONE', #4623, #8203 ) ;
#5170 = CARTESIAN_POINT ( 'NONE',  ( 1.199999999999999956, 0.3200000000000000067, 1.445000000000000728 ) ) ;
#5171 = ORIENTED_EDGE ( 'NONE', *, *, #5526, .T. ) ;
#5172 = ADVANCED_FACE ( 'NONE', ( #5163 ), #6833, .T. ) ;
#5173 = CIRCLE ( 'NONE', #6397, 1.099999999999999867 ) ;
#5174 = DIRECTION ( 'NONE',  ( -7.466940482676077022E-15, -0.000000000000000000, 1.000000000000000000 ) ) ;
#5175 = ORIENTED_EDGE ( 'NONE', *, *, #8183, .T. ) ;
#5176 = VERTEX_POINT ( 'NONE', #9017 ) ;
#5177 = LINE ( 'NONE', #6774, #2087 ) ;
#5178 = LINE ( 'NONE', #374, #8289 ) ;
#5179 = ORIENTED_EDGE ( 'NONE', *, *, #922, .T. ) ;
#5180 = LINE ( 'NONE', #2830, #1987 ) ;
#5181 = CARTESIAN_POINT ( 'NONE',  ( -0.5350000000000001421, 0.000000000000000000, 0.5299999999999999156 ) ) ;
#5182 = EDGE_CURVE ( 'NONE', #4666, #3263, #4930, .T. ) ;
#5183 = LINE ( 'NONE', #6146, #2043 ) ;
#5184 = AXIS2_PLACEMENT_3D ( 'NONE', #3032, #6642, #3759 ) ;
#5185 = EDGE_LOOP ( 'NONE', ( #6722, #965, #6800, #507 ) ) ;
#5186 = CARTESIAN_POINT ( 'NONE',  ( 1.464381519444564628, 0.3000000000000000444, -1.534381519444566244 ) ) ;
#5187 = DIRECTION ( 'NONE',  ( -1.000000000000000000, 0.000000000000000000, 0.000000000000000000 ) ) ;
#5188 = CIRCLE ( 'NONE', #5111, 1.187621414821538712 ) ;
#5189 = DIRECTION ( 'NONE',  ( -1.000000000000000000, -0.000000000000000000, -0.000000000000000000 ) ) ;
#5190 = DIRECTION ( 'NONE',  ( 0.000000000000000000, 0.000000000000000000, -1.000000000000000000 ) ) ;
#5191 = DIRECTION ( 'NONE',  ( 1.000000000000000000, -0.000000000000000000, 2.581433744013106054E-16 ) ) ;
#5192 = ADVANCED_FACE ( 'NONE', ( #5059 ), #6954, .F. ) ;
#5193 = EDGE_LOOP ( 'NONE', ( #9046, #919, #3063, #111 ) ) ;
#5194 = VECTOR ( 'NONE', #1958, 1000.000000000000000 ) ;
#5195 = CARTESIAN_POINT ( 'NONE',  ( 2.168404344971008868E-16, 0.3400000000000000244, 4.336808689942017736E-16 ) ) ;
#5196 = CARTESIAN_POINT ( 'NONE',  ( -1.464381519444566182, 0.3000000000000000444, 1.534381519444565356 ) ) ;
#5197 = ORIENTED_EDGE ( 'NONE', *, *, #9055, .F. ) ;
#5198 = LINE ( 'NONE', #2715, #4987 ) ;
#5199 = DIRECTION ( 'NONE',  ( -1.000000000000000000, 0.000000000000000000, -4.015563601798170231E-16 ) ) ;
#5200 = CARTESIAN_POINT ( 'NONE',  ( -0.3999999999999989675, 0.05000000000000034972, -1.500000000000000222 ) ) ;
#5201 = VECTOR ( 'NONE', #8583, 1000.000000000000000 ) ;
#5202 = VERTEX_POINT ( 'NONE', #7591 ) ;
#5203 = VERTEX_POINT ( 'NONE', #6779 ) ;
#5204 = VECTOR ( 'NONE', #4744, 1000.000000000000000 ) ;
#5205 = DIRECTION ( 'NONE',  ( 0.000000000000000000, -0.000000000000000000, 1.000000000000000000 ) ) ;
#5206 = ORIENTED_EDGE ( 'NONE', *, *, #8723, .T. ) ;
#5207 = DIRECTION ( 'NONE',  ( -1.000000000000000000, 0.000000000000000000, 0.000000000000000000 ) ) ;
#5208 = AXIS2_PLACEMENT_3D ( 'NONE', #3661, #4359, #6166 ) ;
#5209 = CARTESIAN_POINT ( 'NONE',  ( 1.464381519444564850, 0.3000000000000000444, 1.534381519444567132 ) ) ;
#5210 = CARTESIAN_POINT ( 'NONE',  ( 1.624999999999999778, 0.02499999999999984873, 0.6999999999999990674 ) ) ;
#5211 = CARTESIAN_POINT ( 'NONE',  ( 1.499999999999998224, 1.556154042586614050, -0.6999999999999982903 ) ) ;
#5212 = DIRECTION ( 'NONE',  ( 0.000000000000000000, 0.000000000000000000, -1.000000000000000000 ) ) ;
#5213 = ORIENTED_EDGE ( 'NONE', *, *, #3058, .T. ) ;
#5214 = FACE_OUTER_BOUND ( 'NONE', #3340, .T. ) ;
#5215 = DIRECTION ( 'NONE',  ( 0.000000000000000000, 1.000000000000000000, 0.000000000000000000 ) ) ;
#5216 = ORIENTED_EDGE ( 'NONE', *, *, #1058, .T. ) ;
#5217 = DIRECTION ( 'NONE',  ( -0.000000000000000000, -1.000000000000000000, -0.000000000000000000 ) ) ;
#5218 = VERTEX_POINT ( 'NONE', #1395 ) ;
#5219 = LINE ( 'NONE', #2840, #5139 ) ;
#5220 = DIRECTION ( 'NONE',  ( -0.000000000000000000, -1.000000000000000000, -0.000000000000000000 ) ) ;
#5221 = AXIS2_PLACEMENT_3D ( 'NONE', #1062, #2415, #8626 ) ;
#5222 = VERTEX_POINT ( 'NONE', #8385 ) ;
#5223 = EDGE_CURVE ( 'NONE', #3101, #6163, #2015, .T. ) ;
#5224 = VECTOR ( 'NONE', #8428, 1000.000000000000000 ) ;
#5225 = EDGE_LOOP ( 'NONE', ( #4145, #8128, #5599, #8107 ) ) ;
#5226 = DIRECTION ( 'NONE',  ( -0.6427876096865371425, 0.000000000000000000, 0.7660444431189800119 ) ) ;
#5227 = ADVANCED_FACE ( 'NONE', ( #2029 ), #1274, .F. ) ;
#5228 = EDGE_CURVE ( 'NONE', #3749, #4545, #1965, .T. ) ;
#5229 = DIRECTION ( 'NONE',  ( 1.000000000000000000, -0.000000000000000000, -9.856383386231856362E-17 ) ) ;
#5230 = VERTEX_POINT ( 'NONE', #2675 ) ;
#5231 = VECTOR ( 'NONE', #7953, 1000.000000000000000 ) ;
#5232 = CARTESIAN_POINT ( 'NONE',  ( 0.4000000000000009104, 0.02499999999999984873, 0.9500000000000008438 ) ) ;
#5233 = VERTEX_POINT ( 'NONE', #3351 ) ;
#5234 = CARTESIAN_POINT ( 'NONE',  ( -1.444999999999999618, 0.3200000000000000067, 1.199999999999997735 ) ) ;
#5235 = EDGE_CURVE ( 'NONE', #337, #8966, #5073, .T. ) ;
#5236 = CARTESIAN_POINT ( 'NONE',  ( 0.9499999999999982903, 0.02500000000000000139, -0.6999999999999984013 ) ) ;
#5237 = EDGE_LOOP ( 'NONE', ( #8045, #1609, #2592, #2425, #5342, #5749, #1964, #1673 ) ) ;
#5238 = ORIENTED_EDGE ( 'NONE', *, *, #2809, .F. ) ;
#5239 = FACE_OUTER_BOUND ( 'NONE', #4784, .T. ) ;
#5240 = LINE ( 'NONE', #8890, #5141 ) ;
#5241 = ORIENTED_EDGE ( 'NONE', *, *, #8372, .T. ) ;
#5242 = CARTESIAN_POINT ( 'NONE',  ( -1.625000000000000222, 0.3400000000000000244, 1.625000000000000000 ) ) ;
#5243 = LINE ( 'NONE', #6349, #8274 ) ;
#5244 = DIRECTION ( 'NONE',  ( 1.000000000000000000, 0.000000000000000000, -8.031127203596330602E-17 ) ) ;
#5245 = PRESENTATION_LAYER_ASSIGNMENT (  '', '', ( #6302 ) ) ;
#5246 = AXIS2_PLACEMENT_3D ( 'NONE', #1941, #4201, #6176 ) ;
#5247 = EDGE_CURVE ( 'NONE', #7125, #2337, #8108, .T. ) ;
#5248 = VECTOR ( 'NONE', #5116, 1000.000000000000000 ) ;
#5249 = VERTEX_POINT ( 'NONE', #551 ) ;
#5250 = ADVANCED_FACE ( 'NONE', ( #7965 ), #8557, .T. ) ;
#5251 = CARTESIAN_POINT ( 'NONE',  ( 1.624999999999999778, 0.000000000000000000, 0.4000000000000008549 ) ) ;
#5252 = DIRECTION ( 'NONE',  ( -0.000000000000000000, 1.000000000000000000, -0.000000000000000000 ) ) ;
#5253 = VERTEX_POINT ( 'NONE', #2222 ) ;
#5254 = PLANE ( 'NONE',  #905 ) ;
#5255 = VERTEX_POINT ( 'NONE', #3583 ) ;
#5256 = LINE ( 'NONE', #6725, #5194 ) ;
#5257 = PLANE ( 'NONE',  #3238 ) ;
#5258 = CARTESIAN_POINT ( 'NONE',  ( -1.500000000000001332, 0.05000000000000000278, 0.3999999999999983569 ) ) ;
#5259 = FACE_OUTER_BOUND ( 'NONE', #6911, .T. ) ;
#5260 = ORIENTED_EDGE ( 'NONE', *, *, #391, .F. ) ;
#5261 = LINE ( 'NONE', #3629, #5092 ) ;
#5262 = VERTEX_POINT ( 'NONE', #7794 ) ;
#5263 = PLANE ( 'NONE',  #383 ) ;
#5264 = AXIS2_PLACEMENT_3D ( 'NONE', #7000, #6938, #4877 ) ;
#5265 = CARTESIAN_POINT ( 'NONE',  ( -1.625000000000000222, 0.3200000000000000067, -1.625000000000000000 ) ) ;
#5266 = EDGE_CURVE ( 'NONE', #1604, #4795, #1913, .T. ) ;
#5267 = ORIENTED_EDGE ( 'NONE', *, *, #7659, .F. ) ;
#5268 = LINE ( 'NONE', #3396, #8573 ) ;
#5269 = DIRECTION ( 'NONE',  ( 0.000000000000000000, -0.000000000000000000, 1.000000000000000000 ) ) ;
#5270 = ORIENTED_EDGE ( 'NONE', *, *, #396, .T. ) ;
#5271 = EDGE_CURVE ( 'NONE', #8083, #8697, #8002, .T. ) ;
#5272 = ADVANCED_FACE ( 'NONE', ( #5239 ), #2907, .T. ) ;
#5273 = ORIENTED_EDGE ( 'NONE', *, *, #1995, .F. ) ;
#5274 = LINE ( 'NONE', #7192, #8299 ) ;
#5275 = VECTOR ( 'NONE', #6729, 1000.000000000000000 ) ;
#5276 = ORIENTED_EDGE ( 'NONE', *, *, #1917, .T. ) ;
#5277 = DIRECTION ( 'NONE',  ( -0.6427876096865359212, 0.000000000000000000, 0.7660444431189809000 ) ) ;
#5278 = CARTESIAN_POINT ( 'NONE',  ( -1.335000000000000187, 0.3400000000000000244, -1.334999999999999964 ) ) ;
#5279 = CARTESIAN_POINT ( 'NONE',  ( 1.414999999999999147, 0.3000000000000000444, 1.445000000000000728 ) ) ;
#5280 = CARTESIAN_POINT ( 'NONE',  ( -0.3999999999999973022, 0.02500000000000000139, 1.625000000000000888 ) ) ;
#5281 = SURFACE_SIDE_STYLE ('',( #2249 ) ) ;
#5282 =( LENGTH_UNIT ( ) NAMED_UNIT ( * ) SI_UNIT ( .MILLI., .METRE. ) );
#5283 = VERTEX_POINT ( 'NONE', #8883 ) ;
#5284 = LINE ( 'NONE', #5868, #5598 ) ;
#5285 = EDGE_CURVE ( 'NONE', #7146, #1550, #4945, .T. ) ;
#5286 = VERTEX_POINT ( 'NONE', #7285 ) ;
#5287 = DIRECTION ( 'NONE',  ( 0.000000000000000000, 1.000000000000000000, 0.000000000000000000 ) ) ;
#5288 = ORIENTED_EDGE ( 'NONE', *, *, #7920, .T. ) ;
#5289 = VECTOR ( 'NONE', #8084, 1000.000000000000000 ) ;
#5290 = DIRECTION ( 'NONE',  ( -1.000000000000000000, -0.000000000000000000, -0.000000000000000000 ) ) ;
#5291 = AXIS2_PLACEMENT_3D ( 'NONE', #4110, #737, #134 ) ;
#5292 = CIRCLE ( 'NONE', #4519, 0.06999999999999996503 ) ;
#5293 = VERTEX_POINT ( 'NONE', #428 ) ;
#5294 = VECTOR ( 'NONE', #1047, 1000.000000000000000 ) ;
#5295 = CARTESIAN_POINT ( 'NONE',  ( 1.125000000000000222, 0.3200000000000000067, 1.534381519444567132 ) ) ;
#5296 = DIRECTION ( 'NONE',  ( -0.000000000000000000, -1.000000000000000000, -0.000000000000000000 ) ) ;
#5297 = CARTESIAN_POINT ( 'NONE',  ( -1.625000000000000222, 0.000000000000000000, -0.6999999999999972911 ) ) ;
#5298 = ORIENTED_EDGE ( 'NONE', *, *, #6499, .F. ) ;
#5299 = CARTESIAN_POINT ( 'NONE',  ( 0.4000000000000001887, 0.04999999999999991257, -1.499999999999999778 ) ) ;
#5300 = ORIENTED_EDGE ( 'NONE', *, *, #2037, .F. ) ;
#5301 = EDGE_CURVE ( 'NONE', #3599, #1412, #4966, .T. ) ;
#5302 = DIRECTION ( 'NONE',  ( 1.000000000000000000, 0.000000000000000000, 5.421010862427529073E-16 ) ) ;
#5303 = DIRECTION ( 'NONE',  ( 0.000000000000000000, 0.000000000000000000, -1.000000000000000000 ) ) ;
#5304 = VERTEX_POINT ( 'NONE', #3174 ) ;
#5305 = LINE ( 'NONE', #8718, #8456 ) ;
#5306 = EDGE_CURVE ( 'NONE', #3926, #6914, #7949, .T. ) ;
#5307 = VECTOR ( 'NONE', #1817, 1000.000000000000000 ) ;
#5308 = ORIENTED_EDGE ( 'NONE', *, *, #5063, .F. ) ;
#5309 = LINE ( 'NONE', #6330, #8567 ) ;
#5310 = VERTEX_POINT ( 'NONE', #8192 ) ;
#5311 = EDGE_CURVE ( 'NONE', #4378, #7270, #5177, .T. ) ;
#5312 = EDGE_LOOP ( 'NONE', ( #6863, #6615, #8986, #3027, #5684 ) ) ;
#5313 = DIRECTION ( 'NONE',  ( 0.000000000000000000, 0.000000000000000000, -1.000000000000000000 ) ) ;
#5314 = ORIENTED_EDGE ( 'NONE', *, *, #8534, .F. ) ;
#5315 = CARTESIAN_POINT ( 'NONE',  ( -0.9499999999999978462, 4.621194077712559078, 0.6999999999999988454 ) ) ;
#5316 = PLANE ( 'NONE',  #8316 ) ;
#5317 = DIRECTION ( 'NONE',  ( -0.000000000000000000, -1.000000000000000000, -0.000000000000000000 ) ) ;
#5318 = DIRECTION ( 'NONE',  ( -2.710505431213761085E-16, -0.000000000000000000, -1.000000000000000000 ) ) ;
#5319 = CARTESIAN_POINT ( 'NONE',  ( 0.9499999999999998446, 0.05000000000000034972, 0.4000000000000001332 ) ) ;
#5320 = ORIENTED_EDGE ( 'NONE', *, *, #8623, .F. ) ;
#5321 = LINE ( 'NONE', #335, #8345 ) ;
#5322 = PLANE ( 'NONE',  #8638 ) ;
#5323 = DIRECTION ( 'NONE',  ( -1.000000000000000000, 0.000000000000000000, 9.856383386231857595E-17 ) ) ;
#5324 = FACE_OUTER_BOUND ( 'NONE', #178, .T. ) ;
#5325 = VERTEX_POINT ( 'NONE', #8763 ) ;
#5326 = VECTOR ( 'NONE', #7748, 1000.000000000000000 ) ;
#5327 = EDGE_CURVE ( 'NONE', #3770, #8226, #2210, .T. ) ;
#5328 = EDGE_LOOP ( 'NONE', ( #6943, #1536, #8194, #7193 ) ) ;
#5329 = CARTESIAN_POINT ( 'NONE',  ( 0.4000000000000009104, 0.02500000000000000139, 0.9500000000000008438 ) ) ;
#5330 = MECHANICAL_DESIGN_GEOMETRIC_PRESENTATION_REPRESENTATION (  '', ( #3620 ), #5450 ) ;
#5331 = VECTOR ( 'NONE', #2088, 1000.000000000000000 ) ;
#5332 = DIRECTION ( 'NONE',  ( -1.000000000000000000, -0.000000000000000000, -0.000000000000000000 ) ) ;
#5333 = EDGE_CURVE ( 'NONE', #1552, #8090, #2131, .T. ) ;
#5334 = ORIENTED_EDGE ( 'NONE', *, *, #1081, .F. ) ;
#5335 = ADVANCED_FACE ( 'NONE', ( #8253 ), #3906, .F. ) ;
#5336 = AXIS2_PLACEMENT_3D ( 'NONE', #5691, #28, #5809 ) ;
#5337 = AXIS2_PLACEMENT_3D ( 'NONE', #9043, #6160, #6219 ) ;
#5338 = VERTEX_POINT ( 'NONE', #6188 ) ;
#5339 = VECTOR ( 'NONE', #1833, 1000.000000000000000 ) ;
#5340 = DIRECTION ( 'NONE',  ( -0.000000000000000000, -1.000000000000000000, -0.000000000000000000 ) ) ;
#5341 = CYLINDRICAL_SURFACE ( 'NONE', #776, 0.03000000000000007869 ) ;
#5342 = ORIENTED_EDGE ( 'NONE', *, *, #2812, .F. ) ;
#5343 = CARTESIAN_POINT ( 'NONE',  ( -1.125000000000001332, 0.3200000000000000067, 1.624999999999999112 ) ) ;
#5344 = CARTESIAN_POINT ( 'NONE',  ( 1.352274773154065886E-16, 1.758041561959399202, -1.104216149583350903 ) ) ;
#5345 = ORIENTED_EDGE ( 'NONE', *, *, #566, .T. ) ;
#5346 = DIRECTION ( 'NONE',  ( 0.000000000000000000, -0.000000000000000000, -1.000000000000000000 ) ) ;
#5347 = DIRECTION ( 'NONE',  ( -0.7660444431189800119, 0.000000000000000000, 0.6427876096865369204 ) ) ;
#5348 = ORIENTED_EDGE ( 'NONE', *, *, #8974, .T. ) ;
#5349 = VECTOR ( 'NONE', #9005, 1000.000000000000000 ) ;
#5350 = CARTESIAN_POINT ( 'NONE',  ( -1.534381519444566022, 0.3000000000000000444, 1.124999999999997780 ) ) ;
#5351 = AXIS2_PLACEMENT_3D ( 'NONE', #6405, #7697, #7765 ) ;
#5352 = ORIENTED_EDGE ( 'NONE', *, *, #2180, .T. ) ;
#5353 = EDGE_CURVE ( 'NONE', #778, #4472, #8238, .T. ) ;
#5354 = CARTESIAN_POINT ( 'NONE',  ( -0.9499999999999992895, 0.02500000000000000139, 0.4000000000000016320 ) ) ;
#5355 = DIRECTION ( 'NONE',  ( 0.000000000000000000, 0.000000000000000000, 1.000000000000000000 ) ) ;
#5356 = ADVANCED_FACE ( 'NONE', ( #1877 ), #2667, .T. ) ;
#5357 = ORIENTED_EDGE ( 'NONE', *, *, #5353, .T. ) ;
#5358 = VECTOR ( 'NONE', #2901, 1000.000000000000000 ) ;
#5359 = CARTESIAN_POINT ( 'NONE',  ( 1.534381519444564690, 0.3000000000000000444, -1.124999999999998668 ) ) ;
#5360 = CYLINDRICAL_SURFACE ( 'NONE', #2922, 1.575000000000000400 ) ;
#5361 = VERTEX_POINT ( 'NONE', #7416 ) ;
#5362 = VECTOR ( 'NONE', #8983, 1000.000000000000000 ) ;
#5363 = ORIENTED_EDGE ( 'NONE', *, *, #5850, .F. ) ;
#5364 = EDGE_CURVE ( 'NONE', #1324, #8061, #8039, .T. ) ;
#5365 = EDGE_CURVE ( 'NONE', #2554, #2514, #1891, .T. ) ;
#5366 = DIRECTION ( 'NONE',  ( -0.6427876096865359212, -0.000000000000000000, 0.7660444431189809000 ) ) ;
#5367 = DIRECTION ( 'NONE',  ( 0.000000000000000000, 0.000000000000000000, -1.000000000000000000 ) ) ;
#5368 = DIRECTION ( 'NONE',  ( 0.000000000000000000, -1.000000000000000000, 0.000000000000000000 ) ) ;
#5369 = DIRECTION ( 'NONE',  ( -3.516331370223249842E-16, 0.000000000000000000, 1.000000000000000000 ) ) ;
#5370 = VECTOR ( 'NONE', #2206, 1000.000000000000000 ) ;
#5371 = DIRECTION ( 'NONE',  ( 2.956915015869558264E-16, 0.000000000000000000, -1.000000000000000000 ) ) ;
#5372 = VERTEX_POINT ( 'NONE', #5957 ) ;
#5373 = DIRECTION ( 'NONE',  ( 0.000000000000000000, 0.000000000000000000, -1.000000000000000000 ) ) ;
#5374 = AXIS2_PLACEMENT_3D ( 'NONE', #4803, #652, #6732 ) ;
#5375 =( NAMED_UNIT ( * ) SI_UNIT ( $, .STERADIAN. ) SOLID_ANGLE_UNIT ( ) );
#5376 = AXIS2_PLACEMENT_3D ( 'NONE', #4993, #4062, #1235 ) ;
#5377 = ORIENTED_EDGE ( 'NONE', *, *, #8774, .F. ) ;
#5378 = VECTOR ( 'NONE', #228, 1000.000000000000000 ) ;
#5379 = ORIENTED_EDGE ( 'NONE', *, *, #2239, .F. ) ;
#5380 = LINE ( 'NONE', #6161, #8397 ) ;
#5381 = CARTESIAN_POINT ( 'NONE',  ( -1.625000000000000222, 4.621194077712559078, -0.4000000000000010214 ) ) ;
#5382 = ORIENTED_EDGE ( 'NONE', *, *, #3891, .T. ) ;
#5383 = ORIENTED_EDGE ( 'NONE', *, *, #7197, .F. ) ;
#5384 = LINE ( 'NONE', #6877, #5370 ) ;
#5385 = DIRECTION ( 'NONE',  ( 1.000000000000000000, 0.000000000000000000, 4.015563601798170231E-16 ) ) ;
#5386 = ORIENTED_EDGE ( 'NONE', *, *, #8999, .F. ) ;
#5387 = CARTESIAN_POINT ( 'NONE',  ( 1.499999999999999778, 0.05000000000000000278, -0.3999999999999999667 ) ) ;
#5388 = DIRECTION ( 'NONE',  ( 1.000000000000000000, 0.000000000000000000, -3.942553354492744024E-16 ) ) ;
#5389 = PRESENTATION_LAYER_ASSIGNMENT (  '', '', ( #3360 ) ) ;
#5390 = CARTESIAN_POINT ( 'NONE',  ( 1.534381519444564690, 0.3000000000000000444, 1.464381519444567070 ) ) ;
#5391 = ORIENTED_EDGE ( 'NONE', *, *, #5575, .T. ) ;
#5392 = VECTOR ( 'NONE', #8784, 1000.000000000000000 ) ;
#5393 = ORIENTED_EDGE ( 'NONE', *, *, #8570, .T. ) ;
#5394 = FACE_OUTER_BOUND ( 'NONE', #6692, .T. ) ;
#5395 = EDGE_CURVE ( 'NONE', #7247, #7146, #2194, .T. ) ;
#5396 = ADVANCED_FACE ( 'NONE', ( #1932 ), #3345, .T. ) ;
#5397 = CARTESIAN_POINT ( 'NONE',  ( 1.199999999999999734, 0.3000000000000000444, -1.444999999999999840 ) ) ;
#5398 = VECTOR ( 'NONE', #1576, 1000.000000000000227 ) ;
#5399 = CARTESIAN_POINT ( 'NONE',  ( -0.4000000000000113465, 0.3400000000000000244, 1.624999999999997558 ) ) ;
#5400 = ORIENTED_EDGE ( 'NONE', *, *, #3995, .T. ) ;
#5401 = VERTEX_POINT ( 'NONE', #1143 ) ;
#5402 = VERTEX_POINT ( 'NONE', #483 ) ;
#5403 = LINE ( 'NONE', #3457, #2386 ) ;
#5404 = DIRECTION ( 'NONE',  ( -8.031127203596329369E-17, 0.000000000000000000, -1.000000000000000000 ) ) ;
#5405 = ORIENTED_EDGE ( 'NONE', *, *, #5711, .F. ) ;
#5406 = CARTESIAN_POINT ( 'NONE',  ( 0.4000000000000000222, 0.05000000000000034972, -0.9499999999999999556 ) ) ;
#5407 = LINE ( 'NONE', #45, #8424 ) ;
#5408 = CARTESIAN_POINT ( 'NONE',  ( -0.5349999999999999201, 4.621194077712559078, -0.3100000000000000533 ) ) ;
#5409 = EDGE_CURVE ( 'NONE', #9018, #2631, #5256, .T. ) ;
#5410 = CARTESIAN_POINT ( 'NONE',  ( -1.500000000000001110, 0.05000000000000000278, -0.4000000000000008549 ) ) ;
#5411 = CARTESIAN_POINT ( 'NONE',  ( -0.9500000000000009548, 0.000000000000000000, -0.4000000000000007994 ) ) ;
#5412 = CARTESIAN_POINT ( 'NONE',  ( 1.414999999999999147, -0.2789528969834105254, 1.415000000000000702 ) ) ;
#5413 = DIRECTION ( 'NONE',  ( 0.000000000000000000, 1.000000000000000000, 0.000000000000000000 ) ) ;
#5414 = EDGE_CURVE ( 'NONE', #5846, #2063, #7928, .T. ) ;
#5415 = CARTESIAN_POINT ( 'NONE',  ( 0.9499999999999985123, 0.02500000000000000139, -1.625000000000000000 ) ) ;
#5416 = ORIENTED_EDGE ( 'NONE', *, *, #7212, .T. ) ;
#5417 = ORIENTED_EDGE ( 'NONE', *, *, #7279, .T. ) ;
#5418 = ADVANCED_FACE ( 'NONE', ( #5122 ), #6130, .F. ) ;
#5419 = DIRECTION ( 'NONE',  ( -5.421010862427517240E-16, -0.000000000000000000, -1.000000000000000000 ) ) ;
#5420 = EDGE_LOOP ( 'NONE', ( #8393, #8533, #8436, #8656 ) ) ;
#5421 = CYLINDRICAL_SURFACE ( 'NONE', #5465, 0.1375000000000000389 ) ;
#5422 = DIRECTION ( 'NONE',  ( -2.710505431213761578E-16, 0.000000000000000000, -1.000000000000000000 ) ) ;
#5423 = EDGE_LOOP ( 'NONE', ( #4512, #1433, #4743, #6414 ) ) ;
#5424 = LINE ( 'NONE', #7159, #8440 ) ;
#5425 = ORIENTED_EDGE ( 'NONE', *, *, #9113, .F. ) ;
#5426 = EDGE_CURVE ( 'NONE', #5543, #2270, #2150, .T. ) ;
#5427 = DIRECTION ( 'NONE',  ( 0.000000000000000000, 0.000000000000000000, 1.000000000000000000 ) ) ;
#5428 = FILL_AREA_STYLE ('',( #8911 ) ) ;
#5429 = CARTESIAN_POINT ( 'NONE',  ( -1.625000000000000222, 0.000000000000000000, 1.625000000000000000 ) ) ;
#5430 = CARTESIAN_POINT ( 'NONE',  ( 0.000000000000000000, 1.739023740181067756, 0.000000000000000000 ) ) ;
#5431 = EDGE_CURVE ( 'NONE', #609, #5056, #8228, .T. ) ;
#5432 = VERTEX_POINT ( 'NONE', #3787 ) ;
#5433 = CARTESIAN_POINT ( 'NONE',  ( 0.5349999999999999201, 0.02500000000000000139, 0.5300000000000002487 ) ) ;
#5434 = ADVANCED_FACE ( 'NONE', ( #8022 ), #1268, .T. ) ;
#5435 = ORIENTED_EDGE ( 'NONE', *, *, #247, .F. ) ;
#5436 = EDGE_CURVE ( 'NONE', #8080, #7940, #8164, .T. ) ;
#5437 = VERTEX_POINT ( 'NONE', #8381 ) ;
#5438 = FACE_OUTER_BOUND ( 'NONE', #7742, .T. ) ;
#5439 = DIRECTION ( 'NONE',  ( 0.000000000000000000, 0.000000000000000000, -1.000000000000000000 ) ) ;
#5440 = VERTEX_POINT ( 'NONE', #1387 ) ;
#5441 = ORIENTED_EDGE ( 'NONE', *, *, #5619, .T. ) ;
#5442 = CARTESIAN_POINT ( 'NONE',  ( -0.5349999999999999201, 0.02499999999999984873, -0.3100000000000000533 ) ) ;
#5443 = EDGE_LOOP ( 'NONE', ( #4780, #7645, #2795, #5162 ) ) ;
#5444 = CARTESIAN_POINT ( 'NONE',  ( -1.125000000000001332, 0.3000000000000000444, 1.534381519444565356 ) ) ;
#5445 = EDGE_CURVE ( 'NONE', #7508, #9050, #2165, .T. ) ;
#5446 = CARTESIAN_POINT ( 'NONE',  ( 1.414999999999999147, 0.3200000000000000067, 1.415000000000000702 ) ) ;
#5447 =( NAMED_UNIT ( * ) SI_UNIT ( $, .STERADIAN. ) SOLID_ANGLE_UNIT ( ) );
#5448 = ORIENTED_EDGE ( 'NONE', *, *, #5666, .T. ) ;
#5449 = LINE ( 'NONE', #6569, #5392 ) ;
#5450 =( GEOMETRIC_REPRESENTATION_CONTEXT ( 3 ) GLOBAL_UNCERTAINTY_ASSIGNED_CONTEXT ( ( #4245 ) ) GLOBAL_UNIT_ASSIGNED_CONTEXT ( ( #1087, #8833, #6834 ) ) REPRESENTATION_CONTEXT ( 'NONE', 'WORKASPACE' ) );
#5451 = DIRECTION ( 'NONE',  ( 0.000000000000000000, 0.000000000000000000, -1.000000000000000000 ) ) ;
#5452 = ORIENTED_EDGE ( 'NONE', *, *, #6287, .T. ) ;
#5453 = EDGE_CURVE ( 'NONE', #8866, #6904, #5149, .T. ) ;
#5454 = LINE ( 'NONE', #2810, #8473 ) ;
#5455 = CARTESIAN_POINT ( 'NONE',  ( -1.625000000000000222, 0.3400000000000000244, -1.625000000000000000 ) ) ;
#5456 = ORIENTED_EDGE ( 'NONE', *, *, #3368, .T. ) ;
#5457 = ORIENTED_EDGE ( 'NONE', *, *, #8198, .T. ) ;
#5458 = EDGE_CURVE ( 'NONE', #1884, #4769, #5219, .T. ) ;
#5459 = VERTEX_POINT ( 'NONE', #6467 ) ;
#5460 = CARTESIAN_POINT ( 'NONE',  ( -1.444999999999999618, 0.3000000000000000444, 1.199999999999997735 ) ) ;
#5461 = ORIENTED_EDGE ( 'NONE', *, *, #6296, .F. ) ;
#5462 = DIRECTION ( 'NONE',  ( 2.710505431213764536E-16, 0.000000000000000000, -1.000000000000000000 ) ) ;
#5463 = PRESENTATION_STYLE_ASSIGNMENT (( #1195 ) ) ;
#5464 = DIRECTION ( 'NONE',  ( -1.000000000000000000, 0.000000000000000000, -9.856383386231857595E-17 ) ) ;
#5465 = AXIS2_PLACEMENT_3D ( 'NONE', #2726, #7009, #3504 ) ;
#5466 = CARTESIAN_POINT ( 'NONE',  ( -1.625000000000000222, 0.3400000000000000244, 1.625000000000000000 ) ) ;
#5467 = ADVANCED_FACE ( 'NONE', ( #8062 ), #5421, .F. ) ;
#5468 = DIRECTION ( 'NONE',  ( -1.000000000000000000, 0.000000000000000000, -5.421010862427528086E-16 ) ) ;
#5469 = DIRECTION ( 'NONE',  ( 2.710505431213761578E-16, 0.000000000000000000, -1.000000000000000000 ) ) ;
#5470 = ORIENTED_EDGE ( 'NONE', *, *, #1251, .F. ) ;
#5471 = DIRECTION ( 'NONE',  ( 1.000000000000000000, 0.000000000000000000, 0.000000000000000000 ) ) ;
#5472 = ORIENTED_EDGE ( 'NONE', *, *, #132, .F. ) ;
#5473 = DIRECTION ( 'NONE',  ( -2.710505431213761085E-16, 0.000000000000000000, -1.000000000000000000 ) ) ;
#5474 = DIRECTION ( 'NONE',  ( -0.000000000000000000, -1.000000000000000000, -0.000000000000000000 ) ) ;
#5475 = EDGE_LOOP ( 'NONE', ( #2520, #7576, #8035, #4726 ) ) ;
#5476 = LINE ( 'NONE', #4563, #8496 ) ;
#5477 = ORIENTED_EDGE ( 'NONE', *, *, #9038, .T. ) ;
#5478 = CIRCLE ( 'NONE', #3139, 0.03000000000000007869 ) ;
#5479 = EDGE_LOOP ( 'NONE', ( #7601, #5057, #7082, #3601 ) ) ;
#5480 = AXIS2_PLACEMENT_3D ( 'NONE', #1335, #5629, #5462 ) ;
#5481 = AXIS2_PLACEMENT_3D ( 'NONE', #8477, #5007, #5716 ) ;
#5482 = DIRECTION ( 'NONE',  ( -1.000000000000000000, 0.000000000000000000, -2.710505431213762564E-16 ) ) ;
#5483 = AXIS2_PLACEMENT_3D ( 'NONE', #8305, #3, #7572 ) ;
#5484 = ORIENTED_EDGE ( 'NONE', *, *, #4470, .T. ) ;
#5485 = DIRECTION ( 'NONE',  ( 0.000000000000000000, -0.000000000000000000, -1.000000000000000000 ) ) ;
#5486 = CARTESIAN_POINT ( 'NONE',  ( 0.3999999999999999667, 0.02500000000000000139, -1.625000000000000000 ) ) ;
#5487 = EDGE_LOOP ( 'NONE', ( #1066, #6038, #6410, #2963 ) ) ;
#5488 = ADVANCED_FACE ( 'NONE', ( #5578 ), #8604, .F. ) ;
#5489 = VERTEX_POINT ( 'NONE', #785 ) ;
#5490 = LINE ( 'NONE', #6742, #8508 ) ;
#5491 = ORIENTED_EDGE ( 'NONE', *, *, #5563, .T. ) ;
#5492 = CARTESIAN_POINT ( 'NONE',  ( 0.000000000000000000, 0.000000000000000000, -1.099999999999999867 ) ) ;
#5493 = CARTESIAN_POINT ( 'NONE',  ( -1.500000000000001554, 0.05000000000000000278, 1.499999999999998668 ) ) ;
#5494 = ORIENTED_EDGE ( 'NONE', *, *, #5842, .F. ) ;
#5495 = AXIS2_PLACEMENT_3D ( 'NONE', #8681, #7525, #2085 ) ;
#5496 = ORIENTED_EDGE ( 'NONE', *, *, #7488, .F. ) ;
#5497 = EDGE_CURVE ( 'NONE', #6445, #7006, #5403, .T. ) ;
#5498 = ORIENTED_EDGE ( 'NONE', *, *, #5651, .F. ) ;
#5499 = CARTESIAN_POINT ( 'NONE',  ( 0.9499999999999996225, 0.000000000000000000, -0.3999999999999999112 ) ) ;
#5500 = MANIFOLD_SOLID_BREP ( 'Boss-Extrude4[7]', #8834 ) ;
#5501 = PLANE ( 'NONE',  #5483 ) ;
#5502 = DIRECTION ( 'NONE',  ( 1.000000000000000000, -0.000000000000000000, -5.421010862427522170E-16 ) ) ;
#5503 = CARTESIAN_POINT ( 'NONE',  ( -0.3999999999999989675, 1.556154042586614050, -1.500000000000000222 ) ) ;
#5504 = EDGE_LOOP ( 'NONE', ( #7181, #20, #6097, #6304 ) ) ;
#5505 = FACE_BOUND ( 'NONE', #4122, .T. ) ;
#5506 = CARTESIAN_POINT ( 'NONE',  ( -1.444999999999999618, 0.3200000000000000067, 1.199999999999997735 ) ) ;
#5507 = CARTESIAN_POINT ( 'NONE',  ( -1.500000000000001332, 0.000000000000000000, 0.6999999999999987343 ) ) ;
#5508 = ORIENTED_EDGE ( 'NONE', *, *, #8414, .F. ) ;
#5509 = FACE_OUTER_BOUND ( 'NONE', #2895, .T. ) ;
#5510 = ORIENTED_EDGE ( 'NONE', *, *, #4247, .T. ) ;
#5511 = CARTESIAN_POINT ( 'NONE',  ( -1.444999999999999618, 0.3400000000000000244, 1.199999999999997735 ) ) ;
#5512 = ORIENTED_EDGE ( 'NONE', *, *, #5651, .T. ) ;
#5513 = DIRECTION ( 'NONE',  ( 8.031127203596330602E-17, 0.000000000000000000, -1.000000000000000000 ) ) ;
#5514 = ORIENTED_EDGE ( 'NONE', *, *, #247, .T. ) ;
#5515 = EDGE_CURVE ( 'NONE', #8093, #1669, #2353, .T. ) ;
#5516 = VERTEX_POINT ( 'NONE', #4812 ) ;
#5517 = DIRECTION ( 'NONE',  ( -0.000000000000000000, -1.000000000000000000, -0.000000000000000000 ) ) ;
#5518 = ORIENTED_EDGE ( 'NONE', *, *, #9038, .F. ) ;
#5519 = DIRECTION ( 'NONE',  ( 0.000000000000000000, 0.000000000000000000, -1.000000000000000000 ) ) ;
#5520 = VECTOR ( 'NONE', #8749, 1000.000000000000000 ) ;
#5521 = CARTESIAN_POINT ( 'NONE',  ( 1.624999999999999778, 0.02500000000000000139, 0.4000000000000008549 ) ) ;
#5522 = CARTESIAN_POINT ( 'NONE',  ( -1.499999999999999778, 0.05000000000000000278, -1.499999999999997780 ) ) ;
#5523 = DIRECTION ( 'NONE',  ( -2.956915015869558264E-16, -0.000000000000000000, -1.000000000000000000 ) ) ;
#5524 = EDGE_LOOP ( 'NONE', ( #8918, #6068, #3796, #5988 ) ) ;
#5525 = CIRCLE ( 'NONE', #6249, 0.1375000000000000389 ) ;
#5526 = EDGE_CURVE ( 'NONE', #7665, #7216, #2330, .T. ) ;
#5527 = CLOSED_SHELL ( 'NONE', ( #8581, #729, #4075, #1318, #3591, #1372, #2607, #981, #7199, #8334 ) ) ;
#5528 = PLANE ( 'NONE',  #3324 ) ;
#5529 = ORIENTED_EDGE ( 'NONE', *, *, #5575, .F. ) ;
#5530 = DIRECTION ( 'NONE',  ( 0.000000000000000000, 1.000000000000000000, 0.000000000000000000 ) ) ;
#5531 = ORIENTED_EDGE ( 'NONE', *, *, #3189, .T. ) ;
#5532 = EDGE_CURVE ( 'NONE', #2577, #4666, #8420, .T. ) ;
#5533 = ORIENTED_EDGE ( 'NONE', *, *, #2325, .F. ) ;
#5534 = CARTESIAN_POINT ( 'NONE',  ( 1.523359773658210736, 0.3200000000000000067, 0.4000000000000055178 ) ) ;
#5535 = ADVANCED_FACE ( 'NONE', ( #8550 ), #2967, .T. ) ;
#5536 =( LENGTH_UNIT ( ) NAMED_UNIT ( * ) SI_UNIT ( .MILLI., .METRE. ) );
#5537 = CARTESIAN_POINT ( 'NONE',  ( 1.534381519444564690, 0.3000000000000000444, 1.124999999999999556 ) ) ;
#5538 = ORIENTED_EDGE ( 'NONE', *, *, #3040, .F. ) ;
#5539 = CARTESIAN_POINT ( 'NONE',  ( 1.199999999999999734, 0.3000000000000000444, -1.444999999999999840 ) ) ;
#5540 = DIRECTION ( 'NONE',  ( 0.000000000000000000, 0.000000000000000000, -1.000000000000000000 ) ) ;
#5541 = EDGE_LOOP ( 'NONE', ( #2053, #1981, #4977, #1835 ) ) ;
#5542 = LINE ( 'NONE', #8797, #5231 ) ;
#5543 = VERTEX_POINT ( 'NONE', #5738 ) ;
#5544 = UNCERTAINTY_MEASURE_WITH_UNIT (LENGTH_MEASURE( 1.000000000000000082E-05 ), #7239, 'distance_accuracy_value', 'NONE');
#5545 = ORIENTED_EDGE ( 'NONE', *, *, #396, .F. ) ;
#5546 = LINE ( 'NONE', #3865, #5378 ) ;
#5547 = ORIENTED_EDGE ( 'NONE', *, *, #4499, .F. ) ;
#5548 = CIRCLE ( 'NONE', #1692, 0.03000000000000007869 ) ;
#5549 = DIRECTION ( 'NONE',  ( -1.000000000000000000, 0.000000000000000000, -9.856383386231857595E-17 ) ) ;
#5550 = EDGE_CURVE ( 'NONE', #1711, #1090, #8576, .T. ) ;
#5551 = CLOSED_SHELL ( 'NONE', ( #5919, #1647, #6909, #5272, #1854, #6602, #199, #1165, #920, #5120 ) ) ;
#5552 = AXIS2_PLACEMENT_3D ( 'NONE', #8341, #750, #4243 ) ;
#5553 = CARTESIAN_POINT ( 'NONE',  ( -1.335000000000000187, 0.7289087296526012283, -1.334999999999999964 ) ) ;
#5554 = ORIENTED_EDGE ( 'NONE', *, *, #7876, .T. ) ;
#5555 = DIRECTION ( 'NONE',  ( -0.000000000000000000, -1.000000000000000000, -0.000000000000000000 ) ) ;
#5556 = ADVANCED_FACE ( 'NONE', ( #2423 ), #1505, .F. ) ;
#5557 = EDGE_CURVE ( 'NONE', #5440, #8090, #2518, .T. ) ;
#5558 = DIRECTION ( 'NONE',  ( 0.000000000000000000, -1.000000000000000000, 0.000000000000000000 ) ) ;
#5559 = LINE ( 'NONE', #5798, #8264 ) ;
#5560 = CARTESIAN_POINT ( 'NONE',  ( -1.444999999999999618, 0.3200000000000000067, 1.199999999999997735 ) ) ;
#5561 = EDGE_LOOP ( 'NONE', ( #3843, #6264, #3099, #49 ) ) ;
#5562 = COLOUR_RGB ( '',1.000000000000000000, 0.8117647058823529438, 0.5019607843137254832 ) ;
#5563 = EDGE_CURVE ( 'NONE', #8798, #2093, #2488, .T. ) ;
#5564 = CARTESIAN_POINT ( 'NONE',  ( -0.3999999999999973022, 0.02499999999999984873, 1.625000000000000888 ) ) ;
#5565 = DIRECTION ( 'NONE',  ( -2.168404344971002557E-15, 0.000000000000000000, -1.000000000000000000 ) ) ;
#5566 = EDGE_LOOP ( 'NONE', ( #427, #5030, #2126, #188 ) ) ;
#5567 = CARTESIAN_POINT ( 'NONE',  ( 1.624999999999998446, 0.3200000000000000067, 0.4000000000000059064 ) ) ;
#5568 = LINE ( 'NONE', #3261, #5294 ) ;
#5569 = DIRECTION ( 'NONE',  ( -2.710505431213761085E-16, -0.000000000000000000, -1.000000000000000000 ) ) ;
#5570 = ORIENTED_EDGE ( 'NONE', *, *, #3907, .F. ) ;
#5571 = DIRECTION ( 'NONE',  ( -4.034240641806509359E-15, 0.000000000000000000, 1.000000000000000000 ) ) ;
#5572 = EDGE_LOOP ( 'NONE', ( #795, #6451, #6853, #667, #1996 ) ) ;
#5573 = AXIS2_PLACEMENT_3D ( 'NONE', #7584, #8376, #5620 ) ;
#5574 = LINE ( 'NONE', #5929, #5248 ) ;
#5575 = EDGE_CURVE ( 'NONE', #8285, #3822, #5305, .T. ) ;
#5576 = ADVANCED_FACE ( 'NONE', ( #8379 ), #8218, .F. ) ;
#5577 = ORIENTED_EDGE ( 'NONE', *, *, #1036, .F. ) ;
#5578 = FACE_OUTER_BOUND ( 'NONE', #2498, .T. ) ;
#5579 = DIRECTION ( 'NONE',  ( -0.000000000000000000, 1.000000000000000000, 0.000000000000000000 ) ) ;
#5580 = ORIENTED_EDGE ( 'NONE', *, *, #2858, .T. ) ;
#5581 = DIRECTION ( 'NONE',  ( 0.000000000000000000, 0.000000000000000000, 1.000000000000000000 ) ) ;
#5582 = VECTOR ( 'NONE', #7465, 1000.000000000000000 ) ;
#5583 = PLANE ( 'NONE',  #6577 ) ;
#5584 = VERTEX_POINT ( 'NONE', #3251 ) ;
#5585 = DIRECTION ( 'NONE',  ( 3.942553354492743531E-16, 0.000000000000000000, -1.000000000000000000 ) ) ;
#5586 = DIRECTION ( 'NONE',  ( 0.000000000000000000, 0.000000000000000000, -1.000000000000000000 ) ) ;
#5587 = EDGE_CURVE ( 'NONE', #4986, #1604, #5274, .T. ) ;
#5588 = DIRECTION ( 'NONE',  ( 0.000000000000000000, 0.000000000000000000, 1.000000000000000000 ) ) ;
#5589 = ORIENTED_EDGE ( 'NONE', *, *, #5365, .T. ) ;
#5590 = PLANE ( 'NONE',  #6109 ) ;
#5591 = FACE_OUTER_BOUND ( 'NONE', #773, .T. ) ;
#5592 = DIRECTION ( 'NONE',  ( 0.000000000000000000, 1.000000000000000000, 0.000000000000000000 ) ) ;
#5593 = AXIS2_PLACEMENT_3D ( 'NONE', #4616, #7426, #5849 ) ;
#5594 = ORIENTED_EDGE ( 'NONE', *, *, #7333, .T. ) ;
#5595 = DIRECTION ( 'NONE',  ( 0.000000000000000000, 0.000000000000000000, -1.000000000000000000 ) ) ;
#5596 = PLANE ( 'NONE',  #2941 ) ;
#5597 = ORIENTED_EDGE ( 'NONE', *, *, #1664, .F. ) ;
#5598 = VECTOR ( 'NONE', #6047, 1000.000000000000000 ) ;
#5599 = ORIENTED_EDGE ( 'NONE', *, *, #908, .T. ) ;
#5600 = FACE_OUTER_BOUND ( 'NONE', #3138, .T. ) ;
#5601 = LINE ( 'NONE', #6028, #6029 ) ;
#5602 = CARTESIAN_POINT ( 'NONE',  ( -1.125000000000001332, 0.3200000000000000067, 1.624999999999999112 ) ) ;
#5603 = EDGE_CURVE ( 'NONE', #2585, #5157, #5546, .T. ) ;
#5604 = ADVANCED_FACE ( 'NONE', ( #8394, #5505 ), #5916, .F. ) ;
#5605 = EDGE_CURVE ( 'NONE', #9042, #2142, #5449, .T. ) ;
#5606 = DIRECTION ( 'NONE',  ( 0.000000000000000000, 0.000000000000000000, -1.000000000000000000 ) ) ;
#5607 = ORIENTED_EDGE ( 'NONE', *, *, #5365, .F. ) ;
#5608 = CARTESIAN_POINT ( 'NONE',  ( 1.534381519444564690, 0.3000000000000000444, -1.124999999999998668 ) ) ;
#5609 = FILL_AREA_STYLE ('',( #2651 ) ) ;
#5610 = LINE ( 'NONE', #595, #2292 ) ;
#5611 = PLANE ( 'NONE',  #2494 ) ;
#5612 = CARTESIAN_POINT ( 'NONE',  ( 1.199999999999999734, 0.2999999999999999889, -1.444999999999999840 ) ) ;
#5613 = ORIENTED_EDGE ( 'NONE', *, *, #5838, .T. ) ;
#5614 = CARTESIAN_POINT ( 'NONE',  ( -0.3149999999999993916, 4.621194077712559078, -0.5300000000000001377 ) ) ;
#5615 = CARTESIAN_POINT ( 'NONE',  ( -0.9499999999999978462, 0.02500000000000000139, 0.6999999999999988454 ) ) ;
#5616 = CARTESIAN_POINT ( 'NONE',  ( 1.124999999999999778, 0.3200000000000000067, -1.534381519444566244 ) ) ;
#5617 = FACE_OUTER_BOUND ( 'NONE', #3083, .T. ) ;
#5618 = ORIENTED_EDGE ( 'NONE', *, *, #1290, .F. ) ;
#5619 = EDGE_CURVE ( 'NONE', #7260, #422, #8481, .T. ) ;
#5620 = DIRECTION ( 'NONE',  ( 0.7071067811865483499, 0.000000000000000000, -0.7071067811865467956 ) ) ;
#5621 = ORIENTED_EDGE ( 'NONE', *, *, #6375, .F. ) ;
#5622 = ADVANCED_FACE ( 'NONE', ( #2410 ), #8906, .F. ) ;
#5623 = VECTOR ( 'NONE', #9067, 1000.000000000000000 ) ;
#5624 = ORIENTED_EDGE ( 'NONE', *, *, #827, .F. ) ;
#5625 = LINE ( 'NONE', #2047, #8698 ) ;
#5626 = EDGE_CURVE ( 'NONE', #2366, #6959, #5476, .T. ) ;
#5627 = PLANE ( 'NONE',  #8519 ) ;
#5628 = DIRECTION ( 'NONE',  ( 1.000000000000000000, 0.000000000000000000, -3.212450881438526817E-16 ) ) ;
#5629 = DIRECTION ( 'NONE',  ( 1.000000000000000000, -0.000000000000000000, 2.710505431213764536E-16 ) ) ;
#5630 = VECTOR ( 'NONE', #5317, 1000.000000000000000 ) ;
#5631 = VERTEX_POINT ( 'NONE', #6628 ) ;
#5632 = CARTESIAN_POINT ( 'NONE',  ( -1.624999999999995559, 0.3200000000000000067, -0.4000000000000168421 ) ) ;
#5633 = CARTESIAN_POINT ( 'NONE',  ( 0.9499999999999985123, 0.000000000000000000, -1.625000000000000000 ) ) ;
#5634 = EDGE_CURVE ( 'NONE', #6787, #3609, #5490, .T. ) ;
#5635 = ORIENTED_EDGE ( 'NONE', *, *, #5096, .F. ) ;
#5636 = EDGE_CURVE ( 'NONE', #225, #1550, #8521, .T. ) ;
#5637 = LINE ( 'NONE', #402, #8312 ) ;
#5638 = PLANE ( 'NONE',  #545 ) ;
#5639 = ADVANCED_FACE ( 'NONE', ( #2271 ), #4500, .T. ) ;
#5640 = ORIENTED_EDGE ( 'NONE', *, *, #1036, .T. ) ;
#5641 = DIRECTION ( 'NONE',  ( 0.000000000000000000, 0.000000000000000000, 1.000000000000000000 ) ) ;
#5642 = EDGE_CURVE ( 'NONE', #9072, #3255, #2455, .T. ) ;
#5643 = VECTOR ( 'NONE', #5468, 1000.000000000000000 ) ;
#5644 = EDGE_CURVE ( 'NONE', #6838, #6608, #2237, .T. ) ;
#5645 = EDGE_LOOP ( 'NONE', ( #8959, #8156, #5320, #9101 ) ) ;
#5646 = DIRECTION ( 'NONE',  ( 0.000000000000000000, 0.000000000000000000, -1.000000000000000000 ) ) ;
#5647 = DIRECTION ( 'NONE',  ( -1.000000000000000000, -0.000000000000000000, -3.212450881438524845E-16 ) ) ;
#5648 = DIRECTION ( 'NONE',  ( -0.000000000000000000, 1.000000000000000000, -0.000000000000000000 ) ) ;
#5649 = CARTESIAN_POINT ( 'NONE',  ( 1.125000000000000222, 0.3200000000000000067, 1.534381519444567132 ) ) ;
#5650 = ORIENTED_EDGE ( 'NONE', *, *, #7212, .F. ) ;
#5651 = EDGE_CURVE ( 'NONE', #609, #4707, #8287, .T. ) ;
#5652 = CARTESIAN_POINT ( 'NONE',  ( -0.3999999999999989675, 0.000000000000000000, -0.9500000000000001776 ) ) ;
#5653 = EDGE_LOOP ( 'NONE', ( #6591, #7042, #4085, #6771 ) ) ;
#5654 = VECTOR ( 'NONE', #9031, 1000.000000000000000 ) ;
#5655 = DIRECTION ( 'NONE',  ( 0.000000000000000000, 0.000000000000000000, 1.000000000000000000 ) ) ;
#5656 = CYLINDRICAL_SURFACE ( 'NONE', #2621, 1.524999999999999911 ) ;
#5657 = DIRECTION ( 'NONE',  ( -0.000000000000000000, -1.000000000000000000, 0.000000000000000000 ) ) ;
#5658 = AXIS2_PLACEMENT_3D ( 'NONE', #1104, #6152, #8277 ) ;
#5659 = EDGE_CURVE ( 'NONE', #4688, #7806, #5321, .T. ) ;
#5660 = ORIENTED_EDGE ( 'NONE', *, *, #1122, .F. ) ;
#5661 = DIRECTION ( 'NONE',  ( -0.000000000000000000, 1.000000000000000000, -0.000000000000000000 ) ) ;
#5662 = CARTESIAN_POINT ( 'NONE',  ( 1.499999999999999778, 0.05000000000000000278, -0.3999999999999999667 ) ) ;
#5663 = LINE ( 'NONE', #2936, #8916 ) ;
#5664 = CARTESIAN_POINT ( 'NONE',  ( 1.444999999999998286, 0.3400000000000000244, -1.199999999999998623 ) ) ;
#5665 = EDGE_CURVE ( 'NONE', #6959, #8578, #2283, .T. ) ;
#5666 = EDGE_CURVE ( 'NONE', #2264, #4619, #8359, .T. ) ;
#5667 = CARTESIAN_POINT ( 'NONE',  ( 0.5349999999999999201, 0.05000000000000000278, 0.5300000000000002487 ) ) ;
#5668 = VERTEX_POINT ( 'NONE', #8010 ) ;
#5669 = PRESENTATION_STYLE_ASSIGNMENT (( #2743 ) ) ;
#5670 = LINE ( 'NONE', #3567, #2749 ) ;
#5671 = CARTESIAN_POINT ( 'NONE',  ( 1.499999999999998224, 0.05000000000000000278, -0.6999999999999982903 ) ) ;
#5672 = DIRECTION ( 'NONE',  ( -0.000000000000000000, -1.000000000000000000, -0.000000000000000000 ) ) ;
#5673 = CARTESIAN_POINT ( 'NONE',  ( 1.199999999999999734, 0.3200000000000000067, -1.444999999999999840 ) ) ;
#5674 = VECTOR ( 'NONE', #9003, 1000.000000000000000 ) ;
#5675 = EDGE_LOOP ( 'NONE', ( #7176, #1138, #4153, #7987 ) ) ;
#5676 = AXIS2_PLACEMENT_3D ( 'NONE', #704, #106, #5008 ) ;
#5677 = ADVANCED_FACE ( 'NONE', ( #5701 ), #8828, .T. ) ;
#5678 = CARTESIAN_POINT ( 'NONE',  ( 0.3999999999999893641, 0.3400000000000000244, 1.523359773658215621 ) ) ;
#5679 = EDGE_CURVE ( 'NONE', #746, #230, #8750, .T. ) ;
#5680 = EDGE_CURVE ( 'NONE', #6207, #3405, #2603, .T. ) ;
#5681 =( LENGTH_UNIT ( ) NAMED_UNIT ( * ) SI_UNIT ( .MILLI., .METRE. ) );
#5682 = ORIENTED_EDGE ( 'NONE', *, *, #1071, .T. ) ;
#5683 = VECTOR ( 'NONE', #8706, 1000.000000000000000 ) ;
#5684 = ORIENTED_EDGE ( 'NONE', *, *, #643, .F. ) ;
#5685 = VECTOR ( 'NONE', #4988, 1000.000000000000000 ) ;
#5686 = VECTOR ( 'NONE', #381, 1000.000000000000000 ) ;
#5687 = CARTESIAN_POINT ( 'NONE',  ( 1.534381519444564690, -0.2789528969834105254, -1.124999999999998668 ) ) ;
#5688 = DIRECTION ( 'NONE',  ( 1.000000000000000000, -0.000000000000000000, 0.000000000000000000 ) ) ;
#5689 = CIRCLE ( 'NONE', #9091, 1.104216149583350903 ) ;
#5690 = ORIENTED_EDGE ( 'NONE', *, *, #5085, .F. ) ;
#5691 = CARTESIAN_POINT ( 'NONE',  ( 1.414999999999999147, 0.3200000000000000067, 1.415000000000000702 ) ) ;
#5692 = DIRECTION ( 'NONE',  ( 0.000000000000000000, 1.000000000000000000, 0.000000000000000000 ) ) ;
#5693 = DIRECTION ( 'NONE',  ( 1.000000000000000000, 0.000000000000000000, -8.031127203596329369E-17 ) ) ;
#5694 = STYLED_ITEM ( 'NONE', ( #5463 ), #3156 ) ;
#5695 = EDGE_CURVE ( 'NONE', #3425, #3657, #5791, .T. ) ;
#5696 = VERTEX_POINT ( 'NONE', #1164 ) ;
#5697 = LINE ( 'NONE', #9027, #8764 ) ;
#5698 = DIRECTION ( 'NONE',  ( -0.000000000000000000, -1.000000000000000000, -0.000000000000000000 ) ) ;
#5699 = EDGE_CURVE ( 'NONE', #8080, #2526, #8810, .T. ) ;
#5700 = ORIENTED_EDGE ( 'NONE', *, *, #1271, .T. ) ;
#5701 = FACE_OUTER_BOUND ( 'NONE', #8975, .T. ) ;
#5702 = CARTESIAN_POINT ( 'NONE',  ( 1.444999999999998286, 0.3000000000000000444, -1.199999999999998623 ) ) ;
#5703 = VECTOR ( 'NONE', #6621, 1000.000000000000000 ) ;
#5704 = VECTOR ( 'NONE', #2039, 1000.000000000000000 ) ;
#5705 = ORIENTED_EDGE ( 'NONE', *, *, #7116, .T. ) ;
#5706 = CARTESIAN_POINT ( 'NONE',  ( -1.625000000000000222, 0.02500000000000000139, -0.6999999999999972911 ) ) ;
#5707 = ORIENTED_EDGE ( 'NONE', *, *, #2574, .T. ) ;
#5708 = DIRECTION ( 'NONE',  ( -0.000000000000000000, -1.000000000000000000, -0.000000000000000000 ) ) ;
#5709 = SURFACE_SIDE_STYLE ('',( #6383 ) ) ;
#5710 = ORIENTED_EDGE ( 'NONE', *, *, #4228, .F. ) ;
#5711 = EDGE_CURVE ( 'NONE', #8161, #5233, #5625, .T. ) ;
#5712 = VECTOR ( 'NONE', #8895, 1000.000000000000000 ) ;
#5713 = ORIENTED_EDGE ( 'NONE', *, *, #620, .T. ) ;
#5714 = FACE_OUTER_BOUND ( 'NONE', #7828, .T. ) ;
#5715 = LINE ( 'NONE', #8961, #2899 ) ;
#5716 = DIRECTION ( 'NONE',  ( 0.000000000000000000, 0.000000000000000000, -1.000000000000000000 ) ) ;
#5717 = LINE ( 'NONE', #1722, #2707 ) ;
#5718 = DIRECTION ( 'NONE',  ( -0.000000000000000000, -1.000000000000000000, -0.000000000000000000 ) ) ;
#5719 = ORIENTED_EDGE ( 'NONE', *, *, #8695, .F. ) ;
#5720 = VERTEX_POINT ( 'NONE', #4235 ) ;
#5721 = CARTESIAN_POINT ( 'NONE',  ( 1.414999999999999147, 0.3200000000000000067, -1.414999999999999813 ) ) ;
#5722 = VECTOR ( 'NONE', #8686, 1000.000000000000000 ) ;
#5723 = CARTESIAN_POINT ( 'NONE',  ( -0.3999999999999973022, 0.02500000000000000139, 1.500000000000001110 ) ) ;
#5724 = EDGE_CURVE ( 'NONE', #3690, #4180, #8874, .T. ) ;
#5725 = DIRECTION ( 'NONE',  ( 1.000000000000000000, -0.000000000000000000, 4.015563601798169738E-16 ) ) ;
#5726 = ORIENTED_EDGE ( 'NONE', *, *, #6401, .T. ) ;
#5727 = VECTOR ( 'NONE', #921, 1000.000000000000000 ) ;
#5728 = VECTOR ( 'NONE', #4269, 1000.000000000000000 ) ;
#5729 = CARTESIAN_POINT ( 'NONE',  ( -1.415000000000000480, 0.3000000000000000444, 1.444999999999998952 ) ) ;
#5730 = DIRECTION ( 'NONE',  ( 1.000000000000000000, 0.000000000000000000, 0.000000000000000000 ) ) ;
#5731 = ADVANCED_FACE ( 'NONE', ( #8766 ), #5528, .F. ) ;
#5732 = VECTOR ( 'NONE', #7661, 1000.000000000000000 ) ;
#5733 = CARTESIAN_POINT ( 'NONE',  ( -1.444999999999999618, 0.3200000000000000067, 1.199999999999997735 ) ) ;
#5734 = ORIENTED_EDGE ( 'NONE', *, *, #8307, .F. ) ;
#5735 = ORIENTED_EDGE ( 'NONE', *, *, #1017, .T. ) ;
#5736 = DIRECTION ( 'NONE',  ( 8.031127203596330602E-17, -0.000000000000000000, 1.000000000000000000 ) ) ;
#5737 = CARTESIAN_POINT ( 'NONE',  ( 1.499999999999999778, 0.05000000000000000278, -0.3999999999999999667 ) ) ;
#5738 = CARTESIAN_POINT ( 'NONE',  ( 1.414999999999999147, 0.3200000000000000067, 1.445000000000000728 ) ) ;
#5739 = ORIENTED_EDGE ( 'NONE', *, *, #2383, .F. ) ;
#5740 = MANIFOLD_SOLID_BREP ( 'Boss-Extrude3', #4991 ) ;
#5741 = VECTOR ( 'NONE', #2436, 999.9999999999998863 ) ;
#5742 = ORIENTED_EDGE ( 'NONE', *, *, #4211, .F. ) ;
#5743 = FACE_OUTER_BOUND ( 'NONE', #7407, .T. ) ;
#5744 = VECTOR ( 'NONE', #2560, 1000.000000000000000 ) ;
#5745 = LINE ( 'NONE', #8392, #8605 ) ;
#5746 = PLANE ( 'NONE',  #8588 ) ;
#5747 = EDGE_CURVE ( 'NONE', #2329, #6318, #2547, .T. ) ;
#5748 = DIRECTION ( 'NONE',  ( -2.344220913482167712E-16, 0.000000000000000000, -1.000000000000000000 ) ) ;
#5749 = ORIENTED_EDGE ( 'NONE', *, *, #8554, .F. ) ;
#5750 = DIRECTION ( 'NONE',  ( 1.000000000000000000, 0.000000000000000000, 9.856383386231857595E-17 ) ) ;
#5751 = ADVANCED_FACE ( 'NONE', ( #5819 ), #2777, .F. ) ;
#5752 = DIRECTION ( 'NONE',  ( 0.000000000000000000, 0.000000000000000000, 1.000000000000000000 ) ) ;
#5753 = AXIS2_PLACEMENT_3D ( 'NONE', #1919, #8225, #976 ) ;
#5754 = ORIENTED_EDGE ( 'NONE', *, *, #6994, .F. ) ;
#5755 = LINE ( 'NONE', #6603, #8795 ) ;
#5756 = PLANE ( 'NONE',  #244 ) ;
#5757 = VERTEX_POINT ( 'NONE', #3367 ) ;
#5758 = STYLED_ITEM ( 'NONE', ( #7754 ), #619 ) ;
#5759 = DIRECTION ( 'NONE',  ( -1.000000000000000000, 0.000000000000000000, 2.710505431213761578E-16 ) ) ;
#5760 = VECTOR ( 'NONE', #835, 1000.000000000000000 ) ;
#5761 = ORIENTED_EDGE ( 'NONE', *, *, #604, .T. ) ;
#5762 = EDGE_CURVE ( 'NONE', #5432, #3808, #5831, .T. ) ;
#5763 = CARTESIAN_POINT ( 'NONE',  ( 0.000000000000000000, 0.8500000000000000888, 0.000000000000000000 ) ) ;
#5764 = PLANE ( 'NONE',  #4981 ) ;
#5765 = CARTESIAN_POINT ( 'NONE',  ( 1.624999999999999778, 0.000000000000000000, 1.625000000000000000 ) ) ;
#5766 = DIRECTION ( 'NONE',  ( -2.710505431213760592E-16, 0.000000000000000000, -1.000000000000000000 ) ) ;
#5767 = EDGE_LOOP ( 'NONE', ( #3898, #4432, #567, #3852 ) ) ;
#5768 = ADVANCED_FACE ( 'NONE', ( #5600 ), #5638, .T. ) ;
#5769 = DIRECTION ( 'NONE',  ( -0.000000000000000000, 1.000000000000000000, -0.000000000000000000 ) ) ;
#5770 = AXIS2_PLACEMENT_3D ( 'NONE', #185, #6471, #2339 ) ;
#5771 = DIRECTION ( 'NONE',  ( -1.000000000000000000, 0.000000000000000000, 4.034240641806509359E-15 ) ) ;
#5772 = LINE ( 'NONE', #952, #5741 ) ;
#5773 = EDGE_CURVE ( 'NONE', #6691, #8571, #8657, .T. ) ;
#5774 = EDGE_CURVE ( 'NONE', #2318, #7532, #2632, .T. ) ;
#5775 = ORIENTED_EDGE ( 'NONE', *, *, #6072, .T. ) ;
#5776 = LINE ( 'NONE', #7809, #8949 ) ;
#5777 = PLANE ( 'NONE',  #493 ) ;
#5778 = VECTOR ( 'NONE', #6412, 1000.000000000000000 ) ;
#5779 = CARTESIAN_POINT ( 'NONE',  ( 1.624999999999999778, 0.000000000000000000, -0.3999999999999999667 ) ) ;
#5780 = CYLINDRICAL_SURFACE ( 'NONE', #5495, 0.06999999999999996503 ) ;
#5781 = PLANE ( 'NONE',  #6594 ) ;
#5782 = ORIENTED_EDGE ( 'NONE', *, *, #2962, .T. ) ;
#5783 = EDGE_CURVE ( 'NONE', #3182, #2942, #8860, .T. ) ;
#5784 = EDGE_CURVE ( 'NONE', #53, #5047, #5847, .T. ) ;
#5785 = ORIENTED_EDGE ( 'NONE', *, *, #7766, .F. ) ;
#5786 = DIRECTION ( 'NONE',  ( 0.000000000000000000, 1.000000000000000000, 0.000000000000000000 ) ) ;
#5787 = CARTESIAN_POINT ( 'NONE',  ( 0.5349999999999999201, 0.02500000000000000139, 0.5300000000000002487 ) ) ;
#5788 = CARTESIAN_POINT ( 'NONE',  ( 0.9499999999999982903, 0.05000000000000000278, -0.6999999999999984013 ) ) ;
#5789 = AXIS2_PLACEMENT_3D ( 'NONE', #4333, #534, #8306 ) ;
#5790 = ORIENTED_EDGE ( 'NONE', *, *, #5921, .T. ) ;
#5791 = CIRCLE ( 'NONE', #6417, 0.04000000000000010492 ) ;
#5792 = VECTOR ( 'NONE', #2959, 1000.000000000000000 ) ;
#5793 = AXIS2_PLACEMENT_3D ( 'NONE', #8644, #7124, #3686 ) ;
#5794 = EDGE_CURVE ( 'NONE', #3336, #5036, #8643, .T. ) ;
#5795 = FACE_OUTER_BOUND ( 'NONE', #6105, .T. ) ;
#5796 = CARTESIAN_POINT ( 'NONE',  ( 0.5349999999999999201, 0.05000000000000000278, 0.5300000000000002487 ) ) ;
#5797 = ORIENTED_EDGE ( 'NONE', *, *, #3755, .F. ) ;
#5798 = CARTESIAN_POINT ( 'NONE',  ( 1.464381519444564850, 0.2999999999999999889, 1.534381519444567132 ) ) ;
#5799 = ORIENTED_EDGE ( 'NONE', *, *, #6032, .F. ) ;
#5800 = DIRECTION ( 'NONE',  ( 0.000000000000000000, 0.000000000000000000, -1.000000000000000000 ) ) ;
#5801 = EDGE_LOOP ( 'NONE', ( #2406, #6031, #8384, #2191 ) ) ;
#5802 = EDGE_LOOP ( 'NONE', ( #978, #701, #1077, #4894 ) ) ;
#5803 = CIRCLE ( 'NONE', #7741, 0.04000000000000010492 ) ;
#5804 = AXIS2_PLACEMENT_3D ( 'NONE', #1437, #7703, #4205 ) ;
#5805 = CARTESIAN_POINT ( 'NONE',  ( 0.000000000000000000, 0.3400000000000000244, 0.000000000000000000 ) ) ;
#5806 = ADVANCED_FACE ( 'NONE', ( #5743 ), #4839, .T. ) ;
#5807 = DIRECTION ( 'NONE',  ( -0.000000000000000000, 1.000000000000000000, -0.000000000000000000 ) ) ;
#5808 = EDGE_CURVE ( 'NONE', #8827, #6165, #8669, .T. ) ;
#5809 = DIRECTION ( 'NONE',  ( 0.000000000000000000, 0.000000000000000000, -1.000000000000000000 ) ) ;
#5810 = VERTEX_POINT ( 'NONE', #6376 ) ;
#5811 = CARTESIAN_POINT ( 'NONE',  ( 0.9499999999999987343, 0.02500000000000000139, 0.6999999999999992895 ) ) ;
#5812 = DIRECTION ( 'NONE',  ( -1.000000000000000000, 0.000000000000000000, 0.000000000000000000 ) ) ;
#5813 = PLANE ( 'NONE',  #4677 ) ;
#5814 = CARTESIAN_POINT ( 'NONE',  ( 0.9500000000000001776, 0.05000000000000000278, 1.500000000000000666 ) ) ;
#5815 = VERTEX_POINT ( 'NONE', #621 ) ;
#5816 = LINE ( 'NONE', #7996, #5683 ) ;
#5817 = DIRECTION ( 'NONE',  ( -1.000000000000000000, 0.000000000000000000, -0.000000000000000000 ) ) ;
#5818 = ORIENTED_EDGE ( 'NONE', *, *, #8885, .T. ) ;
#5819 = FACE_OUTER_BOUND ( 'NONE', #3973, .T. ) ;
#5820 = ORIENTED_EDGE ( 'NONE', *, *, #3310, .T. ) ;
#5821 = EDGE_CURVE ( 'NONE', #6846, #3926, #5860, .T. ) ;
#5822 = DIRECTION ( 'NONE',  ( -0.000000000000000000, -1.000000000000000000, -0.000000000000000000 ) ) ;
#5823 = ADVANCED_FACE ( 'NONE', ( #2823 ), #5933, .F. ) ;
#5824 = DIRECTION ( 'NONE',  ( 0.000000000000000000, 0.000000000000000000, 1.000000000000000000 ) ) ;
#5825 = PLANE ( 'NONE',  #681 ) ;
#5826 = CARTESIAN_POINT ( 'NONE',  ( 1.812477262738082678E-16, 1.610000000000000098, 1.459999999999999742 ) ) ;
#5827 = DIRECTION ( 'NONE',  ( 3.516331370223249842E-16, 0.000000000000000000, -1.000000000000000000 ) ) ;
#5828 = EDGE_LOOP ( 'NONE', ( #3993, #2026, #4964, #7108 ) ) ;
#5829 = FACE_OUTER_BOUND ( 'NONE', #6805, .T. ) ;
#5830 = ORIENTED_EDGE ( 'NONE', *, *, #4115, .T. ) ;
#5831 = LINE ( 'NONE', #6966, #2662 ) ;
#5832 = CARTESIAN_POINT ( 'NONE',  ( 0.9499999999999982903, 0.000000000000000000, -0.6999999999999984013 ) ) ;
#5833 = LINE ( 'NONE', #5027, #2762 ) ;
#5834 = CARTESIAN_POINT ( 'NONE',  ( 1.500000000000000222, 0.05000000000000000278, 1.500000000000000444 ) ) ;
#5835 = LINE ( 'NONE', #6143, #2794 ) ;
#5836 = CARTESIAN_POINT ( 'NONE',  ( 1.199999999999999734, 0.3400000000000000244, -1.444999999999999840 ) ) ;
#5837 = ORIENTED_EDGE ( 'NONE', *, *, #724, .F. ) ;
#5838 = EDGE_CURVE ( 'NONE', #1284, #2193, #2590, .T. ) ;
#5839 = VERTEX_POINT ( 'NONE', #8619 ) ;
#5840 = ADVANCED_FACE ( 'NONE', ( #5714 ), #4415, .F. ) ;
#5841 = DIRECTION ( 'NONE',  ( 0.000000000000000000, -1.000000000000000000, 0.000000000000000000 ) ) ;
#5842 = EDGE_CURVE ( 'NONE', #484, #9109, #8734, .T. ) ;
#5843 = FACE_OUTER_BOUND ( 'NONE', #973, .T. ) ;
#5844 = CARTESIAN_POINT ( 'NONE',  ( -1.444999999999999618, 0.3400000000000000244, 1.199999999999997735 ) ) ;
#5845 = CARTESIAN_POINT ( 'NONE',  ( -1.625000000000000222, 0.02500000000000000139, -0.6999999999999972911 ) ) ;
#5846 = VERTEX_POINT ( 'NONE', #2982 ) ;
#5847 = LINE ( 'NONE', #561, #8887 ) ;
#5848 = FACE_OUTER_BOUND ( 'NONE', #8942, .T. ) ;
#5849 = DIRECTION ( 'NONE',  ( 1.000000000000000000, 0.000000000000000000, 3.826595902890019188E-16 ) ) ;
#5850 = EDGE_CURVE ( 'NONE', #3683, #2641, #2836, .T. ) ;
#5851 = CIRCLE ( 'NONE', #3054, 1.274999999999999911 ) ;
#5852 = ORIENTED_EDGE ( 'NONE', *, *, #120, .T. ) ;
#5853 = CARTESIAN_POINT ( 'NONE',  ( 2.168404344971008868E-16, 0.3200000000000000067, 4.336808689942017736E-16 ) ) ;
#5854 = ORIENTED_EDGE ( 'NONE', *, *, #5165, .T. ) ;
#5855 = VERTEX_POINT ( 'NONE', #8034 ) ;
#5856 = VERTEX_POINT ( 'NONE', #195 ) ;
#5857 = EDGE_CURVE ( 'NONE', #1604, #2128, #8631, .T. ) ;
#5858 = VECTOR ( 'NONE', #2876, 1000.000000000000000 ) ;
#5859 = VERTEX_POINT ( 'NONE', #986 ) ;
#5860 = LINE ( 'NONE', #1350, #2722 ) ;
#5861 = FACE_OUTER_BOUND ( 'NONE', #1154, .T. ) ;
#5862 = CARTESIAN_POINT ( 'NONE',  ( 1.454416764260048240E-16, 1.936904730469628300, -1.187621414821538712 ) ) ;
#5863 = VECTOR ( 'NONE', #738, 1000.000000000000000 ) ;
#5864 = DIRECTION ( 'NONE',  ( 0.000000000000000000, -1.000000000000000000, 0.000000000000000000 ) ) ;
#5865 = AXIS2_PLACEMENT_3D ( 'NONE', #2399, #3088, #3817 ) ;
#5866 = ORIENTED_EDGE ( 'NONE', *, *, #7979, .T. ) ;
#5867 = CARTESIAN_POINT ( 'NONE',  ( 1.464381519444564628, 0.3200000000000000067, -1.534381519444566244 ) ) ;
#5868 = CARTESIAN_POINT ( 'NONE',  ( 1.444999999999998286, 0.3200000000000000067, -1.199999999999998623 ) ) ;
#5869 = AXIS2_PLACEMENT_3D ( 'NONE', #6638, #8663, #3145 ) ;
#5870 = CARTESIAN_POINT ( 'NONE',  ( 1.414999999999999147, 0.3200000000000000067, 1.445000000000000728 ) ) ;
#5871 = VERTEX_POINT ( 'NONE', #3713 ) ;
#5872 = DIRECTION ( 'NONE',  ( 0.000000000000000000, -1.000000000000000000, 0.000000000000000000 ) ) ;
#5873 = VERTEX_POINT ( 'NONE', #1715 ) ;
#5874 = VECTOR ( 'NONE', #8674, 1000.000000000000000 ) ;
#5875 = FACE_OUTER_BOUND ( 'NONE', #3475, .T. ) ;
#5876 = ADVANCED_FACE ( 'NONE', ( #2578 ), #5756, .T. ) ;
#5877 = ORIENTED_EDGE ( 'NONE', *, *, #8032, .T. ) ;
#5878 = EDGE_LOOP ( 'NONE', ( #9061, #2835, #3889, #3217 ) ) ;
#5879 = AXIS2_PLACEMENT_3D ( 'NONE', #582, #7619, #8802 ) ;
#5880 = CARTESIAN_POINT ( 'NONE',  ( 1.414999999999999147, 0.3400000000000000244, 1.445000000000000728 ) ) ;
#5881 = CARTESIAN_POINT ( 'NONE',  ( 2.168404344971008868E-16, 0.3400000000000000244, 4.336808689942017736E-16 ) ) ;
#5882 = EDGE_CURVE ( 'NONE', #3255, #8029, #8902, .T. ) ;
#5883 = CARTESIAN_POINT ( 'NONE',  ( 0.9499999999999982903, 0.02500000000000000139, -0.6999999999999984013 ) ) ;
#5884 = DIRECTION ( 'NONE',  ( -0.6427876096865371425, 0.000000000000000000, 0.7660444431189800119 ) ) ;
#5885 = EDGE_CURVE ( 'NONE', #7506, #1953, #5776, .T. ) ;
#5886 = CARTESIAN_POINT ( 'NONE',  ( -1.445000000000000506, 0.3200000000000000067, 1.414999999999998703 ) ) ;
#5887 = ORIENTED_EDGE ( 'NONE', *, *, #3782, .T. ) ;
#5888 = CARTESIAN_POINT ( 'NONE',  ( -1.464381519444566182, 0.3000000000000000444, 1.464381519444565294 ) ) ;
#5889 = LINE ( 'NONE', #5968, #2746 ) ;
#5890 = ORIENTED_EDGE ( 'NONE', *, *, #7667, .F. ) ;
#5891 = VECTOR ( 'NONE', #4579, 1000.000000000000000 ) ;
#5892 = DIRECTION ( 'NONE',  ( -0.000000000000000000, -1.000000000000000000, -0.000000000000000000 ) ) ;
#5893 = FACE_OUTER_BOUND ( 'NONE', #1707, .T. ) ;
#5894 = DIRECTION ( 'NONE',  ( 0.000000000000000000, -1.000000000000000000, 0.000000000000000000 ) ) ;
#5895 = LINE ( 'NONE', #7597, #5863 ) ;
#5896 = CARTESIAN_POINT ( 'NONE',  ( -0.9499999999999992895, 0.02499999999999984873, 0.4000000000000016320 ) ) ;
#5897 = ORIENTED_EDGE ( 'NONE', *, *, #7517, .F. ) ;
#5898 = ORIENTED_EDGE ( 'NONE', *, *, #7021, .T. ) ;
#5899 = ADVANCED_FACE ( 'NONE', ( #3034 ), #3597, .T. ) ;
#5900 = AXIS2_PLACEMENT_3D ( 'NONE', #2537, #4477, #3894 ) ;
#5901 = VERTEX_POINT ( 'NONE', #5181 ) ;
#5902 = CARTESIAN_POINT ( 'NONE',  ( 1.534381519444564690, 0.3200000000000000067, 1.124999999999999556 ) ) ;
#5903 = SURFACE_SIDE_STYLE ('',( #4607 ) ) ;
#5904 = DIRECTION ( 'NONE',  ( -1.000000000000000000, 0.000000000000000000, 3.942553354492744024E-16 ) ) ;
#5905 = ORIENTED_EDGE ( 'NONE', *, *, #3702, .F. ) ;
#5906 = VECTOR ( 'NONE', #6704, 1000.000000000000000 ) ;
#5907 = LINE ( 'NONE', #31, #6099 ) ;
#5908 = DIRECTION ( 'NONE',  ( -1.000000000000000000, 0.000000000000000000, 0.000000000000000000 ) ) ;
#5909 = DIRECTION ( 'NONE',  ( -0.000000000000000000, 1.000000000000000000, -0.000000000000000000 ) ) ;
#5910 = DIRECTION ( 'NONE',  ( 1.971276677246372012E-16, 0.000000000000000000, -1.000000000000000000 ) ) ;
#5911 = PLANE ( 'NONE',  #3776 ) ;
#5912 = LINE ( 'NONE', #1541, #5925 ) ;
#5913 = ORIENTED_EDGE ( 'NONE', *, *, #2277, .T. ) ;
#5914 = CARTESIAN_POINT ( 'NONE',  ( -1.464381519444566182, -0.2789528969834105254, 1.534381519444565356 ) ) ;
#5915 = ORIENTED_EDGE ( 'NONE', *, *, #2809, .T. ) ;
#5916 = PLANE ( 'NONE',  #7129 ) ;
#5917 = AXIS2_PLACEMENT_3D ( 'NONE', #2934, #1478, #8754 ) ;
#5918 = EDGE_LOOP ( 'NONE', ( #6045, #2439, #8103, #5545 ) ) ;
#5919 = ADVANCED_FACE ( 'NONE', ( #2948 ), #7152, .T. ) ;
#5920 = DIRECTION ( 'NONE',  ( 4.034240641806509359E-15, 0.000000000000000000, 1.000000000000000000 ) ) ;
#5921 = EDGE_CURVE ( 'NONE', #7433, #8933, #6056, .T. ) ;
#5922 = ORIENTED_EDGE ( 'NONE', *, *, #34, .F. ) ;
#5923 = LINE ( 'NONE', #5836, #8997 ) ;
#5924 = LINE ( 'NONE', #6353, #5778 ) ;
#5925 = VECTOR ( 'NONE', #7045, 1000.000000000000000 ) ;
#5926 = CARTESIAN_POINT ( 'NONE',  ( -0.3999999999999989675, 0.05000000000000000278, -1.500000000000000222 ) ) ;
#5927 = ORIENTED_EDGE ( 'NONE', *, *, #598, .T. ) ;
#5928 = EDGE_LOOP ( 'NONE', ( #138, #4108, #6335, #3114 ) ) ;
#5929 = CARTESIAN_POINT ( 'NONE',  ( 0.4000000000000008549, 0.000000000000000000, 1.625000000000000888 ) ) ;
#5930 = EDGE_LOOP ( 'NONE', ( #8529, #2347, #6273, #8727 ) ) ;
#5931 = DIRECTION ( 'NONE',  ( -1.000000000000000000, 0.000000000000000000, -0.000000000000000000 ) ) ;
#5932 = EDGE_LOOP ( 'NONE', ( #8743, #5947, #7881, #8086 ) ) ;
#5933 = PLANE ( 'NONE',  #47 ) ;
#5934 = EDGE_CURVE ( 'NONE', #4980, #5203, #6074, .T. ) ;
#5935 = ORIENTED_EDGE ( 'NONE', *, *, #1215, .F. ) ;
#5936 = VECTOR ( 'NONE', #410, 1000.000000000000000 ) ;
#5937 = FACE_OUTER_BOUND ( 'NONE', #6600, .T. ) ;
#5938 = LINE ( 'NONE', #2442, #3107 ) ;
#5939 = EDGE_CURVE ( 'NONE', #6570, #4366, #6023, .T. ) ;
#5940 = ORIENTED_EDGE ( 'NONE', *, *, #2655, .T. ) ;
#5941 = ORIENTED_EDGE ( 'NONE', *, *, #2334, .T. ) ;
#5942 = DIRECTION ( 'NONE',  ( -0.000000000000000000, -0.000000000000000000, 1.000000000000000000 ) ) ;
#5943 = DIRECTION ( 'NONE',  ( -0.000000000000000000, -1.000000000000000000, -0.000000000000000000 ) ) ;
#5944 = CARTESIAN_POINT ( 'NONE',  ( -1.625000000000000222, 0.3200000000000000067, 1.625000000000000000 ) ) ;
#5945 = DIRECTION ( 'NONE',  ( 0.000000000000000000, -1.000000000000000000, 0.000000000000000000 ) ) ;
#5946 = DIRECTION ( 'NONE',  ( 1.000000000000000000, 0.000000000000000000, 1.013370494077467449E-14 ) ) ;
#5947 = ORIENTED_EDGE ( 'NONE', *, *, #1664, .T. ) ;
#5948 = DIRECTION ( 'NONE',  ( 1.000000000000000000, 0.000000000000000000, 1.971276677246372012E-16 ) ) ;
#5949 = VERTEX_POINT ( 'NONE', #90 ) ;
#5950 = FACE_OUTER_BOUND ( 'NONE', #6350, .T. ) ;
#5951 = EDGE_CURVE ( 'NONE', #6117, #7196, #9029, .T. ) ;
#5952 = FACE_OUTER_BOUND ( 'NONE', #304, .T. ) ;
#5953 = CARTESIAN_POINT ( 'NONE',  ( -1.200000000000001288, 0.2999999999999999889, 1.444999999999998952 ) ) ;
#5954 = VECTOR ( 'NONE', #3130, 1000.000000000000000 ) ;
#5955 = CARTESIAN_POINT ( 'NONE',  ( -1.464381519444566182, 0.3000000000000000444, 1.534381519444565356 ) ) ;
#5956 = EDGE_CURVE ( 'NONE', #7503, #6426, #5981, .T. ) ;
#5957 = CARTESIAN_POINT ( 'NONE',  ( 0.9499999999999996225, 0.02499999999999984873, -0.3999999999999999112 ) ) ;
#5958 = EDGE_LOOP ( 'NONE', ( #1248, #7189, #8422, #5494, #7336 ) ) ;
#5959 = ORIENTED_EDGE ( 'NONE', *, *, #1207, .T. ) ;
#5960 = ORIENTED_EDGE ( 'NONE', *, *, #162, .F. ) ;
#5961 = DIRECTION ( 'NONE',  ( -1.000000000000000000, 0.000000000000000000, 2.710505431213761578E-16 ) ) ;
#5962 = DIRECTION ( 'NONE',  ( -0.000000000000000000, -1.000000000000000000, -0.000000000000000000 ) ) ;
#5963 = CARTESIAN_POINT ( 'NONE',  ( 0.5349999999999999201, 4.621194077712559078, 0.5300000000000002487 ) ) ;
#5964 = VERTEX_POINT ( 'NONE', #141 ) ;
#5965 = LINE ( 'NONE', #2133, #6154 ) ;
#5966 = FACE_OUTER_BOUND ( 'NONE', #4444, .T. ) ;
#5967 = CARTESIAN_POINT ( 'NONE',  ( 0.3999999999999999667, 0.000000000000000000, -1.625000000000000000 ) ) ;
#5968 = CARTESIAN_POINT ( 'NONE',  ( 1.124999999999999778, 0.3200000000000000067, -1.625000000000000000 ) ) ;
#5969 = VECTOR ( 'NONE', #1752, 1000.000000000000000 ) ;
#5970 = CARTESIAN_POINT ( 'NONE',  ( 1.125000000000000222, 0.2999999999999999889, 1.534381519444567132 ) ) ;
#5971 = ORIENTED_EDGE ( 'NONE', *, *, #4950, .T. ) ;
#5972 = ORIENTED_EDGE ( 'NONE', *, *, #6500, .T. ) ;
#5973 = ADVANCED_FACE ( 'NONE', ( #3003 ), #3323, .F. ) ;
#5974 = ORIENTED_EDGE ( 'NONE', *, *, #766, .F. ) ;
#5975 = DIRECTION ( 'NONE',  ( -0.7660444431189800119, 0.000000000000000000, -0.6427876096865369204 ) ) ;
#5976 = VERTEX_POINT ( 'NONE', #464 ) ;
#5977 = CARTESIAN_POINT ( 'NONE',  ( 0.4000000000000000222, 0.000000000000000000, -0.9499999999999999556 ) ) ;
#5978 = AXIS2_PLACEMENT_3D ( 'NONE', #6798, #3141, #6574 ) ;
#5979 = EDGE_CURVE ( 'NONE', #5076, #6587, #3064, .T. ) ;
#5980 = ORIENTED_EDGE ( 'NONE', *, *, #2173, .T. ) ;
#5981 = CIRCLE ( 'NONE', #1645, 0.04000000000000032002 ) ;
#5982 = LINE ( 'NONE', #7384, #9048 ) ;
#5983 = DIRECTION ( 'NONE',  ( 1.000000000000000000, 0.000000000000000000, 0.000000000000000000 ) ) ;
#5984 = LINE ( 'NONE', #175, #5969 ) ;
#5985 = CARTESIAN_POINT ( 'NONE',  ( -1.624999999999998446, 0.02500000000000000139, 0.6999999999999981792 ) ) ;
#5986 = ORIENTED_EDGE ( 'NONE', *, *, #7209, .F. ) ;
#5987 = CARTESIAN_POINT ( 'NONE',  ( -1.200000000000001288, -0.2789528969834105254, 1.444999999999998952 ) ) ;
#5988 = ORIENTED_EDGE ( 'NONE', *, *, #4963, .F. ) ;
#5989 = ADVANCED_FACE ( 'NONE', ( #3092 ), #8989, .F. ) ;
#5990 = DIRECTION ( 'NONE',  ( -0.000000000000000000, -1.000000000000000000, -0.000000000000000000 ) ) ;
#5991 = CARTESIAN_POINT ( 'NONE',  ( 1.464381519444564628, 0.3000000000000000444, -1.464381519444566182 ) ) ;
#5992 = AXIS2_PLACEMENT_3D ( 'NONE', #6903, #7600, #3532 ) ;
#5993 = VERTEX_POINT ( 'NONE', #1998 ) ;
#5994 = VECTOR ( 'NONE', #3098, 1000.000000000000000 ) ;
#5995 = LINE ( 'NONE', #8327, #3207 ) ;
#5996 = EDGE_CURVE ( 'NONE', #8758, #3581, #6098, .T. ) ;
#5997 = FACE_OUTER_BOUND ( 'NONE', #6701, .T. ) ;
#5998 = ORIENTED_EDGE ( 'NONE', *, *, #6400, .T. ) ;
#5999 = ORIENTED_EDGE ( 'NONE', *, *, #2311, .T. ) ;
#6000 = PLANE ( 'NONE',  #7115 ) ;
#6001 = CARTESIAN_POINT ( 'NONE',  ( -0.3999999999999989675, 0.04999999999999991257, -0.9500000000000001776 ) ) ;
#6002 = CARTESIAN_POINT ( 'NONE',  ( 0.000000000000000000, 1.960000000000000853, 0.000000000000000000 ) ) ;
#6003 = CARTESIAN_POINT ( 'NONE',  ( -1.499999999999999556, 0.05000000000000000278, -0.6999999999999978462 ) ) ;
#6004 = CARTESIAN_POINT ( 'NONE',  ( 0.000000000000000000, 2.500000000000000444, 0.000000000000000000 ) ) ;
#6005 = VERTEX_POINT ( 'NONE', #8923 ) ;
#6006 = CARTESIAN_POINT ( 'NONE',  ( 0.000000000000000000, 1.569999999999999840, 0.000000000000000000 ) ) ;
#6007 = DIRECTION ( 'NONE',  ( -0.000000000000000000, 1.000000000000000000, -0.000000000000000000 ) ) ;
#6008 = ORIENTED_EDGE ( 'NONE', *, *, #7003, .T. ) ;
#6009 = FACE_OUTER_BOUND ( 'NONE', #7630, .T. ) ;
#6010 = DIRECTION ( 'NONE',  ( -0.000000000000000000, -1.000000000000000000, -0.000000000000000000 ) ) ;
#6011 = CIRCLE ( 'NONE', #385, 1.223873726303004839 ) ;
#6012 = AXIS2_PLACEMENT_3D ( 'NONE', #4537, #421, #5323 ) ;
#6013 = LINE ( 'NONE', #2506, #3039 ) ;
#6014 = DIRECTION ( 'NONE',  ( 0.000000000000000000, 0.000000000000000000, 1.000000000000000000 ) ) ;
#6015 = EDGE_CURVE ( 'NONE', #5584, #7620, #2964, .T. ) ;
#6016 = DIRECTION ( 'NONE',  ( -7.466940482676077022E-15, -0.000000000000000000, 1.000000000000000000 ) ) ;
#6017 = ORIENTED_EDGE ( 'NONE', *, *, #8054, .T. ) ;
#6018 = ORIENTED_EDGE ( 'NONE', *, *, #7616, .T. ) ;
#6019 = CARTESIAN_POINT ( 'NONE',  ( 1.500000000000000000, 0.05000000000000000278, 0.4000000000000000777 ) ) ;
#6020 = FILL_AREA_STYLE_COLOUR ( '', #1554 ) ;
#6021 = CARTESIAN_POINT ( 'NONE',  ( 0.4000000000000000222, 0.3400000000000000244, -1.625000000000000000 ) ) ;
#6022 = ORIENTED_EDGE ( 'NONE', *, *, #7667, .T. ) ;
#6023 = LINE ( 'NONE', #2350, #5994 ) ;
#6024 = LINE ( 'NONE', #613, #6212 ) ;
#6025 = DIRECTION ( 'NONE',  ( 0.000000000000000000, 0.000000000000000000, 1.000000000000000000 ) ) ;
#6026 = CARTESIAN_POINT ( 'NONE',  ( -1.444999999999999618, 0.3200000000000000067, 1.199999999999997735 ) ) ;
#6027 = ADVANCED_FACE ( 'NONE', ( #3133 ), #2988, .T. ) ;
#6028 = CARTESIAN_POINT ( 'NONE',  ( -1.464381519444566182, -0.2789528969834105254, 1.534381519444565134 ) ) ;
#6029 = VECTOR ( 'NONE', #5413, 1000.000000000000000 ) ;
#6030 = CARTESIAN_POINT ( 'NONE',  ( -0.3999999999999972466, 4.621194077712559078, 0.9500000000000010658 ) ) ;
#6031 = ORIENTED_EDGE ( 'NONE', *, *, #7562, .F. ) ;
#6032 = EDGE_CURVE ( 'NONE', #4405, #3733, #36, .T. ) ;
#6033 = PLANE ( 'NONE',  #8917 ) ;
#6034 = DIRECTION ( 'NONE',  ( 0.000000000000000000, -1.000000000000000000, -0.000000000000000000 ) ) ;
#6035 = EDGE_CURVE ( 'NONE', #2641, #972, #8967, .T. ) ;
#6036 = VERTEX_POINT ( 'NONE', #354 ) ;
#6037 = DIRECTION ( 'NONE',  ( 1.000000000000000000, 0.000000000000000000, 0.000000000000000000 ) ) ;
#6038 = ORIENTED_EDGE ( 'NONE', *, *, #2668, .F. ) ;
#6039 = FACE_OUTER_BOUND ( 'NONE', #6473, .T. ) ;
#6040 = VECTOR ( 'NONE', #1574, 1000.000000000000000 ) ;
#6041 = VECTOR ( 'NONE', #7304, 1000.000000000000000 ) ;
#6042 = CARTESIAN_POINT ( 'NONE',  ( 1.464381519444564628, 0.3200000000000000067, -1.534381519444566244 ) ) ;
#6043 = CARTESIAN_POINT ( 'NONE',  ( 0.9499999999999998446, 1.556154042586614050, 0.4000000000000001332 ) ) ;
#6044 = EDGE_LOOP ( 'NONE', ( #7589, #1073, #781, #927 ) ) ;
#6045 = ORIENTED_EDGE ( 'NONE', *, *, #4786, .F. ) ;
#6046 = ADVANCED_FACE ( 'NONE', ( #6009 ), #6054, .F. ) ;
#6047 = DIRECTION ( 'NONE',  ( -4.034240641806509359E-15, -0.000000000000000000, 1.000000000000000000 ) ) ;
#6048 = EDGE_CURVE ( 'NONE', #3909, #8758, #21, .T. ) ;
#6049 = DIRECTION ( 'NONE',  ( -0.000000000000000000, -1.000000000000000000, -0.000000000000000000 ) ) ;
#6050 = ORIENTED_EDGE ( 'NONE', *, *, #6374, .T. ) ;
#6051 = EDGE_CURVE ( 'NONE', #2128, #6678, #9013, .T. ) ;
#6052 = AXIS2_PLACEMENT_3D ( 'NONE', #3126, #8075, #7366 ) ;
#6053 = DIRECTION ( 'NONE',  ( 2.710505431213761578E-16, -0.000000000000000000, 1.000000000000000000 ) ) ;
#6054 = PLANE ( 'NONE',  #2156 ) ;
#6055 = ORIENTED_EDGE ( 'NONE', *, *, #2140, .F. ) ;
#6056 = LINE ( 'NONE', #6435, #50 ) ;
#6057 = VECTOR ( 'NONE', #7502, 1000.000000000000000 ) ;
#6058 = EDGE_CURVE ( 'NONE', #8912, #4231, #8919, .T. ) ;
#6059 = ORIENTED_EDGE ( 'NONE', *, *, #6476, .T. ) ;
#6060 = ORIENTED_EDGE ( 'NONE', *, *, #7316, .F. ) ;
#6061 = DIRECTION ( 'NONE',  ( -1.000000000000000000, 0.000000000000000000, -4.034240641806509359E-15 ) ) ;
#6062 = DIRECTION ( 'NONE',  ( 1.000000000000000000, 0.000000000000000000, -0.000000000000000000 ) ) ;
#6063 = DIRECTION ( 'NONE',  ( -0.000000000000000000, -1.000000000000000000, -0.000000000000000000 ) ) ;
#6064 = CARTESIAN_POINT ( 'NONE',  ( 1.444999999999999174, 0.3000000000000000444, 1.415000000000000480 ) ) ;
#6065 = CARTESIAN_POINT ( 'NONE',  ( -0.4000000000000000222, 0.3200000000000000067, -1.625000000000000000 ) ) ;
#6066 = EDGE_CURVE ( 'NONE', #3849, #8996, #9110, .T. ) ;
#6067 = CARTESIAN_POINT ( 'NONE',  ( 1.624999999999999778, 0.3200000000000000067, -1.625000000000000000 ) ) ;
#6068 = ORIENTED_EDGE ( 'NONE', *, *, #8338, .T. ) ;
#6069 = ADVANCED_FACE ( 'NONE', ( #2851 ), #2702, .T. ) ;
#6070 = EDGE_CURVE ( 'NONE', #3648, #4202, #6087, .T. ) ;
#6071 = PLANE ( 'NONE',  #9073 ) ;
#6072 = EDGE_CURVE ( 'NONE', #4842, #712, #5, .T. ) ;
#6073 = VERTEX_POINT ( 'NONE', #7565 ) ;
#6074 = LINE ( 'NONE', #7328, #88 ) ;
#6075 = VECTOR ( 'NONE', #5114, 1000.000000000000000 ) ;
#6076 = VECTOR ( 'NONE', #7753, 1000.000000000000000 ) ;
#6077 = CARTESIAN_POINT ( 'NONE',  ( 0.4000000000000001887, 0.05000000000000034972, -1.499999999999999778 ) ) ;
#6078 = VERTEX_POINT ( 'NONE', #2643 ) ;
#6079 = ORIENTED_EDGE ( 'NONE', *, *, #4665, .F. ) ;
#6080 = EDGE_CURVE ( 'NONE', #855, #7290, #6114, .T. ) ;
#6081 = MECHANICAL_DESIGN_GEOMETRIC_PRESENTATION_REPRESENTATION (  '', ( #628 ), #7639 ) ;
#6082 = ORIENTED_EDGE ( 'NONE', *, *, #3144, .F. ) ;
#6083 = CARTESIAN_POINT ( 'NONE',  ( 1.499999999999999778, 1.556154042586614050, -0.3999999999999999667 ) ) ;
#6084 = CARTESIAN_POINT ( 'NONE',  ( 0.000000000000000000, 0.7699999999999997957, 0.000000000000000000 ) ) ;
#6085 = DIRECTION ( 'NONE',  ( -1.000000000000000000, -0.000000000000000000, -1.971276677246371519E-16 ) ) ;
#6086 = ORIENTED_EDGE ( 'NONE', *, *, #1929, .F. ) ;
#6087 = LINE ( 'NONE', #6810, #9095 ) ;
#6088 = VECTOR ( 'NONE', #1241, 1000.000000000000227 ) ;
#6089 = PLANE ( 'NONE',  #4329 ) ;
#6090 = PLANE ( 'NONE',  #100 ) ;
#6091 = ORIENTED_EDGE ( 'NONE', *, *, #2529, .F. ) ;
#6092 = AXIS2_PLACEMENT_3D ( 'NONE', #8929, #8805, #3890 ) ;
#6093 = EDGE_CURVE ( 'NONE', #3996, #8782, #6196, .T. ) ;
#6094 = DIRECTION ( 'NONE',  ( -1.000000000000000000, -0.000000000000000000, 9.637352644315586861E-16 ) ) ;
#6095 = VERTEX_POINT ( 'NONE', #5602 ) ;
#6096 = DIRECTION ( 'NONE',  ( -1.000000000000000000, 0.000000000000000000, -1.971276677246371765E-16 ) ) ;
#6097 = ORIENTED_EDGE ( 'NONE', *, *, #8109, .T. ) ;
#6098 = LINE ( 'NONE', #4071, #5906 ) ;
#6099 = VECTOR ( 'NONE', #5693, 1000.000000000000000 ) ;
#6100 = EDGE_CURVE ( 'NONE', #4653, #2296, #2869, .T. ) ;
#6101 = PLANE ( 'NONE',  #3517 ) ;
#6102 = FACE_OUTER_BOUND ( 'NONE', #7112, .T. ) ;
#6103 = DIRECTION ( 'NONE',  ( 0.000000000000000000, 0.000000000000000000, 1.000000000000000000 ) ) ;
#6104 = DIRECTION ( 'NONE',  ( 0.000000000000000000, -1.000000000000000000, 0.000000000000000000 ) ) ;
#6105 = EDGE_LOOP ( 'NONE', ( #7224, #3932, #5119, #4163 ) ) ;
#6106 = CARTESIAN_POINT ( 'NONE',  ( -0.9499999999999978462, 4.621194077712559078, 0.6999999999999988454 ) ) ;
#6107 = CARTESIAN_POINT ( 'NONE',  ( -1.415000000000000480, 0.3200000000000000067, 1.414999999999998925 ) ) ;
#6108 = AXIS2_PLACEMENT_3D ( 'NONE', #8126, #7413, #3116 ) ;
#6109 = AXIS2_PLACEMENT_3D ( 'NONE', #560, #2044, #6261 ) ;
#6110 = EDGE_CURVE ( 'NONE', #6999, #4813, #3148, .T. ) ;
#6111 = ORIENTED_EDGE ( 'NONE', *, *, #233, .T. ) ;
#6112 = CARTESIAN_POINT ( 'NONE',  ( 1.464381519444564628, 0.3000000000000000444, -1.464381519444566182 ) ) ;
#6113 = VERTEX_POINT ( 'NONE', #3552 ) ;
#6114 = LINE ( 'NONE', #4138, #2898 ) ;
#6115 = VECTOR ( 'NONE', #3262, 1000.000000000000000 ) ;
#6116 = LINE ( 'NONE', #6958, #6144 ) ;
#6117 = VERTEX_POINT ( 'NONE', #5200 ) ;
#6118 = DIRECTION ( 'NONE',  ( -1.000000000000000000, 0.000000000000000000, -8.031127203596334299E-17 ) ) ;
#6119 = ADVANCED_FACE ( 'NONE', ( #5950 ), #8528, .T. ) ;
#6120 = DIRECTION ( 'NONE',  ( 1.000000000000000000, 0.000000000000000000, 8.031127203596334299E-17 ) ) ;
#6121 = CARTESIAN_POINT ( 'NONE',  ( 0.4000000000000008549, 0.02500000000000000139, 1.500000000000000444 ) ) ;
#6122 = AXIS2_PLACEMENT_3D ( 'NONE', #4429, #5771, #2250 ) ;
#6123 = VERTEX_POINT ( 'NONE', #9116 ) ;
#6124 = CARTESIAN_POINT ( 'NONE',  ( 1.414999999999998925, 0.3200000000000000067, -1.444999999999999840 ) ) ;
#6125 = ORIENTED_EDGE ( 'NONE', *, *, #8019, .T. ) ;
#6126 = VECTOR ( 'NONE', #4785, 1000.000000000000000 ) ;
#6127 = FACE_OUTER_BOUND ( 'NONE', #3882, .T. ) ;
#6128 = FACE_OUTER_BOUND ( 'NONE', #5423, .T. ) ;
#6129 = CARTESIAN_POINT ( 'NONE',  ( -1.500000000000001332, 0.05000000000000000278, 0.4000000000000019096 ) ) ;
#6130 = PLANE ( 'NONE',  #7451 ) ;
#6131 = ORIENTED_EDGE ( 'NONE', *, *, #2334, .F. ) ;
#6132 = ORIENTED_EDGE ( 'NONE', *, *, #4933, .F. ) ;
#6133 = ADVANCED_FACE ( 'NONE', ( #60 ), #5781, .F. ) ;
#6134 = DIRECTION ( 'NONE',  ( -0.000000000000000000, 1.000000000000000000, -0.000000000000000000 ) ) ;
#6135 = CARTESIAN_POINT ( 'NONE',  ( 1.499999999999998446, 0.05000000000000000278, -1.499999999999997780 ) ) ;
#6136 = DIRECTION ( 'NONE',  ( 3.516331370223249842E-16, -0.000000000000000000, 1.000000000000000000 ) ) ;
#6137 = EDGE_CURVE ( 'NONE', #7085, #940, #9047, .T. ) ;
#6138 = EDGE_LOOP ( 'NONE', ( #9077, #8886, #6685, #3060 ) ) ;
#6139 = VECTOR ( 'NONE', #6503, 1000.000000000000000 ) ;
#6140 = CIRCLE ( 'NONE', #2434, 1.500000000000000000 ) ;
#6141 = DIRECTION ( 'NONE',  ( 0.000000000000000000, -1.000000000000000000, 0.000000000000000000 ) ) ;
#6142 = CARTESIAN_POINT ( 'NONE',  ( -1.624999999999995559, 0.3200000000000000067, -0.4000000000000168421 ) ) ;
#6143 = CARTESIAN_POINT ( 'NONE',  ( -1.200000000000001288, 0.3200000000000000067, 1.444999999999998952 ) ) ;
#6144 = VECTOR ( 'NONE', #1518, 1000.000000000000000 ) ;
#6145 = EDGE_CURVE ( 'NONE', #5148, #6914, #3102, .T. ) ;
#6146 = CARTESIAN_POINT ( 'NONE',  ( -0.9499999999999998446, 4.621194077712559078, -1.625000000000000000 ) ) ;
#6147 = ORIENTED_EDGE ( 'NONE', *, *, #2584, .T. ) ;
#6148 = PLANE ( 'NONE',  #8400 ) ;
#6149 = VERTEX_POINT ( 'NONE', #3617 ) ;
#6150 = DIRECTION ( 'NONE',  ( -0.000000000000000000, 1.000000000000000000, -0.000000000000000000 ) ) ;
#6151 = ORIENTED_EDGE ( 'NONE', *, *, #204, .F. ) ;
#6152 = DIRECTION ( 'NONE',  ( 0.000000000000000000, 1.000000000000000000, 0.000000000000000000 ) ) ;
#6153 = ORIENTED_EDGE ( 'NONE', *, *, #3059, .F. ) ;
#6154 = VECTOR ( 'NONE', #4257, 1000.000000000000000 ) ;
#6155 = EDGE_CURVE ( 'NONE', #4545, #2420, #5965, .T. ) ;
#6156 = LINE ( 'NONE', #189, #3219 ) ;
#6157 = CARTESIAN_POINT ( 'NONE',  ( -0.9499999999999981792, 0.02500000000000000139, 1.625000000000000888 ) ) ;
#6158 = LINE ( 'NONE', #499, #9002 ) ;
#6159 = DIRECTION ( 'NONE',  ( -0.000000000000000000, -1.000000000000000000, -0.000000000000000000 ) ) ;
#6160 = DIRECTION ( 'NONE',  ( -0.000000000000000000, 1.000000000000000000, 0.000000000000000000 ) ) ;
#6161 = CARTESIAN_POINT ( 'NONE',  ( 0.9499999999999982903, 0.000000000000000000, -0.6999999999999984013 ) ) ;
#6162 = EDGE_LOOP ( 'NONE', ( #2000, #3780, #4375, #8910 ) ) ;
#6163 = VERTEX_POINT ( 'NONE', #7114 ) ;
#6164 = CARTESIAN_POINT ( 'NONE',  ( -1.625000000000000222, 0.3200000000000000067, -1.625000000000000000 ) ) ;
#6165 = VERTEX_POINT ( 'NONE', #163 ) ;
#6166 = DIRECTION ( 'NONE',  ( 0.000000000000000000, -0.000000000000000000, 1.000000000000000000 ) ) ;
#6167 = DIRECTION ( 'NONE',  ( -2.710505431213761085E-16, -0.000000000000000000, -1.000000000000000000 ) ) ;
#6168 = VERTEX_POINT ( 'NONE', #7051 ) ;
#6169 = FACE_OUTER_BOUND ( 'NONE', #8924, .T. ) ;
#6170 = LINE ( 'NONE', #6582, #89 ) ;
#6171 = ADVANCED_FACE ( 'NONE', ( #6039 ), #54, .F. ) ;
#6172 = VECTOR ( 'NONE', #8579, 1000.000000000000227 ) ;
#6173 = VERTEX_POINT ( 'NONE', #3680 ) ;
#6174 = ORIENTED_EDGE ( 'NONE', *, *, #5409, .T. ) ;
#6175 = CARTESIAN_POINT ( 'NONE',  ( 0.000000000000000000, 1.739023740181067756, -1.100000000000000089 ) ) ;
#6176 = DIRECTION ( 'NONE',  ( -1.000000000000000000, 0.000000000000000000, 5.421010862427522170E-16 ) ) ;
#6177 = EDGE_CURVE ( 'NONE', #8417, #1786, #103, .T. ) ;
#6178 = CARTESIAN_POINT ( 'NONE',  ( -1.625000000000000222, 0.02500000000000000139, -0.4000000000000010214 ) ) ;
#6179 = CARTESIAN_POINT ( 'NONE',  ( -1.099999999999999867, 1.555277818615441232, 0.000000000000000000 ) ) ;
#6180 = VERTEX_POINT ( 'NONE', #1420 ) ;
#6181 = AXIS2_PLACEMENT_3D ( 'NONE', #8503, #8610, #1396 ) ;
#6182 = PLANE ( 'NONE',  #8087 ) ;
#6183 = ORIENTED_EDGE ( 'NONE', *, *, #3344, .F. ) ;
#6184 = VECTOR ( 'NONE', #2759, 1000.000000000000000 ) ;
#6185 = LINE ( 'NONE', #5232, #3120 ) ;
#6186 = LINE ( 'NONE', #5140, #105 ) ;
#6187 = DIRECTION ( 'NONE',  ( -0.000000000000000000, 0.000000000000000000, 1.000000000000000000 ) ) ;
#6188 = CARTESIAN_POINT ( 'NONE',  ( -0.9499999999999997335, 0.05000000000000034972, -1.499999999999998002 ) ) ;
#6189 = ORIENTED_EDGE ( 'NONE', *, *, #5306, .F. ) ;
#6190 = ADVANCED_FACE ( 'NONE', ( #6169 ), #763, .T. ) ;
#6191 = ORIENTED_EDGE ( 'NONE', *, *, #2766, .T. ) ;
#6192 = DIRECTION ( 'NONE',  ( 0.000000000000000000, -1.000000000000000000, 0.000000000000000000 ) ) ;
#6193 = DIRECTION ( 'NONE',  ( 2.710505431213761085E-16, 0.000000000000000000, 1.000000000000000000 ) ) ;
#6194 = AXIS2_PLACEMENT_3D ( 'NONE', #3756, #6690, #5427 ) ;
#6195 = VERTEX_POINT ( 'NONE', #1546 ) ;
#6196 = LINE ( 'NONE', #3440, #3018 ) ;
#6197 = LINE ( 'NONE', #7731, #6075 ) ;
#6198 = PLANE ( 'NONE',  #6907 ) ;
#6199 = DIRECTION ( 'NONE',  ( -0.000000000000000000, -1.000000000000000000, -0.000000000000000000 ) ) ;
#6200 = EDGE_CURVE ( 'NONE', #746, #1711, #3119, .T. ) ;
#6201 = VECTOR ( 'NONE', #6447, 1000.000000000000000 ) ;
#6202 = DIRECTION ( 'NONE',  ( 0.000000000000000000, -0.000000000000000000, 1.000000000000000000 ) ) ;
#6203 = CARTESIAN_POINT ( 'NONE',  ( 0.3999999999999999667, 0.3200000000000000067, -1.523359773658212291 ) ) ;
#6204 = ORIENTED_EDGE ( 'NONE', *, *, #2598, .T. ) ;
#6205 = DIRECTION ( 'NONE',  ( 0.000000000000000000, 1.000000000000000000, 0.000000000000000000 ) ) ;
#6206 = EDGE_CURVE ( 'NONE', #4180, #8688, #5923, .T. ) ;
#6207 = VERTEX_POINT ( 'NONE', #1601 ) ;
#6208 = ADVANCED_FACE ( 'NONE', ( #2928 ), #7171, .T. ) ;
#6209 = DIRECTION ( 'NONE',  ( 3.516331370223249842E-16, -0.000000000000000000, 1.000000000000000000 ) ) ;
#6210 = ORIENTED_EDGE ( 'NONE', *, *, #2538, .F. ) ;
#6211 = FACE_OUTER_BOUND ( 'NONE', #4820, .T. ) ;
#6212 = VECTOR ( 'NONE', #798, 1000.000000000000000 ) ;
#6213 = AXIS2_PLACEMENT_3D ( 'NONE', #8577, #3481, #203 ) ;
#6214 = DIRECTION ( 'NONE',  ( 0.6427876096865369204, 0.000000000000000000, 0.7660444431189800119 ) ) ;
#6215 = LINE ( 'NONE', #4027, #6372 ) ;
#6216 = PLANE ( 'NONE',  #5028 ) ;
#6217 = AXIS2_PLACEMENT_3D ( 'NONE', #1334, #3463, #3025 ) ;
#6218 = EDGE_CURVE ( 'NONE', #70, #4667, #6382, .T. ) ;
#6219 = DIRECTION ( 'NONE',  ( 0.000000000000000000, -0.000000000000000000, 1.000000000000000000 ) ) ;
#6220 = ORIENTED_EDGE ( 'NONE', *, *, #94, .T. ) ;
#6221 = VERTEX_POINT ( 'NONE', #3730 ) ;
#6222 = VERTEX_POINT ( 'NONE', #2820 ) ;
#6223 = VECTOR ( 'NONE', #8821, 1000.000000000000000 ) ;
#6224 = VECTOR ( 'NONE', #9090, 1000.000000000000000 ) ;
#6225 = AXIS2_PLACEMENT_3D ( 'NONE', #4902, #1400, #5053 ) ;
#6226 = ORIENTED_EDGE ( 'NONE', *, *, #7523, .F. ) ;
#6227 = DIRECTION ( 'NONE',  ( -0.000000000000000000, -1.000000000000000000, -0.000000000000000000 ) ) ;
#6228 = EDGE_CURVE ( 'NONE', #3045, #8005, #6239, .T. ) ;
#6229 = CARTESIAN_POINT ( 'NONE',  ( 0.3999999999999893641, 0.3200000000000000067, 1.523359773658215621 ) ) ;
#6230 = CARTESIAN_POINT ( 'NONE',  ( 0.9500000000000000666, 0.02500000000000000139, 0.4000000000000007994 ) ) ;
#6231 = CARTESIAN_POINT ( 'NONE',  ( 1.124999999999999778, 0.3200000000000000067, -1.625000000000000000 ) ) ;
#6232 = EDGE_CURVE ( 'NONE', #6361, #3887, #6415, .T. ) ;
#6233 = DIRECTION ( 'NONE',  ( -1.000000000000000000, 0.000000000000000000, -3.826595902890018202E-16 ) ) ;
#6234 = EDGE_LOOP ( 'NONE', ( #6785, #3155, #59, #3191 ) ) ;
#6235 = CARTESIAN_POINT ( 'NONE',  ( 0.000000000000000000, 0.000000000000000000, -1.500000000000000000 ) ) ;
#6236 = DIRECTION ( 'NONE',  ( 0.000000000000000000, 0.000000000000000000, 1.000000000000000000 ) ) ;
#6237 = DIRECTION ( 'NONE',  ( 0.000000000000000000, 0.000000000000000000, 1.000000000000000000 ) ) ;
#6238 = ORIENTED_EDGE ( 'NONE', *, *, #1514, .T. ) ;
#6239 = LINE ( 'NONE', #4434, #139 ) ;
#6240 = VECTOR ( 'NONE', #8390, 1000.000000000000000 ) ;
#6241 = ADVANCED_FACE ( 'NONE', ( #3192 ), #6662, .T. ) ;
#6242 = VECTOR ( 'NONE', #7684, 1000.000000000000000 ) ;
#6243 = DIRECTION ( 'NONE',  ( 0.000000000000000000, -1.000000000000000000, 0.000000000000000000 ) ) ;
#6244 = CARTESIAN_POINT ( 'NONE',  ( -0.3999999999999999667, 0.3200000000000000067, -1.523359773658212291 ) ) ;
#6245 = ORIENTED_EDGE ( 'NONE', *, *, #5808, .F. ) ;
#6246 = EDGE_CURVE ( 'NONE', #2420, #6673, #159, .T. ) ;
#6247 = ORIENTED_EDGE ( 'NONE', *, *, #890, .F. ) ;
#6248 = CARTESIAN_POINT ( 'NONE',  ( -1.500000000000001332, 0.04999999999999991257, 0.6999999999999987343 ) ) ;
#6249 = AXIS2_PLACEMENT_3D ( 'NONE', #2739, #3359, #4112 ) ;
#6250 = DIRECTION ( 'NONE',  ( 9.856383386231857595E-17, 0.000000000000000000, -1.000000000000000000 ) ) ;
#6251 = ORIENTED_EDGE ( 'NONE', *, *, #6305, .T. ) ;
#6252 = VECTOR ( 'NONE', #4483, 1000.000000000000000 ) ;
#6253 = VECTOR ( 'NONE', #6478, 1000.000000000000000 ) ;
#6254 = DIRECTION ( 'NONE',  ( 1.000000000000000000, 0.000000000000000000, -2.710505431213767495E-16 ) ) ;
#6255 = DIRECTION ( 'NONE',  ( 0.000000000000000000, -0.000000000000000000, -1.000000000000000000 ) ) ;
#6256 = CARTESIAN_POINT ( 'NONE',  ( 1.500000000000000000, 0.04999999999999991257, 0.7000000000000003997 ) ) ;
#6257 = VECTOR ( 'NONE', #5095, 1000.000000000000000 ) ;
#6258 = CARTESIAN_POINT ( 'NONE',  ( -0.3999999999999990230, 0.02500000000000000139, -1.625000000000000000 ) ) ;
#6259 = ORIENTED_EDGE ( 'NONE', *, *, #8592, .F. ) ;
#6260 = ADVANCED_FACE ( 'NONE', ( #3205 ), #6607, .F. ) ;
#6261 = DIRECTION ( 'NONE',  ( 5.421010862427517240E-16, 0.000000000000000000, 1.000000000000000000 ) ) ;
#6262 = EDGE_CURVE ( 'NONE', #784, #656, #6294, .T. ) ;
#6263 = CARTESIAN_POINT ( 'NONE',  ( 1.125000000000000222, 0.3200000000000000067, 1.534381519444567132 ) ) ;
#6264 = ORIENTED_EDGE ( 'NONE', *, *, #334, .F. ) ;
#6265 = CARTESIAN_POINT ( 'NONE',  ( 0.4000000000000000222, 0.3200000000000000067, -1.625000000000000000 ) ) ;
#6266 = EDGE_CURVE ( 'NONE', #2366, #6332, #3420, .T. ) ;
#6267 = ORIENTED_EDGE ( 'NONE', *, *, #6634, .F. ) ;
#6268 = FACE_OUTER_BOUND ( 'NONE', #4029, .T. ) ;
#6269 = LINE ( 'NONE', #1339, #6115 ) ;
#6270 = FACE_OUTER_BOUND ( 'NONE', #2674, .T. ) ;
#6271 = CARTESIAN_POINT ( 'NONE',  ( -1.500000000000001332, 0.000000000000000000, 0.4000000000000018541 ) ) ;
#6272 = EDGE_CURVE ( 'NONE', #542, #4956, #169, .T. ) ;
#6273 = ORIENTED_EDGE ( 'NONE', *, *, #3595, .T. ) ;
#6274 = DIRECTION ( 'NONE',  ( -0.000000000000000000, -1.000000000000000000, 0.000000000000000000 ) ) ;
#6275 = EDGE_LOOP ( 'NONE', ( #6649, #6324, #7467, #3544 ) ) ;
#6276 = ADVANCED_FACE ( 'NONE', ( #3162 ), #7349, .T. ) ;
#6277 = DIRECTION ( 'NONE',  ( -0.000000000000000000, -1.000000000000000000, 0.000000000000000000 ) ) ;
#6278 = EDGE_CURVE ( 'NONE', #4828, #5402, #3176, .T. ) ;
#6279 = ORIENTED_EDGE ( 'NONE', *, *, #8109, .F. ) ;
#6280 = VECTOR ( 'NONE', #6546, 1000.000000000000000 ) ;
#6281 = LINE ( 'NONE', #7975, #3330 ) ;
#6282 = LINE ( 'NONE', #7408, #161 ) ;
#6283 = ORIENTED_EDGE ( 'NONE', *, *, #7911, .T. ) ;
#6284 = AXIS2_PLACEMENT_3D ( 'NONE', #4725, #4018, #6993 ) ;
#6285 = DIRECTION ( 'NONE',  ( 0.000000000000000000, -0.000000000000000000, 1.000000000000000000 ) ) ;
#6286 = EDGE_CURVE ( 'NONE', #606, #5757, #308, .T. ) ;
#6287 = EDGE_CURVE ( 'NONE', #215, #1521, #193, .T. ) ;
#6288 = DIRECTION ( 'NONE',  ( -0.000000000000000000, 1.000000000000000000, -0.000000000000000000 ) ) ;
#6289 = CARTESIAN_POINT ( 'NONE',  ( 1.499999999999999778, 0.05000000000000034972, -0.3999999999999999667 ) ) ;
#6290 = VERTEX_POINT ( 'NONE', #6077 ) ;
#6291 = AXIS2_PLACEMENT_3D ( 'NONE', #9093, #1346, #682 ) ;
#6292 = CARTESIAN_POINT ( 'NONE',  ( 0.4000000000000009104, 0.000000000000000000, 0.9500000000000008438 ) ) ;
#6293 = ORIENTED_EDGE ( 'NONE', *, *, #5136, .F. ) ;
#6294 = LINE ( 'NONE', #3230, #321 ) ;
#6295 = FACE_OUTER_BOUND ( 'NONE', #984, .T. ) ;
#6296 = EDGE_CURVE ( 'NONE', #7643, #3350, #3234, .T. ) ;
#6297 = VECTOR ( 'NONE', #4088, 1000.000000000000000 ) ;
#6298 = CARTESIAN_POINT ( 'NONE',  ( 2.168404344971008868E-16, 0.3200000000000000067, 4.336808689942017736E-16 ) ) ;
#6299 = UNCERTAINTY_MEASURE_WITH_UNIT (LENGTH_MEASURE( 1.000000000000000082E-05 ), #4703, 'distance_accuracy_value', 'NONE');
#6300 = DIRECTION ( 'NONE',  ( 8.031127203596333067E-17, 0.000000000000000000, -1.000000000000000000 ) ) ;
#6301 = VERTEX_POINT ( 'NONE', #1202 ) ;
#6302 = STYLED_ITEM ( 'NONE', ( #2398 ), #5500 ) ;
#6303 = EDGE_CURVE ( 'NONE', #1412, #3648, #270, .T. ) ;
#6304 = ORIENTED_EDGE ( 'NONE', *, *, #6137, .T. ) ;
#6305 = EDGE_CURVE ( 'NONE', #723, #5696, #3218, .T. ) ;
#6306 = APPLICATION_PROTOCOL_DEFINITION ( 'draft international standard', 'automotive_design', 1998, #1393 ) ;
#6307 = CARTESIAN_POINT ( 'NONE',  ( 1.464381519444564628, -0.2789528969834105254, -1.534381519444566244 ) ) ;
#6308 = DIRECTION ( 'NONE',  ( 0.7660444431189800119, 0.000000000000000000, 0.6427876096865369204 ) ) ;
#6309 = PLANE ( 'NONE',  #2137 ) ;
#6310 = CARTESIAN_POINT ( 'NONE',  ( -1.335000000000000187, 0.3200000000000000067, -1.197500000000000009 ) ) ;
#6311 = ORIENTED_EDGE ( 'NONE', *, *, #4565, .F. ) ;
#6312 = LINE ( 'NONE', #2018, #6462 ) ;
#6313 = CARTESIAN_POINT ( 'NONE',  ( 0.9499999999999987343, 0.000000000000000000, 0.6999999999999992895 ) ) ;
#6314 = CARTESIAN_POINT ( 'NONE',  ( 1.444999999999999174, -0.2789528969834105254, -1.414999999999999591 ) ) ;
#6315 = ADVANCED_FACE ( 'NONE', ( #6268 ), #1956, .F. ) ;
#6316 = DIRECTION ( 'NONE',  ( -0.000000000000000000, -1.000000000000000000, -0.000000000000000000 ) ) ;
#6317 = VECTOR ( 'NONE', #3901, 1000.000000000000000 ) ;
#6318 = VERTEX_POINT ( 'NONE', #262 ) ;
#6319 = DIRECTION ( 'NONE',  ( 2.710505431213760592E-16, -0.000000000000000000, -1.000000000000000000 ) ) ;
#6320 = AXIS2_PLACEMENT_3D ( 'NONE', #4823, #5585, #3467 ) ;
#6321 = ORIENTED_EDGE ( 'NONE', *, *, #3426, .F. ) ;
#6322 = DIRECTION ( 'NONE',  ( -1.000000000000000000, 0.000000000000000000, -7.885106708985486076E-16 ) ) ;
#6323 = EDGE_CURVE ( 'NONE', #4681, #8405, #3388, .T. ) ;
#6324 = ORIENTED_EDGE ( 'NONE', *, *, #3158, .T. ) ;
#6325 = VECTOR ( 'NONE', #1809, 1000.000000000000000 ) ;
#6326 = VECTOR ( 'NONE', #8244, 1000.000000000000000 ) ;
#6327 = CARTESIAN_POINT ( 'NONE',  ( 1.464381519444564850, 0.3200000000000000067, 1.534381519444567132 ) ) ;
#6328 = VECTOR ( 'NONE', #6352, 1000.000000000000000 ) ;
#6329 = CARTESIAN_POINT ( 'NONE',  ( -1.500000000000001332, 0.000000000000000000, 0.6999999999999982903 ) ) ;
#6330 = CARTESIAN_POINT ( 'NONE',  ( 1.624999999999997558, 0.3400000000000000244, 1.124999999999998668 ) ) ;
#6331 = CARTESIAN_POINT ( 'NONE',  ( 1.867586368699713327E-16, 0.7699999999999997957, 1.524999999999999911 ) ) ;
#6332 = VERTEX_POINT ( 'NONE', #3173 ) ;
#6333 = ADVANCED_FACE ( 'NONE', ( #6211 ), #8251, .F. ) ;
#6334 = CARTESIAN_POINT ( 'NONE',  ( 0.3999999999999993006, 0.04999999999999991257, 1.500000000000000666 ) ) ;
#6335 = ORIENTED_EDGE ( 'NONE', *, *, #6634, .T. ) ;
#6336 = MECHANICAL_DESIGN_GEOMETRIC_PRESENTATION_REPRESENTATION (  '', ( #1460 ), #1134 ) ;
#6337 = CARTESIAN_POINT ( 'NONE',  ( 1.444999999999999174, 0.3000000000000000444, 1.415000000000000480 ) ) ;
#6338 = DIRECTION ( 'NONE',  ( 0.000000000000000000, 0.000000000000000000, -1.000000000000000000 ) ) ;
#6339 = EDGE_CURVE ( 'NONE', #6222, #2318, #181, .T. ) ;
#6340 = ORIENTED_EDGE ( 'NONE', *, *, #7766, .T. ) ;
#6341 = FACE_OUTER_BOUND ( 'NONE', #1862, .T. ) ;
#6342 = VECTOR ( 'NONE', #3897, 1000.000000000000000 ) ;
#6343 = FACE_OUTER_BOUND ( 'NONE', #2897, .T. ) ;
#6344 = EDGE_CURVE ( 'NONE', #2879, #4653, #338, .T. ) ;
#6345 = EDGE_LOOP ( 'NONE', ( #5400, #4552, #7614, #8840 ) ) ;
#6346 = CARTESIAN_POINT ( 'NONE',  ( 0.000000000000000000, 0.8500000000000004219, 0.000000000000000000 ) ) ;
#6347 = DIRECTION ( 'NONE',  ( 0.000000000000000000, 0.000000000000000000, 1.000000000000000000 ) ) ;
#6348 = PLANE ( 'NONE',  #4094 ) ;
#6349 = CARTESIAN_POINT ( 'NONE',  ( 1.444999999999999174, -0.2789528969834105254, 1.415000000000000480 ) ) ;
#6350 = EDGE_LOOP ( 'NONE', ( #5081, #1136, #8493, #3043 ) ) ;
#6351 = DIRECTION ( 'NONE',  ( 1.000000000000000000, 0.000000000000000000, -3.942553354492743531E-16 ) ) ;
#6352 = DIRECTION ( 'NONE',  ( -1.000000000000000000, 0.000000000000000000, 0.000000000000000000 ) ) ;
#6353 = CARTESIAN_POINT ( 'NONE',  ( -0.9500000000000009548, 0.000000000000000000, -0.4000000000000007994 ) ) ;
#6354 = ORIENTED_EDGE ( 'NONE', *, *, #1468, .F. ) ;
#6355 = VECTOR ( 'NONE', #3341, 1000.000000000000000 ) ;
#6356 = VECTOR ( 'NONE', #6601, 1000.000000000000000 ) ;
#6357 = EDGE_CURVE ( 'NONE', #8531, #7875, #6474, .T. ) ;
#6358 = LINE ( 'NONE', #7464, #259 ) ;
#6359 = CARTESIAN_POINT ( 'NONE',  ( 1.624999999999999778, 0.02499999999999984873, 0.4000000000000008549 ) ) ;
#6360 =( NAMED_UNIT ( * ) SI_UNIT ( $, .STERADIAN. ) SOLID_ANGLE_UNIT ( ) );
#6361 = VERTEX_POINT ( 'NONE', #6571 ) ;
#6362 = EDGE_CURVE ( 'NONE', #3316, #4234, #3329, .T. ) ;
#6363 = AXIS2_PLACEMENT_3D ( 'NONE', #5671, #7002, #7705 ) ;
#6364 = ORIENTED_EDGE ( 'NONE', *, *, #3681, .F. ) ;
#6365 = CARTESIAN_POINT ( 'NONE',  ( 1.534381519444564690, 0.3200000000000000067, 1.124999999999999556 ) ) ;
#6366 = CARTESIAN_POINT ( 'NONE',  ( 1.624999999999999778, 4.621194077712559078, 0.4000000000000008549 ) ) ;
#6367 = ORIENTED_EDGE ( 'NONE', *, *, #6905, .F. ) ;
#6368 = VECTOR ( 'NONE', #2838, 1000.000000000000000 ) ;
#6369 = FACE_OUTER_BOUND ( 'NONE', #4480, .T. ) ;
#6370 = DIRECTION ( 'NONE',  ( -0.000000000000000000, 1.000000000000000000, -0.000000000000000000 ) ) ;
#6371 = CARTESIAN_POINT ( 'NONE',  ( 0.3999999999999999667, 0.3200000000000000067, -1.523359773658212291 ) ) ;
#6372 = VECTOR ( 'NONE', #1800, 1000.000000000000000 ) ;
#6373 = ORIENTED_EDGE ( 'NONE', *, *, #7296, .F. ) ;
#6374 = EDGE_CURVE ( 'NONE', #9008, #5361, #6312, .T. ) ;
#6375 = EDGE_CURVE ( 'NONE', #8787, #5304, #126, .T. ) ;
#6376 = CARTESIAN_POINT ( 'NONE',  ( -0.9500000000000009548, 0.05000000000000000278, -0.4000000000000007994 ) ) ;
#6377 = EDGE_LOOP ( 'NONE', ( #2628, #130, #1957, #164 ) ) ;
#6378 = DIRECTION ( 'NONE',  ( 2.710505431213761578E-16, 0.000000000000000000, 1.000000000000000000 ) ) ;
#6379 = EDGE_CURVE ( 'NONE', #7647, #4986, #3406, .T. ) ;
#6380 = EDGE_CURVE ( 'NONE', #475, #784, #219, .T. ) ;
#6381 = EDGE_LOOP ( 'NONE', ( #8479, #1357, #5416, #6245 ) ) ;
#6382 = LINE ( 'NONE', #7906, #3317 ) ;
#6383 = SURFACE_STYLE_FILL_AREA ( #3166 ) ;
#6384 = AXIS2_PLACEMENT_3D ( 'NONE', #821, #1545, #1419 ) ;
#6385 = CARTESIAN_POINT ( 'NONE',  ( 0.9500000000000001776, 0.05000000000000034972, 1.500000000000000666 ) ) ;
#6386 = VECTOR ( 'NONE', #4209, 1000.000000000000000 ) ;
#6387 = DIRECTION ( 'NONE',  ( 0.000000000000000000, 0.000000000000000000, -1.000000000000000000 ) ) ;
#6388 = CARTESIAN_POINT ( 'NONE',  ( 1.624999999999999778, 0.02499999999999984873, -0.3999999999999999667 ) ) ;
#6389 = DIRECTION ( 'NONE',  ( 0.7660444431189799008, 0.000000000000000000, 0.6427876096865370315 ) ) ;
#6390 = EDGE_LOOP ( 'NONE', ( #8363, #7882, #2229, #8276 ) ) ;
#6391 = DIRECTION ( 'NONE',  ( -2.710505431213764043E-16, 0.000000000000000000, 1.000000000000000000 ) ) ;
#6392 = DIRECTION ( 'NONE',  ( -1.029992063861229212E-14, -0.000000000000000000, 1.000000000000000000 ) ) ;
#6393 = DIRECTION ( 'NONE',  ( 1.000000000000000000, 0.000000000000000000, 0.000000000000000000 ) ) ;
#6394 = EDGE_CURVE ( 'NONE', #3336, #8405, #6427, .T. ) ;
#6395 = ORIENTED_EDGE ( 'NONE', *, *, #5096, .T. ) ;
#6396 = CARTESIAN_POINT ( 'NONE',  ( -0.9500000000000009548, 4.621194077712559078, -0.4000000000000007994 ) ) ;
#6397 = AXIS2_PLACEMENT_3D ( 'NONE', #4142, #4387, #7993 ) ;
#6398 = EDGE_LOOP ( 'NONE', ( #1637, #7210, #5363, #2342 ) ) ;
#6399 = VECTOR ( 'NONE', #72, 1000.000000000000000 ) ;
#6400 = EDGE_CURVE ( 'NONE', #6290, #3849, #352, .T. ) ;
#6401 = EDGE_CURVE ( 'NONE', #993, #7247, #3275, .T. ) ;
#6402 = LINE ( 'NONE', #6292, #6297 ) ;
#6403 = STYLED_ITEM ( 'NONE', ( #3700 ), #29 ) ;
#6404 = ORIENTED_EDGE ( 'NONE', *, *, #3819, .T. ) ;
#6405 = CARTESIAN_POINT ( 'NONE',  ( 0.5349999999999999201, 4.621194077712559078, -0.5299999999999998046 ) ) ;
#6406 = ADVANCED_FACE ( 'NONE', ( #3290 ), #600, .T. ) ;
#6407 = DIRECTION ( 'NONE',  ( -0.000000000000000000, -1.000000000000000000, -0.000000000000000000 ) ) ;
#6408 = DIRECTION ( 'NONE',  ( 0.000000000000000000, 0.000000000000000000, -1.000000000000000000 ) ) ;
#6409 = CARTESIAN_POINT ( 'NONE',  ( 0.9499999999999989564, 4.621194077712559078, 1.625000000000000888 ) ) ;
#6410 = ORIENTED_EDGE ( 'NONE', *, *, #3519, .F. ) ;
#6411 = CARTESIAN_POINT ( 'NONE',  ( 0.5349999999999999201, 4.621194077712559078, 0.5300000000000002487 ) ) ;
#6412 = DIRECTION ( 'NONE',  ( 1.000000000000000000, -0.000000000000000000, 4.015563601798169738E-16 ) ) ;
#6413 = PLANE ( 'NONE',  #8219 ) ;
#6414 = ORIENTED_EDGE ( 'NONE', *, *, #2789, .F. ) ;
#6415 = LINE ( 'NONE', #5896, #6280 ) ;
#6416 = FACE_OUTER_BOUND ( 'NONE', #5932, .T. ) ;
#6417 = AXIS2_PLACEMENT_3D ( 'NONE', #2860, #8399, #505 ) ;
#6418 = FACE_OUTER_BOUND ( 'NONE', #4258, .T. ) ;
#6419 = PLANE ( 'NONE',  #8606 ) ;
#6420 = CARTESIAN_POINT ( 'NONE',  ( -0.3149999999999993916, 0.04999999999999991257, -0.5300000000000001377 ) ) ;
#6421 = VERTEX_POINT ( 'NONE', #3751 ) ;
#6422 = ORIENTED_EDGE ( 'NONE', *, *, #2431, .T. ) ;
#6423 = DIRECTION ( 'NONE',  ( 0.000000000000000000, 0.000000000000000000, -1.000000000000000000 ) ) ;
#6424 = DIRECTION ( 'NONE',  ( -0.7660444431189800119, 0.000000000000000000, -0.6427876096865369204 ) ) ;
#6425 = CARTESIAN_POINT ( 'NONE',  ( 0.5349999999999999201, 0.000000000000000000, 0.5300000000000002487 ) ) ;
#6426 = VERTEX_POINT ( 'NONE', #722 ) ;
#6427 = LINE ( 'NONE', #9074, #256 ) ;
#6428 = CIRCLE ( 'NONE', #8971, 0.03000000000000007869 ) ;
#6429 = DIRECTION ( 'NONE',  ( 2.710505431213764043E-16, -0.000000000000000000, -1.000000000000000000 ) ) ;
#6430 = CARTESIAN_POINT ( 'NONE',  ( -0.9499999999999995115, 0.02499999999999984873, -0.6999999999999979572 ) ) ;
#6431 = LINE ( 'NONE', #2147, #197 ) ;
#6432 = MECHANICAL_DESIGN_GEOMETRIC_PRESENTATION_REPRESENTATION (  '', ( #6511 ), #7029 ) ;
#6433 = ORIENTED_EDGE ( 'NONE', *, *, #8757, .T. ) ;
#6434 = EDGE_CURVE ( 'NONE', #4522, #1111, #6452, .T. ) ;
#6435 = CARTESIAN_POINT ( 'NONE',  ( -1.125000000000001332, 0.3400000000000000244, 1.534381519444565356 ) ) ;
#6436 = EDGE_CURVE ( 'NONE', #4496, #3175, #3347, .T. ) ;
#6437 = DIRECTION ( 'NONE',  ( -1.000000000000000000, -0.000000000000000000, -0.000000000000000000 ) ) ;
#6438 = ORIENTED_EDGE ( 'NONE', *, *, #699, .T. ) ;
#6439 = VECTOR ( 'NONE', #2664, 1000.000000000000000 ) ;
#6440 = CARTESIAN_POINT ( 'NONE',  ( 1.199999999999999956, 0.3200000000000000067, 1.445000000000000728 ) ) ;
#6441 = LINE ( 'NONE', #2207, #339 ) ;
#6442 = DIRECTION ( 'NONE',  ( -0.000000000000000000, -1.000000000000000000, -0.000000000000000000 ) ) ;
#6443 = DIRECTION ( 'NONE',  ( 0.6427876096865369204, 0.000000000000000000, 0.7660444431189800119 ) ) ;
#6444 = CARTESIAN_POINT ( 'NONE',  ( 1.199999999999999956, 0.3000000000000000444, 1.445000000000000728 ) ) ;
#6445 = VERTEX_POINT ( 'NONE', #2092 ) ;
#6446 = CARTESIAN_POINT ( 'NONE',  ( 0.9499999999999985123, 0.02500000000000000139, -1.625000000000000000 ) ) ;
#6447 = DIRECTION ( 'NONE',  ( 2.710505431213760592E-16, 0.000000000000000000, 1.000000000000000000 ) ) ;
#6448 = EDGE_CURVE ( 'NONE', #1724, #2625, #366, .T. ) ;
#6449 = EDGE_CURVE ( 'NONE', #4216, #5489, #376, .T. ) ;
#6450 = DIRECTION ( 'NONE',  ( 0.000000000000000000, 0.000000000000000000, -1.000000000000000000 ) ) ;
#6451 = ORIENTED_EDGE ( 'NONE', *, *, #7679, .F. ) ;
#6452 = CIRCLE ( 'NONE', #6807, 1.459999999999999742 ) ;
#6453 = ADVANCED_FACE ( 'NONE', ( #6341 ), #112, .T. ) ;
#6454 = ORIENTED_EDGE ( 'NONE', *, *, #1291, .F. ) ;
#6455 = DIRECTION ( 'NONE',  ( 0.000000000000000000, 0.000000000000000000, -1.000000000000000000 ) ) ;
#6456 = DIRECTION ( 'NONE',  ( 2.710505431213764536E-16, 0.000000000000000000, -1.000000000000000000 ) ) ;
#6457 = EDGE_CURVE ( 'NONE', #1324, #786, #521, .T. ) ;
#6458 = DIRECTION ( 'NONE',  ( 1.000000000000000000, -0.000000000000000000, 2.710505431213761578E-16 ) ) ;
#6459 = DIRECTION ( 'NONE',  ( 0.000000000000000000, 0.000000000000000000, 1.000000000000000000 ) ) ;
#6460 = EDGE_CURVE ( 'NONE', #5361, #7172, #6625, .T. ) ;
#6461 = ORIENTED_EDGE ( 'NONE', *, *, #8991, .T. ) ;
#6462 = VECTOR ( 'NONE', #5920, 1000.000000000000000 ) ;
#6463 = LINE ( 'NONE', #8937, #6326 ) ;
#6464 = DIRECTION ( 'NONE',  ( 0.000000000000000000, 1.000000000000000000, 0.000000000000000000 ) ) ;
#6465 = VECTOR ( 'NONE', #774, 1000.000000000000000 ) ;
#6466 = EDGE_CURVE ( 'NONE', #8782, #6846, #3576, .T. ) ;
#6467 = CARTESIAN_POINT ( 'NONE',  ( -1.335000000000000187, 0.3400000000000000244, -1.197500000000000009 ) ) ;
#6468 = ORIENTED_EDGE ( 'NONE', *, *, #6767, .F. ) ;
#6469 = ADVANCED_FACE ( 'NONE', ( #491 ), #4159, .T. ) ;
#6470 = APPLICATION_CONTEXT ( 'automotive_design' ) ;
#6471 = DIRECTION ( 'NONE',  ( -0.000000000000000000, 0.000000000000000000, 1.000000000000000000 ) ) ;
#6472 = CARTESIAN_POINT ( 'NONE',  ( 1.464381519444564850, 0.2999999999999999889, 1.534381519444567132 ) ) ;
#6473 = EDGE_LOOP ( 'NONE', ( #7118, #6220, #7901, #8188 ) ) ;
#6474 = LINE ( 'NONE', #4033, #3264 ) ;
#6475 = CIRCLE ( 'NONE', #8850, 1.314999999999999947 ) ;
#6476 = EDGE_CURVE ( 'NONE', #7260, #7536, #6505, .T. ) ;
#6477 = DIRECTION ( 'NONE',  ( 0.000000000000000000, -1.000000000000000000, 0.000000000000000000 ) ) ;
#6478 = DIRECTION ( 'NONE',  ( -1.000000000000000000, 0.000000000000000000, 0.000000000000000000 ) ) ;
#6479 = LINE ( 'NONE', #4268, #6257 ) ;
#6480 = DIRECTION ( 'NONE',  ( 4.034240641806509359E-15, 0.000000000000000000, -1.000000000000000000 ) ) ;
#6481 = DIRECTION ( 'NONE',  ( -1.000000000000000000, 0.000000000000000000, -0.000000000000000000 ) ) ;
#6482 = EDGE_LOOP ( 'NONE', ( #687, #3872, #637, #4606 ) ) ;
#6483 = ORIENTED_EDGE ( 'NONE', *, *, #1929, .T. ) ;
#6484 = DIRECTION ( 'NONE',  ( -0.000000000000000000, 1.000000000000000000, -0.000000000000000000 ) ) ;
#6485 =( GEOMETRIC_REPRESENTATION_CONTEXT ( 3 ) GLOBAL_UNCERTAINTY_ASSIGNED_CONTEXT ( ( #4685 ) ) GLOBAL_UNIT_ASSIGNED_CONTEXT ( ( #8449, #6956, #4229 ) ) REPRESENTATION_CONTEXT ( 'NONE', 'WORKASPACE' ) );
#6486 = ORIENTED_EDGE ( 'NONE', *, *, #4565, .T. ) ;
#6487 = VECTOR ( 'NONE', #5736, 1000.000000000000000 ) ;
#6488 = FACE_OUTER_BOUND ( 'NONE', #4884, .T. ) ;
#6489 = EDGE_CURVE ( 'NONE', #3950, #7085, #431, .T. ) ;
#6490 = CARTESIAN_POINT ( 'NONE',  ( -0.4000000000000105693, 0.3400000000000000244, 1.523359773658209848 ) ) ;
#6491 = LINE ( 'NONE', #1874, #6317 ) ;
#6492 = DIRECTION ( 'NONE',  ( -3.826595902890018695E-16, 0.000000000000000000, 1.000000000000000000 ) ) ;
#6493 = DIRECTION ( 'NONE',  ( -1.000000000000000000, 0.000000000000000000, 2.710505431213761085E-16 ) ) ;
#6494 = CARTESIAN_POINT ( 'NONE',  ( 0.9499999999999987343, 0.02500000000000000139, 0.6999999999999992895 ) ) ;
#6495 = ORIENTED_EDGE ( 'NONE', *, *, #5747, .T. ) ;
#6496 = DIRECTION ( 'NONE',  ( 2.581433744013106054E-16, 0.000000000000000000, -1.000000000000000000 ) ) ;
#6497 = AXIS2_PLACEMENT_3D ( 'NONE', #2650, #2138, #3327 ) ;
#6498 = DIRECTION ( 'NONE',  ( -0.000000000000000000, -0.000000000000000000, 1.000000000000000000 ) ) ;
#6499 = EDGE_CURVE ( 'NONE', #4057, #3097, #3711, .T. ) ;
#6500 = EDGE_CURVE ( 'NONE', #8178, #6611, #3673, .T. ) ;
#6501 = ADVANCED_FACE ( 'NONE', ( #3593 ), #6419, .T. ) ;
#6502 = CARTESIAN_POINT ( 'NONE',  ( 1.624999999999999778, 0.000000000000000000, 0.4000000000000008549 ) ) ;
#6503 = DIRECTION ( 'NONE',  ( 1.000000000000000000, 0.000000000000000000, -1.971276677246371519E-16 ) ) ;
#6504 = ORIENTED_EDGE ( 'NONE', *, *, #4957, .F. ) ;
#6505 = LINE ( 'NONE', #6941, #655 ) ;
#6506 = VECTOR ( 'NONE', #2814, 1000.000000000000000 ) ;
#6507 = VECTOR ( 'NONE', #8121, 1000.000000000000000 ) ;
#6508 = VERTEX_POINT ( 'NONE', #8907 ) ;
#6509 = CARTESIAN_POINT ( 'NONE',  ( 1.624999999999999778, 0.3400000000000000244, 1.625000000000000000 ) ) ;
#6510 = CARTESIAN_POINT ( 'NONE',  ( -0.4000000000000007438, 1.556154042586614050, 0.9500000000000010658 ) ) ;
#6511 = STYLED_ITEM ( 'NONE', ( #7621 ), #5017 ) ;
#6512 = PLANE ( 'NONE',  #165 ) ;
#6513 = CARTESIAN_POINT ( 'NONE',  ( 0.000000000000000000, 1.649999999999999911, -1.459999999999999964 ) ) ;
#6514 = PRODUCT_DEFINITION_FORMATION_WITH_SPECIFIED_SOURCE ( 'ANY', '', #829, .NOT_KNOWN. ) ;
#6515 = EDGE_CURVE ( 'NONE', #3950, #4684, #6680, .T. ) ;
#6516 = EDGE_LOOP ( 'NONE', ( #6226, #3210, #8356, #8514 ) ) ;
#6517 = LINE ( 'NONE', #5137, #3265 ) ;
#6518 = ADVANCED_FACE ( 'NONE', ( #6535 ), #3870, .F. ) ;
#6519 = FACE_OUTER_BOUND ( 'NONE', #6831, .T. ) ;
#6520 = ORIENTED_EDGE ( 'NONE', *, *, #4097, .F. ) ;
#6521 = AXIS2_PLACEMENT_3D ( 'NONE', #7369, #2915, #7803 ) ;
#6522 = PLANE ( 'NONE',  #6181 ) ;
#6523 = DIRECTION ( 'NONE',  ( -0.000000000000000000, -1.000000000000000000, -0.000000000000000000 ) ) ;
#6524 = ORIENTED_EDGE ( 'NONE', *, *, #4290, .F. ) ;
#6525 = LINE ( 'NONE', #4501, #3610 ) ;
#6526 = LINE ( 'NONE', #9000, #6342 ) ;
#6527 = CARTESIAN_POINT ( 'NONE',  ( -0.3999999999999989675, 0.05000000000000000278, -1.500000000000000222 ) ) ;
#6528 = LINE ( 'NONE', #1612, #3473 ) ;
#6529 = ORIENTED_EDGE ( 'NONE', *, *, #4097, .T. ) ;
#6530 = ADVANCED_FACE ( 'NONE', ( #594, #3472, #479 ), #3137, .F. ) ;
#6531 = CARTESIAN_POINT ( 'NONE',  ( -1.125000000000001332, 0.3000000000000000444, 1.534381519444565356 ) ) ;
#6532 = DIRECTION ( 'NONE',  ( -0.7071067811865483499, 0.000000000000000000, 0.7071067811865467956 ) ) ;
#6533 = ORIENTED_EDGE ( 'NONE', *, *, #7779, .T. ) ;
#6534 = EDGE_LOOP ( 'NONE', ( #8629, #1793, #8269, #2816 ) ) ;
#6535 = FACE_OUTER_BOUND ( 'NONE', #7372, .T. ) ;
#6536 = FACE_OUTER_BOUND ( 'NONE', #283, .T. ) ;
#6537 = EDGE_CURVE ( 'NONE', #656, #3996, #6640, .T. ) ;
#6538 = CARTESIAN_POINT ( 'NONE',  ( -1.624999999999998446, 0.02499999999999984873, 0.4000000000000019096 ) ) ;
#6539 = VECTOR ( 'NONE', #2848, 1000.000000000000000 ) ;
#6540 = CARTESIAN_POINT ( 'NONE',  ( -1.625000000000000222, 0.02499999999999984873, -0.4000000000000010214 ) ) ;
#6541 = VERTEX_POINT ( 'NONE', #444 ) ;
#6542 = CARTESIAN_POINT ( 'NONE',  ( -0.5349999999999999201, 4.621194077712559078, -0.3100000000000000533 ) ) ;
#6543 = DIRECTION ( 'NONE',  ( 0.000000000000000000, 0.000000000000000000, -1.000000000000000000 ) ) ;
#6544 = AXIS2_PLACEMENT_3D ( 'NONE', #3879, #2522, #239 ) ;
#6545 = DIRECTION ( 'NONE',  ( -4.034240641806509359E-15, 0.000000000000000000, 1.000000000000000000 ) ) ;
#6546 = DIRECTION ( 'NONE',  ( -1.000000000000000000, 0.000000000000000000, 4.015563601798170231E-16 ) ) ;
#6547 = ORIENTED_EDGE ( 'NONE', *, *, #5634, .T. ) ;
#6548 = ORIENTED_EDGE ( 'NONE', *, *, #6775, .F. ) ;
#6549 = LINE ( 'NONE', #2450, #6693 ) ;
#6550 = VECTOR ( 'NONE', #2359, 1000.000000000000000 ) ;
#6551 = EDGE_CURVE ( 'NONE', #4986, #7806, #6549, .T. ) ;
#6552 = LINE ( 'NONE', #5522, #6751 ) ;
#6553 = ORIENTED_EDGE ( 'NONE', *, *, #777, .F. ) ;
#6554 = DIRECTION ( 'NONE',  ( 0.000000000000000000, 0.000000000000000000, 1.000000000000000000 ) ) ;
#6555 = CARTESIAN_POINT ( 'NONE',  ( 1.125000000000000222, 0.3400000000000000244, 1.534381519444567132 ) ) ;
#6556 = AXIS2_PLACEMENT_3D ( 'NONE', #6142, #497, #3919 ) ;
#6557 = DIRECTION ( 'NONE',  ( 0.000000000000000000, 0.000000000000000000, -1.000000000000000000 ) ) ;
#6558 = CARTESIAN_POINT ( 'NONE',  ( 1.444999999999998286, 0.3000000000000000444, -1.199999999999998623 ) ) ;
#6559 = CARTESIAN_POINT ( 'NONE',  ( 1.534381519444564690, -0.2789528969834105254, 1.124999999999999556 ) ) ;
#6560 = DIRECTION ( 'NONE',  ( 1.971276677246371765E-16, 0.000000000000000000, 1.000000000000000000 ) ) ;
#6561 = ADVANCED_FACE ( 'NONE', ( #3559 ), #8785, .T. ) ;
#6562 = CARTESIAN_POINT ( 'NONE',  ( -1.445000000000000506, 0.3000000000000000444, 1.414999999999998703 ) ) ;
#6563 = EDGE_CURVE ( 'NONE', #35, #5856, #447, .T. ) ;
#6564 = EDGE_LOOP ( 'NONE', ( #8586, #2889, #1781, #5782 ) ) ;
#6565 = ORIENTED_EDGE ( 'NONE', *, *, #8052, .F. ) ;
#6566 = VECTOR ( 'NONE', #1445, 1000.000000000000000 ) ;
#6567 = LINE ( 'NONE', #4428, #243 ) ;
#6568 = LINE ( 'NONE', #6782, #480 ) ;
#6569 = CARTESIAN_POINT ( 'NONE',  ( -1.534381519444566022, 0.3000000000000000444, 1.464381519444565294 ) ) ;
#6570 = VERTEX_POINT ( 'NONE', #8011 ) ;
#6571 = CARTESIAN_POINT ( 'NONE',  ( -0.9499999999999992895, 0.02499999999999984873, 0.4000000000000016320 ) ) ;
#6572 = ORIENTED_EDGE ( 'NONE', *, *, #2277, .F. ) ;
#6573 = EDGE_CURVE ( 'NONE', #3350, #8531, #6710, .T. ) ;
#6574 = DIRECTION ( 'NONE',  ( 0.000000000000000000, 0.000000000000000000, -1.000000000000000000 ) ) ;
#6575 = PLANE ( 'NONE',  #5865 ) ;
#6576 = EDGE_LOOP ( 'NONE', ( #4045, #279, #3229, #6251 ) ) ;
#6577 = AXIS2_PLACEMENT_3D ( 'NONE', #8204, #6780, #8958 ) ;
#6578 = CARTESIAN_POINT ( 'NONE',  ( -1.445000000000000506, 0.3400000000000000244, 1.414999999999998703 ) ) ;
#6579 = EDGE_LOOP ( 'NONE', ( #3672, #6524, #539, #7538, #4627 ) ) ;
#6580 = VECTOR ( 'NONE', #4095, 1000.000000000000000 ) ;
#6581 = EDGE_CURVE ( 'NONE', #2526, #542, #550, .T. ) ;
#6582 = CARTESIAN_POINT ( 'NONE',  ( -1.445000000000000506, -0.2789528969834105254, 1.414999999999998703 ) ) ;
#6583 = ADVANCED_FACE ( 'NONE', ( #568 ), #4055, .T. ) ;
#6584 = FACE_OUTER_BOUND ( 'NONE', #8804, .T. ) ;
#6585 = PRESENTATION_LAYER_ASSIGNMENT (  '', '', ( #6403 ) ) ;
#6586 = DIRECTION ( 'NONE',  ( 0.000000000000000000, 0.000000000000000000, -1.000000000000000000 ) ) ;
#6587 = VERTEX_POINT ( 'NONE', #5977 ) ;
#6588 = ORIENTED_EDGE ( 'NONE', *, *, #9098, .F. ) ;
#6589 = CARTESIAN_POINT ( 'NONE',  ( 0.4000000000000000222, 4.621194077712559078, -0.9499999999999999556 ) ) ;
#6590 = ORIENTED_EDGE ( 'NONE', *, *, #6072, .F. ) ;
#6591 = ORIENTED_EDGE ( 'NONE', *, *, #2114, .F. ) ;
#6592 = VECTOR ( 'NONE', #3369, 1000.000000000000000 ) ;
#6593 = LINE ( 'NONE', #4413, #717 ) ;
#6594 = AXIS2_PLACEMENT_3D ( 'NONE', #7758, #823, #6983 ) ;
#6595 = CARTESIAN_POINT ( 'NONE',  ( -0.3999999999999972466, 0.02499999999999984873, 0.9500000000000010658 ) ) ;
#6596 = FACE_OUTER_BOUND ( 'NONE', #894, .T. ) ;
#6597 = CARTESIAN_POINT ( 'NONE',  ( -1.500000000000001332, 0.05000000000000034972, 0.3999999999999983569 ) ) ;
#6598 = EDGE_CURVE ( 'NONE', #5009, #294, #608, .T. ) ;
#6599 = DIRECTION ( 'NONE',  ( -1.000000000000000000, 0.000000000000000000, -9.637352644315586861E-16 ) ) ;
#6600 = EDGE_LOOP ( 'NONE', ( #7852, #5121, #2615, #5014 ) ) ;
#6601 = DIRECTION ( 'NONE',  ( 0.000000000000000000, -1.000000000000000000, 0.000000000000000000 ) ) ;
#6602 = ADVANCED_FACE ( 'NONE', ( #624 ), #3641, .T. ) ;
#6603 = CARTESIAN_POINT ( 'NONE',  ( 0.9499999999999985123, 0.05000000000000000278, -1.499999999999998224 ) ) ;
#6604 = CARTESIAN_POINT ( 'NONE',  ( 1.414999999999998925, 0.3200000000000000067, -1.444999999999999840 ) ) ;
#6605 = DIRECTION ( 'NONE',  ( -0.6427876096865359212, 0.000000000000000000, 0.7660444431189809000 ) ) ;
#6606 = DIRECTION ( 'NONE',  ( 0.000000000000000000, 0.000000000000000000, -1.000000000000000000 ) ) ;
#6607 = PLANE ( 'NONE',  #658 ) ;
#6608 = VERTEX_POINT ( 'NONE', #506 ) ;
#6609 = EDGE_LOOP ( 'NONE', ( #5379, #7617 ) ) ;
#6610 = VECTOR ( 'NONE', #1166, 1000.000000000000000 ) ;
#6611 = VERTEX_POINT ( 'NONE', #1979 ) ;
#6612 = DIRECTION ( 'NONE',  ( -4.034240641806509359E-15, 0.000000000000000000, 1.000000000000000000 ) ) ;
#6613 = LINE ( 'NONE', #6313, #512 ) ;
#6614 = AXIS2_PLACEMENT_3D ( 'NONE', #8245, #3169, #2541 ) ;
#6615 = ORIENTED_EDGE ( 'NONE', *, *, #3782, .F. ) ;
#6616 = AXIS2_PLACEMENT_3D ( 'NONE', #4946, #472, #4871 ) ;
#6617 = EDGE_CURVE ( 'NONE', #7757, #1473, #3766, .T. ) ;
#6618 = CARTESIAN_POINT ( 'NONE',  ( 1.464381519444564628, 0.3200000000000000067, -1.464381519444566182 ) ) ;
#6619 = PLANE ( 'NONE',  #4633 ) ;
#6620 = DIRECTION ( 'NONE',  ( -1.000000000000000000, 0.000000000000000000, 2.710505431213767495E-16 ) ) ;
#6621 = DIRECTION ( 'NONE',  ( -0.6427876096865359212, 0.000000000000000000, -0.7660444431189809000 ) ) ;
#6622 = DIRECTION ( 'NONE',  ( 2.956915015869558264E-16, 0.000000000000000000, -1.000000000000000000 ) ) ;
#6623 = ORIENTED_EDGE ( 'NONE', *, *, #3948, .T. ) ;
#6624 = ORIENTED_EDGE ( 'NONE', *, *, #5458, .F. ) ;
#6625 = CIRCLE ( 'NONE', #7559, 0.03000000000000007869 ) ;
#6626 = ORIENTED_EDGE ( 'NONE', *, *, #9007, .T. ) ;
#6627 = PLANE ( 'NONE',  #3962 ) ;
#6628 = CARTESIAN_POINT ( 'NONE',  ( 1.500000000000000222, 0.000000000000000000, 1.500000000000000444 ) ) ;
#6629 = EDGE_LOOP ( 'NONE', ( #1405, #3047, #1242, #2987 ) ) ;
#6630 = AXIS2_PLACEMENT_3D ( 'NONE', #3338, #2717, #3105 ) ;
#6631 = CARTESIAN_POINT ( 'NONE',  ( 1.624999999999999778, 4.621194077712559078, -0.6999999999999981792 ) ) ;
#6632 = ORIENTED_EDGE ( 'NONE', *, *, #399, .F. ) ;
#6633 = EDGE_CURVE ( 'NONE', #5304, #2217, #3684, .T. ) ;
#6634 = EDGE_CURVE ( 'NONE', #654, #1719, #461, .T. ) ;
#6635 = DIRECTION ( 'NONE',  ( 2.710505431213761085E-16, 0.000000000000000000, 1.000000000000000000 ) ) ;
#6636 = CARTESIAN_POINT ( 'NONE',  ( 1.499999999999998224, 1.556154042586614050, -0.6999999999999982903 ) ) ;
#6637 = ORIENTED_EDGE ( 'NONE', *, *, #2291, .T. ) ;
#6638 = CARTESIAN_POINT ( 'NONE',  ( 0.3999999999999991340, 1.556154042586614050, 0.9500000000000008438 ) ) ;
#6639 = ORIENTED_EDGE ( 'NONE', *, *, #8418, .F. ) ;
#6640 = LINE ( 'NONE', #8085, #3546 ) ;
#6641 = ORIENTED_EDGE ( 'NONE', *, *, #8414, .T. ) ;
#6642 = DIRECTION ( 'NONE',  ( -0.000000000000000000, -1.000000000000000000, -0.000000000000000000 ) ) ;
#6643 = CYLINDRICAL_SURFACE ( 'NONE', #2601, 0.06999999999999975686 ) ;
#6644 = FILL_AREA_STYLE_COLOUR ( '', #2112 ) ;
#6645 = ORIENTED_EDGE ( 'NONE', *, *, #8447, .T. ) ;
#6646 = ORIENTED_EDGE ( 'NONE', *, *, #4330, .F. ) ;
#6647 = DIRECTION ( 'NONE',  ( 0.000000000000000000, -1.000000000000000000, 0.000000000000000000 ) ) ;
#6648 = EDGE_CURVE ( 'NONE', #8966, #6787, #6525, .T. ) ;
#6649 = ORIENTED_EDGE ( 'NONE', *, *, #3860, .F. ) ;
#6650 = VERTEX_POINT ( 'NONE', #8719 ) ;
#6651 = VECTOR ( 'NONE', #659, 1000.000000000000000 ) ;
#6652 = CARTESIAN_POINT ( 'NONE',  ( 1.499999999999998446, 0.04999999999999991257, -1.499999999999997780 ) ) ;
#6653 = DIRECTION ( 'NONE',  ( -1.000000000000000000, 0.000000000000000000, -0.000000000000000000 ) ) ;
#6654 = ADVANCED_FACE ( 'NONE', ( #3508 ), #1760, .F. ) ;
#6655 = LINE ( 'NONE', #3918, #720 ) ;
#6656 = CARTESIAN_POINT ( 'NONE',  ( 1.523359773658213401, 0.3200000000000000067, -0.3999999999999944156 ) ) ;
#6657 = CARTESIAN_POINT ( 'NONE',  ( 0.4000000000000000222, 0.3400000000000000244, -1.625000000000000000 ) ) ;
#6658 = ORIENTED_EDGE ( 'NONE', *, *, #1834, .F. ) ;
#6659 = CARTESIAN_POINT ( 'NONE',  ( -1.499999999999999556, 0.05000000000000000278, -0.6999999999999978462 ) ) ;
#6660 = DIRECTION ( 'NONE',  ( 0.000000000000000000, -1.000000000000000000, 0.000000000000000000 ) ) ;
#6661 = CARTESIAN_POINT ( 'NONE',  ( -1.624999999999998446, 0.02499999999999984873, 0.4000000000000019096 ) ) ;
#6662 = PLANE ( 'NONE',  #4416 ) ;
#6663 = ORIENTED_EDGE ( 'NONE', *, *, #3426, .T. ) ;
#6664 = ORIENTED_EDGE ( 'NONE', *, *, #6905, .T. ) ;
#6665 = LINE ( 'NONE', #4303, #579 ) ;
#6666 = VECTOR ( 'NONE', #8003, 1000.000000000000000 ) ;
#6667 = EDGE_CURVE ( 'NONE', #7172, #6541, #6665, .T. ) ;
#6668 = CARTESIAN_POINT ( 'NONE',  ( -0.5349999999999999201, 0.000000000000000000, -0.3100000000000000533 ) ) ;
#6669 = VECTOR ( 'NONE', #2790, 1000.000000000000000 ) ;
#6670 = ORIENTED_EDGE ( 'NONE', *, *, #1017, .F. ) ;
#6671 = ADVANCED_FACE ( 'NONE', ( #6724 ), #1352, .F. ) ;
#6672 = DIRECTION ( 'NONE',  ( 0.000000000000000000, 0.000000000000000000, 1.000000000000000000 ) ) ;
#6673 = VERTEX_POINT ( 'NONE', #2179 ) ;
#6674 = CARTESIAN_POINT ( 'NONE',  ( -1.500000000000001110, 0.02500000000000000139, -0.4000000000000010214 ) ) ;
#6675 = DIRECTION ( 'NONE',  ( -0.000000000000000000, -1.000000000000000000, 0.000000000000000000 ) ) ;
#6676 = DIRECTION ( 'NONE',  ( 0.000000000000000000, 1.000000000000000000, 0.000000000000000000 ) ) ;
#6677 = PLANE ( 'NONE',  #6521 ) ;
#6678 = VERTEX_POINT ( 'NONE', #8401 ) ;
#6679 = ORIENTED_EDGE ( 'NONE', *, *, #5285, .F. ) ;
#6680 = LINE ( 'NONE', #2513, #6610 ) ;
#6681 = VECTOR ( 'NONE', #842, 1000.000000000000000 ) ;
#6682 = VECTOR ( 'NONE', #3741, 1000.000000000000227 ) ;
#6683 = DIRECTION ( 'NONE',  ( 4.015563601798169738E-16, 0.000000000000000000, 1.000000000000000000 ) ) ;
#6684 = DIRECTION ( 'NONE',  ( -0.000000000000000000, -1.000000000000000000, -0.000000000000000000 ) ) ;
#6685 = ORIENTED_EDGE ( 'NONE', *, *, #1468, .T. ) ;
#6686 = DIRECTION ( 'NONE',  ( 2.710505431213760592E-16, 0.000000000000000000, 1.000000000000000000 ) ) ;
#6687 = AXIS2_PLACEMENT_3D ( 'NONE', #4568, #4635, #2516 ) ;
#6688 = ORIENTED_EDGE ( 'NONE', *, *, #3403, .T. ) ;
#6689 = EDGE_CURVE ( 'NONE', #1370, #4965, #638, .T. ) ;
#6690 = DIRECTION ( 'NONE',  ( -1.000000000000000000, 0.000000000000000000, 0.000000000000000000 ) ) ;
#6691 = VERTEX_POINT ( 'NONE', #744 ) ;
#6692 = EDGE_LOOP ( 'NONE', ( #6795, #9025, #2844, #8948 ) ) ;
#6693 = VECTOR ( 'NONE', #2627, 1000.000000000000000 ) ;
#6694 = CARTESIAN_POINT ( 'NONE',  ( -0.9500000000000015099, 0.05000000000000000278, 1.499999999999998890 ) ) ;
#6695 = ORIENTED_EDGE ( 'NONE', *, *, #1447, .T. ) ;
#6696 = DIRECTION ( 'NONE',  ( 8.031127203596333067E-17, 0.000000000000000000, 1.000000000000000000 ) ) ;
#6697 = CARTESIAN_POINT ( 'NONE',  ( -0.9500000000000009548, 4.621194077712559078, -0.4000000000000007994 ) ) ;
#6698 = LINE ( 'NONE', #5410, #597 ) ;
#6699 = EDGE_CURVE ( 'NONE', #1508, #6904, #3723, .T. ) ;
#6700 = DIRECTION ( 'NONE',  ( 1.000000000000000000, -0.000000000000000000, 4.266823132957757848E-15 ) ) ;
#6701 = EDGE_LOOP ( 'NONE', ( #7728, #5866, #4845, #4909, #5940, #1680 ) ) ;
#6702 = ORIENTED_EDGE ( 'NONE', *, *, #2718, .F. ) ;
#6703 = DIRECTION ( 'NONE',  ( 1.000000000000000000, -0.000000000000000000, 0.000000000000000000 ) ) ;
#6704 = DIRECTION ( 'NONE',  ( -0.000000000000000000, -1.000000000000000000, -0.000000000000000000 ) ) ;
#6705 = AXIS2_PLACEMENT_3D ( 'NONE', #3288, #316, #6612 ) ;
#6706 = ADVANCED_FACE ( 'NONE', ( #669 ), #6758, .F. ) ;
#6707 = EDGE_CURVE ( 'NONE', #8520, #3212, #688, .T. ) ;
#6708 = ORIENTED_EDGE ( 'NONE', *, *, #5285, .T. ) ;
#6709 = ORIENTED_EDGE ( 'NONE', *, *, #5311, .F. ) ;
#6710 = LINE ( 'NONE', #387, #407 ) ;
#6711 = ORIENTED_EDGE ( 'NONE', *, *, #2468, .T. ) ;
#6712 = CARTESIAN_POINT ( 'NONE',  ( 1.402220585023719399E-16, 1.739023740181067756, 1.145000000000000018 ) ) ;
#6713 = FACE_OUTER_BOUND ( 'NONE', #848, .T. ) ;
#6714 = SURFACE_STYLE_USAGE ( .BOTH. , #3277 ) ;
#6715 = CARTESIAN_POINT ( 'NONE',  ( 1.500000000000000000, 0.000000000000000000, 0.4000000000000000777 ) ) ;
#6716 = EDGE_LOOP ( 'NONE', ( #8152, #4741, #2372, #1870, #4194 ) ) ;
#6717 = EDGE_CURVE ( 'NONE', #1094, #2960, #3528, .T. ) ;
#6718 =( LENGTH_UNIT ( ) NAMED_UNIT ( * ) SI_UNIT ( .MILLI., .METRE. ) );
#6719 = CARTESIAN_POINT ( 'NONE',  ( -0.9499999999999992895, 0.000000000000000000, 0.4000000000000016320 ) ) ;
#6720 = AXIS2_PLACEMENT_3D ( 'NONE', #80, #7078, #731 ) ;
#6721 = DIRECTION ( 'NONE',  ( -2.581433744013106054E-16, 0.000000000000000000, 1.000000000000000000 ) ) ;
#6722 = ORIENTED_EDGE ( 'NONE', *, *, #5414, .F. ) ;
#6723 = ORIENTED_EDGE ( 'NONE', *, *, #2159, .F. ) ;
#6724 = FACE_OUTER_BOUND ( 'NONE', #8480, .T. ) ;
#6725 = CARTESIAN_POINT ( 'NONE',  ( -1.499999999999999556, 0.05000000000000000278, -0.6999999999999978462 ) ) ;
#6726 = ADVANCED_FACE ( 'NONE', ( #702 ), #6906, .T. ) ;
#6727 = FACE_OUTER_BOUND ( 'NONE', #3840, .T. ) ;
#6728 = ORIENTED_EDGE ( 'NONE', *, *, #4661, .T. ) ;
#6729 = DIRECTION ( 'NONE',  ( 0.000000000000000000, -1.000000000000000000, 0.000000000000000000 ) ) ;
#6730 = DIRECTION ( 'NONE',  ( -1.000000000000000000, 0.000000000000000000, -8.031127203596334299E-17 ) ) ;
#6731 = CARTESIAN_POINT ( 'NONE',  ( -1.625000000000000222, 0.02500000000000000139, -0.4000000000000010214 ) ) ;
#6732 = DIRECTION ( 'NONE',  ( -2.956915015869558264E-16, 0.000000000000000000, 1.000000000000000000 ) ) ;
#6733 = CARTESIAN_POINT ( 'NONE',  ( -0.4000000000000007438, 0.000000000000000000, 0.9500000000000010658 ) ) ;
#6734 = DIRECTION ( 'NONE',  ( -0.000000000000000000, 1.000000000000000000, -0.000000000000000000 ) ) ;
#6735 = VERTEX_POINT ( 'NONE', #5061 ) ;
#6736 = CARTESIAN_POINT ( 'NONE',  ( -0.5349999999999999201, 0.05000000000000034972, -0.3100000000000000533 ) ) ;
#6737 = ORIENTED_EDGE ( 'NONE', *, *, #3637, .T. ) ;
#6738 = VECTOR ( 'NONE', #6847, 1000.000000000000000 ) ;
#6739 = DIRECTION ( 'NONE',  ( 0.000000000000000000, 0.000000000000000000, 1.000000000000000000 ) ) ;
#6740 = EDGE_CURVE ( 'NONE', #1931, #4354, #3459, .T. ) ;
#6741 = LINE ( 'NONE', #8451, #569 ) ;
#6742 = CARTESIAN_POINT ( 'NONE',  ( -0.9499999999999997335, 0.05000000000000000278, -1.499999999999998002 ) ) ;
#6743 = VERTEX_POINT ( 'NONE', #3474 ) ;
#6744 = ADVANCED_FACE ( 'NONE', ( #7104 ), #6968, .F. ) ;
#6745 = CARTESIAN_POINT ( 'NONE',  ( -1.500000000000001332, 0.05000000000000000278, 0.6999999999999987343 ) ) ;
#6746 = VERTEX_POINT ( 'NONE', #6265 ) ;
#6747 = CARTESIAN_POINT ( 'NONE',  ( 1.500000000000000000, 0.05000000000000000278, 0.4000000000000000777 ) ) ;
#6748 = EDGE_LOOP ( 'NONE', ( #1009, #7907, #1402, #4421 ) ) ;
#6749 = VECTOR ( 'NONE', #4120, 1000.000000000000000 ) ;
#6750 = DIRECTION ( 'NONE',  ( -0.000000000000000000, -1.000000000000000000, -0.000000000000000000 ) ) ;
#6751 = VECTOR ( 'NONE', #6141, 1000.000000000000000 ) ;
#6752 = EDGE_CURVE ( 'NONE', #6987, #8150, #975, .T. ) ;
#6753 = ORIENTED_EDGE ( 'NONE', *, *, #5699, .T. ) ;
#6754 = AXIS2_PLACEMENT_3D ( 'NONE', #6939, #8489, #6351 ) ;
#6755 = EDGE_CURVE ( 'NONE', #6095, #6168, #6803, .T. ) ;
#6756 = EDGE_LOOP ( 'NONE', ( #1519, #8347, #7437, #5345 ) ) ;
#6757 = VERTEX_POINT ( 'NONE', #803 ) ;
#6758 = CONICAL_SURFACE ( 'NONE', #8050, 1.104216149583350903, 0.4363323129985819393 ) ;
#6759 = ORIENTED_EDGE ( 'NONE', *, *, #7357, .T. ) ;
#6760 = CARTESIAN_POINT ( 'NONE',  ( 1.625000000000001110, 0.3200000000000000067, -0.3999999999999941380 ) ) ;
#6761 = PLANE ( 'NONE',  #2787 ) ;
#6762 = VECTOR ( 'NONE', #8838, 1000.000000000000000 ) ;
#6763 = DIRECTION ( 'NONE',  ( -1.000000000000000000, 0.000000000000000000, 1.224646799147352961E-16 ) ) ;
#6764 = ORIENTED_EDGE ( 'NONE', *, *, #7296, .T. ) ;
#6765 = CARTESIAN_POINT ( 'NONE',  ( -1.500000000000001332, 0.000000000000000000, 0.6999999999999987343 ) ) ;
#6766 = CARTESIAN_POINT ( 'NONE',  ( -1.624999999999998890, 0.3200000000000000067, 1.124999999999996891 ) ) ;
#6767 = EDGE_CURVE ( 'NONE', #145, #5052, #7023, .T. ) ;
#6768 = ADVANCED_FACE ( 'NONE', ( #4037 ), #9099, .F. ) ;
#6769 = DIRECTION ( 'NONE',  ( -0.000000000000000000, 1.000000000000000000, -0.000000000000000000 ) ) ;
#6770 = ORIENTED_EDGE ( 'NONE', *, *, #1053, .F. ) ;
#6771 = ORIENTED_EDGE ( 'NONE', *, *, #5659, .F. ) ;
#6772 = VECTOR ( 'NONE', #8569, 1000.000000000000000 ) ;
#6773 = ORIENTED_EDGE ( 'NONE', *, *, #278, .T. ) ;
#6774 = CARTESIAN_POINT ( 'NONE',  ( 1.414999999999998925, -0.2789528969834105254, -1.444999999999999840 ) ) ;
#6775 = EDGE_CURVE ( 'NONE', #5859, #2924, #3899, .T. ) ;
#6776 = LINE ( 'NONE', #5967, #495 ) ;
#6777 = ORIENTED_EDGE ( 'NONE', *, *, #5603, .T. ) ;
#6778 = DIRECTION ( 'NONE',  ( 0.000000000000000000, 0.000000000000000000, 1.000000000000000000 ) ) ;
#6779 = CARTESIAN_POINT ( 'NONE',  ( -0.9499999999999981792, 0.000000000000000000, 1.625000000000000888 ) ) ;
#6780 = DIRECTION ( 'NONE',  ( -1.000000000000000000, 0.000000000000000000, 0.000000000000000000 ) ) ;
#6781 = EDGE_CURVE ( 'NONE', #6914, #8237, #912, .T. ) ;
#6782 = CARTESIAN_POINT ( 'NONE',  ( -0.9499999999999998446, 0.000000000000000000, -1.625000000000000000 ) ) ;
#6783 = CARTESIAN_POINT ( 'NONE',  ( 0.5349999999999999201, 4.621194077712559078, -0.5299999999999998046 ) ) ;
#6784 = DIRECTION ( 'NONE',  ( -1.000000000000000000, 0.000000000000000000, 0.000000000000000000 ) ) ;
#6785 = ORIENTED_EDGE ( 'NONE', *, *, #7787, .T. ) ;
#6786 = DIRECTION ( 'NONE',  ( -0.000000000000000000, -1.000000000000000000, -0.000000000000000000 ) ) ;
#6787 = VERTEX_POINT ( 'NONE', #2983 ) ;
#6788 = LINE ( 'NONE', #5814, #3642 ) ;
#6789 = DIRECTION ( 'NONE',  ( -1.971276677246371765E-16, 0.000000000000000000, 1.000000000000000000 ) ) ;
#6790 = AXIS2_PLACEMENT_3D ( 'NONE', #1469, #5759, #6378 ) ;
#6791 = ADVANCED_FACE ( 'NONE', ( #6897 ), #3259, .T. ) ;
#6792 = LINE ( 'NONE', #7243, #6762 ) ;
#6793 = EDGE_CURVE ( 'NONE', #2698, #8453, #1010, .T. ) ;
#6794 = FILL_AREA_STYLE ('',( #1907 ) ) ;
#6795 = ORIENTED_EDGE ( 'NONE', *, *, #7116, .F. ) ;
#6796 = CARTESIAN_POINT ( 'NONE',  ( -1.499999999999999556, 1.556154042586614050, -0.6999999999999978462 ) ) ;
#6797 = EDGE_CURVE ( 'NONE', #7615, #500, #760, .T. ) ;
#6798 = CARTESIAN_POINT ( 'NONE',  ( 2.168404344971008868E-16, 0.3200000000000000067, 4.336808689942017736E-16 ) ) ;
#6799 = PLANE ( 'NONE',  #3540 ) ;
#6800 = ORIENTED_EDGE ( 'NONE', *, *, #2668, .T. ) ;
#6801 = CARTESIAN_POINT ( 'NONE',  ( 1.534381519444564690, 0.3000000000000000444, -1.464381519444566182 ) ) ;
#6802 = VERTEX_POINT ( 'NONE', #1169 ) ;
#6803 = LINE ( 'NONE', #7603, #790 ) ;
#6804 = DIRECTION ( 'NONE',  ( -5.421010862427523156E-16, 0.000000000000000000, -1.000000000000000000 ) ) ;
#6805 = EDGE_LOOP ( 'NONE', ( #8382, #2027, #5000, #1185 ) ) ;
#6806 = VECTOR ( 'NONE', #5113, 1000.000000000000000 ) ;
#6807 = AXIS2_PLACEMENT_3D ( 'NONE', #8315, #541, #1265 ) ;
#6808 = VERTEX_POINT ( 'NONE', #341 ) ;
#6809 = PRESENTATION_LAYER_ASSIGNMENT (  '', '', ( #2060 ) ) ;
#6810 = CARTESIAN_POINT ( 'NONE',  ( 1.500000000000000000, 0.000000000000000000, 0.7000000000000003997 ) ) ;
#6811 = ORIENTED_EDGE ( 'NONE', *, *, #110, .F. ) ;
#6812 = ORIENTED_EDGE ( 'NONE', *, *, #8234, .T. ) ;
#6813 = FACE_OUTER_BOUND ( 'NONE', #87, .T. ) ;
#6814 = FACE_OUTER_BOUND ( 'NONE', #1713, .T. ) ;
#6815 = PLANE ( 'NONE',  #6891 ) ;
#6816 =( NAMED_UNIT ( * ) PLANE_ANGLE_UNIT ( ) SI_UNIT ( $, .RADIAN. ) );
#6817 = DIRECTION ( 'NONE',  ( -2.710505431213761578E-16, 0.000000000000000000, -1.000000000000000000 ) ) ;
#6818 = VERTEX_POINT ( 'NONE', #1843 ) ;
#6819 = AXIS2_PLACEMENT_3D ( 'NONE', #305, #3453, #6599 ) ;
#6820 = DIRECTION ( 'NONE',  ( -1.000000000000000000, 0.000000000000000000, -0.000000000000000000 ) ) ;
#6821 = DIRECTION ( 'NONE',  ( -2.710505431213764536E-16, 0.000000000000000000, 1.000000000000000000 ) ) ;
#6822 = CARTESIAN_POINT ( 'NONE',  ( 0.5349999999999999201, 1.556154042586614050, 0.5300000000000002487 ) ) ;
#6823 = EDGE_CURVE ( 'NONE', #7563, #2719, #883, .T. ) ;
#6824 = EDGE_CURVE ( 'NONE', #2969, #1884, #6989, .T. ) ;
#6825 = CARTESIAN_POINT ( 'NONE',  ( 0.9499999999999999556, 1.556154042586614050, 0.7000000000000005107 ) ) ;
#6826 = ORIENTED_EDGE ( 'NONE', *, *, #3392, .T. ) ;
#6827 = ORIENTED_EDGE ( 'NONE', *, *, #7594, .F. ) ;
#6828 = VECTOR ( 'NONE', #6214, 1000.000000000000227 ) ;
#6829 = CARTESIAN_POINT ( 'NONE',  ( 1.534381519444564690, 0.3200000000000000067, 1.124999999999999556 ) ) ;
#6830 = LINE ( 'NONE', #8522, #825 ) ;
#6831 = EDGE_LOOP ( 'NONE', ( #819, #3991, #7495, #4052 ) ) ;
#6832 = CARTESIAN_POINT ( 'NONE',  ( 1.624999999999997558, 0.3400000000000000244, -1.124999999999997780 ) ) ;
#6833 = PLANE ( 'NONE',  #3761 ) ;
#6834 =( NAMED_UNIT ( * ) SI_UNIT ( $, .STERADIAN. ) SOLID_ANGLE_UNIT ( ) );
#6835 = CARTESIAN_POINT ( 'NONE',  ( -1.625000000000000222, 4.621194077712559078, -0.6999999999999972911 ) ) ;
#6836 = ADVANCED_FACE ( 'NONE', ( #4068 ), #6101, .F. ) ;
#6837 = EDGE_CURVE ( 'NONE', #4667, #4350, #6915, .T. ) ;
#6838 = VERTEX_POINT ( 'NONE', #4508 ) ;
#6839 = ORIENTED_EDGE ( 'NONE', *, *, #8915, .F. ) ;
#6840 = VECTOR ( 'NONE', #9040, 1000.000000000000000 ) ;
#6841 = ORIENTED_EDGE ( 'NONE', *, *, #4834, .T. ) ;
#6842 = DIRECTION ( 'NONE',  ( 8.031127203596330602E-17, 0.000000000000000000, 1.000000000000000000 ) ) ;
#6843 = AXIS2_PLACEMENT_3D ( 'NONE', #4574, #2344, #8794 ) ;
#6844 = LINE ( 'NONE', #2187, #7044 ) ;
#6845 = CARTESIAN_POINT ( 'NONE',  ( 0.9499999999999989564, 0.05000000000000000278, 1.500000000000000666 ) ) ;
#6846 = VERTEX_POINT ( 'NONE', #7497 ) ;
#6847 = DIRECTION ( 'NONE',  ( 0.000000000000000000, 0.000000000000000000, -1.000000000000000000 ) ) ;
#6848 = PLANE ( 'NONE',  #527 ) ;
#6849 = DIRECTION ( 'NONE',  ( -0.000000000000000000, -1.000000000000000000, -0.000000000000000000 ) ) ;
#6850 = EDGE_CURVE ( 'NONE', #2063, #4050, #6854, .T. ) ;
#6851 = ORIENTED_EDGE ( 'NONE', *, *, #3502, .F. ) ;
#6852 = CARTESIAN_POINT ( 'NONE',  ( -0.5349999999999999201, 0.05000000000000000278, -0.3100000000000000533 ) ) ;
#6853 = ORIENTED_EDGE ( 'NONE', *, *, #6058, .T. ) ;
#6854 = LINE ( 'NONE', #3876, #747 ) ;
#6855 = CARTESIAN_POINT ( 'NONE',  ( 0.000000000000000000, 0.000000000000000000, 0.000000000000000000 ) ) ;
#6856 = COLOUR_RGB ( '',0.000000000000000000, 0.5019607843137254832, 0.000000000000000000 ) ;
#6857 = EDGE_CURVE ( 'NONE', #5856, #7077, #925, .T. ) ;
#6858 = DIRECTION ( 'NONE',  ( 0.000000000000000000, 0.000000000000000000, -1.000000000000000000 ) ) ;
#6859 = ORIENTED_EDGE ( 'NONE', *, *, #7, .F. ) ;
#6860 = ADVANCED_FACE ( 'NONE', ( #3910 ), #941, .F. ) ;
#6861 = DIRECTION ( 'NONE',  ( -4.034240641806509359E-15, 0.000000000000000000, 1.000000000000000000 ) ) ;
#6862 = VECTOR ( 'NONE', #3052, 1000.000000000000000 ) ;
#6863 = ORIENTED_EDGE ( 'NONE', *, *, #2843, .F. ) ;
#6864 = CARTESIAN_POINT ( 'NONE',  ( 2.168404344971008868E-16, 0.3200000000000000067, 4.336808689942017736E-16 ) ) ;
#6865 = ORIENTED_EDGE ( 'NONE', *, *, #4984, .F. ) ;
#6866 = ORIENTED_EDGE ( 'NONE', *, *, #6093, .F. ) ;
#6867 = LINE ( 'NONE', #2274, #7088 ) ;
#6868 = DIRECTION ( 'NONE',  ( -7.466940482676077022E-15, 0.000000000000000000, 1.000000000000000000 ) ) ;
#6869 = ORIENTED_EDGE ( 'NONE', *, *, #2659, .T. ) ;
#6870 = DIRECTION ( 'NONE',  ( 0.000000000000000000, 0.000000000000000000, -1.000000000000000000 ) ) ;
#6871 = LINE ( 'NONE', #6178, #900 ) ;
#6872 = DIRECTION ( 'NONE',  ( -0.000000000000000000, -1.000000000000000000, -0.000000000000000000 ) ) ;
#6873 = CARTESIAN_POINT ( 'NONE',  ( 1.499999999999999778, 0.04999999999999991257, -0.3999999999999999667 ) ) ;
#6874 = ORIENTED_EDGE ( 'NONE', *, *, #340, .T. ) ;
#6875 = CARTESIAN_POINT ( 'NONE',  ( 0.5349999999999999201, 0.02499999999999984873, -0.5299999999999998046 ) ) ;
#6876 = ADVANCED_FACE ( 'NONE', ( #3791 ), #7382, .T. ) ;
#6877 = CARTESIAN_POINT ( 'NONE',  ( -0.3999999999999989675, 4.621194077712559078, -0.9500000000000001776 ) ) ;
#6878 = AXIS2_PLACEMENT_3D ( 'NONE', #6636, #5482, #8091 ) ;
#6879 = CARTESIAN_POINT ( 'NONE',  ( 0.9499999999999982903, 1.556154042586614050, -0.6999999999999984013 ) ) ;
#6880 = DIRECTION ( 'NONE',  ( 3.039819175193002819E-16, 0.000000000000000000, -1.000000000000000000 ) ) ;
#6881 = AXIS2_PLACEMENT_3D ( 'NONE', #7654, #3412, #553 ) ;
#6882 = ORIENTED_EDGE ( 'NONE', *, *, #4211, .T. ) ;
#6883 = ORIENTED_EDGE ( 'NONE', *, *, #1578, .F. ) ;
#6884 = VECTOR ( 'NONE', #3427, 1000.000000000000000 ) ;
#6885 = CARTESIAN_POINT ( 'NONE',  ( 1.444999999999999174, 0.3200000000000000067, -1.414999999999999591 ) ) ;
#6886 = EDGE_LOOP ( 'NONE', ( #2022, #2312, #8340, #2531 ) ) ;
#6887 = VECTOR ( 'NONE', #1515, 1000.000000000000000 ) ;
#6888 = ORIENTED_EDGE ( 'NONE', *, *, #8338, .F. ) ;
#6889 = CARTESIAN_POINT ( 'NONE',  ( 1.500000000000000000, 0.05000000000000000278, 0.7000000000000003997 ) ) ;
#6890 = DIRECTION ( 'NONE',  ( -0.000000000000000000, -1.000000000000000000, -0.000000000000000000 ) ) ;
#6891 = AXIS2_PLACEMENT_3D ( 'NONE', #3829, #4586, #6868 ) ;
#6892 = DIRECTION ( 'NONE',  ( -0.000000000000000000, 1.000000000000000000, -0.000000000000000000 ) ) ;
#6893 = CARTESIAN_POINT ( 'NONE',  ( 1.414999999999999147, 0.3200000000000000067, 1.445000000000000728 ) ) ;
#6894 = CARTESIAN_POINT ( 'NONE',  ( 0.9499999999999982903, 4.621194077712559078, -0.6999999999999984013 ) ) ;
#6895 = VERTEX_POINT ( 'NONE', #3313 ) ;
#6896 = ORIENTED_EDGE ( 'NONE', *, *, #3491, .F. ) ;
#6897 = FACE_OUTER_BOUND ( 'NONE', #2972, .T. ) ;
#6898 = LINE ( 'NONE', #8082, #3994 ) ;
#6899 = DIRECTION ( 'NONE',  ( 0.000000000000000000, 1.000000000000000000, 0.000000000000000000 ) ) ;
#6900 = ORIENTED_EDGE ( 'NONE', *, *, #7788, .T. ) ;
#6901 = LINE ( 'NONE', #633, #796 ) ;
#6902 = DIRECTION ( 'NONE',  ( 2.168404344971002557E-15, -0.000000000000000000, 1.000000000000000000 ) ) ;
#6903 = CARTESIAN_POINT ( 'NONE',  ( 1.500000000000000222, 0.05000000000000000278, 1.500000000000000444 ) ) ;
#6904 = VERTEX_POINT ( 'NONE', #8089 ) ;
#6905 = EDGE_CURVE ( 'NONE', #6650, #9092, #6927, .T. ) ;
#6906 = PLANE ( 'NONE',  #7908 ) ;
#6907 = AXIS2_PLACEMENT_3D ( 'NONE', #612, #5692, #2169 ) ;
#6908 = DIRECTION ( 'NONE',  ( -1.000000000000000000, 0.000000000000000000, -0.000000000000000000 ) ) ;
#6909 = ADVANCED_FACE ( 'NONE', ( #897 ), #3199, .T. ) ;
#6910 = CARTESIAN_POINT ( 'NONE',  ( 0.9499999999999982903, 0.02500000000000000139, -0.6999999999999984013 ) ) ;
#6911 = EDGE_LOOP ( 'NONE', ( #7255, #2947, #999, #1302 ) ) ;
#6912 = AXIS2_PLACEMENT_3D ( 'NONE', #5721, #6407, #6554 ) ;
#6913 = EDGE_CURVE ( 'NONE', #6992, #4811, #3885, .T. ) ;
#6914 = VERTEX_POINT ( 'NONE', #286 ) ;
#6915 = LINE ( 'NONE', #2630, #3869 ) ;
#6916 = DIRECTION ( 'NONE',  ( 0.000000000000000000, -1.000000000000000000, 0.000000000000000000 ) ) ;
#6917 = EDGE_CURVE ( 'NONE', #41, #2671, #957, .T. ) ;
#6918 = FACE_OUTER_BOUND ( 'NONE', #5928, .T. ) ;
#6919 = DIRECTION ( 'NONE',  ( -0.000000000000000000, -1.000000000000000000, -0.000000000000000000 ) ) ;
#6920 = ORIENTED_EDGE ( 'NONE', *, *, #5426, .T. ) ;
#6921 = VECTOR ( 'NONE', #876, 1000.000000000000000 ) ;
#6922 = EDGE_LOOP ( 'NONE', ( #7240, #4, #4381, #251 ) ) ;
#6923 = CARTESIAN_POINT ( 'NONE',  ( 0.3999999999999991340, 0.04999999999999991257, 0.9500000000000008438 ) ) ;
#6924 = ORIENTED_EDGE ( 'NONE', *, *, #8134, .F. ) ;
#6925 = AXIS2_PLACEMENT_3D ( 'NONE', #7557, #4572, #1991 ) ;
#6926 = ORIENTED_EDGE ( 'NONE', *, *, #2364, .F. ) ;
#6927 = LINE ( 'NONE', #8724, #865 ) ;
#6928 = CIRCLE ( 'NONE', #8057, 0.1375000000000000389 ) ;
#6929 = DIRECTION ( 'NONE',  ( 0.000000000000000000, -1.000000000000000000, 0.000000000000000000 ) ) ;
#6930 = EDGE_CURVE ( 'NONE', #6301, #5855, #3928, .T. ) ;
#6931 = VERTEX_POINT ( 'NONE', #1107 ) ;
#6932 = DIRECTION ( 'NONE',  ( 0.000000000000000000, 0.000000000000000000, -1.000000000000000000 ) ) ;
#6933 = ADVANCED_FACE ( 'NONE', ( #3943 ), #235, .F. ) ;
#6934 = FACE_OUTER_BOUND ( 'NONE', #4886, .T. ) ;
#6935 = DIRECTION ( 'NONE',  ( 1.000000000000000000, 0.000000000000000000, 0.000000000000000000 ) ) ;
#6936 = ORIENTED_EDGE ( 'NONE', *, *, #2048, .F. ) ;
#6937 = EDGE_CURVE ( 'NONE', #490, #526, #3779, .T. ) ;
#6938 = DIRECTION ( 'NONE',  ( 9.856383386231857595E-17, 0.000000000000000000, 1.000000000000000000 ) ) ;
#6939 = CARTESIAN_POINT ( 'NONE',  ( -1.499999999999999778, 0.05000000000000000278, -1.499999999999997780 ) ) ;
#6940 = DIRECTION ( 'NONE',  ( 1.000000000000000000, -0.000000000000000000, -9.856383386231856362E-17 ) ) ;
#6941 = CARTESIAN_POINT ( 'NONE',  ( 0.9499999999999982903, 1.556154042586614050, -0.6999999999999984013 ) ) ;
#6942 = ORIENTED_EDGE ( 'NONE', *, *, #5409, .F. ) ;
#6943 = ORIENTED_EDGE ( 'NONE', *, *, #3637, .F. ) ;
#6944 = VECTOR ( 'NONE', #2453, 1000.000000000000000 ) ;
#6945 = LINE ( 'NONE', #3636, #3944 ) ;
#6946 = FILL_AREA_STYLE_COLOUR ( '', #5562 ) ;
#6947 = VERTEX_POINT ( 'NONE', #4185 ) ;
#6948 = EDGE_CURVE ( 'NONE', #3513, #2942, #7008, .T. ) ;
#6949 = FACE_OUTER_BOUND ( 'NONE', #454, .T. ) ;
#6950 = VERTEX_POINT ( 'NONE', #1353 ) ;
#6951 = ADVANCED_FACE ( 'NONE', ( #3961 ), #4992, .F. ) ;
#6952 =( LENGTH_UNIT ( ) NAMED_UNIT ( * ) SI_UNIT ( .MILLI., .METRE. ) );
#6953 = CARTESIAN_POINT ( 'NONE',  ( 0.9499999999999985123, 0.05000000000000000278, -1.499999999999998224 ) ) ;
#6954 = PLANE ( 'NONE',  #5480 ) ;
#6955 = DIRECTION ( 'NONE',  ( 0.000000000000000000, 0.000000000000000000, 1.000000000000000000 ) ) ;
#6956 =( NAMED_UNIT ( * ) PLANE_ANGLE_UNIT ( ) SI_UNIT ( $, .RADIAN. ) );
#6957 = CARTESIAN_POINT ( 'NONE',  ( 1.624999999999999778, 0.02500000000000000139, 0.4000000000000008549 ) ) ;
#6958 = CARTESIAN_POINT ( 'NONE',  ( 0.4000000000000000222, 0.3200000000000000067, -1.625000000000000000 ) ) ;
#6959 = VERTEX_POINT ( 'NONE', #6385 ) ;
#6960 = ORIENTED_EDGE ( 'NONE', *, *, #617, .T. ) ;
#6961 = VECTOR ( 'NONE', #629, 1000.000000000000000 ) ;
#6962 = FACE_OUTER_BOUND ( 'NONE', #3079, .T. ) ;
#6963 = CARTESIAN_POINT ( 'NONE',  ( 0.3999999999999993006, 0.05000000000000000278, 1.500000000000000666 ) ) ;
#6964 = ORIENTED_EDGE ( 'NONE', *, *, #5695, .T. ) ;
#6965 = LINE ( 'NONE', #7338, #7093 ) ;
#6966 = CARTESIAN_POINT ( 'NONE',  ( 1.199999999999999734, 0.3200000000000000067, -1.444999999999999840 ) ) ;
#6967 = ORIENTED_EDGE ( 'NONE', *, *, #264, .T. ) ;
#6968 = PLANE ( 'NONE',  #1904 ) ;
#6969 = EDGE_CURVE ( 'NONE', #3483, #6361, #730, .T. ) ;
#6970 = DIRECTION ( 'NONE',  ( -0.000000000000000000, 1.000000000000000000, -0.000000000000000000 ) ) ;
#6971 = ORIENTED_EDGE ( 'NONE', *, *, #4984, .T. ) ;
#6972 = ORIENTED_EDGE ( 'NONE', *, *, #5301, .T. ) ;
#6973 = VECTOR ( 'NONE', #1988, 1000.000000000000000 ) ;
#6974 = CARTESIAN_POINT ( 'NONE',  ( -1.444999999999999618, 0.3000000000000000444, 1.199999999999997735 ) ) ;
#6975 = DIRECTION ( 'NONE',  ( -0.000000000000000000, -1.000000000000000000, -0.000000000000000000 ) ) ;
#6976 = COLOUR_RGB ( '',0.2509803921568627416, 0.2509803921568627416, 0.2509803921568627416 ) ;
#6977 = VERTEX_POINT ( 'NONE', #8516 ) ;
#6978 = VECTOR ( 'NONE', #4660, 1000.000000000000000 ) ;
#6979 = CARTESIAN_POINT ( 'NONE',  ( 1.624999999999999778, 0.02500000000000000139, 0.6999999999999990674 ) ) ;
#6980 = CIRCLE ( 'NONE', #33, 1.099999999999999867 ) ;
#6981 = VERTEX_POINT ( 'NONE', #3478 ) ;
#6982 = PLANE ( 'NONE',  #4712 ) ;
#6983 = DIRECTION ( 'NONE',  ( 0.000000000000000000, 0.000000000000000000, 1.000000000000000000 ) ) ;
#6984 = EDGE_CURVE ( 'NONE', #1459, #4354, #4009, .T. ) ;
#6985 = ADVANCED_FACE ( 'NONE', ( #1026 ), #991, .F. ) ;
#6986 = ORIENTED_EDGE ( 'NONE', *, *, #4550, .T. ) ;
#6987 = VERTEX_POINT ( 'NONE', #2691 ) ;
#6988 = ORIENTED_EDGE ( 'NONE', *, *, #7453, .T. ) ;
#6989 = LINE ( 'NONE', #6157, #3850 ) ;
#6990 = VECTOR ( 'NONE', #5099, 999.9999999999998863 ) ;
#6991 = AXIS2_PLACEMENT_3D ( 'NONE', #4186, #2871, #7035 ) ;
#6992 = VERTEX_POINT ( 'NONE', #2058 ) ;
#6993 = DIRECTION ( 'NONE',  ( 0.000000000000000000, 0.000000000000000000, -1.000000000000000000 ) ) ;
#6994 = EDGE_CURVE ( 'NONE', #5283, #3101, #807, .T. ) ;
#6995 = FACE_OUTER_BOUND ( 'NONE', #7055, .T. ) ;
#6996 = CARTESIAN_POINT ( 'NONE',  ( 0.4000000000000001887, 0.05000000000000000278, -1.499999999999999778 ) ) ;
#6997 = CARTESIAN_POINT ( 'NONE',  ( 1.534381519444564690, 0.3200000000000000067, -1.464381519444566182 ) ) ;
#6998 = CIRCLE ( 'NONE', #3200, 1.187621414821538712 ) ;
#6999 = VERTEX_POINT ( 'NONE', #3538 ) ;
#7000 = CARTESIAN_POINT ( 'NONE',  ( 1.499999999999999778, 0.05000000000000000278, -0.3999999999999999667 ) ) ;
#7001 = AXIS2_PLACEMENT_3D ( 'NONE', #2489, #8691, #6606 ) ;
#7002 = DIRECTION ( 'NONE',  ( -1.000000000000000000, 0.000000000000000000, -2.710505431213763057E-16 ) ) ;
#7003 = EDGE_CURVE ( 'NONE', #8779, #1197, #7073, .T. ) ;
#7004 = ORIENTED_EDGE ( 'NONE', *, *, #6262, .F. ) ;
#7005 = DIRECTION ( 'NONE',  ( 0.000000000000000000, 0.000000000000000000, -1.000000000000000000 ) ) ;
#7006 = VERTEX_POINT ( 'NONE', #4772 ) ;
#7007 = ORIENTED_EDGE ( 'NONE', *, *, #6218, .T. ) ;
#7008 = LINE ( 'NONE', #7677, #6828 ) ;
#7009 = DIRECTION ( 'NONE',  ( -0.000000000000000000, 1.000000000000000000, -0.000000000000000000 ) ) ;
#7010 = ORIENTED_EDGE ( 'NONE', *, *, #6824, .F. ) ;
#7011 = ADVANCED_FACE ( 'NONE', ( #6813 ), #42, .F. ) ;
#7012 = AXIS2_PLACEMENT_3D ( 'NONE', #2586, #3947, #4647 ) ;
#7013 = VECTOR ( 'NONE', #1456, 1000.000000000000000 ) ;
#7014 = ORIENTED_EDGE ( 'NONE', *, *, #6740, .T. ) ;
#7015 = PLANE ( 'NONE',  #969 ) ;
#7016 = DIRECTION ( 'NONE',  ( -0.000000000000000000, 1.000000000000000000, -0.000000000000000000 ) ) ;
#7017 = CARTESIAN_POINT ( 'NONE',  ( -0.9499999999999981792, 0.02500000000000000139, 1.499999999999998668 ) ) ;
#7018 = PLANE ( 'NONE',  #8374 ) ;
#7019 = ORIENTED_EDGE ( 'NONE', *, *, #3398, .F. ) ;
#7020 = ORIENTED_EDGE ( 'NONE', *, *, #6515, .T. ) ;
#7021 = EDGE_CURVE ( 'NONE', #5993, #8467, #3811, .T. ) ;
#7022 = VERTEX_POINT ( 'NONE', #6327 ) ;
#7023 = CIRCLE ( 'NONE', #7544, 0.1375000000000000389 ) ;
#7024 = VECTOR ( 'NONE', #3804, 1000.000000000000000 ) ;
#7025 = ORIENTED_EDGE ( 'NONE', *, *, #8790, .F. ) ;
#7026 = LINE ( 'NONE', #1360, #734 ) ;
#7027 = DIRECTION ( 'NONE',  ( -1.000000000000000000, -0.000000000000000000, -3.212450881438524845E-16 ) ) ;
#7028 = ORIENTED_EDGE ( 'NONE', *, *, #4695, .F. ) ;
#7029 =( GEOMETRIC_REPRESENTATION_CONTEXT ( 3 ) GLOBAL_UNCERTAINTY_ASSIGNED_CONTEXT ( ( #5544 ) ) GLOBAL_UNIT_ASSIGNED_CONTEXT ( ( #7239, #7991, #1086 ) ) REPRESENTATION_CONTEXT ( 'NONE', 'WORKASPACE' ) );
#7030 = AXIS2_PLACEMENT_3D ( 'NONE', #935, #5769, #8613 ) ;
#7031 = AXIS2_PLACEMENT_3D ( 'NONE', #8702, #7178, #7060 ) ;
#7032 = EDGE_CURVE ( 'NONE', #4213, #7493, #3824, .T. ) ;
#7033 = CARTESIAN_POINT ( 'NONE',  ( 0.000000000000000000, 0.3400000000000000244, 0.000000000000000000 ) ) ;
#7034 = ORIENTED_EDGE ( 'NONE', *, *, #1392, .T. ) ;
#7035 = DIRECTION ( 'NONE',  ( 0.000000000000000000, 0.000000000000000000, -1.000000000000000000 ) ) ;
#7036 = ORIENTED_EDGE ( 'NONE', *, *, #334, .T. ) ;
#7037 = ORIENTED_EDGE ( 'NONE', *, *, #7721, .T. ) ;
#7038 = CARTESIAN_POINT ( 'NONE',  ( -1.534381519444566022, 0.3200000000000000067, 1.124999999999997780 ) ) ;
#7039 = PLANE ( 'NONE',  #8732 ) ;
#7040 = VECTOR ( 'NONE', #7599, 999.9999999999998863 ) ;
#7041 = SURFACE_STYLE_USAGE ( .BOTH. , #5709 ) ;
#7042 = ORIENTED_EDGE ( 'NONE', *, *, #6379, .T. ) ;
#7043 = DIRECTION ( 'NONE',  ( 2.710505431213761085E-16, -0.000000000000000000, 1.000000000000000000 ) ) ;
#7044 = VECTOR ( 'NONE', #2358, 1000.000000000000000 ) ;
#7045 = DIRECTION ( 'NONE',  ( 0.000000000000000000, 0.000000000000000000, -1.000000000000000000 ) ) ;
#7046 = ORIENTED_EDGE ( 'NONE', *, *, #9065, .F. ) ;
#7047 = CARTESIAN_POINT ( 'NONE',  ( 1.464381519444564628, 0.3000000000000000444, -1.534381519444566244 ) ) ;
#7048 = AXIS2_PLACEMENT_3D ( 'NONE', #3654, #4357, #6480 ) ;
#7049 = ADVANCED_FACE ( 'NONE', ( #779 ), #7337, .T. ) ;
#7050 = DIRECTION ( 'NONE',  ( 8.031127203596333067E-17, 0.000000000000000000, -1.000000000000000000 ) ) ;
#7051 = CARTESIAN_POINT ( 'NONE',  ( -1.125000000000001332, 0.3200000000000000067, 1.534381519444565356 ) ) ;
#7052 = EDGE_CURVE ( 'NONE', #7157, #6999, #1126, .T. ) ;
#7053 = ORIENTED_EDGE ( 'NONE', *, *, #1928, .T. ) ;
#7054 = EDGE_LOOP ( 'NONE', ( #459, #7606, #3289, #7283 ) ) ;
#7055 = EDGE_LOOP ( 'NONE', ( #4851, #1875, #5734, #4982 ) ) ;
#7056 = VECTOR ( 'NONE', #1627, 1000.000000000000000 ) ;
#7057 = ORIENTED_EDGE ( 'NONE', *, *, #1207, .F. ) ;
#7058 = CARTESIAN_POINT ( 'NONE',  ( 1.624999999999999778, 0.000000000000000000, 0.4000000000000008549 ) ) ;
#7059 = LINE ( 'NONE', #8469, #841 ) ;
#7060 = DIRECTION ( 'NONE',  ( 2.956915015869558264E-16, 0.000000000000000000, 1.000000000000000000 ) ) ;
#7061 = CARTESIAN_POINT ( 'NONE',  ( 1.444999999999998286, -0.2789528969834105254, -1.199999999999998623 ) ) ;
#7062 = ORIENTED_EDGE ( 'NONE', *, *, #5724, .F. ) ;
#7063 = CARTESIAN_POINT ( 'NONE',  ( -0.9500000000000009548, 0.02500000000000000139, -0.4000000000000007994 ) ) ;
#7064 = CARTESIAN_POINT ( 'NONE',  ( 0.3999999999999993006, 0.05000000000000034972, 1.500000000000000666 ) ) ;
#7065 = DIRECTION ( 'NONE',  ( -0.000000000000000000, -1.000000000000000000, -0.000000000000000000 ) ) ;
#7066 = CARTESIAN_POINT ( 'NONE',  ( 0.000000000000000000, 0.05000000000000000278, 0.000000000000000000 ) ) ;
#7067 = EDGE_CURVE ( 'NONE', #3255, #4669, #4376, .T. ) ;
#7068 = ADVANCED_FACE ( 'NONE', ( #4346 ), #7417, .T. ) ;
#7069 = ORIENTED_EDGE ( 'NONE', *, *, #1081, .T. ) ;
#7070 = DIRECTION ( 'NONE',  ( 0.000000000000000000, 0.000000000000000000, -1.000000000000000000 ) ) ;
#7071 = ORIENTED_EDGE ( 'NONE', *, *, #6206, .F. ) ;
#7072 = ORIENTED_EDGE ( 'NONE', *, *, #5082, .F. ) ;
#7073 = LINE ( 'NONE', #7745, #4086 ) ;
#7074 = CARTESIAN_POINT ( 'NONE',  ( 1.499999999999998224, 0.05000000000000000278, -0.6999999999999982903 ) ) ;
#7075 = DIRECTION ( 'NONE',  ( 0.7660444431189809000, 0.000000000000000000, -0.6427876096865359212 ) ) ;
#7076 = ORIENTED_EDGE ( 'NONE', *, *, #204, .T. ) ;
#7077 = VERTEX_POINT ( 'NONE', #1470 ) ;
#7078 = DIRECTION ( 'NONE',  ( 0.000000000000000000, 1.000000000000000000, -0.000000000000000000 ) ) ;
#7079 = DIRECTION ( 'NONE',  ( -1.000000000000000000, -0.000000000000000000, -3.200117349718318386E-15 ) ) ;
#7080 = DIRECTION ( 'NONE',  ( 1.000000000000000000, -0.000000000000000000, 3.039819175193002819E-16 ) ) ;
#7081 = DIRECTION ( 'NONE',  ( -0.000000000000000000, -1.000000000000000000, -0.000000000000000000 ) ) ;
#7082 = ORIENTED_EDGE ( 'NONE', *, *, #266, .F. ) ;
#7083 = EDGE_CURVE ( 'NONE', #712, #122, #4220, .T. ) ;
#7084 = CARTESIAN_POINT ( 'NONE',  ( 1.624999999999999778, 0.02500000000000000139, -0.3999999999999999667 ) ) ;
#7085 = VERTEX_POINT ( 'NONE', #691 ) ;
#7086 = EDGE_LOOP ( 'NONE', ( #8290, #8741, #2198, #7817 ) ) ;
#7087 = VECTOR ( 'NONE', #5366, 1000.000000000000000 ) ;
#7088 = VECTOR ( 'NONE', #2961, 1000.000000000000000 ) ;
#7089 = DIRECTION ( 'NONE',  ( 1.000000000000000000, 0.000000000000000000, -0.000000000000000000 ) ) ;
#7090 = EDGE_CURVE ( 'NONE', #3574, #6222, #4237, .T. ) ;
#7091 = EDGE_LOOP ( 'NONE', ( #5897, #2877, #8703, #1654, #7797, #7463 ) ) ;
#7092 = ADVANCED_FACE ( 'NONE', ( #1294 ), #6848, .T. ) ;
#7093 = VECTOR ( 'NONE', #3222, 1000.000000000000000 ) ;
#7094 = EDGE_CURVE ( 'NONE', #7806, #4795, #1355, .T. ) ;
#7095 = AXIS2_PLACEMENT_3D ( 'NONE', #9022, #5051, #5812 ) ;
#7096 = VECTOR ( 'NONE', #237, 1000.000000000000000 ) ;
#7097 = CARTESIAN_POINT ( 'NONE',  ( 1.534381519444564690, 0.3000000000000000444, -1.124999999999998668 ) ) ;
#7098 = CLOSED_SHELL ( 'NONE', ( #1736, #8236, #6171, #3920, #3734, #6190 ) ) ;
#7099 = AXIS2_PLACEMENT_3D ( 'NONE', #2405, #8030, #5931 ) ;
#7100 = ORIENTED_EDGE ( 'NONE', *, *, #1734, .T. ) ;
#7101 = DIRECTION ( 'NONE',  ( 0.000000000000000000, -1.000000000000000000, 0.000000000000000000 ) ) ;
#7102 = ORIENTED_EDGE ( 'NONE', *, *, #5445, .F. ) ;
#7103 = ORIENTED_EDGE ( 'NONE', *, *, #4448, .T. ) ;
#7104 = FACE_OUTER_BOUND ( 'NONE', #8297, .T. ) ;
#7105 = PLANE ( 'NONE',  #6213 ) ;
#7106 = LINE ( 'NONE', #8801, #4162 ) ;
#7107 = CARTESIAN_POINT ( 'NONE',  ( 0.3999999999999993006, 0.05000000000000000278, 1.500000000000000666 ) ) ;
#7108 = ORIENTED_EDGE ( 'NONE', *, *, #4768, .F. ) ;
#7109 = FACE_OUTER_BOUND ( 'NONE', #2783, .T. ) ;
#7110 = CARTESIAN_POINT ( 'NONE',  ( -1.625000000000000222, 0.3400000000000000244, 1.625000000000000000 ) ) ;
#7111 = FACE_OUTER_BOUND ( 'NONE', #3312, .T. ) ;
#7112 = EDGE_LOOP ( 'NONE', ( #1239, #5425, #4758, #8471 ) ) ;
#7113 = DIRECTION ( 'NONE',  ( 3.200117349718317991E-15, 0.000000000000000000, -1.000000000000000000 ) ) ;
#7114 = CARTESIAN_POINT ( 'NONE',  ( 0.4000000000000009104, 0.000000000000000000, 0.9500000000000008438 ) ) ;
#7115 = AXIS2_PLACEMENT_3D ( 'NONE', #1061, #1790, #2534 ) ;
#7116 = EDGE_CURVE ( 'NONE', #5159, #7989, #7353, .T. ) ;
#7117 = EDGE_CURVE ( 'NONE', #739, #3733, #7249, .T. ) ;
#7118 = ORIENTED_EDGE ( 'NONE', *, *, #7608, .F. ) ;
#7119 = ORIENTED_EDGE ( 'NONE', *, *, #498, .F. ) ;
#7120 = LINE ( 'NONE', #4473, #1341 ) ;
#7121 = FACE_OUTER_BOUND ( 'NONE', #5443, .T. ) ;
#7122 = ORIENTED_EDGE ( 'NONE', *, *, #2659, .F. ) ;
#7123 = FACE_OUTER_BOUND ( 'NONE', #5675, .T. ) ;
#7124 = DIRECTION ( 'NONE',  ( 0.000000000000000000, 1.000000000000000000, 0.000000000000000000 ) ) ;
#7125 = VERTEX_POINT ( 'NONE', #3046 ) ;
#7126 = DIRECTION ( 'NONE',  ( -0.000000000000000000, -1.000000000000000000, -0.000000000000000000 ) ) ;
#7127 = CARTESIAN_POINT ( 'NONE',  ( 1.624999999999999778, 0.3200000000000000067, 1.625000000000000888 ) ) ;
#7128 = CARTESIAN_POINT ( 'NONE',  ( -1.125000000000001332, 0.3400000000000000244, 1.624999999999999112 ) ) ;
#7129 = AXIS2_PLACEMENT_3D ( 'NONE', #1565, #6034, #3195 ) ;
#7130 = MECHANICAL_DESIGN_GEOMETRIC_PRESENTATION_REPRESENTATION (  '', ( #928 ), #3436 ) ;
#7131 = ORIENTED_EDGE ( 'NONE', *, *, #2459, .T. ) ;
#7132 = CIRCLE ( 'NONE', #6284, 1.099999999999999867 ) ;
#7133 = FACE_OUTER_BOUND ( 'NONE', #8642, .T. ) ;
#7134 = CARTESIAN_POINT ( 'NONE',  ( 0.3999999999999999667, 0.000000000000000000, -1.625000000000000000 ) ) ;
#7135 = DIRECTION ( 'NONE',  ( -0.6427876096865359212, 0.000000000000000000, -0.7660444431189809000 ) ) ;
#7136 = EDGE_LOOP ( 'NONE', ( #6132, #6191, #7394, #591 ) ) ;
#7137 = LINE ( 'NONE', #649, #7381 ) ;
#7138 = TOROIDAL_SURFACE ( 'NONE', #4484, 1.314999999999999725, 0.03999999999999999389 ) ;
#7139 = EDGE_LOOP ( 'NONE', ( #863, #7481 ) ) ;
#7140 = EDGE_CURVE ( 'NONE', #8668, #5154, #4132, .T. ) ;
#7141 = CARTESIAN_POINT ( 'NONE',  ( 1.534381519444564690, 0.3400000000000000244, -1.124999999999998668 ) ) ;
#7142 = CARTESIAN_POINT ( 'NONE',  ( 0.9499999999999985123, 0.05000000000000034972, -1.499999999999998224 ) ) ;
#7143 = ADVANCED_FACE ( 'NONE', ( #4322 ), #1646, .F. ) ;
#7144 = DIRECTION ( 'NONE',  ( -1.000000000000000000, 0.000000000000000000, 0.000000000000000000 ) ) ;
#7145 = AXIS2_PLACEMENT_3D ( 'NONE', #7479, #8263, #1890 ) ;
#7146 = VERTEX_POINT ( 'NONE', #6490 ) ;
#7147 = FACE_OUTER_BOUND ( 'NONE', #3128, .T. ) ;
#7148 = EDGE_CURVE ( 'NONE', #5839, #53, #1245, .T. ) ;
#7149 = ORIENTED_EDGE ( 'NONE', *, *, #3010, .T. ) ;
#7150 = LINE ( 'NONE', #8935, #7452 ) ;
#7151 = LINE ( 'NONE', #1844, #3949 ) ;
#7152 = PLANE ( 'NONE',  #1331 ) ;
#7153 = EDGE_LOOP ( 'NONE', ( #3387, #207, #1464, #519 ) ) ;
#7154 = DIRECTION ( 'NONE',  ( 8.031127203596330602E-17, -0.000000000000000000, 1.000000000000000000 ) ) ;
#7155 = ORIENTED_EDGE ( 'NONE', *, *, #5979, .F. ) ;
#7156 = PLANE ( 'NONE',  #4096 ) ;
#7157 = VERTEX_POINT ( 'NONE', #4587 ) ;
#7158 = VECTOR ( 'NONE', #2242, 1000.000000000000000 ) ;
#7159 = CARTESIAN_POINT ( 'NONE',  ( -1.534381519444566022, 0.3200000000000000067, 1.124999999999997780 ) ) ;
#7160 = CARTESIAN_POINT ( 'NONE',  ( -1.464381519444566182, 0.2999999999999999889, 1.534381519444565356 ) ) ;
#7161 = VECTOR ( 'NONE', #3745, 1000.000000000000000 ) ;
#7162 = CARTESIAN_POINT ( 'NONE',  ( -1.624999999999998446, 0.000000000000000000, 0.4000000000000019096 ) ) ;
#7163 = ORIENTED_EDGE ( 'NONE', *, *, #8463, .F. ) ;
#7164 = ADVANCED_FACE ( 'NONE', ( #4175 ), #3771, .F. ) ;
#7165 = VECTOR ( 'NONE', #3332, 1000.000000000000000 ) ;
#7166 = CARTESIAN_POINT ( 'NONE',  ( 1.624999999999999778, 0.3400000000000000244, 1.625000000000000000 ) ) ;
#7167 = EDGE_CURVE ( 'NONE', #8625, #6508, #7307, .T. ) ;
#7168 = LINE ( 'NONE', #733, #7013 ) ;
#7169 = ORIENTED_EDGE ( 'NONE', *, *, #2864, .F. ) ;
#7170 = EDGE_CURVE ( 'NONE', #5157, #9053, #1282, .T. ) ;
#7171 = PLANE ( 'NONE',  #755 ) ;
#7172 = VERTEX_POINT ( 'NONE', #5880 ) ;
#7173 = ORIENTED_EDGE ( 'NONE', *, *, #8463, .T. ) ;
#7174 = TOROIDAL_SURFACE ( 'NONE', #6497, 1.314999999999999725, 0.04000000000000004940 ) ;
#7175 = LINE ( 'NONE', #1285, #7040 ) ;
#7176 = ORIENTED_EDGE ( 'NONE', *, *, #1256, .F. ) ;
#7177 = FACE_OUTER_BOUND ( 'NONE', #577, .T. ) ;
#7178 = DIRECTION ( 'NONE',  ( -1.000000000000000000, 0.000000000000000000, 2.956915015869558264E-16 ) ) ;
#7179 = FILL_AREA_STYLE ('',( #6020 ) ) ;
#7180 = VECTOR ( 'NONE', #7314, 1000.000000000000227 ) ;
#7181 = ORIENTED_EDGE ( 'NONE', *, *, #1150, .F. ) ;
#7182 = CARTESIAN_POINT ( 'NONE',  ( -0.9499999999999978462, 0.02500000000000000139, 0.6999999999999988454 ) ) ;
#7183 = EDGE_CURVE ( 'NONE', #5056, #3268, #7373, .T. ) ;
#7184 = CARTESIAN_POINT ( 'NONE',  ( 1.534381519444564690, 0.3000000000000000444, 1.124999999999999556 ) ) ;
#7185 = CARTESIAN_POINT ( 'NONE',  ( 1.534381519444564690, 0.3200000000000000067, -1.124999999999998668 ) ) ;
#7186 = AXIS2_PLACEMENT_3D ( 'NONE', #6026, #8708, #7485 ) ;
#7187 = CARTESIAN_POINT ( 'NONE',  ( 1.444999999999999174, 0.3000000000000000444, -1.414999999999999591 ) ) ;
#7188 = ORIENTED_EDGE ( 'NONE', *, *, #4621, .T. ) ;
#7189 = ORIENTED_EDGE ( 'NONE', *, *, #7622, .F. ) ;
#7190 = VECTOR ( 'NONE', #8042, 999.9999999999998863 ) ;
#7191 = VECTOR ( 'NONE', #2566, 1000.000000000000000 ) ;
#7192 = CARTESIAN_POINT ( 'NONE',  ( 1.534381519444564690, 0.2999999999999999889, -1.124999999999998668 ) ) ;
#7193 = ORIENTED_EDGE ( 'NONE', *, *, #5301, .F. ) ;
#7194 = ORIENTED_EDGE ( 'NONE', *, *, #6563, .F. ) ;
#7195 = CIRCLE ( 'NONE', #7315, 0.04000000000000010492 ) ;
#7196 = VERTEX_POINT ( 'NONE', #6001 ) ;
#7197 = EDGE_CURVE ( 'NONE', #3887, #609, #1325, .T. ) ;
#7198 = DIRECTION ( 'NONE',  ( 0.000000000000000000, 1.000000000000000000, 0.000000000000000000 ) ) ;
#7199 = ADVANCED_FACE ( 'NONE', ( #7147 ), #2986, .T. ) ;
#7200 = DIRECTION ( 'NONE',  ( 0.000000000000000000, 0.000000000000000000, 1.000000000000000000 ) ) ;
#7201 = CARTESIAN_POINT ( 'NONE',  ( -1.624999999999998446, 4.621194077712559078, 0.4000000000000019096 ) ) ;
#7202 = EDGE_LOOP ( 'NONE', ( #7926, #7076, #1726, #3834, #489 ) ) ;
#7203 = DIRECTION ( 'NONE',  ( -0.6427876096865370315, 0.000000000000000000, -0.7660444431189801229 ) ) ;
#7204 = CLOSED_SHELL ( 'NONE', ( #902, #3142, #4670, #6518, #1084, #5396 ) ) ;
#7205 = VECTOR ( 'NONE', #5661, 1000.000000000000000 ) ;
#7206 = VECTOR ( 'NONE', #6104, 1000.000000000000000 ) ;
#7207 = SURFACE_STYLE_USAGE ( .BOTH. , #3589 ) ;
#7208 = ORIENTED_EDGE ( 'NONE', *, *, #2486, .T. ) ;
#7210 = ORIENTED_EDGE ( 'NONE', *, *, #566, .F. ) ;
#7209 = EDGE_CURVE ( 'NONE', #6005, #7345, #1200, .T. ) ;
#7211 = FACE_OUTER_BOUND ( 'NONE', #4657, .T. ) ;
#7212 = EDGE_CURVE ( 'NONE', #6163, #6165, #1233, .T. ) ;
#7213 = CARTESIAN_POINT ( 'NONE',  ( 0.000000000000000000, 0.05000000000000000278, 0.000000000000000000 ) ) ;
#7214 = ORIENTED_EDGE ( 'NONE', *, *, #8166, .T. ) ;
#7215 = ADVANCED_FACE ( 'NONE', ( #4253 ), #1720, .T. ) ;
#7216 = VERTEX_POINT ( 'NONE', #8111 ) ;
#7217 = DIRECTION ( 'NONE',  ( 0.000000000000000000, 0.000000000000000000, -1.000000000000000000 ) ) ;
#7218 = EDGE_CURVE ( 'NONE', #2282, #7219, #7120, .T. ) ;
#7219 = VERTEX_POINT ( 'NONE', #8806 ) ;
#7220 = LINE ( 'NONE', #2764, #4192 ) ;
#7221 = DIRECTION ( 'NONE',  ( -1.000000000000000000, 0.000000000000000000, 9.571576710093073577E-15 ) ) ;
#7222 = DIRECTION ( 'NONE',  ( -0.000000000000000000, -1.000000000000000000, -0.000000000000000000 ) ) ;
#7223 = LINE ( 'NONE', #3417, #7405 ) ;
#7224 = ORIENTED_EDGE ( 'NONE', *, *, #2125, .F. ) ;
#7225 = LINE ( 'NONE', #8487, #4463 ) ;
#7226 = AXIS2_PLACEMENT_3D ( 'NONE', #3598, #4177, #5641 ) ;
#7227 = LINE ( 'NONE', #4509, #3934 ) ;
#7228 = ORIENTED_EDGE ( 'NONE', *, *, #6581, .T. ) ;
#7229 = DIRECTION ( 'NONE',  ( 4.034240641806509359E-15, 0.000000000000000000, -1.000000000000000000 ) ) ;
#7230 = DIRECTION ( 'NONE',  ( 1.000000000000000000, 0.000000000000000000, -9.637352644315586861E-16 ) ) ;
#7231 = DIRECTION ( 'NONE',  ( 1.000000000000000000, 0.000000000000000000, 2.710505431213764043E-16 ) ) ;
#7232 = EDGE_CURVE ( 'NONE', #8240, #8901, #7275, .T. ) ;
#7233 = ORIENTED_EDGE ( 'NONE', *, *, #5679, .T. ) ;
#7234 = LINE ( 'NONE', #470, #1816 ) ;
#7235 = LINE ( 'NONE', #5236, #7475 ) ;
#7236 = ORIENTED_EDGE ( 'NONE', *, *, #7885, .F. ) ;
#7237 = ADVANCED_FACE ( 'NONE', ( #4389 ), #1586, .F. ) ;
#7238 = DIRECTION ( 'NONE',  ( -0.7660444431189800119, -0.000000000000000000, -0.6427876096865369204 ) ) ;
#7239 =( LENGTH_UNIT ( ) NAMED_UNIT ( * ) SI_UNIT ( .MILLI., .METRE. ) );
#7240 = ORIENTED_EDGE ( 'NONE', *, *, #8432, .T. ) ;
#7241 = CARTESIAN_POINT ( 'NONE',  ( 1.199999999999999956, 0.2999999999999999889, 1.445000000000000728 ) ) ;
#7242 = AXIS2_PLACEMENT_3D ( 'NONE', #3287, #8944, #3786 ) ;
#7243 = CARTESIAN_POINT ( 'NONE',  ( 1.444999999999998286, 0.3200000000000000067, 1.199999999999999512 ) ) ;
#7244 = DIRECTION ( 'NONE',  ( 1.000000000000000000, 0.000000000000000000, 9.637352644315586861E-16 ) ) ;
#7245 = EDGE_CURVE ( 'NONE', #4825, #3983, #4302, .T. ) ;
#7246 = DIRECTION ( 'NONE',  ( 1.000000000000000000, 0.000000000000000000, -1.224646799147353207E-16 ) ) ;
#7247 = VERTEX_POINT ( 'NONE', #4868 ) ;
#7248 = ORIENTED_EDGE ( 'NONE', *, *, #5821, .F. ) ;
#7249 = LINE ( 'NONE', #3100, #4362 ) ;
#7250 = LINE ( 'NONE', #977, #7308 ) ;
#7251 = CARTESIAN_POINT ( 'NONE',  ( -1.415000000000000480, 0.3000000000000000444, 1.414999999999998925 ) ) ;
#7252 = ORIENTED_EDGE ( 'NONE', *, *, #6357, .F. ) ;
#7253 = ORIENTED_EDGE ( 'NONE', *, *, #7835, .F. ) ;
#7254 = COLOUR_RGB ( '',0.7529411764705882248, 0.7529411764705882248, 0.7529411764705882248 ) ;
#7255 = ORIENTED_EDGE ( 'NONE', *, *, #8317, .T. ) ;
#7256 = AXIS2_PLACEMENT_3D ( 'NONE', #4534, #253, #5766 ) ;
#7257 = CARTESIAN_POINT ( 'NONE',  ( -1.625000000000000222, 0.3200000000000000067, 1.625000000000000000 ) ) ;
#7258 = CARTESIAN_POINT ( 'NONE',  ( -0.9500000000000009548, 0.04999999999999991257, -0.4000000000000007994 ) ) ;
#7259 = DIRECTION ( 'NONE',  ( 0.000000000000000000, 1.000000000000000000, 0.000000000000000000 ) ) ;
#7260 = VERTEX_POINT ( 'NONE', #4143 ) ;
#7261 = PLANE ( 'NONE',  #8472 ) ;
#7262 = EDGE_CURVE ( 'NONE', #7561, #230, #7403, .T. ) ;
#7263 = ORIENTED_EDGE ( 'NONE', *, *, #4834, .F. ) ;
#7264 = VECTOR ( 'NONE', #1791, 1000.000000000000000 ) ;
#7265 = VECTOR ( 'NONE', #4856, 1000.000000000000000 ) ;
#7266 = FILL_AREA_STYLE ('',( #1777 ) ) ;
#7267 = ORIENTED_EDGE ( 'NONE', *, *, #6969, .T. ) ;
#7268 = VECTOR ( 'NONE', #4126, 1000.000000000000227 ) ;
#7269 = DIRECTION ( 'NONE',  ( 0.000000000000000000, 0.000000000000000000, -1.000000000000000000 ) ) ;
#7270 = VERTEX_POINT ( 'NONE', #2078 ) ;
#7271 = EDGE_CURVE ( 'NONE', #6787, #944, #7220, .T. ) ;
#7272 = CARTESIAN_POINT ( 'NONE',  ( 0.000000000000000000, 0.8100000000000000533, 0.000000000000000000 ) ) ;
#7273 = CARTESIAN_POINT ( 'NONE',  ( -0.5350000000000001421, 0.05000000000000000278, 0.5299999999999999156 ) ) ;
#7274 = ORIENTED_EDGE ( 'NONE', *, *, #4360, .F. ) ;
#7275 = LINE ( 'NONE', #6595, #1170 ) ;
#7276 = CARTESIAN_POINT ( 'NONE',  ( 1.500000000000000000, 0.05000000000000000278, 0.4000000000000000777 ) ) ;
#7277 = CARTESIAN_POINT ( 'NONE',  ( -1.500000000000001332, 0.02500000000000000139, 0.4000000000000018541 ) ) ;
#7278 = LINE ( 'NONE', #1238, #1234 ) ;
#7279 = EDGE_CURVE ( 'NONE', #7345, #631, #4280, .T. ) ;
#7280 = CARTESIAN_POINT ( 'NONE',  ( -0.9500000000000011768, 0.05000000000000034972, 0.3999999999999984124 ) ) ;
#7281 = ORIENTED_EDGE ( 'NONE', *, *, #6303, .T. ) ;
#7282 = LINE ( 'NONE', #692, #1373 ) ;
#7283 = ORIENTED_EDGE ( 'NONE', *, *, #5794, .F. ) ;
#7284 = CARTESIAN_POINT ( 'NONE',  ( 1.444999999999998286, 0.3200000000000000067, -1.199999999999998623 ) ) ;
#7285 = CARTESIAN_POINT ( 'NONE',  ( 1.444999999999999174, 0.3200000000000000067, -1.414999999999999591 ) ) ;
#7286 = ORIENTED_EDGE ( 'NONE', *, *, #2134, .F. ) ;
#7287 = ADVANCED_FACE ( 'NONE', ( #4149 ), #7174, .F. ) ;
#7288 = ORIENTED_EDGE ( 'NONE', *, *, #4314, .T. ) ;
#7289 = EDGE_CURVE ( 'NONE', #2692, #2856, #4119, .T. ) ;
#7290 = VERTEX_POINT ( 'NONE', #1187 ) ;
#7291 = VECTOR ( 'NONE', #4077, 1000.000000000000000 ) ;
#7292 = LINE ( 'NONE', #5429, #7374 ) ;
#7293 = EDGE_LOOP ( 'NONE', ( #7477, #8510, #1937, #3577 ) ) ;
#7294 = ORIENTED_EDGE ( 'NONE', *, *, #1462, .F. ) ;
#7295 = CARTESIAN_POINT ( 'NONE',  ( -1.534381519444566022, 0.3000000000000000444, 1.464381519444565294 ) ) ;
#7296 = EDGE_CURVE ( 'NONE', #191, #2736, #7132, .T. ) ;
#7297 = DIRECTION ( 'NONE',  ( 0.000000000000000000, 1.000000000000000000, 0.000000000000000000 ) ) ;
#7298 = VECTOR ( 'NONE', #5708, 1000.000000000000000 ) ;
#7299 = ORIENTED_EDGE ( 'NONE', *, *, #1175, .F. ) ;
#7300 = DIRECTION ( 'NONE',  ( 1.000000000000000000, 0.000000000000000000, -0.000000000000000000 ) ) ;
#7301 = CARTESIAN_POINT ( 'NONE',  ( -0.3149999999999993916, 0.02499999999999984873, -0.5300000000000001377 ) ) ;
#7302 = DIRECTION ( 'NONE',  ( 0.000000000000000000, 0.000000000000000000, 1.000000000000000000 ) ) ;
#7303 = EDGE_CURVE ( 'NONE', #3683, #1056, #1091, .T. ) ;
#7304 = DIRECTION ( 'NONE',  ( -0.6427876096865359212, 0.000000000000000000, 0.7660444431189809000 ) ) ;
#7305 = EDGE_LOOP ( 'NONE', ( #2470, #1832, #8053, #7547 ) ) ;
#7306 = ORIENTED_EDGE ( 'NONE', *, *, #7958, .T. ) ;
#7307 = LINE ( 'NONE', #1530, #4101 ) ;
#7308 = VECTOR ( 'NONE', #6523, 1000.000000000000000 ) ;
#7309 = CARTESIAN_POINT ( 'NONE',  ( -1.624999999999998446, 4.621194077712559078, 0.6999999999999981792 ) ) ;
#7310 = ORIENTED_EDGE ( 'NONE', *, *, #290, .F. ) ;
#7311 = ADVANCED_FACE ( 'NONE', ( #1155 ), #6761, .F. ) ;
#7312 = ORIENTED_EDGE ( 'NONE', *, *, #2413, .F. ) ;
#7313 = DIRECTION ( 'NONE',  ( 0.000000000000000000, 1.000000000000000000, 0.000000000000000000 ) ) ;
#7314 = DIRECTION ( 'NONE',  ( 0.7660444431189800119, 0.000000000000000000, 0.6427876096865369204 ) ) ;
#7315 = AXIS2_PLACEMENT_3D ( 'NONE', #342, #8661, #3877 ) ;
#7316 = EDGE_CURVE ( 'NONE', #5401, #1051, #4207, .T. ) ;
#7317 = CARTESIAN_POINT ( 'NONE',  ( 0.4000000000000001887, 0.000000000000000000, -1.499999999999999778 ) ) ;
#7318 = ORIENTED_EDGE ( 'NONE', *, *, #8250, .F. ) ;
#7319 = PLANE ( 'NONE',  #2104 ) ;
#7320 = AXIS2_PLACEMENT_3D ( 'NONE', #1225, #8217, #5473 ) ;
#7321 = ORIENTED_EDGE ( 'NONE', *, *, #4420, .F. ) ;
#7322 = VECTOR ( 'NONE', #2301, 1000.000000000000000 ) ;
#7323 = LINE ( 'NONE', #3940, #1171 ) ;
#7324 = CARTESIAN_POINT ( 'NONE',  ( 1.624999999999998446, 0.3400000000000000244, 0.4000000000000059064 ) ) ;
#7325 = ORIENTED_EDGE ( 'NONE', *, *, #874, .T. ) ;
#7326 = VERTEX_POINT ( 'NONE', #2593 ) ;
#7327 = LINE ( 'NONE', #514, #1625 ) ;
#7328 = CARTESIAN_POINT ( 'NONE',  ( -0.9499999999999981792, 4.621194077712559078, 1.625000000000000888 ) ) ;
#7329 = VERTEX_POINT ( 'NONE', #7571 ) ;
#7330 = AXIS2_PLACEMENT_3D ( 'NONE', #4457, #7313, #8788 ) ;
#7331 = CARTESIAN_POINT ( 'NONE',  ( 0.9500000000000001776, 1.556154042586614050, 1.500000000000000666 ) ) ;
#7332 = DIRECTION ( 'NONE',  ( 0.000000000000000000, -0.000000000000000000, 1.000000000000000000 ) ) ;
#7333 = EDGE_CURVE ( 'NONE', #8343, #5855, #7234, .T. ) ;
#7334 = DIRECTION ( 'NONE',  ( -0.000000000000000000, 1.000000000000000000, -0.000000000000000000 ) ) ;
#7335 = EDGE_CURVE ( 'NONE', #8765, #680, #4846, .T. ) ;
#7336 = ORIENTED_EDGE ( 'NONE', *, *, #2486, .F. ) ;
#7337 = CYLINDRICAL_SURFACE ( 'NONE', #5552, 1.274999999999999689 ) ;
#7338 = CARTESIAN_POINT ( 'NONE',  ( 1.199999999999999956, 0.3000000000000000444, 1.445000000000000728 ) ) ;
#7339 = VECTOR ( 'NONE', #4626, 1000.000000000000000 ) ;
#7340 = DIRECTION ( 'NONE',  ( -0.000000000000000000, -1.000000000000000000, -0.000000000000000000 ) ) ;
#7341 = ORIENTED_EDGE ( 'NONE', *, *, #6449, .F. ) ;
#7342 = DIRECTION ( 'NONE',  ( -0.000000000000000000, -1.000000000000000000, -0.000000000000000000 ) ) ;
#7343 = CARTESIAN_POINT ( 'NONE',  ( -1.125000000000001332, 0.3200000000000000067, 1.534381519444565356 ) ) ;
#7344 = VECTOR ( 'NONE', #5943, 1000.000000000000000 ) ;
#7345 = VERTEX_POINT ( 'NONE', #5499 ) ;
#7346 =( NAMED_UNIT ( * ) PLANE_ANGLE_UNIT ( ) SI_UNIT ( $, .RADIAN. ) );
#7347 = EDGE_CURVE ( 'NONE', #3609, #5009, #7605, .T. ) ;
#7348 = ADVANCED_FACE ( 'NONE', ( #1593 ), #4794, .T. ) ;
#7349 = PLANE ( 'NONE',  #6108 ) ;
#7350 = DIRECTION ( 'NONE',  ( 0.000000000000000000, 1.000000000000000000, 0.000000000000000000 ) ) ;
#7351 = AXIS2_PLACEMENT_3D ( 'NONE', #7826, #4190, #817 ) ;
#7352 = EDGE_LOOP ( 'NONE', ( #365, #1012, #4010, #8037, #4305 ) ) ;
#7353 = LINE ( 'NONE', #930, #4266 ) ;
#7354 = VECTOR ( 'NONE', #4049, 1000.000000000000000 ) ;
#7355 = AXIS2_PLACEMENT_3D ( 'NONE', #3167, #362, #1798 ) ;
#7356 = AXIS2_PLACEMENT_3D ( 'NONE', #6083, #5961, #3977 ) ;
#7357 = EDGE_CURVE ( 'NONE', #3316, #4270, #1619, .T. ) ;
#7358 = ORIENTED_EDGE ( 'NONE', *, *, #7512, .T. ) ;
#7359 = ORIENTED_EDGE ( 'NONE', *, *, #3020, .F. ) ;
#7360 = PLANE ( 'NONE',  #2700 ) ;
#7361 = DIRECTION ( 'NONE',  ( -0.000000000000000000, 1.000000000000000000, -0.000000000000000000 ) ) ;
#7362 = VECTOR ( 'NONE', #5824, 1000.000000000000000 ) ;
#7363 = ORIENTED_EDGE ( 'NONE', *, *, #4402, .F. ) ;
#7364 = CARTESIAN_POINT ( 'NONE',  ( 1.414999999999999147, 0.3200000000000000067, 1.415000000000000702 ) ) ;
#7365 = DIRECTION ( 'NONE',  ( 1.000000000000000000, 0.000000000000000000, 9.856383386231856362E-17 ) ) ;
#7366 = DIRECTION ( 'NONE',  ( 0.000000000000000000, 0.000000000000000000, 1.000000000000000000 ) ) ;
#7367 = UNCERTAINTY_MEASURE_WITH_UNIT (LENGTH_MEASURE( 1.000000000000000082E-05 ), #292, 'distance_accuracy_value', 'NONE');
#7368 =( NAMED_UNIT ( * ) SI_UNIT ( $, .STERADIAN. ) SOLID_ANGLE_UNIT ( ) );
#7369 = CARTESIAN_POINT ( 'NONE',  ( 0.000000000000000000, 0.000000000000000000, 0.000000000000000000 ) ) ;
#7370 = CARTESIAN_POINT ( 'NONE',  ( 1.464381519444564628, -0.2789528969834105254, -1.464381519444566182 ) ) ;
#7371 = ADVANCED_FACE ( 'NONE', ( #7578 ), #2, .F. ) ;
#7372 = EDGE_LOOP ( 'NONE', ( #9114, #5288, #7669, #69 ) ) ;
#7373 = LINE ( 'NONE', #5315, #7322 ) ;
#7374 = VECTOR ( 'NONE', #7870, 1000.000000000000000 ) ;
#7375 = DIRECTION ( 'NONE',  ( 0.000000000000000000, -0.000000000000000000, 1.000000000000000000 ) ) ;
#7376 = AXIS2_PLACEMENT_3D ( 'NONE', #3480, #4315, #632 ) ;
#7377 = ORIENTED_EDGE ( 'NONE', *, *, #6563, .T. ) ;
#7378 = EDGE_CURVE ( 'NONE', #395, #4140, #7590, .T. ) ;
#7379 = VECTOR ( 'NONE', #1374, 1000.000000000000000 ) ;
#7380 = ORIENTED_EDGE ( 'NONE', *, *, #3104, .T. ) ;
#7381 = VECTOR ( 'NONE', #7699, 1000.000000000000000 ) ;
#7382 = PLANE ( 'NONE',  #3001 ) ;
#7383 = DIRECTION ( 'NONE',  ( -0.000000000000000000, -1.000000000000000000, -0.000000000000000000 ) ) ;
#7384 = CARTESIAN_POINT ( 'NONE',  ( 1.444999999999998286, 0.3200000000000000067, 1.199999999999999512 ) ) ;
#7385 = ORIENTED_EDGE ( 'NONE', *, *, #4550, .F. ) ;
#7386 = VECTOR ( 'NONE', #249, 1000.000000000000000 ) ;
#7387 = VECTOR ( 'NONE', #1045, 1000.000000000000000 ) ;
#7388 = CARTESIAN_POINT ( 'NONE',  ( 1.414999999999999147, 0.2999999999999999889, 1.445000000000000728 ) ) ;
#7389 = ORIENTED_EDGE ( 'NONE', *, *, #5327, .T. ) ;
#7390 = ADVANCED_FACE ( 'NONE', ( #4705 ), #1130, .T. ) ;
#7391 = ORIENTED_EDGE ( 'NONE', *, *, #317, .F. ) ;
#7392 = PRESENTATION_STYLE_ASSIGNMENT (( #8342 ) ) ;
#7393 = DIRECTION ( 'NONE',  ( 0.000000000000000000, 1.000000000000000000, -0.000000000000000000 ) ) ;
#7394 = ORIENTED_EDGE ( 'NONE', *, *, #3344, .T. ) ;
#7395 = EDGE_CURVE ( 'NONE', #1229, #778, #7708, .T. ) ;
#7396 = LINE ( 'NONE', #4263, #1568 ) ;
#7397 = EDGE_CURVE ( 'NONE', #5230, #4619, #1725, .T. ) ;
#7398 = CARTESIAN_POINT ( 'NONE',  ( -0.9499999999999992895, 0.02500000000000000139, 0.4000000000000016320 ) ) ;
#7399 = DIRECTION ( 'NONE',  ( -0.000000000000000000, -0.000000000000000000, 1.000000000000000000 ) ) ;
#7400 = ORIENTED_EDGE ( 'NONE', *, *, #1968, .T. ) ;
#7401 = PLANE ( 'NONE',  #3764 ) ;
#7402 = ORIENTED_EDGE ( 'NONE', *, *, #5605, .T. ) ;
#7403 = LINE ( 'NONE', #1939, #1139 ) ;
#7404 = DIRECTION ( 'NONE',  ( 0.000000000000000000, 0.000000000000000000, 1.000000000000000000 ) ) ;
#7405 = VECTOR ( 'NONE', #1031, 1000.000000000000000 ) ;
#7406 = DIRECTION ( 'NONE',  ( -1.000000000000000000, -0.000000000000000000, 9.637352644315586861E-16 ) ) ;
#7407 = EDGE_LOOP ( 'NONE', ( #1608, #3902, #6859, #6972, #7281 ) ) ;
#7408 = CARTESIAN_POINT ( 'NONE',  ( -1.200000000000001288, 0.2999999999999999889, 1.444999999999998952 ) ) ;
#7409 = LINE ( 'NONE', #5387, #1362 ) ;
#7410 = ORIENTED_EDGE ( 'NONE', *, *, #1829, .T. ) ;
#7411 = EDGE_CURVE ( 'NONE', #809, #1953, #4605, .T. ) ;
#7412 = LINE ( 'NONE', #1068, #1435 ) ;
#7413 = DIRECTION ( 'NONE',  ( -7.885106708985487062E-16, 0.000000000000000000, 1.000000000000000000 ) ) ;
#7414 = EDGE_CURVE ( 'NONE', #1204, #8553, #4571, .T. ) ;
#7415 = EDGE_CURVE ( 'NONE', #6992, #7563, #4558, .T. ) ;
#7416 = CARTESIAN_POINT ( 'NONE',  ( 1.444999999999999174, 0.3400000000000000244, 1.415000000000000480 ) ) ;
#7417 = TOROIDAL_SURFACE ( 'NONE', #4288, 1.484999999999999876, 0.04000000000000004940 ) ;
#7418 = FACE_OUTER_BOUND ( 'NONE', #5312, .T. ) ;
#7419 = VERTEX_POINT ( 'NONE', #109 ) ;
#7420 = CARTESIAN_POINT ( 'NONE',  ( -0.5350000000000001421, 0.000000000000000000, 0.5299999999999999156 ) ) ;
#7421 = CARTESIAN_POINT ( 'NONE',  ( -1.534381519444566022, 0.2999999999999999889, 1.124999999999997780 ) ) ;
#7422 = FACE_OUTER_BOUND ( 'NONE', #7811, .T. ) ;
#7423 = ORIENTED_EDGE ( 'NONE', *, *, #1271, .F. ) ;
#7424 = DIRECTION ( 'NONE',  ( -1.000000000000000000, 0.000000000000000000, 2.710505431213761085E-16 ) ) ;
#7425 = CYLINDRICAL_SURFACE ( 'NONE', #5900, 1.524999999999999911 ) ;
#7426 = DIRECTION ( 'NONE',  ( -3.826595902890019188E-16, 0.000000000000000000, 1.000000000000000000 ) ) ;
#7427 = DIRECTION ( 'NONE',  ( -0.000000000000000000, -1.000000000000000000, -0.000000000000000000 ) ) ;
#7428 = ADVANCED_FACE ( 'NONE', ( #4742 ), #2200, .T. ) ;
#7429 = CARTESIAN_POINT ( 'NONE',  ( -0.9500000000000009548, 1.556154042586614050, -0.4000000000000007994 ) ) ;
#7430 = CARTESIAN_POINT ( 'NONE',  ( 1.500000000000000000, 0.05000000000000000278, 0.4000000000000000777 ) ) ;
#7431 = CARTESIAN_POINT ( 'NONE',  ( -1.335000000000000187, 0.7289087296526012283, -1.472500000000000142 ) ) ;
#7432 = FACE_OUTER_BOUND ( 'NONE', #5802, .T. ) ;
#7433 = VERTEX_POINT ( 'NONE', #8536 ) ;
#7434 = CARTESIAN_POINT ( 'NONE',  ( -1.415000000000000480, 0.3000000000000000444, 1.414999999999998925 ) ) ;
#7435 = ORIENTED_EDGE ( 'NONE', *, *, #6837, .T. ) ;
#7436 = DIRECTION ( 'NONE',  ( -2.710505431213761085E-16, 0.000000000000000000, -1.000000000000000000 ) ) ;
#7437 = ORIENTED_EDGE ( 'NONE', *, *, #6035, .F. ) ;
#7438 = AXIS2_PLACEMENT_3D ( 'NONE', #1746, #6675, #8141 ) ;
#7439 = EDGE_CURVE ( 'NONE', #145, #482, #7618, .T. ) ;
#7440 = ORIENTED_EDGE ( 'NONE', *, *, #1383, .T. ) ;
#7441 = LINE ( 'NONE', #1943, #1095 ) ;
#7442 = CARTESIAN_POINT ( 'NONE',  ( 0.000000000000000000, 1.936904730469628300, 0.000000000000000000 ) ) ;
#7443 = CARTESIAN_POINT ( 'NONE',  ( 0.4000000000000009104, 0.02500000000000000139, 0.9500000000000008438 ) ) ;
#7444 = CARTESIAN_POINT ( 'NONE',  ( 0.000000000000000000, 0.05000000000000000278, 0.000000000000000000 ) ) ;
#7445 = ADVANCED_FACE ( 'NONE', ( #1581 ), #4638, .T. ) ;
#7446 = LINE ( 'NONE', #4136, #7265 ) ;
#7447 = VERTEX_POINT ( 'NONE', #607 ) ;
#7448 = CIRCLE ( 'NONE', #246, 1.223873726303004839 ) ;
#7449 = DIRECTION ( 'NONE',  ( 0.7071067811865483499, 0.000000000000000000, -0.7071067811865467956 ) ) ;
#7450 = ORIENTED_EDGE ( 'NONE', *, *, #240, .T. ) ;
#7451 = AXIS2_PLACEMENT_3D ( 'NONE', #2427, #7530, #5513 ) ;
#7452 = VECTOR ( 'NONE', #6817, 1000.000000000000000 ) ;
#7453 = EDGE_CURVE ( 'NONE', #8090, #5222, #4865, .T. ) ;
#7454 = EDGE_CURVE ( 'NONE', #5437, #1292, #4829, .T. ) ;
#7455 = DIRECTION ( 'NONE',  ( 1.000000000000000000, 0.000000000000000000, -1.224646799147353207E-16 ) ) ;
#7456 = DIRECTION ( 'NONE',  ( 2.710505431213761085E-16, 0.000000000000000000, 1.000000000000000000 ) ) ;
#7457 = CARTESIAN_POINT ( 'NONE',  ( -0.9499999999999997335, 0.05000000000000000278, -1.499999999999998002 ) ) ;
#7458 = DIRECTION ( 'NONE',  ( 0.000000000000000000, -1.000000000000000000, 0.000000000000000000 ) ) ;
#7459 = LINE ( 'NONE', #5350, #1410 ) ;
#7460 = EDGE_CURVE ( 'NONE', #2128, #7510, #7550, .T. ) ;
#7461 = ORIENTED_EDGE ( 'NONE', *, *, #7815, .T. ) ;
#7462 = ADVANCED_FACE ( 'NONE', ( #7672 ), #7015, .F. ) ;
#7463 = ORIENTED_EDGE ( 'NONE', *, *, #5497, .F. ) ;
#7464 = CARTESIAN_POINT ( 'NONE',  ( 1.414999999999999147, -0.2789528969834105254, 1.445000000000000728 ) ) ;
#7465 = DIRECTION ( 'NONE',  ( 1.000000000000000000, -0.000000000000000000, 0.000000000000000000 ) ) ;
#7466 = LINE ( 'NONE', #7515, #1416 ) ;
#7467 = ORIENTED_EDGE ( 'NONE', *, *, #4128, .T. ) ;
#7468 = VECTOR ( 'NONE', #8426, 1000.000000000000000 ) ;
#7469 = AXIS2_PLACEMENT_3D ( 'NONE', #432, #5688, #5519 ) ;
#7470 = DIRECTION ( 'NONE',  ( 1.000000000000000000, 0.000000000000000000, 0.000000000000000000 ) ) ;
#7471 =( GEOMETRIC_REPRESENTATION_CONTEXT ( 3 ) GLOBAL_UNCERTAINTY_ASSIGNED_CONTEXT ( ( #300 ) ) GLOBAL_UNIT_ASSIGNED_CONTEXT ( ( #3331, #6816, #8425 ) ) REPRESENTATION_CONTEXT ( 'NONE', 'WORKASPACE' ) );
#7472 = EDGE_CURVE ( 'NONE', #6673, #2420, #1507, .T. ) ;
#7473 = DIRECTION ( 'NONE',  ( -2.581433744013106054E-16, 0.000000000000000000, 1.000000000000000000 ) ) ;
#7474 = ORIENTED_EDGE ( 'NONE', *, *, #7779, .F. ) ;
#7475 = VECTOR ( 'NONE', #985, 1000.000000000000000 ) ;
#7476 = EDGE_LOOP ( 'NONE', ( #7169, #686, #3471, #4100 ) ) ;
#7477 = ORIENTED_EDGE ( 'NONE', *, *, #8676, .T. ) ;
#7478 = CARTESIAN_POINT ( 'NONE',  ( -1.499999999999999556, 0.05000000000000000278, -0.6999999999999978462 ) ) ;
#7479 = CARTESIAN_POINT ( 'NONE',  ( 1.624999999999997558, 0.3200000000000000067, -1.124999999999997780 ) ) ;
#7480 = COLOUR_RGB ( '',0.7529411764705882248, 0.7529411764705882248, 0.7529411764705882248 ) ;
#7481 = ORIENTED_EDGE ( 'NONE', *, *, #6246, .F. ) ;
#7482 = DIRECTION ( 'NONE',  ( 0.000000000000000000, -1.000000000000000000, 0.000000000000000000 ) ) ;
#7483 = LINE ( 'NONE', #3561, #1391 ) ;
#7484 = CARTESIAN_POINT ( 'NONE',  ( -1.415000000000000480, 0.2999999999999999889, 1.444999999999998952 ) ) ;
#7485 = DIRECTION ( 'NONE',  ( 4.034240641806509359E-15, 0.000000000000000000, -1.000000000000000000 ) ) ;
#7486 =( GEOMETRIC_REPRESENTATION_CONTEXT ( 3 ) GLOBAL_UNCERTAINTY_ASSIGNED_CONTEXT ( ( #8232 ) ) GLOBAL_UNIT_ASSIGNED_CONTEXT ( ( #933, #8940, #4152 ) ) REPRESENTATION_CONTEXT ( 'NONE', 'WORKASPACE' ) );
#7487 = DIRECTION ( 'NONE',  ( 1.000000000000000000, 0.000000000000000000, 0.000000000000000000 ) ) ;
#7488 = EDGE_CURVE ( 'NONE', #8901, #6163, #1710, .T. ) ;
#7489 = ORIENTED_EDGE ( 'NONE', *, *, #2238, .F. ) ;
#7490 = CIRCLE ( 'NONE', #4602, 1.449999999999999956 ) ;
#7491 = ORIENTED_EDGE ( 'NONE', *, *, #2346, .T. ) ;
#7492 = DIRECTION ( 'NONE',  ( 4.034240641806509359E-15, -0.000000000000000000, 1.000000000000000000 ) ) ;
#7493 = VERTEX_POINT ( 'NONE', #79 ) ;
#7494 = DIRECTION ( 'NONE',  ( 0.000000000000000000, -1.000000000000000000, 0.000000000000000000 ) ) ;
#7495 = ORIENTED_EDGE ( 'NONE', *, *, #5557, .T. ) ;
#7496 = LINE ( 'NONE', #934, #1160 ) ;
#7497 = CARTESIAN_POINT ( 'NONE',  ( 1.624999999999999778, 0.000000000000000000, -0.6999999999999981792 ) ) ;
#7498 = ADVANCED_FACE ( 'NONE', ( #4668 ), #4284, .T. ) ;
#7499 = DIRECTION ( 'NONE',  ( -1.000000000000000000, 0.000000000000000000, 0.000000000000000000 ) ) ;
#7500 = DIRECTION ( 'NONE',  ( -0.000000000000000000, 1.000000000000000000, -0.000000000000000000 ) ) ;
#7501 = PLANE ( 'NONE',  #7974 ) ;
#7502 = DIRECTION ( 'NONE',  ( -0.6427876096865359212, -0.000000000000000000, 0.7660444431189809000 ) ) ;
#7503 = VERTEX_POINT ( 'NONE', #5862 ) ;
#7504 = EDGE_CURVE ( 'NONE', #3536, #5255, #4775, .T. ) ;
#7505 = VECTOR ( 'NONE', #3758, 1000.000000000000000 ) ;
#7506 = VERTEX_POINT ( 'NONE', #2784 ) ;
#7507 = EDGE_LOOP ( 'NONE', ( #6495, #3754, #7286, #8882 ) ) ;
#7508 = VERTEX_POINT ( 'NONE', #7141 ) ;
#7509 = LINE ( 'NONE', #1296, #4423 ) ;
#7510 = VERTEX_POINT ( 'NONE', #789 ) ;
#7511 = VECTOR ( 'NONE', #9063, 1000.000000000000000 ) ;
#7512 = EDGE_CURVE ( 'NONE', #2684, #3316, #7774, .T. ) ;
#7513 = DIRECTION ( 'NONE',  ( -4.034240641806509359E-15, 0.000000000000000000, 1.000000000000000000 ) ) ;
#7514 = DIRECTION ( 'NONE',  ( 0.000000000000000000, -0.000000000000000000, 1.000000000000000000 ) ) ;
#7515 = CARTESIAN_POINT ( 'NONE',  ( 1.464381519444564850, 0.3200000000000000067, 1.534381519444567132 ) ) ;
#7516 = DIRECTION ( 'NONE',  ( 4.034240641806509359E-15, 0.000000000000000000, -1.000000000000000000 ) ) ;
#7517 = EDGE_CURVE ( 'NONE', #6846, #6445, #1836, .T. ) ;
#7518 = FACE_OUTER_BOUND ( 'NONE', #1105, .T. ) ;
#7519 = ORIENTED_EDGE ( 'NONE', *, *, #5228, .T. ) ;
#7520 = DIRECTION ( 'NONE',  ( -1.000000000000000000, 0.000000000000000000, 1.971276677246371765E-16 ) ) ;
#7521 = EDGE_LOOP ( 'NONE', ( #5470, #9088, #8262, #2340 ) ) ;
#7522 = EDGE_LOOP ( 'NONE', ( #2868, #1083, #3904, #6533 ) ) ;
#7523 = EDGE_CURVE ( 'NONE', #758, #4057, #4689, .T. ) ;
#7524 = CARTESIAN_POINT ( 'NONE',  ( 1.624999999999999778, 0.3200000000000000067, -1.625000000000000000 ) ) ;
#7525 = DIRECTION ( 'NONE',  ( -0.000000000000000000, 1.000000000000000000, -0.000000000000000000 ) ) ;
#7526 = FACE_OUTER_BOUND ( 'NONE', #9035, .T. ) ;
#7527 = ORIENTED_EDGE ( 'NONE', *, *, #6374, .F. ) ;
#7528 = LINE ( 'NONE', #7573, #4397 ) ;
#7529 = DIRECTION ( 'NONE',  ( 0.000000000000000000, 0.000000000000000000, -1.000000000000000000 ) ) ;
#7530 = DIRECTION ( 'NONE',  ( 1.000000000000000000, -0.000000000000000000, 8.031127203596330602E-17 ) ) ;
#7531 = LINE ( 'NONE', #7808, #7560 ) ;
#7532 = VERTEX_POINT ( 'NONE', #3646 ) ;
#7533 = VERTEX_POINT ( 'NONE', #5109 ) ;
#7534 = ADVANCED_FACE ( 'NONE', ( #7723 ), #23, .F. ) ;
#7535 = ORIENTED_EDGE ( 'NONE', *, *, #6262, .T. ) ;
#7536 = VERTEX_POINT ( 'NONE', #3028 ) ;
#7537 = DIRECTION ( 'NONE',  ( -1.000000000000000000, -0.000000000000000000, -0.000000000000000000 ) ) ;
#7538 = ORIENTED_EDGE ( 'NONE', *, *, #7941, .T. ) ;
#7539 = VECTOR ( 'NONE', #5318, 1000.000000000000000 ) ;
#7540 = DIRECTION ( 'NONE',  ( -1.000000000000000000, -0.000000000000000000, -0.000000000000000000 ) ) ;
#7541 = CARTESIAN_POINT ( 'NONE',  ( -1.624999999999998890, 0.3200000000000000067, 1.124999999999996891 ) ) ;
#7542 = DIRECTION ( 'NONE',  ( 1.000000000000000000, 0.000000000000000000, -1.224646799147353207E-16 ) ) ;
#7543 = DIRECTION ( 'NONE',  ( 0.000000000000000000, 1.000000000000000000, 0.000000000000000000 ) ) ;
#7544 = AXIS2_PLACEMENT_3D ( 'NONE', #1289, #2050, #4917 ) ;
#7545 = LINE ( 'NONE', #2046, #1458 ) ;
#7546 = DIRECTION ( 'NONE',  ( -0.000000000000000000, 1.000000000000000000, -0.000000000000000000 ) ) ;
#7547 = ORIENTED_EDGE ( 'NONE', *, *, #6048, .T. ) ;
#7548 = ORIENTED_EDGE ( 'NONE', *, *, #6707, .T. ) ;
#7549 = ORIENTED_EDGE ( 'NONE', *, *, #325, .F. ) ;
#7550 = LINE ( 'NONE', #6307, #1605 ) ;
#7551 = ORIENTED_EDGE ( 'NONE', *, *, #7067, .T. ) ;
#7552 = LINE ( 'NONE', #8751, #4412 ) ;
#7553 = EDGE_CURVE ( 'NONE', #5202, #446, #1674, .T. ) ;
#7554 = DIRECTION ( 'NONE',  ( -0.000000000000000000, -1.000000000000000000, -0.000000000000000000 ) ) ;
#7555 = DIRECTION ( 'NONE',  ( 0.000000000000000000, 0.000000000000000000, -1.000000000000000000 ) ) ;
#7556 = DIRECTION ( 'NONE',  ( -0.000000000000000000, 1.000000000000000000, -0.000000000000000000 ) ) ;
#7557 = CARTESIAN_POINT ( 'NONE',  ( 0.4000000000000000222, 0.05000000000000000278, -0.9499999999999999556 ) ) ;
#7558 = CARTESIAN_POINT ( 'NONE',  ( 0.000000000000000000, 1.920000000000000373, -1.459999999999999964 ) ) ;
#7559 = AXIS2_PLACEMENT_3D ( 'NONE', #4961, #4451, #2724 ) ;
#7560 = VECTOR ( 'NONE', #5872, 1000.000000000000000 ) ;
#7561 = VERTEX_POINT ( 'NONE', #1394 ) ;
#7562 = EDGE_CURVE ( 'NONE', #7970, #6036, #4721, .T. ) ;
#7563 = VERTEX_POINT ( 'NONE', #3514 ) ;
#7564 = VECTOR ( 'NONE', #3704, 1000.000000000000000 ) ;
#7565 = CARTESIAN_POINT ( 'NONE',  ( 1.444999999999999174, 0.3200000000000000067, 1.415000000000000480 ) ) ;
#7566 = ORIENTED_EDGE ( 'NONE', *, *, #8116, .T. ) ;
#7567 = VECTOR ( 'NONE', #6308, 1000.000000000000227 ) ;
#7568 = ADVANCED_FACE ( 'NONE', ( #7848 ), #4224, .T. ) ;
#7569 = VECTOR ( 'NONE', #324, 1000.000000000000000 ) ;
#7570 = CARTESIAN_POINT ( 'NONE',  ( -0.3999999999999989675, 0.000000000000000000, -0.9500000000000001776 ) ) ;
#7571 = CARTESIAN_POINT ( 'NONE',  ( -0.3149999999999993916, 0.000000000000000000, -0.5300000000000001377 ) ) ;
#7572 = DIRECTION ( 'NONE',  ( -2.710505431213761085E-16, 0.000000000000000000, 1.000000000000000000 ) ) ;
#7573 = CARTESIAN_POINT ( 'NONE',  ( -1.625000000000000222, 0.3400000000000000244, -1.625000000000000000 ) ) ;
#7574 = VECTOR ( 'NONE', #966, 1000.000000000000000 ) ;
#7575 = AXIS2_PLACEMENT_3D ( 'NONE', #6879, #6458, #5026 ) ;
#7576 = ORIENTED_EDGE ( 'NONE', *, *, #8978, .T. ) ;
#7577 = ORIENTED_EDGE ( 'NONE', *, *, #6200, .F. ) ;
#7578 = FACE_OUTER_BOUND ( 'NONE', #6576, .T. ) ;
#7579 = DIRECTION ( 'NONE',  ( -1.000000000000000000, 0.000000000000000000, 4.015563601798169738E-16 ) ) ;
#7580 = EDGE_CURVE ( 'NONE', #9105, #9092, #7792, .T. ) ;
#7581 = PLANE ( 'NONE',  #7860 ) ;
#7582 = EDGE_LOOP ( 'NONE', ( #4272, #3685, #5166, #6626 ) ) ;
#7583 = LINE ( 'NONE', #3739, #1599 ) ;
#7584 = CARTESIAN_POINT ( 'NONE',  ( -0.3149999999999993916, 4.621194077712559078, -0.5300000000000001377 ) ) ;
#7585 = ADVANCED_FACE ( 'NONE', ( #1694 ), #8660, .F. ) ;
#7586 = FACE_OUTER_BOUND ( 'NONE', #8021, .T. ) ;
#7587 = ORIENTED_EDGE ( 'NONE', *, *, #3362, .T. ) ;
#7588 = ORIENTED_EDGE ( 'NONE', *, *, #8332, .F. ) ;
#7589 = ORIENTED_EDGE ( 'NONE', *, *, #2890, .T. ) ;
#7590 = LINE ( 'NONE', #6229, #4887 ) ;
#7591 = CARTESIAN_POINT ( 'NONE',  ( 0.5349999999999999201, 0.05000000000000000278, 0.5300000000000002487 ) ) ;
#7592 = ORIENTED_EDGE ( 'NONE', *, *, #1624, .F. ) ;
#7593 = DIRECTION ( 'NONE',  ( -1.000000000000000000, 0.000000000000000000, 0.000000000000000000 ) ) ;
#7594 = EDGE_CURVE ( 'NONE', #4624, #4769, #1740, .T. ) ;
#7595 = VECTOR ( 'NONE', #2955, 1000.000000000000000 ) ;
#7596 = DIRECTION ( 'NONE',  ( 0.000000000000000000, 0.000000000000000000, -1.000000000000000000 ) ) ;
#7597 = CARTESIAN_POINT ( 'NONE',  ( 0.3999999999999993006, 1.556154042586614050, 1.500000000000000666 ) ) ;
#7598 = LINE ( 'NONE', #8446, #1557 ) ;
#7599 = DIRECTION ( 'NONE',  ( -0.7071067811865483499, 0.000000000000000000, 0.7071067811865467956 ) ) ;
#7600 = DIRECTION ( 'NONE',  ( -3.942553354492743531E-16, 0.000000000000000000, -1.000000000000000000 ) ) ;
#7601 = ORIENTED_EDGE ( 'NONE', *, *, #2923, .F. ) ;
#7602 = ADVANCED_FACE ( 'NONE', ( #1522 ), #6815, .F. ) ;
#7603 = CARTESIAN_POINT ( 'NONE',  ( -1.125000000000001332, 0.3200000000000000067, 1.624999999999999112 ) ) ;
#7604 = ORIENTED_EDGE ( 'NONE', *, *, #6824, .T. ) ;
#7605 = LINE ( 'NONE', #8870, #4625 ) ;
#7606 = ORIENTED_EDGE ( 'NONE', *, *, #4596, .F. ) ;
#7607 = FACE_OUTER_BOUND ( 'NONE', #671, .T. ) ;
#7608 = EDGE_CURVE ( 'NONE', #1709, #2264, #7813, .T. ) ;
#7609 = DIRECTION ( 'NONE',  ( 0.000000000000000000, -1.000000000000000000, 0.000000000000000000 ) ) ;
#7610 = LINE ( 'NONE', #2786, #7781 ) ;
#7611 = CARTESIAN_POINT ( 'NONE',  ( 1.534381519444564690, 0.3400000000000000244, -1.124999999999998668 ) ) ;
#7612 = CARTESIAN_POINT ( 'NONE',  ( 0.000000000000000000, 1.960000000000000853, 0.000000000000000000 ) ) ;
#7613 = LINE ( 'NONE', #2880, #1634 ) ;
#7614 = ORIENTED_EDGE ( 'NONE', *, *, #6246, .T. ) ;
#7615 = VERTEX_POINT ( 'NONE', #6175 ) ;
#7616 = EDGE_CURVE ( 'NONE', #6931, #4522, #1797, .T. ) ;
#7617 = ORIENTED_EDGE ( 'NONE', *, *, #1101, .F. ) ;
#7618 = LINE ( 'NONE', #1492, #1551 ) ;
#7619 = DIRECTION ( 'NONE',  ( -0.000000000000000000, -1.000000000000000000, -0.000000000000000000 ) ) ;
#7620 = VERTEX_POINT ( 'NONE', #3326 ) ;
#7621 = PRESENTATION_STYLE_ASSIGNMENT (( #2323 ) ) ;
#7622 = EDGE_CURVE ( 'NONE', #5901, #7561, #7883, .T. ) ;
#7623 = FACE_OUTER_BOUND ( 'NONE', #8563, .T. ) ;
#7624 = DIRECTION ( 'NONE',  ( -1.000000000000000000, -0.000000000000000000, 3.942553354492743038E-16 ) ) ;
#7625 = CARTESIAN_POINT ( 'NONE',  ( 0.3999999999999991340, 0.05000000000000034972, 0.9500000000000008438 ) ) ;
#7626 = EDGE_CURVE ( 'NONE', #3328, #4202, #8074, .T. ) ;
#7627 = CARTESIAN_POINT ( 'NONE',  ( -0.3999999999999973022, 0.02499999999999984873, 1.625000000000000888 ) ) ;
#7628 = ORIENTED_EDGE ( 'NONE', *, *, #8541, .F. ) ;
#7629 = CARTESIAN_POINT ( 'NONE',  ( -1.499999999999999778, 0.000000000000000000, -1.499999999999997780 ) ) ;
#7630 = EDGE_LOOP ( 'NONE', ( #2385, #7034, #5033, #5538 ) ) ;
#7631 = DIRECTION ( 'NONE',  ( -1.000000000000000000, 0.000000000000000000, 0.000000000000000000 ) ) ;
#7632 = ORIENTED_EDGE ( 'NONE', *, *, #3624, .T. ) ;
#7633 = VECTOR ( 'NONE', #1430, 1000.000000000000000 ) ;
#7634 = PLANE ( 'NONE',  #2551 ) ;
#7635 = CARTESIAN_POINT ( 'NONE',  ( -1.500000000000001554, 1.556154042586614050, 1.499999999999998668 ) ) ;
#7636 = EDGE_LOOP ( 'NONE', ( #3748, #3140, #745, #6548 ) ) ;
#7637 = EDGE_CURVE ( 'NONE', #7506, #5372, #5035, .T. ) ;
#7638 = FACE_OUTER_BOUND ( 'NONE', #3640, .T. ) ;
#7639 =( GEOMETRIC_REPRESENTATION_CONTEXT ( 3 ) GLOBAL_UNCERTAINTY_ASSIGNED_CONTEXT ( ( #7829 ) ) GLOBAL_UNIT_ASSIGNED_CONTEXT ( ( #3170, #7346, #8124 ) ) REPRESENTATION_CONTEXT ( 'NONE', 'WORKASPACE' ) );
#7640 = ADVANCED_FACE ( 'NONE', ( #8174 ), #2649, .F. ) ;
#7641 = DIRECTION ( 'NONE',  ( -0.000000000000000000, -1.000000000000000000, -0.000000000000000000 ) ) ;
#7642 = DIRECTION ( 'NONE',  ( -1.224646799147349509E-16, 0.000000000000000000, -1.000000000000000000 ) ) ;
#7643 = VERTEX_POINT ( 'NONE', #5442 ) ;
#7644 = VECTOR ( 'NONE', #4325, 1000.000000000000000 ) ;
#7645 = ORIENTED_EDGE ( 'NONE', *, *, #1810, .F. ) ;
#7646 =( NAMED_UNIT ( * ) SI_UNIT ( $, .STERADIAN. ) SOLID_ANGLE_UNIT ( ) );
#7647 = VERTEX_POINT ( 'NONE', #2475 ) ;
#7648 = VECTOR ( 'NONE', #4896, 1000.000000000000227 ) ;
#7649 = CARTESIAN_POINT ( 'NONE',  ( 1.624999999999997558, 0.3200000000000000067, 1.124999999999998668 ) ) ;
#7650 = DIRECTION ( 'NONE',  ( 0.000000000000000000, 1.000000000000000000, 0.000000000000000000 ) ) ;
#7651 = ORIENTED_EDGE ( 'NONE', *, *, #7788, .F. ) ;
#7652 = CARTESIAN_POINT ( 'NONE',  ( 0.000000000000000000, 0.000000000000000000, 0.000000000000000000 ) ) ;
#7653 = AXIS2_PLACEMENT_3D ( 'NONE', #3557, #4260, #5013 ) ;
#7654 = CARTESIAN_POINT ( 'NONE',  ( -1.625000000000000222, 0.3400000000000000244, -1.625000000000000000 ) ) ;
#7655 = ORIENTED_EDGE ( 'NONE', *, *, #6448, .T. ) ;
#7656 = LINE ( 'NONE', #7421, #4852 ) ;
#7657 = PLANE ( 'NONE',  #63 ) ;
#7658 = CARTESIAN_POINT ( 'NONE',  ( 0.000000000000000000, 1.649999999999999911, 0.000000000000000000 ) ) ;
#7659 = EDGE_CURVE ( 'NONE', #3097, #7506, #8157, .T. ) ;
#7660 = FACE_OUTER_BOUND ( 'NONE', #3810, .T. ) ;
#7661 = DIRECTION ( 'NONE',  ( -2.344220913482167712E-16, 0.000000000000000000, -1.000000000000000000 ) ) ;
#7662 = VECTOR ( 'NONE', #7079, 1000.000000000000000 ) ;
#7663 = DIRECTION ( 'NONE',  ( -0.000000000000000000, -1.000000000000000000, -0.000000000000000000 ) ) ;
#7664 = VECTOR ( 'NONE', #8153, 1000.000000000000000 ) ;
#7665 = VERTEX_POINT ( 'NONE', #8994 ) ;
#7666 = CARTESIAN_POINT ( 'NONE',  ( -1.415000000000000480, 0.3200000000000000067, 1.414999999999998925 ) ) ;
#7667 = EDGE_CURVE ( 'NONE', #490, #2905, #2049, .T. ) ;
#7668 = EDGE_CURVE ( 'NONE', #6073, #5543, #2115, .T. ) ;
#7669 = ORIENTED_EDGE ( 'NONE', *, *, #4597, .T. ) ;
#7670 = CARTESIAN_POINT ( 'NONE',  ( 1.624999999999999778, 0.000000000000000000, 1.625000000000000000 ) ) ;
#7671 = ORIENTED_EDGE ( 'NONE', *, *, #1447, .F. ) ;
#7672 = FACE_OUTER_BOUND ( 'NONE', #1364, .T. ) ;
#7673 = EDGE_LOOP ( 'NONE', ( #2352, #7718, #1814, #3196 ) ) ;
#7674 = ORIENTED_EDGE ( 'NONE', *, *, #8332, .T. ) ;
#7675 = CYLINDRICAL_SURFACE ( 'NONE', #1351, 0.03000000000000007869 ) ;
#7676 = AXIS2_PLACEMENT_3D ( 'NONE', #280, #8845, #3136 ) ;
#7677 = CARTESIAN_POINT ( 'NONE',  ( 1.124999999999999778, 0.3200000000000000067, -1.534381519444566244 ) ) ;
#7678 = DIRECTION ( 'NONE',  ( 1.000000000000000000, 0.000000000000000000, 8.031127203596334299E-17 ) ) ;
#7679 = EDGE_CURVE ( 'NONE', #8912, #3212, #8015, .T. ) ;
#7680 = DIRECTION ( 'NONE',  ( 0.6427876096865371425, 0.000000000000000000, -0.7660444431189800119 ) ) ;
#7681 = CARTESIAN_POINT ( 'NONE',  ( 1.125000000000000222, 0.3200000000000000067, 1.625000000000000888 ) ) ;
#7682 = EDGE_CURVE ( 'NONE', #4366, #4681, #2083, .T. ) ;
#7683 = DIRECTION ( 'NONE',  ( -1.000000000000000000, 0.000000000000000000, 0.000000000000000000 ) ) ;
#7684 = DIRECTION ( 'NONE',  ( 1.000000000000000000, 0.000000000000000000, -5.421010862427523156E-16 ) ) ;
#7685 = VECTOR ( 'NONE', #8551, 1000.000000000000000 ) ;
#7686 = EDGE_LOOP ( 'NONE', ( #4361, #1198, #8041, #3594 ) ) ;
#7687 = ORIENTED_EDGE ( 'NONE', *, *, #6917, .T. ) ;
#7688 = EDGE_LOOP ( 'NONE', ( #6267, #6461, #6637, #4424 ) ) ;
#7689 = VECTOR ( 'NONE', #728, 1000.000000000000000 ) ;
#7690 = CARTESIAN_POINT ( 'NONE',  ( -0.3999999999999973022, 0.02500000000000000139, 1.625000000000000888 ) ) ;
#7691 = ORIENTED_EDGE ( 'NONE', *, *, #7580, .T. ) ;
#7692 = ORIENTED_EDGE ( 'NONE', *, *, #6689, .F. ) ;
#7693 = ORIENTED_EDGE ( 'NONE', *, *, #226, .T. ) ;
#7694 = VECTOR ( 'NONE', #3103, 1000.000000000000000 ) ;
#7695 = AXIS2_PLACEMENT_3D ( 'NONE', #5430, #6750, #1359 ) ;
#7696 = EDGE_CURVE ( 'NONE', #4405, #3483, #1946, .T. ) ;
#7697 = DIRECTION ( 'NONE',  ( -3.826595902890018202E-16, 0.000000000000000000, 1.000000000000000000 ) ) ;
#7698 = DIRECTION ( 'NONE',  ( 0.000000000000000000, -1.000000000000000000, 0.000000000000000000 ) ) ;
#7699 = DIRECTION ( 'NONE',  ( 0.000000000000000000, -1.000000000000000000, 0.000000000000000000 ) ) ;
#7700 = FACE_OUTER_BOUND ( 'NONE', #5524, .T. ) ;
#7701 = ORIENTED_EDGE ( 'NONE', *, *, #142, .T. ) ;
#7702 = EDGE_CURVE ( 'NONE', #8205, #8787, #4994, .T. ) ;
#7703 = DIRECTION ( 'NONE',  ( -3.942553354492744024E-16, 0.000000000000000000, -1.000000000000000000 ) ) ;
#7704 = EDGE_LOOP ( 'NONE', ( #7816, #242, #3957, #3431 ) ) ;
#7705 = DIRECTION ( 'NONE',  ( -2.710505431213763057E-16, 0.000000000000000000, 1.000000000000000000 ) ) ;
#7706 = CARTESIAN_POINT ( 'NONE',  ( 0.4000000000000009104, 0.02500000000000000139, 0.9500000000000008438 ) ) ;
#7707 = ORIENTED_EDGE ( 'NONE', *, *, #3181, .T. ) ;
#7708 = LINE ( 'NONE', #1312, #4652 ) ;
#7709 = DIRECTION ( 'NONE',  ( -1.000000000000000000, 0.000000000000000000, -1.971276677246372012E-16 ) ) ;
#7710 = ORIENTED_EDGE ( 'NONE', *, *, #4538, .T. ) ;
#7711 = ORIENTED_EDGE ( 'NONE', *, *, #2858, .F. ) ;
#7712 = VECTOR ( 'NONE', #7361, 1000.000000000000000 ) ;
#7713 = VECTOR ( 'NONE', #6063, 1000.000000000000000 ) ;
#7714 = COLOUR_RGB ( '',0.7529411764705882248, 0.7529411764705882248, 0.7529411764705882248 ) ;
#7715 = CARTESIAN_POINT ( 'NONE',  ( 1.624999999999999778, 0.000000000000000000, -0.3999999999999999667 ) ) ;
#7716 = EDGE_CURVE ( 'NONE', #3592, #2041, #4924, .T. ) ;
#7717 = LINE ( 'NONE', #1278, #4787 ) ;
#7718 = ORIENTED_EDGE ( 'NONE', *, *, #8534, .T. ) ;
#7719 = ORIENTED_EDGE ( 'NONE', *, *, #8032, .F. ) ;
#7720 =( NAMED_UNIT ( * ) SI_UNIT ( $, .STERADIAN. ) SOLID_ANGLE_UNIT ( ) );
#7721 = EDGE_CURVE ( 'NONE', #4023, #7643, #5160, .T. ) ;
#7722 = ORIENTED_EDGE ( 'NONE', *, *, #8943, .F. ) ;
#7723 = FACE_OUTER_BOUND ( 'NONE', #2167, .T. ) ;
#7724 = DIRECTION ( 'NONE',  ( 1.000000000000000000, -0.000000000000000000, 0.000000000000000000 ) ) ;
#7725 = DIRECTION ( 'NONE',  ( 0.000000000000000000, -1.000000000000000000, 0.000000000000000000 ) ) ;
#7726 = ORIENTED_EDGE ( 'NONE', *, *, #2404, .F. ) ;
#7727 = CARTESIAN_POINT ( 'NONE',  ( 0.000000000000000000, 0.000000000000000000, -1.274999999999999689 ) ) ;
#7728 = ORIENTED_EDGE ( 'NONE', *, *, #4349, .F. ) ;
#7729 = LINE ( 'NONE', #170, #1682 ) ;
#7730 = DIRECTION ( 'NONE',  ( 5.333528916197197309E-16, 0.000000000000000000, -1.000000000000000000 ) ) ;
#7731 = CARTESIAN_POINT ( 'NONE',  ( 1.624999999999999778, 0.3400000000000000244, 1.625000000000000000 ) ) ;
#7732 = FACE_OUTER_BOUND ( 'NONE', #4167, .T. ) ;
#7733 = ADVANCED_FACE ( 'NONE', ( #1853 ), #8189, .T. ) ;
#7734 = CARTESIAN_POINT ( 'NONE',  ( 1.500000000000000000, 0.02500000000000000139, 0.7000000000000003997 ) ) ;
#7735 = VECTOR ( 'NONE', #7482, 1000.000000000000000 ) ;
#7736 = VERTEX_POINT ( 'NONE', #7570 ) ;
#7737 = ORIENTED_EDGE ( 'NONE', *, *, #1765, .T. ) ;
#7738 = VECTOR ( 'NONE', #8556, 1000.000000000000000 ) ;
#7739 = ORIENTED_EDGE ( 'NONE', *, *, #7454, .T. ) ;
#7740 = EDGE_LOOP ( 'NONE', ( #4600, #8597, #8388, #2449 ) ) ;
#7741 = AXIS2_PLACEMENT_3D ( 'NONE', #6513, #775, #13 ) ;
#7742 = EDGE_LOOP ( 'NONE', ( #8114, #8441, #4206, #7933 ) ) ;
#7743 = LINE ( 'NONE', #5343, #7712 ) ;
#7744 = VECTOR ( 'NONE', #6455, 1000.000000000000000 ) ;
#7745 = CARTESIAN_POINT ( 'NONE',  ( -1.624999999999998890, 0.3400000000000000244, 1.124999999999996891 ) ) ;
#7746 = LINE ( 'NONE', #2030, #1626 ) ;
#7747 = DIRECTION ( 'NONE',  ( -0.000000000000000000, -1.000000000000000000, -0.000000000000000000 ) ) ;
#7748 = DIRECTION ( 'NONE',  ( -1.000000000000000000, 0.000000000000000000, -8.031127203596334299E-17 ) ) ;
#7749 = CARTESIAN_POINT ( 'NONE',  ( 0.4000000000000000222, 0.000000000000000000, -0.9499999999999999556 ) ) ;
#7750 = EDGE_CURVE ( 'NONE', #6959, #5253, #2023, .T. ) ;
#7751 = CARTESIAN_POINT ( 'NONE',  ( -0.5349999999999999201, 0.02500000000000000139, -0.3100000000000000533 ) ) ;
#7752 = ADVANCED_FACE ( 'NONE', ( #1961 ), #6000, .F. ) ;
#7753 = DIRECTION ( 'NONE',  ( 0.000000000000000000, -1.000000000000000000, 0.000000000000000000 ) ) ;
#7754 = PRESENTATION_STYLE_ASSIGNMENT (( #4353 ) ) ;
#7755 = ORIENTED_EDGE ( 'NONE', *, *, #8181, .F. ) ;
#7756 = ORIENTED_EDGE ( 'NONE', *, *, #1423, .F. ) ;
#7757 = VERTEX_POINT ( 'NONE', #770 ) ;
#7758 = CARTESIAN_POINT ( 'NONE',  ( 1.624999999999999778, 0.3400000000000000244, 1.625000000000000000 ) ) ;
#7759 = ORIENTED_EDGE ( 'NONE', *, *, #2404, .T. ) ;
#7760 = ORIENTED_EDGE ( 'NONE', *, *, #7460, .F. ) ;
#7761 = LINE ( 'NONE', #3737, #1714 ) ;
#7762 = EDGE_CURVE ( 'NONE', #2736, #4727, #5173, .T. ) ;
#7763 = CIRCLE ( 'NONE', #8737, 1.484999999999999654 ) ;
#7764 = AXIS2_PLACEMENT_3D ( 'NONE', #7182, #2324, #8647 ) ;
#7765 = DIRECTION ( 'NONE',  ( 1.000000000000000000, 0.000000000000000000, 3.826595902890018202E-16 ) ) ;
#7766 = EDGE_CURVE ( 'NONE', #6078, #482, #8207, .T. ) ;
#7767 = CARTESIAN_POINT ( 'NONE',  ( 1.444999999999999174, 0.3200000000000000067, -1.414999999999999591 ) ) ;
#7768 = CARTESIAN_POINT ( 'NONE',  ( -1.624999999999998890, 0.3200000000000000067, 1.124999999999996891 ) ) ;
#7769 = LINE ( 'NONE', #6366, #1774 ) ;
#7770 = CARTESIAN_POINT ( 'NONE',  ( 1.500000000000000000, 0.000000000000000000, 0.4000000000000008549 ) ) ;
#7771 = ORIENTED_EDGE ( 'NONE', *, *, #8695, .T. ) ;
#7772 = AXIS2_PLACEMENT_3D ( 'NONE', #7370, #384, #5588 ) ;
#7773 = ORIENTED_EDGE ( 'NONE', *, *, #6100, .F. ) ;
#7774 = LINE ( 'NONE', #7944, #1638 ) ;
#7775 = DIRECTION ( 'NONE',  ( 0.000000000000000000, 0.000000000000000000, 1.000000000000000000 ) ) ;
#7776 = ORIENTED_EDGE ( 'NONE', *, *, #7679, .T. ) ;
#7777 = ORIENTED_EDGE ( 'NONE', *, *, #3666, .T. ) ;
#7778 = DIRECTION ( 'NONE',  ( -3.212450881438527310E-16, 0.000000000000000000, -1.000000000000000000 ) ) ;
#7779 = EDGE_CURVE ( 'NONE', #2939, #4540, #5055, .T. ) ;
#7780 = VECTOR ( 'NONE', #5517, 1000.000000000000000 ) ;
#7781 = VECTOR ( 'NONE', #792, 1000.000000000000227 ) ;
#7782 = CARTESIAN_POINT ( 'NONE',  ( 0.4000000000000001887, 1.556154042586614050, -1.499999999999999778 ) ) ;
#7783 = CARTESIAN_POINT ( 'NONE',  ( 0.3999999999999999667, 0.02500000000000000139, -1.625000000000000000 ) ) ;
#7784 = DIRECTION ( 'NONE',  ( -0.7071067811865483499, 0.000000000000000000, 0.7071067811865467956 ) ) ;
#7785 = AXIS2_PLACEMENT_3D ( 'NONE', #2744, #1408, #1529 ) ;
#7786 = FACE_OUTER_BOUND ( 'NONE', #1, .T. ) ;
#7787 = EDGE_CURVE ( 'NONE', #225, #7433, #2064, .T. ) ;
#7788 = EDGE_CURVE ( 'NONE', #7897, #2270, #5083, .T. ) ;
#7789 = EDGE_LOOP ( 'NONE', ( #248, #8964, #2600, #8640, #2757, #5635, #2863, #8558 ) ) ;
#7790 =( LENGTH_UNIT ( ) NAMED_UNIT ( * ) SI_UNIT ( .MILLI., .METRE. ) );
#7791 = ORIENTED_EDGE ( 'NONE', *, *, #2375, .F. ) ;
#7792 = LINE ( 'NONE', #7793, #7738 ) ;
#7793 = CARTESIAN_POINT ( 'NONE',  ( -1.625000000000000222, 0.3400000000000000244, 1.625000000000000000 ) ) ;
#7794 = CARTESIAN_POINT ( 'NONE',  ( 1.444999999999998286, 0.3200000000000000067, 1.199999999999999512 ) ) ;
#7795 = ORIENTED_EDGE ( 'NONE', *, *, #5029, .T. ) ;
#7796 = DIRECTION ( 'NONE',  ( 1.000000000000000000, -0.000000000000000000, 9.856383386231857595E-17 ) ) ;
#7797 = ORIENTED_EDGE ( 'NONE', *, *, #9065, .T. ) ;
#7798 = ORIENTED_EDGE ( 'NONE', *, *, #5497, .T. ) ;
#7799 = VECTOR ( 'NONE', #588, 1000.000000000000000 ) ;
#7800 = CARTESIAN_POINT ( 'NONE',  ( -0.3149999999999993916, 0.02500000000000000139, -0.5300000000000001377 ) ) ;
#7801 = PLANE ( 'NONE',  #8258 ) ;
#7802 = LINE ( 'NONE', #3390, #7713 ) ;
#7803 = DIRECTION ( 'NONE',  ( 0.000000000000000000, -0.000000000000000000, -1.000000000000000000 ) ) ;
#7804 = EDGE_CURVE ( 'NONE', #5976, #1855, #7981, .T. ) ;
#7805 = CARTESIAN_POINT ( 'NONE',  ( -1.625000000000000222, 0.3400000000000000244, 1.625000000000000000 ) ) ;
#7806 = VERTEX_POINT ( 'NONE', #2266 ) ;
#7807 = COLOUR_RGB ( '',1.000000000000000000, 0.8117647058823529438, 0.5019607843137254832 ) ;
#7808 = CARTESIAN_POINT ( 'NONE',  ( -1.624999999999998446, 0.02500000000000000139, 0.4000000000000019096 ) ) ;
#7809 = CARTESIAN_POINT ( 'NONE',  ( 0.9500000000000000666, 4.621194077712559078, 0.4000000000000007994 ) ) ;
#7810 = AXIS2_PLACEMENT_3D ( 'NONE', #7895, #5884, #6389 ) ;
#7811 = EDGE_LOOP ( 'NONE', ( #125, #6247, #1375, #7014 ) ) ;
#7812 = VERTEX_POINT ( 'NONE', #2956 ) ;
#7813 = LINE ( 'NONE', #6652, #1758 ) ;
#7814 = PRODUCT_DEFINITION ( 'UNKNOWN', '', #6514, #3578 ) ;
#7815 = EDGE_CURVE ( 'NONE', #8531, #8127, #8104, .T. ) ;
#7816 = ORIENTED_EDGE ( 'NONE', *, *, #3240, .T. ) ;
#7817 = ORIENTED_EDGE ( 'NONE', *, *, #3931, .T. ) ;
#7818 = ORIENTED_EDGE ( 'NONE', *, *, #2624, .T. ) ;
#7819 = CIRCLE ( 'NONE', #2714, 1.274999999999999689 ) ;
#7820 = ADVANCED_FACE ( 'NONE', ( #8125 ), #5093, .F. ) ;
#7821 = LINE ( 'NONE', #26, #1806 ) ;
#7822 = CARTESIAN_POINT ( 'NONE',  ( -0.9499999999999981792, 0.02499999999999984873, 1.625000000000000888 ) ) ;
#7823 = DIRECTION ( 'NONE',  ( -0.7660444431189799008, 0.000000000000000000, -0.6427876096865370315 ) ) ;
#7824 = PLANE ( 'NONE',  #7810 ) ;
#7825 = ORIENTED_EDGE ( 'NONE', *, *, #3666, .F. ) ;
#7826 = CARTESIAN_POINT ( 'NONE',  ( 1.500000000000000000, 0.05000000000000000278, 0.4000000000000000777 ) ) ;
#7827 = CIRCLE ( 'NONE', #5336, 0.03000000000000007869 ) ;
#7828 = EDGE_LOOP ( 'NONE', ( #6632, #4541, #5357, #5624 ) ) ;
#7829 = UNCERTAINTY_MEASURE_WITH_UNIT (LENGTH_MEASURE( 1.000000000000000082E-05 ), #3170, 'distance_accuracy_value', 'NONE');
#7830 = AXIS2_PLACEMENT_3D ( 'NONE', #1901, #328, #5212 ) ;
#7831 = ORIENTED_EDGE ( 'NONE', *, *, #4505, .T. ) ;
#7832 = VECTOR ( 'NONE', #708, 1000.000000000000000 ) ;
#7833 = CARTESIAN_POINT ( 'NONE',  ( 0.5349999999999999201, 0.000000000000000000, 0.5300000000000002487 ) ) ;
#7834 = ORIENTED_EDGE ( 'NONE', *, *, #8200, .F. ) ;
#7835 = EDGE_CURVE ( 'NONE', #5338, #107, #8088, .T. ) ;
#7836 = ORIENTED_EDGE ( 'NONE', *, *, #469, .F. ) ;
#7837 = VECTOR ( 'NONE', #4549, 1000.000000000000000 ) ;
#7838 = LINE ( 'NONE', #2263, #4781 ) ;
#7839 = VECTOR ( 'NONE', #7016, 1000.000000000000000 ) ;
#7840 = ADVANCED_FACE ( 'NONE', ( #8144 ), #1683, .F. ) ;
#7841 = ORIENTED_EDGE ( 'NONE', *, *, #4344, .F. ) ;
#7842 = DIRECTION ( 'NONE',  ( -0.000000000000000000, -0.000000000000000000, 1.000000000000000000 ) ) ;
#7843 = LINE ( 'NONE', #4837, #7664 ) ;
#7844 = CARTESIAN_POINT ( 'NONE',  ( 0.000000000000000000, 1.739023740181067756, 0.000000000000000000 ) ) ;
#7845 = EDGE_LOOP ( 'NONE', ( #5103, #1297, #7566, #7072 ) ) ;
#7846 = PLANE ( 'NONE',  #8620 ) ;
#7847 = ORIENTED_EDGE ( 'NONE', *, *, #8723, .F. ) ;
#7848 = FACE_OUTER_BOUND ( 'NONE', #4212, .T. ) ;
#7849 = DIRECTION ( 'NONE',  ( 0.000000000000000000, 1.000000000000000000, 0.000000000000000000 ) ) ;
#7850 = ORIENTED_EDGE ( 'NONE', *, *, #8250, .T. ) ;
#7851 = ORIENTED_EDGE ( 'NONE', *, *, #6394, .T. ) ;
#7852 = ORIENTED_EDGE ( 'NONE', *, *, #1572, .T. ) ;
#7853 = VECTOR ( 'NONE', #4611, 1000.000000000000000 ) ;
#7854 = DIRECTION ( 'NONE',  ( -0.000000000000000000, 1.000000000000000000, -0.000000000000000000 ) ) ;
#7855 = LINE ( 'NONE', #8831, #2120 ) ;
#7856 = EDGE_CURVE ( 'NONE', #6149, #6977, #5132, .T. ) ;
#7857 = ORIENTED_EDGE ( 'NONE', *, *, #3624, .F. ) ;
#7858 = VECTOR ( 'NONE', #6136, 1000.000000000000000 ) ;
#7859 = DIRECTION ( 'NONE',  ( 0.000000000000000000, -0.000000000000000000, -1.000000000000000000 ) ) ;
#7860 = AXIS2_PLACEMENT_3D ( 'NONE', #7635, #8370, #15 ) ;
#7861 = AXIS2_PLACEMENT_3D ( 'NONE', #8470, #3430, #5540 ) ;
#7862 = LINE ( 'NONE', #1805, #2139 ) ;
#7863 = ORIENTED_EDGE ( 'NONE', *, *, #7279, .F. ) ;
#7864 = EDGE_CURVE ( 'NONE', #1111, #4522, #2145, .T. ) ;
#7865 = VERTEX_POINT ( 'NONE', #3009 ) ;
#7866 = VECTOR ( 'NONE', #850, 1000.000000000000000 ) ;
#7867 = DIRECTION ( 'NONE',  ( -0.000000000000000000, 1.000000000000000000, -0.000000000000000000 ) ) ;
#7868 = ORIENTED_EDGE ( 'NONE', *, *, #4506, .F. ) ;
#7869 = CARTESIAN_POINT ( 'NONE',  ( 1.414999999999999147, 0.3000000000000000444, -1.414999999999999813 ) ) ;
#7870 = DIRECTION ( 'NONE',  ( -0.000000000000000000, -0.000000000000000000, 1.000000000000000000 ) ) ;
#7871 = ORIENTED_EDGE ( 'NONE', *, *, #5587, .F. ) ;
#7872 = FACE_OUTER_BOUND ( 'NONE', #7636, .T. ) ;
#7873 = DIRECTION ( 'NONE',  ( -1.000000000000000000, 0.000000000000000000, -5.421010862427529073E-16 ) ) ;
#7874 = LINE ( 'NONE', #268, #5005 ) ;
#7875 = VERTEX_POINT ( 'NONE', #8540 ) ;
#7876 = EDGE_CURVE ( 'NONE', #7503, #5304, #5188, .T. ) ;
#7877 = CARTESIAN_POINT ( 'NONE',  ( -0.4000000000000007438, 0.05000000000000000278, 0.9500000000000010658 ) ) ;
#7878 = LINE ( 'NONE', #5521, #1768 ) ;
#7879 = FACE_OUTER_BOUND ( 'NONE', #1985, .T. ) ;
#7880 = DIRECTION ( 'NONE',  ( -0.6427876096865359212, 0.000000000000000000, -0.7660444431189809000 ) ) ;
#7881 = ORIENTED_EDGE ( 'NONE', *, *, #7209, .T. ) ;
#7882 = ORIENTED_EDGE ( 'NONE', *, *, #8943, .T. ) ;
#7883 = LINE ( 'NONE', #2708, #5147 ) ;
#7884 = ADVANCED_FACE ( 'NONE', ( #8223 ), #2435, .F. ) ;
#7885 = EDGE_CURVE ( 'NONE', #944, #9072, #2158, .T. ) ;
#7886 = ORIENTED_EDGE ( 'NONE', *, *, #7616, .F. ) ;
#7887 = ORIENTED_EDGE ( 'NONE', *, *, #240, .F. ) ;
#7888 = LINE ( 'NONE', #1255, #7595 ) ;
#7889 = AXIS2_PLACEMENT_3D ( 'NONE', #2464, #1708, #6586 ) ;
#7890 = LINE ( 'NONE', #6996, #1893 ) ;
#7891 = ORIENTED_EDGE ( 'NONE', *, *, #2365, .T. ) ;
#7892 = CARTESIAN_POINT ( 'NONE',  ( -0.9500000000000015099, 1.556154042586614050, 1.499999999999998890 ) ) ;
#7893 = CARTESIAN_POINT ( 'NONE',  ( 0.9499999999999987343, 4.621194077712559078, 0.6999999999999992895 ) ) ;
#7894 = DIRECTION ( 'NONE',  ( 0.000000000000000000, 0.000000000000000000, 1.000000000000000000 ) ) ;
#7895 = CARTESIAN_POINT ( 'NONE',  ( 1.444999999999998286, 0.3000000000000000444, -1.199999999999998623 ) ) ;
#7896 = CARTESIAN_POINT ( 'NONE',  ( -1.500000000000001110, 0.000000000000000000, -0.4000000000000008549 ) ) ;
#7897 = VERTEX_POINT ( 'NONE', #7241 ) ;
#7898 = DIRECTION ( 'NONE',  ( 0.000000000000000000, 0.000000000000000000, -1.000000000000000000 ) ) ;
#7899 = VECTOR ( 'NONE', #6010, 1000.000000000000000 ) ;
#7900 = EDGE_CURVE ( 'NONE', #7970, #1324, #1908, .T. ) ;
#7901 = ORIENTED_EDGE ( 'NONE', *, *, #7397, .T. ) ;
#7902 = DIRECTION ( 'NONE',  ( 1.000000000000000000, 0.000000000000000000, -0.000000000000000000 ) ) ;
#7903 = ORIENTED_EDGE ( 'NONE', *, *, #2097, .T. ) ;
#7904 = VECTOR ( 'NONE', #8301, 1000.000000000000000 ) ;
#7905 = DIRECTION ( 'NONE',  ( 4.015563601798170231E-16, 0.000000000000000000, -1.000000000000000000 ) ) ;
#7906 = CARTESIAN_POINT ( 'NONE',  ( 1.500000000000000000, 0.05000000000000000278, 0.7000000000000003997 ) ) ;
#7907 = ORIENTED_EDGE ( 'NONE', *, *, #264, .F. ) ;
#7908 = AXIS2_PLACEMENT_3D ( 'NONE', #2799, #143, #3663 ) ;
#7909 = ORIENTED_EDGE ( 'NONE', *, *, #793, .T. ) ;
#7910 = VECTOR ( 'NONE', #24, 1000.000000000000000 ) ;
#7911 = EDGE_CURVE ( 'NONE', #7615, #8205, #7943, .T. ) ;
#7912 = PRESENTATION_STYLE_ASSIGNMENT (( #6714 ) ) ;
#7913 = ORIENTED_EDGE ( 'NONE', *, *, #4786, .T. ) ;
#7914 = ADVANCED_FACE ( 'NONE', ( #4962 ), #7919, .T. ) ;
#7915 = AXIS2_PLACEMENT_3D ( 'NONE', #9051, #1303, #2069 ) ;
#7916 = CARTESIAN_POINT ( 'NONE',  ( 1.464381519444564850, -0.2789528969834105254, 1.534381519444567132 ) ) ;
#7917 = DIRECTION ( 'NONE',  ( 0.000000000000000000, -1.000000000000000000, 0.000000000000000000 ) ) ;
#7918 = FACE_OUTER_BOUND ( 'NONE', #7740, .T. ) ;
#7919 = PLANE ( 'NONE',  #7764 ) ;
#7920 = EDGE_CURVE ( 'NONE', #107, #2773, #7583, .T. ) ;
#7921 = ORIENTED_EDGE ( 'NONE', *, *, #8282, .F. ) ;
#7922 = PLANE ( 'NONE',  #5023 ) ;
#7923 = ORIENTED_EDGE ( 'NONE', *, *, #4768, .T. ) ;
#7924 = VECTOR ( 'NONE', #114, 1000.000000000000000 ) ;
#7925 = CARTESIAN_POINT ( 'NONE',  ( -1.464381519444566182, 0.3200000000000000067, 1.534381519444565134 ) ) ;
#7926 = ORIENTED_EDGE ( 'NONE', *, *, #6984, .T. ) ;
#7927 = ORIENTED_EDGE ( 'NONE', *, *, #3755, .T. ) ;
#7928 = LINE ( 'NONE', #1882, #5204 ) ;
#7929 = MANIFOLD_SOLID_BREP ( 'Boss-Extrude6[2]', #5527 ) ;
#7930 = CARTESIAN_POINT ( 'NONE',  ( -1.335000000000000187, 0.3200000000000000067, -1.334999999999999964 ) ) ;
#7931 = AXIS2_PLACEMENT_3D ( 'NONE', #373, #1735, #5269 ) ;
#7932 = LINE ( 'NONE', #1253, #4853 ) ;
#7933 = ORIENTED_EDGE ( 'NONE', *, *, #9113, .T. ) ;
#7934 = LINE ( 'NONE', #2611, #4674 ) ;
#7935 = EDGE_CURVE ( 'NONE', #5233, #35, #4816, .T. ) ;
#7936 = EDGE_CURVE ( 'NONE', #500, #7503, #1787, .T. ) ;
#7937 = DIRECTION ( 'NONE',  ( 1.000000000000000000, -0.000000000000000000, 1.971276677246372012E-16 ) ) ;
#7938 = ADVANCED_FACE ( 'NONE', ( #1643 ), #4678, .T. ) ;
#7939 = FACE_OUTER_BOUND ( 'NONE', #7293, .T. ) ;
#7940 = VERTEX_POINT ( 'NONE', #8265 ) ;
#7941 = EDGE_CURVE ( 'NONE', #9018, #9072, #4714, .T. ) ;
#7942 = ORIENTED_EDGE ( 'NONE', *, *, #5882, .T. ) ;
#7943 = CIRCLE ( 'NONE', #9034, 1.100000000000000089 ) ;
#7944 = CARTESIAN_POINT ( 'NONE',  ( -0.9499999999999995115, 0.02499999999999984873, -0.6999999999999979572 ) ) ;
#7945 = ORIENTED_EDGE ( 'NONE', *, *, #3129, .F. ) ;
#7946 = CARTESIAN_POINT ( 'NONE',  ( 1.464381519444564850, -0.2789528969834105254, 1.464381519444567070 ) ) ;
#7947 = ORIENTED_EDGE ( 'NONE', *, *, #6380, .T. ) ;
#7948 = ORIENTED_EDGE ( 'NONE', *, *, #4349, .T. ) ;
#7949 = LINE ( 'NONE', #1812, #2068 ) ;
#7950 = CARTESIAN_POINT ( 'NONE',  ( 0.9499999999999989564, 0.02499999999999984873, 1.625000000000000888 ) ) ;
#7951 = CIRCLE ( 'NONE', #3127, 0.06999999999999975686 ) ;
#7952 = EDGE_LOOP ( 'NONE', ( #4445, #1309, #7719, #6702 ) ) ;
#7953 = DIRECTION ( 'NONE',  ( -0.000000000000000000, -1.000000000000000000, -0.000000000000000000 ) ) ;
#7954 = VECTOR ( 'NONE', #4847, 1000.000000000000000 ) ;
#7955 = CARTESIAN_POINT ( 'NONE',  ( 1.624999999999998446, 0.3200000000000000067, 0.4000000000000059064 ) ) ;
#7956 = AXIS2_PLACEMENT_3D ( 'NONE', #3650, #2910, #5750 ) ;
#7957 = FILL_AREA_STYLE_COLOUR ( '', #6856 ) ;
#7958 = EDGE_CURVE ( 'NONE', #2041, #5176, #7878, .T. ) ;
#7959 = CARTESIAN_POINT ( 'NONE',  ( 1.523359773658210736, 0.3200000000000000067, 0.4000000000000055178 ) ) ;
#7960 = ORIENTED_EDGE ( 'NONE', *, *, #4435, .T. ) ;
#7961 = VECTOR ( 'NONE', #3441, 1000.000000000000000 ) ;
#7962 = ORIENTED_EDGE ( 'NONE', *, *, #3694, .T. ) ;
#7963 = ORIENTED_EDGE ( 'NONE', *, *, #5247, .F. ) ;
#7964 = VERTEX_POINT ( 'NONE', #6021 ) ;
#7965 = FACE_OUTER_BOUND ( 'NONE', #4008, .T. ) ;
#7966 = EDGE_LOOP ( 'NONE', ( #932, #6770, #536, #3419 ) ) ;
#7967 = DIRECTION ( 'NONE',  ( 0.000000000000000000, 0.000000000000000000, -1.000000000000000000 ) ) ;
#7968 = VECTOR ( 'NONE', #4024, 1000.000000000000000 ) ;
#7969 = DIRECTION ( 'NONE',  ( -3.212450881438526817E-16, 0.000000000000000000, -1.000000000000000000 ) ) ;
#7970 = VERTEX_POINT ( 'NONE', #2557 ) ;
#7971 = UNCERTAINTY_MEASURE_WITH_UNIT (LENGTH_MEASURE( 1.000000000000000082E-05 ), #5536, 'distance_accuracy_value', 'NONE');
#7972 = CARTESIAN_POINT ( 'NONE',  ( 0.000000000000000000, 1.758041561959399202, 0.000000000000000000 ) ) ;
#7973 = DIRECTION ( 'NONE',  ( 0.000000000000000000, 1.000000000000000000, 0.000000000000000000 ) ) ;
#7974 = AXIS2_PLACEMENT_3D ( 'NONE', #8162, #8792, #8286 ) ;
#7975 = CARTESIAN_POINT ( 'NONE',  ( 0.9499999999999989564, 0.02499999999999984873, 1.625000000000000888 ) ) ;
#7976 = CARTESIAN_POINT ( 'NONE',  ( 1.500000000000000000, 0.05000000000000000278, 0.7000000000000003997 ) ) ;
#7977 = ORIENTED_EDGE ( 'NONE', *, *, #325, .T. ) ;
#7978 = DIRECTION ( 'NONE',  ( 4.034240641806509359E-15, -0.000000000000000000, -1.000000000000000000 ) ) ;
#7979 = EDGE_CURVE ( 'NONE', #6743, #3609, #4913, .T. ) ;
#7980 = ORIENTED_EDGE ( 'NONE', *, *, #1968, .F. ) ;
#7981 = LINE ( 'NONE', #5209, #7961 ) ;
#7982 = DIRECTION ( 'NONE',  ( 0.000000000000000000, 0.000000000000000000, 1.000000000000000000 ) ) ;
#7983 = EDGE_LOOP ( 'NONE', ( #8549, #1926, #5435, #2451 ) ) ;
#7984 = VERTEX_POINT ( 'NONE', #1210 ) ;
#7985 = VECTOR ( 'NONE', #9011, 1000.000000000000000 ) ;
#7986 = FACE_OUTER_BOUND ( 'NONE', #864, .T. ) ;
#7987 = ORIENTED_EDGE ( 'NONE', *, *, #1179, .F. ) ;
#7988 = ORIENTED_EDGE ( 'NONE', *, *, #3270, .T. ) ;
#7989 = VERTEX_POINT ( 'NONE', #8772 ) ;
#7990 = DIRECTION ( 'NONE',  ( -0.7660444431189800119, 0.000000000000000000, 0.6427876096865369204 ) ) ;
#7991 =( NAMED_UNIT ( * ) PLANE_ANGLE_UNIT ( ) SI_UNIT ( $, .RADIAN. ) );
#7992 = FACE_OUTER_BOUND ( 'NONE', #5801, .T. ) ;
#7993 = DIRECTION ( 'NONE',  ( 0.000000000000000000, 0.000000000000000000, -1.000000000000000000 ) ) ;
#7994 = EDGE_CURVE ( 'NONE', #576, #2939, #4608, .T. ) ;
#7995 = ORIENTED_EDGE ( 'NONE', *, *, #6066, .T. ) ;
#7996 = CARTESIAN_POINT ( 'NONE',  ( 1.444999999999998286, -0.2789528969834105254, 1.199999999999999512 ) ) ;
#7997 = VECTOR ( 'NONE', #414, 1000.000000000000000 ) ;
#7998 = CARTESIAN_POINT ( 'NONE',  ( 1.464381519444564850, 0.3000000000000000444, 1.534381519444567132 ) ) ;
#7999 = PLANE ( 'NONE',  #4903 ) ;
#8000 = ORIENTED_EDGE ( 'NONE', *, *, #7864, .T. ) ;
#8001 = ORIENTED_EDGE ( 'NONE', *, *, #2738, .T. ) ;
#8002 = CIRCLE ( 'NONE', #6720, 0.06999999999999975686 ) ;
#8003 = DIRECTION ( 'NONE',  ( -0.000000000000000000, -0.000000000000000000, 1.000000000000000000 ) ) ;
#8004 = VECTOR ( 'NONE', #7842, 1000.000000000000000 ) ;
#8005 = VERTEX_POINT ( 'NONE', #9019 ) ;
#8006 = ADVANCED_FACE ( 'NONE', ( #4782 ), #3184, .T. ) ;
#8007 = VECTOR ( 'NONE', #772, 1000.000000000000000 ) ;
#8008 = EDGE_LOOP ( 'NONE', ( #1757, #5477, #2225, #5260 ) ) ;
#8009 = EDGE_CURVE ( 'NONE', #7643, #3770, #1823, .T. ) ;
#8010 = CARTESIAN_POINT ( 'NONE',  ( 0.5349999999999999201, 0.000000000000000000, -0.5299999999999998046 ) ) ;
#8011 = CARTESIAN_POINT ( 'NONE',  ( -0.9500000000000011768, 0.05000000000000000278, 0.3999999999999984124 ) ) ;
#8012 = ORIENTED_EDGE ( 'NONE', *, *, #1585, .F. ) ;
#8013 = PRESENTATION_STYLE_ASSIGNMENT (( #1072 ) ) ;
#8014 = ORIENTED_EDGE ( 'NONE', *, *, #455, .F. ) ;
#8015 = LINE ( 'NONE', #302, #1927 ) ;
#8016 = DIRECTION ( 'NONE',  ( 4.034240641806509359E-15, 0.000000000000000000, -1.000000000000000000 ) ) ;
#8017 = ORIENTED_EDGE ( 'NONE', *, *, #5082, .T. ) ;
#8018 = CARTESIAN_POINT ( 'NONE',  ( 0.000000000000000000, 1.555277818615441232, 0.000000000000000000 ) ) ;
#8019 = EDGE_CURVE ( 'NONE', #8981, #5361, #1701, .T. ) ;
#8020 = ORIENTED_EDGE ( 'NONE', *, *, #6035, .T. ) ;
#8021 = EDGE_LOOP ( 'NONE', ( #3507, #7551, #3619, #255 ) ) ;
#8022 = FACE_OUTER_BOUND ( 'NONE', #2728, .T. ) ;
#8023 = EDGE_CURVE ( 'NONE', #5047, #3198, #7746, .T. ) ;
#8024 = CARTESIAN_POINT ( 'NONE',  ( 0.4000000000000000222, 0.05000000000000000278, -0.9499999999999999556 ) ) ;
#8025 = VECTOR ( 'NONE', #5558, 1000.000000000000000 ) ;
#8026 = ORIENTED_EDGE ( 'NONE', *, *, #4630, .F. ) ;
#8027 = CARTESIAN_POINT ( 'NONE',  ( 1.444999999999998286, -0.2789528969834105254, 1.199999999999999512 ) ) ;
#8028 = VECTOR ( 'NONE', #5369, 1000.000000000000000 ) ;
#8029 = VERTEX_POINT ( 'NONE', #6731 ) ;
#8030 = DIRECTION ( 'NONE',  ( 0.000000000000000000, 0.000000000000000000, -1.000000000000000000 ) ) ;
#8031 = ADVANCED_FACE ( 'NONE', ( #4749 ), #5583, .F. ) ;
#8032 = EDGE_CURVE ( 'NONE', #7812, #53, #7934, .T. ) ;
#8033 = CYLINDRICAL_SURFACE ( 'NONE', #2642, 0.1375000000000000389 ) ;
#8034 = CARTESIAN_POINT ( 'NONE',  ( 1.124999999999999778, 0.3200000000000000067, -1.534381519444566244 ) ) ;
#8035 = ORIENTED_EDGE ( 'NONE', *, *, #8023, .T. ) ;
#8036 = VECTOR ( 'NONE', #6557, 1000.000000000000000 ) ;
#8037 = ORIENTED_EDGE ( 'NONE', *, *, #8380, .T. ) ;
#8038 = ORIENTED_EDGE ( 'NONE', *, *, #5784, .T. ) ;
#8039 = LINE ( 'NONE', #1205, #7985 ) ;
#8040 = LINE ( 'NONE', #3445, #4967 ) ;
#8041 = ORIENTED_EDGE ( 'NONE', *, *, #150, .T. ) ;
#8042 = DIRECTION ( 'NONE',  ( -0.7660444431189801229, 0.000000000000000000, -0.6427876096865370315 ) ) ;
#8043 = CIRCLE ( 'NONE', #2395, 0.06999999999999975686 ) ;
#8044 = CARTESIAN_POINT ( 'NONE',  ( -1.200000000000001288, 0.3200000000000000067, 1.444999999999998952 ) ) ;
#8045 = ORIENTED_EDGE ( 'NONE', *, *, #8317, .F. ) ;
#8046 = PLANE ( 'NONE',  #360 ) ;
#8047 = DIRECTION ( 'NONE',  ( 0.000000000000000000, 0.000000000000000000, 1.000000000000000000 ) ) ;
#8048 = DIRECTION ( 'NONE',  ( 0.000000000000000000, -1.000000000000000000, 0.000000000000000000 ) ) ;
#8049 = ORIENTED_EDGE ( 'NONE', *, *, #3401, .F. ) ;
#8050 = AXIS2_PLACEMENT_3D ( 'NONE', #8461, #8339, #2234 ) ;
#8051 = LINE ( 'NONE', #8415, #1959 ) ;
#8052 = EDGE_CURVE ( 'NONE', #1206, #122, #4562, .T. ) ;
#8053 = ORIENTED_EDGE ( 'NONE', *, *, #3732, .T. ) ;
#8054 = EDGE_CURVE ( 'NONE', #6180, #2074, #4875, .T. ) ;
#8055 = ORIENTED_EDGE ( 'NONE', *, *, #423, .T. ) ;
#8056 = VECTOR ( 'NONE', #5385, 1000.000000000000000 ) ;
#8057 = AXIS2_PLACEMENT_3D ( 'NONE', #7930, #8599, #2623 ) ;
#8058 = DIRECTION ( 'NONE',  ( -0.000000000000000000, -1.000000000000000000, -0.000000000000000000 ) ) ;
#8059 = ORIENTED_EDGE ( 'NONE', *, *, #793, .F. ) ;
#8060 = ORIENTED_EDGE ( 'NONE', *, *, #5939, .T. ) ;
#8061 = VERTEX_POINT ( 'NONE', #1892 ) ;
#8062 = FACE_OUTER_BOUND ( 'NONE', #6748, .T. ) ;
#8063 = CARTESIAN_POINT ( 'NONE',  ( 1.199999999999999956, 0.3200000000000000067, 1.445000000000000728 ) ) ;
#8064 = FACE_OUTER_BOUND ( 'NONE', #5104, .T. ) ;
#8065 = ORIENTED_EDGE ( 'NONE', *, *, #7523, .T. ) ;
#8066 = ORIENTED_EDGE ( 'NONE', *, *, #142, .F. ) ;
#8067 = CARTESIAN_POINT ( 'NONE',  ( 2.168404344971008868E-16, 0.3200000000000000067, 4.336808689942017736E-16 ) ) ;
#8068 = DIRECTION ( 'NONE',  ( 0.000000000000000000, -0.000000000000000000, 1.000000000000000000 ) ) ;
#8069 = LINE ( 'NONE', #8820, #2004 ) ;
#8070 = CARTESIAN_POINT ( 'NONE',  ( -1.500000000000001332, 0.05000000000000000278, 0.3999999999999983569 ) ) ;
#8071 = AXIS2_PLACEMENT_3D ( 'NONE', #8438, #4160, #7642 ) ;
#8072 = ORIENTED_EDGE ( 'NONE', *, *, #7218, .T. ) ;
#8073 = DIRECTION ( 'NONE',  ( -0.000000000000000000, -1.000000000000000000, -0.000000000000000000 ) ) ;
#8074 = LINE ( 'NONE', #357, #4979 ) ;
#8075 = DIRECTION ( 'NONE',  ( -1.000000000000000000, 0.000000000000000000, 0.000000000000000000 ) ) ;
#8076 = AXIS2_PLACEMENT_3D ( 'NONE', #8044, #358, #5187 ) ;
#8077 = ADVANCED_FACE ( 'NONE', ( #1544 ), #5746, .F. ) ;
#8078 = DIRECTION ( 'NONE',  ( -2.710505431213761085E-16, -0.000000000000000000, -1.000000000000000000 ) ) ;
#8079 = ORIENTED_EDGE ( 'NONE', *, *, #4360, .T. ) ;
#8080 = VERTEX_POINT ( 'NONE', #4165 ) ;
#8081 = VECTOR ( 'NONE', #670, 1000.000000000000000 ) ;
#8082 = CARTESIAN_POINT ( 'NONE',  ( 1.500000000000000000, 0.000000000000000000, 0.7000000000000003997 ) ) ;
#8083 = VERTEX_POINT ( 'NONE', #6472 ) ;
#8084 = DIRECTION ( 'NONE',  ( -0.000000000000000000, -1.000000000000000000, -0.000000000000000000 ) ) ;
#8085 = CARTESIAN_POINT ( 'NONE',  ( 1.624999999999999778, 0.02500000000000000139, -0.3999999999999999667 ) ) ;
#8086 = ORIENTED_EDGE ( 'NONE', *, *, #4470, .F. ) ;
#8087 = AXIS2_PLACEMENT_3D ( 'NONE', #1135, #3227, #5451 ) ;
#8088 = LINE ( 'NONE', #9057, #5117 ) ;
#8089 = CARTESIAN_POINT ( 'NONE',  ( 1.444999999999998286, 0.3200000000000000067, -1.199999999999998623 ) ) ;
#8090 = VERTEX_POINT ( 'NONE', #6365 ) ;
#8091 = DIRECTION ( 'NONE',  ( -2.710505431213762564E-16, 0.000000000000000000, 1.000000000000000000 ) ) ;
#8092 = CARTESIAN_POINT ( 'NONE',  ( 0.9499999999999996225, 0.05000000000000000278, -0.3999999999999999112 ) ) ;
#8093 = VERTEX_POINT ( 'NONE', #4973 ) ;
#8094 = VECTOR ( 'NONE', #9085, 1000.000000000000000 ) ;
#8095 = DIRECTION ( 'NONE',  ( 1.000000000000000000, 0.000000000000000000, 0.000000000000000000 ) ) ;
#8096 = CIRCLE ( 'NONE', #4419, 1.459999999999999742 ) ;
#8097 = ORIENTED_EDGE ( 'NONE', *, *, #4448, .F. ) ;
#8098 = ADVANCED_FACE ( 'NONE', ( #7623 ), #1731, .T. ) ;
#8099 = LINE ( 'NONE', #7063, #5108 ) ;
#8100 = CARTESIAN_POINT ( 'NONE',  ( 1.500000000000000000, 0.05000000000000034972, 0.7000000000000003997 ) ) ;
#8101 = EDGE_LOOP ( 'NONE', ( #6709, #1822, #1838, #4161 ) ) ;
#8102 = SURFACE_STYLE_FILL_AREA ( #4539 ) ;
#8103 = ORIENTED_EDGE ( 'NONE', *, *, #6994, .T. ) ;
#8104 = LINE ( 'NONE', #5963, #1978 ) ;
#8105 = UNCERTAINTY_MEASURE_WITH_UNIT (LENGTH_MEASURE( 1.000000000000000082E-05 ), #5681, 'distance_accuracy_value', 'NONE');
#8106 = ORIENTED_EDGE ( 'NONE', *, *, #3922, .T. ) ;
#8107 = ORIENTED_EDGE ( 'NONE', *, *, #4950, .F. ) ;
#8108 = LINE ( 'NONE', #4753, #5087 ) ;
#8109 = EDGE_CURVE ( 'NONE', #4140, #7085, #4577, .T. ) ;
#8110 = ORIENTED_EDGE ( 'NONE', *, *, #370, .F. ) ;
#8111 = CARTESIAN_POINT ( 'NONE',  ( -0.9500000000000009548, 0.000000000000000000, -0.4000000000000007994 ) ) ;
#8112 = FACE_OUTER_BOUND ( 'NONE', #1742, .T. ) ;
#8113 = CARTESIAN_POINT ( 'NONE',  ( 0.4000000000000000222, 0.05000000000000000278, -0.9499999999999999556 ) ) ;
#8114 = ORIENTED_EDGE ( 'NONE', *, *, #1273, .T. ) ;
#8115 = CARTESIAN_POINT ( 'NONE',  ( 0.9499999999999985123, 0.000000000000000000, -1.499999999999998224 ) ) ;
#8116 = EDGE_CURVE ( 'NONE', #6818, #3968, #4764, .T. ) ;
#8117 = CARTESIAN_POINT ( 'NONE',  ( -1.500000000000001110, 0.05000000000000000278, -0.4000000000000008549 ) ) ;
#8118 = ADVANCED_FACE ( 'NONE', ( #4838 ), #6309, .T. ) ;
#8119 = CARTESIAN_POINT ( 'NONE',  ( 0.4000000000000001887, 0.05000000000000000278, -1.499999999999999778 ) ) ;
#8120 = ORIENTED_EDGE ( 'NONE', *, *, #1849, .F. ) ;
#8121 = DIRECTION ( 'NONE',  ( -0.6427876096865359212, 0.000000000000000000, -0.7660444431189809000 ) ) ;
#8122 = LINE ( 'NONE', #311, #7899 ) ;
#8123 = ORIENTED_EDGE ( 'NONE', *, *, #6457, .T. ) ;
#8124 =( NAMED_UNIT ( * ) SI_UNIT ( $, .STERADIAN. ) SOLID_ANGLE_UNIT ( ) );
#8125 = FACE_OUTER_BOUND ( 'NONE', #430, .T. ) ;
#8126 = CARTESIAN_POINT ( 'NONE',  ( 1.499999999999998446, 0.05000000000000000278, -1.499999999999997780 ) ) ;
#8127 = VERTEX_POINT ( 'NONE', #6425 ) ;
#8128 = ORIENTED_EDGE ( 'NONE', *, *, #5996, .T. ) ;
#8129 = VECTOR ( 'NONE', #7537, 1000.000000000000000 ) ;
#8130 = CARTESIAN_POINT ( 'NONE',  ( 0.000000000000000000, 0.05000000000000000278, 0.000000000000000000 ) ) ;
#8131 = LINE ( 'NONE', #3851, #8421 ) ;
#8132 = ORIENTED_EDGE ( 'NONE', *, *, #2812, .T. ) ;
#8133 = FACE_OUTER_BOUND ( 'NONE', #3056, .T. ) ;
#8134 = EDGE_CURVE ( 'NONE', #1292, #3002, #7598, .T. ) ;
#8135 = AXIS2_PLACEMENT_3D ( 'NONE', #4849, #6274, #9108 ) ;
#8136 = EDGE_LOOP ( 'NONE', ( #2062, #5707, #5589, #8012 ) ) ;
#8137 = CARTESIAN_POINT ( 'NONE',  ( -0.9499999999999998446, 0.02500000000000000139, -1.625000000000000000 ) ) ;
#8138 = EDGE_CURVE ( 'NONE', #4828, #1811, #7610, .T. ) ;
#8139 = DIRECTION ( 'NONE',  ( 0.000000000000000000, 0.000000000000000000, -1.000000000000000000 ) ) ;
#8140 = CIRCLE ( 'NONE', #7889, 1.099999999999999867 ) ;
#8141 = DIRECTION ( 'NONE',  ( 0.000000000000000000, 0.000000000000000000, -1.000000000000000000 ) ) ;
#8142 = VERTEX_POINT ( 'NONE', #1571 ) ;
#8143 = DIRECTION ( 'NONE',  ( 0.000000000000000000, 0.000000000000000000, -1.000000000000000000 ) ) ;
#8144 = FACE_OUTER_BOUND ( 'NONE', #3322, .T. ) ;
#8145 = DIRECTION ( 'NONE',  ( 0.000000000000000000, 0.000000000000000000, 1.000000000000000000 ) ) ;
#8146 = FILL_AREA_STYLE_COLOUR ( '', #2469 ) ;
#8147 = EDGE_CURVE ( 'NONE', #8827, #2310, #1748, .T. ) ;
#8148 = ORIENTED_EDGE ( 'NONE', *, *, #5956, .T. ) ;
#8149 = DIRECTION ( 'NONE',  ( -0.000000000000000000, 0.000000000000000000, 1.000000000000000000 ) ) ;
#8150 = VERTEX_POINT ( 'NONE', #5168 ) ;
#8151 = VECTOR ( 'NONE', #8946, 1000.000000000000000 ) ;
#8152 = ORIENTED_EDGE ( 'NONE', *, *, #4372, .T. ) ;
#8153 = DIRECTION ( 'NONE',  ( 1.000000000000000000, -0.000000000000000000, 4.015563601798169738E-16 ) ) ;
#8154 = CARTESIAN_POINT ( 'NONE',  ( 1.499999999999998224, 0.04999999999999991257, -0.6999999999999982903 ) ) ;
#8155 = EDGE_CURVE ( 'NONE', #3765, #3709, #7821, .T. ) ;
#8156 = ORIENTED_EDGE ( 'NONE', *, *, #226, .F. ) ;
#8157 = LINE ( 'NONE', #8868, #2009 ) ;
#8158 = DIRECTION ( 'NONE',  ( -1.000000000000000000, -0.000000000000000000, -1.120041072401411474E-14 ) ) ;
#8159 = ADVANCED_FACE ( 'NONE', ( #4855 ), #1584, .T. ) ;
#8160 = DIRECTION ( 'NONE',  ( -1.000000000000000000, 0.000000000000000000, 0.000000000000000000 ) ) ;
#8161 = VERTEX_POINT ( 'NONE', #8387 ) ;
#8162 = CARTESIAN_POINT ( 'NONE',  ( 0.4000000000000000222, 0.02500000000000000139, -0.9499999999999999556 ) ) ;
#8163 = ORIENTED_EDGE ( 'NONE', *, *, #6070, .T. ) ;
#8164 = LINE ( 'NONE', #664, #2103 ) ;
#8165 = PLANE ( 'NONE',  #6544 ) ;
#8166 = EDGE_CURVE ( 'NONE', #2905, #1206, #4628, .T. ) ;
#8167 = ORIENTED_EDGE ( 'NONE', *, *, #5679, .F. ) ;
#8168 = DIRECTION ( 'NONE',  ( -0.000000000000000000, -1.000000000000000000, -0.000000000000000000 ) ) ;
#8169 = LINE ( 'NONE', #6875, #1916 ) ;
#8170 = DIRECTION ( 'NONE',  ( 1.000000000000000000, 0.000000000000000000, 0.000000000000000000 ) ) ;
#8171 = VECTOR ( 'NONE', #2999, 1000.000000000000000 ) ;
#8172 = DIRECTION ( 'NONE',  ( 0.7071067811865467956, -0.000000000000000000, 0.7071067811865483499 ) ) ;
#8173 = ORIENTED_EDGE ( 'NONE', *, *, #266, .T. ) ;
#8174 = FACE_OUTER_BOUND ( 'NONE', #329, .T. ) ;
#8175 = ORIENTED_EDGE ( 'NONE', *, *, #735, .T. ) ;
#8176 = AXIS2_PLACEMENT_3D ( 'NONE', #129, #2001, #468 ) ;
#8177 = DIRECTION ( 'NONE',  ( 1.000000000000000000, -0.000000000000000000, 3.039819175193002819E-16 ) ) ;
#8178 = VERTEX_POINT ( 'NONE', #3584 ) ;
#8179 = CARTESIAN_POINT ( 'NONE',  ( -1.499999999999999778, 0.05000000000000000278, -1.499999999999997780 ) ) ;
#8180 = ADVANCED_FACE ( 'NONE', ( #2096 ), #6522, .F. ) ;
#8181 = EDGE_CURVE ( 'NONE', #3425, #5401, #4198, .T. ) ;
#8182 = LINE ( 'NONE', #5612, #5224 ) ;
#8183 = EDGE_CURVE ( 'NONE', #1719, #5720, #7168, .T. ) ;
#8184 = CARTESIAN_POINT ( 'NONE',  ( -0.4000000000000007438, 0.05000000000000000278, 0.9500000000000010658 ) ) ;
#8185 = CARTESIAN_POINT ( 'NONE',  ( -0.9499999999999998446, 0.02499999999999984873, -1.625000000000000000 ) ) ;
#8186 = PLANE ( 'NONE',  #6614 ) ;
#8187 = FACE_OUTER_BOUND ( 'NONE', #3464, .T. ) ;
#8188 = ORIENTED_EDGE ( 'NONE', *, *, #5666, .F. ) ;
#8189 = CYLINDRICAL_SURFACE ( 'NONE', #1762, 0.1375000000000000389 ) ;
#8190 = EDGE_LOOP ( 'NONE', ( #4637, #1305, #1951, #7194, #4301, #5405, #2510, #4710 ) ) ;
#8191 = VECTOR ( 'NONE', #6016, 1000.000000000000000 ) ;
#8192 = CARTESIAN_POINT ( 'NONE',  ( -0.3999999999999990230, 0.02500000000000000139, -1.500000000000000000 ) ) ;
#8193 = VECTOR ( 'NONE', #4610, 1000.000000000000000 ) ;
#8194 = ORIENTED_EDGE ( 'NONE', *, *, #1482, .F. ) ;
#8195 = TOROIDAL_SURFACE ( 'NONE', #4533, 1.223873726303005061, 0.04000000000000033390 ) ;
#8196 = STYLED_ITEM ( 'NONE', ( #5669 ), #5740 ) ;
#8197 =( GEOMETRIC_REPRESENTATION_CONTEXT ( 3 ) GLOBAL_UNCERTAINTY_ASSIGNED_CONTEXT ( ( #1644 ) ) GLOBAL_UNIT_ASSIGNED_CONTEXT ( ( #7790, #184, #7720 ) ) REPRESENTATION_CONTEXT ( 'NONE', 'WORKASPACE' ) );
#8198 = EDGE_CURVE ( 'NONE', #8659, #2527, #1098, .T. ) ;
#8199 = ADVANCED_FACE ( 'NONE', ( #4182 ), #1512, .F. ) ;
#8200 = EDGE_CURVE ( 'NONE', #70, #3328, #4230, .T. ) ;
#8201 = ORIENTED_EDGE ( 'NONE', *, *, #6362, .T. ) ;
#8202 = CARTESIAN_POINT ( 'NONE',  ( -1.444999999999999618, 0.2999999999999999889, 1.199999999999997735 ) ) ;
#8203 = VECTOR ( 'NONE', #3300, 1000.000000000000000 ) ;
#8204 = CARTESIAN_POINT ( 'NONE',  ( 1.124999999999999778, 0.3200000000000000067, -1.625000000000000000 ) ) ;
#8205 = VERTEX_POINT ( 'NONE', #3705 ) ;
#8206 = DIRECTION ( 'NONE',  ( -1.000000000000000000, -0.000000000000000000, -9.856383386231856362E-17 ) ) ;
#8207 = CIRCLE ( 'NONE', #131, 0.1375000000000000389 ) ;
#8208 = CARTESIAN_POINT ( 'NONE',  ( 1.124999999999999778, 0.3200000000000000067, -1.534381519444566244 ) ) ;
#8209 = DIRECTION ( 'NONE',  ( 2.344220913482167712E-16, 0.000000000000000000, -1.000000000000000000 ) ) ;
#8210 = ORIENTED_EDGE ( 'NONE', *, *, #1734, .F. ) ;
#8211 = VECTOR ( 'NONE', #8823, 1000.000000000000000 ) ;
#8212 = DIRECTION ( 'NONE',  ( 1.000000000000000000, 0.000000000000000000, 1.971276677246371765E-16 ) ) ;
#8213 = FACE_BOUND ( 'NONE', #3896, .T. ) ;
#8214 = ORIENTED_EDGE ( 'NONE', *, *, #7958, .F. ) ;
#8215 = FACE_OUTER_BOUND ( 'NONE', #4648, .T. ) ;
#8216 = ORIENTED_EDGE ( 'NONE', *, *, #488, .F. ) ;
#8217 = DIRECTION ( 'NONE',  ( 1.000000000000000000, 0.000000000000000000, -2.710505431213761085E-16 ) ) ;
#8218 = PLANE ( 'NONE',  #869 ) ;
#8219 = AXIS2_PLACEMENT_3D ( 'NONE', #5796, #1343, #8149 ) ;
#8220 = DIRECTION ( 'NONE',  ( 1.000000000000000000, 0.000000000000000000, -2.710505431213761578E-16 ) ) ;
#8221 = VECTOR ( 'NONE', #3246, 1000.000000000000000 ) ;
#8222 = VERTEX_POINT ( 'NONE', #9087 ) ;
#8223 = FACE_OUTER_BOUND ( 'NONE', #4461, .T. ) ;
#8224 = DIRECTION ( 'NONE',  ( 1.000000000000000000, 0.000000000000000000, 2.710505431213761085E-16 ) ) ;
#8225 = DIRECTION ( 'NONE',  ( -0.000000000000000000, -1.000000000000000000, -0.000000000000000000 ) ) ;
#8226 = VERTEX_POINT ( 'NONE', #3029 ) ;
#8227 = ORIENTED_EDGE ( 'NONE', *, *, #2584, .F. ) ;
#8228 = LINE ( 'NONE', #543, #1952 ) ;
#8229 = DIRECTION ( 'NONE',  ( 0.000000000000000000, 0.000000000000000000, -1.000000000000000000 ) ) ;
#8230 = ORIENTED_EDGE ( 'NONE', *, *, #5587, .T. ) ;
#8231 = CYLINDRICAL_SURFACE ( 'NONE', #4766, 0.06999999999999975686 ) ;
#8232 = UNCERTAINTY_MEASURE_WITH_UNIT (LENGTH_MEASURE( 1.000000000000000082E-05 ), #933, 'distance_accuracy_value', 'NONE');
#8233 = CARTESIAN_POINT ( 'NONE',  ( -1.499999999999999556, 0.04999999999999991257, -0.6999999999999978462 ) ) ;
#8234 = EDGE_CURVE ( 'NONE', #3968, #6673, #1177, .T. ) ;
#8235 = ORIENTED_EDGE ( 'NONE', *, *, #6617, .T. ) ;
#8236 = ADVANCED_FACE ( 'NONE', ( #887 ), #2456, .F. ) ;
#8237 = VERTEX_POINT ( 'NONE', #3260 ) ;
#8238 = LINE ( 'NONE', #8255, #8211 ) ;
#8239 = DIRECTION ( 'NONE',  ( -1.224646799147349509E-16, 0.000000000000000000, -1.000000000000000000 ) ) ;
#8240 = VERTEX_POINT ( 'NONE', #2519 ) ;
#8241 = DIRECTION ( 'NONE',  ( 3.516331370223249842E-16, -0.000000000000000000, 1.000000000000000000 ) ) ;
#8242 = CARTESIAN_POINT ( 'NONE',  ( 1.414999999999998925, 0.3400000000000000244, -1.444999999999999840 ) ) ;
#8243 = CARTESIAN_POINT ( 'NONE',  ( 1.444999999999998286, 0.3200000000000000067, -1.199999999999998623 ) ) ;
#8244 = DIRECTION ( 'NONE',  ( -5.421010862427517240E-16, -0.000000000000000000, -1.000000000000000000 ) ) ;
#8245 = CARTESIAN_POINT ( 'NONE',  ( 0.9499999999999996225, 0.05000000000000000278, -0.3999999999999999112 ) ) ;
#8246 = FILL_AREA_STYLE_COLOUR ( '', #2300 ) ;
#8247 = ORIENTED_EDGE ( 'NONE', *, *, #3579, .T. ) ;
#8248 = LINE ( 'NONE', #7877, #2336 ) ;
#8249 = ORIENTED_EDGE ( 'NONE', *, *, #7347, .F. ) ;
#8250 = EDGE_CURVE ( 'NONE', #5304, #7503, #6998, .T. ) ;
#8251 = PLANE ( 'NONE',  #7242 ) ;
#8252 = ORIENTED_EDGE ( 'NONE', *, *, #4000, .T. ) ;
#8253 = FACE_OUTER_BOUND ( 'NONE', #5193, .T. ) ;
#8254 = EDGE_CURVE ( 'NONE', #4666, #3002, #3967, .T. ) ;
#8255 = CARTESIAN_POINT ( 'NONE',  ( 0.4000000000000000222, 0.000000000000000000, -0.9499999999999999556 ) ) ;
#8256 = ORIENTED_EDGE ( 'NONE', *, *, #7517, .T. ) ;
#8257 = ADVANCED_FACE ( 'NONE', ( #7111 ), #4030, .T. ) ;
#8258 = AXIS2_PLACEMENT_3D ( 'NONE', #2228, #1279, #2849 ) ;
#8259 = LINE ( 'NONE', #6409, #8291 ) ;
#8260 = EDGE_CURVE ( 'NONE', #3350, #8226, #1082, .T. ) ;
#8261 = DIRECTION ( 'NONE',  ( -1.000000000000000000, 0.000000000000000000, 8.031127203596329369E-17 ) ) ;
#8262 = ORIENTED_EDGE ( 'NONE', *, *, #6917, .F. ) ;
#8263 = DIRECTION ( 'NONE',  ( -9.571576710093073577E-15, 0.000000000000000000, 1.000000000000000000 ) ) ;
#8264 = VECTOR ( 'NONE', #9071, 1000.000000000000000 ) ;
#8265 = CARTESIAN_POINT ( 'NONE',  ( -1.415000000000000480, 0.3400000000000000244, 1.444999999999998952 ) ) ;
#8266 = ORIENTED_EDGE ( 'NONE', *, *, #8614, .T. ) ;
#8267 = DIRECTION ( 'NONE',  ( -0.000000000000000000, 1.000000000000000000, -0.000000000000000000 ) ) ;
#8268 = CARTESIAN_POINT ( 'NONE',  ( -0.9500000000000009548, 0.05000000000000000278, -0.4000000000000007994 ) ) ;
#8269 = ORIENTED_EDGE ( 'NONE', *, *, #6380, .F. ) ;
#8270 = VECTOR ( 'NONE', #2550, 1000.000000000000000 ) ;
#8271 = DIRECTION ( 'NONE',  ( 0.000000000000000000, 0.000000000000000000, -1.000000000000000000 ) ) ;
#8272 = VECTOR ( 'NONE', #2673, 1000.000000000000000 ) ;
#8273 = ORIENTED_EDGE ( 'NONE', *, *, #5850, .T. ) ;
#8274 = VECTOR ( 'NONE', #2957, 1000.000000000000000 ) ;
#8275 = EDGE_CURVE ( 'NONE', #5154, #5401, #7195, .T. ) ;
#8276 = ORIENTED_EDGE ( 'NONE', *, *, #8932, .F. ) ;
#8277 = DIRECTION ( 'NONE',  ( 0.000000000000000000, 0.000000000000000000, 1.000000000000000000 ) ) ;
#8278 = AXIS2_PLACEMENT_3D ( 'NONE', #8070, #6250, #5464 ) ;
#8279 = ORIENTED_EDGE ( 'NONE', *, *, #3579, .F. ) ;
#8280 = LINE ( 'NONE', #6697, #2588 ) ;
#8281 = EDGE_LOOP ( 'NONE', ( #375, #1270, #3187, #3720 ) ) ;
#8282 = EDGE_CURVE ( 'NONE', #631, #4720, #7151, .T. ) ;
#8283 = DIRECTION ( 'NONE',  ( 0.000000000000000000, -0.000000000000000000, -1.000000000000000000 ) ) ;
#8284 = CARTESIAN_POINT ( 'NONE',  ( -1.624999999999998446, 0.02500000000000000139, 0.6999999999999981792 ) ) ;
#8285 = VERTEX_POINT ( 'NONE', #4002 ) ;
#8286 = DIRECTION ( 'NONE',  ( -8.031127203596331834E-17, 0.000000000000000000, -1.000000000000000000 ) ) ;
#8287 = LINE ( 'NONE', #7309, #5289 ) ;
#8288 = DIRECTION ( 'NONE',  ( 0.000000000000000000, -1.000000000000000000, 0.000000000000000000 ) ) ;
#8289 = VECTOR ( 'NONE', #2025, 1000.000000000000000 ) ;
#8290 = ORIENTED_EDGE ( 'NONE', *, *, #6717, .F. ) ;
#8291 = VECTOR ( 'NONE', #8542, 1000.000000000000000 ) ;
#8292 = ORIENTED_EDGE ( 'NONE', *, *, #485, .F. ) ;
#8293 = MANIFOLD_SOLID_BREP ( 'Boss-Extrude6[1]', #8694 ) ;
#8294 = LINE ( 'NONE', #4464, #8353 ) ;
#8295 = CARTESIAN_POINT ( 'NONE',  ( 0.4000000000000000222, 1.556154042586614050, -0.9499999999999999556 ) ) ;
#8296 = AXIS2_PLACEMENT_3D ( 'NONE', #5079, #2881, #2257 ) ;
#8297 = EDGE_LOOP ( 'NONE', ( #3438, #6529, #8677, #5799 ) ) ;
#8298 = ORIENTED_EDGE ( 'NONE', *, *, #8365, .F. ) ;
#8299 = VECTOR ( 'NONE', #2448, 1000.000000000000000 ) ;
#8301 = DIRECTION ( 'NONE',  ( -0.000000000000000000, 1.000000000000000000, -0.000000000000000000 ) ) ;
#8300 = VECTOR ( 'NONE', #6134, 1000.000000000000000 ) ;
#8302 = ORIENTED_EDGE ( 'NONE', *, *, #6232, .T. ) ;
#8303 = DIRECTION ( 'NONE',  ( 6.400234699436636771E-15, -0.000000000000000000, -1.000000000000000000 ) ) ;
#8304 = VECTOR ( 'NONE', #5647, 1000.000000000000000 ) ;
#8305 = CARTESIAN_POINT ( 'NONE',  ( -0.9500000000000012879, 1.556154042586614050, 0.6999999999999988454 ) ) ;
#8306 = DIRECTION ( 'NONE',  ( -1.000000000000000000, 0.000000000000000000, -0.000000000000000000 ) ) ;
#8307 = EDGE_CURVE ( 'NONE', #1508, #3683, #982, .T. ) ;
#8308 = CARTESIAN_POINT ( 'NONE',  ( -1.464381519444566182, 0.3000000000000000444, 1.464381519444565294 ) ) ;
#8309 = DIRECTION ( 'NONE',  ( -1.000000000000000000, 0.000000000000000000, 0.000000000000000000 ) ) ;
#8310 = DIRECTION ( 'NONE',  ( -0.000000000000000000, -1.000000000000000000, -0.000000000000000000 ) ) ;
#8311 = EDGE_LOOP ( 'NONE', ( #9094, #3385, #3505, #6125 ) ) ;
#8312 = VECTOR ( 'NONE', #2462, 1000.000000000000000 ) ;
#8313 = EDGE_LOOP ( 'NONE', ( #4066, #7450, #6839, #478 ) ) ;
#8314 = AXIS2_PLACEMENT_3D ( 'NONE', #1535, #5648, #814 ) ;
#8315 = CARTESIAN_POINT ( 'NONE',  ( 0.000000000000000000, 1.610000000000000098, 0.000000000000000000 ) ) ;
#8316 = AXIS2_PLACEMENT_3D ( 'NONE', #2357, #7101, #2476 ) ;
#8317 = EDGE_CURVE ( 'NONE', #6947, #4507, #963, .T. ) ;
#8318 = ORIENTED_EDGE ( 'NONE', *, *, #3401, .T. ) ;
#8319 = LINE ( 'NONE', #7420, #5307 ) ;
#8320 = ORIENTED_EDGE ( 'NONE', *, *, #7626, .F. ) ;
#8321 = VECTOR ( 'NONE', #5068, 1000.000000000000000 ) ;
#8322 = CARTESIAN_POINT ( 'NONE',  ( -1.625000000000000222, 0.3400000000000000244, 1.625000000000000000 ) ) ;
#8323 = LINE ( 'NONE', #8667, #2175 ) ;
#8324 = DIRECTION ( 'NONE',  ( -0.000000000000000000, -1.000000000000000000, 0.000000000000000000 ) ) ;
#8325 = EDGE_LOOP ( 'NONE', ( #372, #8791, #4700, #5097 ) ) ;
#8326 = DIRECTION ( 'NONE',  ( -1.000000000000000000, -0.000000000000000000, 0.000000000000000000 ) ) ;
#8327 = CARTESIAN_POINT ( 'NONE',  ( 1.444999999999998286, -0.2789528969834105254, -1.199999999999998623 ) ) ;
#8328 = CARTESIAN_POINT ( 'NONE',  ( 0.000000000000000000, 0.000000000000000000, 0.000000000000000000 ) ) ;
#8329 = AXIS2_PLACEMENT_3D ( 'NONE', #8328, #2289, #2111 ) ;
#8330 = ORIENTED_EDGE ( 'NONE', *, *, #2197, .F. ) ;
#8331 = VECTOR ( 'NONE', #7937, 1000.000000000000000 ) ;
#8332 = EDGE_CURVE ( 'NONE', #8662, #605, #4044, .T. ) ;
#8333 = ORIENTED_EDGE ( 'NONE', *, *, #3311, .F. ) ;
#8334 = ADVANCED_FACE ( 'NONE', ( #4139 ), #3998, .T. ) ;
#8335 = FACE_OUTER_BOUND ( 'NONE', #820, .T. ) ;
#8336 = CARTESIAN_POINT ( 'NONE',  ( 1.499999999999999778, 0.02500000000000000139, -0.3999999999999999667 ) ) ;
#8337 = CARTESIAN_POINT ( 'NONE',  ( 1.199999999999999734, -0.2789528969834105254, -1.444999999999999840 ) ) ;
#8338 = EDGE_CURVE ( 'NONE', #4891, #6746, #4215, .T. ) ;
#8339 = DIRECTION ( 'NONE',  ( 0.000000000000000000, 1.000000000000000000, 0.000000000000000000 ) ) ;
#8340 = ORIENTED_EDGE ( 'NONE', *, *, #2567, .T. ) ;
#8341 = CARTESIAN_POINT ( 'NONE',  ( 0.000000000000000000, 0.000000000000000000, 0.000000000000000000 ) ) ;
#8342 = SURFACE_STYLE_USAGE ( .BOTH. , #9104 ) ;
#8343 = VERTEX_POINT ( 'NONE', #6042 ) ;
#8344 = CARTESIAN_POINT ( 'NONE',  ( -0.9499999999999978462, 0.02500000000000000139, 0.6999999999999988454 ) ) ;
#8345 = VECTOR ( 'NONE', #4398, 1000.000000000000227 ) ;
#8346 = CARTESIAN_POINT ( 'NONE',  ( 0.9499999999999999556, 0.04999999999999991257, 0.7000000000000005107 ) ) ;
#8347 = ORIENTED_EDGE ( 'NONE', *, *, #3543, .F. ) ;
#8348 = FACE_OUTER_BOUND ( 'NONE', #5541, .T. ) ;
#8349 = EDGE_CURVE ( 'NONE', #2282, #5310, #997, .T. ) ;
#8350 = EDGE_LOOP ( 'NONE', ( #227, #8843, #413, #5726, #843, #318, #3917, #6483, #3355, #6753, #85, #5700, #8733, #3372, #8873, #2776, #8715, #5935, #1422, #8867, #3631, #9010, #6888, #572, #8854, #267, #5830, #8927, #1262, #2721, #3013, #8611, #5775, #3815, #6364, #8859, #5818, #693, #5713, #3535, #2818, #1100 ) ) ;
#8351 = ADVANCED_FACE ( 'NONE', ( #1033 ), #6575, .T. ) ;
#8352 = PLANE ( 'NONE',  #7915 ) ;
#8353 = VECTOR ( 'NONE', #858, 1000.000000000000000 ) ;
#8354 = CARTESIAN_POINT ( 'NONE',  ( 1.464381519444564628, 0.2999999999999999889, -1.534381519444566244 ) ) ;
#8355 = AXIS2_PLACEMENT_3D ( 'NONE', #7201, #8095, #1705 ) ;
#8356 = ORIENTED_EDGE ( 'NONE', *, *, #4228, .T. ) ;
#8357 = EDGE_CURVE ( 'NONE', #5338, #2713, #1162, .T. ) ;
#8358 = ORIENTED_EDGE ( 'NONE', *, *, #6110, .T. ) ;
#8359 = LINE ( 'NONE', #3023, #2297 ) ;
#8360 = DIRECTION ( 'NONE',  ( 0.000000000000000000, -1.000000000000000000, 0.000000000000000000 ) ) ;
#8361 = EDGE_LOOP ( 'NONE', ( #6623, #124, #1287, #4093 ) ) ;
#8362 = CARTESIAN_POINT ( 'NONE',  ( -1.500000000000001110, 0.000000000000000000, -0.4000000000000008549 ) ) ;
#8363 = ORIENTED_EDGE ( 'NONE', *, *, #6537, .T. ) ;
#8364 = CARTESIAN_POINT ( 'NONE',  ( 1.414999999999999147, 0.3000000000000000444, 1.415000000000000702 ) ) ;
#8365 = EDGE_CURVE ( 'NONE', #972, #6301, #1131, .T. ) ;
#8366 = DIRECTION ( 'NONE',  ( 0.000000000000000000, 0.000000000000000000, -1.000000000000000000 ) ) ;
#8367 = DIRECTION ( 'NONE',  ( -0.6427876096865359212, 0.000000000000000000, -0.7660444431189809000 ) ) ;
#8368 = DIRECTION ( 'NONE',  ( 2.344220913482168205E-16, 0.000000000000000000, 1.000000000000000000 ) ) ;
#8369 = DIRECTION ( 'NONE',  ( 0.000000000000000000, 0.000000000000000000, -1.000000000000000000 ) ) ;
#8370 = DIRECTION ( 'NONE',  ( 3.942553354492744024E-16, 0.000000000000000000, -1.000000000000000000 ) ) ;
#8371 = LINE ( 'NONE', #7430, #2189 ) ;
#8372 = EDGE_CURVE ( 'NONE', #6691, #3648, #7227, .T. ) ;
#8373 = ORIENTED_EDGE ( 'NONE', *, *, #6145, .T. ) ;
#8374 = AXIS2_PLACEMENT_3D ( 'NONE', #6835, #4356, #2911 ) ;
#8375 = AXIS2_PLACEMENT_3D ( 'NONE', #2875, #2697, #2753 ) ;
#8376 = DIRECTION ( 'NONE',  ( 0.7071067811865467956, -0.000000000000000000, 0.7071067811865483499 ) ) ;
#8377 = VERTEX_POINT ( 'NONE', #7258 ) ;
#8378 = ORIENTED_EDGE ( 'NONE', *, *, #6110, .F. ) ;
#8379 = FACE_OUTER_BOUND ( 'NONE', #885, .T. ) ;
#8380 = EDGE_CURVE ( 'NONE', #4727, #5006, #6980, .T. ) ;
#8381 = CARTESIAN_POINT ( 'NONE',  ( -0.9500000000000012879, 0.05000000000000000278, 0.6999999999999988454 ) ) ;
#8382 = ORIENTED_EDGE ( 'NONE', *, *, #5711, .T. ) ;
#8383 = ORIENTED_EDGE ( 'NONE', *, *, #8260, .T. ) ;
#8384 = ORIENTED_EDGE ( 'NONE', *, *, #7900, .T. ) ;
#8385 = CARTESIAN_POINT ( 'NONE',  ( 1.444999999999998286, 0.3200000000000000067, 1.199999999999999512 ) ) ;
#8386 = LINE ( 'NONE', #590, #8602 ) ;
#8387 = CARTESIAN_POINT ( 'NONE',  ( 1.444999999999998286, 0.3200000000000000067, 1.199999999999999512 ) ) ;
#8388 = ORIENTED_EDGE ( 'NONE', *, *, #4314, .F. ) ;
#8389 = DIRECTION ( 'NONE',  ( 0.000000000000000000, -1.000000000000000000, 0.000000000000000000 ) ) ;
#8390 = DIRECTION ( 'NONE',  ( -0.000000000000000000, 1.000000000000000000, -0.000000000000000000 ) ) ;
#8391 = ADVANCED_FACE ( 'NONE', ( #6949 ), #7138, .F. ) ;
#8392 = CARTESIAN_POINT ( 'NONE',  ( -0.4000000000000113465, 0.3200000000000000067, 1.624999999999997558 ) ) ;
#8393 = ORIENTED_EDGE ( 'NONE', *, *, #5951, .F. ) ;
#8394 = FACE_OUTER_BOUND ( 'NONE', #904, .T. ) ;
#8395 = AXIS2_PLACEMENT_3D ( 'NONE', #95, #5646, #6908 ) ;
#8396 = ORIENTED_EDGE ( 'NONE', *, *, #7750, .F. ) ;
#8397 = VECTOR ( 'NONE', #516, 1000.000000000000000 ) ;
#8398 = ORIENTED_EDGE ( 'NONE', *, *, #5453, .F. ) ;
#8399 = DIRECTION ( 'NONE',  ( -1.000000000000000000, 0.000000000000000000, 0.000000000000000000 ) ) ;
#8400 = AXIS2_PLACEMENT_3D ( 'NONE', #3924, #6789, #8212 ) ;
#8401 = CARTESIAN_POINT ( 'NONE',  ( 1.124999999999999778, 0.2999999999999999889, -1.534381519444566244 ) ) ;
#8402 = FACE_OUTER_BOUND ( 'NONE', #8722, .T. ) ;
#8403 = ORIENTED_EDGE ( 'NONE', *, *, #3595, .F. ) ;
#8404 = DIRECTION ( 'NONE',  ( 0.000000000000000000, 0.000000000000000000, -1.000000000000000000 ) ) ;
#8405 = VERTEX_POINT ( 'NONE', #6271 ) ;
#8406 = DIRECTION ( 'NONE',  ( -0.000000000000000000, -1.000000000000000000, -0.000000000000000000 ) ) ;
#8407 = CARTESIAN_POINT ( 'NONE',  ( 2.168404344971008868E-16, 0.3200000000000000067, 4.336808689942017736E-16 ) ) ;
#8408 = PLANE ( 'NONE',  #4763 ) ;
#8409 = ORIENTED_EDGE ( 'NONE', *, *, #3726, .F. ) ;
#8410 = ADVANCED_FACE ( 'NONE', ( #918 ), #1642, .T. ) ;
#8411 = FACE_OUTER_BOUND ( 'NONE', #7952, .T. ) ;
#8412 = AXIS2_PLACEMENT_3D ( 'NONE', #7666, #5474, #2796 ) ;
#8413 = ORIENTED_EDGE ( 'NONE', *, *, #6573, .F. ) ;
#8414 = EDGE_CURVE ( 'NONE', #4328, #7561, #4460, .T. ) ;
#8415 = CARTESIAN_POINT ( 'NONE',  ( 0.3999999999999991340, 0.000000000000000000, 0.9500000000000008438 ) ) ;
#8416 = FACE_OUTER_BOUND ( 'NONE', #7153, .T. ) ;
#8417 = VERTEX_POINT ( 'NONE', #1411 ) ;
#8418 = EDGE_CURVE ( 'NONE', #6318, #2329, #4494, .T. ) ;
#8419 = ORIENTED_EDGE ( 'NONE', *, *, #5364, .F. ) ;
#8420 = LINE ( 'NONE', #725, #2440 ) ;
#8421 = VECTOR ( 'NONE', #1208, 1000.000000000000000 ) ;
#8422 = ORIENTED_EDGE ( 'NONE', *, *, #4247, .F. ) ;
#8423 = DIRECTION ( 'NONE',  ( -1.000000000000000000, -0.000000000000000000, 3.942553354492743038E-16 ) ) ;
#8424 = VECTOR ( 'NONE', #6443, 1000.000000000000227 ) ;
#8425 =( NAMED_UNIT ( * ) SI_UNIT ( $, .STERADIAN. ) SOLID_ANGLE_UNIT ( ) );
#8426 = DIRECTION ( 'NONE',  ( 8.031127203596333067E-17, 0.000000000000000000, -1.000000000000000000 ) ) ;
#8427 = AXIS2_PLACEMENT_3D ( 'NONE', #271, #950, #1681 ) ;
#8428 = DIRECTION ( 'NONE',  ( 1.000000000000000000, 0.000000000000000000, 0.000000000000000000 ) ) ;
#8429 = ADVANCED_FACE ( 'NONE', ( #7660 ), #5764, .T. ) ;
#8430 = PLANE ( 'NONE',  #6754 ) ;
#8431 = DIRECTION ( 'NONE',  ( 0.000000000000000000, 0.000000000000000000, -1.000000000000000000 ) ) ;
#8432 = EDGE_CURVE ( 'NONE', #5402, #7508, #4394, .T. ) ;
#8433 = ORIENTED_EDGE ( 'NONE', *, *, #8774, .T. ) ;
#8434 = MANIFOLD_SOLID_BREP ( 'Boss-Extrude6[3]', #5551 ) ;
#8435 = DIRECTION ( 'NONE',  ( 0.7660444431189801229, 0.000000000000000000, 0.6427876096865370315 ) ) ;
#8436 = ORIENTED_EDGE ( 'NONE', *, *, #8909, .T. ) ;
#8437 = VECTOR ( 'NONE', #7784, 1000.000000000000000 ) ;
#8438 = CARTESIAN_POINT ( 'NONE',  ( 1.610410540878769230E-16, 1.570000000000000062, 1.314999999999999725 ) ) ;
#8439 = ORIENTED_EDGE ( 'NONE', *, *, #617, .F. ) ;
#8440 = VECTOR ( 'NONE', #7894, 1000.000000000000000 ) ;
#8441 = ORIENTED_EDGE ( 'NONE', *, *, #2852, .F. ) ;
#8442 = APPLICATION_PROTOCOL_DEFINITION ( 'draft international standard', 'automotive_design', 1998, #6470 ) ;
#8443 = AXIS2_PLACEMENT_3D ( 'NONE', #202, #875, #1590 ) ;
#8444 = DIRECTION ( 'NONE',  ( -0.000000000000000000, -1.000000000000000000, -0.000000000000000000 ) ) ;
#8445 = DIRECTION ( 'NONE',  ( -0.000000000000000000, -1.000000000000000000, -0.000000000000000000 ) ) ;
#8446 = CARTESIAN_POINT ( 'NONE',  ( -1.500000000000001332, 0.05000000000000000278, 0.6999999999999987343 ) ) ;
#8447 = EDGE_CURVE ( 'NONE', #8697, #1552, #7282, .T. ) ;
#8448 = ORIENTED_EDGE ( 'NONE', *, *, #7271, .T. ) ;
#8449 =( LENGTH_UNIT ( ) NAMED_UNIT ( * ) SI_UNIT ( .MILLI., .METRE. ) );
#8450 = CARTESIAN_POINT ( 'NONE',  ( 0.9499999999999989564, 0.02500000000000000139, 1.625000000000000888 ) ) ;
#8451 = CARTESIAN_POINT ( 'NONE',  ( -0.3999999999999973022, 0.02500000000000000139, 1.625000000000000888 ) ) ;
#8452 = PLANE ( 'NONE',  #8796 ) ;
#8453 = VERTEX_POINT ( 'NONE', #2243 ) ;
#8454 = DIRECTION ( 'NONE',  ( 1.000000000000000000, -0.000000000000000000, 4.266823132957757848E-15 ) ) ;
#8455 = ORIENTED_EDGE ( 'NONE', *, *, #1121, .F. ) ;
#8456 = VECTOR ( 'NONE', #5217, 1000.000000000000000 ) ;
#8457 = CARTESIAN_POINT ( 'NONE',  ( 1.500000000000000000, 0.05000000000000000278, 0.7000000000000003997 ) ) ;
#8458 = ORIENTED_EDGE ( 'NONE', *, *, #2097, .F. ) ;
#8459 = CIRCLE ( 'NONE', #8443, 0.03000000000000007869 ) ;
#8460 =( LENGTH_UNIT ( ) NAMED_UNIT ( * ) SI_UNIT ( .MILLI., .METRE. ) );
#8461 = CARTESIAN_POINT ( 'NONE',  ( 0.000000000000000000, 1.758041561959399202, 0.000000000000000000 ) ) ;
#8462 = EDGE_LOOP ( 'NONE', ( #5179, #7655, #7927, #8893 ) ) ;
#8463 = EDGE_CURVE ( 'NONE', #158, #7897, #7509, .T. ) ;
#8464 = CARTESIAN_POINT ( 'NONE',  ( -1.499999999999999556, 1.556154042586614050, -0.6999999999999978462 ) ) ;
#8465 = ADVANCED_FACE ( 'NONE', ( #4380 ), #6216, .T. ) ;
#8466 =( NAMED_UNIT ( * ) SI_UNIT ( $, .STERADIAN. ) SOLID_ANGLE_UNIT ( ) );
#8467 = VERTEX_POINT ( 'NONE', #2059 ) ;
#8468 = CARTESIAN_POINT ( 'NONE',  ( -0.3999999999999972466, 0.000000000000000000, 0.9500000000000010658 ) ) ;
#8469 = CARTESIAN_POINT ( 'NONE',  ( -0.3999999999999990230, 0.02500000000000000139, -1.625000000000000000 ) ) ;
#8470 = CARTESIAN_POINT ( 'NONE',  ( 0.000000000000000000, 0.8100000000000001643, 0.000000000000000000 ) ) ;
#8471 = ORIENTED_EDGE ( 'NONE', *, *, #4184, .T. ) ;
#8472 = AXIS2_PLACEMENT_3D ( 'NONE', #8027, #7203, #983 ) ;
#8473 = VECTOR ( 'NONE', #1413, 1000.000000000000000 ) ;
#8474 = CARTESIAN_POINT ( 'NONE',  ( 0.3999999999999991340, 0.000000000000000000, 0.9500000000000008438 ) ) ;
#8475 = ORIENTED_EDGE ( 'NONE', *, *, #5247, .T. ) ;
#8476 = ORIENTED_EDGE ( 'NONE', *, *, #8654, .F. ) ;
#8477 = CARTESIAN_POINT ( 'NONE',  ( 1.464381519444564628, 0.3200000000000000067, -1.464381519444566182 ) ) ;
#8478 = DIRECTION ( 'NONE',  ( 0.000000000000000000, -1.000000000000000000, 0.000000000000000000 ) ) ;
#8479 = ORIENTED_EDGE ( 'NONE', *, *, #2309, .F. ) ;
#8480 = EDGE_LOOP ( 'NONE', ( #1280, #4948, #3767, #522 ) ) ;
#8481 = LINE ( 'NONE', #8154, #8331 ) ;
#8482 = ORIENTED_EDGE ( 'NONE', *, *, #663, .F. ) ;
#8483 = ADVANCED_FACE ( 'NONE', ( #1463 ), #4312, .F. ) ;
#8484 = PLANE ( 'NONE',  #5793 ) ;
#8485 = EDGE_CURVE ( 'NONE', #5873, #1827, #4289, .T. ) ;
#8486 = ORIENTED_EDGE ( 'NONE', *, *, #8009, .F. ) ;
#8487 = CARTESIAN_POINT ( 'NONE',  ( 1.199999999999999734, 0.3200000000000000067, -1.444999999999999840 ) ) ;
#8488 = PLANE ( 'NONE',  #5264 ) ;
#8489 = DIRECTION ( 'NONE',  ( 3.942553354492743531E-16, 0.000000000000000000, 1.000000000000000000 ) ) ;
#8490 = CARTESIAN_POINT ( 'NONE',  ( -1.200000000000001288, 0.3200000000000000067, 1.444999999999998952 ) ) ;
#8491 = DIRECTION ( 'NONE',  ( 2.710505431213762564E-16, 0.000000000000000000, -1.000000000000000000 ) ) ;
#8492 = ORIENTED_EDGE ( 'NONE', *, *, #5885, .F. ) ;
#8493 = ORIENTED_EDGE ( 'NONE', *, *, #3368, .F. ) ;
#8494 = CARTESIAN_POINT ( 'NONE',  ( 0.9499999999999989564, 0.000000000000000000, 1.625000000000000888 ) ) ;
#8495 = ORIENTED_EDGE ( 'NONE', *, *, #8147, .F. ) ;
#8496 = VECTOR ( 'NONE', #967, 1000.000000000000000 ) ;
#8497 = CARTESIAN_POINT ( 'NONE',  ( -0.9500000000000009548, 0.000000000000000000, -0.4000000000000007994 ) ) ;
#8498 = ORIENTED_EDGE ( 'NONE', *, *, #2452, .F. ) ;
#8499 = LINE ( 'NONE', #7276, #8591 ) ;
#8500 = ORIENTED_EDGE ( 'NONE', *, *, #4936, .F. ) ;
#8501 = CARTESIAN_POINT ( 'NONE',  ( 1.534381519444564690, 0.3200000000000000067, 1.124999999999999556 ) ) ;
#8502 = CARTESIAN_POINT ( 'NONE',  ( 0.000000000000000000, 0.000000000000000000, 0.000000000000000000 ) ) ;
#8503 = CARTESIAN_POINT ( 'NONE',  ( -0.9500000000000009548, 1.556154042586614050, -0.4000000000000007994 ) ) ;
#8504 = AXIS2_PLACEMENT_3D ( 'NONE', #7033, #2803, #1232 ) ;
#8505 = ORIENTED_EDGE ( 'NONE', *, *, #8349, .T. ) ;
#8506 = CARTESIAN_POINT ( 'NONE',  ( -0.9499999999999995115, 0.000000000000000000, -0.6999999999999979572 ) ) ;
#8507 = ORIENTED_EDGE ( 'NONE', *, *, #8198, .F. ) ;
#8508 = VECTOR ( 'NONE', #386, 1000.000000000000000 ) ;
#8509 = AXIS2_PLACEMENT_3D ( 'NONE', #3014, #277, #3693 ) ;
#8510 = ORIENTED_EDGE ( 'NONE', *, *, #1766, .F. ) ;
#8511 = LINE ( 'NONE', #4804, #5520 ) ;
#8512 = CARTESIAN_POINT ( 'NONE',  ( -0.9499999999999992895, 4.621194077712559078, 0.4000000000000016320 ) ) ;
#8513 = DIRECTION ( 'NONE',  ( 0.000000000000000000, 0.000000000000000000, -1.000000000000000000 ) ) ;
#8514 = ORIENTED_EDGE ( 'NONE', *, *, #511, .F. ) ;
#8515 = AXIS2_PLACEMENT_3D ( 'NONE', #2686, #5698, #2626 ) ;
#8516 = CARTESIAN_POINT ( 'NONE',  ( -1.464381519444566182, 0.3200000000000000067, 1.534381519444565134 ) ) ;
#8517 = FILL_AREA_STYLE_COLOUR ( '', #7480 ) ;
#8518 = ORIENTED_EDGE ( 'NONE', *, *, #7864, .F. ) ;
#8519 = AXIS2_PLACEMENT_3D ( 'NONE', #847, #5579, #8609 ) ;
#8520 = VERTEX_POINT ( 'NONE', #6329 ) ;
#8521 = LINE ( 'NONE', #2391, #8564 ) ;
#8522 = CARTESIAN_POINT ( 'NONE',  ( -1.200000000000001288, 0.3400000000000000244, 1.444999999999998952 ) ) ;
#8523 = PLANE ( 'NONE',  #4296 ) ;
#8524 = VERTEX_POINT ( 'NONE', #3539 ) ;
#8525 = VECTOR ( 'NONE', #5189, 1000.000000000000000 ) ;
#8526 = PLANE ( 'NONE',  #7351 ) ;
#8527 = DIRECTION ( 'NONE',  ( -0.000000000000000000, -1.000000000000000000, -0.000000000000000000 ) ) ;
#8528 = PLANE ( 'NONE',  #1211 ) ;
#8529 = ORIENTED_EDGE ( 'NONE', *, *, #6228, .F. ) ;
#8530 = ADVANCED_FACE ( 'NONE', ( #1286 ), #6799, .T. ) ;
#8531 = VERTEX_POINT ( 'NONE', #3603 ) ;
#8532 = MECHANICAL_DESIGN_GEOMETRIC_PRESENTATION_REPRESENTATION (  '', ( #3554 ), #1944 ) ;
#8533 = ORIENTED_EDGE ( 'NONE', *, *, #2732, .T. ) ;
#8534 = EDGE_CURVE ( 'NONE', #3091, #6611, #4307, .T. ) ;
#8535 = ORIENTED_EDGE ( 'NONE', *, *, #5266, .T. ) ;
#8536 = CARTESIAN_POINT ( 'NONE',  ( -1.125000000000001332, 0.3400000000000000244, 1.534381519444565356 ) ) ;
#8537 = VECTOR ( 'NONE', #8406, 1000.000000000000000 ) ;
#8538 = CARTESIAN_POINT ( 'NONE',  ( 0.5349999999999999201, 0.04999999999999991257, 0.5300000000000002487 ) ) ;
#8539 = DIRECTION ( 'NONE',  ( -0.000000000000000000, 1.000000000000000000, -0.000000000000000000 ) ) ;
#8540 = CARTESIAN_POINT ( 'NONE',  ( 0.5349999999999999201, 0.02499999999999984873, -0.5299999999999998046 ) ) ;
#8541 = EDGE_CURVE ( 'NONE', #2631, #944, #7327, .T. ) ;
#8542 = DIRECTION ( 'NONE',  ( -0.000000000000000000, -1.000000000000000000, -0.000000000000000000 ) ) ;
#8543 = CARTESIAN_POINT ( 'NONE',  ( -1.534381519444566022, 0.2999999999999999889, 1.464381519444565294 ) ) ;
#8544 = VERTEX_POINT ( 'NONE', #3831 ) ;
#8545 = PLANE ( 'NONE',  #8509 ) ;
#8546 = VECTOR ( 'NONE', #5373, 1000.000000000000000 ) ;
#8547 = CARTESIAN_POINT ( 'NONE',  ( -0.9499999999999995115, 0.05000000000000000278, -0.6999999999999979572 ) ) ;
#8548 = ORIENTED_EDGE ( 'NONE', *, *, #5956, .F. ) ;
#8549 = ORIENTED_EDGE ( 'NONE', *, *, #4876, .F. ) ;
#8550 = FACE_OUTER_BOUND ( 'NONE', #4543, .T. ) ;
#8551 = DIRECTION ( 'NONE',  ( -1.000000000000000000, -0.000000000000000000, -0.000000000000000000 ) ) ;
#8552 = DIRECTION ( 'NONE',  ( 0.000000000000000000, -1.000000000000000000, 0.000000000000000000 ) ) ;
#8553 = VERTEX_POINT ( 'NONE', #4530 ) ;
#8554 = EDGE_CURVE ( 'NONE', #3123, #2142, #1479, .T. ) ;
#8555 = EDGE_CURVE ( 'NONE', #6950, #6650, #1313, .T. ) ;
#8556 = DIRECTION ( 'NONE',  ( -0.000000000000000000, -0.000000000000000000, 1.000000000000000000 ) ) ;
#8557 = PLANE ( 'NONE',  #5146 ) ;
#8558 = ORIENTED_EDGE ( 'NONE', *, *, #5603, .F. ) ;
#8559 = DIRECTION ( 'NONE',  ( -0.000000000000000000, 0.000000000000000000, 1.000000000000000000 ) ) ;
#8560 = CARTESIAN_POINT ( 'NONE',  ( 1.414999999999998925, 0.2999999999999999889, -1.444999999999999840 ) ) ;
#8561 = DIRECTION ( 'NONE',  ( 0.000000000000000000, -1.000000000000000000, 0.000000000000000000 ) ) ;
#8562 = LINE ( 'NONE', #6235, #2320 ) ;
#8563 = EDGE_LOOP ( 'NONE', ( #3033, #3258, #6590, #1034 ) ) ;
#8564 = VECTOR ( 'NONE', #3807, 1000.000000000000000 ) ;
#8565 = FILL_AREA_STYLE ('',( #7957 ) ) ;
#8566 = ORIENTED_EDGE ( 'NONE', *, *, #6448, .F. ) ;
#8567 = VECTOR ( 'NONE', #7221, 1000.000000000000000 ) ;
#8568 = CARTESIAN_POINT ( 'NONE',  ( -0.9499999999999981792, 4.621194077712559078, 1.625000000000000888 ) ) ;
#8569 = DIRECTION ( 'NONE',  ( 1.000000000000000000, 0.000000000000000000, 0.000000000000000000 ) ) ;
#8570 = EDGE_CURVE ( 'NONE', #6113, #5338, #4327, .T. ) ;
#8571 = VERTEX_POINT ( 'NONE', #200 ) ;
#8572 = CARTESIAN_POINT ( 'NONE',  ( 1.199999999999999956, 0.3000000000000000444, 1.445000000000000728 ) ) ;
#8573 = VECTOR ( 'NONE', #4087, 1000.000000000000000 ) ;
#8574 = EDGE_LOOP ( 'NONE', ( #7711, #8455, #1659, #7947, #7535, #2113 ) ) ;
#8575 = CARTESIAN_POINT ( 'NONE',  ( 1.624999999999999778, 0.02500000000000000139, 0.4000000000000008549 ) ) ;
#8576 = LINE ( 'NONE', #6420, #8437 ) ;
#8577 = CARTESIAN_POINT ( 'NONE',  ( 1.124999999999999778, 0.3000000000000000444, -1.534381519444566244 ) ) ;
#8578 = VERTEX_POINT ( 'NONE', #872 ) ;
#8579 = DIRECTION ( 'NONE',  ( 0.6427876096865369204, 0.000000000000000000, 0.7660444431189800119 ) ) ;
#8580 = ORIENTED_EDGE ( 'NONE', *, *, #8624, .T. ) ;
#8581 = ADVANCED_FACE ( 'NONE', ( #7526 ), #5316, .T. ) ;
#8582 = ORIENTED_EDGE ( 'NONE', *, *, #7941, .F. ) ;
#8583 = DIRECTION ( 'NONE',  ( 0.000000000000000000, 0.000000000000000000, -1.000000000000000000 ) ) ;
#8584 = VERTEX_POINT ( 'NONE', #1588 ) ;
#8585 = VECTOR ( 'NONE', #1633, 1000.000000000000000 ) ;
#8586 = ORIENTED_EDGE ( 'NONE', *, *, #645, .T. ) ;
#8587 = VECTOR ( 'NONE', #5975, 1000.000000000000227 ) ;
#8588 = AXIS2_PLACEMENT_3D ( 'NONE', #2223, #4227, #2846 ) ;
#8589 = ORIENTED_EDGE ( 'NONE', *, *, #4141, .F. ) ;
#8590 = EDGE_CURVE ( 'NONE', #784, #2698, #7409, .T. ) ;
#8591 = VECTOR ( 'NONE', #6940, 1000.000000000000000 ) ;
#8592 = EDGE_CURVE ( 'NONE', #6426, #2217, #7448, .T. ) ;
#8593 = ORIENTED_EDGE ( 'NONE', *, *, #6305, .F. ) ;
#8594 = CARTESIAN_POINT ( 'NONE',  ( 0.000000000000000000, 0.05000000000000000278, 0.000000000000000000 ) ) ;
#8595 = DIRECTION ( 'NONE',  ( -0.000000000000000000, -1.000000000000000000, -0.000000000000000000 ) ) ;
#8596 = CARTESIAN_POINT ( 'NONE',  ( 1.444999999999998286, 0.3000000000000000444, 1.199999999999999512 ) ) ;
#8597 = ORIENTED_EDGE ( 'NONE', *, *, #7900, .F. ) ;
#8598 = ORIENTED_EDGE ( 'NONE', *, *, #2468, .F. ) ;
#8599 = DIRECTION ( 'NONE',  ( 0.000000000000000000, 1.000000000000000000, 0.000000000000000000 ) ) ;
#8600 = ADVANCED_FACE ( 'NONE', ( #4644 ), #812, .F. ) ;
#8601 = CARTESIAN_POINT ( 'NONE',  ( -1.624999999999998890, 0.3400000000000000244, 1.124999999999996891 ) ) ;
#8602 = VECTOR ( 'NONE', #10, 1000.000000000000000 ) ;
#8603 = ORIENTED_EDGE ( 'NONE', *, *, #533, .F. ) ;
#8604 = PLANE ( 'NONE',  #987 ) ;
#8605 = VECTOR ( 'NONE', #614, 1000.000000000000000 ) ;
#8606 = AXIS2_PLACEMENT_3D ( 'NONE', #8547, #4631, #6686 ) ;
#8607 = ORIENTED_EDGE ( 'NONE', *, *, #1101, .T. ) ;
#8608 = EDGE_CURVE ( 'NONE', #4842, #1206, #4694, .T. ) ;
#8609 = DIRECTION ( 'NONE',  ( 0.000000000000000000, -0.000000000000000000, 1.000000000000000000 ) ) ;
#8610 = DIRECTION ( 'NONE',  ( -1.000000000000000000, 0.000000000000000000, -2.710505431213764536E-16 ) ) ;
#8611 = ORIENTED_EDGE ( 'NONE', *, *, #1175, .T. ) ;
#8612 = CIRCLE ( 'NONE', #2532, 1.500000000000000000 ) ;
#8613 = DIRECTION ( 'NONE',  ( 0.000000000000000000, 0.000000000000000000, 1.000000000000000000 ) ) ;
#8614 = EDGE_CURVE ( 'NONE', #6757, #809, #1404, .T. ) ;
#8615 = VERTEX_POINT ( 'NONE', #8113 ) ;
#8616 = VECTOR ( 'NONE', #6532, 999.9999999999998863 ) ;
#8617 = ADVANCED_FACE ( 'NONE', ( #4673 ), #8747, .F. ) ;
#8618 = LINE ( 'NONE', #678, #2666 ) ;
#8619 = CARTESIAN_POINT ( 'NONE',  ( -0.9500000000000015099, 0.05000000000000034972, 1.499999999999998890 ) ) ;
#8620 = AXIS2_PLACEMENT_3D ( 'NONE', #2327, #3452, #8368 ) ;
#8621 = AXIS2_PLACEMENT_3D ( 'NONE', #6107, #4340, #1380 ) ;
#8622 = AXIS2_PLACEMENT_3D ( 'NONE', #2122, #3479, #4922 ) ;
#8623 = EDGE_CURVE ( 'NONE', #1521, #3153, #4367, .T. ) ;
#8624 = EDGE_CURVE ( 'NONE', #4980, #3908, #4436, .T. ) ;
#8625 = VERTEX_POINT ( 'NONE', #250 ) ;
#8626 = DIRECTION ( 'NONE',  ( 1.000000000000000000, 0.000000000000000000, -0.000000000000000000 ) ) ;
#8627 = PRESENTATION_STYLE_ASSIGNMENT (( #2562 ) ) ;
#8628 = CARTESIAN_POINT ( 'NONE',  ( 1.610410540878769476E-16, 0.8099999999999999423, 1.314999999999999725 ) ) ;
#8629 = ORIENTED_EDGE ( 'NONE', *, *, #6793, .F. ) ;
#8630 = CARTESIAN_POINT ( 'NONE',  ( -1.500000000000001110, 0.04999999999999991257, -0.4000000000000008549 ) ) ;
#8631 = CIRCLE ( 'NONE', #5129, 0.06999999999999996503 ) ;
#8632 = DIRECTION ( 'NONE',  ( 0.000000000000000000, 0.000000000000000000, -1.000000000000000000 ) ) ;
#8633 = PLANE ( 'NONE',  #7256 ) ;
#8634 = DIRECTION ( 'NONE',  ( -2.344220913482168205E-16, 0.000000000000000000, 1.000000000000000000 ) ) ;
#8635 = LINE ( 'NONE', #4111, #8755 ) ;
#8636 = CARTESIAN_POINT ( 'NONE',  ( -1.444999999999999618, 0.3200000000000000067, 1.199999999999997735 ) ) ;
#8637 = ORIENTED_EDGE ( 'NONE', *, *, #2134, .T. ) ;
#8638 = AXIS2_PLACEMENT_3D ( 'NONE', #2480, #6660, #8814 ) ;
#8639 = CARTESIAN_POINT ( 'NONE',  ( -1.625000000000000222, 0.3400000000000000244, -1.625000000000000000 ) ) ;
#8640 = ORIENTED_EDGE ( 'NONE', *, *, #4454, .F. ) ;
#8641 = LINE ( 'NONE', #1381, #2202 ) ;
#8642 = EDGE_LOOP ( 'NONE', ( #6942, #7592, #218, #3247 ) ) ;
#8643 = LINE ( 'NONE', #683, #2805 ) ;
#8644 = CARTESIAN_POINT ( 'NONE',  ( -1.459999999999999742, 1.609999999999999876, 0.000000000000000000 ) ) ;
#8645 = ORIENTED_EDGE ( 'NONE', *, *, #546, .T. ) ;
#8646 = DIRECTION ( 'NONE',  ( 0.000000000000000000, 0.000000000000000000, -1.000000000000000000 ) ) ;
#8647 = DIRECTION ( 'NONE',  ( 3.516331370223249842E-16, 0.000000000000000000, -1.000000000000000000 ) ) ;
#8648 = DIRECTION ( 'NONE',  ( 0.000000000000000000, 0.000000000000000000, 1.000000000000000000 ) ) ;
#8649 = DIRECTION ( 'NONE',  ( 0.6427876096865369204, 0.000000000000000000, 0.7660444431189800119 ) ) ;
#8650 = CARTESIAN_POINT ( 'NONE',  ( 1.500000000000000000, 0.05000000000000000278, 0.7000000000000003997 ) ) ;
#8651 = ADVANCED_FACE ( 'NONE', ( #7422 ), #3772, .T. ) ;
#8652 = EDGE_LOOP ( 'NONE', ( #6283, #2833, #765, #8945 ) ) ;
#8653 = DIRECTION ( 'NONE',  ( -3.516331370223249842E-16, 0.000000000000000000, 1.000000000000000000 ) ) ;
#8654 = EDGE_CURVE ( 'NONE', #758, #3175, #4409, .T. ) ;
#8655 = UNCERTAINTY_MEASURE_WITH_UNIT (LENGTH_MEASURE( 1.000000000000000082E-05 ), #8460, 'distance_accuracy_value', 'NONE');
#8656 = ORIENTED_EDGE ( 'NONE', *, *, #970, .F. ) ;
#8657 = LINE ( 'NONE', #6845, #2616 ) ;
#8658 = CYLINDRICAL_SURFACE ( 'NONE', #7830, 1.099999999999999867 ) ;
#8659 = VERTEX_POINT ( 'NONE', #6597 ) ;
#8660 = PLANE ( 'NONE',  #8176 ) ;
#8661 = DIRECTION ( 'NONE',  ( -1.000000000000000000, 0.000000000000000000, 0.000000000000000000 ) ) ;
#8662 = VERTEX_POINT ( 'NONE', #2990 ) ;
#8663 = DIRECTION ( 'NONE',  ( 2.710505431213761578E-16, -0.000000000000000000, 1.000000000000000000 ) ) ;
#8664 = DIRECTION ( 'NONE',  ( -8.031127203596333067E-17, -0.000000000000000000, -1.000000000000000000 ) ) ;
#8665 = ADVANCED_FACE ( 'NONE', ( #4273 ), #7156, .T. ) ;
#8666 = LINE ( 'NONE', #8731, #2629 ) ;
#8667 = CARTESIAN_POINT ( 'NONE',  ( -1.534381519444566022, 0.3200000000000000067, 1.124999999999997780 ) ) ;
#8668 = VERTEX_POINT ( 'NONE', #8628 ) ;
#8669 = LINE ( 'NONE', #9097, #5685 ) ;
#8670 = LINE ( 'NONE', #2614, #5703 ) ;
#8671 = PLANE ( 'NONE',  #7099 ) ;
#8672 = LINE ( 'NONE', #1826, #2751 ) ;
#8673 = EDGE_CURVE ( 'NONE', #422, #8584, #4471, .T. ) ;
#8674 = DIRECTION ( 'NONE',  ( -0.000000000000000000, -1.000000000000000000, -0.000000000000000000 ) ) ;
#8675 = ORIENTED_EDGE ( 'NONE', *, *, #4081, .F. ) ;
#8676 = EDGE_CURVE ( 'NONE', #7077, #8524, #7466, .T. ) ;
#8677 = ORIENTED_EDGE ( 'NONE', *, *, #7117, .T. ) ;
#8678 = LINE ( 'NONE', #4317, #8746 ) ;
#8679 = DIRECTION ( 'NONE',  ( 0.000000000000000000, 0.000000000000000000, 1.000000000000000000 ) ) ;
#8680 = ORIENTED_EDGE ( 'NONE', *, *, #8485, .F. ) ;
#8681 = CARTESIAN_POINT ( 'NONE',  ( 1.464381519444564628, 0.3000000000000000444, -1.464381519444566182 ) ) ;
#8682 = CARTESIAN_POINT ( 'NONE',  ( -0.4000000000000007438, 0.05000000000000000278, 0.9500000000000010658 ) ) ;
#8683 = VECTOR ( 'NONE', #3798, 1000.000000000000000 ) ;
#8684 = PLANE ( 'NONE',  #5917 ) ;
#8685 = ADVANCED_FACE ( 'NONE', ( #1431 ), #1866, .T. ) ;
#8686 = DIRECTION ( 'NONE',  ( -2.710505431213761085E-16, -0.000000000000000000, -1.000000000000000000 ) ) ;
#8687 = PLANE ( 'NONE',  #3339 ) ;
#8688 = VERTEX_POINT ( 'NONE', #8242 ) ;
#8689 = DIRECTION ( 'NONE',  ( 1.000000000000000000, -0.000000000000000000, -3.942553354492743038E-16 ) ) ;
#8690 = VERTEX_POINT ( 'NONE', #4144 ) ;
#8691 = DIRECTION ( 'NONE',  ( -0.000000000000000000, -1.000000000000000000, 0.000000000000000000 ) ) ;
#8692 = DIRECTION ( 'NONE',  ( 1.000000000000000000, 0.000000000000000000, -0.000000000000000000 ) ) ;
#8693 = AXIS2_PLACEMENT_3D ( 'NONE', #2695, #2807, #6387 ) ;
#8694 = CLOSED_SHELL ( 'NONE', ( #697, #7585, #7568, #265, #5876, #4158, #7215, #6860, #3395, #4783 ) ) ;
#8695 = EDGE_CURVE ( 'NONE', #3763, #4681, #1451, .T. ) ;
#8696 = EDGE_CURVE ( 'NONE', #2719, #4275, #4798, .T. ) ;
#8697 = VERTEX_POINT ( 'NONE', #2596 ) ;
#8698 = VECTOR ( 'NONE', #7492, 1000.000000000000000 ) ;
#8699 = AXIS2_PLACEMENT_3D ( 'NONE', #5853, #1442, #2213 ) ;
#8700 = LINE ( 'NONE', #2832, #5760 ) ;
#8701 = FACE_OUTER_BOUND ( 'NONE', #7352, .T. ) ;
#8702 = CARTESIAN_POINT ( 'NONE',  ( 0.3999999999999991340, 1.556154042586614050, 0.9500000000000008438 ) ) ;
#8703 = ORIENTED_EDGE ( 'NONE', *, *, #5306, .T. ) ;
#8704 = DIRECTION ( 'NONE',  ( -0.7660444431189809000, 0.000000000000000000, -0.6427876096865359212 ) ) ;
#8705 = DIRECTION ( 'NONE',  ( 0.000000000000000000, 0.000000000000000000, -1.000000000000000000 ) ) ;
#8706 = DIRECTION ( 'NONE',  ( 0.000000000000000000, 1.000000000000000000, 0.000000000000000000 ) ) ;
#8707 = DIRECTION ( 'NONE',  ( 0.000000000000000000, 0.000000000000000000, -1.000000000000000000 ) ) ;
#8708 = DIRECTION ( 'NONE',  ( 1.000000000000000000, 0.000000000000000000, 4.034240641806509359E-15 ) ) ;
#8709 = CARTESIAN_POINT ( 'NONE',  ( -0.3999999999999989675, 4.621194077712559078, -0.9500000000000001776 ) ) ;
#8710 =( NAMED_UNIT ( * ) PLANE_ANGLE_UNIT ( ) SI_UNIT ( $, .RADIAN. ) );
#8711 = ORIENTED_EDGE ( 'NONE', *, *, #5515, .T. ) ;
#8712 = PLANE ( 'NONE',  #319 ) ;
#8713 = AXIS2_PLACEMENT_3D ( 'NONE', #6589, #5244, #4467 ) ;
#8714 = CIRCLE ( 'NONE', #5481, 0.06999999999999996503 ) ;
#8715 = ORIENTED_EDGE ( 'NONE', *, *, #8696, .T. ) ;
#8716 = VECTOR ( 'NONE', #6150, 1000.000000000000000 ) ;
#8717 = LINE ( 'NONE', #1972, #8888 ) ;
#8718 = CARTESIAN_POINT ( 'NONE',  ( 0.9499999999999982903, 4.621194077712559078, -0.6999999999999984013 ) ) ;
#8719 = CARTESIAN_POINT ( 'NONE',  ( -1.523359773658208072, 0.3400000000000000244, -0.4000000000000156763 ) ) ;
#8720 = CIRCLE ( 'NONE', #4222, 1.315000000000000169 ) ;
#8721 = ORIENTED_EDGE ( 'NONE', *, *, #8826, .F. ) ;
#8722 = EDGE_LOOP ( 'NONE', ( #3585, #4904, #5877, #4701 ) ) ;
#8723 = EDGE_CURVE ( 'NONE', #1711, #484, #7802, .T. ) ;
#8724 = CARTESIAN_POINT ( 'NONE',  ( -1.624999999999995559, 0.3400000000000000244, -0.4000000000000168421 ) ) ;
#8725 = ADVANCED_FACE ( 'NONE', ( #8064 ), #2005, .T. ) ;
#8726 = SURFACE_SIDE_STYLE ('',( #1115 ) ) ;
#8727 = ORIENTED_EDGE ( 'NONE', *, *, #1157, .F. ) ;
#8728 = DIRECTION ( 'NONE',  ( -0.000000000000000000, 1.000000000000000000, -0.000000000000000000 ) ) ;
#8729 = PLANE ( 'NONE',  #3078 ) ;
#8730 = VECTOR ( 'NONE', #3110, 1000.000000000000000 ) ;
#8731 = CARTESIAN_POINT ( 'NONE',  ( 1.444999999999999174, 0.3000000000000000444, -1.414999999999999591 ) ) ;
#8732 = AXIS2_PLACEMENT_3D ( 'NONE', #97, #4926, #1476 ) ;
#8733 = ORIENTED_EDGE ( 'NONE', *, *, #1665, .T. ) ;
#8734 = LINE ( 'NONE', #298, #8616 ) ;
#8735 = VECTOR ( 'NONE', #7427, 1000.000000000000000 ) ;
#8736 = CARTESIAN_POINT ( 'NONE',  ( -0.9499999999999995115, 0.02500000000000000139, -0.6999999999999979572 ) ) ;
#8737 = AXIS2_PLACEMENT_3D ( 'NONE', #3793, #4384, #5150 ) ;
#8738 = LINE ( 'NONE', #4531, #5630 ) ;
#8739 = MANIFOLD_SOLID_BREP ( 'Boss-Extrude4[3]', #2606 ) ;
#8740 = DIRECTION ( 'NONE',  ( 0.000000000000000000, 0.000000000000000000, -1.000000000000000000 ) ) ;
#8741 = ORIENTED_EDGE ( 'NONE', *, *, #718, .T. ) ;
#8742 = ORIENTED_EDGE ( 'NONE', *, *, #6362, .F. ) ;
#8743 = ORIENTED_EDGE ( 'NONE', *, *, #4915, .F. ) ;
#8744 = CARTESIAN_POINT ( 'NONE',  ( 1.464381519444564850, -0.2789528969834105254, 1.534381519444567132 ) ) ;
#8745 = ADVANCED_FACE ( 'NONE', ( #4748 ), #7401, .F. ) ;
#8746 = VECTOR ( 'NONE', #7043, 1000.000000000000000 ) ;
#8747 = PLANE ( 'NONE',  #8076 ) ;
#8748 = ORIENTED_EDGE ( 'NONE', *, *, #7170, .T. ) ;
#8749 = DIRECTION ( 'NONE',  ( 2.344220913482167712E-16, -0.000000000000000000, -1.000000000000000000 ) ) ;
#8750 = LINE ( 'NONE', #3696, #2693 ) ;
#8751 = CARTESIAN_POINT ( 'NONE',  ( 1.125000000000000222, -0.2789528969834105254, 1.534381519444567132 ) ) ;
#8752 = LINE ( 'NONE', #118, #5792 ) ;
#8753 = AXIS2_PLACEMENT_3D ( 'NONE', #2931, #6493, #3604 ) ;
#8754 = DIRECTION ( 'NONE',  ( 1.000000000000000000, 0.000000000000000000, -0.000000000000000000 ) ) ;
#8755 = VECTOR ( 'NONE', #3469, 1000.000000000000000 ) ;
#8756 = DIRECTION ( 'NONE',  ( -0.000000000000000000, 1.000000000000000000, -0.000000000000000000 ) ) ;
#8757 = EDGE_CURVE ( 'NONE', #5006, #7326, #1729, .T. ) ;
#8758 = VERTEX_POINT ( 'NONE', #7625 ) ;
#8759 = ORIENTED_EDGE ( 'NONE', *, *, #3144, .T. ) ;
#8760 = CARTESIAN_POINT ( 'NONE',  ( -0.5349999999999999201, 0.05000000000000000278, -0.3100000000000000533 ) ) ;
#8761 = CARTESIAN_POINT ( 'NONE',  ( -1.125000000000001332, 0.3000000000000000444, 1.534381519444565356 ) ) ;
#8762 = ORIENTED_EDGE ( 'NONE', *, *, #6500, .F. ) ;
#8763 = CARTESIAN_POINT ( 'NONE',  ( 0.9499999999999989564, 0.000000000000000000, 1.625000000000000888 ) ) ;
#8764 = VECTOR ( 'NONE', #6902, 1000.000000000000000 ) ;
#8765 = VERTEX_POINT ( 'NONE', #7457 ) ;
#8766 = FACE_OUTER_BOUND ( 'NONE', #8136, .T. ) ;
#8767 = FACE_OUTER_BOUND ( 'NONE', #307, .T. ) ;
#8768 = ADVANCED_FACE ( 'NONE', ( #1914 ), #5501, .F. ) ;
#8769 = FACE_OUTER_BOUND ( 'NONE', #7521, .T. ) ;
#8770 = CARTESIAN_POINT ( 'NONE',  ( -1.335000000000000187, 0.000000000000000000, -1.197500000000000009 ) ) ;
#8771 = CARTESIAN_POINT ( 'NONE',  ( 0.000000000000000000, 0.8500000000000004219, 0.000000000000000000 ) ) ;
#8772 = CARTESIAN_POINT ( 'NONE',  ( 0.3999999999999999667, 0.000000000000000000, -1.499999999999999778 ) ) ;
#8773 = EDGE_LOOP ( 'NONE', ( #8637, #6018, #8518, #3677 ) ) ;
#8774 = EDGE_CURVE ( 'NONE', #2856, #4720, #7932, .T. ) ;
#8775 = ORIENTED_EDGE ( 'NONE', *, *, #8485, .T. ) ;
#8776 = PLANE ( 'NONE',  #5593 ) ;
#8777 = CARTESIAN_POINT ( 'NONE',  ( 0.4000000000000000222, 0.05000000000000000278, -0.9499999999999999556 ) ) ;
#8778 = DIRECTION ( 'NONE',  ( 0.000000000000000000, -1.000000000000000000, 0.000000000000000000 ) ) ;
#8779 = VERTEX_POINT ( 'NONE', #648 ) ;
#8780 = PLANE ( 'NONE',  #236 ) ;
#8781 = VECTOR ( 'NONE', #5748, 1000.000000000000000 ) ;
#8782 = VERTEX_POINT ( 'NONE', #8995 ) ;
#8783 = VECTOR ( 'NONE', #4392, 1000.000000000000000 ) ;
#8784 = DIRECTION ( 'NONE',  ( -0.000000000000000000, 1.000000000000000000, -0.000000000000000000 ) ) ;
#8785 = PLANE ( 'NONE',  #1310 ) ;
#8786 = LINE ( 'NONE', #1218, #2725 ) ;
#8787 = VERTEX_POINT ( 'NONE', #2765 ) ;
#8788 = DIRECTION ( 'NONE',  ( 0.000000000000000000, 0.000000000000000000, 1.000000000000000000 ) ) ;
#8789 = DIRECTION ( 'NONE',  ( -0.000000000000000000, -1.000000000000000000, -0.000000000000000000 ) ) ;
#8790 = EDGE_CURVE ( 'NONE', #8150, #6987, #8096, .T. ) ;
#8791 = ORIENTED_EDGE ( 'NONE', *, *, #4730, .T. ) ;
#8792 = DIRECTION ( 'NONE',  ( 1.000000000000000000, 0.000000000000000000, -8.031127203596331834E-17 ) ) ;
#8793 = EDGE_CURVE ( 'NONE', #5810, #1151, #1662, .T. ) ;
#8794 = DIRECTION ( 'NONE',  ( 0.000000000000000000, -0.000000000000000000, -1.000000000000000000 ) ) ;
#8795 = VECTOR ( 'NONE', #8048, 1000.000000000000000 ) ;
#8796 = AXIS2_PLACEMENT_3D ( 'NONE', #3522, #8561, #3651 ) ;
#8797 = CARTESIAN_POINT ( 'NONE',  ( 1.836970198721029934E-16, 0.000000000000000000, 1.500000000000000000 ) ) ;
#8798 = VERTEX_POINT ( 'NONE', #6230 ) ;
#8799 = COLOUR_RGB ( '',1.000000000000000000, 1.000000000000000000, 1.000000000000000000 ) ;
#8800 = FACE_OUTER_BOUND ( 'NONE', #8350, .T. ) ;
#8801 = CARTESIAN_POINT ( 'NONE',  ( -1.625000000000000222, 0.000000000000000000, 1.625000000000000000 ) ) ;
#8802 = DIRECTION ( 'NONE',  ( 0.000000000000000000, 0.000000000000000000, -1.000000000000000000 ) ) ;
#8803 = VERTEX_POINT ( 'NONE', #8362 ) ;
#8804 = EDGE_LOOP ( 'NONE', ( #4890, #4854, #7461, #5197 ) ) ;
#8805 = DIRECTION ( 'NONE',  ( -0.000000000000000000, -1.000000000000000000, 0.000000000000000000 ) ) ;
#8806 = CARTESIAN_POINT ( 'NONE',  ( -0.3999999999999989675, 0.05000000000000000278, -0.9500000000000001776 ) ) ;
#8807 = LINE ( 'NONE', #8450, #8781 ) ;
#8808 = DIRECTION ( 'NONE',  ( -1.000000000000000000, 0.000000000000000000, 9.856383386231856362E-17 ) ) ;
#8809 = ORIENTED_EDGE ( 'NONE', *, *, #2538, .T. ) ;
#8810 = CIRCLE ( 'NONE', #8412, 0.03000000000000007869 ) ;
#8811 = CARTESIAN_POINT ( 'NONE',  ( -0.3999999999999973022, 0.000000000000000000, 1.500000000000001110 ) ) ;
#8812 = CIRCLE ( 'NONE', #296, 0.03000000000000007869 ) ;
#8813 = CARTESIAN_POINT ( 'NONE',  ( 1.199999999999999956, -0.2789528969834105254, 1.445000000000000728 ) ) ;
#8814 = DIRECTION ( 'NONE',  ( 0.000000000000000000, -0.000000000000000000, -1.000000000000000000 ) ) ;
#8815 = LINE ( 'NONE', #2441, #2605 ) ;
#8816 = AXIS2_PLACEMENT_3D ( 'NONE', #2077, #3070, #1311 ) ;
#8817 = CARTESIAN_POINT ( 'NONE',  ( -1.464381519444566182, 0.3200000000000000067, 1.534381519444565356 ) ) ;
#8818 = EDGE_CURVE ( 'NONE', #4956, #8779, #8040, .T. ) ;
#8819 = VERTEX_POINT ( 'NONE', #1432 ) ;
#8820 = CARTESIAN_POINT ( 'NONE',  ( -0.9499999999999997335, 0.05000000000000000278, -1.499999999999998002 ) ) ;
#8821 = DIRECTION ( 'NONE',  ( -0.000000000000000000, 1.000000000000000000, -0.000000000000000000 ) ) ;
#8822 = ORIENTED_EDGE ( 'NONE', *, *, #3606, .T. ) ;
#8823 = DIRECTION ( 'NONE',  ( 8.031127203596330602E-17, -0.000000000000000000, 1.000000000000000000 ) ) ;
#8824 = ADVANCED_FACE ( 'NONE', ( #1700 ), #58, .F. ) ;
#8825 = VECTOR ( 'NONE', #3031, 1000.000000000000000 ) ;
#8826 = EDGE_CURVE ( 'NONE', #3808, #8866, #1841, .T. ) ;
#8827 = VERTEX_POINT ( 'NONE', #5088 ) ;
#8828 = CYLINDRICAL_SURFACE ( 'NONE', #3015, 0.03000000000000007869 ) ;
#8829 = FACE_OUTER_BOUND ( 'NONE', #828, .T. ) ;
#8830 = VECTOR ( 'NONE', #6622, 1000.000000000000000 ) ;
#8831 = CARTESIAN_POINT ( 'NONE',  ( -1.125000000000001332, 0.2999999999999999889, 1.534381519444565356 ) ) ;
#8832 = CARTESIAN_POINT ( 'NONE',  ( -1.335000000000000187, 0.3200000000000000067, -1.197500000000000009 ) ) ;
#8833 =( NAMED_UNIT ( * ) PLANE_ANGLE_UNIT ( ) SI_UNIT ( $, .RADIAN. ) );
#8834 = CLOSED_SHELL ( 'NONE', ( #6046, #5192, #5989, #8180, #1354, #7348 ) ) ;
#8835 = AXIS2_PLACEMENT_3D ( 'NONE', #3306, #5592, #3990 ) ;
#8836 = ORIENTED_EDGE ( 'NONE', *, *, #6752, .T. ) ;
#8837 = AXIS2_PLACEMENT_3D ( 'NONE', #5412, #3921, #4686 ) ;
#8838 = DIRECTION ( 'NONE',  ( -0.000000000000000000, 1.000000000000000000, -0.000000000000000000 ) ) ;
#8839 = PLANE ( 'NONE',  #4156 ) ;
#8840 = ORIENTED_EDGE ( 'NONE', *, *, #8234, .F. ) ;
#8841 = PLANE ( 'NONE',  #3845 ) ;
#8842 = LINE ( 'NONE', #3742, #2620 ) ;
#8843 = ORIENTED_EDGE ( 'NONE', *, *, #7378, .T. ) ;
#8844 = CYLINDRICAL_SURFACE ( 'NONE', #4958, 0.1375000000000000389 ) ;
#8845 = DIRECTION ( 'NONE',  ( -0.6427876096865371425, 0.000000000000000000, -0.7660444431189800119 ) ) ;
#8846 = EDGE_CURVE ( 'NONE', #8083, #7022, #4815, .T. ) ;
#8847 = ADVANCED_FACE ( 'NONE', ( #5041 ), #217, .T. ) ;
#8848 = CARTESIAN_POINT ( 'NONE',  ( 1.199999999999999956, 0.3200000000000000067, 1.445000000000000728 ) ) ;
#8849 = LINE ( 'NONE', #440, #8830 ) ;
#8850 = AXIS2_PLACEMENT_3D ( 'NONE', #1922, #6919, #4778 ) ;
#8851 = ORIENTED_EDGE ( 'NONE', *, *, #1500, .F. ) ;
#8852 = AXIS2_PLACEMENT_3D ( 'NONE', #8891, #1209, #492 ) ;
#8853 = DIRECTION ( 'NONE',  ( 1.000000000000000000, -0.000000000000000000, -3.942553354492743038E-16 ) ) ;
#8854 = ORIENTED_EDGE ( 'NONE', *, *, #3477, .T. ) ;
#8855 = FILL_AREA_STYLE_COLOUR ( '', #4969 ) ;
#8856 = DIRECTION ( 'NONE',  ( -0.7660444431189800119, -0.000000000000000000, 0.6427876096865369204 ) ) ;
#8857 = FACE_OUTER_BOUND ( 'NONE', #5504, .T. ) ;
#8858 = CARTESIAN_POINT ( 'NONE',  ( 0.3999999999999999667, 0.02499999999999984873, -1.625000000000000000 ) ) ;
#8859 = ORIENTED_EDGE ( 'NONE', *, *, #3059, .T. ) ;
#8860 = LINE ( 'NONE', #8337, #5654 ) ;
#8861 = VECTOR ( 'NONE', #4491, 1000.000000000000000 ) ;
#8862 = CARTESIAN_POINT ( 'NONE',  ( 1.125000000000000222, 0.3000000000000000444, 1.534381519444567132 ) ) ;
#8863 = LINE ( 'NONE', #1092, #8889 ) ;
#8864 = CARTESIAN_POINT ( 'NONE',  ( 0.9499999999999987343, 0.02499999999999984873, 0.6999999999999992895 ) ) ;
#8865 = CARTESIAN_POINT ( 'NONE',  ( -1.500000000000001110, 1.556154042586614050, -0.4000000000000008549 ) ) ;
#8866 = VERTEX_POINT ( 'NONE', #7767 ) ;
#8867 = ORIENTED_EDGE ( 'NONE', *, *, #162, .T. ) ;
#8868 = CARTESIAN_POINT ( 'NONE',  ( 1.624999999999999778, 0.02499999999999984873, 0.4000000000000008549 ) ) ;
#8869 = EDGE_CURVE ( 'NONE', #4328, #746, #1984, .T. ) ;
#8870 = CARTESIAN_POINT ( 'NONE',  ( -1.499999999999999778, 0.000000000000000000, -1.499999999999997780 ) ) ;
#8871 = LINE ( 'NONE', #2306, #5858 ) ;
#8872 = CARTESIAN_POINT ( 'NONE',  ( -0.9500000000000009548, 0.05000000000000000278, -0.4000000000000007994 ) ) ;
#8873 = ORIENTED_EDGE ( 'NONE', *, *, #7415, .T. ) ;
#8874 = LINE ( 'NONE', #4765, #8716 ) ;
#8875 = LINE ( 'NONE', #2678, #5744 ) ;
#8876 = DIRECTION ( 'NONE',  ( 1.000000000000000000, 0.000000000000000000, 9.637352644315586861E-16 ) ) ;
#8877 = FACE_OUTER_BOUND ( 'NONE', #4368, .T. ) ;
#8878 = DIRECTION ( 'NONE',  ( -1.000000000000000000, 0.000000000000000000, 4.015563601798169738E-16 ) ) ;
#8879 = ORIENTED_EDGE ( 'NONE', *, *, #293, .T. ) ;
#8880 = ORIENTED_EDGE ( 'NONE', *, *, #1955, .T. ) ;
#8881 = ADVANCED_FACE ( 'NONE', ( #7986 ), #709, .F. ) ;
#8882 = ORIENTED_EDGE ( 'NONE', *, *, #1137, .F. ) ;
#8883 = CARTESIAN_POINT ( 'NONE',  ( -0.3999999999999973022, 0.000000000000000000, 1.625000000000000888 ) ) ;
#8884 = CIRCLE ( 'NONE', #1672, 0.06999999999999975686 ) ;
#8885 = EDGE_CURVE ( 'NONE', #3536, #5262, #4985, .T. ) ;
#8886 = ORIENTED_EDGE ( 'NONE', *, *, #1150, .T. ) ;
#8887 = VECTOR ( 'NONE', #6319, 1000.000000000000000 ) ;
#8888 = VECTOR ( 'NONE', #7244, 1000.000000000000000 ) ;
#8889 = VECTOR ( 'NONE', #8078, 1000.000000000000000 ) ;
#8890 = CARTESIAN_POINT ( 'NONE',  ( -1.335000000000000187, 0.7289087296526012283, -1.197500000000000009 ) ) ;
#8891 = CARTESIAN_POINT ( 'NONE',  ( 1.818600496733819060E-16, 0.7700000000000000178, 1.484999999999999876 ) ) ;
#8892 = CARTESIAN_POINT ( 'NONE',  ( -0.3999999999999989675, 0.02500000000000000139, -0.9500000000000001776 ) ) ;
#8893 = ORIENTED_EDGE ( 'NONE', *, *, #1462, .T. ) ;
#8894 = DIRECTION ( 'NONE',  ( 8.031127203596333067E-17, 0.000000000000000000, 1.000000000000000000 ) ) ;
#8895 = DIRECTION ( 'NONE',  ( -0.000000000000000000, -1.000000000000000000, -0.000000000000000000 ) ) ;
#8896 = CARTESIAN_POINT ( 'NONE',  ( 0.000000000000000000, 1.569999999999999840, 0.000000000000000000 ) ) ;
#8897 = EDGE_LOOP ( 'NONE', ( #4999, #7942, #4943, #2183, #5837, #4406, #2828, #2171, #7836, #7294, #1345, #1881 ) ) ;
#8898 = CARTESIAN_POINT ( 'NONE',  ( -1.523359773658208072, 0.3200000000000000067, -0.4000000000000156763 ) ) ;
#8899 = ADVANCED_FACE ( 'NONE', ( #1999, #7732 ), #8484, .F. ) ;
#8900 = CYLINDRICAL_SURFACE ( 'NONE', #8837, 0.03000000000000007869 ) ;
#8901 = VERTEX_POINT ( 'NONE', #4261 ) ;
#8902 = LINE ( 'NONE', #1641, #5727 ) ;
#8903 = EDGE_CURVE ( 'NONE', #1786, #4669, #1934, .T. ) ;
#8904 = LINE ( 'NONE', #8777, #8861 ) ;
#8905 = CARTESIAN_POINT ( 'NONE',  ( 0.5349999999999999201, 0.05000000000000000278, -0.5299999999999998046 ) ) ;
#8906 = PLANE ( 'NONE',  #7676 ) ;
#8907 = CARTESIAN_POINT ( 'NONE',  ( -1.624999999999998446, 0.000000000000000000, 0.4000000000000019096 ) ) ;
#8908 = TOROIDAL_SURFACE ( 'NONE', #78, 1.459999999999999964, 0.03999999999999999389 ) ;
#8909 = EDGE_CURVE ( 'NONE', #8996, #6802, #7838, .T. ) ;
#8910 = ORIENTED_EDGE ( 'NONE', *, *, #1032, .F. ) ;
#8911 = FILL_AREA_STYLE_COLOUR ( '', #7254 ) ;
#8912 = VERTEX_POINT ( 'NONE', #2953 ) ;
#8913 = CARTESIAN_POINT ( 'NONE',  ( 0.4000000000000008549, 0.000000000000000000, 1.625000000000000888 ) ) ;
#8914 = DIRECTION ( 'NONE',  ( 0.000000000000000000, -0.000000000000000000, -1.000000000000000000 ) ) ;
#8915 = EDGE_CURVE ( 'NONE', #7447, #1963, #7874, .T. ) ;
#8916 = VECTOR ( 'NONE', #6392, 1000.000000000000000 ) ;
#8917 = AXIS2_PLACEMENT_3D ( 'NONE', #5354, #6683, #1102 ) ;
#8918 = ORIENTED_EDGE ( 'NONE', *, *, #1383, .F. ) ;
#8919 = LINE ( 'NONE', #5493, #8934 ) ;
#8920 = SPHERICAL_SURFACE ( 'NONE', #7095, 1.449999999999999956 ) ;
#8921 = ADVANCED_FACE ( 'NONE', ( #1967, #1747 ), #891, .F. ) ;
#8922 = LINE ( 'NONE', #1000, #2636 ) ;
#8923 = CARTESIAN_POINT ( 'NONE',  ( 1.499999999999999778, 0.000000000000000000, -0.3999999999999999667 ) ) ;
#8924 = EDGE_LOOP ( 'NONE', ( #8247, #5441, #7100, #9020 ) ) ;
#8925 = ORIENTED_EDGE ( 'NONE', *, *, #4730, .F. ) ;
#8926 = EDGE_CURVE ( 'NONE', #3749, #6818, #7763, .T. ) ;
#8927 = ORIENTED_EDGE ( 'NONE', *, *, #1299, .T. ) ;
#8928 = AXIS2_PLACEMENT_3D ( 'NONE', #1702, #2575, #8016 ) ;
#8929 = CARTESIAN_POINT ( 'NONE',  ( 1.414999999999999147, 0.3200000000000000067, 1.415000000000000702 ) ) ;
#8930 = DIRECTION ( 'NONE',  ( -0.000000000000000000, 1.000000000000000000, -0.000000000000000000 ) ) ;
#8931 = CARTESIAN_POINT ( 'NONE',  ( 1.499999999999998224, 1.556154042586614050, -0.6999999999999982903 ) ) ;
#8932 = EDGE_CURVE ( 'NONE', #656, #6123, #1878, .T. ) ;
#8933 = VERTEX_POINT ( 'NONE', #1678 ) ;
#8934 = VECTOR ( 'NONE', #1858, 1000.000000000000000 ) ;
#8935 = CARTESIAN_POINT ( 'NONE',  ( 1.499999999999999778, 0.04999999999999991257, -0.3999999999999999667 ) ) ;
#8936 = VECTOR ( 'NONE', #7065, 1000.000000000000000 ) ;
#8937 = CARTESIAN_POINT ( 'NONE',  ( 0.9499999999999996225, 0.000000000000000000, -0.3999999999999999112 ) ) ;
#8938 =( GEOMETRIC_REPRESENTATION_CONTEXT ( 3 ) GLOBAL_UNCERTAINTY_ASSIGNED_CONTEXT ( ( #404 ) ) GLOBAL_UNIT_ASSIGNED_CONTEXT ( ( #2855, #4297, #800 ) ) REPRESENTATION_CONTEXT ( 'NONE', 'WORKASPACE' ) );
#8939 = LINE ( 'NONE', #859, #2966 ) ;
#8940 =( NAMED_UNIT ( * ) PLANE_ANGLE_UNIT ( ) SI_UNIT ( $, .RADIAN. ) );
#8941 = ORIENTED_EDGE ( 'NONE', *, *, #349, .F. ) ;
#8942 = EDGE_LOOP ( 'NONE', ( #6664, #4560, #3836, #7036 ) ) ;
#8943 = EDGE_CURVE ( 'NONE', #3996, #5293, #4932, .T. ) ;
#8944 = DIRECTION ( 'NONE',  ( 1.000000000000000000, 0.000000000000000000, -3.516331370223249842E-16 ) ) ;
#8945 = ORIENTED_EDGE ( 'NONE', *, *, #6797, .F. ) ;
#8946 = DIRECTION ( 'NONE',  ( -0.000000000000000000, 1.000000000000000000, -0.000000000000000000 ) ) ;
#8947 = MECHANICAL_DESIGN_GEOMETRIC_PRESENTATION_REPRESENTATION (  '', ( #8196 ), #4497 ) ;
#8948 = ORIENTED_EDGE ( 'NONE', *, *, #3600, .T. ) ;
#8949 = VECTOR ( 'NONE', #3154, 1000.000000000000000 ) ;
#8950 = LINE ( 'NONE', #224, #8683 ) ;
#8951 = AXIS2_PLACEMENT_3D ( 'NONE', #5881, #4590, #7217 ) ;
#8952 = EDGE_CURVE ( 'NONE', #7022, #1552, #7951, .T. ) ;
#8953 = EDGE_CURVE ( 'NONE', #9006, #5489, #7890, .T. ) ;
#8954 = LINE ( 'NONE', #8636, #2900 ) ;
#8955 = CARTESIAN_POINT ( 'NONE',  ( -0.4000000000000113465, 0.3200000000000000067, 1.624999999999997558 ) ) ;
#8956 = PLANE ( 'NONE',  #7469 ) ;
#8957 = ORIENTED_EDGE ( 'NONE', *, *, #2747, .T. ) ;
#8958 = DIRECTION ( 'NONE',  ( 0.000000000000000000, 0.000000000000000000, 1.000000000000000000 ) ) ;
#8959 = ORIENTED_EDGE ( 'NONE', *, *, #8826, .T. ) ;
#8960 = DIRECTION ( 'NONE',  ( -0.000000000000000000, 1.000000000000000000, -0.000000000000000000 ) ) ;
#8961 = CARTESIAN_POINT ( 'NONE',  ( -1.624999999999998446, 0.000000000000000000, 0.6999999999999981792 ) ) ;
#8962 = ADVANCED_FACE ( 'NONE', ( #1684 ), #1085, .F. ) ;
#8963 = PLANE ( 'NONE',  #1389 ) ;
#8964 = ORIENTED_EDGE ( 'NONE', *, *, #3841, .F. ) ;
#8965 = CARTESIAN_POINT ( 'NONE',  ( 0.000000000000000000, 0.05000000000000000278, 0.000000000000000000 ) ) ;
#8966 = VERTEX_POINT ( 'NONE', #8137 ) ;
#8967 = CIRCLE ( 'NONE', #3856, 0.06999999999999996503 ) ;
#8968 = VECTOR ( 'NONE', #6676, 1000.000000000000000 ) ;
#8969 = DIRECTION ( 'NONE',  ( -1.000000000000000000, 0.000000000000000000, -3.826595902890018695E-16 ) ) ;
#8970 = DIRECTION ( 'NONE',  ( 0.000000000000000000, -0.000000000000000000, 1.000000000000000000 ) ) ;
#8971 = AXIS2_PLACEMENT_3D ( 'NONE', #1655, #1002, #2418 ) ;
#8972 = CARTESIAN_POINT ( 'NONE',  ( -1.499999999999999556, 0.000000000000000000, -0.6999999999999978462 ) ) ;
#8973 = FACE_OUTER_BOUND ( 'NONE', #6234, .T. ) ;
#8974 = EDGE_CURVE ( 'NONE', #8659, #5964, #1767, .T. ) ;
#8975 = EDGE_LOOP ( 'NONE', ( #4157, #947, #3271, #3285 ) ) ;
#8976 = EDGE_LOOP ( 'NONE', ( #4790, #4651, #2507, #1821, #1477, #7923, #5531, #2711 ) ) ;
#8977 = ORIENTED_EDGE ( 'NONE', *, *, #8155, .T. ) ;
#8978 = EDGE_CURVE ( 'NONE', #2704, #5047, #1716, .T. ) ;
#8979 = DIRECTION ( 'NONE',  ( -1.000000000000000000, -0.000000000000000000, -9.571576710093073577E-15 ) ) ;
#8980 = DIRECTION ( 'NONE',  ( 0.000000000000000000, 1.000000000000000000, 0.000000000000000000 ) ) ;
#8981 = VERTEX_POINT ( 'NONE', #3241 ) ;
#8982 = DIRECTION ( 'NONE',  ( 9.637352644315586861E-16, 0.000000000000000000, -1.000000000000000000 ) ) ;
#8983 = DIRECTION ( 'NONE',  ( 0.000000000000000000, 0.000000000000000000, 1.000000000000000000 ) ) ;
#8984 = DIRECTION ( 'NONE',  ( 1.000000000000000000, 0.000000000000000000, 0.000000000000000000 ) ) ;
#8985 = ADVANCED_FACE ( 'NONE', ( #4835 ), #3912, .F. ) ;
#8986 = ORIENTED_EDGE ( 'NONE', *, *, #7994, .F. ) ;
#8987 = VECTOR ( 'NONE', #8478, 1000.000000000000000 ) ;
#8988 = LINE ( 'NONE', #2382, #8936 ) ;
#8989 = PLANE ( 'NONE',  #435 ) ;
#8990 = ORIENTED_EDGE ( 'NONE', *, *, #846, .F. ) ;
#8991 = EDGE_CURVE ( 'NONE', #654, #73, #7855, .T. ) ;
#8992 = EDGE_LOOP ( 'NONE', ( #6728, #3714, #5960, #3616 ) ) ;
#8993 = AXIS2_PLACEMENT_3D ( 'NONE', #4900, #3414, #6255 ) ;
#8994 = CARTESIAN_POINT ( 'NONE',  ( -0.9500000000000011768, 0.000000000000000000, 0.3999999999999984124 ) ) ;
#8995 = CARTESIAN_POINT ( 'NONE',  ( 1.624999999999999778, 0.02500000000000000139, -0.6999999999999981792 ) ) ;
#8996 = VERTEX_POINT ( 'NONE', #2553 ) ;
#8997 = VECTOR ( 'NONE', #2315, 1000.000000000000000 ) ;
#8998 = CARTESIAN_POINT ( 'NONE',  ( 1.444999999999999174, 0.3200000000000000067, -1.414999999999999591 ) ) ;
#8999 = EDGE_CURVE ( 'NONE', #5052, #6078, #2224, .T. ) ;
#9000 = CARTESIAN_POINT ( 'NONE',  ( 1.199999999999999956, 0.3200000000000000067, 1.445000000000000728 ) ) ;
#9001 = ADVANCED_FACE ( 'NONE', ( #5324 ), #5360, .T. ) ;
#9002 = VECTOR ( 'NONE', #2308, 1000.000000000000000 ) ;
#9003 = DIRECTION ( 'NONE',  ( 0.000000000000000000, -1.000000000000000000, 0.000000000000000000 ) ) ;
#9004 = ORIENTED_EDGE ( 'NONE', *, *, #1399, .T. ) ;
#9005 = DIRECTION ( 'NONE',  ( 2.710505431213761578E-16, -0.000000000000000000, 1.000000000000000000 ) ) ;
#9006 = VERTEX_POINT ( 'NONE', #1018 ) ;
#9007 = EDGE_CURVE ( 'NONE', #475, #5176, #2106, .T. ) ;
#9008 = VERTEX_POINT ( 'NONE', #2729 ) ;
#9009 = CARTESIAN_POINT ( 'NONE',  ( 1.444999999999998286, 0.2999999999999999889, -1.199999999999998623 ) ) ;
#9010 = ORIENTED_EDGE ( 'NONE', *, *, #3502, .T. ) ;
#9011 = DIRECTION ( 'NONE',  ( 0.000000000000000000, -1.000000000000000000, 0.000000000000000000 ) ) ;
#9012 = ORIENTED_EDGE ( 'NONE', *, *, #2756, .T. ) ;
#9013 = LINE ( 'NONE', #8354, #6184 ) ;
#9014 = CIRCLE ( 'NONE', #7861, 1.484999999999999654 ) ;
#9015 = VECTOR ( 'NONE', #756, 1000.000000000000000 ) ;
#9016 = DIRECTION ( 'NONE',  ( 0.000000000000000000, 0.000000000000000000, -1.000000000000000000 ) ) ;
#9017 = CARTESIAN_POINT ( 'NONE',  ( 1.500000000000000000, 0.02500000000000000139, 0.4000000000000008549 ) ) ;
#9018 = VERTEX_POINT ( 'NONE', #7478 ) ;
#9019 = CARTESIAN_POINT ( 'NONE',  ( -0.3999999999999989675, 0.02499999999999984873, -0.9500000000000001776 ) ) ;
#9020 = ORIENTED_EDGE ( 'NONE', *, *, #7608, .T. ) ;
#9021 = DIRECTION ( 'NONE',  ( -0.000000000000000000, 0.000000000000000000, -1.000000000000000000 ) ) ;
#9022 = CARTESIAN_POINT ( 'NONE',  ( 0.000000000000000000, 2.500000000000000444, 0.000000000000000000 ) ) ;
#9023 = CARTESIAN_POINT ( 'NONE',  ( 0.9499999999999989564, 0.000000000000000000, 1.625000000000000888 ) ) ;
#9024 = DIRECTION ( 'NONE',  ( 0.000000000000000000, 1.000000000000000000, 0.000000000000000000 ) ) ;
#9025 = ORIENTED_EDGE ( 'NONE', *, *, #2417, .F. ) ;
#9026 = DIRECTION ( 'NONE',  ( -0.000000000000000000, 1.000000000000000000, 0.000000000000000000 ) ) ;
#9027 = CARTESIAN_POINT ( 'NONE',  ( -0.9499999999999992895, 0.02500000000000000139, 0.4000000000000016320 ) ) ;
#9028 = ORIENTED_EDGE ( 'NONE', *, *, #1665, .F. ) ;
#9029 = LINE ( 'NONE', #1467, #3048 ) ;
#9030 = CIRCLE ( 'NONE', #1277, 0.1375000000000000389 ) ;
#9031 = DIRECTION ( 'NONE',  ( 0.000000000000000000, 1.000000000000000000, 0.000000000000000000 ) ) ;
#9032 = DIRECTION ( 'NONE',  ( 1.000000000000000000, -0.000000000000000000, 0.000000000000000000 ) ) ;
#9033 = LINE ( 'NONE', #7110, #11 ) ;
#9034 = AXIS2_PLACEMENT_3D ( 'NONE', #7844, #7126, #1555 ) ;
#9035 = EDGE_LOOP ( 'NONE', ( #4907, #7057, #1358, #7163, #1025, #1386, #549, #5123 ) ) ;
#9036 = EDGE_CURVE ( 'NONE', #343, #8343, #5292, .T. ) ;
#9037 = ORIENTED_EDGE ( 'NONE', *, *, #1585, .T. ) ;
#9038 = EDGE_CURVE ( 'NONE', #5459, #606, #5240, .T. ) ;
#9039 = AXIS2_PLACEMENT_3D ( 'NONE', #3695, #2195, #7230 ) ;
#9040 = DIRECTION ( 'NONE',  ( 0.000000000000000000, -1.000000000000000000, 0.000000000000000000 ) ) ;
#9041 = AXIS2_PLACEMENT_3D ( 'NONE', #1337, #4166, #8559 ) ;
#9042 = VERTEX_POINT ( 'NONE', #7295 ) ;
#9043 = CARTESIAN_POINT ( 'NONE',  ( 0.000000000000000000, 0.02500000000000000139, 0.000000000000000000 ) ) ;
#9044 =( LENGTH_UNIT ( ) NAMED_UNIT ( * ) SI_UNIT ( .MILLI., .METRE. ) );
#9045 = CARTESIAN_POINT ( 'NONE',  ( 0.9499999999999989564, 4.621194077712559078, 1.625000000000000888 ) ) ;
#9046 = ORIENTED_EDGE ( 'NONE', *, *, #4789, .T. ) ;
#9047 = CIRCLE ( 'NONE', #2903, 1.574999999999999956 ) ;
#9048 = VECTOR ( 'NONE', #8856, 1000.000000000000227 ) ;
#9049 = VECTOR ( 'NONE', #136, 1000.000000000000000 ) ;
#9050 = VERTEX_POINT ( 'NONE', #6832 ) ;
#9051 = CARTESIAN_POINT ( 'NONE',  ( 0.000000000000000000, 0.05000000000000000278, 0.000000000000000000 ) ) ;
#9052 = DIRECTION ( 'NONE',  ( -9.856383386231857595E-17, 0.000000000000000000, 1.000000000000000000 ) ) ;
#9053 = VERTEX_POINT ( 'NONE', #2608 ) ;
#9054 = AXIS2_PLACEMENT_3D ( 'NONE', #5444, #3953, #4200 ) ;
#9055 = EDGE_CURVE ( 'NONE', #8226, #8127, #8319, .T. ) ;
#9056 = EDGE_LOOP ( 'NONE', ( #5273, #1635, #8038, #1640 ) ) ;
#9057 = CARTESIAN_POINT ( 'NONE',  ( -1.499999999999999778, 0.04999999999999991257, -1.499999999999997780 ) ) ;
#9058 = CARTESIAN_POINT ( 'NONE',  ( -1.335000000000000187, 0.3200000000000000067, -1.334999999999999964 ) ) ;
#9059 = ADVANCED_FACE ( 'NONE', ( #5259 ), #5341, .T. ) ;
#9060 = DIRECTION ( 'NONE',  ( -0.000000000000000000, -1.000000000000000000, -0.000000000000000000 ) ) ;
#9061 = ORIENTED_EDGE ( 'NONE', *, *, #2291, .F. ) ;
#9062 = VECTOR ( 'NONE', #1304, 1000.000000000000000 ) ;
#9063 = DIRECTION ( 'NONE',  ( 0.000000000000000000, 0.000000000000000000, -1.000000000000000000 ) ) ;
#9064 = LINE ( 'NONE', #7541, #3149 ) ;
#9065 = EDGE_CURVE ( 'NONE', #8237, #7006, #5178, .T. ) ;
#9066 = DIRECTION ( 'NONE',  ( -2.710505431213764043E-16, 0.000000000000000000, 1.000000000000000000 ) ) ;
#9067 = DIRECTION ( 'NONE',  ( -1.000000000000000000, -0.000000000000000000, -3.200117349718318386E-15 ) ) ;
#9068 = CARTESIAN_POINT ( 'NONE',  ( 0.3999999999999999667, 0.3400000000000000244, -1.523359773658212291 ) ) ;
#9069 = DIRECTION ( 'NONE',  ( 1.000000000000000000, -0.000000000000000000, 2.710505431213764536E-16 ) ) ;
#9070 = ORIENTED_EDGE ( 'NONE', *, *, #5794, .T. ) ;
#9071 = DIRECTION ( 'NONE',  ( 1.000000000000000000, 0.000000000000000000, 0.000000000000000000 ) ) ;
#9072 = VERTEX_POINT ( 'NONE', #3180 ) ;
#9073 = AXIS2_PLACEMENT_3D ( 'NONE', #1194, #1948, #3781 ) ;
#9074 = CARTESIAN_POINT ( 'NONE',  ( -1.500000000000001110, 0.000000000000000000, -0.4000000000000008549 ) ) ;
#9075 = MECHANICAL_DESIGN_GEOMETRIC_PRESENTATION_REPRESENTATION (  '', ( #1193 ), #3239 ) ;
#9076 = EDGE_CURVE ( 'NONE', #8453, #8798, #5164, .T. ) ;
#9077 = ORIENTED_EDGE ( 'NONE', *, *, #6401, .F. ) ;
#9078 = CARTESIAN_POINT ( 'NONE',  ( -1.534381519444566022, -0.2789528969834105254, 1.124999999999997780 ) ) ;
#9079 = DIRECTION ( 'NONE',  ( -1.000000000000000000, 0.000000000000000000, 5.333528916197197309E-16 ) ) ;
#9080 = VERTEX_POINT ( 'NONE', #8955 ) ;
#9081 = VECTOR ( 'NONE', #5718, 1000.000000000000000 ) ;
#9082 = CIRCLE ( 'NONE', #1487, 1.104216149583350903 ) ;
#9083 = ADVANCED_FACE ( 'NONE', ( #5151 ), #7360, .F. ) ;
#9084 = COLOUR_RGB ( '',1.000000000000000000, 0.8117647058823529438, 0.5019607843137254832 ) ;
#9085 = DIRECTION ( 'NONE',  ( 1.000000000000000000, 0.000000000000000000, -2.710505431213767495E-16 ) ) ;
#9086 = ORIENTED_EDGE ( 'NONE', *, *, #6066, .F. ) ;
#9087 = CARTESIAN_POINT ( 'NONE',  ( -0.4000000000000000222, 0.3400000000000000244, -1.625000000000000000 ) ) ;
#9088 = ORIENTED_EDGE ( 'NONE', *, *, #2738, .F. ) ;
#9089 = CARTESIAN_POINT ( 'NONE',  ( -0.5350000000000001421, 0.000000000000000000, 0.5299999999999999156 ) ) ;
#9090 = DIRECTION ( 'NONE',  ( 0.000000000000000000, 0.000000000000000000, 1.000000000000000000 ) ) ;
#9091 = AXIS2_PLACEMENT_3D ( 'NONE', #7972, #3400, #8369 ) ;
#9092 = VERTEX_POINT ( 'NONE', #3294 ) ;
#9093 = CARTESIAN_POINT ( 'NONE',  ( -0.3999999999999973022, 4.621194077712559078, 1.625000000000000888 ) ) ;
#9094 = ORIENTED_EDGE ( 'NONE', *, *, #6460, .T. ) ;
#9095 = VECTOR ( 'NONE', #6167, 1000.000000000000000 ) ;
#9096 = FACE_OUTER_BOUND ( 'NONE', #6482, .T. ) ;
#9097 = CARTESIAN_POINT ( 'NONE',  ( 0.4000000000000008549, 4.621194077712559078, 1.625000000000000888 ) ) ;
#9098 = EDGE_CURVE ( 'NONE', #215, #5432, #8131, .T. ) ;
#9099 = PLANE ( 'NONE',  #3643 ) ;
#9100 = FACE_OUTER_BOUND ( 'NONE', #3867, .T. ) ;
#9101 = ORIENTED_EDGE ( 'NONE', *, *, #684, .T. ) ;
#9102 = ORIENTED_EDGE ( 'NONE', *, *, #626, .F. ) ;
#9103 = CARTESIAN_POINT ( 'NONE',  ( 0.000000000000000000, 0.7700000000000000178, 0.000000000000000000 ) ) ;
#9104 = SURFACE_SIDE_STYLE ('',( #1301 ) ) ;
#9105 = VERTEX_POINT ( 'NONE', #4675 ) ;
#9106 = CARTESIAN_POINT ( 'NONE',  ( -1.625000000000000222, 0.000000000000000000, -1.625000000000000000 ) ) ;
#9107 = CARTESIAN_POINT ( 'NONE',  ( 0.4000000000000000222, 0.05000000000000000278, -0.9499999999999999556 ) ) ;
#9108 = DIRECTION ( 'NONE',  ( 0.000000000000000000, 0.000000000000000000, -1.000000000000000000 ) ) ;
#9109 = VERTEX_POINT ( 'NONE', #1272 ) ;
#9110 = LINE ( 'NONE', #1933, #5936 ) ;
#9111 = CIRCLE ( 'NONE', #2984, 0.06999999999999975686 ) ;
#9112 = VECTOR ( 'NONE', #3113, 1000.000000000000000 ) ;
#9113 = EDGE_CURVE ( 'NONE', #6838, #108, #2032, .T. ) ;
#9114 = ORIENTED_EDGE ( 'NONE', *, *, #735, .F. ) ;
#9115 = DIRECTION ( 'NONE',  ( -3.516331370223249842E-16, 0.000000000000000000, 1.000000000000000000 ) ) ;
#9116 = CARTESIAN_POINT ( 'NONE',  ( 1.499999999999999778, 0.000000000000000000, -0.3999999999999999667 ) ) ;
#9117 = EDGE_LOOP ( 'NONE', ( #32, #1382, #6645, #5144 ) ) ;
#9118 = ADVANCED_FACE ( 'NONE', ( #2071, #8213 ), #5627, .F. ) ;
ENDSEC;
END-ISO-10303-21;
