ISO-10303-21;
HEADER;
FILE_DESCRIPTION (( 'STEP AP214' ),
    '1' );
FILE_NAME ('CT3151V1-0.STEP',
    '2024-03-10T10:29:41',
    ( '' ),
    ( '' ),
    'SwSTEP 2.0',
    'SolidWorks 2022',
    '' );
FILE_SCHEMA (( 'AUTOMOTIVE_DESIGN' ));
ENDSEC;

DATA;
#1 = CARTESIAN_POINT ( 'NONE',  ( 1.199096744784755364, -2.323952679878841021, 3.391840585329950031 ) ) ;
#2 =( LENGTH_UNIT ( ) NAMED_UNIT ( * ) SI_UNIT ( .MILLI., .METRE. ) );
#3 = AXIS2_PLACEMENT_3D ( 'NONE', #5085, #3845, #6557 ) ;
#4 = CARTESIAN_POINT ( 'NONE',  ( -0.8224655529969959744, -2.018450015638579842, 0.7659099622496909898 ) ) ;
#5 = MECHANICAL_DESIGN_GEOMETRIC_PRESENTATION_REPRESENTATION (  '', ( #4411 ), #7259 ) ;
#6 = FILL_AREA_STYLE ('',( #8670 ) ) ;
#7 = EDGE_CURVE ( 'NONE', #6363, #3793, #1484, .T. ) ;
#8 = SURFACE_STYLE_FILL_AREA ( #7612 ) ;
#9 = CARTESIAN_POINT ( 'NONE',  ( -2.992893218813451828, -5.985786437626900103, 23.60000000000000142 ) ) ;
#10 = CARTESIAN_POINT ( 'NONE',  ( -2.585151947782815096, -1.170247710422715803, 0.7456801097386527299 ) ) ;
#11 = MECHANICAL_DESIGN_GEOMETRIC_PRESENTATION_REPRESENTATION (  '', ( #7697 ), #3429 ) ;
#12 = SURFACE_SIDE_STYLE ('',( #2099 ) ) ;
#13 =( LENGTH_UNIT ( ) NAMED_UNIT ( * ) SI_UNIT ( .MILLI., .METRE. ) );
#14 = SURFACE_STYLE_USAGE ( .BOTH. , #6104 ) ;
#15 = CARTESIAN_POINT ( 'NONE',  ( -1.259619253561277352, -2.323555941397941194, 0.7000000000000029532 ) ) ;
#16 = CARTESIAN_POINT ( 'NONE',  ( 1.835778204123057256, 0.9389925683962683234, 2.300975025809567587 ) ) ;
#17 = CARTESIAN_POINT ( 'NONE',  ( 5.924284082913410465, -3.196815547188460727, 19.80000000000000071 ) ) ;
#18 = VECTOR ( 'NONE', #2270, 1000.000000000000000 ) ;
#19 = DIRECTION ( 'NONE',  ( -0.000000000000000000, -0.000000000000000000, -1.000000000000000000 ) ) ;
#20 = CARTESIAN_POINT ( 'NONE',  ( -2.672499999999999876, 0.5849999999999999645, 0.000000000000000000 ) ) ;
#21 = VECTOR ( 'NONE', #4736, 1000.000000000000000 ) ;
#22 = ORIENTED_EDGE ( 'NONE', *, *, #5433, .F. ) ;
#23 = CARTESIAN_POINT ( 'NONE',  ( -4.491228229382040915, 2.724513057591008813, 23.60000000000000142 ) ) ;
#24 = CARTESIAN_POINT ( 'NONE',  ( 2.598098641996669844, -0.8842136900440390468, 0.7666085965432261062 ) ) ;
#25 = CARTESIAN_POINT ( 'NONE',  ( -1.027837230271012370, -5.682842418841038246, 19.79999999999999716 ) ) ;
#26 = CARTESIAN_POINT ( 'NONE',  ( -1.917038065106619893, -0.9590541971901580531, 3.619160446477410531 ) ) ;
#27 = CARTESIAN_POINT ( 'NONE',  ( -4.063860070724764739, 1.646312124713168679, 2.969165229559820318 ) ) ;
#28 = CARTESIAN_POINT ( 'NONE',  ( -1.776330170684852217, -0.9192435726079927205, 3.562213304289150173 ) ) ;
#29 = DIRECTION ( 'NONE',  ( 0.8943526696502267503, -0.4473626071650516067, 0.000000000000000000 ) ) ;
#30 = CARTESIAN_POINT ( 'NONE',  ( -1.789047903714251264, -0.8954612620837183457, 2.879345488163976619 ) ) ;
#31 = CARTESIAN_POINT ( 'NONE',  ( -3.199999999999997069, 3.918869757271526516E-16, 23.39289321881345174 ) ) ;
#32 = PRESENTATION_STYLE_ASSIGNMENT (( #173 ) ) ;
#33 = CARTESIAN_POINT ( 'NONE',  ( 0.3080437541600550277, 2.596349520836069846, 1.944948958572239928 ) ) ;
#34 = ORIENTED_EDGE ( 'NONE', *, *, #7139, .T. ) ;
#35 = LINE ( 'NONE', #2740, #4660 ) ;
#36 = CARTESIAN_POINT ( 'NONE',  ( -1.170161371231875913, 2.659652095168160812, 0.3998325588742357994 ) ) ;
#37 = CARTESIAN_POINT ( 'NONE',  ( -1.733834098658343592, -4.027451935624837276, 2.969165229559819874 ) ) ;
#38 = EDGE_CURVE ( 'NONE', #3070, #8290, #8321, .T. ) ;
#39 = CARTESIAN_POINT ( 'NONE',  ( 2.087499999999999911, -1.204217428382640120, 0.000000000000000000 ) ) ;
#40 = CARTESIAN_POINT ( 'NONE',  ( 2.342331309841372722, -1.171834009462587867, 3.462678160294157426 ) ) ;
#41 = MECHANICAL_DESIGN_GEOMETRIC_PRESENTATION_REPRESENTATION (  '', ( #5863 ), #2585 ) ;
#42 = ORIENTED_EDGE ( 'NONE', *, *, #5563, .F. ) ;
#43 = CARTESIAN_POINT ( 'NONE',  ( 2.155592916961050154, 1.078371416353600010, 3.310941330542839900 ) ) ;
#44 = CARTESIAN_POINT ( 'NONE',  ( 0.5849999999999989653, -2.672499999999999876, 0.1698237983775840176 ) ) ;
#45 =( NAMED_UNIT ( * ) PLANE_ANGLE_UNIT ( ) SI_UNIT ( $, .RADIAN. ) );
#46 = CARTESIAN_POINT ( 'NONE',  ( -1.072500000000000009, -2.087499999999999911, 0.1698237983775840176 ) ) ;
#47 = SURFACE_STYLE_FILL_AREA ( #3973 ) ;
#48 = FILL_AREA_STYLE_COLOUR ( '', #3718 ) ;
#49 = CARTESIAN_POINT ( 'NONE',  ( 1.158914373632059958, -2.075459058228600107, 0.3468825569357579797 ) ) ;
#50 = VERTEX_POINT ( 'NONE', #4877 ) ;
#51 = DIRECTION ( 'NONE',  ( -1.836970198721029934E-16, -1.000000000000000000, 0.000000000000000000 ) ) ;
#52 = CARTESIAN_POINT ( 'NONE',  ( -1.185665528125560586, 2.577289208823731137, 0.7666085965705949912 ) ) ;
#53 = STYLED_ITEM ( 'NONE', ( #1281 ), #7818 ) ;
#54 =( NAMED_UNIT ( * ) PLANE_ANGLE_UNIT ( ) SI_UNIT ( $, .RADIAN. ) );
#55 = CARTESIAN_POINT ( 'NONE',  ( -2.379007748279984735, -1.170819424106439355, 2.517014174121638526 ) ) ;
#56 = CARTESIAN_POINT ( 'NONE',  ( 2.591645262774449066, 1.169926536401987516, 0.7208310951983867287 ) ) ;
#57 = ITEM_DEFINED_TRANSFORMATION ( 'NONE', 'NONE', #141,  #7673 ) ;
#58 = PRESENTATION_STYLE_ASSIGNMENT (( #4200 ) ) ;
#59 = CARTESIAN_POINT ( 'NONE',  ( -0.5849999999999999645, -2.087499999999999911, -2.754830917718800176 ) ) ;
#60 = EDGE_CURVE ( 'NONE', #1237, #4678, #5461, .T. ) ;
#61 = CARTESIAN_POINT ( 'NONE',  ( 2.000000000000000000, 0.000000000000000000, 20.80000000000000426 ) ) ;
#62 = CARTESIAN_POINT ( 'NONE',  ( 0.9326488188956981729, -2.469812925952141747, 0.7000000000000028422 ) ) ;
#63 = CYLINDRICAL_SURFACE ( 'NONE', #2692, 2.000000000000000000 ) ;
#64 = COLOUR_RGB ( '',0.8313725490196077761, 0.8313725490196077761, 0.8313725490196077761 ) ;
#65 = CARTESIAN_POINT ( 'NONE',  ( -2.500764220175895058, -6.242797228731254755, 19.80000000000000071 ) ) ;
#66 =( GEOMETRIC_REPRESENTATION_CONTEXT ( 3 ) GLOBAL_UNCERTAINTY_ASSIGNED_CONTEXT ( ( #3550 ) ) GLOBAL_UNIT_ASSIGNED_CONTEXT ( ( #1144, #786, #4671 ) ) REPRESENTATION_CONTEXT ( 'NONE', 'WORKASPACE' ) );
#67 = CARTESIAN_POINT ( 'NONE',  ( 1.287421630114328197, 1.537206575481262494, 4.062213304289150173 ) ) ;
#68 = PRESENTATION_STYLE_ASSIGNMENT (( #4166 ) ) ;
#69 = CARTESIAN_POINT ( 'NONE',  ( -2.463001231571960048, 0.8962147098007839929, 3.562213304289150173 ) ) ;
#70 = EDGE_LOOP ( 'NONE', ( #5078, #1929, #6316, #7197 ) ) ;
#71 = CARTESIAN_POINT ( 'NONE',  ( -1.773334280988998923, 4.941626806975768282, 23.59999999999999787 ) ) ;
#72 = CARTESIAN_POINT ( 'NONE',  ( 2.659545203544380065, 0.5848728926835909947, 0.3537504162854430145 ) ) ;
#73 = CARTESIAN_POINT ( 'NONE',  ( 1.675361690177920249, -2.007773849016310397, 4.062213304289150173 ) ) ;
#74 = EDGE_CURVE ( 'NONE', #1620, #316, #7330, .T. ) ;
#75 =( GEOMETRIC_REPRESENTATION_CONTEXT ( 3 ) GLOBAL_UNCERTAINTY_ASSIGNED_CONTEXT ( ( #7648 ) ) GLOBAL_UNIT_ASSIGNED_CONTEXT ( ( #3036, #5117, #2946 ) ) REPRESENTATION_CONTEXT ( 'NONE', 'WORKASPACE' ) );
#76 =( NAMED_UNIT ( * ) PLANE_ANGLE_UNIT ( ) SI_UNIT ( $, .RADIAN. ) );
#77 = CYLINDRICAL_SURFACE ( 'NONE', #2155, 4.409532436802679811 ) ;
#78 = B_SPLINE_CURVE_WITH_KNOTS ( 'NONE', 3,
 ( #2103, #4781, #6954, #847 ),
 .UNSPECIFIED., .F., .F.,
 ( 4, 4 ),
 ( 5.691438821735343045E-05, 1.000000000000000000 ),
 .UNSPECIFIED. ) ;
#79 = CARTESIAN_POINT ( 'NONE',  ( 5.775000000000000355, 11.54999999999999893, 19.79999999999999716 ) ) ;
#80 = CARTESIAN_POINT ( 'NONE',  ( 3.199999999999996181, 6.399999999999991473, 23.39289321881345174 ) ) ;
#81 = CARTESIAN_POINT ( 'NONE',  ( 2.338649169642695647, -1.169992171010515669, 3.462676777723452837 ) ) ;
#82 = CARTESIAN_POINT ( 'NONE',  ( 4.399177097743352860, -1.077487630326748272E-15, 2.969165229559819874 ) ) ;
#83 = UNCERTAINTY_MEASURE_WITH_UNIT (LENGTH_MEASURE( 1.000000000000000082E-05 ), #4072, 'distance_accuracy_value', 'NONE');
#84 = CARTESIAN_POINT ( 'NONE',  ( 1.178069201988459991, 2.672499999999999876, 0.000000000000000000 ) ) ;
#85 = ORIENTED_EDGE ( 'NONE', *, *, #7013, .T. ) ;
#86 = CARTESIAN_POINT ( 'NONE',  ( 5.760355339059326063, -11.52071067811865568, 19.79999999999999361 ) ) ;
#87 = CARTESIAN_POINT ( 'NONE',  ( 0.8965444755005487210, 1.788759591683127148, 3.043410604574107836 ) ) ;
#88 = FILL_AREA_STYLE ('',( #3056 ) ) ;
#89 = CARTESIAN_POINT ( 'NONE',  ( 2.346437997359607230, -1.171811464087968657, 3.047417718868970393 ) ) ;
#90 = ORIENTED_EDGE ( 'NONE', *, *, #60, .T. ) ;
#91 = CARTESIAN_POINT ( 'NONE',  ( 2.017997300656119819, 1.013759972745710058, 2.338048660644640453 ) ) ;
#92 = CARTESIAN_POINT ( 'NONE',  ( 1.084567946464090049, -2.447858486740929873, 1.944948958572229936 ) ) ;
#93 = CARTESIAN_POINT ( 'NONE',  ( -5.749999999999998224, 7.041719095097278907E-16, 23.10000000000000142 ) ) ;
#94 = CARTESIAN_POINT ( 'NONE',  ( -0.4607690719793500200, -1.950811633107059961, 3.562213304289150173 ) ) ;
#95 = SURFACE_SIDE_STYLE ('',( #6191 ) ) ;
#96 = CARTESIAN_POINT ( 'NONE',  ( 3.225000000000000089, 6.449999999999999289, 2.969165229559819874 ) ) ;
#97 = CARTESIAN_POINT ( 'NONE',  ( 1.103779425705339934, -2.244855654097849929, 1.845846508931259899 ) ) ;
#98 = EDGE_LOOP ( 'NONE', ( #6208, #6996, #5818, #6461 ) ) ;
#99 = FILL_AREA_STYLE_COLOUR ( '', #3259 ) ;
#100 = CARTESIAN_POINT ( 'NONE',  ( 1.437780815204060092, 1.390246858450379985, 4.062213304289150173 ) ) ;
#101 = CARTESIAN_POINT ( 'NONE',  ( 2.379999999999999893, 0.5849999999999999645, -2.754830917718800176 ) ) ;
#102 = CARTESIAN_POINT ( 'NONE',  ( -1.075113707106909899, -1.858984235620829928, 3.932358714086509721 ) ) ;
#103 = LINE ( 'NONE', #2151, #3023 ) ;
#104 = CARTESIAN_POINT ( 'NONE',  ( 0.8344175997404573719, -2.505308810880293446, 0.7000000000000031752 ) ) ;
#105 = CARTESIAN_POINT ( 'NONE',  ( -2.392446040477067992, 1.117922355261895095, 0.7000000000000029532 ) ) ;
#106 = CARTESIAN_POINT ( 'NONE',  ( 6.621938365669311821, 1.173108207987722418, 19.79999999999999716 ) ) ;
#107 =( GEOMETRIC_REPRESENTATION_CONTEXT ( 3 ) GLOBAL_UNCERTAINTY_ASSIGNED_CONTEXT ( ( #1653 ) ) GLOBAL_UNIT_ASSIGNED_CONTEXT ( ( #7743, #6358, #7024 ) ) REPRESENTATION_CONTEXT ( 'NONE', 'WORKASPACE' ) );
#108 = CARTESIAN_POINT ( 'NONE',  ( 4.616639217989238375, 0.000000000000000000, 23.59999999999999787 ) ) ;
#109 = CARTESIAN_POINT ( 'NONE',  ( -2.658153793243560159, 1.186003985298088814, 0.3537504162900821925 ) ) ;
#110 = ORIENTED_EDGE ( 'NONE', *, *, #2352, .T. ) ;
#111 = CARTESIAN_POINT ( 'NONE',  ( -1.177597738859649690, -2.334793036314197323, 3.562189872769800036 ) ) ;
#112 = CARTESIAN_POINT ( 'NONE',  ( 2.596349520828650004, -0.3080437541681210756, 1.944948958557380037 ) ) ;
#113 =( NAMED_UNIT ( * ) PLANE_ANGLE_UNIT ( ) SI_UNIT ( $, .RADIAN. ) );
#114 = CARTESIAN_POINT ( 'NONE',  ( -2.127825394168580075, 1.064579177979189994, 3.619421180777630198 ) ) ;
#115 = VECTOR ( 'NONE', #2833, 1000.000000000000000 ) ;
#116 = CARTESIAN_POINT ( 'NONE',  ( -1.508087747605530105, -1.249691179614720093, 4.062213304289150173 ) ) ;
#117 = CARTESIAN_POINT ( 'NONE',  ( -1.579521318245254102, 4.090301668379178857, 2.969165229559820762 ) ) ;
#118 = CARTESIAN_POINT ( 'NONE',  ( -1.779174261519441469, -0.9136180218466145586, 3.562213304289150173 ) ) ;
#119 = ADVANCED_FACE ( 'NONE', ( #5416 ), #4129, .T. ) ;
#120 = CARTESIAN_POINT ( 'NONE',  ( -1.064544726869470104, 2.127842627326760105, 3.462367349422939888 ) ) ;
#121 = CARTESIAN_POINT ( 'NONE',  ( -2.700000000000000178, 5.400000000000000355, 23.60000000000000142 ) ) ;
#122 =( GEOMETRIC_REPRESENTATION_CONTEXT ( 3 ) GLOBAL_UNCERTAINTY_ASSIGNED_CONTEXT ( ( #4269 ) ) GLOBAL_UNIT_ASSIGNED_CONTEXT ( ( #1779, #1116, #3800 ) ) REPRESENTATION_CONTEXT ( 'NONE', 'WORKASPACE' ) );
#123 = CARTESIAN_POINT ( 'NONE',  ( -2.323791666878766371, 1.199406083372610343, 3.702438730155731772 ) ) ;
#124 =( NAMED_UNIT ( * ) SI_UNIT ( $, .STERADIAN. ) SOLID_ANGLE_UNIT ( ) );
#125 = VERTEX_POINT ( 'NONE', #3543 ) ;
#126 = COLOUR_RGB ( '',0.8313725490196077761, 0.8313725490196077761, 0.8313725490196077761 ) ;
#127 = CARTESIAN_POINT ( 'NONE',  ( 1.169999999999999929, 2.085530499999999954, 0.000000000000000000 ) ) ;
#128 = CARTESIAN_POINT ( 'NONE',  ( 1.125034530033105939, 2.038531139251416047, 0.5781488076033068912 ) ) ;
#129 = EDGE_CURVE ( 'NONE', #6240, #1769, #301, .T. ) ;
#130 = CARTESIAN_POINT ( 'NONE',  ( -2.672499999999999876, 1.169999999999999929, 0.000000000000000000 ) ) ;
#131 = PRESENTATION_LAYER_ASSIGNMENT (  '', '', ( #531 ) ) ;
#132 = CARTESIAN_POINT ( 'NONE',  ( 2.001403907835545226, -1.124035698171742759, 0.7659099622468792390 ) ) ;
#133 = CARTESIAN_POINT ( 'NONE',  ( 2.391805496427774180, -1.171562400272543103, 2.338873234254410516 ) ) ;
#134 = CIRCLE ( 'NONE', #5385, 0.02499999999999984873 ) ;
#135 = ORIENTED_EDGE ( 'NONE', *, *, #5161, .F. ) ;
#136 = CARTESIAN_POINT ( 'NONE',  ( 1.972259300002120019, 0.9867428327071949834, 3.310770845962990094 ) ) ;
#137 = CARTESIAN_POINT ( 'NONE',  ( 1.184375433284021506, -2.330545668312466123, 3.023199761058580126 ) ) ;
#138 = PRESENTATION_STYLE_ASSIGNMENT (( #229 ) ) ;
#139 = CARTESIAN_POINT ( 'NONE',  ( 2.156971514287269838E-15, -2.039086542901889842, 0.7659099622496909898 ) ) ;
#140 = CARTESIAN_POINT ( 'NONE',  ( -2.672499999999999876, -1.170000000000000151, 0.07281119456361961895 ) ) ;
#141 = AXIS2_PLACEMENT_3D ( 'NONE', #6057, #6641, #8783 ) ;
#142 = EDGE_LOOP ( 'NONE', ( #6551, #7757, #5920, #1446 ) ) ;
#143 = SURFACE_STYLE_USAGE ( .BOTH. , #2002 ) ;
#144 = PRESENTATION_STYLE_ASSIGNMENT (( #3034 ) ) ;
#145 = PRESENTATION_LAYER_ASSIGNMENT (  '', '', ( #3986 ) ) ;
#146 = DIRECTION ( 'NONE',  ( 0.000000000000000000, 0.000000000000000000, 1.000000000000000000 ) ) ;
#147 = DIRECTION ( 'NONE',  ( 0.000000000000000000, 0.000000000000000000, 1.000000000000000000 ) ) ;
#148 = CARTESIAN_POINT ( 'NONE',  ( 0.8973600720456441637, 1.787387131966390097, 3.562213309405399819 ) ) ;
#149 = PRESENTATION_STYLE_ASSIGNMENT (( #3001 ) ) ;
#150 = CARTESIAN_POINT ( 'NONE',  ( -1.857536820425676583, 0.9763437568710088277, 1.943675179718990176 ) ) ;
#151 = CARTESIAN_POINT ( 'NONE',  ( 1.784988274971955891, -0.8930462310545883575, 3.462470102094563185 ) ) ;
#152 = CARTESIAN_POINT ( 'NONE',  ( -2.678587004907275748, 1.169999999999999929, 0.1648747531013440015 ) ) ;
#153 = SURFACE_STYLE_USAGE ( .BOTH. , #5667 ) ;
#154 = CARTESIAN_POINT ( 'NONE',  ( -2.639955567827029448, 1.077671045343536772E-16, 0.7000000000000030642 ) ) ;
#155 = COLOUR_RGB ( '',0.8313725490196077761, 0.8313725490196077761, 0.8313725490196077761 ) ;
#156 =( BOUNDED_SURFACE ( )  B_SPLINE_SURFACE ( 3, 3, ( 
 ( #3945, #1365, #6808, #5933 ),
 ( #5233, #421, #4484, #2427 ),
 ( #3151, #7998, #8589, #5278 ),
 ( #7192, #5435, #1208, #2477 ) ),
 .UNSPECIFIED., .F., .F., .F. ) 
 B_SPLINE_SURFACE_WITH_KNOTS ( ( 4, 4 ),
 ( 4, 4 ),
 ( 0.000000000000000000, 1.000000000000000000 ),
 ( 0.000000000000000000, 1.000000000000000000 ),
 .UNSPECIFIED. ) 
 GEOMETRIC_REPRESENTATION_ITEM ( )  RATIONAL_B_SPLINE_SURFACE ( (
 ( 1.000000000000000000, 0.3333333333333334259, 0.3333333333333334259, 1.000000000000000000),
 ( 0.8047378541243690453, 0.2682459513747897373, 0.2682459513747897373, 0.8047378541243690453),
 ( 0.8047378541243690453, 0.2682459513747897373, 0.2682459513747897373, 0.8047378541243690453),
 ( 1.000000000000000000, 0.3333333333333334259, 0.3333333333333334259, 1.000000000000000000) ) ) 
 REPRESENTATION_ITEM ( '' )  SURFACE ( )  );
#157 = EDGE_CURVE ( 'NONE', #8461, #5601, #2428, .T. ) ;
#158 = CARTESIAN_POINT ( 'NONE',  ( 6.384502174151886145, 2.117786523442911850, 19.79999999999999716 ) ) ;
#159 = VECTOR ( 'NONE', #6431, 1000.000000000000000 ) ;
#160 = SURFACE_SIDE_STYLE ('',( #2156 ) ) ;
#161 = CARTESIAN_POINT ( 'NONE',  ( -1.700352948786929953E-16, -2.379999999999999893, 0.000000000000000000 ) ) ;
#162 = FILL_AREA_STYLE ('',( #6253 ) ) ;
#163 = CARTESIAN_POINT ( 'NONE',  ( -1.160924011408709378, -2.077812916701604617, 0.2900325085271307501 ) ) ;
#164 = FACE_OUTER_BOUND ( 'NONE', #3306, .T. ) ;
#165 = CARTESIAN_POINT ( 'NONE',  ( 2.614955567827029981, 0.000000000000000000, 11.28110665214460084 ) ) ;
#166 = EDGE_CURVE ( 'NONE', #7913, #6110, #2775, .T. ) ;
#167 = VECTOR ( 'NONE', #3788, 1000.000000000000000 ) ;
#168 = CARTESIAN_POINT ( 'NONE',  ( -0.8061492155522357317, 3.149454923662374561, 2.969165229559819874 ) ) ;
#169 =( NAMED_UNIT ( * ) SI_UNIT ( $, .STERADIAN. ) SOLID_ANGLE_UNIT ( ) );
#170 = CARTESIAN_POINT ( 'NONE',  ( -2.074624930486731245, -1.192327132603534956, 0.3536250458933549723 ) ) ;
#171 = CARTESIAN_POINT ( 'NONE',  ( 2.992893218813450940, 0.000000000000000000, 23.60000000000000142 ) ) ;
#172 = FILL_AREA_STYLE_COLOUR ( '', #1239 ) ;
#173 = SURFACE_STYLE_USAGE ( .BOTH. , #2834 ) ;
#174 = UNCERTAINTY_MEASURE_WITH_UNIT (LENGTH_MEASURE( 1.000000000000000082E-05 ), #2714, 'distance_accuracy_value', 'NONE');
#175 = EDGE_LOOP ( 'NONE', ( #5631, #7129, #629, #3533 ) ) ;
#176 = CARTESIAN_POINT ( 'NONE',  ( 1.370147777942032130, -5.073099576310114323, 23.59999999999999787 ) ) ;
#177 = CARTESIAN_POINT ( 'NONE',  ( 1.159621552603439909, 2.264930063539860150, 0.3997352181732399812 ) ) ;
#178 = ADVANCED_FACE ( 'NONE', ( #1570 ), #862, .T. ) ;
#179 = EDGE_CURVE ( 'NONE', #1345, #5358, #4649, .T. ) ;
#180 = CARTESIAN_POINT ( 'NONE',  ( 2.499999999999999556, -0.1588637460822528991, 23.60000000000000497 ) ) ;
#181 = EDGE_CURVE ( 'NONE', #1766, #125, #5056, .T. ) ;
#182 = CARTESIAN_POINT ( 'NONE',  ( 1.784227935232250095, -0.9015118800063139926, 3.022064739156450131 ) ) ;
#183 = UNCERTAINTY_MEASURE_WITH_UNIT (LENGTH_MEASURE( 1.000000000000000082E-05 ), #6987, 'distance_accuracy_value', 'NONE');
#184 = VERTEX_POINT ( 'NONE', #2558 ) ;
#185 = PLANE ( 'NONE',  #1196 ) ;
#186 = CARTESIAN_POINT ( 'NONE',  ( -1.184447387465491497, -2.330509247143240703, 3.023199761058580126 ) ) ;
#187 = FILL_AREA_STYLE_COLOUR ( '', #5474 ) ;
#188 = CARTESIAN_POINT ( 'NONE',  ( 1.072500000000000009, -2.087499999999999911, 0.1698237983775840176 ) ) ;
#189 = MECHANICAL_DESIGN_GEOMETRIC_PRESENTATION_REPRESENTATION (  '', ( #6297 ), #4022 ) ;
#190 =( NAMED_UNIT ( * ) SI_UNIT ( $, .STERADIAN. ) SOLID_ANGLE_UNIT ( ) );
#191 = CARTESIAN_POINT ( 'NONE',  ( 1.162609582421380017, -2.269988574898650135, 0.3469145070537010267 ) ) ;
#192 = B_SPLINE_CURVE_WITH_KNOTS ( 'NONE', 3,
 ( #2716, #1428, #4161, #5538 ),
 .UNSPECIFIED., .F., .F.,
 ( 4, 4 ),
 ( 0.000000000000000000, 1.000000000000000000 ),
 .UNSPECIFIED. ) ;
#193 = ORIENTED_EDGE ( 'NONE', *, *, #5386, .F. ) ;
#194 = AXIS2_PLACEMENT_3D ( 'NONE', #6296, #5716, #5046 ) ;
#195 = CARTESIAN_POINT ( 'NONE',  ( -0.5849999999999999645, 2.087499999999999911, -1.709999999999999964 ) ) ;
#196 = CARTESIAN_POINT ( 'NONE',  ( 1.049485624151990093, 1.945455380350740171, 1.127511258060150068 ) ) ;
#197 =( NAMED_UNIT ( * ) SI_UNIT ( $, .STERADIAN. ) SOLID_ANGLE_UNIT ( ) );
#198 = CARTESIAN_POINT ( 'NONE',  ( -2.087499999999999911, 1.188477166348028913, 0.000000000000000000 ) ) ;
#199 = CARTESIAN_POINT ( 'NONE',  ( -2.423027374707345860, 0.9150045379980394911, 18.49999999999999645 ) ) ;
#200 = FILL_AREA_STYLE_COLOUR ( '', #818 ) ;
#201 = CARTESIAN_POINT ( 'NONE',  ( -2.087499999999999911, -3.048214766082917412E-07, 0.000000000000000000 ) ) ;
#202 = CARTESIAN_POINT ( 'NONE',  ( -4.349385432184958766, 1.775486982594478651E-16, 0.7000000000000030642 ) ) ;
#203 = EDGE_LOOP ( 'NONE', ( #2882, #8593, #2573, #7115, #1758, #341 ) ) ;
#204 = CARTESIAN_POINT ( 'NONE',  ( 2.331199845519796643, -1.184723249679666912, 3.391840585329950031 ) ) ;
#205 = ADVANCED_FACE ( 'NONE', ( #7860 ), #494, .T. ) ;
#206 = CARTESIAN_POINT ( 'NONE',  ( 2.672499999999999876, -6.131922949188075648E-07, 0.000000000000000000 ) ) ;
#207 = CARTESIAN_POINT ( 'NONE',  ( 3.225000000000000533, 0.000000000000000000, 2.969165229559820318 ) ) ;
#208 = CARTESIAN_POINT ( 'NONE',  ( -5.250000000000000888, 10.50000000000000178, 23.60000000000000142 ) ) ;
#209 = CARTESIAN_POINT ( 'NONE',  ( 2.379999999999999893, -3.157682639772280494E-16, 0.000000000000000000 ) ) ;
#210 = DIRECTION ( 'NONE',  ( 1.000000000000000000, 0.000000000000000000, 0.000000000000000000 ) ) ;
#211 = CARTESIAN_POINT ( 'NONE',  ( -2.989132573881602362, -1.210925853620158144, 2.969165229559820762 ) ) ;
#212 = CARTESIAN_POINT ( 'NONE',  ( 2.018450015638610040, 0.8224655529970350543, 0.7659099622468721336 ) ) ;
#213 = CARTESIAN_POINT ( 'NONE',  ( -1.709419751725309133, 2.068842596427933778, 4.062213304289150173 ) ) ;
#214 = CARTESIAN_POINT ( 'NONE',  ( -1.079426795601579947, -2.159300647034990028, 3.047097973953280192 ) ) ;
#215 = CARTESIAN_POINT ( 'NONE',  ( 2.024999999999999911, -4.049999999999998934, 18.49999999999999645 ) ) ;
#216 = CARTESIAN_POINT ( 'NONE',  ( 0.8932633516711335764, -1.785222343980619852, 3.310596917594847088 ) ) ;
#217 = ORIENTED_EDGE ( 'NONE', *, *, #4146, .T. ) ;
#218 = CARTESIAN_POINT ( 'NONE',  ( 4.293151949263160461, -3.023181031090396598, 23.60000000000000497 ) ) ;
#219 = STYLED_ITEM ( 'NONE', ( #1851 ), #2933 ) ;
#220 = CARTESIAN_POINT ( 'NONE',  ( 2.672499999999999876, 1.201629900763106384, 0.000000000000000000 ) ) ;
#221 = CARTESIAN_POINT ( 'NONE',  ( 2.372467031226680234, -0.7902395866343465691, 23.60000000000001208 ) ) ;
#222 = VECTOR ( 'NONE', #4563, 1000.000000000000227 ) ;
#223 = CARTESIAN_POINT ( 'NONE',  ( 1.821769494614520202, -0.8268570946498450258, 3.022064739156450131 ) ) ;
#224 = CARTESIAN_POINT ( 'NONE',  ( -2.074693033260980091, 1.161716425470489922, 0.3536250458933549723 ) ) ;
#225 = VERTEX_POINT ( 'NONE', #578 ) ;
#226 = ORIENTED_EDGE ( 'NONE', *, *, #489, .F. ) ;
#227 = CARTESIAN_POINT ( 'NONE',  ( 1.504132083846002832, 1.644386058079073898, 4.062213407881844596 ) ) ;
#228 = CARTESIAN_POINT ( 'NONE',  ( -0.2924999999999999822, -2.672499999999999876, 0.000000000000000000 ) ) ;
#229 = SURFACE_STYLE_USAGE ( .BOTH. , #6989 ) ;
#230 = CARTESIAN_POINT ( 'NONE',  ( 1.002665495022019959, -2.008786900360310046, 0.7659099622496919890 ) ) ;
#231 = DIRECTION ( 'NONE',  ( -1.000000000000000000, 0.000000000000000000, -0.000000000000000000 ) ) ;
#232 =( GEOMETRIC_REPRESENTATION_CONTEXT ( 3 ) GLOBAL_UNCERTAINTY_ASSIGNED_CONTEXT ( ( #7293 ) ) GLOBAL_UNIT_ASSIGNED_CONTEXT ( ( #8366, #7017, #3632 ) ) REPRESENTATION_CONTEXT ( 'NONE', 'WORKASPACE' ) );
#233 = CARTESIAN_POINT ( 'NONE',  ( 1.169999999999999929, -2.672499999999999876, 0.1648747531013509959 ) ) ;
#234 = EDGE_CURVE ( 'NONE', #6665, #2111, #3685, .T. ) ;
#235 = ORIENTED_EDGE ( 'NONE', *, *, #3694, .T. ) ;
#236 =( NAMED_UNIT ( * ) SI_UNIT ( $, .STERADIAN. ) SOLID_ANGLE_UNIT ( ) );
#237 = CARTESIAN_POINT ( 'NONE',  ( 2.127842627326749891, 1.064544726869459890, 3.462367349422950102 ) ) ;
#238 = CARTESIAN_POINT ( 'NONE',  ( 2.614955567827029981, 0.000000000000000000, 18.48964466094067305 ) ) ;
#239 = CARTESIAN_POINT ( 'NONE',  ( 0.5849999999999999645, 2.087499999999999911, 0.1698237986199239991 ) ) ;
#240 = CARTESIAN_POINT ( 'NONE',  ( 1.675361690177920249, -2.007773849016310397, 4.062213304289150173 ) ) ;
#241 = DIRECTION ( 'NONE',  ( 1.000000000000000000, 0.000000000000000000, -0.000000000000000000 ) ) ;
#242 = CARTESIAN_POINT ( 'NONE',  ( 4.409532436802690469, -8.819064873605382715, 23.39289321881345174 ) ) ;
#243 = CARTESIAN_POINT ( 'NONE',  ( 0.6599696554383207570, 2.578102798939389650, 0.7000000000000029532 ) ) ;
#244 = CARTESIAN_POINT ( 'NONE',  ( -1.686932225344832004, 5.528720907680331642, 19.80000000000000071 ) ) ;
#245 = CARTESIAN_POINT ( 'NONE',  ( 0.000000000000000000, 0.000000000000000000, 4.062213304289150173 ) ) ;
#246 = CARTESIAN_POINT ( 'NONE',  ( 1.264297182485136783, -2.291611718803023390, 3.831128937140858781 ) ) ;
#247 =( LENGTH_UNIT ( ) NAMED_UNIT ( * ) SI_UNIT ( .MILLI., .METRE. ) );
#248 = CARTESIAN_POINT ( 'NONE',  ( -6.724999999999999645, 8.235749724265949955E-16, 10.25306961402259986 ) ) ;
#249 =( LENGTH_UNIT ( ) NAMED_UNIT ( * ) SI_UNIT ( .MILLI., .METRE. ) );
#250 = FILL_AREA_STYLE_COLOUR ( '', #1156 ) ;
#251 = CARTESIAN_POINT ( 'NONE',  ( 6.750000000000000000, 0.000000000000000000, 15.02500000000000036 ) ) ;
#252 = CARTESIAN_POINT ( 'NONE',  ( 2.002736125954560187, 1.102282459347939891, 0.7659099622468721336 ) ) ;
#253 = PRESENTATION_LAYER_ASSIGNMENT (  '', '', ( #5652 ) ) ;
#254 = UNCERTAINTY_MEASURE_WITH_UNIT (LENGTH_MEASURE( 1.000000000000000082E-05 ), #561, 'distance_accuracy_value', 'NONE');
#255 = CARTESIAN_POINT ( 'NONE',  ( -1.170781200136271627, -2.389954960805142026, 2.338869152206840329 ) ) ;
#256 = DIRECTION ( 'NONE',  ( 1.000000000000000000, 0.000000000000000000, 0.000000000000000000 ) ) ;
#257 = ORIENTED_EDGE ( 'NONE', *, *, #7514, .T. ) ;
#258 = CARTESIAN_POINT ( 'NONE',  ( -2.014791704840952047, -4.848201783944447563, 23.60000000000000142 ) ) ;
#259 = CARTESIAN_POINT ( 'NONE',  ( 1.784801668654916851, -0.9024884340601719845, 3.562183374261257196 ) ) ;
#260 = CARTESIAN_POINT ( 'NONE',  ( -1.859341233782940028, 0.9703088476355850034, 1.943675179718990176 ) ) ;
#261 = VERTEX_POINT ( 'NONE', #3446 ) ;
#262 = VECTOR ( 'NONE', #3093, 1000.000000000000000 ) ;
#263 = COLOUR_RGB ( '',0.8313725490196077761, 0.8313725490196077761, 0.8313725490196077761 ) ;
#264 = ORIENTED_EDGE ( 'NONE', *, *, #417, .F. ) ;
#265 = CARTESIAN_POINT ( 'NONE',  ( 1.715036371804447235, 2.066033116580301421, 4.062213304289159943 ) ) ;
#266 = CARTESIAN_POINT ( 'NONE',  ( -1.177428062464560110, -2.334878108681690101, 3.391840585329950031 ) ) ;
#267 =( GEOMETRIC_REPRESENTATION_CONTEXT ( 3 ) GLOBAL_UNCERTAINTY_ASSIGNED_CONTEXT ( ( #5510 ) ) GLOBAL_UNIT_ASSIGNED_CONTEXT ( ( #7265, #3890, #7845 ) ) REPRESENTATION_CONTEXT ( 'NONE', 'WORKASPACE' ) );
#268 = CARTESIAN_POINT ( 'NONE',  ( 0.8998316500927799888, -1.786143957423570239, 3.391484666840960394 ) ) ;
#269 = CARTESIAN_POINT ( 'NONE',  ( -2.490381647277805310, -1.170137134054962225, 1.438289477948772932 ) ) ;
#270 = PRESENTATION_LAYER_ASSIGNMENT (  '', '', ( #4104 ) ) ;
#271 = EDGE_CURVE ( 'NONE', #2111, #6665, #1328, .T. ) ;
#272 = ORIENTED_EDGE ( 'NONE', *, *, #8406, .T. ) ;
#273 = PRESENTATION_STYLE_ASSIGNMENT (( #7083 ) ) ;
#274 = CARTESIAN_POINT ( 'NONE',  ( 1.508087747605519890, 1.249691179614720093, 4.062213304289150173 ) ) ;
#275 = CARTESIAN_POINT ( 'NONE',  ( 1.782018593157152386, 0.9079919984534480237, 3.562213304289150173 ) ) ;
#276 = DIRECTION ( 'NONE',  ( 0.000000000000000000, -0.000000000000000000, -1.000000000000000000 ) ) ;
#277 = CARTESIAN_POINT ( 'NONE',  ( 0.5761555733199630325, 2.069250911661840053, 0.4031326314136419731 ) ) ;
#278 = MECHANICAL_DESIGN_GEOMETRIC_PRESENTATION_REPRESENTATION (  '', ( #3978 ), #3689 ) ;
#279 = CARTESIAN_POINT ( 'NONE',  ( 1.566195939707290208, -2.140484332542559986, 4.062213304289150173 ) ) ;
#280 = SURFACE_SIDE_STYLE ('',( #2149 ) ) ;
#281 = B_SPLINE_CURVE_WITH_KNOTS ( 'NONE', 3,
 ( #5135, #7847, #3225, #2547 ),
 .UNSPECIFIED., .F., .F.,
 ( 4, 4 ),
 ( 0.000000000000000000, 0.0001006764601369876584 ),
 .UNSPECIFIED. ) ;
#282 = CARTESIAN_POINT ( 'NONE',  ( -4.909532436802689581, 2.004147728013506000E-16, 23.59999999999999787 ) ) ;
#283 = CARTESIAN_POINT ( 'NONE',  ( 4.909532436802689581, -9.819064873605377386, 23.59999999999999787 ) ) ;
#284 = EDGE_CURVE ( 'NONE', #6635, #8523, #7456, .T. ) ;
#285 =( GEOMETRIC_REPRESENTATION_CONTEXT ( 3 ) GLOBAL_UNCERTAINTY_ASSIGNED_CONTEXT ( ( #5683 ) ) GLOBAL_UNIT_ASSIGNED_CONTEXT ( ( #7010, #113, #6963 ) ) REPRESENTATION_CONTEXT ( 'NONE', 'WORKASPACE' ) );
#286 = CARTESIAN_POINT ( 'NONE',  ( -2.216263555287500520, 5.333025741619986881, 19.80000000000000426 ) ) ;
#287 = CARTESIAN_POINT ( 'NONE',  ( -2.672499999999999876, 2.772765569903322175E-10, 0.000000000000000000 ) ) ;
#288 = CARTESIAN_POINT ( 'NONE',  ( 2.391388514335063942, -1.169652801813704013, 2.303452987392906159 ) ) ;
#289 = FACE_OUTER_BOUND ( 'NONE', #6721, .T. ) ;
#290 = PRESENTATION_STYLE_ASSIGNMENT (( #1121 ) ) ;
#291 = CARTESIAN_POINT ( 'NONE',  ( 2.338598442333094773, -1.169995547287588922, 3.495964925579389870 ) ) ;
#292 = SURFACE_STYLE_FILL_AREA ( #8583 ) ;
#293 = CARTESIAN_POINT ( 'NONE',  ( -2.067437856504117821, -1.712228061764878184, 4.062213304289150173 ) ) ;
#294 = CARTESIAN_POINT ( 'NONE',  ( -1.169995547456825324, -2.338598441785662008, 3.495965438579987872 ) ) ;
#295 = SURFACE_STYLE_USAGE ( .BOTH. , #1525 ) ;
#296 = FILL_AREA_STYLE ('',( #3104 ) ) ;
#297 = CARTESIAN_POINT ( 'NONE',  ( 0.4097499453988237561, -3.224932614720529944, 2.969165229559819874 ) ) ;
#298 = CARTESIAN_POINT ( 'NONE',  ( 2.087499999999999911, 0.5849999999999989653, 0.000000000000000000 ) ) ;
#299 = CARTESIAN_POINT ( 'NONE',  ( -1.121521074810829965, -2.307185139991540179, 1.343580126141469933 ) ) ;
#300 = CARTESIAN_POINT ( 'NONE',  ( 5.611259211573402794, 1.371150570926327861, 19.80000000000000071 ) ) ;
#301 = B_SPLINE_CURVE_WITH_KNOTS ( 'NONE', 3,
 ( #5504, #8229, #6263, #685, #2973, #6482, #1650, #5015, #2251, #908, #5725, #4973, #4264, #4388, #3064, #4440, #7634, #7152, #297, #6351, #5803, #1036, #5767, #6308, #6435, #7687, #376, #6970, #8500, #992, #7105, #3768, #3105, #1695, #211, #8541, #3020, #3722 ),
 .UNSPECIFIED., .F., .F.,
 ( 4, 1, 1, 1, 2, 2, 2, 1, 1, 1, 2, 2, 2, 1, 1, 1, 2, 2, 2, 1, 1, 1, 2, 2, 4 ),
 ( 0.000000000000000000, 0.06249999999999898692, 0.09374999999999847344, 0.1093749999999982514, 0.1171874999999981681, 0.1249999999999980849, 0.2499999999999972800, 0.3124999999999968359, 0.3437499999999967248, 0.3593749999999966138, 0.3671874999999966693, 0.3749999999999966693, 0.4999999999999967804, 0.5624999999999968914, 0.5937499999999968914, 0.6093749999999970024, 0.6171874999999970024, 0.6249999999999970024, 0.7499999999999976685, 0.8124999999999981126, 0.8437499999999984457, 0.8593749999999985567, 0.8671874999999985567, 0.8749999999999986677, 1.000000000000000000 ),
 .UNSPECIFIED. ) ;
#302 = VERTEX_POINT ( 'NONE', #730 ) ;
#303 = CARTESIAN_POINT ( 'NONE',  ( -4.196123610370912083, -3.175930447050718808, 23.59999999999999787 ) ) ;
#304 = CARTESIAN_POINT ( 'NONE',  ( -2.617316660028014219, 1.169984474731856849, 0.5778404810790651602 ) ) ;
#305 = VERTEX_POINT ( 'NONE', #8226 ) ;
#306 = FACE_OUTER_BOUND ( 'NONE', #7611, .T. ) ;
#307 = SURFACE_SIDE_STYLE ('',( #6146 ) ) ;
#308 = VERTEX_POINT ( 'NONE', #8089 ) ;
#309 = CARTESIAN_POINT ( 'NONE',  ( 1.498511767863641042, 1.647197381873624744, 4.062213338820048314 ) ) ;
#310 = VECTOR ( 'NONE', #4112, 1000.000000000000000 ) ;
#311 = CARTESIAN_POINT ( 'NONE',  ( -1.201349476620759305, -2.576115044124656972, 0.7666085965705830008 ) ) ;
#312 = CARTESIAN_POINT ( 'NONE',  ( -0.9889156185024480239, 1.975937664106629965, 3.043730412184920020 ) ) ;
#313 = ADVANCED_FACE ( 'NONE', ( #1341 ), #2627, .T. ) ;
#314 = CARTESIAN_POINT ( 'NONE',  ( 0.6849431702937609501, -1.883778650278369993, 3.391484666840960394 ) ) ;
#315 = CARTESIAN_POINT ( 'NONE',  ( 1.169999999999999929, -2.338664820565210078, 3.462676791579950120 ) ) ;
#316 = VERTEX_POINT ( 'NONE', #2375 ) ;
#317 = CARTESIAN_POINT ( 'NONE',  ( 0.9243860316311668379, -1.773726546677684146, 3.703064733461735258 ) ) ;
#318 = SURFACE_STYLE_USAGE ( .BOTH. , #3699 ) ;
#319 = CARTESIAN_POINT ( 'NONE',  ( 1.776411628029163303, 0.9190855658135043127, 3.391484666840950180 ) ) ;
#320 = CARTESIAN_POINT ( 'NONE',  ( 0.2367611272293839997, 1.990575697337200189, 3.121953701425990602 ) ) ;
#321 = MECHANICAL_DESIGN_GEOMETRIC_PRESENTATION_REPRESENTATION (  '', ( #2726 ), #6860 ) ;
#322 = DIRECTION ( 'NONE',  ( -0.4836800446059870140, 0.000000000000000000, -0.8752448882741049596 ) ) ;
#323 = CARTESIAN_POINT ( 'NONE',  ( -4.409532436802692246, -8.819064873605382715, 23.10000000000000142 ) ) ;
#324 =( NAMED_UNIT ( * ) SI_UNIT ( $, .STERADIAN. ) SOLID_ANGLE_UNIT ( ) );
#325 = CARTESIAN_POINT ( 'NONE',  ( -3.446637469613836657, 4.635636549518313387, 19.79999999999999716 ) ) ;
#326 = DIRECTION ( 'NONE',  ( 1.000000000000000000, 0.000000000000000000, -0.000000000000000000 ) ) ;
#327 = PRESENTATION_STYLE_ASSIGNMENT (( #369 ) ) ;
#328 = CARTESIAN_POINT ( 'NONE',  ( -2.067437856504117821, 1.712228061764878184, 4.062213304289159943 ) ) ;
#329 = CARTESIAN_POINT ( 'NONE',  ( -2.834857987873784069, 1.600820180404925352, 2.969165229559820762 ) ) ;
#330 = CARTESIAN_POINT ( 'NONE',  ( 5.250000000000000888, 0.000000000000000000, 23.59999999999999787 ) ) ;
#331 = CARTESIAN_POINT ( 'NONE',  ( 2.075728541113690095, 0.5790106839105759740, 0.3536250458873140268 ) ) ;
#332 = UNCERTAINTY_MEASURE_WITH_UNIT (LENGTH_MEASURE( 1.000000000000000082E-05 ), #4364, 'distance_accuracy_value', 'NONE');
#333 = CARTESIAN_POINT ( 'NONE',  ( -1.172343600408814579, -2.393656032050406335, 2.338877316301980702 ) ) ;
#334 = SURFACE_STYLE_FILL_AREA ( #2339 ) ;
#335 = EDGE_CURVE ( 'NONE', #316, #3201, #7684, .T. ) ;
#336 = ORIENTED_EDGE ( 'NONE', *, *, #3544, .T. ) ;
#337 = CARTESIAN_POINT ( 'NONE',  ( -4.578571595142390649, -2.570503227922758427, 23.60000000000000142 ) ) ;
#338 = CARTESIAN_POINT ( 'NONE',  ( -0.5849999999999999645, -2.379999999999999893, -2.754830917718800176 ) ) ;
#339 = CARTESIAN_POINT ( 'NONE',  ( -1.058662517935755609, 2.265608056321386954, 23.60000000000000142 ) ) ;
#340 = CARTESIAN_POINT ( 'NONE',  ( -1.787387204067570012, 0.8973599279289989905, 3.562213304289159943 ) ) ;
#341 = ORIENTED_EDGE ( 'NONE', *, *, #4426, .T. ) ;
#342 = AXIS2_PLACEMENT_3D ( 'NONE', #6639, #8579, #3802 ) ;
#343 = ORIENTED_EDGE ( 'NONE', *, *, #3938, .F. ) ;
#344 = FILL_AREA_STYLE ('',( #2988 ) ) ;
#345 = CARTESIAN_POINT ( 'NONE',  ( -1.079378639049380029, -2.585246281188109840, 0.7666085965705830008 ) ) ;
#347 = COLOUR_RGB ( '',0.8313725490196077761, 0.8313725490196077761, 0.8313725490196077761 ) ;
#346 = CARTESIAN_POINT ( 'NONE',  ( -1.169999999999999929, 2.676542658664110341, 0.000000000000000000 ) ) ;
#348 = PRESENTATION_LAYER_ASSIGNMENT (  '', '', ( #5331 ) ) ;
#349 = AXIS2_PLACEMENT_3D ( 'NONE', #1937, #3178, #5826 ) ;
#350 = CARTESIAN_POINT ( 'NONE',  ( 2.993455335894751990, 3.207236155962561952, 2.969165229559820318 ) ) ;
#351 = CARTESIAN_POINT ( 'NONE',  ( 1.172751014193881947, -2.344164554479453599, 3.462678844650796339 ) ) ;
#352 = ORIENTED_EDGE ( 'NONE', *, *, #8326, .T. ) ;
#353 = CARTESIAN_POINT ( 'NONE',  ( 0.9899674406462202203, -1.741285057989072405, 3.832388678960760409 ) ) ;
#354 = CARTESIAN_POINT ( 'NONE',  ( 1.171225176299157456, 2.529519038572892065, 1.072180575298519400 ) ) ;
#355 = CARTESIAN_POINT ( 'NONE',  ( 2.604600228767703030, 0.000000000000000000, 18.50000000000000355 ) ) ;
#356 = CARTESIAN_POINT ( 'NONE',  ( -0.5761555733199680285, 2.069250911661860037, 0.4031326314136419731 ) ) ;
#357 = PRODUCT_DEFINITION_SHAPE ( 'NONE', 'NONE',  #8311 ) ;
#358 = CARTESIAN_POINT ( 'NONE',  ( -1.196347856501624785, -2.087499999999999911, 0.000000000000000000 ) ) ;
#359 = SURFACE_SIDE_STYLE ('',( #3931 ) ) ;
#360 = CARTESIAN_POINT ( 'NONE',  ( -2.083599999999999675, 1.169999999999999929, 0.000000000000000000 ) ) ;
#361 = CARTESIAN_POINT ( 'NONE',  ( -3.225000000000000089, 1.316495309083402892E-16, 2.969165229559820318 ) ) ;
#362 = PRESENTATION_LAYER_ASSIGNMENT (  '', '', ( #2623 ) ) ;
#363 = FILL_AREA_STYLE_COLOUR ( '', #3888 ) ;
#364 = CARTESIAN_POINT ( 'NONE',  ( 1.818588477994299124, 5.482611236233317697, 19.80000000000000426 ) ) ;
#365 = DIRECTION ( 'NONE',  ( -1.224646799147353207E-16, -1.000000000000000000, 0.000000000000000000 ) ) ;
#366 =( NAMED_UNIT ( * ) PLANE_ANGLE_UNIT ( ) SI_UNIT ( $, .RADIAN. ) );
#367 = SHAPE_REPRESENTATION ( 'terminal', ( #7673 ), #5817 ) ;
#368 = LINE ( 'NONE', #1908, #6459 ) ;
#369 = SURFACE_STYLE_USAGE ( .BOTH. , #7729 ) ;
#370 = CARTESIAN_POINT ( 'NONE',  ( -1.957610018539996721, 1.049424002897418662, 1.149655160699996737 ) ) ;
#371 = FILL_AREA_STYLE_COLOUR ( '', #3153 ) ;
#372 = DIRECTION ( 'NONE',  ( 0.000000000000000000, 0.000000000000000000, 1.000000000000000000 ) ) ;
#373 = SURFACE_SIDE_STYLE ('',( #5274 ) ) ;
#374 = CARTESIAN_POINT ( 'NONE',  ( -2.000000000000001776, 2.449293598294708880E-16, 23.39289321881345529 ) ) ;
#375 = EDGE_CURVE ( 'NONE', #7694, #2217, #8363, .T. ) ;
#376 = CARTESIAN_POINT ( 'NONE',  ( -1.600820180404824100, -2.834857987874065621, 2.969165229559819874 ) ) ;
#377 = CARTESIAN_POINT ( 'NONE',  ( 1.859341245984230007, 0.9703088068423170176, 1.943675179695550037 ) ) ;
#378 = CARTESIAN_POINT ( 'NONE',  ( -1.169999999999999929, -2.674450000000000216, 0.000000000000000000 ) ) ;
#379 = CARTESIAN_POINT ( 'NONE',  ( -2.330545119023043288, -1.184376510236747171, 3.023199761058580126 ) ) ;
#380 = ORIENTED_EDGE ( 'NONE', *, *, #4934, .T. ) ;
#381 = CARTESIAN_POINT ( 'NONE',  ( 2.724513057592719889, 4.491228229381078130, 23.59999999999999787 ) ) ;
#382 = CARTESIAN_POINT ( 'NONE',  ( 0.8832027952095151679, 2.338877794310527669, 23.60000000000000853 ) ) ;
#383 = CARTESIAN_POINT ( 'NONE',  ( -1.884391338456230081, 0.6834055635694300523, 3.562213304289150173 ) ) ;
#384 = ORIENTED_EDGE ( 'NONE', *, *, #8406, .F. ) ;
#385 = EDGE_CURVE ( 'NONE', #1769, #6240, #4111, .T. ) ;
#386 = DIRECTION ( 'NONE',  ( 0.000000000000000000, 0.000000000000000000, 1.000000000000000000 ) ) ;
#387 = ORIENTED_EDGE ( 'NONE', *, *, #4235, .F. ) ;
#388 = FILL_AREA_STYLE ('',( #8559 ) ) ;
#389 = ADVANCED_BREP_SHAPE_REPRESENTATION ( '', ( #4971, #7673 ), #5817 ) ;
#390 = EDGE_CURVE ( 'NONE', #8235, #125, #640, .T. ) ;
#391 = CARTESIAN_POINT ( 'NONE',  ( -2.827575027075782010, -5.036417676995493586, 19.80000000000000426 ) ) ;
#392 = CARTESIAN_POINT ( 'NONE',  ( -1.171621099278844946, 2.391668895890145308, 2.346127542968477364 ) ) ;
#393 = CARTESIAN_POINT ( 'NONE',  ( 0.9124738408864395689, -1.778661559345001253, 3.022064739156700153 ) ) ;
#394 = MECHANICAL_DESIGN_GEOMETRIC_PRESENTATION_REPRESENTATION (  '', ( #4537 ), #2963 ) ;
#395 = CARTESIAN_POINT ( 'NONE',  ( 4.125990341652362225, 1.483899480626891032, 2.969165229559819874 ) ) ;
#396 = FACE_OUTER_BOUND ( 'NONE', #2455, .T. ) ;
#397 = EDGE_LOOP ( 'NONE', ( #3031, #4985, #235, #5061, #3681, #3300 ) ) ;
#398 = CARTESIAN_POINT ( 'NONE',  ( 0.9024890171489825530, -1.784801374135099872, 3.562186221542610109 ) ) ;
#399 = STYLED_ITEM ( 'NONE', ( #6723 ), #3855 ) ;
#400 = CARTESIAN_POINT ( 'NONE',  ( 2.024999999999999911, -2.479909768273389807E-16, 18.50000000000000000 ) ) ;
#401 =( GEOMETRIC_REPRESENTATION_CONTEXT ( 3 ) GLOBAL_UNCERTAINTY_ASSIGNED_CONTEXT ( ( #7578 ) ) GLOBAL_UNIT_ASSIGNED_CONTEXT ( ( #8141, #6080, #124 ) ) REPRESENTATION_CONTEXT ( 'NONE', 'WORKASPACE' ) );
#402 = CARTESIAN_POINT ( 'NONE',  ( 0.5849999999999999645, 2.087499999999999911, 0.000000000000000000 ) ) ;
#403 = CARTESIAN_POINT ( 'NONE',  ( -0.9079923684580448739, 1.782018404650067112, 3.562213309405399819 ) ) ;
#404 = CARTESIAN_POINT ( 'NONE',  ( -0.9189195790913400330, -1.776495529478211433, 3.391484666840950180 ) ) ;
#405 = PRESENTATION_STYLE_ASSIGNMENT (( #7136 ) ) ;
#406 = CARTESIAN_POINT ( 'NONE',  ( -1.783191695226636453, 0.8921475664179209231, 3.462469431424323840 ) ) ;
#407 = CARTESIAN_POINT ( 'NONE',  ( 0.5849999999999999645, 2.672499999999999876, 0.000000000000000000 ) ) ;
#408 = CARTESIAN_POINT ( 'NONE',  ( -1.390246858450379985, 1.437780815204060092, 4.062213304289150173 ) ) ;
#409 = CARTESIAN_POINT ( 'NONE',  ( -1.072522709387494055, 5.674573386334190062, 19.79999999999999716 ) ) ;
#410 = CARTESIAN_POINT ( 'NONE',  ( -2.338633517039835130, -1.169984342895092677, 3.462678155060951557 ) ) ;
#411 = PRESENTATION_LAYER_ASSIGNMENT (  '', '', ( #4262 ) ) ;
#412 = CARTESIAN_POINT ( 'NONE',  ( -1.792163151003840049, -0.8980948597863720462, 3.045392940420410088 ) ) ;
#413 = FILL_AREA_STYLE ('',( #7271 ) ) ;
#414 = CARTESIAN_POINT ( 'NONE',  ( -2.000000000000000444, -3.999999999999999556, 18.52499999999999858 ) ) ;
#415 = CARTESIAN_POINT ( 'NONE',  ( -2.000000000000002220, -4.000000000000002665, 23.39289321881345174 ) ) ;
#416 = PRESENTATION_STYLE_ASSIGNMENT (( #5890 ) ) ;
#417 = EDGE_CURVE ( 'NONE', #7989, #2890, #5636, .T. ) ;
#418 = CARTESIAN_POINT ( 'NONE',  ( 6.725000000000000533, 0.000000000000000000, 19.79999999999999716 ) ) ;
#419 = CARTESIAN_POINT ( 'NONE',  ( 2.010355339059327395, 0.000000000000000000, 18.50000000000000000 ) ) ;
#420 = CARTESIAN_POINT ( 'NONE',  ( -2.391396136388812987, -0.9947911872546495449, 18.50000000000000355 ) ) ;
#421 = CARTESIAN_POINT ( 'NONE',  ( 4.409532436802680699, 8.819064873605359622, 2.979520568619147269 ) ) ;
#422 = CARTESIAN_POINT ( 'NONE',  ( -6.724999999999999645, -0.2055781014357090375, 19.80000000000000071 ) ) ;
#423 = CARTESIAN_POINT ( 'NONE',  ( 1.170000000000000151, -2.087499999999999911, 0.07352226952163141982 ) ) ;
#424 = CARTESIAN_POINT ( 'NONE',  ( -2.672499999999999876, -1.178070071642379979, 0.1698237983775840176 ) ) ;
#425 = ORIENTED_EDGE ( 'NONE', *, *, #6210, .F. ) ;
#426 = CARTESIAN_POINT ( 'NONE',  ( 1.451169256737776081, 2.178074818856340578, 4.012572211354538787 ) ) ;
#427 = COLOUR_RGB ( '',0.8313725490196077761, 0.8313725490196077761, 0.8313725490196077761 ) ;
#428 = EDGE_CURVE ( 'NONE', #6052, #1225, #2971, .T. ) ;
#429 = CARTESIAN_POINT ( 'NONE',  ( 1.277311305941723374, 6.602636742195394426, 19.79999999999999716 ) ) ;
#430 = DIRECTION ( 'NONE',  ( 1.000000000000000000, 0.000000000000000000, 0.000000000000000000 ) ) ;
#431 = CARTESIAN_POINT ( 'NONE',  ( 1.192851806847373686, -2.200367281571449674, 23.60000000000000497 ) ) ;
#432 = CARTESIAN_POINT ( 'NONE',  ( -1.784227321404350253, -0.9015130886045470415, 3.022064739160810198 ) ) ;
#433 = ORIENTED_EDGE ( 'NONE', *, *, #4516, .F. ) ;
#434 = CYLINDRICAL_SURFACE ( 'NONE', #6886, 2.614955567827029981 ) ;
#435 = UNCERTAINTY_MEASURE_WITH_UNIT (LENGTH_MEASURE( 1.000000000000000082E-05 ), #6379, 'distance_accuracy_value', 'NONE');
#436 = CARTESIAN_POINT ( 'NONE',  ( -0.8985745972440160045, 2.500054170031809964, 1.944948958572239928 ) ) ;
#437 = ORIENTED_EDGE ( 'NONE', *, *, #3578, .T. ) ;
#438 =( NAMED_UNIT ( * ) SI_UNIT ( $, .STERADIAN. ) SOLID_ANGLE_UNIT ( ) );
#439 = VECTOR ( 'NONE', #900, 1000.000000000000000 ) ;
#440 = CARTESIAN_POINT ( 'NONE',  ( -1.234831806953125444, -5.644557172723137839, 19.80000000000000426 ) ) ;
#441 = EDGE_CURVE ( 'NONE', #8461, #4801, #5489, .T. ) ;
#442 = CARTESIAN_POINT ( 'NONE',  ( -1.169999999999999929, 2.087499999999999911, 0.1648747531013459999 ) ) ;
#443 = CARTESIAN_POINT ( 'NONE',  ( 1.184456196818783225, -2.074642492019203477, 0.3536250458876650238 ) ) ;
#444 = ORIENTED_EDGE ( 'NONE', *, *, #5778, .T. ) ;
#445 = FACE_OUTER_BOUND ( 'NONE', #7412, .T. ) ;
#446 = ADVANCED_FACE ( 'NONE', ( #3765, #2424 ), #7316, .T. ) ;
#447 = CARTESIAN_POINT ( 'NONE',  ( 1.199337799713929620, -2.410844259716391935, 1.944948958572229936 ) ) ;
#448 = CARTESIAN_POINT ( 'NONE',  ( -0.4676201865341210184, 1.949453406172720005, 3.121953701425990602 ) ) ;
#449 = CARTESIAN_POINT ( 'NONE',  ( -0.9024896432958082748, 1.784801057687138037, 3.562189090792776458 ) ) ;
#450 = DIRECTION ( 'NONE',  ( 0.000000000000000000, 0.000000000000000000, 1.000000000000000000 ) ) ;
#451 = CARTESIAN_POINT ( 'NONE',  ( -2.155340356757109888, 1.078299526870599934, 3.462608355884940092 ) ) ;
#452 = FILL_AREA_STYLE_COLOUR ( '', #3256 ) ;
#453 = DIRECTION ( 'NONE',  ( -1.000000000000000000, 1.224646799147353947E-16, 0.000000000000000000 ) ) ;
#454 = CARTESIAN_POINT ( 'NONE',  ( -1.784801026550354219, -0.9024897044282023106, 3.562188508232089212 ) ) ;
#455 = DIRECTION ( 'NONE',  ( 0.000000000000000000, 0.000000000000000000, 1.000000000000000000 ) ) ;
#456 = LINE ( 'NONE', #3190, #620 ) ;
#457 = CARTESIAN_POINT ( 'NONE',  ( -1.929685463755220098, 1.460694369927149960, 4.062214983206589913 ) ) ;
#458 = CARTESIAN_POINT ( 'NONE',  ( -4.909532436802689581, 2.004147728013506000E-16, 23.59999999999999787 ) ) ;
#459 = CARTESIAN_POINT ( 'NONE',  ( -2.000000000000001776, 2.449293598294708880E-16, 23.10000000000000142 ) ) ;
#460 = B_SPLINE_CURVE_WITH_KNOTS ( 'NONE', 3,
 ( #8040, #8081, #1249, #4697, #2014, #673, #6913, #5494, #1471, #4913, #4116, #1559 ),
 .UNSPECIFIED., .F., .F.,
 ( 4, 2, 2, 2, 2, 4 ),
 ( 9.355842102417856451E-12, 0.001739568607487548477, 0.002609352906553401037, 0.003044245056086327100, 0.003261691130852790131, 0.003479137205619252729 ),
 .UNSPECIFIED. ) ;
#461 = PRESENTATION_LAYER_ASSIGNMENT (  '', '', ( #8588 ) ) ;
#462 = CARTESIAN_POINT ( 'NONE',  ( -0.9149087297985601941, 1.810417385032429882, 2.735982288200956347 ) ) ;
#463 = CARTESIAN_POINT ( 'NONE',  ( -3.727500085888451498, -5.597725479944616112, 19.80000000000000426 ) ) ;
#464 = ADVANCED_FACE ( 'NONE', ( #8628 ), #4990, .T. ) ;
#465 = CARTESIAN_POINT ( 'NONE',  ( -2.334853567486030013, -1.177476725930199919, 3.562213304289150173 ) ) ;
#466 = VERTEX_POINT ( 'NONE', #6526 ) ;
#467 = CARTESIAN_POINT ( 'NONE',  ( 0.9750186387708774660, 5.158703263191775079, 23.59999999999999787 ) ) ;
#468 = CARTESIAN_POINT ( 'NONE',  ( 1.330780361472462481, 6.592070294578799228, 19.80000000000000071 ) ) ;
#469 = CARTESIAN_POINT ( 'NONE',  ( -0.9386890552917555031, 2.317161253888337047, 23.60000000000000497 ) ) ;
#470 = CARTESIAN_POINT ( 'NONE',  ( -1.990496523423870290, -0.2381160382630559957, 3.022064739160810198 ) ) ;
#471 = ORIENTED_EDGE ( 'NONE', *, *, #1790, .T. ) ;
#472 = MECHANICAL_DESIGN_GEOMETRIC_PRESENTATION_REPRESENTATION (  '', ( #2040 ), #6877 ) ;
#473 = DIRECTION ( 'NONE',  ( -1.000000000000000000, 1.224646799147350002E-16, -0.000000000000000000 ) ) ;
#474 = DIRECTION ( 'NONE',  ( 1.000000000000000000, 0.000000000000000000, 0.000000000000000000 ) ) ;
#475 = ORIENTED_EDGE ( 'NONE', *, *, #592, .F. ) ;
#476 = CARTESIAN_POINT ( 'NONE',  ( -1.169999999999999929, 2.338664820565210078, 3.462676791579859970 ) ) ;
#477 = AXIS2_PLACEMENT_3D ( 'NONE', #6521, #5974, #7900 ) ;
#478 = CARTESIAN_POINT ( 'NONE',  ( 2.087499999999999911, -0.2924999999999999822, 0.000000000000000000 ) ) ;
#479 = STYLED_ITEM ( 'NONE', ( #4091 ), #2505 ) ;
#480 = CARTESIAN_POINT ( 'NONE',  ( 2.275400195346302556, 3.750831632548768724, 2.969165229559819874 ) ) ;
#481 = ORIENTED_EDGE ( 'NONE', *, *, #8377, .F. ) ;
#482 = CARTESIAN_POINT ( 'NONE',  ( 2.083561000000000440, 1.169999999999999929, 0.000000000000000000 ) ) ;
#483 = MECHANICAL_DESIGN_GEOMETRIC_PRESENTATION_REPRESENTATION (  '', ( #2051 ), #7313 ) ;
#484 = STYLED_ITEM ( 'NONE', ( #8471 ), #2299 ) ;
#485 = FILL_AREA_STYLE ('',( #5915 ) ) ;
#486 = CARTESIAN_POINT ( 'NONE',  ( -0.2924999999999999822, 2.087499999999999911, 0.1698237986199239991 ) ) ;
#487 = LINE ( 'NONE', #7223, #6790 ) ;
#488 = FILL_AREA_STYLE_COLOUR ( '', #7382 ) ;
#489 = EDGE_CURVE ( 'NONE', #7750, #7329, #8584, .T. ) ;
#490 = DIRECTION ( 'NONE',  ( 1.000000000000000000, 0.000000000000000000, 0.000000000000000000 ) ) ;
#491 = CARTESIAN_POINT ( 'NONE',  ( -2.282500000000000195, -1.169999999999999929, 0.1648747531013350087 ) ) ;
#492 = CARTESIAN_POINT ( 'NONE',  ( -2.024999999999999911, 2.479909768273389807E-16, 18.50000000000000000 ) ) ;
#493 = CARTESIAN_POINT ( 'NONE',  ( 2.207106781186548794, -5.405852509913048412E-16, 23.59999999999999787 ) ) ;
#494 = CONICAL_SURFACE ( 'NONE', #4496, 6.749257393153129669, 0.2443460952774134665 ) ;
#495 = CARTESIAN_POINT ( 'NONE',  ( 6.725000000000000533, 13.44999999999999929, 19.79999999999999716 ) ) ;
#496 = CARTESIAN_POINT ( 'NONE',  ( -5.749999999999995559, 11.49999999999999467, 23.10000000000000142 ) ) ;
#497 = CARTESIAN_POINT ( 'NONE',  ( 0.6474766248658334611, -2.529272992460822600, 18.49999999999999645 ) ) ;
#498 = PRODUCT ( 'CT3151V1-0', 'CT3151V1-0', '', ( #4952 ) ) ;
#499 = CARTESIAN_POINT ( 'NONE',  ( -2.659292559659389266, -6.177342540479536126, 19.79999999999999716 ) ) ;
#500 = CARTESIAN_POINT ( 'NONE',  ( 2.087499999999999911, -2.868916642839540226E-16, 0.000000000000000000 ) ) ;
#501 = LINE ( 'NONE', #5805, #6654 ) ;
#502 = CARTESIAN_POINT ( 'NONE',  ( -2.549932382384379803, -0.6054517154057730277, 3.391840585329950031 ) ) ;
#503 = EDGE_LOOP ( 'NONE', ( #6858, #7063, #272, #4045, #6498, #2001 ) ) ;
#504 = CARTESIAN_POINT ( 'NONE',  ( 1.675361724247731221, 2.007773820587183344, 4.062213304289154614 ) ) ;
#505 = CARTESIAN_POINT ( 'NONE',  ( 2.672499999999999876, 1.178068518136530018, 0.1698237983775840176 ) ) ;
#506 = CARTESIAN_POINT ( 'NONE',  ( -6.592070294578805445, 1.330780361472192697, 19.79999999999999716 ) ) ;
#507 = SURFACE_STYLE_USAGE ( .BOTH. , #4662 ) ;
#508 = CARTESIAN_POINT ( 'NONE',  ( -0.9001966847907343361, -2.332399654168972436, 23.59999999999999787 ) ) ;
#509 = CARTESIAN_POINT ( 'NONE',  ( -2.075728541113710079, -0.5790106839105609859, 0.3536250458933549723 ) ) ;
#510 = ORIENTED_EDGE ( 'NONE', *, *, #2384, .T. ) ;
#511 = CARTESIAN_POINT ( 'NONE',  ( 1.537217464147403900, 1.287410369153588974, 4.062213304289149285 ) ) ;
#512 = CARTESIAN_POINT ( 'NONE',  ( 0.8139508645714385038, 2.518181069987797116, 3.562207955323959840 ) ) ;
#513 = UNCERTAINTY_MEASURE_WITH_UNIT (LENGTH_MEASURE( 1.000000000000000082E-05 ), #1875, 'distance_accuracy_value', 'NONE');
#514 = EDGE_LOOP ( 'NONE', ( #7371, #919, #7713, #828 ) ) ;
#515 = CARTESIAN_POINT ( 'NONE',  ( -1.169992171008222837, -2.338649169638113090, 3.462676777723450172 ) ) ;
#516 = PRESENTATION_LAYER_ASSIGNMENT (  '', '', ( #6071 ) ) ;
#517 = EDGE_LOOP ( 'NONE', ( #1710, #5704, #8504, #4774 ) ) ;
#518 = FILL_AREA_STYLE_COLOUR ( '', #1126 ) ;
#519 = CARTESIAN_POINT ( 'NONE',  ( -0.7127305016309579688, 1.901996962746179909, 2.444599270131050162 ) ) ;
#520 = EDGE_CURVE ( 'NONE', #3421, #3078, #6016, .T. ) ;
#521 = CARTESIAN_POINT ( 'NONE',  ( 2.000000000000000000, 0.000000000000000000, 18.50000000000000000 ) ) ;
#522 = MECHANICAL_DESIGN_GEOMETRIC_PRESENTATION_REPRESENTATION (  '', ( #2812 ), #122 ) ;
#523 = ORIENTED_EDGE ( 'NONE', *, *, #6890, .F. ) ;
#524 = SURFACE_STYLE_USAGE ( .BOTH. , #6636 ) ;
#525 = CARTESIAN_POINT ( 'NONE',  ( -2.159083384186310184, -1.079364953262119897, 3.046019891235490107 ) ) ;
#526 =( NAMED_UNIT ( * ) PLANE_ANGLE_UNIT ( ) SI_UNIT ( $, .RADIAN. ) );
#527 = DIRECTION ( 'NONE',  ( 0.000000000000000000, 0.000000000000000000, 1.000000000000000000 ) ) ;
#528 = CARTESIAN_POINT ( 'NONE',  ( -2.010355339059327395, 2.461975231127796959E-16, 18.50000000000000000 ) ) ;
#529 = CARTESIAN_POINT ( 'NONE',  ( 2.500000000000000000, -6.123233995736766282E-16, 23.59999999999999787 ) ) ;
#530 = EDGE_CURVE ( 'NONE', #4629, #225, #3443, .T. ) ;
#531 = STYLED_ITEM ( 'NONE', ( #6991 ), #4243 ) ;
#532 = CARTESIAN_POINT ( 'NONE',  ( 1.972259300002110027, -0.9867428327071929850, 3.310770845963470155 ) ) ;
#533 = CARTESIAN_POINT ( 'NONE',  ( 2.000000000000000000, 0.000000000000000000, 18.52499999999999858 ) ) ;
#534 = CARTESIAN_POINT ( 'NONE',  ( 2.614955567827029981, -6.404793932103844477E-16, 18.48964466094067305 ) ) ;
#535 = MECHANICAL_DESIGN_GEOMETRIC_PRESENTATION_REPRESENTATION (  '', ( #4262 ), #7958 ) ;
#536 = CARTESIAN_POINT ( 'NONE',  ( 1.186003112095322054, 2.658153795766043714, 0.3537504162900840243 ) ) ;
#537 = DIRECTION ( 'NONE',  ( -0.000000000000000000, 1.000000000000000000, 0.000000000000000000 ) ) ;
#538 = CARTESIAN_POINT ( 'NONE',  ( -2.327520475922094878, -1.192017730963846001, 3.562213304289150173 ) ) ;
#539 = ORIENTED_EDGE ( 'NONE', *, *, #2772, .F. ) ;
#540 = DIRECTION ( 'NONE',  ( -1.000000000000000000, -2.664535259100375697E-15, 0.000000000000000000 ) ) ;
#541 = CARTESIAN_POINT ( 'NONE',  ( 2.410844372341627739, 1.199337457692049247, 1.944948958557380037 ) ) ;
#542 = CIRCLE ( 'NONE', #2412, 5.750000000000000000 ) ;
#543 = CARTESIAN_POINT ( 'NONE',  ( -1.173086989827227145, 6.621942290415845811, 19.79999999999999361 ) ) ;
#544 = FILL_AREA_STYLE ('',( #8753 ) ) ;
#545 = CARTESIAN_POINT ( 'NONE',  ( -2.074693032814340032, -1.161716626655679985, 0.3536250458933549723 ) ) ;
#546 = ORIENTED_EDGE ( 'NONE', *, *, #375, .F. ) ;
#547 = DIRECTION ( 'NONE',  ( 0.4836800446059880687, 0.000000000000000000, 0.8752448882741042935 ) ) ;
#548 = CARTESIAN_POINT ( 'NONE',  ( -0.8139517352078686763, 2.518180788572094819, 3.562207955323960284 ) ) ;
#549 = CARTESIAN_POINT ( 'NONE',  ( 0.9039233660708250184, 2.459574723242710093, 3.023199761058580126 ) ) ;
#550 = ORIENTED_EDGE ( 'NONE', *, *, #38, .F. ) ;
#551 = CARTESIAN_POINT ( 'NONE',  ( 1.788671819443420574, -0.8948891699986541992, 3.461860776395684791 ) ) ;
#552 = STYLED_ITEM ( 'NONE', ( #3819 ), #5588 ) ;
#553 = DIRECTION ( 'NONE',  ( 0.000000000000000000, 0.000000000000000000, -1.000000000000000000 ) ) ;
#554 = CARTESIAN_POINT ( 'NONE',  ( -3.200000000000000178, 3.918869757271530460E-16, 2.994165229559819785 ) ) ;
#555 = CIRCLE ( 'NONE', #4695, 2.000000000000000000 ) ;
#556 = B_SPLINE_CURVE_WITH_KNOTS ( 'NONE', 3,
 ( #1349, #512, #7292, #1980, #548, #4711 ),
 .UNSPECIFIED., .F., .F.,
 ( 4, 2, 4 ),
 ( 0.000000000000000000, 0.5000000000000000000, 1.000000000000000000 ),
 .UNSPECIFIED. ) ;
#557 = COLOUR_RGB ( '',0.8313725490196077761, 0.8313725490196077761, 0.8313725490196077761 ) ;
#558 = ORIENTED_EDGE ( 'NONE', *, *, #6239, .F. ) ;
#559 = CARTESIAN_POINT ( 'NONE',  ( 2.020853939839125868, 1.111833412112873010, 0.6498556570528033483 ) ) ;
#560 = EDGE_CURVE ( 'NONE', #6794, #1042, #192, .T. ) ;
#561 =( LENGTH_UNIT ( ) NAMED_UNIT ( * ) SI_UNIT ( .MILLI., .METRE. ) );
#562 = PRESENTATION_STYLE_ASSIGNMENT (( #657 ) ) ;
#563 = B_SPLINE_SURFACE_WITH_KNOTS ( 'NONE', 3, 3, ( 
 ( #976, #2957, #3047, #2192, #4201, #7088, #3705, #1595 ),
 ( #6953, #7618, #1509, #5664, #5751, #4999, #4332, #935 ),
 ( #198, #1467, #6909, #3525, #150, #2858, #874, #4984 ),
 ( #8550, #3686, #1704, #6983, #260, #1047, #7700, #3778 ),
 ( #3074, #3602, #5024, #4448, #2984, #2304, #5109, #5692 ),
 ( #6361, #3732, #224, #8425, #1619, #4398, #1753, #340 ),
 ( #6321, #2941, #5648, #3030, #8379, #6402, #7067, #7114 ),
 ( #7825, #2262, #4313, #6494, #5159, #7871, #7781, #383 ),
 ( #7745, #3113, #5813, #4357, #2441, #1582, #7028, #918 ),
 ( #959, #5732, #3643, #2344, #5066, #1002, #1661, #5776 ),
 ( #6445, #8508, #2388, #1258, #8715, #3162, #3286, #7921 ),
 ( #6539, #2601, #3329, #1218, #6659, #470, #1138, #3871 ),
 ( #2637, #5246, #509, #3251, #5859, #4542, #5947, #1179 ),
 ( #6573, #7328, #7203, #2489, #8598, #6030, #3915, #8047 ),
 ( #3207, #7364, #5205, #4664, #1923, #8681, #4000, #6703 ),
 ( #7970, #8642, #545, #5905, #1798, #590, #8755, #7247 ),
 ( #2530, #4621, #5366, #7288, #1848, #8090, #4494, #4583 ),
 ( #8010, #5328, #1092, #1885, #3821, #432, #5289, #6616 ),
 ( #3954, #2568, #5990, #8228, #5594, #4174, #3457, #1974 ),
 ( #1299, #6833, #4039, #1394, #2071, #2121, #1442, #118 ),
 ( #8136, #2166, #170, #2874, #2778, #2829, #6742, #28 ) ),
 .UNSPECIFIED., .F., .F., .F.,
 ( 4, 3, 2, 1, 1, 1, 1, 1, 1, 1, 2, 3, 4 ),
 ( 4, 1, 1, 1, 1, 4 ),
 ( -0.01462332897744214252, -0.004532672913853309608, 0.000000000000000000, 0.1250000000000000000, 0.2500000000000000000, 0.3750000000000000000, 0.5000000000000000000, 0.6250000000000000000, 0.7500000000000000000, 0.8750000000000000000, 1.000000000000000000, 1.004532933445029919, 1.014724496069254744 ),
 ( 0.000000000000000000, 0.1428571428571429880, 0.2857142857142859760, 0.5714285714285709528, 0.8571428571428569843, 1.000000000000000000 ),
 .UNSPECIFIED. ) ;
#564 = CARTESIAN_POINT ( 'NONE',  ( -0.5849999999999999645, -2.087499999999999911, 0.1698237983775840176 ) ) ;
#565 = COLOUR_RGB ( '',0.8313725490196077761, 0.8313725490196077761, 0.8313725490196077761 ) ;
#566 = ORIENTED_EDGE ( 'NONE', *, *, #710, .T. ) ;
#567 = PRESENTATION_STYLE_ASSIGNMENT (( #8777 ) ) ;
#568 = VECTOR ( 'NONE', #970, 1000.000000000000114 ) ;
#569 = DIRECTION ( 'NONE',  ( 1.836970198721029934E-16, 1.000000000000000000, -0.000000000000000000 ) ) ;
#570 = EDGE_CURVE ( 'NONE', #5729, #1337, #1244, .T. ) ;
#571 = CARTESIAN_POINT ( 'NONE',  ( -2.674469499999999833, -1.169999999999999929, 0.1648747531013350087 ) ) ;
#572 = SURFACE_STYLE_FILL_AREA ( #2763 ) ;
#573 = PRESENTATION_STYLE_ASSIGNMENT (( #2665 ) ) ;
#574 = CARTESIAN_POINT ( 'NONE',  ( 2.083561000000000440, -1.169999999999999929, 0.1648747531013670109 ) ) ;
#575 = DIRECTION ( 'NONE',  ( 1.000000000000000000, 0.000000000000000000, 0.000000000000000000 ) ) ;
#576 = DIRECTION ( 'NONE',  ( -0.000000000000000000, 0.000000000000000000, 1.000000000000000000 ) ) ;
#577 = CARTESIAN_POINT ( 'NONE',  ( -2.589955567827030958, -5.179911135654060139, 18.50000000000000355 ) ) ;
#578 = CARTESIAN_POINT ( 'NONE',  ( 2.000000000000001776, 0.000000000000000000, 23.10000000000000142 ) ) ;
#579 = CARTESIAN_POINT ( 'NONE',  ( 1.184819126974002268, 2.331150766142488617, 3.562213304289150173 ) ) ;
#580 = CARTESIAN_POINT ( 'NONE',  ( -0.9340619348432452895, -1.829205656435132887, 2.337632210152107870 ) ) ;
#581 = CARTESIAN_POINT ( 'NONE',  ( -2.658130795795010215, 1.193937122202827883, 0.3537504162900822480 ) ) ;
#582 = VERTEX_POINT ( 'NONE', #5490 ) ;
#583 = CARTESIAN_POINT ( 'NONE',  ( -0.8762335807642773755, 5.176397837476659269, 23.60000000000000142 ) ) ;
#584 = CARTESIAN_POINT ( 'NONE',  ( 2.672499999999999876, 1.193776106554247596, 0.1698237983775840176 ) ) ;
#585 = CARTESIAN_POINT ( 'NONE',  ( 5.775000000000000355, 0.000000000000000000, 19.79999999999999716 ) ) ;
#586 = VECTOR ( 'NONE', #473, 1000.000000000000000 ) ;
#587 = CARTESIAN_POINT ( 'NONE',  ( -2.373782457389506551, 6.292355449630579578, 19.80000000000000426 ) ) ;
#588 = CARTESIAN_POINT ( 'NONE',  ( 6.750000000000000000, 13.49999999999999822, 10.25102831460725739 ) ) ;
#589 = AXIS2_PLACEMENT_3D ( 'NONE', #6548, #7256, #1148 ) ;
#590 = CARTESIAN_POINT ( 'NONE',  ( -1.786698432653359925, -0.8966356376946500450, 3.022064739160810198 ) ) ;
#591 = ORIENTED_EDGE ( 'NONE', *, *, #2229, .T. ) ;
#592 = EDGE_CURVE ( 'NONE', #1533, #4801, #103, .T. ) ;
#593 =( NAMED_UNIT ( * ) PLANE_ANGLE_UNIT ( ) SI_UNIT ( $, .RADIAN. ) );
#594 = CIRCLE ( 'NONE', #3740, 0.4999999999999978351 ) ;
#595 = CARTESIAN_POINT ( 'NONE',  ( -4.349385432184960543, -8.698770864369917533, 0.7000000000000030642 ) ) ;
#596 = CARTESIAN_POINT ( 'NONE',  ( 4.409532436802679811, -1.080023956893366184E-15, 2.979520568619147269 ) ) ;
#597 = UNCERTAINTY_MEASURE_WITH_UNIT (LENGTH_MEASURE( 1.000000000000000082E-05 ), #3956, 'distance_accuracy_value', 'NONE');
#598 = CARTESIAN_POINT ( 'NONE',  ( -0.6054517154057179606, 2.549932382384690221, 3.391840585329950031 ) ) ;
#599 = ORIENTED_EDGE ( 'NONE', *, *, #1673, .F. ) ;
#600 = DIRECTION ( 'NONE',  ( 1.000000000000000000, -6.123233995736769734E-17, 0.000000000000000000 ) ) ;
#601 = CARTESIAN_POINT ( 'NONE',  ( 1.171563893396101452, 2.391533520823736492, 2.346127244332830486 ) ) ;
#602 = CARTESIAN_POINT ( 'NONE',  ( 4.373642825351914176, 8.747285650703826576, 0.7189519526503383995 ) ) ;
#603 = CARTESIAN_POINT ( 'NONE',  ( 3.225000000000000533, -7.898971854500429678E-16, 2.969165229559820318 ) ) ;
#604 = CARTESIAN_POINT ( 'NONE',  ( 2.087499999999999911, -0.5849999999999999645, 0.000000000000000000 ) ) ;
#605 = CARTESIAN_POINT ( 'NONE',  ( -2.087499999999999911, 1.169999999999999929, 0.1648747531013440015 ) ) ;
#606 = VERTEX_POINT ( 'NONE', #2764 ) ;
#607 = CARTESIAN_POINT ( 'NONE',  ( 0.2924999999999989830, -2.672499999999999876, 0.1698237983775840176 ) ) ;
#609 = PRESENTATION_LAYER_ASSIGNMENT (  '', '', ( #1044 ) ) ;
#608 = CARTESIAN_POINT ( 'NONE',  ( -0.9142926190341961190, 1.780468959726298372, 3.121953701425990602 ) ) ;
#610 = CARTESIAN_POINT ( 'NONE',  ( -1.095767723759790035, -2.003134259263529948, 0.7659099622496909898 ) ) ;
#611 = DIRECTION ( 'NONE',  ( 1.000000000000000000, 0.000000000000000000, 0.000000000000000000 ) ) ;
#612 = PRESENTATION_LAYER_ASSIGNMENT (  '', '', ( #8323 ) ) ;
#613 = AXIS2_PLACEMENT_3D ( 'NONE', #693, #6177, #600 ) ;
#614 = CARTESIAN_POINT ( 'NONE',  ( -6.749751228180431717, 8.266061236632078896E-16, 10.24900223072822847 ) ) ;
#615 = CARTESIAN_POINT ( 'NONE',  ( 1.675361690177920027, -2.007773849016309953, 4.062213304289150173 ) ) ;
#616 = CARTESIAN_POINT ( 'NONE',  ( -2.338926533919969852, -1.169999999999999929, 3.311111815122640412 ) ) ;
#617 = SURFACE_SIDE_STYLE ('',( #4645 ) ) ;
#618 = CARTESIAN_POINT ( 'NONE',  ( 0.5849999999999999645, 2.379999999999999893, 0.000000000000000000 ) ) ;
#619 = CARTESIAN_POINT ( 'NONE',  ( -1.495701609872460036, -1.648603043770900056, 4.062213304289150173 ) ) ;
#620 = VECTOR ( 'NONE', #8034, 1000.000000000000000 ) ;
#621 = CARTESIAN_POINT ( 'NONE',  ( 2.672499999999999876, -1.169999999999999929, 0.1648747531013670109 ) ) ;
#622 = DIRECTION ( 'NONE',  ( -0.000000000000000000, -0.000000000000000000, -1.000000000000000000 ) ) ;
#623 = LINE ( 'NONE', #8167, #3144 ) ;
#624 = CARTESIAN_POINT ( 'NONE',  ( 2.069011656297579105, 1.152749337736095558, 0.3638120390909033164 ) ) ;
#625 = CARTESIAN_POINT ( 'NONE',  ( 6.177342540479466848, -2.659292559659780952, 19.80000000000000426 ) ) ;
#626 = DIRECTION ( 'NONE',  ( 0.000000000000000000, 0.4836800446059880687, 0.8752448882741042935 ) ) ;
#627 = CARTESIAN_POINT ( 'NONE',  ( 0.000000000000000000, 0.000000000000000000, 21.44999999999999929 ) ) ;
#628 = CARTESIAN_POINT ( 'NONE',  ( -2.621401750099369821, -4.348855158517810341E-15, 3.023199761058580126 ) ) ;
#629 = ORIENTED_EDGE ( 'NONE', *, *, #335, .F. ) ;
#630 = CARTESIAN_POINT ( 'NONE',  ( -4.624874844330110868, 2.495715199321247635, 23.60000000000000142 ) ) ;
#631 = CARTESIAN_POINT ( 'NONE',  ( 2.658467262304760048, -1.077870521296590001, 0.3537504162854430145 ) ) ;
#632 = CARTESIAN_POINT ( 'NONE',  ( 5.387466162008489157, -2.080422815638195200, 19.79999999999999716 ) ) ;
#633 = COLOUR_RGB ( '',0.8313725490196077761, 0.8313725490196077761, 0.8313725490196077761 ) ;
#634 = EDGE_CURVE ( 'NONE', #7989, #8461, #2443, .T. ) ;
#635 = CARTESIAN_POINT ( 'NONE',  ( -1.917019911671391075, -0.9590904879209291023, 3.458880568335385153 ) ) ;
#636 = CARTESIAN_POINT ( 'NONE',  ( -3.585405391891252513, 2.524826824059812402, 2.969165229559818986 ) ) ;
#637 = CARTESIAN_POINT ( 'NONE',  ( 6.749751228180431717, 0.000000000000000000, 10.24900223072822847 ) ) ;
#638 = CARTESIAN_POINT ( 'NONE',  ( 2.639955567827028560, -5.279911135654059784, 0.7000000000000030642 ) ) ;
#639 = DIRECTION ( 'NONE',  ( 0.000000000000000000, 0.000000000000000000, 1.000000000000000000 ) ) ;
#640 = CIRCLE ( 'NONE', #2222, 2.000000000009549694 ) ;
#641 = CARTESIAN_POINT ( 'NONE',  ( -5.750000000000000888, 7.041719095097281866E-16, 19.82499999999999929 ) ) ;
#642 = CARTESIAN_POINT ( 'NONE',  ( 1.859425216654239987, -1.601156472615399950, 4.062213304289150173 ) ) ;
#643 = SURFACE_STYLE_FILL_AREA ( #7465 ) ;
#644 = CARTESIAN_POINT ( 'NONE',  ( 0.3032597336719979886, 2.603219800338500090, 3.562213304289150173 ) ) ;
#645 = VERTEX_POINT ( 'NONE', #3314 ) ;
#646 = CARTESIAN_POINT ( 'NONE',  ( -5.176390369532060554, -0.8762739593256730908, 23.59999999999999076 ) ) ;
#647 = CARTESIAN_POINT ( 'NONE',  ( 1.091805330194919987, 2.202788582836929798, 2.345710875480660373 ) ) ;
#648 = CARTESIAN_POINT ( 'NONE',  ( 4.370751894706226715, 8.741503789412451653, 0.7073570630543276616 ) ) ;
#649 = PRESENTATION_STYLE_ASSIGNMENT (( #5375 ) ) ;
#650 = EDGE_CURVE ( 'NONE', #184, #5991, #5444, .T. ) ;
#651 = CARTESIAN_POINT ( 'NONE',  ( 3.358601477886589137, -2.825663160902748494, 2.969165229559819874 ) ) ;
#652 = CARTESIAN_POINT ( 'NONE',  ( -1.790631005463483749, 0.8974680058461862453, 3.043413802023264392 ) ) ;
#653 = EDGE_LOOP ( 'NONE', ( #6749, #3291, #1192, #7784 ) ) ;
#654 = CARTESIAN_POINT ( 'NONE',  ( 2.217291278814850219, 1.131481631754770012, 0.6499942451541149691 ) ) ;
#655 = ORIENTED_EDGE ( 'NONE', *, *, #5810, .F. ) ;
#656 = CARTESIAN_POINT ( 'NONE',  ( 7.992426013921930565E-12, -2.609292032996270105, 1.944948958572229936 ) ) ;
#657 = SURFACE_STYLE_USAGE ( .BOTH. , #6760 ) ;
#658 = CARTESIAN_POINT ( 'NONE',  ( -1.099025197271320087, -2.002935608319030170, 0.7659099622496919890 ) ) ;
#659 = PLANE ( 'NONE',  #6380 ) ;
#660 =( GEOMETRIC_REPRESENTATION_CONTEXT ( 3 ) GLOBAL_UNCERTAINTY_ASSIGNED_CONTEXT ( ( #7737 ) ) GLOBAL_UNIT_ASSIGNED_CONTEXT ( ( #999, #8420, #5688 ) ) REPRESENTATION_CONTEXT ( 'NONE', 'WORKASPACE' ) );
#661 = EDGE_CURVE ( 'NONE', #6542, #6635, #2624, .T. ) ;
#662 = CARTESIAN_POINT ( 'NONE',  ( -1.390246858450351564, 1.437780815204086737, 4.062213304289150173 ) ) ;
#663 = SURFACE_STYLE_FILL_AREA ( #5486 ) ;
#664 = SURFACE_STYLE_USAGE ( .BOTH. , #12 ) ;
#665 = CARTESIAN_POINT ( 'NONE',  ( 1.188477777548042402, 2.087499999999999911, 0.000000000000000000 ) ) ;
#666 = SURFACE_STYLE_USAGE ( .BOTH. , #6768 ) ;
#667 = SURFACE_SIDE_STYLE ('',( #8785 ) ) ;
#668 = FILL_AREA_STYLE ('',( #2058 ) ) ;
#669 = CARTESIAN_POINT ( 'NONE',  ( 2.639955567827029892, -3.233013136030605138E-16, 0.7000000000000029532 ) ) ;
#670 = CARTESIAN_POINT ( 'NONE',  ( 6.670033795023632806, 0.8689251309590394490, 19.80000000000000071 ) ) ;
#671 = COLOUR_RGB ( '',0.8313725490196077761, 0.8313725490196077761, 0.8313725490196077761 ) ;
#672 = B_SPLINE_CURVE_WITH_KNOTS ( 'NONE', 3,
 ( #7813, #7104, #1035, #8454 ),
 .UNSPECIFIED., .F., .F.,
 ( 4, 4 ),
 ( 0.000000000000000000, 0.9999999999999997780 ),
 .UNSPECIFIED. ) ;
#673 = CARTESIAN_POINT ( 'NONE',  ( 1.169981480454046041, -2.591639895959628515, 0.7208278524289880584 ) ) ;
#674 = CARTESIAN_POINT ( 'NONE',  ( -1.169996645381592204, 2.671356026495159686, 0.1460292733260165898 ) ) ;
#675 = CARTESIAN_POINT ( 'NONE',  ( -2.381627267584539798, 1.084727767012549915, 3.562213304289150173 ) ) ;
#676 = ORIENTED_EDGE ( 'NONE', *, *, #5277, .F. ) ;
#677 = DIRECTION ( 'NONE',  ( 1.000000000000000000, -0.000000000000000000, 0.000000000000000000 ) ) ;
#678 = CARTESIAN_POINT ( 'NONE',  ( 2.463001263994910595, -0.8962146010985939659, 3.562213304289150173 ) ) ;
#679 = COLOUR_RGB ( '',0.8313725490196077761, 0.8313725490196077761, 0.8313725490196077761 ) ;
#680 = EDGE_CURVE ( 'NONE', #5601, #4144, #6134, .T. ) ;
#681 = CARTESIAN_POINT ( 'NONE',  ( -5.775000000000001243, 2.357445088358657223E-16, 19.79999999999999716 ) ) ;
#682 = MECHANICAL_DESIGN_GEOMETRIC_PRESENTATION_REPRESENTATION (  '', ( #3392 ), #7657 ) ;
#683 = CARTESIAN_POINT ( 'NONE',  ( -2.127843671656134639, -1.064542639132210589, 3.452849887242845028 ) ) ;
#684 = CARTESIAN_POINT ( 'NONE',  ( 6.749257393156133489, 13.49851478631226165, 10.24702156662953456 ) ) ;
#685 = CARTESIAN_POINT ( 'NONE',  ( 3.114142309724353019, -0.8501971929210563328, 2.969165229559821206 ) ) ;
#686 = PRODUCT_DEFINITION_CONTEXT ( 'detailed design', #5963, 'design' ) ;
#687 = CARTESIAN_POINT ( 'NONE',  ( -5.750000000000000888, 7.041719095097282852E-16, 19.81035533905933121 ) ) ;
#688 = CARTESIAN_POINT ( 'NONE',  ( -3.199999999999997069, 3.918869757271526516E-16, 23.10000000000000142 ) ) ;
#689 = SURFACE_STYLE_USAGE ( .BOTH. , #3253 ) ;
#690 = UNCERTAINTY_MEASURE_WITH_UNIT (LENGTH_MEASURE( 1.000000000000000082E-05 ), #2707, 'distance_accuracy_value', 'NONE');
#691 = CARTESIAN_POINT ( 'NONE',  ( 0.5848728926814380502, 2.659545203556890058, 0.3537504162900830251 ) ) ;
#692 = EDGE_LOOP ( 'NONE', ( #8512, #2171, #4082, #1143 ) ) ;
#693 = CARTESIAN_POINT ( 'NONE',  ( -2.379999999999999893, -0.5849999999999999645, -2.754830917718800176 ) ) ;
#694 = CARTESIAN_POINT ( 'NONE',  ( -0.8948891699986810666, -1.788671819443473421, 3.461860776395684347 ) ) ;
#695 = B_SPLINE_CURVE_WITH_KNOTS ( 'NONE', 3,
 ( #398, #317, #353, #4289, #6371, #3088 ),
 .UNSPECIFIED., .F., .F.,
 ( 4, 2, 4 ),
 ( 0.000000000000000000, 0.0004229819606692673426, 0.0008459639213385346853 ),
 .UNSPECIFIED. ) ;
#696 = B_SPLINE_CURVE_WITH_KNOTS ( 'NONE', 3,
 ( #6936, #7517, #5565, #4142 ),
 .UNSPECIFIED., .F., .F.,
 ( 4, 4 ),
 ( 5.691446722588185564E-05, 0.9999029215340619059 ),
 .UNSPECIFIED. ) ;
#697 = CARTESIAN_POINT ( 'NONE',  ( -3.314087183395268088, -2.886525543263064097, 2.969165229559820762 ) ) ;
#698 = PRESENTATION_STYLE_ASSIGNMENT (( #7172 ) ) ;
#699 = CARTESIAN_POINT ( 'NONE',  ( 2.606237980178261804, -1.170385183682452368, 0.6502686501382174411 ) ) ;
#700 = PRESENTATION_LAYER_ASSIGNMENT (  '', '', ( #1545 ) ) ;
#701 = VERTEX_POINT ( 'NONE', #8166 ) ;
#702 = CARTESIAN_POINT ( 'NONE',  ( 2.348272677264769293, 1.172717196131952244, 3.047420853622565762 ) ) ;
#703 = EDGE_CURVE ( 'NONE', #6542, #772, #2668, .T. ) ;
#704 = CARTESIAN_POINT ( 'NONE',  ( 1.193778830982500594, -2.658131254680279998, 0.3537504162900820814 ) ) ;
#705 = CARTESIAN_POINT ( 'NONE',  ( -1.180606439815939934, -2.087499999999999911, 0.000000000000000000 ) ) ;
#706 = SURFACE_STYLE_USAGE ( .BOTH. , #5481 ) ;
#707 = PRESENTATION_LAYER_ASSIGNMENT (  '', '', ( #2419 ) ) ;
#708 = VECTOR ( 'NONE', #5837, 1000.000000000000000 ) ;
#709 = CARTESIAN_POINT ( 'NONE',  ( 0.9706694493156470260, -1.869834052988689654, 1.845074932414017876 ) ) ;
#710 = EDGE_CURVE ( 'NONE', #7329, #5521, #8122, .T. ) ;
#711 = ORIENTED_EDGE ( 'NONE', *, *, #8336, .T. ) ;
#712 =( NAMED_UNIT ( * ) SI_UNIT ( $, .STERADIAN. ) SOLID_ANGLE_UNIT ( ) );
#713 = CARTESIAN_POINT ( 'NONE',  ( 1.787322346268431117, 0.8975012631130444563, 3.529096364998415503 ) ) ;
#714 = FILL_AREA_STYLE ('',( #4643 ) ) ;
#715 = CARTESIAN_POINT ( 'NONE',  ( 2.617316741999360818, 1.169982673763362957, 0.5778427779043361356 ) ) ;
#716 = FILL_AREA_STYLE_COLOUR ( '', #3755 ) ;
#717 = CARTESIAN_POINT ( 'NONE',  ( 2.081591500000000483, -1.169999999999999929, 0.000000000000000000 ) ) ;
#718 = CARTESIAN_POINT ( 'NONE',  ( -2.639955567827029448, 1.077671045343536772E-16, 0.7000000000000030642 ) ) ;
#719 = CARTESIAN_POINT ( 'NONE',  ( 1.172646527111968373, 2.337289449548591413, 3.529363180244160514 ) ) ;
#720 = CARTESIAN_POINT ( 'NONE',  ( 6.592070294578864953, -1.330780361472083007, 19.79999999999999716 ) ) ;
#721 = CIRCLE ( 'NONE', #7991, 0.02499999999999984873 ) ;
#722 = CARTESIAN_POINT ( 'NONE',  ( 4.409532436802692246, 0.000000000000000000, 23.10000000000000142 ) ) ;
#723 = DIRECTION ( 'NONE',  ( 1.000000000000000000, 0.000000000000000000, 0.000000000000000000 ) ) ;
#724 = CARTESIAN_POINT ( 'NONE',  ( -2.672499999999999876, 1.077880048131290014, 0.1698237983775840176 ) ) ;
#725 = AXIS2_PLACEMENT_3D ( 'NONE', #8706, #6603, #3235 ) ;
#726 = EDGE_LOOP ( 'NONE', ( #1590, #7605, #444, #8747 ) ) ;
#727 = CARTESIAN_POINT ( 'NONE',  ( -5.250000000000000000, 0.3212934757405226383, 23.59999999999999432 ) ) ;
#728 = CARTESIAN_POINT ( 'NONE',  ( 2.558997815557409794, -0.6082549803629900831, 1.944948958557380037 ) ) ;
#729 = DIRECTION ( 'NONE',  ( 1.000000000000000000, 0.000000000000000000, 0.000000000000000000 ) ) ;
#730 = CARTESIAN_POINT ( 'NONE',  ( -1.675361690177919805, 2.007773849016310397, 4.062213304289150173 ) ) ;
#731 = FACE_OUTER_BOUND ( 'NONE', #5861, .T. ) ;
#732 = VERTEX_POINT ( 'NONE', #1329 ) ;
#733 = ADVANCED_FACE ( 'NONE', ( #4068 ), #6772, .F. ) ;
#734 = CARTESIAN_POINT ( 'NONE',  ( 2.700000000000000622, 0.000000000000000000, 23.59999999999999787 ) ) ;
#735 = FILL_AREA_STYLE_COLOUR ( '', #7360 ) ;
#736 = DIRECTION ( 'NONE',  ( 0.000000000000000000, 0.000000000000000000, 1.000000000000000000 ) ) ;
#737 = SURFACE_SIDE_STYLE ('',( #2031 ) ) ;
#738 = CARTESIAN_POINT ( 'NONE',  ( -0.3032597336733759974, 2.603219800340600187, 3.562213304289150173 ) ) ;
#739 = EDGE_LOOP ( 'NONE', ( #7496, #3336, #2779, #5546 ) ) ;
#740 = DIRECTION ( 'NONE',  ( 1.000000000000000000, -1.407217660367090205E-16, -7.776601838587675158E-17 ) ) ;
#741 = CARTESIAN_POINT ( 'NONE',  ( 1.160355778014052541, 2.076994993763707331, 0.2919315128685819882 ) ) ;
#742 = CARTESIAN_POINT ( 'NONE',  ( -3.749324069410307381, -2.274248065843660349, 2.969165229559820318 ) ) ;
#743 = SURFACE_STYLE_FILL_AREA ( #6227 ) ;
#744 = PRESENTATION_STYLE_ASSIGNMENT (( #4843 ) ) ;
#745 = STYLED_ITEM ( 'NONE', ( #68 ), #3331 ) ;
#746 = B_SPLINE_CURVE_WITH_KNOTS ( 'NONE', 3,
 ( #5003, #7672, #719, #3445 ),
 .UNSPECIFIED., .F., .F.,
 ( 4, 4 ),
 ( 1.301042606982605321E-18, 9.986200287802668831E-05 ),
 .UNSPECIFIED. ) ;
#747 = EDGE_LOOP ( 'NONE', ( #1269, #6120, #1801, #1434 ) ) ;
#748 = CARTESIAN_POINT ( 'NONE',  ( 2.662974497450969924, 1.170073704897945266, 0.3417424160424178403 ) ) ;
#749 = ORIENTED_EDGE ( 'NONE', *, *, #5506, .T. ) ;
#750 = CARTESIAN_POINT ( 'NONE',  ( 0.8842134031155380880, -2.598098656282109786, 0.7666085965705841110 ) ) ;
#751 = CARTESIAN_POINT ( 'NONE',  ( -1.168716701034500094, -2.074677609721680138, 0.3536250458876650238 ) ) ;
#752 = FILL_AREA_STYLE_COLOUR ( '', #8240 ) ;
#753 = FILL_AREA_STYLE ('',( #48 ) ) ;
#754 = CARTESIAN_POINT ( 'NONE',  ( 1.169999999999999929, -2.659047608238750193, 0.3469784072895850668 ) ) ;
#755 = ORIENTED_EDGE ( 'NONE', *, *, #3436, .T. ) ;
#756 = AXIS2_PLACEMENT_3D ( 'NONE', #6816, #6153, #3396 ) ;
#757 = CARTESIAN_POINT ( 'NONE',  ( 3.199999999999997069, -7.837739514543053032E-16, 23.10000000000000142 ) ) ;
#758 = CARTESIAN_POINT ( 'NONE',  ( -2.672499999999999876, 1.169999999999999929, 0.000000000000000000 ) ) ;
#759 = CARTESIAN_POINT ( 'NONE',  ( 1.196348490820444921, 2.087499999999999911, 0.1698237986199239991 ) ) ;
#760 = SURFACE_STYLE_FILL_AREA ( #803 ) ;
#761 = CARTESIAN_POINT ( 'NONE',  ( -1.601156472615399950, -1.859425216654229995, 4.062213304289150173 ) ) ;
#762 = ADVANCED_FACE ( 'NONE', ( #4956 ), #1915, .F. ) ;
#763 = CARTESIAN_POINT ( 'NONE',  ( 1.995503388395161171, -1.738010101169024102, 0.7000000000000028422 ) ) ;
#764 = CARTESIAN_POINT ( 'NONE',  ( -1.609184675335195047, 2.124171249787004889, 0.7000000000000030642 ) ) ;
#765 =( GEOMETRIC_REPRESENTATION_CONTEXT ( 3 ) GLOBAL_UNCERTAINTY_ASSIGNED_CONTEXT ( ( #1396 ) ) GLOBAL_UNIT_ASSIGNED_CONTEXT ( ( #3157, #1883, #4536 ) ) REPRESENTATION_CONTEXT ( 'NONE', 'WORKASPACE' ) );
#766 =( BOUNDED_SURFACE ( )  B_SPLINE_SURFACE ( 3, 3, ( 
 ( #1397, #5464, #121, #2832 ),
 ( #171, #6789, #4132, #2125 ),
 ( #4835, #80, #4710, #31 ),
 ( #4085, #6124, #5556, #688 ) ),
 .UNSPECIFIED., .F., .F., .F. ) 
 B_SPLINE_SURFACE_WITH_KNOTS ( ( 4, 4 ),
 ( 4, 4 ),
 ( 0.000000000000000000, 1.000000000000000000 ),
 ( 0.000000000000000000, 1.000000000000000000 ),
 .UNSPECIFIED. ) 
 GEOMETRIC_REPRESENTATION_ITEM ( )  RATIONAL_B_SPLINE_SURFACE ( (
 ( 1.000000000000000000, 0.3333333333333334259, 0.3333333333333334259, 1.000000000000000000),
 ( 0.8047378541243654926, 0.2682459513747885715, 0.2682459513747885715, 0.8047378541243654926),
 ( 0.8047378541243654926, 0.2682459513747885715, 0.2682459513747885715, 0.8047378541243654926),
 ( 1.000000000000000000, 0.3333333333333334259, 0.3333333333333334259, 1.000000000000000000) ) ) 
 REPRESENTATION_ITEM ( '' )  SURFACE ( )  );
#767 = CARTESIAN_POINT ( 'NONE',  ( 2.271596629287043978, -6.329977120918102607, 19.80000000000000071 ) ) ;
#768 = CARTESIAN_POINT ( 'NONE',  ( 4.409532436802692246, 0.000000000000000000, 23.39289321881345529 ) ) ;
#769 = CARTESIAN_POINT ( 'NONE',  ( -1.169999999999999929, 2.672499999999999876, 0.000000000000000000 ) ) ;
#770 = CARTESIAN_POINT ( 'NONE',  ( -2.672499999999999876, 1.186002410681188612, 0.000000000000000000 ) ) ;
#771 = EDGE_CURVE ( 'NONE', #8612, #3421, #2548, .T. ) ;
#772 = VERTEX_POINT ( 'NONE', #7266 ) ;
#773 = CARTESIAN_POINT ( 'NONE',  ( -4.944013168599362906, 1.774356183304095724, 23.60000000000000142 ) ) ;
#774 = CARTESIAN_POINT ( 'NONE',  ( 2.659913825594030001, 0.2924080878973069897, 0.3537504162854430145 ) ) ;
#775 = CARTESIAN_POINT ( 'NONE',  ( -5.775000000000001243, 2.357445088358657223E-16, 19.79999999999999716 ) ) ;
#776 = B_SPLINE_CURVE_WITH_KNOTS ( 'NONE', 3,
 ( #5674, #4208, #5047, #6384, #6914, #7052, #8312, #981, #1472, #288, #1601, #5007 ),
 .UNSPECIFIED., .F., .F.,
 ( 4, 2, 2, 2, 2, 4 ),
 ( 4.343573120357090668E-20, 0.0002172906068627546573, 0.0004345812137255092604, 0.0008691624274510181955, 0.001738324854902036391, 0.003476649709804072782 ),
 .UNSPECIFIED. ) ;
#777 = CARTESIAN_POINT ( 'NONE',  ( -1.706196613161910403, 0.8536374032582589866, 3.458562253732629710 ) ) ;
#778 = CARTESIAN_POINT ( 'NONE',  ( -2.338665916548373414, -1.169997808946381612, 3.459505344353109635 ) ) ;
#779 = ORIENTED_EDGE ( 'NONE', *, *, #1072, .F. ) ;
#780 = CARTESIAN_POINT ( 'NONE',  ( -1.169999999999999929, 2.338664820565219848, 3.462676791579629931 ) ) ;
#781 = PRESENTATION_STYLE_ASSIGNMENT (( #8232 ) ) ;
#782 = CARTESIAN_POINT ( 'NONE',  ( 0.5849999999999997424, -2.672499999999999876, -2.754830917718800176 ) ) ;
#783 = CARTESIAN_POINT ( 'NONE',  ( 1.169999999999999929, -2.083561000000000440, 0.1648747531013509959 ) ) ;
#784 = UNCERTAINTY_MEASURE_WITH_UNIT (LENGTH_MEASURE( 1.000000000000000082E-05 ), #5266, 'distance_accuracy_value', 'NONE');
#785 = ORIENTED_EDGE ( 'NONE', *, *, #3066, .F. ) ;
#786 =( NAMED_UNIT ( * ) PLANE_ANGLE_UNIT ( ) SI_UNIT ( $, .RADIAN. ) );
#787 = CARTESIAN_POINT ( 'NONE',  ( 0.8939724058331961487, 1.786839852056417932, 3.462470793294651905 ) ) ;
#788 = SURFACE_SIDE_STYLE ('',( #6888 ) ) ;
#789 = CARTESIAN_POINT ( 'NONE',  ( 0.8975014456035425026, 1.787322297920490799, 3.529098419705888556 ) ) ;
#790 = VECTOR ( 'NONE', #5595, 1000.000000000000000 ) ;
#791 = VERTEX_POINT ( 'NONE', #7224 ) ;
#792 = CARTESIAN_POINT ( 'NONE',  ( 2.391805496427823918, 1.171562400272543103, 2.338873234253830535 ) ) ;
#793 = CARTESIAN_POINT ( 'NONE',  ( 1.199287125263543974, -2.323854501935711525, 3.562213304289150173 ) ) ;
#794 = CARTESIAN_POINT ( 'NONE',  ( 1.180606063034020048, -2.087499999999999911, 0.000000000000000000 ) ) ;
#795 = DIRECTION ( 'NONE',  ( 0.000000000000000000, 0.000000000000000000, -1.000000000000000000 ) ) ;
#796 = B_SPLINE_CURVE_WITH_KNOTS ( 'NONE', 3,
 ( #3246, #7157, #7284, #7865, #6653, #5105, #8675, #1841, #7964, #8004, #4577, #3280, #8637, #2563, #3864, #1175, #5285, #6489, #4489, #1882, #8505, #5200, #2383, #1747, #1701, #3815, #381, #4445, #1043, #4535, #3775, #6533, #3156, #8594, #2483, #7242, #1132, #6569, #467, #6163, #1435, #4700, #7405, #2676, #3323, #583, #2018, #8175, #7543, #1291, #7497, #71, #2066, #4033, #4169, #6873, #4746, #8221, #6024, #2723, #1387, #5452, #6736, #2596, #6781, #6067, #23, #630, #8794, #2112, #3994, #8712, #773, #7358, #7451, #1338, #4790, #4120, #6825, #1252, #727, #3363 ),
 .UNSPECIFIED., .F., .F.,
 ( 4, 1, 1, 1, 2, 2, 1, 1, 2, 2, 1, 2, 2, 2, 1, 2, 2, 1, 1, 2, 2, 1, 1, 1, 2, 2, 2, 1, 1, 1, 2, 2, 1, 1, 2, 2, 1, 2, 2, 2, 1, 2, 2, 1, 1, 2, 2, 1, 1, 1, 2, 2, 4 ),
 ( 0.000000000000000000, 0.03125000000000000000, 0.04687500000000000000, 0.05468750000000001388, 0.05859375000000000694, 0.06250000000000000000, 0.09374999999999977796, 0.1093749999999996947, 0.1171874999999996253, 0.1249999999999995559, 0.1562499999999991396, 0.1718749999999990008, 0.1874999999999988620, 0.2499999999999983902, 0.2812499999999981681, 0.2968749999999981126, 0.3124999999999980571, 0.3437499999999978906, 0.3593749999999977796, 0.3671874999999977240, 0.3749999999999976685, 0.4062499999999977240, 0.4218749999999977796, 0.4296874999999977796, 0.4335937499999977796, 0.4374999999999977796, 0.4999999999999983347, 0.5312499999999985567, 0.5468749999999986677, 0.5546874999999986677, 0.5585937499999986677, 0.5624999999999986677, 0.5937499999999987788, 0.6093749999999988898, 0.6171874999999990008, 0.6249999999999991118, 0.6562499999999993339, 0.6718749999999994449, 0.6874999999999995559, 0.7500000000000000000, 0.7812500000000002220, 0.7968750000000003331, 0.8125000000000004441, 0.8437500000000005551, 0.8593750000000006661, 0.8671875000000006661, 0.8750000000000006661, 0.9062500000000004441, 0.9218750000000002220, 0.9296875000000001110, 0.9335937500000001110, 0.9375000000000001110, 1.000000000000000000 ),
 .UNSPECIFIED. ) ;
#797 = ORIENTED_EDGE ( 'NONE', *, *, #6155, .F. ) ;
#798 = CARTESIAN_POINT ( 'NONE',  ( -1.184651321298509918, 2.331236110913500692, 3.391840585329950031 ) ) ;
#799 = EDGE_CURVE ( 'NONE', #6809, #5785, #1141, .T. ) ;
#800 = DIRECTION ( 'NONE',  ( 0.000000000000000000, 0.000000000000000000, 1.000000000000000000 ) ) ;
#801 = CARTESIAN_POINT ( 'NONE',  ( 4.349385432184959654, 0.000000000000000000, 0.7250000000000029754 ) ) ;
#802 = CARTESIAN_POINT ( 'NONE',  ( 0.6834055635233650117, 1.884391338474669997, 3.562213309405399819 ) ) ;
#803 = FILL_AREA_STYLE ('',( #2007 ) ) ;
#804 = CARTESIAN_POINT ( 'NONE',  ( 2.338633519226885671, 1.169984342779520681, 3.462676754534867563 ) ) ;
#805 = DIRECTION ( 'NONE',  ( -1.000000000000000000, -0.000000000000000000, 0.000000000000000000 ) ) ;
#806 = FACE_OUTER_BOUND ( 'NONE', #6962, .T. ) ;
#807 = CARTESIAN_POINT ( 'NONE',  ( 0.5125710501270408503, -6.710994434784026019, 19.80000000000000782 ) ) ;
#808 = PRESENTATION_LAYER_ASSIGNMENT (  '', '', ( #2651 ) ) ;
#809 = CARTESIAN_POINT ( 'NONE',  ( -4.909532436802689581, 6.012443184040519478E-16, 23.59999999999999787 ) ) ;
#811 = EDGE_CURVE ( 'NONE', #4683, #4670, #7893, .T. ) ;
#810 = DIRECTION ( 'NONE',  ( 0.000000000000000000, -1.000000000000000000, 0.000000000000000000 ) ) ;
#812 = CARTESIAN_POINT ( 'NONE',  ( -2.081649999999999778, -1.169999999999999929, 0.000000000000000000 ) ) ;
#813 = ORIENTED_EDGE ( 'NONE', *, *, #8377, .T. ) ;
#814 = EDGE_CURVE ( 'NONE', #1975, #1853, #696, .T. ) ;
#815 = CARTESIAN_POINT ( 'NONE',  ( 2.585246295341800504, -1.079378423381760044, 0.7666085965432249960 ) ) ;
#816 = CARTESIAN_POINT ( 'NONE',  ( 2.614955567827029981, 0.000000000000000000, 4.062213304289150173 ) ) ;
#817 = SURFACE_SIDE_STYLE ('',( #3455 ) ) ;
#818 = COLOUR_RGB ( '',0.2862745098039215508, 0.2862745098039215508, 0.2862745098039215508 ) ;
#819 = CARTESIAN_POINT ( 'NONE',  ( -1.483860230510772871, 4.126005875069219009, 2.969165229559820762 ) ) ;
#820 =( LENGTH_UNIT ( ) NAMED_UNIT ( * ) SI_UNIT ( .MILLI., .METRE. ) );
#821 = FILL_AREA_STYLE ('',( #6168 ) ) ;
#822 = DIRECTION ( 'NONE',  ( 1.000000000000000000, 0.000000000000000000, 0.000000000000000000 ) ) ;
#823 = SURFACE_STYLE_FILL_AREA ( #6516 ) ;
#824 = FILL_AREA_STYLE_COLOUR ( '', #4959 ) ;
#825 =( GEOMETRIC_REPRESENTATION_CONTEXT ( 3 ) GLOBAL_UNCERTAINTY_ASSIGNED_CONTEXT ( ( #4088 ) ) GLOBAL_UNIT_ASSIGNED_CONTEXT ( ( #7388, #54, #7347 ) ) REPRESENTATION_CONTEXT ( 'NONE', 'WORKASPACE' ) );
#826 = FACE_OUTER_BOUND ( 'NONE', #8347, .T. ) ;
#827 = PLANE ( 'NONE',  #6655 ) ;
#828 = ORIENTED_EDGE ( 'NONE', *, *, #560, .F. ) ;
#829 = CARTESIAN_POINT ( 'NONE',  ( 1.891297018573806055, -4.897694679898471293, 23.60000000000000853 ) ) ;
#830 = CARTESIAN_POINT ( 'NONE',  ( 1.046244942022120927, 1.948673338134052191, 1.071361264550081627 ) ) ;
#831 =( NAMED_UNIT ( * ) PLANE_ANGLE_UNIT ( ) SI_UNIT ( $, .RADIAN. ) );
#832 = VECTOR ( 'NONE', #4640, 1000.000000000000000 ) ;
#833 = CARTESIAN_POINT ( 'NONE',  ( 2.074693034098740174, -1.161716048155329917, 0.3536250458873140268 ) ) ;
#834 = CARTESIAN_POINT ( 'NONE',  ( 0.8948634452063884970, 1.788664213250537927, 3.495420347140950845 ) ) ;
#835 = VERTEX_POINT ( 'NONE', #5880 ) ;
#836 = CARTESIAN_POINT ( 'NONE',  ( -1.186002406701683665, -2.672499999999999876, 0.1698237983775840176 ) ) ;
#837 = CARTESIAN_POINT ( 'NONE',  ( 0.2924999999999999822, -2.087499999999999911, 0.1698237983775840176 ) ) ;
#838 = CARTESIAN_POINT ( 'NONE',  ( -2.391290551391082708, -1.169995671536486759, 2.303441822641206116 ) ) ;
#839 = AXIS2_PLACEMENT_3D ( 'NONE', #3495, #6256, #2823 ) ;
#840 = FACE_OUTER_BOUND ( 'NONE', #4013, .T. ) ;
#841 = CARTESIAN_POINT ( 'NONE',  ( 1.169999999999999929, -2.085530499999999954, 0.1648747531013509959 ) ) ;
#842 = EDGE_CURVE ( 'NONE', #2144, #6363, #4806, .T. ) ;
#843 = ORIENTED_EDGE ( 'NONE', *, *, #851, .F. ) ;
#844 = PRESENTATION_LAYER_ASSIGNMENT (  '', '', ( #6105 ) ) ;
#845 = CARTESIAN_POINT ( 'NONE',  ( 0.9329348949401941038, 1.822392122520550162, 2.444599270131050162 ) ) ;
#846 = CARTESIAN_POINT ( 'NONE',  ( 1.064544030957053966, -2.127842975436554873, 3.459194862029574935 ) ) ;
#847 = CARTESIAN_POINT ( 'NONE',  ( 1.788671819618407932, 0.8948891701605475868, 3.461860776390328187 ) ) ;
#848 = CARTESIAN_POINT ( 'NONE',  ( -4.616639217989239263, -9.233278435978471421, 23.59999999999999432 ) ) ;
#849 = CARTESIAN_POINT ( 'NONE',  ( -2.578170312648086604, 0.6597992166949473436, 0.7000000000000030642 ) ) ;
#850 = CARTESIAN_POINT ( 'NONE',  ( 6.498375122479129296, 1.755176730647033612, 19.80000000000000071 ) ) ;
#851 = EDGE_CURVE ( 'NONE', #5436, #4399, #5904, .T. ) ;
#852 = AXIS2_PLACEMENT_3D ( 'NONE', #1520, #4434, #5092 ) ;
#853 = CARTESIAN_POINT ( 'NONE',  ( 4.616639217989236599, 9.233278435978471421, 23.59999999999999432 ) ) ;
#854 = SURFACE_SIDE_STYLE ('',( #4252 ) ) ;
#855 = CARTESIAN_POINT ( 'NONE',  ( -2.413146003979918852, 1.192200775213720254, 1.944948958572229936 ) ) ;
#856 = SURFACE_STYLE_FILL_AREA ( #3713 ) ;
#857 = CARTESIAN_POINT ( 'NONE',  ( 1.177596586497805520, -2.334793617258670295, 3.562185317665681694 ) ) ;
#858 = DIRECTION ( 'NONE',  ( -1.000000000000000000, 0.000000000000000000, 0.000000000000000000 ) ) ;
#859 = COLOUR_RGB ( '',0.2862745098039215508, 0.2862745098039215508, 0.2862745098039215508 ) ;
#860 = CARTESIAN_POINT ( 'NONE',  ( 2.977760585244247249, 1.238700184639805801, 2.969165229559820318 ) ) ;
#861 = LINE ( 'NONE', #4217, #5008 ) ;
#862 = PLANE ( 'NONE',  #5907 ) ;
#863 = CARTESIAN_POINT ( 'NONE',  ( 2.087499999999999911, 1.177070934276039926, 0.1698237983775840176 ) ) ;
#864 = UNCERTAINTY_MEASURE_WITH_UNIT (LENGTH_MEASURE( 1.000000000000000082E-05 ), #6255, 'distance_accuracy_value', 'NONE');
#865 = CARTESIAN_POINT ( 'NONE',  ( -1.495701609872470028, 1.648603043770910048, 4.062213304289150173 ) ) ;
#866 = CARTESIAN_POINT ( 'NONE',  ( -1.170905732043984404, -2.344603317454463376, 3.047414584114895408 ) ) ;
#867 = LINE ( 'NONE', #4977, #7355 ) ;
#868 = CARTESIAN_POINT ( 'NONE',  ( 0.8963780772722138579, -1.788580204442202115, 2.938391063430408234 ) ) ;
#869 = UNCERTAINTY_MEASURE_WITH_UNIT (LENGTH_MEASURE( 1.000000000000000082E-05 ), #5680, 'distance_accuracy_value', 'NONE');
#870 = ORIENTED_EDGE ( 'NONE', *, *, #4592, .F. ) ;
#871 = CARTESIAN_POINT ( 'NONE',  ( -0.6399042074498848542, -5.220751920110852318, 23.60000000000000497 ) ) ;
#872 = FILL_AREA_STYLE_COLOUR ( '', #5537 ) ;
#873 = CARTESIAN_POINT ( 'NONE',  ( 2.008786900361339889, -1.002665495022150077, 0.7659099622468721336 ) ) ;
#874 = CARTESIAN_POINT ( 'NONE',  ( -1.782090068988061216, 0.9078516445650812727, 3.391484666840950180 ) ) ;
#875 = CARTESIAN_POINT ( 'NONE',  ( 0.9024897488793064415, 1.784801004315851314, 3.562189521568387640 ) ) ;
#876 = EDGE_LOOP ( 'NONE', ( #6694, #4499, #5733, #193 ) ) ;
#877 = COLOUR_RGB ( '',0.2862745098039215508, 0.2862745098039215508, 0.2862745098039215508 ) ;
#878 = CARTESIAN_POINT ( 'NONE',  ( -1.077880048150970049, -2.672499999999999876, 0.1698237983775840176 ) ) ;
#879 = CARTESIAN_POINT ( 'NONE',  ( 5.749999999999998224, -1.408343819019455781E-15, 23.10000000000000142 ) ) ;
#880 = CARTESIAN_POINT ( 'NONE',  ( 0.2335924706744849921, -1.990884147329390119, 3.391484666840950180 ) ) ;
#881 = CARTESIAN_POINT ( 'NONE',  ( -2.661676379570415474, -1.170000384233250479, 0.2901406361127440436 ) ) ;
#882 = B_SPLINE_CURVE_WITH_KNOTS ( 'NONE', 3,
 ( #7102, #294, #5638, #6480 ),
 .UNSPECIFIED., .F., .F.,
 ( 4, 4 ),
 ( 0.000000000000000000, 9.986608523833194549E-05 ),
 .UNSPECIFIED. ) ;
#883 = CIRCLE ( 'NONE', #7568, 2.000000000009549694 ) ;
#884 = CARTESIAN_POINT ( 'NONE',  ( 3.199999999999999734, 6.399999999999998579, 2.994165229559819785 ) ) ;
#885 = CARTESIAN_POINT ( 'NONE',  ( 1.145585717495309908, -2.391728397375420201, 0.7397032591868289986 ) ) ;
#886 = ORIENTED_EDGE ( 'NONE', *, *, #2715, .T. ) ;
#887 = CARTESIAN_POINT ( 'NONE',  ( 4.349385432184959654, 0.000000000000000000, 0.7000000000000030642 ) ) ;
#888 = CIRCLE ( 'NONE', #194, 2.614955567827029981 ) ;
#889 =( LENGTH_UNIT ( ) NAMED_UNIT ( * ) SI_UNIT ( .MILLI., .METRE. ) );
#890 =( LENGTH_UNIT ( ) NAMED_UNIT ( * ) SI_UNIT ( .MILLI., .METRE. ) );
#891 = CARTESIAN_POINT ( 'NONE',  ( 0.6883772751252390520, 1.883204621396020073, 3.121953701425990602 ) ) ;
#892 =( LENGTH_UNIT ( ) NAMED_UNIT ( * ) SI_UNIT ( .MILLI., .METRE. ) );
#893 = CARTESIAN_POINT ( 'NONE',  ( -0.2174125788124142422, -2.087499999999999911, -3.419999999999999929 ) ) ;
#894 = CARTESIAN_POINT ( 'NONE',  ( -2.393608865748825920, 1.172440878660647279, 2.346131822516454690 ) ) ;
#895 = PRESENTATION_STYLE_ASSIGNMENT (( #7005 ) ) ;
#896 = CARTESIAN_POINT ( 'NONE',  ( 2.307043476046743091, 5.297772545143302203, 19.80000000000000071 ) ) ;
#897 =( LENGTH_UNIT ( ) NAMED_UNIT ( * ) SI_UNIT ( .MILLI., .METRE. ) );
#898 = DIRECTION ( 'NONE',  ( 0.000000000000000000, 0.000000000000000000, 1.000000000000000000 ) ) ;
#899 = PLANE ( 'NONE',  #3841 ) ;
#900 = DIRECTION ( 'NONE',  ( 0.000000000000000000, 0.000000000000000000, 1.000000000000000000 ) ) ;
#901 = CIRCLE ( 'NONE', #2748, 2.614955567827029981 ) ;
#902 = MECHANICAL_DESIGN_GEOMETRIC_PRESENTATION_REPRESENTATION (  '', ( #5885 ), #66 ) ;
#903 = CARTESIAN_POINT ( 'NONE',  ( 2.956071692121716055, 1.289710414893068480, 2.969165229559820762 ) ) ;
#904 = PRESENTATION_STYLE_ASSIGNMENT (( #5097 ) ) ;
#905 = CYLINDRICAL_SURFACE ( 'NONE', #5860, 6.750000000000000000 ) ;
#906 = B_SPLINE_CURVE_WITH_KNOTS ( 'NONE', 3,
 ( #857, #5633, #246, #1437, #4171, #73 ),
 .UNSPECIFIED., .F., .F.,
 ( 4, 2, 4 ),
 ( 3.252606517456512917E-18, 0.0004211194483981348297, 0.0008422388967962656479 ),
 .UNSPECIFIED. ) ;
#907 = SURFACE_STYLE_USAGE ( .BOTH. , #1694 ) ;
#908 = CARTESIAN_POINT ( 'NONE',  ( 2.594978643432183762, -1.965755033875513202, 2.969165229559820318 ) ) ;
#909 = CARTESIAN_POINT ( 'NONE',  ( 1.884391338456230081, 0.6834055635694300523, 3.562213304289150173 ) ) ;
#910 = CARTESIAN_POINT ( 'NONE',  ( -1.169999999999999929, -2.676400000000000112, 0.1648747531013670109 ) ) ;
#911 = CARTESIAN_POINT ( 'NONE',  ( -1.537217231307190124, -1.287410609954846796, 4.062213304289149285 ) ) ;
#912 = ORIENTED_EDGE ( 'NONE', *, *, #4592, .T. ) ;
#913 = CARTESIAN_POINT ( 'NONE',  ( 5.101138939539438866, -1.246520582696042156, 23.60000000000000142 ) ) ;
#914 = PRESENTATION_LAYER_ASSIGNMENT (  '', '', ( #484 ) ) ;
#915 = EDGE_CURVE ( 'NONE', #2447, #3926, #4847, .T. ) ;
#916 = CARTESIAN_POINT ( 'NONE',  ( 0.000000000000000000, 0.000000000000000000, 10.24702156666990049 ) ) ;
#917 = CARTESIAN_POINT ( 'NONE',  ( 2.087499999999999911, -1.177070207504000043, 0.1698237983775840176 ) ) ;
#918 = CARTESIAN_POINT ( 'NONE',  ( -1.950811633107059961, 0.4607690719793470224, 3.562213304289150173 ) ) ;
#919 = ORIENTED_EDGE ( 'NONE', *, *, #5442, .F. ) ;
#920 = ORIENTED_EDGE ( 'NONE', *, *, #5185, .T. ) ;
#921 = CARTESIAN_POINT ( 'NONE',  ( -0.8985745971983439828, -2.500054170041550172, 1.944948958572229936 ) ) ;
#922 = CARTESIAN_POINT ( 'NONE',  ( 5.542893218813447653, -11.08578643762690419, 23.60000000000000142 ) ) ;
#923 = CARTESIAN_POINT ( 'NONE',  ( 1.095767608027440110, -2.003134266290469867, 0.7659099622496919890 ) ) ;
#924 = CARTESIAN_POINT ( 'NONE',  ( -2.527323255111948885, -1.170002807512291465, 1.150432893141918100 ) ) ;
#925 = FACE_OUTER_BOUND ( 'NONE', #1013, .T. ) ;
#926 = CARTESIAN_POINT ( 'NONE',  ( 1.169999999999999929, -2.678350000000000453, 0.000000000000000000 ) ) ;
#927 = ORIENTED_EDGE ( 'NONE', *, *, #441, .F. ) ;
#928 = CARTESIAN_POINT ( 'NONE',  ( -1.169926253254542692, -2.591804231053968177, 0.7198272820347598744 ) ) ;
#929 = MECHANICAL_DESIGN_GEOMETRIC_PRESENTATION_REPRESENTATION (  '', ( #3227 ), #3875 ) ;
#930 = CARTESIAN_POINT ( 'NONE',  ( 2.067437856504117821, 1.712228061764878184, 4.062213304289159943 ) ) ;
#931 = CARTESIAN_POINT ( 'NONE',  ( 1.778661441232432416, 0.9124740698848338161, 3.022064739156450131 ) ) ;
#932 = FILL_AREA_STYLE ('',( #1632 ) ) ;
#933 = CARTESIAN_POINT ( 'NONE',  ( 0.7127305016309579688, 1.901996962746080211, 2.444599270131050162 ) ) ;
#934 = CARTESIAN_POINT ( 'NONE',  ( 0.9695199234001420363, -1.648231367092749977, 3.932265868843620282 ) ) ;
#935 = CARTESIAN_POINT ( 'NONE',  ( -1.779230800956443481, 0.9135061947382023817, 3.562213304289150173 ) ) ;
#936 = DIRECTION ( 'NONE',  ( -1.224646799147350002E-16, -1.000000000000000000, 0.000000000000000000 ) ) ;
#937 = CARTESIAN_POINT ( 'NONE',  ( -2.672499999999999876, 1.169999999999999929, 0.1648747531013440015 ) ) ;
#938 = CARTESIAN_POINT ( 'NONE',  ( 1.170347007694823915, 2.490332351341619788, 1.438250502980878087 ) ) ;
#939 = CARTESIAN_POINT ( 'NONE',  ( -4.351888115532555533E-07, 2.672499999999999876, 0.000000000000000000 ) ) ;
#940 = CARTESIAN_POINT ( 'NONE',  ( 1.007366059452526219, 5.686501182464308357, 19.80000000000000426 ) ) ;
#941 = PRESENTATION_STYLE_ASSIGNMENT (( #7676 ) ) ;
#942 =( NAMED_UNIT ( * ) PLANE_ANGLE_UNIT ( ) SI_UNIT ( $, .RADIAN. ) );
#943 = CARTESIAN_POINT ( 'NONE',  ( 2.334793193069530481, -1.177597427967119748, 3.562188365187922923 ) ) ;
#944 = FILL_AREA_STYLE_COLOUR ( '', #5694 ) ;
#945 = CARTESIAN_POINT ( 'NONE',  ( -2.066033116580301421, -1.715036371804447235, 4.062213304289150173 ) ) ;
#946 = PRESENTATION_STYLE_ASSIGNMENT (( #295 ) ) ;
#947 = CARTESIAN_POINT ( 'NONE',  ( -1.169999999999999929, 2.672499999999999876, 0.000000000000000000 ) ) ;
#948 = SURFACE_STYLE_USAGE ( .BOTH. , #8414 ) ;
#949 = CARTESIAN_POINT ( 'NONE',  ( 1.823002569903859893, 0.8261626580635410555, 3.391484666840960394 ) ) ;
#950 = UNCERTAINTY_MEASURE_WITH_UNIT (LENGTH_MEASURE( 1.000000000000000082E-05 ), #6933, 'distance_accuracy_value', 'NONE');
#951 = CARTESIAN_POINT ( 'NONE',  ( -1.171811464087968657, -2.346437997359607230, 3.047417718868970393 ) ) ;
#952 = CARTESIAN_POINT ( 'NONE',  ( 1.957858477045756551, -1.049865784589444795, 1.147577485621055882 ) ) ;
#953 = ADVANCED_FACE ( 'NONE', ( #3603 ), #8760, .F. ) ;
#954 = EDGE_LOOP ( 'NONE', ( #1924, #3644, #8470, #2482 ) ) ;
#955 = CARTESIAN_POINT ( 'NONE',  ( 1.773334280990384260, -4.941626806975630615, 23.60000000000000142 ) ) ;
#956 = PLANE ( 'NONE',  #6364 ) ;
#957 =( GEOMETRIC_REPRESENTATION_CONTEXT ( 3 ) GLOBAL_UNCERTAINTY_ASSIGNED_CONTEXT ( ( #2736 ) ) GLOBAL_UNIT_ASSIGNED_CONTEXT ( ( #6577, #5779, #4545 ) ) REPRESENTATION_CONTEXT ( 'NONE', 'WORKASPACE' ) );
#958 = CARTESIAN_POINT ( 'NONE',  ( 4.020006208968329275, -1.750744522645924395, 2.969165229559820762 ) ) ;
#959 = CARTESIAN_POINT ( 'NONE',  ( -2.087499999999999911, 0.2924999999999999822, 0.000000000000000000 ) ) ;
#960 = ORIENTED_EDGE ( 'NONE', *, *, #234, .T. ) ;
#961 = VECTOR ( 'NONE', #2054, 1000.000000000000227 ) ;
#962 = PRESENTATION_LAYER_ASSIGNMENT (  '', '', ( #8662 ) ) ;
#963 = CARTESIAN_POINT ( 'NONE',  ( 2.338610563973460010, -1.170108468000919943, 3.619679129526180539 ) ) ;
#964 = VERTEX_POINT ( 'NONE', #4294 ) ;
#965 = CARTESIAN_POINT ( 'NONE',  ( 1.709419751725309133, 2.068842596427933778, 4.062213304289159943 ) ) ;
#966 = CARTESIAN_POINT ( 'NONE',  ( -1.085281752842120140, -2.381338669165499855, 3.391840585329950031 ) ) ;
#967 = MECHANICAL_DESIGN_GEOMETRIC_PRESENTATION_REPRESENTATION (  '', ( #7515 ), #5102 ) ;
#968 = CARTESIAN_POINT ( 'NONE',  ( -4.082987295958790422E-15, -2.004488576375969888, 3.562213304289150173 ) ) ;
#969 = VECTOR ( 'NONE', #7434, 1000.000000000000000 ) ;
#970 = DIRECTION ( 'NONE',  ( 0.4836800446059880687, 0.000000000000000000, 0.8752448882741042935 ) ) ;
#971 = EDGE_CURVE ( 'NONE', #1533, #4175, #6715, .T. ) ;
#972 = CARTESIAN_POINT ( 'NONE',  ( 1.171811945717023740, -2.346350267611726714, 2.939561451721597773 ) ) ;
#973 = VERTEX_POINT ( 'NONE', #8354 ) ;
#974 = CARTESIAN_POINT ( 'NONE',  ( 1.170781946698050691, 2.389683080255238234, 2.346123162285260300 ) ) ;
#975 = CARTESIAN_POINT ( 'NONE',  ( 0.2459567831257349624, 1.993541949378889955, 2.444599270131050162 ) ) ;
#976 = CARTESIAN_POINT ( 'NONE',  ( -2.087499999999999911, 1.204218589807246831, 0.000000000000000000 ) ) ;
#977 =( LENGTH_UNIT ( ) NAMED_UNIT ( * ) SI_UNIT ( .MILLI., .METRE. ) );
#978 = LINE ( 'NONE', #5580, #4278 ) ;
#979 = CARTESIAN_POINT ( 'NONE',  ( 2.087499999999999911, -0.5849999999999999645, 0.000000000000000000 ) ) ;
#980 = CARTESIAN_POINT ( 'NONE',  ( 4.806971567913650212, 3.200933220430484560, 19.80000000000000071 ) ) ;
#981 = CARTESIAN_POINT ( 'NONE',  ( 2.527312275965349464, -1.170157752550778918, 1.150392694566164442 ) ) ;
#982 = STYLED_ITEM ( 'NONE', ( #3160 ), #5618 ) ;
#983 = CARTESIAN_POINT ( 'NONE',  ( 2.323262971161846213, -1.198764904070064974, 3.023199761055439971 ) ) ;
#984 = FACE_OUTER_BOUND ( 'NONE', #1584, .T. ) ;
#985 = PRESENTATION_LAYER_ASSIGNMENT (  '', '', ( #4414 ) ) ;
#986 = CARTESIAN_POINT ( 'NONE',  ( 2.989132573881602806, 1.210925853620218540, 2.969165229559820762 ) ) ;
#987 = CARTESIAN_POINT ( 'NONE',  ( 1.169992171014304638, 2.338649169650270920, 3.462676777723357802 ) ) ;
#988 = CARTESIAN_POINT ( 'NONE',  ( -1.957707271920956504, -1.705095538546238298, 18.49999999999999645 ) ) ;
#989 = B_SPLINE_CURVE_WITH_KNOTS ( 'NONE', 3,
 ( #7674, #4165, #4296, #3489, #2719, #8171, #2815, #3009, #1074, #7184, #7765, #3756, #1684, #5137, #7850, #3624, #4339, #3799, #5187, #7897, #7801, #6343, #4379, #325, #3141, #8401, #2327, #5839, #1026, #7093, #1600, #286, #5088, #7051, #244, #6475, #2416, #6518, #7007, #409, #8492, #4429, #2964, #8575, #1731, #5672, #5792, #940, #2468, #2284, #4472, #364, #3097, #1778, #8531, #896, #7141, #5005, #2369, #7725, #3665, #5756, #6383, #5715, #8445, #5045, #1639, #980, #3711, #6426, #3052, #3727, #7109, #5060, #8503, #8417, #300, #7817, #4350, #5103, #2381, #3069, #7775, #5771 ),
 .UNSPECIFIED., .F., .F.,
 ( 4, 1, 1, 1, 2, 2, 1, 1, 2, 2, 1, 2, 2, 2, 1, 1, 2, 2, 1, 1, 2, 2, 1, 1, 1, 2, 2, 2, 1, 1, 1, 2, 2, 1, 1, 2, 2, 1, 2, 2, 2, 1, 1, 2, 2, 1, 1, 2, 2, 1, 1, 1, 2, 2, 4 ),
 ( 0.000000000000000000, 0.03124999999999976408, 0.04687499999999964612, 0.05468749999999959754, 0.05859374999999956979, 0.06249999999999954203, 0.09374999999999923672, 0.1093749999999990702, 0.1171874999999989730, 0.1249999999999989175, 0.1562499999999987788, 0.1718749999999987232, 0.1874999999999986955, 0.2499999999999985012, 0.2812499999999983902, 0.2968749999999983347, 0.3046874999999983347, 0.3124999999999982792, 0.3437499999999986677, 0.3593749999999988343, 0.3671874999999989453, 0.3749999999999990563, 0.4062499999999993339, 0.4218749999999995004, 0.4296874999999996114, 0.4335937499999996114, 0.4374999999999996114, 0.4999999999999997780, 0.5312499999999998890, 0.5468749999999998890, 0.5546874999999997780, 0.5585937499999997780, 0.5624999999999997780, 0.5937499999999997780, 0.6093749999999997780, 0.6171874999999997780, 0.6249999999999997780, 0.6562500000000000000, 0.6718750000000001110, 0.6875000000000002220, 0.7500000000000005551, 0.7812500000000006661, 0.7968750000000006661, 0.8046875000000006661, 0.8125000000000007772, 0.8437500000000007772, 0.8593750000000006661, 0.8671875000000005551, 0.8750000000000004441, 0.9062500000000003331, 0.9218750000000003331, 0.9296875000000003331, 0.9335937500000003331, 0.9375000000000002220, 1.000000000000000000 ),
 .UNSPECIFIED. ) ;
#990 = B_SPLINE_SURFACE_WITH_KNOTS ( 'NONE', 3, 3, ( 
 ( #3497, #2921, #5500, #8271 ),
 ( #4260, #8224, #2247, #5591 ),
 ( #2115, #4829, #2870, #777 ),
 ( #7589, #4921, #7629, #5678 ),
 ( #6213, #114, #6919, #2824 ),
 ( #2163, #4873, #1478, #6966 ),
 ( #5762, #457, #4479, #7809 ),
 ( #3717, #8537, #5051, #7056 ),
 ( #5844, #7233, #1605, #1123 ),
 ( #328, #8627, #2374, #8496 ),
 ( #3058, #7769, #7905, #3191 ) ),
 .UNSPECIFIED., .F., .F., .F.,
 ( 4, 3, 1, 3, 4 ),
 ( 4, 4 ),
 ( -0.01009999999999999960, 0.000000000000000000, 0.5000000000000000000, 1.000000000000000000, 1.010000000000000009 ),
 ( -0.06149384837296589801, 0.009223932269414000448 ),
 .UNSPECIFIED. ) ;
#991 =( LENGTH_UNIT ( ) NAMED_UNIT ( * ) SI_UNIT ( .MILLI., .METRE. ) );
#992 = CARTESIAN_POINT ( 'NONE',  ( -2.645519150545541542, -1.868515763111142869, 2.969165229559819874 ) ) ;
#993 = CARTESIAN_POINT ( 'NONE',  ( 2.036615122228360164, 0.2756969821399389842, 0.7659099622468721336 ) ) ;
#994 = AXIS2_PLACEMENT_3D ( 'NONE', #7326, #5988, #430 ) ;
#995 = CARTESIAN_POINT ( 'NONE',  ( -1.013759972745680082, -2.017997300656070081, 2.338048660645219989 ) ) ;
#996 = DIRECTION ( 'NONE',  ( -1.836970198721029934E-16, -1.000000000000000000, 0.000000000000000000 ) ) ;
#997 = ORIENTED_EDGE ( 'NONE', *, *, #4146, .F. ) ;
#998 = CARTESIAN_POINT ( 'NONE',  ( -2.947020279111681518, -4.345725536156369806, 23.60000000000000853 ) ) ;
#999 =( LENGTH_UNIT ( ) NAMED_UNIT ( * ) SI_UNIT ( .MILLI., .METRE. ) );
#1000 = STYLED_ITEM ( 'NONE', ( #3618 ), #4729 ) ;
#1001 = CARTESIAN_POINT ( 'NONE',  ( -2.500000000000000000, 0.1588637460819159186, 23.60000000000000142 ) ) ;
#1002 = CARTESIAN_POINT ( 'NONE',  ( -1.990496523423950004, 0.2381160382630500005, 3.022064739160810198 ) ) ;
#1003 = ORIENTED_EDGE ( 'NONE', *, *, #3356, .T. ) ;
#1004 = AXIS2_PLACEMENT_3D ( 'NONE', #6350, #5639, #2972 ) ;
#1005 = CARTESIAN_POINT ( 'NONE',  ( -1.086867274062929933, 2.379895798499600090, 3.023199761058580126 ) ) ;
#1006 = ORIENTED_EDGE ( 'NONE', *, *, #2641, .T. ) ;
#1007 = CARTESIAN_POINT ( 'NONE',  ( 1.286299887497099892, 2.280490654322659960, 3.932538239560280591 ) ) ;
#1008 = CARTESIAN_POINT ( 'NONE',  ( -0.5849999999999999645, -2.672499999999999876, 0.000000000000000000 ) ) ;
#1009 = CARTESIAN_POINT ( 'NONE',  ( -0.8939720704007090291, 1.786839181471210125, 3.462470793044349904 ) ) ;
#1010 = DIRECTION ( 'NONE',  ( -1.000000000000000000, -0.000000000000000000, 0.000000000000000000 ) ) ;
#1011 = CARTESIAN_POINT ( 'NONE',  ( 6.749999999999996447, -13.50000000000000000, 19.78964466094066665 ) ) ;
#1012 = CARTESIAN_POINT ( 'NONE',  ( 1.169999999999999929, -2.678350000000000453, 0.1648747531013509959 ) ) ;
#1013 = EDGE_LOOP ( 'NONE', ( #1219, #2644, #7110, #8558 ) ) ;
#1014 = CARTESIAN_POINT ( 'NONE',  ( -1.169983111790791286, -2.617508042116594158, 0.5768359697992053725 ) ) ;
#1015 = CARTESIAN_POINT ( 'NONE',  ( 1.169999999999999929, 2.678350000000000453, 0.1648747531013440015 ) ) ;
#1016 = ORIENTED_EDGE ( 'NONE', *, *, #2465, .F. ) ;
#1017 = CARTESIAN_POINT ( 'NONE',  ( 2.589955567827030514, 0.000000000000000000, 18.50000000000000355 ) ) ;
#1018 = CARTESIAN_POINT ( 'NONE',  ( -0.8774999999999989475, 2.087499999999999911, 0.1698237986199239991 ) ) ;
#1019 = AXIS2_PLACEMENT_3D ( 'NONE', #627, #4207, #723 ) ;
#1020 = EDGE_CURVE ( 'NONE', #1262, #1791, #78, .T. ) ;
#1021 = LINE ( 'NONE', #7305, #262 ) ;
#1022 = CARTESIAN_POINT ( 'NONE',  ( -2.070590768627080358, 1.154432328905159899, 0.3996872929963279919 ) ) ;
#1023 = CARTESIAN_POINT ( 'NONE',  ( -2.380000000000000338, -1.169999999999999929, 0.000000000000000000 ) ) ;
#1024 = VECTOR ( 'NONE', #5226, 1000.000000000000114 ) ;
#1025 = CARTESIAN_POINT ( 'NONE',  ( -1.064542639132221469, 2.127843671656144853, 3.452849887242845028 ) ) ;
#1026 = CARTESIAN_POINT ( 'NONE',  ( -2.745259391116336989, 5.087376438077252594, 19.80000000000000071 ) ) ;
#1027 = DIRECTION ( 'NONE',  ( 0.000000000000000000, 0.000000000000000000, -1.000000000000000000 ) ) ;
#1028 = CARTESIAN_POINT ( 'NONE',  ( -1.785259010704011606, -0.8932816773878640149, 3.310596951691503254 ) ) ;
#1029 = DIRECTION ( 'NONE',  ( 1.000000000000000000, 0.000000000000000000, 0.000000000000000000 ) ) ;
#1030 = EDGE_CURVE ( 'NONE', #7426, #261, #1427, .T. ) ;
#1031 = SURFACE_STYLE_USAGE ( .BOTH. , #4383 ) ;
#1032 =( NAMED_UNIT ( * ) PLANE_ANGLE_UNIT ( ) SI_UNIT ( $, .RADIAN. ) );
#1033 = CARTESIAN_POINT ( 'NONE',  ( 0.8949128021042527248, 1.788719077116844636, 3.461860890506198274 ) ) ;
#1034 = MECHANICAL_DESIGN_GEOMETRIC_PRESENTATION_REPRESENTATION (  '', ( #8463 ), #2326 ) ;
#1035 = CARTESIAN_POINT ( 'NONE',  ( -2.614956068872666073, 0.4071354516489438247, 3.562206936433874649 ) ) ;
#1036 = CARTESIAN_POINT ( 'NONE',  ( -0.8500854391871552895, -3.114186531314004913, 2.969165229559820762 ) ) ;
#1037 = CARTESIAN_POINT ( 'NONE',  ( 1.883778650278389977, 0.6849431702937740507, 3.391484666840960394 ) ) ;
#1038 = EDGE_CURVE ( 'NONE', #5284, #7913, #4743, .T. ) ;
#1039 = CARTESIAN_POINT ( 'NONE',  ( -1.169999999999999929, -2.672499999999999876, 0.1648747531013670109 ) ) ;
#1040 = CARTESIAN_POINT ( 'NONE',  ( 2.015396960883569122, -1.104002001797530275, 0.7181724610148990662 ) ) ;
#1041 = CARTESIAN_POINT ( 'NONE',  ( -2.323853930140127311, -1.199288233480668930, 3.562213304289150173 ) ) ;
#1042 = VERTEX_POINT ( 'NONE', #515 ) ;
#1043 = CARTESIAN_POINT ( 'NONE',  ( 2.217775750365946319, 4.760047758114905214, 23.60000000000000142 ) ) ;
#1044 = STYLED_ITEM ( 'NONE', ( #3441 ), #7296 ) ;
#1045 = PRESENTATION_STYLE_ASSIGNMENT (( #7065 ) ) ;
#1046 = CARTESIAN_POINT ( 'NONE',  ( 0.3175572163245012902, -2.499932630022157820, 23.59999999999999787 ) ) ;
#1047 = CARTESIAN_POINT ( 'NONE',  ( -1.784227534875320043, 0.9015126682900600485, 3.022064739160810198 ) ) ;
#1048 = EDGE_LOOP ( 'NONE', ( #3255, #8380, #6508, #5125 ) ) ;
#1049 =( GEOMETRIC_REPRESENTATION_CONTEXT ( 3 ) GLOBAL_UNCERTAINTY_ASSIGNED_CONTEXT ( ( #2928 ) ) GLOBAL_UNIT_ASSIGNED_CONTEXT ( ( #1371, #4779, #8116 ) ) REPRESENTATION_CONTEXT ( 'NONE', 'WORKASPACE' ) );
#1050 =( BOUNDED_SURFACE ( )  B_SPLINE_SURFACE ( 3, 3, ( 
 ( #5741, #8564, #3173, #8433 ),
 ( #4410, #7078, #5822, #5874 ),
 ( #4505, #1809, #1011, #2315 ),
 ( #7838, #4458, #1716, #7215 ) ),
 .UNSPECIFIED., .F., .F., .F. ) 
 B_SPLINE_SURFACE_WITH_KNOTS ( ( 4, 4 ),
 ( 4, 4 ),
 ( 0.000000000000000000, 1.000000000000000000 ),
 ( 0.000000000000000000, 1.000000000000000000 ),
 .UNSPECIFIED. ) 
 GEOMETRIC_REPRESENTATION_ITEM ( )  RATIONAL_B_SPLINE_SURFACE ( (
 ( 1.000000000000000000, 0.3333333333333334259, 0.3333333333333334259, 1.000000000000000000),
 ( 0.8047378541243732641, 0.2682459513747911806, 0.2682459513747911806, 0.8047378541243732641),
 ( 0.8047378541243732641, 0.2682459513747911806, 0.2682459513747911806, 0.8047378541243732641),
 ( 1.000000000000000000, 0.3333333333333334259, 0.3333333333333334259, 1.000000000000000000) ) ) 
 REPRESENTATION_ITEM ( '' )  SURFACE ( )  );
#1051 = COLOUR_RGB ( '',0.8313725490196077761, 0.8313725490196077761, 0.8313725490196077761 ) ;
#1052 = EDGE_CURVE ( 'NONE', #6036, #225, #2462, .T. ) ;
#1053 = DIRECTION ( 'NONE',  ( -0.000000000000000000, 1.000000000000000000, 0.000000000000000000 ) ) ;
#1054 = ORIENTED_EDGE ( 'NONE', *, *, #1952, .F. ) ;
#1055 = CARTESIAN_POINT ( 'NONE',  ( -1.950681896469208310, -5.435785393496278317, 19.80000000000000071 ) ) ;
#1057 = CARTESIAN_POINT ( 'NONE',  ( -0.8965438131093684815, 1.788758249433806347, 3.043410602280804955 ) ) ;
#1056 = STYLED_ITEM ( 'NONE', ( #5091 ), #7609 ) ;
#1058 = COLOUR_RGB ( '',0.2862745098039215508, 0.2862745098039215508, 0.2862745098039215508 ) ;
#1059 = CARTESIAN_POINT ( 'NONE',  ( -5.957065901446633246E-07, -2.672499999999999876, 0.000000000000000000 ) ) ;
#1060 = DIRECTION ( 'NONE',  ( 1.000000000000000000, 0.000000000000000000, 0.000000000000000000 ) ) ;
#1061 = EDGE_LOOP ( 'NONE', ( #5906, #5829, #8466, #2180 ) ) ;
#1062 = DIRECTION ( 'NONE',  ( 0.000000000000000000, 0.4836800446059890679, 0.8752448882741037384 ) ) ;
#1063 = CARTESIAN_POINT ( 'NONE',  ( 1.171832571672928092, 2.342593206259148353, 3.311115224814387137 ) ) ;
#1064 = EDGE_CURVE ( 'NONE', #3926, #1212, #3599, .T. ) ;
#1065 = EDGE_LOOP ( 'NONE', ( #4884, #6238, #2916, #7173 ) ) ;
#1066 = CARTESIAN_POINT ( 'NONE',  ( -2.614955567827029093, 5.229911135654058185, 18.48964466094067305 ) ) ;
#1067 = CARTESIAN_POINT ( 'NONE',  ( -1.173535639147980092, 2.087499999999999911, 0.000000000000000000 ) ) ;
#1068 = DIRECTION ( 'NONE',  ( -9.381451069113966745E-17, -1.000000000000000000, 5.184401225725134028E-17 ) ) ;
#1069 = CARTESIAN_POINT ( 'NONE',  ( -1.972015892948990157, 0.9865990537412021588, 3.462539920190049969 ) ) ;
#1070 = DIRECTION ( 'NONE',  ( -0.8943529214773572322, -0.4473621037201475081, 0.000000000000000000 ) ) ;
#1071 = COLOUR_RGB ( '',0.8313725490196077761, 0.8313725490196077761, 0.8313725490196077761 ) ;
#1072 = EDGE_CURVE ( 'NONE', #5735, #1766, #1642, .T. ) ;
#1073 = FACE_OUTER_BOUND ( 'NONE', #203, .T. ) ;
#1074 = CARTESIAN_POINT ( 'NONE',  ( -5.644557172724002037, 1.234831806950805300, 19.80000000000000071 ) ) ;
#1075 = CARTESIAN_POINT ( 'NONE',  ( -2.071721701753328038, -1.158982597483295907, 0.3444591164571831898 ) ) ;
#1076 = CARTESIAN_POINT ( 'NONE',  ( -2.000000000000000000, 2.449293598294706414E-16, 18.51035533905932695 ) ) ;
#1077 = CARTESIAN_POINT ( 'NONE',  ( -1.675361690177919805, 2.007773849016310397, 4.062213304289150173 ) ) ;
#1078 = CARTESIAN_POINT ( 'NONE',  ( -6.749999999999998224, 13.49999999999999645, 19.77499999999999858 ) ) ;
#1079 = CARTESIAN_POINT ( 'NONE',  ( -2.347132379120421941, -1.096751408576295495, 18.50000000000000355 ) ) ;
#1080 =( LENGTH_UNIT ( ) NAMED_UNIT ( * ) SI_UNIT ( .MILLI., .METRE. ) );
#1081 = CARTESIAN_POINT ( 'NONE',  ( -6.292355449630528064, -2.373782457389376876, 19.79999999999999716 ) ) ;
#1082 = EDGE_CURVE ( 'NONE', #4670, #7542, #8396, .T. ) ;
#1083 = EDGE_CURVE ( 'NONE', #8479, #7248, #6444, .T. ) ;
#1084 = CARTESIAN_POINT ( 'NONE',  ( 1.160902991420059038, -2.077637384498361772, 0.2920653471140219337 ) ) ;
#1085 = CARTESIAN_POINT ( 'NONE',  ( -2.658176790693699942, -1.178070847838760260, 0.3537504162900820814 ) ) ;
#1086 = VERTEX_POINT ( 'NONE', #3924 ) ;
#1087 = CARTESIAN_POINT ( 'NONE',  ( 5.250000000000000888, 0.000000000000000000, 23.60000000000000142 ) ) ;
#1088 = CARTESIAN_POINT ( 'NONE',  ( 2.447858550434200087, 1.084567719037049960, 1.944948958557380037 ) ) ;
#1089 = CARTESIAN_POINT ( 'NONE',  ( -3.487992170635289657, 5.750040636048200149, 19.80000000000000426 ) ) ;
#1090 = CARTESIAN_POINT ( 'NONE',  ( 4.349385432184959654, 8.698770864369917533, 0.7000000000000030642 ) ) ;
#1091 = CARTESIAN_POINT ( 'NONE',  ( -1.645878575097169172, 1.889707849479629775, 23.60000000000000497 ) ) ;
#1092 = CARTESIAN_POINT ( 'NONE',  ( -2.074677608351859881, -1.168717319237470020, 0.3536250458933549723 ) ) ;
#1093 = ORIENTED_EDGE ( 'NONE', *, *, #38, .T. ) ;
#1094 = SURFACE_STYLE_USAGE ( .BOTH. , #1666 ) ;
#1095 = CARTESIAN_POINT ( 'NONE',  ( -1.084727767120089892, 2.381627267538109827, 3.562213304289150173 ) ) ;
#1096 = EDGE_LOOP ( 'NONE', ( #1547, #5116 ) ) ;
#1097 = SURFACE_SIDE_STYLE ('',( #3212 ) ) ;
#1098 = CIRCLE ( 'NONE', #2092, 2.000000000000000000 ) ;
#1099 = CARTESIAN_POINT ( 'NONE',  ( 5.403475737040248639, -2.038441459246664422, 19.80000000000000071 ) ) ;
#1100 = CARTESIAN_POINT ( 'NONE',  ( -1.129160790028090000, 2.334024782633270068, 1.071904821264330065 ) ) ;
#1101 = CARTESIAN_POINT ( 'NONE',  ( 2.379999999999999893, -3.157682639772280494E-16, 0.000000000000000000 ) ) ;
#1102 = CARTESIAN_POINT ( 'NONE',  ( 2.087499999999999911, -0.8774999999999999467, 0.1698237983775840176 ) ) ;
#1103 = CARTESIAN_POINT ( 'NONE',  ( -2.614955567827029981, 3.202396966051921746E-16, 18.47500000000000142 ) ) ;
#1104 = CARTESIAN_POINT ( 'NONE',  ( 1.170662205742946549, -2.433289969365862060, 1.846234197246480635 ) ) ;
#1105 = EDGE_LOOP ( 'NONE', ( #3734, #4181, #3261, #7121, #2977, #711, #5512, #85, #7380, #8097, #7572, #6923 ) ) ;
#1106 =( NAMED_UNIT ( * ) PLANE_ANGLE_UNIT ( ) SI_UNIT ( $, .RADIAN. ) );
#1107 = PRESENTATION_LAYER_ASSIGNMENT (  '', '', ( #5941 ) ) ;
#1108 = MECHANICAL_DESIGN_GEOMETRIC_PRESENTATION_REPRESENTATION (  '', ( #6374 ), #5526 ) ;
#1109 = LINE ( 'NONE', #3968, #4396 ) ;
#1110 = CARTESIAN_POINT ( 'NONE',  ( -1.056334960982123983, 1.944540189459180057, 1.127511258060150068 ) ) ;
#1111 = CARTESIAN_POINT ( 'NONE',  ( 1.498511767863651256, -1.647197381873634514, 4.062213338820048314 ) ) ;
#1112 = CARTESIAN_POINT ( 'NONE',  ( -1.784801227490511177, 0.9024893073445178215, 3.562187136347260807 ) ) ;
#1113 = EDGE_CURVE ( 'NONE', #964, #5301, #6182, .T. ) ;
#1114 = CARTESIAN_POINT ( 'NONE',  ( -2.518180856999887141, -0.8139515992651699117, 3.562210120353219267 ) ) ;
#1115 = FACE_OUTER_BOUND ( 'NONE', #3728, .T. ) ;
#1116 =( NAMED_UNIT ( * ) PLANE_ANGLE_UNIT ( ) SI_UNIT ( $, .RADIAN. ) );
#1117 = VECTOR ( 'NONE', #2055, 1000.000000000000000 ) ;
#1118 = CARTESIAN_POINT ( 'NONE',  ( -2.199459356721160219, -1.120948431145379898, 0.7453374372121931435 ) ) ;
#1119 =( NAMED_UNIT ( * ) PLANE_ANGLE_UNIT ( ) SI_UNIT ( $, .RADIAN. ) );
#1120 = B_SPLINE_CURVE_WITH_KNOTS ( 'NONE', 3,
 ( #2981, #5606, #1493, #4356, #5731, #4228, #304, #2886, #7025, #5065, #7066, #130 ),
 .UNSPECIFIED., .F., .F.,
 ( 4, 2, 2, 2, 2, 4 ),
 ( 1.589813425819733913E-11, 0.001739556353612683364, 0.002609334522469958402, 0.003044223606898595162, 0.003261668149112913542, 0.003479112691327231922 ),
 .UNSPECIFIED. ) ;
#1121 = SURFACE_STYLE_USAGE ( .BOTH. , #3714 ) ;
#1122 = CARTESIAN_POINT ( 'NONE',  ( 0.000000000000000000, 0.000000000000000000, 10.24702156663260055 ) ) ;
#1123 = CARTESIAN_POINT ( 'NONE',  ( -1.436374676556030794, 1.393057972027093250, 4.062213304289150173 ) ) ;
#1124 = CARTESIAN_POINT ( 'NONE',  ( -5.542893218813448541, 11.08578643762689886, 23.60000000000000142 ) ) ;
#1125 = CARTESIAN_POINT ( 'NONE',  ( 1.500632558410937456, -2.124548272406859617, 18.50000000000000355 ) ) ;
#1126 = COLOUR_RGB ( '',0.8313725490196077761, 0.8313725490196077761, 0.8313725490196077761 ) ;
#1127 = CARTESIAN_POINT ( 'NONE',  ( -0.9071574518893350536, 1.801991306090626743, 2.880791522353052692 ) ) ;
#1128 = CARTESIAN_POINT ( 'NONE',  ( -6.573091062385859829, -1.437991972546778463, 19.79999999999999361 ) ) ;
#1129 = CARTESIAN_POINT ( 'NONE',  ( -1.169999999999999929, -2.081591500000000483, 0.000000000000000000 ) ) ;
#1130 = CARTESIAN_POINT ( 'NONE',  ( -2.658154020942672613, -1.185925438833559165, 0.3537504162900820814 ) ) ;
#1131 = ORIENTED_EDGE ( 'NONE', *, *, #1082, .T. ) ;
#1132 = CARTESIAN_POINT ( 'NONE',  ( 1.038916166796331364, 5.146220967931312451, 23.60000000000000142 ) ) ;
#1133 = CARTESIAN_POINT ( 'NONE',  ( 2.672499999999999876, 1.185922312345388807, 0.1698237983775840176 ) ) ;
#1134 = CIRCLE ( 'NONE', #2274, 6.750000000000000000 ) ;
#1135 = COLOUR_RGB ( '',0.8313725490196077761, 0.8313725490196077761, 0.8313725490196077761 ) ;
#1136 = CARTESIAN_POINT ( 'NONE',  ( -5.151531800550503526, 4.333874646347717352, 19.80000000000000071 ) ) ;
#1137 = CARTESIAN_POINT ( 'NONE',  ( 0.9602408923906301519, -2.308336204962085247, 23.60000000000000497 ) ) ;
#1138 = CARTESIAN_POINT ( 'NONE',  ( -1.990884147329400111, -0.2335924706744940127, 3.391484666840950180 ) ) ;
#1139 = EDGE_LOOP ( 'NONE', ( #1003, #6176, #2534, #3245, #3781, #7701 ) ) ;
#1140 = COLOUR_RGB ( '',0.2862745098039215508, 0.2862745098039215508, 0.2862745098039215508 ) ;
#1141 = B_SPLINE_CURVE_WITH_KNOTS ( 'NONE', 3,
 ( #1112, #6043, #8767, #2650 ),
 .UNSPECIFIED., .F., .F.,
 ( 4, 4 ),
 ( 8.741117365843378158E-19, 0.0001006762783424017764 ),
 .UNSPECIFIED. ) ;
#1142 = CARTESIAN_POINT ( 'NONE',  ( -0.9039236510716680550, 2.459574636347510168, 3.023199761058580126 ) ) ;
#1143 = ORIENTED_EDGE ( 'NONE', *, *, #7890, .F. ) ;
#1144 =( LENGTH_UNIT ( ) NAMED_UNIT ( * ) SI_UNIT ( .MILLI., .METRE. ) );
#1145 = CARTESIAN_POINT ( 'NONE',  ( -1.169999999999999929, 2.653608653365420178, 0.3998310685270690112 ) ) ;
#1146 = CARTESIAN_POINT ( 'NONE',  ( 0.9023173932253849561, -1.784887482413200166, 3.391484666840950180 ) ) ;
#1147 = ADVANCED_FACE ( 'NONE', ( #6584 ), #5035, .F. ) ;
#1148 = DIRECTION ( 'NONE',  ( 1.000000000000000000, 0.000000000000000000, 0.000000000000000000 ) ) ;
#1149 = CARTESIAN_POINT ( 'NONE',  ( 2.084339191821757531, 3.862436505284459809, 2.969165229559819430 ) ) ;
#1150 = PRESENTATION_LAYER_ASSIGNMENT (  '', '', ( #6423 ) ) ;
#1151 = ORIENTED_EDGE ( 'NONE', *, *, #8019, .F. ) ;
#1152 = CARTESIAN_POINT ( 'NONE',  ( 2.022798673345942877, 1.112027929872511534, 0.6498570290777231362 ) ) ;
#1153 = CARTESIAN_POINT ( 'NONE',  ( 2.672499999999999876, 0.5849999999999997424, -2.754830917718800176 ) ) ;
#1154 = CARTESIAN_POINT ( 'NONE',  ( -0.8646940022364130174, 2.069385513715829905, 0.4031326314136409739 ) ) ;
#1155 = LINE ( 'NONE', #6554, #6010 ) ;
#1156 = COLOUR_RGB ( '',0.2862745098039215508, 0.2862745098039215508, 0.2862745098039215508 ) ;
#1157 = SURFACE_STYLE_FILL_AREA ( #7267 ) ;
#1158 =( NAMED_UNIT ( * ) PLANE_ANGLE_UNIT ( ) SI_UNIT ( $, .RADIAN. ) );
#1159 = CARTESIAN_POINT ( 'NONE',  ( -6.750000000000001776, -13.49999999999999645, 10.25306961402259986 ) ) ;
#1160 = DIRECTION ( 'NONE',  ( -1.000000000000000000, 1.224646799147353947E-16, 0.000000000000000000 ) ) ;
#1161 = DIRECTION ( 'NONE',  ( 0.000000000000000000, 0.000000000000000000, 1.000000000000000000 ) ) ;
#1162 = CARTESIAN_POINT ( 'NONE',  ( 0.000000000000000000, 0.000000000000000000, 0.000000000000000000 ) ) ;
#1163 =( NAMED_UNIT ( * ) PLANE_ANGLE_UNIT ( ) SI_UNIT ( $, .RADIAN. ) );
#1164 = CARTESIAN_POINT ( 'NONE',  ( -1.925659055907818384, -0.6238742356848490100, 3.562210557699130753 ) ) ;
#1165 = CARTESIAN_POINT ( 'NONE',  ( 2.017997300656070081, -1.013759972745680082, 2.338048660645219989 ) ) ;
#1166 = CARTESIAN_POINT ( 'NONE',  ( 6.739644660940671272, 0.000000000000000000, 19.79999999999999716 ) ) ;
#1167 = CARTESIAN_POINT ( 'NONE',  ( 2.000000000000000000, 3.999999999999999556, 18.52499999999999858 ) ) ;
#1168 = CARTESIAN_POINT ( 'NONE',  ( -2.000000000000001332, 4.000000000000002665, 23.39289321881345174 ) ) ;
#1169 = AXIS2_PLACEMENT_3D ( 'NONE', #8758, #2074, #4833 ) ;
#1170 = CARTESIAN_POINT ( 'NONE',  ( -0.9658923752941371843, 1.865746895225954161, 2.013060019382221899 ) ) ;
#1171 = SURFACE_SIDE_STYLE ('',( #2592 ) ) ;
#1172 = CARTESIAN_POINT ( 'NONE',  ( -0.8941888003659602679, -1.787074013511904980, 3.310598639489374051 ) ) ;
#1173 = CARTESIAN_POINT ( 'NONE',  ( -2.447858277609580302, -1.084568693208070034, 1.944948958572229936 ) ) ;
#1174 = ORIENTED_EDGE ( 'NONE', *, *, #5124, .F. ) ;
#1175 = CARTESIAN_POINT ( 'NONE',  ( 4.706350616999365855, 2.338442919088041361, 23.60000000000000142 ) ) ;
#1176 = CARTESIAN_POINT ( 'NONE',  ( 2.417891636583569870, 1.177486028943379948, 1.944948958557380037 ) ) ;
#1177 = CARTESIAN_POINT ( 'NONE',  ( -4.919322236843950868, 4.591290235973099598, 19.79999999999999716 ) ) ;
#1178 = CARTESIAN_POINT ( 'NONE',  ( -2.500000000000000000, 1.020538999289461910E-16, 23.59999999999999787 ) ) ;
#1179 = CARTESIAN_POINT ( 'NONE',  ( -1.950811633107099929, -0.4607690719793740008, 3.562213304289150173 ) ) ;
#1180 = EDGE_LOOP ( 'NONE', ( #7209, #3654, #7251, #2953 ) ) ;
#1181 = PRESENTATION_LAYER_ASSIGNMENT (  '', '', ( #8463 ) ) ;
#1182 = FILL_AREA_STYLE ('',( #7290 ) ) ;
#1183 =( LENGTH_UNIT ( ) NAMED_UNIT ( * ) SI_UNIT ( .MILLI., .METRE. ) );
#1184 = EDGE_CURVE ( 'NONE', #3345, #466, #1964, .T. ) ;
#1185 = EDGE_LOOP ( 'NONE', ( #2305, #599 ) ) ;
#1186 = LINE ( 'NONE', #7875, #5616 ) ;
#1187 = CARTESIAN_POINT ( 'NONE',  ( 4.361335283428461551, 8.722670566856921326, 0.7000000000000030642 ) ) ;
#1188 = CARTESIAN_POINT ( 'NONE',  ( 1.109606078504071114, -2.002287610487609282, 0.7659099622496909898 ) ) ;
#1189 = CARTESIAN_POINT ( 'NONE',  ( 2.400533504712496047, 0.9724766149052020969, 18.50000000000000355 ) ) ;
#1190 = STYLED_ITEM ( 'NONE', ( #8032 ), #7177 ) ;
#1191 = AXIS2_PLACEMENT_3D ( 'NONE', #3826, #8601, #7163 ) ;
#1192 = ORIENTED_EDGE ( 'NONE', *, *, #6803, .T. ) ;
#1193 = CARTESIAN_POINT ( 'NONE',  ( 1.787074013511904980, 0.8941888003659632655, 3.310598639488893991 ) ) ;
#1194 = EDGE_CURVE ( 'NONE', #1766, #5743, #8370, .T. ) ;
#1195 = MECHANICAL_DESIGN_GEOMETRIC_PRESENTATION_REPRESENTATION (  '', ( #3209 ), #8474 ) ;
#1196 = AXIS2_PLACEMENT_3D ( 'NONE', #3167, #5167, #4589 ) ;
#1197 = CARTESIAN_POINT ( 'NONE',  ( 2.614955567827029981, 0.000000000000000000, 4.062213304289150173 ) ) ;
#1198 = CARTESIAN_POINT ( 'NONE',  ( -1.180606917443950188, 2.087499999999999911, 0.000000000000000000 ) ) ;
#1199 =( NAMED_UNIT ( * ) SI_UNIT ( $, .STERADIAN. ) SOLID_ANGLE_UNIT ( ) );
#1200 = DIRECTION ( 'NONE',  ( 1.000000000000000000, 0.000000000000000000, 0.000000000000000000 ) ) ;
#1201 = ORIENTED_EDGE ( 'NONE', *, *, #5851, .F. ) ;
#1202 = CARTESIAN_POINT ( 'NONE',  ( -2.477500000000000036, -1.169999999999999929, 0.1648747531013350087 ) ) ;
#1203 =( LENGTH_UNIT ( ) NAMED_UNIT ( * ) SI_UNIT ( .MILLI., .METRE. ) );
#1204 = CARTESIAN_POINT ( 'NONE',  ( -2.000000000000000000, 2.449293598294706414E-16, 18.52499999999999858 ) ) ;
#1205 = CARTESIAN_POINT ( 'NONE',  ( 2.022798673345922893, -1.112027929872491550, 0.6498570290778522551 ) ) ;
#1206 = FILL_AREA_STYLE ('',( #5799 ) ) ;
#1207 = CARTESIAN_POINT ( 'NONE',  ( 2.037984671963650296, 1.124762051015106179, 0.5780785853892810300 ) ) ;
#1208 = CARTESIAN_POINT ( 'NONE',  ( -4.384532436802680344, 8.769064873605360688, 2.969165229559819874 ) ) ;
#1209 = PRESENTATION_STYLE_ASSIGNMENT (( #3988 ) ) ;
#1210 = PRODUCT_DEFINITION ( 'UNKNOWN', '', #5804, #686 ) ;
#1211 = CARTESIAN_POINT ( 'NONE',  ( -2.672499999999999876, -1.193777672601308293, 0.1698237983775840176 ) ) ;
#1212 = VERTEX_POINT ( 'NONE', #4311 ) ;
#1213 = CARTESIAN_POINT ( 'NONE',  ( -1.177596933261293444, 2.334793442269784247, 3.562184389894078151 ) ) ;
#1214 = CARTESIAN_POINT ( 'NONE',  ( 2.658154025448661528, 1.185923878937131581, 0.3537504162854430145 ) ) ;
#1215 = CARTESIAN_POINT ( 'NONE',  ( -6.608050627709856073, 1.248969607155973049, 19.80000000000000071 ) ) ;
#1216 = DIRECTION ( 'NONE',  ( 6.123233995736769734E-17, 1.000000000000000000, -0.000000000000000000 ) ) ;
#1217 = SURFACE_STYLE_USAGE ( .BOTH. , #3456 ) ;
#1218 = CARTESIAN_POINT ( 'NONE',  ( -2.036615122229489927, -0.2756969821399269938, 0.7659099622955349851 ) ) ;
#1219 = ORIENTED_EDGE ( 'NONE', *, *, #234, .F. ) ;
#1220 = EDGE_CURVE ( 'NONE', #4032, #8290, #1120, .T. ) ;
#1221 = FILL_AREA_STYLE ('',( #3918 ) ) ;
#1222 = CARTESIAN_POINT ( 'NONE',  ( -4.409532436802682476, -8.819064873605359622, 2.979520568619147269 ) ) ;
#1223 = UNCERTAINTY_MEASURE_WITH_UNIT (LENGTH_MEASURE( 1.000000000000000082E-05 ), #5363, 'distance_accuracy_value', 'NONE');
#1224 = CARTESIAN_POINT ( 'NONE',  ( 0.2924080878983750242, 2.659913825591309955, 0.3537504162900840243 ) ) ;
#1225 = VERTEX_POINT ( 'NONE', #6272 ) ;
#1226 = DIRECTION ( 'NONE',  ( 1.000000000000000000, 0.000000000000000000, 0.000000000000000000 ) ) ;
#1227 = CARTESIAN_POINT ( 'NONE',  ( -1.172849408365833179, 2.344627728035520775, 3.311117116745617928 ) ) ;
#1228 = DIRECTION ( 'NONE',  ( 1.000000000000000000, 0.000000000000000000, 0.000000000000000000 ) ) ;
#1229 = CARTESIAN_POINT ( 'NONE',  ( 0.9325870893326583255, 2.416325028386958618, 18.50000000000000355 ) ) ;
#1230 = COLOUR_RGB ( '',0.8313725490196077761, 0.8313725490196077761, 0.8313725490196077761 ) ;
#1231 = VERTEX_POINT ( 'NONE', #7603 ) ;
#1232 = CARTESIAN_POINT ( 'NONE',  ( 1.169999999999999929, -2.087499999999999911, 0.000000000000000000 ) ) ;
#1233 = FILL_AREA_STYLE_COLOUR ( '', #8609 ) ;
#1234 = SURFACE_STYLE_USAGE ( .BOTH. , #7941 ) ;
#1235 = FILL_AREA_STYLE ('',( #752 ) ) ;
#1236 = VECTOR ( 'NONE', #8325, 1000.000000000000114 ) ;
#1237 = VERTEX_POINT ( 'NONE', #5690 ) ;
#1238 = SURFACE_STYLE_FILL_AREA ( #6053 ) ;
#1239 = COLOUR_RGB ( '',0.2862745098039215508, 0.2862745098039215508, 0.2862745098039215508 ) ;
#1240 = CARTESIAN_POINT ( 'NONE',  ( 1.204219204092847217, 2.087499999999999911, 0.1698237986199239991 ) ) ;
#1241 = CARTESIAN_POINT ( 'NONE',  ( 2.010355339059326063, -4.020710678118653902, 18.50000000000000000 ) ) ;
#1242 = CARTESIAN_POINT ( 'NONE',  ( 2.083561000000000440, -1.169999999999999929, 0.000000000000000000 ) ) ;
#1243 = ADVANCED_FACE ( 'NONE', ( #8376 ), #4193, .T. ) ;
#1244 = LINE ( 'NONE', #8077, #6279 ) ;
#1245 = SURFACE_STYLE_USAGE ( .BOTH. , #6527 ) ;
#1246 = CARTESIAN_POINT ( 'NONE',  ( 2.604600228767703030, -6.379430666437662402E-16, 18.50000000000000355 ) ) ;
#1247 = CARTESIAN_POINT ( 'NONE',  ( -5.660522790299056695, -3.631447040525990655, 19.80000000000000071 ) ) ;
#1248 = VECTOR ( 'NONE', #276, 1000.000000000000000 ) ;
#1249 = CARTESIAN_POINT ( 'NONE',  ( 1.170027373370468027, -2.391270687314368537, 2.303704596638480595 ) ) ;
#1250 = CARTESIAN_POINT ( 'NONE',  ( -2.672499999999999876, 1.193934749165447062, 0.000000000000000000 ) ) ;
#1251 = EDGE_LOOP ( 'NONE', ( #4893, #5175, #4462, #3687 ) ) ;
#1252 = CARTESIAN_POINT ( 'NONE',  ( -5.220784394729005129, 0.6397288174617793421, 23.59999999999999787 ) ) ;
#1253 =( GEOMETRIC_REPRESENTATION_CONTEXT ( 3 ) GLOBAL_UNCERTAINTY_ASSIGNED_CONTEXT ( ( #2844 ) ) GLOBAL_UNIT_ASSIGNED_CONTEXT ( ( #1536, #831, #2176 ) ) REPRESENTATION_CONTEXT ( 'NONE', 'WORKASPACE' ) );
#1254 = CARTESIAN_POINT ( 'NONE',  ( 2.672499999999999876, 1.178068518136530018, 0.000000000000000000 ) ) ;
#1255 = CARTESIAN_POINT ( 'NONE',  ( -2.995524107433360061, -4.938325533404123391, 19.79999999999999716 ) ) ;
#1256 = CARTESIAN_POINT ( 'NONE',  ( 3.196815547188908813, 5.924284082912901539, 19.80000000000000071 ) ) ;
#1257 = CARTESIAN_POINT ( 'NONE',  ( -6.750000000000000000, 8.266365894244634333E-16, 10.25306961402259986 ) ) ;
#1258 = CARTESIAN_POINT ( 'NONE',  ( -2.039086542903139954, 3.671976176101270393E-15, 0.7659099622955359843 ) ) ;
#1259 = ORIENTED_EDGE ( 'NONE', *, *, #1082, .F. ) ;
#1260 = LINE ( 'NONE', #7462, #6576 ) ;
#1261 = CARTESIAN_POINT ( 'NONE',  ( 1.434968537908001496, -1.395869085603806514, 4.062213304289150173 ) ) ;
#1262 = VERTEX_POINT ( 'NONE', #3684 ) ;
#1263 = CARTESIAN_POINT ( 'NONE',  ( -5.760355339059327839, 7.054400727930372410E-16, 19.79999999999999716 ) ) ;
#1264 =( NAMED_UNIT ( * ) SI_UNIT ( $, .STERADIAN. ) SOLID_ANGLE_UNIT ( ) );
#1265 = DIRECTION ( 'NONE',  ( 0.000000000000000000, 0.000000000000000000, 1.000000000000000000 ) ) ;
#1266 = CARTESIAN_POINT ( 'NONE',  ( 3.200000000000000178, -7.837739514543060920E-16, 2.994165229559819785 ) ) ;
#1267 = MECHANICAL_DESIGN_GEOMETRIC_PRESENTATION_REPRESENTATION (  '', ( #5699 ), #7821 ) ;
#1268 = CARTESIAN_POINT ( 'NONE',  ( -1.954424285663149963, 1.047482370084269920, 1.071369376537689933 ) ) ;
#1269 = ORIENTED_EDGE ( 'NONE', *, *, #3332, .T. ) ;
#1270 = CARTESIAN_POINT ( 'NONE',  ( -2.338598441785688209, 1.169995547456817775, 3.495965438562812722 ) ) ;
#1271 =( BOUNDED_SURFACE ( )  B_SPLINE_SURFACE ( 3, 3, ( 
 ( #2060, #577, #4784, #1331 ),
 ( #4113, #3400, #8124, #1246 ),
 ( #5276, #6729, #7491, #534 ),
 ( #7443, #2012, #8707, #4611 ) ),
 .UNSPECIFIED., .F., .F., .F. ) 
 B_SPLINE_SURFACE_WITH_KNOTS ( ( 4, 4 ),
 ( 4, 4 ),
 ( 0.000000000000000000, 1.000000000000000000 ),
 ( 0.000000000000000000, 1.000000000000000000 ),
 .UNSPECIFIED. ) 
 GEOMETRIC_REPRESENTATION_ITEM ( )  RATIONAL_B_SPLINE_SURFACE ( (
 ( 1.000000000000000000, 0.3333333333333334259, 0.3333333333333334259, 1.000000000000000000),
 ( 0.8047378541243649375, 0.2682459513747884050, 0.2682459513747884050, 0.8047378541243649375),
 ( 0.8047378541243649375, 0.2682459513747884050, 0.2682459513747884050, 0.8047378541243649375),
 ( 1.000000000000000000, 0.3333333333333334259, 0.3333333333333334259, 1.000000000000000000) ) ) 
 REPRESENTATION_ITEM ( '' )  SURFACE ( )  );
#1272 = CARTESIAN_POINT ( 'NONE',  ( -1.204455178659257220, 2.087499999999999911, 0.000000000000000000 ) ) ;
#1273 = B_SPLINE_SURFACE_WITH_KNOTS ( 'NONE', 3, 3, ( 
 ( #39, #8103, #3381, #132, #1495, #4229, #5564, #8288 ),
 ( #4095, #2177, #4890, #2743, #6935, #1990, #7423, #1310 ),
 ( #8194, #7516, #6754, #8148, #4763, #1406, #2887, #1581 ),
 ( #7699, #8378, #6273, #6360, #7027, #182, #4312, #8334 ),
 ( #3556, #917, #3642, #4983, #2983, #5691, #8424, #2261 ),
 ( #5647, #2303, #833, #7645, #6320, #5607, #2221, #4935 ),
 ( #1537, #4273, #6982, #873, #3601, #223, #2940, #6454 ),
 ( #7837, #1102, #4504, #7879, #1896, #3835, #3298, #5216 ),
 ( #604, #1765, #6000, #7214, #3172, #4594, #1807, #3880 ),
 ( #478, #3216, #3925, #3260, #5959, #2479, #3198, #5896 ),
 ( #500, #3241, #7320, #3106, #2429, #3810, #6971, #2337 ),
 ( #5682, #3065, #3021, #993, #6483, #8415, #8322, #3723 ),
 ( #298, #6393, #331, #4441, #7153, #6436, #2295, #5640 ),
 ( #7018, #5016, #2927, #212, #1610, #7773, #1037, #909 ),
 ( #5768, #1651, #7736, #3590, #4347, #4265, #949, #8367 ),
 ( #1571, #2211, #8501, #5726, #5057, #2974, #3678, #7060 ),
 ( #5596, #863, #2378, #8456, #5100, #2252, #7815, #1696 ),
 ( #4974, #6309, #3769, #252, #377, #4389, #3633, #7688 ),
 ( #7106, #4924, #7635, #6352, #1528, #4306, #2409, #275 ),
 ( #4417, #5707, #7086, #5220, #1814, #931, #3134, #7887 ),
 ( #3657, #2456, #2320, #3700, #6419, #5128, #319, #5747 ) ),
 .UNSPECIFIED., .F., .F., .F.,
 ( 4, 3, 2, 1, 1, 1, 1, 1, 1, 1, 2, 3, 4 ),
 ( 4, 1, 1, 1, 1, 4 ),
 ( -0.01462283264217677931, -0.004532184297432949663, 0.000000000000000000, 0.1250000000000000000, 0.2500000000000000000, 0.3750000000000000000, 0.5000000000000000000, 0.6250000000000000000, 0.7500000000000000000, 0.8750000000000000000, 1.000000000000000000, 1.004532650176950037, 1.014724205005141267 ),
 ( 0.000000000000000000, 0.1428571428571429880, 0.2857142857142859760, 0.5714285714285709528, 0.8571428571428569843, 1.000000000000000000 ),
 .UNSPECIFIED. ) ;
#1274 = CARTESIAN_POINT ( 'NONE',  ( -0.9079363289631343648, -1.782046737669831682, 3.562213304289150173 ) ) ;
#1275 = CARTESIAN_POINT ( 'NONE',  ( 0.5849999999999999645, 2.087499999999999911, 0.000000000000000000 ) ) ;
#1276 = PRESENTATION_LAYER_ASSIGNMENT (  '', '', ( #5144 ) ) ;
#1277 = CARTESIAN_POINT ( 'NONE',  ( -6.750000000000001776, -13.49999999999999822, 10.25102831460725739 ) ) ;
#1278 = CARTESIAN_POINT ( 'NONE',  ( 3.199999999999995293, -6.399999999999993250, 23.10000000000000142 ) ) ;
#1279 = EDGE_CURVE ( 'NONE', #2094, #582, #4433, .T. ) ;
#1280 = CARTESIAN_POINT ( 'NONE',  ( 0.9141831514262630520, 1.780523879414556365, 3.121953701425990602 ) ) ;
#1281 = PRESENTATION_STYLE_ASSIGNMENT (( #8074 ) ) ;
#1282 = DIRECTION ( 'NONE',  ( 1.000000000000000000, 0.000000000000000000, 0.000000000000000000 ) ) ;
#1283 = PRESENTATION_LAYER_ASSIGNMENT (  '', '', ( #4299 ) ) ;
#1284 = CARTESIAN_POINT ( 'NONE',  ( 2.342768637549319966, -1.169999999999999929, 3.047411449360819979 ) ) ;
#1285 = CARTESIAN_POINT ( 'NONE',  ( 0.1676771501346248638, -2.639989254620326520, 0.7000000000000030642 ) ) ;
#1286 = CARTESIAN_POINT ( 'NONE',  ( -1.410843221828989025, -6.575746035943426548, 19.80000000000000071 ) ) ;
#1287 = CARTESIAN_POINT ( 'NONE',  ( 1.177427262073380110, 2.334878512301190145, 3.391840585329950031 ) ) ;
#1288 = CARTESIAN_POINT ( 'NONE',  ( -2.462199271536139822, 0.8982158899730250390, 3.391840585329950031 ) ) ;
#1289 = EDGE_CURVE ( 'NONE', #582, #2094, #2405, .T. ) ;
#1290 = ORIENTED_EDGE ( 'NONE', *, *, #8092, .F. ) ;
#1291 = CARTESIAN_POINT ( 'NONE',  ( -1.370147777939161537, 5.073099576310397651, 23.59999999999999787 ) ) ;
#1292 = CARTESIAN_POINT ( 'NONE',  ( 2.334853720202540117, -1.177476423104069969, 3.562213304289150173 ) ) ;
#1293 = CARTESIAN_POINT ( 'NONE',  ( 2.745259391117203407, -5.087376438076065099, 19.80000000000000071 ) ) ;
#1294 =( GEOMETRIC_REPRESENTATION_CONTEXT ( 3 ) GLOBAL_UNCERTAINTY_ASSIGNED_CONTEXT ( ( #7639 ) ) GLOBAL_UNIT_ASSIGNED_CONTEXT ( ( #8082, #2109, #5356 ) ) REPRESENTATION_CONTEXT ( 'NONE', 'WORKASPACE' ) );
#1295 = CARTESIAN_POINT ( 'NONE',  ( -1.648231367092749977, -0.9695199234001420363, 3.932265868843620282 ) ) ;
#1296 = CARTESIAN_POINT ( 'NONE',  ( 1.095870702168389332, 4.281849796061007574, 2.969165229559819874 ) ) ;
#1297 = CARTESIAN_POINT ( 'NONE',  ( 6.750000000000000888, 13.49999999999999645, 10.25306961402259986 ) ) ;
#1298 = VECTOR ( 'NONE', #805, 1000.000000000000000 ) ;
#1299 = CARTESIAN_POINT ( 'NONE',  ( -2.087499999999999911, -1.196505901955135842, 0.000000000000000000 ) ) ;
#1300 = ORIENTED_EDGE ( 'NONE', *, *, #1072, .T. ) ;
#1301 = UNCERTAINTY_MEASURE_WITH_UNIT (LENGTH_MEASURE( 1.000000000000000082E-05 ), #8115, 'distance_accuracy_value', 'NONE');
#1302 = CARTESIAN_POINT ( 'NONE',  ( -5.775000000000000355, 7.072335265075966244E-16, 19.79999999999999716 ) ) ;
#1303 = STYLED_ITEM ( 'NONE', ( #2328 ), #3530 ) ;
#1304 = CARTESIAN_POINT ( 'NONE',  ( 1.858020011712220310, -1.603965714669165044, 4.062213270710802071 ) ) ;
#1305 = UNCERTAINTY_MEASURE_WITH_UNIT (LENGTH_MEASURE( 1.000000000000000082E-05 ), #5142, 'distance_accuracy_value', 'NONE');
#1306 = CARTESIAN_POINT ( 'NONE',  ( 0.8801151463086901439, 2.658966281442860069, 0.3537504162900840243 ) ) ;
#1307 = ORIENTED_EDGE ( 'NONE', *, *, #3971, .F. ) ;
#1308 = CARTESIAN_POINT ( 'NONE',  ( 1.169999999999999929, 2.523825031118339890, 1.072172543627620156 ) ) ;
#1309 = CARTESIAN_POINT ( 'NONE',  ( 2.886525543263062765, -3.314087183395386660, 2.969165229559819874 ) ) ;
#1310 = CARTESIAN_POINT ( 'NONE',  ( 1.779231219378769158, -0.9135053796485437250, 3.562213304289150173 ) ) ;
#1311 = CARTESIAN_POINT ( 'NONE',  ( -2.459269358452639942, 1.164810776301719919, 0.3997831433501550236 ) ) ;
#1312 = EDGE_CURVE ( 'NONE', #3458, #6610, #3327, .T. ) ;
#1313 = CONICAL_SURFACE ( 'NONE', #5603, 2.299999999991086952, 0.7853981633974482790 ) ;
#1314 = ORIENTED_EDGE ( 'NONE', *, *, #1680, .F. ) ;
#1315 = CARTESIAN_POINT ( 'NONE',  ( 2.676400000000000112, 1.169999999999999929, 0.1648747531013370071 ) ) ;
#1316 = CARTESIAN_POINT ( 'NONE',  ( 1.185922677323402619, -2.672499999999999876, 0.1698237983775840176 ) ) ;
#1317 = DIRECTION ( 'NONE',  ( 0.000000000000000000, 1.000000000000000000, 0.000000000000000000 ) ) ;
#1318 = CARTESIAN_POINT ( 'NONE',  ( -0.9123655708303419765, -1.778716535796565967, 3.022064739156657964 ) ) ;
#1319 =( GEOMETRIC_REPRESENTATION_CONTEXT ( 3 ) GLOBAL_UNCERTAINTY_ASSIGNED_CONTEXT ( ( #7460 ) ) GLOBAL_UNIT_ASSIGNED_CONTEXT ( ( #2, #45, #2089 ) ) REPRESENTATION_CONTEXT ( 'NONE', 'WORKASPACE' ) );
#1320 = ADVANCED_FACE ( 'NONE', ( #6118 ), #7327, .T. ) ;
#1321 = AXIS2_PLACEMENT_3D ( 'NONE', #8723, #4500, #2574 ) ;
#1322 = CARTESIAN_POINT ( 'NONE',  ( -1.192017726265645283, 2.327520478286188688, 3.562213304289150173 ) ) ;
#1323 = CARTESIAN_POINT ( 'NONE',  ( -2.674469499999999833, -1.169999999999999929, 0.000000000000000000 ) ) ;
#1324 = CARTESIAN_POINT ( 'NONE',  ( 2.024999999999999911, 0.000000000000000000, 18.52499999999999858 ) ) ;
#1325 = CARTESIAN_POINT ( 'NONE',  ( 1.187278063153491159, 2.069596001726404122, 0.4031326314136419731 ) ) ;
#1326 = SURFACE_STYLE_FILL_AREA ( #7437 ) ;
#1327 = CARTESIAN_POINT ( 'NONE',  ( -1.064544726869459890, -2.127842627326749891, 3.462367349422939888 ) ) ;
#1328 = B_SPLINE_CURVE_WITH_KNOTS ( 'NONE', 3,
 ( #4163, #6158, #4071, #670, #2767, #6869, #106, #2813, #5542, #850, #158, #3579, #1513, #2197, #2862, #5582, #8308, #4912, #7623, #4251, #6958, #5157, #3951, #1884, #2566, #8045, #4661, #2599, #7200, #1256, #3912, #5287, #6656, #6536, #4539, #7325, #5326, #4491, #2486, #468, #429, #7244, #3159, #5944, #3326, #5244, #3283, #8548, #6571, #543, #1922, #5902, #3998, #5987, #6699, #587, #8677, #3204, #7967, #3818, #1089, #8714, #7362, #2438, #7868, #1177, #1136, #1750, #5856, #8596, #5202, #7918, #1846, #1795, #3868, #8639, #2528, #4580, #8007, #4619, #7286, #6613, #506, #3249, #1215, #2070, #4793, #4703 ),
 .UNSPECIFIED., .F., .F.,
 ( 4, 1, 1, 1, 2, 2, 1, 1, 2, 2, 1, 1, 2, 2, 2, 1, 1, 2, 2, 1, 1, 1, 2, 2, 1, 1, 1, 2, 2, 2, 1, 1, 1, 2, 2, 1, 1, 2, 2, 1, 1, 2, 2, 2, 1, 1, 2, 2, 1, 1, 1, 2, 2, 1, 1, 1, 2, 2, 4 ),
 ( 0.000000000000000000, 0.03124999999999983347, 0.04687499999999976408, 0.05468749999999975020, 0.05859374999999975020, 0.06249999999999975020, 0.09374999999999977796, 0.1093749999999997224, 0.1171874999999996531, 0.1249999999999995837, 0.1562499999999992784, 0.1718749999999991396, 0.1796874999999990563, 0.1874999999999990008, 0.2499999999999978906, 0.2812499999999973910, 0.2968749999999971689, 0.3046874999999970579, 0.3124999999999969469, 0.3437499999999968359, 0.3593749999999967804, 0.3671874999999967248, 0.3710937499999966693, 0.3749999999999966693, 0.4062499999999963918, 0.4218749999999963363, 0.4296874999999962808, 0.4335937499999962252, 0.4374999999999962252, 0.4999999999999961697, 0.5312499999999962252, 0.5468749999999962252, 0.5546874999999961142, 0.5585937499999961142, 0.5624999999999961142, 0.5937499999999963363, 0.6093749999999963363, 0.6171874999999963363, 0.6249999999999964473, 0.6562499999999966693, 0.6718749999999968914, 0.6796874999999968914, 0.6874999999999970024, 0.7499999999999982236, 0.7812499999999986677, 0.7968749999999988898, 0.8046874999999988898, 0.8124999999999990008, 0.8437499999999991118, 0.8593749999999992228, 0.8671874999999992228, 0.8710937499999992228, 0.8749999999999992228, 0.9062499999999993339, 0.9218749999999994449, 0.9296874999999994449, 0.9335937499999994449, 0.9374999999999994449, 1.000000000000000000 ),
 .UNSPECIFIED. ) ;
#1329 = CARTESIAN_POINT ( 'NONE',  ( -2.087499999999999911, -0.2174125788124139647, -3.419999999999999929 ) ) ;
#1330 = CARTESIAN_POINT ( 'NONE',  ( 2.323555941398130376, -1.259619253561232499, 0.7000000000000029532 ) ) ;
#1331 = CARTESIAN_POINT ( 'NONE',  ( 2.589955567827030514, -6.343561592146476706E-16, 18.50000000000000355 ) ) ;
#1332 = ADVANCED_FACE ( 'NONE', ( #2636 ), #4134, .T. ) ;
#1333 = CARTESIAN_POINT ( 'NONE',  ( 0.2054904909674759028, -6.725016205405051295, 19.80000000000000071 ) ) ;
#1334 = CARTESIAN_POINT ( 'NONE',  ( 1.177938587276180060, 2.577867679305379855, 0.7666085965705949912 ) ) ;
#1335 = DIRECTION ( 'NONE',  ( 1.000000000000000000, 0.000000000000000000, 0.000000000000000000 ) ) ;
#1336 = CARTESIAN_POINT ( 'NONE',  ( -2.658966280853420017, 0.8801154364367189675, 0.3537504162900820814 ) ) ;
#1337 = VERTEX_POINT ( 'NONE', #3631 ) ;
#1338 = CARTESIAN_POINT ( 'NONE',  ( -5.133473875591647584, 1.101430008722200204, 23.60000000000000142 ) ) ;
#1339 = CARTESIAN_POINT ( 'NONE',  ( 2.381627357518380173, -1.084727558709480011, 3.562213304289150173 ) ) ;
#1340 = CARTESIAN_POINT ( 'NONE',  ( 5.176971579856374461, -2.572314544551083770, 19.79999999999999361 ) ) ;
#1341 = FACE_OUTER_BOUND ( 'NONE', #397, .T. ) ;
#1342 = CARTESIAN_POINT ( 'NONE',  ( -2.652329286702657107, 3.504425864276881519, 2.969165229559819430 ) ) ;
#1343 = CARTESIAN_POINT ( 'NONE',  ( -6.749751228180428164, 13.49950245636085633, 10.24900223072822847 ) ) ;
#1344 =( NAMED_UNIT ( * ) SI_UNIT ( $, .STERADIAN. ) SOLID_ANGLE_UNIT ( ) );
#1345 = VERTEX_POINT ( 'NONE', #4969 ) ;
#1346 = ADVANCED_FACE ( 'NONE', ( #3540 ), #1481, .F. ) ;
#1347 = SURFACE_STYLE_USAGE ( .BOTH. , #4177 ) ;
#1348 = FILL_AREA_STYLE ('',( #735 ) ) ;
#1349 = CARTESIAN_POINT ( 'NONE',  ( 1.177596897799789932, 2.334793460323457026, 3.562185876928670503 ) ) ;
#1350 = CARTESIAN_POINT ( 'NONE',  ( 4.384532436802679456, -8.769064873605362465, 2.969165229559819874 ) ) ;
#1351 = CARTESIAN_POINT ( 'NONE',  ( 0.8985743118524159856, 2.500054228095260012, 1.944948958572239928 ) ) ;
#1352 = ORIENTED_EDGE ( 'NONE', *, *, #4014, .F. ) ;
#1353 = CARTESIAN_POINT ( 'NONE',  ( 5.750000000000000888, -1.408343819019456373E-15, 19.82499999999999929 ) ) ;
#1354 = CARTESIAN_POINT ( 'NONE',  ( 1.154327506586454666, 2.066665114869841613, 0.3996863249077544089 ) ) ;
#1355 = SURFACE_STYLE_USAGE ( .BOTH. , #6797 ) ;
#1356 =( LENGTH_UNIT ( ) NAMED_UNIT ( * ) SI_UNIT ( .MILLI., .METRE. ) );
#1357 = CARTESIAN_POINT ( 'NONE',  ( -4.384532436802682120, -0.2786845792739566785, 2.969165229559820318 ) ) ;
#1358 = ORIENTED_EDGE ( 'NONE', *, *, #5148, .F. ) ;
#1359 = CARTESIAN_POINT ( 'NONE',  ( 2.676400000000000112, 1.169999999999999929, 0.000000000000000000 ) ) ;
#1360 = CARTESIAN_POINT ( 'NONE',  ( 1.086866539123809927, -2.379896118288630014, 3.023199761058580126 ) ) ;
#1361 = CARTESIAN_POINT ( 'NONE',  ( 0.000000000000000000, 2.672499999999999876, -1.709999999999999964 ) ) ;
#1362 = CARTESIAN_POINT ( 'NONE',  ( -1.061689760044369990, -2.074914979826929962, 0.3536250458876640246 ) ) ;
#1363 = PRESENTATION_STYLE_ASSIGNMENT (( #706 ) ) ;
#1364 = MECHANICAL_DESIGN_GEOMETRIC_PRESENTATION_REPRESENTATION (  '', ( #3383 ), #660 ) ;
#1365 = CARTESIAN_POINT ( 'NONE',  ( 4.409532436802681588, 8.819064873605359622, 2.994165229559819785 ) ) ;
#1366 =( GEOMETRIC_REPRESENTATION_CONTEXT ( 3 ) GLOBAL_UNCERTAINTY_ASSIGNED_CONTEXT ( ( #2572 ) ) GLOBAL_UNIT_ASSIGNED_CONTEXT ( ( #2873, #7858, #7277 ) ) REPRESENTATION_CONTEXT ( 'NONE', 'WORKASPACE' ) );
#1367 = ORIENTED_EDGE ( 'NONE', *, *, #4934, .F. ) ;
#1368 = CARTESIAN_POINT ( 'NONE',  ( -1.199288226098387922, 2.323853933855198228, 3.562213304289150173 ) ) ;
#1369 = MECHANICAL_DESIGN_GEOMETRIC_PRESENTATION_REPRESENTATION (  '', ( #4378 ), #957 ) ;
#1370 = CARTESIAN_POINT ( 'NONE',  ( 1.437780914447478908, -1.390246755813711710, 4.062213304289150173 ) ) ;
#1371 =( LENGTH_UNIT ( ) NAMED_UNIT ( * ) SI_UNIT ( .MILLI., .METRE. ) );
#1372 = CYLINDRICAL_SURFACE ( 'NONE', #756, 2.000000000000000000 ) ;
#1373 = CARTESIAN_POINT ( 'NONE',  ( -1.712228061764878184, -2.067437856504117821, 4.062213304289150173 ) ) ;
#1374 = CARTESIAN_POINT ( 'NONE',  ( -2.437234029440936034, 0.8765267333413271356, 18.49999999999999645 ) ) ;
#1375 = EDGE_CURVE ( 'NONE', #125, #1231, #861, .T. ) ;
#1376 = CARTESIAN_POINT ( 'NONE',  ( -5.750000000000000000, 7.041719095097280880E-16, 21.44999999999999929 ) ) ;
#1377 = DIRECTION ( 'NONE',  ( 1.000000000000000000, -1.224646799147350002E-16, 0.000000000000000000 ) ) ;
#1378 = SURFACE_STYLE_USAGE ( .BOTH. , #7397 ) ;
#1379 = VECTOR ( 'NONE', #7795, 1000.000000000000000 ) ;
#1380 =( BOUNDED_CURVE ( )  B_SPLINE_CURVE ( 3, ( #4927, #215, #7692, #2076 ),
 .UNSPECIFIED., .F., .F. ) 
 B_SPLINE_CURVE_WITH_KNOTS ( ( 4, 4 ),
 ( 0.000000000000000000, 1.000000000000000000 ),
 .UNSPECIFIED. ) 
 CURVE ( )  GEOMETRIC_REPRESENTATION_ITEM ( )  RATIONAL_B_SPLINE_CURVE ( ( 1.000000000000000000, 0.3333333333333333703, 0.3333333333333333703, 1.000000000000000000 ) ) 
 REPRESENTATION_ITEM ( '' )  );
#1381 = CARTESIAN_POINT ( 'NONE',  ( 6.097424238802434893, -2.840807543175984495, 19.79999999999999716 ) ) ;
#1382 =( GEOMETRIC_REPRESENTATION_CONTEXT ( 3 ) GLOBAL_UNCERTAINTY_ASSIGNED_CONTEXT ( ( #5505 ) ) GLOBAL_UNIT_ASSIGNED_CONTEXT ( ( #1356, #3086, #1789 ) ) REPRESENTATION_CONTEXT ( 'NONE', 'WORKASPACE' ) );
#1383 = CARTESIAN_POINT ( 'NONE',  ( 4.909532436802689581, 0.000000000000000000, 23.59999999999999787 ) ) ;
#1384 = CYLINDRICAL_SURFACE ( 'NONE', #4172, 2.614955567827029981 ) ;
#1385 = CARTESIAN_POINT ( 'NONE',  ( -2.334853567227150428, 1.177476726443559940, 3.562213304289150173 ) ) ;
#1386 = ORIENTED_EDGE ( 'NONE', *, *, #6319, .T. ) ;
#1387 = CARTESIAN_POINT ( 'NONE',  ( -3.456255257059883235, 3.968313425042863329, 23.60000000000000497 ) ) ;
#1388 = CARTESIAN_POINT ( 'NONE',  ( 2.672499999999999876, -0.5849999999999999645, 0.1698237983775849891 ) ) ;
#1389 =( GEOMETRIC_REPRESENTATION_CONTEXT ( 3 ) GLOBAL_UNCERTAINTY_ASSIGNED_CONTEXT ( ( #6663 ) ) GLOBAL_UNIT_ASSIGNED_CONTEXT ( ( #8731, #2702, #8202 ) ) REPRESENTATION_CONTEXT ( 'NONE', 'WORKASPACE' ) );
#1390 = CARTESIAN_POINT ( 'NONE',  ( -2.069736196554510244, -1.180709298228100002, 3.932447788256479448 ) ) ;
#1391 = CARTESIAN_POINT ( 'NONE',  ( -3.496481823173954506, 2.646656609045990205, 2.969165229559820762 ) ) ;
#1392 = PRESENTATION_STYLE_ASSIGNMENT (( #4663 ) ) ;
#1393 = MECHANICAL_DESIGN_GEOMETRIC_PRESENTATION_REPRESENTATION (  '', ( #5254 ), #2828 ) ;
#1394 = CARTESIAN_POINT ( 'NONE',  ( -2.001839018335297649, -1.116930937926990719, 0.7659099622955359843 ) ) ;
#1395 = CARTESIAN_POINT ( 'NONE',  ( 0.000000000000000000, 2.672499999999999876, 0.000000000000000000 ) ) ;
#1396 = UNCERTAINTY_MEASURE_WITH_UNIT (LENGTH_MEASURE( 1.000000000000000082E-05 ), #3157, 'distance_accuracy_value', 'NONE');
#1397 = CARTESIAN_POINT ( 'NONE',  ( 2.700000000000001066, 0.000000000000000000, 23.59999999999999787 ) ) ;
#1398 = CARTESIAN_POINT ( 'NONE',  ( -1.773726136871041525, -0.9243868309464819966, 3.703066591805284080 ) ) ;
#1399 = DIRECTION ( 'NONE',  ( 0.000000000000000000, 0.000000000000000000, -1.000000000000000000 ) ) ;
#1400 = PRESENTATION_LAYER_ASSIGNMENT (  '', '', ( #5677 ) ) ;
#1401 = UNCERTAINTY_MEASURE_WITH_UNIT (LENGTH_MEASURE( 1.000000000000000082E-05 ), #3609, 'distance_accuracy_value', 'NONE');
#1402 = CARTESIAN_POINT ( 'NONE',  ( 0.6024452589538989988, 2.550642725200270355, 3.562213304289150173 ) ) ;
#1403 = ORIENTED_EDGE ( 'NONE', *, *, #5379, .T. ) ;
#1404 = CARTESIAN_POINT ( 'NONE',  ( 0.9867428327071949834, 1.972259300002120019, 3.310770845963099784 ) ) ;
#1405 = DIRECTION ( 'NONE',  ( 1.000000000000000000, 0.000000000000000000, 0.000000000000000000 ) ) ;
#1406 = CARTESIAN_POINT ( 'NONE',  ( 1.781472436481833954, -0.9069383355988979156, 3.022064739156450131 ) ) ;
#1407 =( NAMED_UNIT ( * ) PLANE_ANGLE_UNIT ( ) SI_UNIT ( $, .RADIAN. ) );
#1408 = ORIENTED_EDGE ( 'NONE', *, *, #8064, .T. ) ;
#1409 = CARTESIAN_POINT ( 'NONE',  ( 2.270022311149039851, 1.162629510205450023, 0.3416778768041750514 ) ) ;
#1410 = ADVANCED_FACE ( 'NONE', ( #2924 ), #905, .T. ) ;
#1411 = CARTESIAN_POINT ( 'NONE',  ( 1.191463463154083247, -2.326958329264632308, 3.023199761058580126 ) ) ;
#1412 = CARTESIAN_POINT ( 'NONE',  ( -0.9470349496838764702, 1.816763771458110410, 2.444599270131050162 ) ) ;
#1413 = STYLED_ITEM ( 'NONE', ( #8659 ), #1834 ) ;
#1414 = CARTESIAN_POINT ( 'NONE',  ( -0.8268570946502350472, -1.821769494611739981, 3.022064739156709923 ) ) ;
#1415 = CARTESIAN_POINT ( 'NONE',  ( -2.338633517039835130, -1.169984342895092677, 3.462678155060951557 ) ) ;
#1416 = COLOUR_RGB ( '',0.2862745098039215508, 0.2862745098039215508, 0.2862745098039215508 ) ;
#1417 = CARTESIAN_POINT ( 'NONE',  ( -1.169999999999999707, 2.087499999999999911, 0.000000000000000000 ) ) ;
#1418 = ORIENTED_EDGE ( 'NONE', *, *, #6856, .F. ) ;
#1419 = CARTESIAN_POINT ( 'NONE',  ( 2.087499999999999911, -3.834675289830150144E-16, -1.709999999999999964 ) ) ;
#1420 = CARTESIAN_POINT ( 'NONE',  ( 2.992893218813450940, -7.330474201219422379E-16, 23.60000000000000142 ) ) ;
#1421 = CARTESIAN_POINT ( 'NONE',  ( -2.676438999999999790, -1.169999999999999929, 0.000000000000000000 ) ) ;
#1422 = AXIS2_PLACEMENT_3D ( 'NONE', #4919, #5010, #8315 ) ;
#1423 = DIRECTION ( 'NONE',  ( 0.000000000000000000, 1.000000000000000000, 0.000000000000000000 ) ) ;
#1424 = SURFACE_STYLE_FILL_AREA ( #3309 ) ;
#1425 = FACE_OUTER_BOUND ( 'NONE', #1180, .T. ) ;
#1426 = CARTESIAN_POINT ( 'NONE',  ( -1.286299887497099892, -2.280490654322659960, 3.932538239560280591 ) ) ;
#1427 = LINE ( 'NONE', #4160, #1298 ) ;
#1428 = CARTESIAN_POINT ( 'NONE',  ( -0.9865993876383957195, -1.972016653035942646, 3.462135763606471350 ) ) ;
#1429 = CARTESIAN_POINT ( 'NONE',  ( -2.124171249786911631, -1.609184675334993431, 0.7000000000000028422 ) ) ;
#1430 =( NAMED_UNIT ( * ) PLANE_ANGLE_UNIT ( ) SI_UNIT ( $, .RADIAN. ) );
#1431 = CARTESIAN_POINT ( 'NONE',  ( 5.498774598084149368, -3.872041209586666977, 19.80000000000000071 ) ) ;
#1432 = CYLINDRICAL_SURFACE ( 'NONE', #1019, 5.750000000000000000 ) ;
#1433 = CARTESIAN_POINT ( 'NONE',  ( -2.381338669173649780, 1.085281752823390011, 3.391840585329950031 ) ) ;
#1434 = ORIENTED_EDGE ( 'NONE', *, *, #814, .F. ) ;
#1435 = CARTESIAN_POINT ( 'NONE',  ( 0.3207627333126537583, 5.249967596714977702, 23.60000000000000142 ) ) ;
#1436 = CARTESIAN_POINT ( 'NONE',  ( 2.612693253492810008, 0.5900390149185309463, 0.7666085965432249960 ) ) ;
#1437 = CARTESIAN_POINT ( 'NONE',  ( 1.451065979503183501, -2.178150398508714058, 4.012574435365587888 ) ) ;
#1438 =( NAMED_UNIT ( * ) SI_UNIT ( $, .STERADIAN. ) SOLID_ANGLE_UNIT ( ) );
#1439 = CARTESIAN_POINT ( 'NONE',  ( -1.706195485430850978, -0.8536396577870689617, 3.455387642142009330 ) ) ;
#1440 = CARTESIAN_POINT ( 'NONE',  ( 1.648348231343639281, 4.062928927246963973, 2.969165229559820762 ) ) ;
#1441 =( NAMED_UNIT ( * ) PLANE_ANGLE_UNIT ( ) SI_UNIT ( $, .RADIAN. ) );
#1442 = CARTESIAN_POINT ( 'NONE',  ( -1.779236629871290720, -0.9134967274243599444, 3.391484666840950180 ) ) ;
#1443 = SURFACE_SIDE_STYLE ('',( #4220 ) ) ;
#1444 = DIRECTION ( 'NONE',  ( -1.000000000000000000, 1.224646799147352961E-16, 0.000000000000000000 ) ) ;
#1445 = CARTESIAN_POINT ( 'NONE',  ( 0.8921200562759814545, -1.783136697887493849, 3.462469410893735500 ) ) ;
#1446 = ORIENTED_EDGE ( 'NONE', *, *, #6847, .T. ) ;
#1447 = CARTESIAN_POINT ( 'NONE',  ( 5.760355339059327839, -1.410880145586074482E-15, 19.79999999999999716 ) ) ;
#1448 = CARTESIAN_POINT ( 'NONE',  ( 0.8932633516711356858, 1.785222343980619852, 3.310596917594747612 ) ) ;
#1449 = PRESENTATION_STYLE_ASSIGNMENT (( #1031 ) ) ;
#1450 = CARTESIAN_POINT ( 'NONE',  ( -4.160863461463332413, -1.385983951566959416, 2.969165229559819874 ) ) ;
#1451 = CARTESIAN_POINT ( 'NONE',  ( 2.340498065203291400, -1.170917004731294009, 3.462677475937208982 ) ) ;
#1452 = PRESENTATION_LAYER_ASSIGNMENT (  '', '', ( #4872 ) ) ;
#1453 = ADVANCED_FACE ( 'NONE', ( #7733 ), #6234, .T. ) ;
#1454 = ORIENTED_EDGE ( 'NONE', *, *, #2633, .T. ) ;
#1455 = CARTESIAN_POINT ( 'NONE',  ( 2.672499999999999876, 1.169999999999999929, 0.1648747531013370071 ) ) ;
#1456 = CARTESIAN_POINT ( 'NONE',  ( 1.193776473833535468, -2.672499999999999876, 0.1698237983775840176 ) ) ;
#1457 = CARTESIAN_POINT ( 'NONE',  ( -0.8921190499785209838, 1.783134686131870428, 3.462469410142649640 ) ) ;
#1458 = CARTESIAN_POINT ( 'NONE',  ( 1.099024965831960188, -2.002935622432409968, 0.7659099622496909898 ) ) ;
#1459 = EDGE_CURVE ( 'NONE', #2852, #1086, #5724, .T. ) ;
#1460 = CARTESIAN_POINT ( 'NONE',  ( 1.169999999999999929, -2.342680969123669854, 2.939553752305169798 ) ) ;
#1461 = ORIENTED_EDGE ( 'NONE', *, *, #4041, .T. ) ;
#1462 =( GEOMETRIC_REPRESENTATION_CONTEXT ( 3 ) GLOBAL_UNCERTAINTY_ASSIGNED_CONTEXT ( ( #7107 ) ) GLOBAL_UNIT_ASSIGNED_CONTEXT ( ( #8572, #7984, #1199 ) ) REPRESENTATION_CONTEXT ( 'NONE', 'WORKASPACE' ) );
#1463 = CARTESIAN_POINT ( 'NONE',  ( 2.127825394168569861, 1.064579177979180002, 3.619421180777630198 ) ) ;
#1464 = CARTESIAN_POINT ( 'NONE',  ( 2.652002162867881818, 1.170012485090882182, 0.3628864702889411098 ) ) ;
#1465 = CARTESIAN_POINT ( 'NONE',  ( 2.989784976244410064E-15, 2.004564321809399807, 3.121953701425990602 ) ) ;
#1466 = FACE_OUTER_BOUND ( 'NONE', #1656, .T. ) ;
#1467 = CARTESIAN_POINT ( 'NONE',  ( -2.087499999999999911, 1.188477166348028913, 0.1698237983775840176 ) ) ;
#1468 = CARTESIAN_POINT ( 'NONE',  ( 2.081591500000000483, -1.169999999999999929, 0.1648747531013670109 ) ) ;
#1469 = CARTESIAN_POINT ( 'NONE',  ( -0.8934099393942389611, 2.484301214120741008, 0.7000000000000031752 ) ) ;
#1470 = CARTESIAN_POINT ( 'NONE',  ( 1.173086989827448967, -6.621942290415844923, 19.80000000000000071 ) ) ;
#1471 = CARTESIAN_POINT ( 'NONE',  ( 1.170000243743315016, -2.661595085340160871, 0.2909887958016794673 ) ) ;
#1472 = CARTESIAN_POINT ( 'NONE',  ( 2.490366596537515687, -1.170192649452935552, 1.438256009924168577 ) ) ;
#1473 = ORIENTED_EDGE ( 'NONE', *, *, #799, .F. ) ;
#1474 = CARTESIAN_POINT ( 'NONE',  ( -2.614955818357269646, 3.305913724828181540E-17, 3.562203752529947920 ) ) ;
#1475 = CARTESIAN_POINT ( 'NONE',  ( 2.603036770858030202, 0.3054169571525970350, 3.391840585329959801 ) ) ;
#1476 = MECHANICAL_DESIGN_GEOMETRIC_PRESENTATION_REPRESENTATION (  '', ( #5331 ), #2203 ) ;
#1477 = COLOUR_RGB ( '',0.8313725490196077761, 0.8313725490196077761, 0.8313725490196077761 ) ;
#1478 = CARTESIAN_POINT ( 'NONE',  ( -1.858984235620829928, 1.075113707106909899, 3.932358714086509721 ) ) ;
#1479 = CARTESIAN_POINT ( 'NONE',  ( -2.127843323546339871, -1.064543335044627170, 3.456022374636209982 ) ) ;
#1480 = CARTESIAN_POINT ( 'NONE',  ( -1.952903288344477017, 3.930527419667376066, 2.969165229559820318 ) ) ;
#1481 = PLANE ( 'NONE',  #8138 ) ;
#1482 = EDGE_CURVE ( 'NONE', #7913, #5284, #8775, .T. ) ;
#1483 = CARTESIAN_POINT ( 'NONE',  ( 2.639955567827029892, -6.466026272061211263E-16, 0.7000000000000030642 ) ) ;
#1484 = LINE ( 'NONE', #1395, #790 ) ;
#1485 = UNCERTAINTY_MEASURE_WITH_UNIT (LENGTH_MEASURE( 1.000000000000000082E-05 ), #1634, 'distance_accuracy_value', 'NONE');
#1486 = CARTESIAN_POINT ( 'NONE',  ( -1.169997808946381612, 2.338665916548373414, 3.459505344353109635 ) ) ;
#1487 = DIRECTION ( 'NONE',  ( 0.000000000000000000, 0.000000000000000000, 1.000000000000000000 ) ) ;
#1488 = CARTESIAN_POINT ( 'NONE',  ( 4.384532436802681232, -1.073900722897629505E-15, 2.969165229559820318 ) ) ;
#1489 = UNCERTAINTY_MEASURE_WITH_UNIT (LENGTH_MEASURE( 1.000000000000000082E-05 ), #5099, 'distance_accuracy_value', 'NONE');
#1490 = ORIENTED_EDGE ( 'NONE', *, *, #5778, .F. ) ;
#1491 = CARTESIAN_POINT ( 'NONE',  ( -1.774356183305820567, -4.944013168599036057, 23.60000000000000497 ) ) ;
#1492 = CARTESIAN_POINT ( 'NONE',  ( 1.169999999999999929, 2.081591500000000483, 0.1648747531013440015 ) ) ;
#1493 = CARTESIAN_POINT ( 'NONE',  ( -2.391357844367061780, 1.169662182840427223, 2.303720100938509763 ) ) ;
#1494 = EDGE_CURVE ( 'NONE', #1791, #2217, #5645, .T. ) ;
#1495 = CARTESIAN_POINT ( 'NONE',  ( 1.853928264953216498, -0.9884126865957240105, 1.943675179695550037 ) ) ;
#1496 = VECTOR ( 'NONE', #3275, 1000.000000000000000 ) ;
#1497 = ORIENTED_EDGE ( 'NONE', *, *, #6674, .T. ) ;
#1498 = CARTESIAN_POINT ( 'NONE',  ( 2.464553096447029912, 1.166314755102729972, 0.3417098269221169882 ) ) ;
#1499 = CARTESIAN_POINT ( 'NONE',  ( 0.6024452589557059978, -2.550642725203999817, 3.562213304289150173 ) ) ;
#1500 = CARTESIAN_POINT ( 'NONE',  ( 0.8224655529970179568, -2.018450015638709960, 0.7659099622496909898 ) ) ;
#1501 = CARTESIAN_POINT ( 'NONE',  ( -2.591793320722229232, -1.169962434449658417, 0.7198696332449393553 ) ) ;
#1502 = EDGE_CURVE ( 'NONE', #4175, #6652, #5928, .T. ) ;
#1503 = CARTESIAN_POINT ( 'NONE',  ( -3.199999999999999734, 3.918869757271530460E-16, 2.979520568619146825 ) ) ;
#1504 = ORIENTED_EDGE ( 'NONE', *, *, #530, .F. ) ;
#1505 = PRESENTATION_STYLE_ASSIGNMENT (( #143 ) ) ;
#1506 = CARTESIAN_POINT ( 'NONE',  ( 2.338667012531526979, 1.169995617892763073, 3.456333897126599997 ) ) ;
#1507 = CARTESIAN_POINT ( 'NONE',  ( 0.9563039369560940584, 1.957800767586139967, 1.127511258060150068 ) ) ;
#1508 =( NAMED_UNIT ( * ) PLANE_ANGLE_UNIT ( ) SI_UNIT ( $, .RADIAN. ) );
#1509 = CARTESIAN_POINT ( 'NONE',  ( -2.074642838840763392, 1.184300750911131406, 0.3536250458933549723 ) ) ;
#1510 = CARTESIAN_POINT ( 'NONE',  ( -2.391683457061464235, 1.171627252440431644, 2.346127575090199979 ) ) ;
#1511 = CARTESIAN_POINT ( 'NONE',  ( 4.409532436802692246, -1.080023956893369142E-15, 23.39289321881345529 ) ) ;
#1512 = CARTESIAN_POINT ( 'NONE',  ( -1.995503388394917810, 1.738010101169010335, 0.7000000000000031752 ) ) ;
#1513 = CARTESIAN_POINT ( 'NONE',  ( 6.292355449630406383, 2.373782457390027467, 19.80000000000000071 ) ) ;
#1514 = CIRCLE ( 'NONE', #6512, 4.373642825356682806 ) ;
#1515 =( NAMED_UNIT ( * ) PLANE_ANGLE_UNIT ( ) SI_UNIT ( $, .RADIAN. ) );
#1516 = CARTESIAN_POINT ( 'NONE',  ( -2.658107798346459827, 1.201870259107566952, 0.3537504162900823590 ) ) ;
#1517 = CARTESIAN_POINT ( 'NONE',  ( 2.672499999999999876, -1.193934408823014381, 0.000000000000000000 ) ) ;
#1518 = DIRECTION ( 'NONE',  ( 1.000000000000000000, 0.000000000000000000, 0.000000000000000000 ) ) ;
#1519 = ADVANCED_FACE ( 'NONE', ( #7997 ), #1271, .F. ) ;
#1520 = CARTESIAN_POINT ( 'NONE',  ( 2.379999999999999893, 0.2174125788124139924, -3.419999999999999929 ) ) ;
#1521 = DIRECTION ( 'NONE',  ( -0.4836800446059870140, 0.000000000000000000, 0.8752448882741049596 ) ) ;
#1522 = CIRCLE ( 'NONE', #4529, 2.000000000000000000 ) ;
#1523 = CARTESIAN_POINT ( 'NONE',  ( -3.034831887692039931, 1.091456887553951649, 2.969165229559820318 ) ) ;
#1524 = DIRECTION ( 'NONE',  ( 0.000000000000000000, 1.000000000000000000, 0.000000000000000000 ) ) ;
#1525 = SURFACE_SIDE_STYLE ('',( #7058 ) ) ;
#1526 = DIRECTION ( 'NONE',  ( 0.000000000000000000, 0.000000000000000000, 1.000000000000000000 ) ) ;
#1527 = DIRECTION ( 'NONE',  ( 0.000000000000000000, 1.000000000000000000, 0.000000000000000000 ) ) ;
#1528 = CARTESIAN_POINT ( 'NONE',  ( 1.857518789964518913, 0.9764040605352691804, 1.943675179695550037 ) ) ;
#1529 = CARTESIAN_POINT ( 'NONE',  ( -1.075113707106919891, 1.858984235620850134, 3.932358714086509721 ) ) ;
#1530 = CARTESIAN_POINT ( 'NONE',  ( -1.169999999999999929, -2.676400000000000112, 0.000000000000000000 ) ) ;
#1531 = CARTESIAN_POINT ( 'NONE',  ( 2.614955567827029981, -0.4071355053764333376, 3.562211289479609633 ) ) ;
#1532 = PRESENTATION_STYLE_ASSIGNMENT (( #4798 ) ) ;
#1533 = VERTEX_POINT ( 'NONE', #4738 ) ;
#1534 = CARTESIAN_POINT ( 'NONE',  ( 4.624874844328851431, -2.495715199322910749, 23.60000000000000142 ) ) ;
#1535 = PRESENTATION_LAYER_ASSIGNMENT (  '', '', ( #3392 ) ) ;
#1536 =( LENGTH_UNIT ( ) NAMED_UNIT ( * ) SI_UNIT ( .MILLI., .METRE. ) );
#1537 = CARTESIAN_POINT ( 'NONE',  ( 2.087499999999999911, -1.072500000000000009, 0.000000000000000000 ) ) ;
#1538 = CARTESIAN_POINT ( 'NONE',  ( 2.334793798109913165, 1.177596227698398001, 3.562183683634090325 ) ) ;
#1539 = PRESENTATION_LAYER_ASSIGNMENT (  '', '', ( #2546 ) ) ;
#1540 = ORIENTED_EDGE ( 'NONE', *, *, #8770, .T. ) ;
#1541 = CARTESIAN_POINT ( 'NONE',  ( -1.185742787770486473, -2.577283424849959204, 0.7666085965705830008 ) ) ;
#1542 = FILL_AREA_STYLE_COLOUR ( '', #347 ) ;
#1543 = CARTESIAN_POINT ( 'NONE',  ( -1.971261852770990109E-16, -2.087499999999999911, 0.000000000000000000 ) ) ;
#1544 = SURFACE_STYLE_USAGE ( .BOTH. , #95 ) ;
#1545 = STYLED_ITEM ( 'NONE', ( #573 ), #389 ) ;
#1546 = CARTESIAN_POINT ( 'NONE',  ( 1.169999999999999929, -2.087499999999999911, 0.1648747531013509959 ) ) ;
#1547 = ORIENTED_EDGE ( 'NONE', *, *, #1289, .T. ) ;
#1548 = VECTOR ( 'NONE', #1062, 1000.000000000000227 ) ;
#1549 = FILL_AREA_STYLE ('',( #7663 ) ) ;
#1550 = CARTESIAN_POINT ( 'NONE',  ( 6.750000000000000000, 0.000000000000000000, 10.25306961402259986 ) ) ;
#1551 = CARTESIAN_POINT ( 'NONE',  ( 0.9023669203354219848, 1.784862443182770209, 3.562213309405399819 ) ) ;
#1552 = CARTESIAN_POINT ( 'NONE',  ( 1.064544726869470104, -2.127842627326760105, 3.462367349422939888 ) ) ;
#1553 = PRESENTATION_LAYER_ASSIGNMENT (  '', '', ( #552 ) ) ;
#1554 = CARTESIAN_POINT ( 'NONE',  ( -4.409532436802692246, 5.400119784466845709E-16, 23.39289321881345529 ) ) ;
#1555 = SURFACE_STYLE_FILL_AREA ( #2861 ) ;
#1556 = PRESENTATION_LAYER_ASSIGNMENT (  '', '', ( #6975 ) ) ;
#1557 = EDGE_CURVE ( 'NONE', #1849, #5387, #8422, .T. ) ;
#1558 = STYLED_ITEM ( 'NONE', ( #8164 ), #4636 ) ;
#1559 = CARTESIAN_POINT ( 'NONE',  ( 1.169999999999999929, -2.672499999999999876, 0.000000000000000000 ) ) ;
#1560 = SURFACE_STYLE_FILL_AREA ( #5757 ) ;
#1561 = ORIENTED_EDGE ( 'NONE', *, *, #811, .T. ) ;
#1562 = CARTESIAN_POINT ( 'NONE',  ( 2.327521430366962907, -1.192018738297893510, 3.391840585329950031 ) ) ;
#1563 = CARTESIAN_POINT ( 'NONE',  ( -4.635636549518876492, -3.446637469613484495, 19.79999999999999716 ) ) ;
#1564 = DIRECTION ( 'NONE',  ( -0.8943526696502267503, 0.4473626071650516067, 0.000000000000000000 ) ) ;
#1565 = AXIS2_PLACEMENT_3D ( 'NONE', #5415, #3542, #7411 ) ;
#1566 = CARTESIAN_POINT ( 'NONE',  ( 2.838511082957823284, 1.538721566981182010, 2.969165229559820318 ) ) ;
#1567 = CARTESIAN_POINT ( 'NONE',  ( 0.9024890171489825530, -1.784801374135099872, 3.562186221542610109 ) ) ;
#1568 = SURFACE_SIDE_STYLE ('',( #8364 ) ) ;
#1569 = DIRECTION ( 'NONE',  ( 0.000000000000000000, 0.000000000000000000, 1.000000000000000000 ) ) ;
#1570 = FACE_OUTER_BOUND ( 'NONE', #4052, .T. ) ;
#1571 = CARTESIAN_POINT ( 'NONE',  ( 2.087499999999999911, 1.173535467138020039, 0.000000000000000000 ) ) ;
#1572 = UNCERTAINTY_MEASURE_WITH_UNIT (LENGTH_MEASURE( 1.000000000000000082E-05 ), #6335, 'distance_accuracy_value', 'NONE');
#1573 = EDGE_CURVE ( 'NONE', #4058, #2308, #746, .T. ) ;
#1574 = VECTOR ( 'NONE', #622, 1000.000000000000000 ) ;
#1575 =( NAMED_UNIT ( * ) SI_UNIT ( $, .STERADIAN. ) SOLID_ANGLE_UNIT ( ) );
#1576 = DIRECTION ( 'NONE',  ( 0.000000000000000000, 1.000000000000000000, 0.000000000000000000 ) ) ;
#1577 = ORIENTED_EDGE ( 'NONE', *, *, #7249, .F. ) ;
#1578 = CARTESIAN_POINT ( 'NONE',  ( 4.944013168599079577, -1.774356183305638934, 23.60000000000000142 ) ) ;
#1579 = FACE_OUTER_BOUND ( 'NONE', #8205, .T. ) ;
#1580 = SURFACE_STYLE_USAGE ( .BOTH. , #788 ) ;
#1581 = CARTESIAN_POINT ( 'NONE',  ( 1.782047144872849431, -0.9079355297130329294, 3.562213304289150173 ) ) ;
#1582 = CARTESIAN_POINT ( 'NONE',  ( -1.948595373499400152, 0.4692762881062719771, 3.022064739160810198 ) ) ;
#1583 = VERTEX_POINT ( 'NONE', #4958 ) ;
#1584 = EDGE_LOOP ( 'NONE', ( #387, #2345, #539, #1504 ) ) ;
#1585 = CARTESIAN_POINT ( 'NONE',  ( 1.075113707106909899, 1.858984235620829928, 3.932358714086509721 ) ) ;
#1586 = CARTESIAN_POINT ( 'NONE',  ( -1.077880048150970049, -2.672499999999999876, 0.000000000000000000 ) ) ;
#1587 = CARTESIAN_POINT ( 'NONE',  ( -5.542893218813452094, 6.788086438435464074E-16, 23.60000000000000142 ) ) ;
#1588 = CARTESIAN_POINT ( 'NONE',  ( 0.8257089790024929599, -1.823234047807380298, 3.562213304289159943 ) ) ;
#1589 = STYLED_ITEM ( 'NONE', ( #567 ), #3226 ) ;
#1590 = ORIENTED_EDGE ( 'NONE', *, *, #5700, .F. ) ;
#1591 = CARTESIAN_POINT ( 'NONE',  ( -1.169999999999999929, -2.672499999999999876, 0.07280001636285905742 ) ) ;
#1592 = CARTESIAN_POINT ( 'NONE',  ( 2.069736196554510244, 1.180709298228100002, 3.932447788256490107 ) ) ;
#1593 = CARTESIAN_POINT ( 'NONE',  ( 0.2879656823207680238, 2.069158844672990050, 0.4031326314136419731 ) ) ;
#1594 = CARTESIAN_POINT ( 'NONE',  ( 1.064579177979189994, -2.127825394168589845, 3.619421180777630198 ) ) ;
#1595 = CARTESIAN_POINT ( 'NONE',  ( -1.776414870783360245, 0.9190760476578440086, 3.562213304289150173 ) ) ;
#1596 = CARTESIAN_POINT ( 'NONE',  ( -0.3289961809773535584, 2.589888195484891575, 18.49999999999999645 ) ) ;
#1597 = CARTESIAN_POINT ( 'NONE',  ( -2.676558003271517272, 1.169999999999999929, 0.000000000000000000 ) ) ;
#1598 = CARTESIAN_POINT ( 'NONE',  ( -0.8344175997404474909, 2.505308810880293890, 0.7000000000000030642 ) ) ;
#1599 = ADVANCED_FACE ( 'NONE', ( #6157 ), #63, .F. ) ;
#1600 = CARTESIAN_POINT ( 'NONE',  ( -2.305916664309639597, 5.294893077985086016, 19.80000000000000071 ) ) ;
#1601 = CARTESIAN_POINT ( 'NONE',  ( 2.339245980335164177, -1.169788708820120871, 2.881427875162219099 ) ) ;
#1602 =( NAMED_UNIT ( * ) SI_UNIT ( $, .STERADIAN. ) SOLID_ANGLE_UNIT ( ) );
#1603 = DIRECTION ( 'NONE',  ( 1.000000000000000000, 0.000000000000000000, 0.000000000000000000 ) ) ;
#1604 = STYLED_ITEM ( 'NONE', ( #6346 ), #7026 ) ;
#1605 = CARTESIAN_POINT ( 'NONE',  ( -1.647197381873614530, 1.498511767863641042, 4.062213338820048314 ) ) ;
#1606 = VECTOR ( 'NONE', #5155, 1000.000000000000000 ) ;
#1607 = CARTESIAN_POINT ( 'NONE',  ( 1.161248266957765285, 3.008799101117143771, 2.969165229559819874 ) ) ;
#1608 = SURFACE_STYLE_USAGE ( .BOTH. , #6306 ) ;
#1609 = DIRECTION ( 'NONE',  ( -1.000000000000000000, 1.224646799147373422E-16, 0.000000000000000000 ) ) ;
#1610 = CARTESIAN_POINT ( 'NONE',  ( 1.923171929168340233, 0.7357236631721789655, 1.943675179695550037 ) ) ;
#1611 = COLOUR_RGB ( '',0.2862745098039215508, 0.2862745098039215508, 0.2862745098039215508 ) ;
#1612 = CARTESIAN_POINT ( 'NONE',  ( -1.169999999999999929, -2.388104425182510315, 2.338865070159270143 ) ) ;
#1613 = CARTESIAN_POINT ( 'NONE',  ( 1.924813320034979958, -1.019810449731585411, 1.435401423886146111 ) ) ;
#1614 = ORIENTED_EDGE ( 'NONE', *, *, #7678, .T. ) ;
#1615 = CARTESIAN_POINT ( 'NONE',  ( 0.9343993928227773971, -5.166219829360284344, 23.60000000000000142 ) ) ;
#1616 = MECHANICAL_DESIGN_GEOMETRIC_PRESENTATION_REPRESENTATION (  '', ( #484 ), #75 ) ;
#1617 = CARTESIAN_POINT ( 'NONE',  ( 4.281917279657747599, -1.095700300711332176, 2.969165229559820318 ) ) ;
#1618 = ADVANCED_FACE ( 'NONE', ( #4250 ), #2153, .T. ) ;
#1619 = CARTESIAN_POINT ( 'NONE',  ( -1.860959440337190074, 0.9648860444157519867, 1.943675179718990176 ) ) ;
#1620 = VERTEX_POINT ( 'NONE', #7798 ) ;
#1621 = B_SPLINE_SURFACE_WITH_KNOTS ( 'NONE', 3, 3, ( 
 ( #812, #3231, #4604, #3099, #7992, #1733, #5887, #3937, #8577 ),
 ( #8663, #5923, #1075, #2470, #7309, #3893, #3187, #1028, #2551 ),
 ( #8534, #6597, #2418, #7270, #5188, #3758, #7186, #5138, #6477 ),
 ( #7228, #3801, #1827, #3143, #6520, #7803, #412, #7949, #5841 ),
 ( #1780, #491, #4519, #1118, #7899, #8493, #5268, #3849, #6560 ),
 ( #4562, #1202, #7143, #5793, #6637, #7851, #525, #2370, #2511 ),
 ( #5227, #5090, #1686, #4431, #7389, #2096, #6100, #616, #6680 ),
 ( #1323, #571, #8701, #10, #7484, #55, #3268, #2760, #4730 ),
 ( #1421, #8207, #6813, #5309, #4817, #8780, #7529, #3308, #8031 ),
 ( #4157, #2709, #5438, #8071, #8734, #2618, #2004, #6861, #4021 ) ),
 .UNSPECIFIED., .F., .F., .F.,
 ( 4, 3, 3, 4 ),
 ( 4, 1, 1, 1, 1, 1, 4 ),
 ( -0.01000000000000000021, 0.000000000000000000, 1.000000000000000000, 1.010099999999999998 ),
 ( 0.000000000000000000, 0.1386939662306040100, 0.2773879324612070207, 0.5547758649224140415, 0.6934698311530179682, 0.8321637973836210067, 0.9708577636142250444 ),
 .UNSPECIFIED. ) ;
#1622 = ORIENTED_EDGE ( 'NONE', *, *, #3566, .F. ) ;
#1623 = CARTESIAN_POINT ( 'NONE',  ( 1.706611441685740083, 2.070247336351750178, 4.062213304289159943 ) ) ;
#1624 = CARTESIAN_POINT ( 'NONE',  ( -0.5848728926783339777, -2.659545203571310079, 0.3537504162900820814 ) ) ;
#1625 = CARTESIAN_POINT ( 'NONE',  ( -0.8956290057872166033, 1.786904511722714473, 3.043407435032522201 ) ) ;
#1626 = CARTESIAN_POINT ( 'NONE',  ( -0.2319425520477610414, -1.991024127276469935, 3.562213304289150173 ) ) ;
#1627 = PLANE ( 'NONE',  #852 ) ;
#1628 = B_SPLINE_CURVE_WITH_KNOTS ( 'NONE', 3,
 ( #8343, #5525, #2896, #6945, #5615, #2228 ),
 .UNSPECIFIED., .F., .F.,
 ( 4, 2, 4 ),
 ( 0.000000000000000000, 0.0004211171339461446898, 0.0008422342678922901385 ),
 .UNSPECIFIED. ) ;
#1629 = VERTEX_POINT ( 'NONE', #979 ) ;
#1630 = CYLINDRICAL_SURFACE ( 'NONE', #1901, 2.614955567827029981 ) ;
#1631 = CARTESIAN_POINT ( 'NONE',  ( 1.917019552232661850, 0.9590912064788212898, 3.455707020463919754 ) ) ;
#1632 = FILL_AREA_STYLE_COLOUR ( '', #7802 ) ;
#1633 = CARTESIAN_POINT ( 'NONE',  ( 0.4849731050848720693, 1.958008703064209932, 2.444599270131050162 ) ) ;
#1634 =( LENGTH_UNIT ( ) NAMED_UNIT ( * ) SI_UNIT ( .MILLI., .METRE. ) );
#1635 =( NAMED_UNIT ( * ) SI_UNIT ( $, .STERADIAN. ) SOLID_ANGLE_UNIT ( ) );
#1636 = CARTESIAN_POINT ( 'NONE',  ( 0.9149839183667899389, 2.423035533076902226, 18.49999999999999645 ) ) ;
#1637 = CARTESIAN_POINT ( 'NONE',  ( -2.523825031118339890, 1.169999999999999929, 1.072172543627620156 ) ) ;
#1638 = CARTESIAN_POINT ( 'NONE',  ( 0.5849999999999999645, -2.379999999999999893, -2.754830917718800176 ) ) ;
#1639 = CARTESIAN_POINT ( 'NONE',  ( 4.778557555201968121, 3.243220551718662747, 19.80000000000000071 ) ) ;
#1640 = SURFACE_SIDE_STYLE ('',( #3712 ) ) ;
#1641 = CARTESIAN_POINT ( 'NONE',  ( 2.330509398875055371, -1.184447089989961510, 3.023199761055439971 ) ) ;
#1642 = B_SPLINE_CURVE_WITH_KNOTS ( 'NONE', 3,
 ( #1806, #4333, #5711, #3879 ),
 .UNSPECIFIED., .F., .F.,
 ( 4, 4 ),
 ( 0.000000000000000000, 0.5000002312855497122 ),
 .UNSPECIFIED. ) ;
#1643 =( NAMED_UNIT ( * ) PLANE_ANGLE_UNIT ( ) SI_UNIT ( $, .RADIAN. ) );
#1644 = CARTESIAN_POINT ( 'NONE',  ( 0.8949128021042527248, 1.788719077116844636, 3.461860890506198274 ) ) ;
#1645 = FACE_OUTER_BOUND ( 'NONE', #6407, .T. ) ;
#1646 = CARTESIAN_POINT ( 'NONE',  ( -3.060482470282416045, 1.019428885692715170, 2.969165229559819430 ) ) ;
#1647 = SURFACE_STYLE_FILL_AREA ( #5593 ) ;
#1648 = CARTESIAN_POINT ( 'NONE',  ( -0.8764874895272284361, -2.437249556660383565, 18.50000000000000000 ) ) ;
#1649 = FILL_AREA_STYLE_COLOUR ( '', #5136 ) ;
#1650 = CARTESIAN_POINT ( 'NONE',  ( 3.017141830733160557, -1.139364474023801366, 2.969165229559820762 ) ) ;
#1651 = CARTESIAN_POINT ( 'NONE',  ( 2.087499999999999911, 1.072500000000000009, 0.1698237983775840176 ) ) ;
#1652 = MECHANICAL_DESIGN_GEOMETRIC_PRESENTATION_REPRESENTATION (  '', ( #5652 ), #107 ) ;
#1653 = UNCERTAINTY_MEASURE_WITH_UNIT (LENGTH_MEASURE( 1.000000000000000082E-05 ), #7743, 'distance_accuracy_value', 'NONE');
#1654 = CARTESIAN_POINT ( 'NONE',  ( -1.171562400272543103, -2.391805496427774180, 2.338873234254410516 ) ) ;
#1655 = CARTESIAN_POINT ( 'NONE',  ( 2.087499999999987033, -1.169999999999999929, 0.000000000000000000 ) ) ;
#1656 = EDGE_LOOP ( 'NONE', ( #5247, #8106, #2493, #2531 ) ) ;
#1657 = CARTESIAN_POINT ( 'NONE',  ( -0.9971664572080147781, -5.154472198958597318, 23.60000000000000497 ) ) ;
#1658 = CARTESIAN_POINT ( 'NONE',  ( 0.8948891693965779215, -1.788671818976786509, 3.461860776389812600 ) ) ;
#1659 = CIRCLE ( 'NONE', #6648, 4.409532436802679811 ) ;
#1660 = CARTESIAN_POINT ( 'NONE',  ( 4.384532436802681232, -5.369503614488150484E-16, 2.969165229559820318 ) ) ;
#1661 = CARTESIAN_POINT ( 'NONE',  ( -1.990884147329390119, 0.2335924706744869905, 3.391484666840950180 ) ) ;
#1662 = EDGE_LOOP ( 'NONE', ( #6884, #6277, #5899, #4634 ) ) ;
#1663 = CIRCLE ( 'NONE', #1812, 0.02499999999999984873 ) ;
#1664 =( BOUNDED_SURFACE ( )  B_SPLINE_SURFACE ( 3, 3, ( 
 ( #5507, #2075, #3372, #6078 ),
 ( #8804, #8140, #2168, #2686 ),
 ( #2782, #4880, #2029, #2734 ),
 ( #7597, #4796, #3547, #4222 ) ),
 .UNSPECIFIED., .F., .F., .F. ) 
 B_SPLINE_SURFACE_WITH_KNOTS ( ( 4, 4 ),
 ( 4, 4 ),
 ( 0.000000000000000000, 1.000000000000000000 ),
 ( 0.000000000000000000, 1.000000000000000000 ),
 .UNSPECIFIED. ) 
 GEOMETRIC_REPRESENTATION_ITEM ( )  RATIONAL_B_SPLINE_SURFACE ( (
 ( 1.000000000000000000, 0.3333333333333334259, 0.3333333333333334259, 1.000000000000000000),
 ( 0.8047378541243609407, 0.2682459513747870727, 0.2682459513747870727, 0.8047378541243609407),
 ( 0.8047378541243609407, 0.2682459513747870727, 0.2682459513747870727, 0.8047378541243609407),
 ( 1.000000000000000000, 0.3333333333333334259, 0.3333333333333334259, 1.000000000000000000) ) ) 
 REPRESENTATION_ITEM ( '' )  SURFACE ( )  );
#1665 = PRESENTATION_LAYER_ASSIGNMENT (  '', '', ( #4812 ) ) ;
#1666 = SURFACE_SIDE_STYLE ('',( #1852 ) ) ;
#1667 = ORIENTED_EDGE ( 'NONE', *, *, #4020, .T. ) ;
#1668 = CARTESIAN_POINT ( 'NONE',  ( 1.609584198776705444, 1.855209601828190946, 4.062213203554114749 ) ) ;
#1669 = CARTESIAN_POINT ( 'NONE',  ( 8.052545276221720473E-12, -2.621401750078450110, 3.023199761058580126 ) ) ;
#1670 = CARTESIAN_POINT ( 'NONE',  ( -1.154432328905159899, 2.070590768627080358, 0.3996872929963289911 ) ) ;
#1671 = CARTESIAN_POINT ( 'NONE',  ( 3.200000000000000178, 0.000000000000000000, 2.994165229559819785 ) ) ;
#1672 = CARTESIAN_POINT ( 'NONE',  ( 1.171986617228839789, -2.437021341945426745, 1.846241874242821712 ) ) ;
#1673 = EDGE_CURVE ( 'NONE', #5301, #964, #3452, .T. ) ;
#1674 = ORIENTED_EDGE ( 'NONE', *, *, #7428, .T. ) ;
#1675 = CARTESIAN_POINT ( 'NONE',  ( -4.349385432184958766, 1.775486982594478651E-16, 0.7000000000000030642 ) ) ;
#1676 = CARTESIAN_POINT ( 'NONE',  ( -0.5289892748794621236, 2.000083122772250199, 1.127511258060150068 ) ) ;
#1677 = CIRCLE ( 'NONE', #4981, 0.02499999999999984873 ) ;
#1678 = FACE_OUTER_BOUND ( 'NONE', #4224, .T. ) ;
#1679 = CARTESIAN_POINT ( 'NONE',  ( 1.169992171014304638, 2.338649169650270920, 3.462676777723357802 ) ) ;
#1680 = EDGE_CURVE ( 'NONE', #4946, #6363, #7946, .T. ) ;
#1681 = CARTESIAN_POINT ( 'NONE',  ( -2.342881542607920142, 1.169999999999999929, 3.044357362999970285 ) ) ;
#1682 = CARTESIAN_POINT ( 'NONE',  ( -1.169999999999999929, 2.379999999999999893, 0.000000000000000000 ) ) ;
#1683 = CARTESIAN_POINT ( 'NONE',  ( -0.8536351487294490115, 1.706197740892970049, 3.461736865323250090 ) ) ;
#1684 = CARTESIAN_POINT ( 'NONE',  ( -5.403475737040331239, 2.038441459246536080, 19.79999999999999716 ) ) ;
#1685 = DIRECTION ( 'NONE',  ( 0.000000000000000000, 1.000000000000000000, 0.000000000000000000 ) ) ;
#1686 = CARTESIAN_POINT ( 'NONE',  ( -2.659218938196770576, -1.169999999999999929, 0.3445556058133690813 ) ) ;
#1687 = CARTESIAN_POINT ( 'NONE',  ( -1.169999999999999929, -2.087499999999986144, 0.000000000000000000 ) ) ;
#1688 =( LENGTH_UNIT ( ) NAMED_UNIT ( * ) SI_UNIT ( .MILLI., .METRE. ) );
#1689 = LINE ( 'NONE', #4259, #7390 ) ;
#1690 = DIRECTION ( 'NONE',  ( -1.000000000000000000, -0.000000000000000000, 0.000000000000000000 ) ) ;
#1691 = FILL_AREA_STYLE_COLOUR ( '', #7823 ) ;
#1692 = DIRECTION ( 'NONE',  ( 0.000000000000000000, 0.000000000000000000, 1.000000000000000000 ) ) ;
#1693 = PRODUCT_DEFINITION_SHAPE ( 'NONE', 'NONE',  #4654 ) ;
#1694 = SURFACE_SIDE_STYLE ('',( #3767 ) ) ;
#1695 = CARTESIAN_POINT ( 'NONE',  ( -2.977760585244162872, -1.238700184639889512, 2.969165229559820318 ) ) ;
#1696 = CARTESIAN_POINT ( 'NONE',  ( 1.786127575879119966, 0.8998645133231389925, 3.562213304289150173 ) ) ;
#1697 = AXIS2_PLACEMENT_3D ( 'NONE', #4066, #7393, #1282 ) ;
#1698 = CARTESIAN_POINT ( 'NONE',  ( -1.169999999999999929, -2.087499999999999911, 0.1648747531013670109 ) ) ;
#1699 = CARTESIAN_POINT ( 'NONE',  ( 2.087499999999999911, -1.170000000000000151, 0.07286165902753605206 ) ) ;
#1700 = ORIENTED_EDGE ( 'NONE', *, *, #3096, .F. ) ;
#1701 = CARTESIAN_POINT ( 'NONE',  ( 3.023181031090504511, 4.293151949262863809, 23.60000000000000853 ) ) ;
#1702 = PRESENTATION_LAYER_ASSIGNMENT (  '', '', ( #5566 ) ) ;
#1703 = CARTESIAN_POINT ( 'NONE',  ( -2.441490250885359092, -0.6248298277228819808, 23.60000000000000853 ) ) ;
#1704 = CARTESIAN_POINT ( 'NONE',  ( -2.074677609689090207, 1.168716715688900010, 0.3536250458933549723 ) ) ;
#1705 = ORIENTED_EDGE ( 'NONE', *, *, #1030, .F. ) ;
#1706 = MECHANICAL_DESIGN_GEOMETRIC_PRESENTATION_REPRESENTATION (  '', ( #3570 ), #4436 ) ;
#1707 =( NAMED_UNIT ( * ) PLANE_ANGLE_UNIT ( ) SI_UNIT ( $, .RADIAN. ) );
#1708 = CARTESIAN_POINT ( 'NONE',  ( 1.718886138634670102, -1.355193710313409960, 4.062211577744260005 ) ) ;
#1709 = CARTESIAN_POINT ( 'NONE',  ( -1.177476726600160006, 2.334853567148170050, 3.562213304289150173 ) ) ;
#1710 = ORIENTED_EDGE ( 'NONE', *, *, #6319, .F. ) ;
#1711 = CARTESIAN_POINT ( 'NONE',  ( 1.177596897799789932, 2.334793460323457026, 3.562185876928670503 ) ) ;
#1712 = SURFACE_SIDE_STYLE ('',( #6464 ) ) ;
#1713 = CARTESIAN_POINT ( 'NONE',  ( -1.198765204958534669, -2.323262815424862016, 3.023199761058580126 ) ) ;
#1714 = CARTESIAN_POINT ( 'NONE',  ( -1.170846661466812044, 2.527759890702886203, 1.072178093936007492 ) ) ;
#1715 = EDGE_CURVE ( 'NONE', #3926, #5321, #7894, .T. ) ;
#1716 = CARTESIAN_POINT ( 'NONE',  ( 6.749999999999996447, -13.49999999999999822, 19.77499999999999858 ) ) ;
#1717 = ORIENTED_EDGE ( 'NONE', *, *, #7960, .T. ) ;
#1718 = FILL_AREA_STYLE_COLOUR ( '', #3516 ) ;
#1719 = ORIENTED_EDGE ( 'NONE', *, *, #7126, .T. ) ;
#1720 = PRESENTATION_STYLE_ASSIGNMENT (( #4463 ) ) ;
#1721 = CARTESIAN_POINT ( 'NONE',  ( -0.9023668164273139780, 1.784862495715240138, 3.562213309405399819 ) ) ;
#1722 = COLOUR_RGB ( '',0.8313725490196077761, 0.8313725490196077761, 0.8313725490196077761 ) ;
#1723 = DIRECTION ( 'NONE',  ( 0.4836800446059880687, 0.000000000000000000, -0.8752448882741042935 ) ) ;
#1724 = EDGE_CURVE ( 'NONE', #3108, #3793, #5714, .T. ) ;
#1725 = STYLED_ITEM ( 'NONE', ( #3258 ), #1147 ) ;
#1726 = ADVANCED_FACE ( 'NONE', ( #4469 ), #3050, .T. ) ;
#1727 = CARTESIAN_POINT ( 'NONE',  ( -1.786961566678471280, 0.8956571620312108184, 3.043407532515113090 ) ) ;
#1728 = EDGE_CURVE ( 'NONE', #4946, #4622, #5881, .T. ) ;
#1729 = CIRCLE ( 'NONE', #7574, 0.4999999999999978351 ) ;
#1730 = CARTESIAN_POINT ( 'NONE',  ( -0.9590919250367133664, 1.917019192793932625, 3.452533472592454356 ) ) ;
#1731 = CARTESIAN_POINT ( 'NONE',  ( 0.7460458671289847965, 5.727819804436574458, 19.80000000000000071 ) ) ;
#1732 = DIRECTION ( 'NONE',  ( 0.000000000000000000, 0.000000000000000000, 1.000000000000000000 ) ) ;
#1733 = CARTESIAN_POINT ( 'NONE',  ( -1.817591924410639548, -0.9241727680681628421, 2.515845187513650938 ) ) ;
#1734 = FACE_OUTER_BOUND ( 'NONE', #5199, .T. ) ;
#1735 = CARTESIAN_POINT ( 'NONE',  ( 0.9424445395903969791, 1.840376776356049016, 2.301931076820252109 ) ) ;
#1736 = CARTESIAN_POINT ( 'NONE',  ( -2.000000000000001776, 2.449293598294708880E-16, 23.39289321881345529 ) ) ;
#1737 = FACE_OUTER_BOUND ( 'NONE', #1139, .T. ) ;
#1738 = CARTESIAN_POINT ( 'NONE',  ( -6.750000000000000000, 8.266365894244633347E-16, 19.78964466094067021 ) ) ;
#1739 = CARTESIAN_POINT ( 'NONE',  ( 2.000000000000000000, 3.999999999999999112, 18.51035533905932340 ) ) ;
#1740 = CARTESIAN_POINT ( 'NONE',  ( -2.207106781186548794, 2.702926254956524206E-16, 23.59999999999999787 ) ) ;
#1741 = PRESENTATION_LAYER_ASSIGNMENT (  '', '', ( #1761 ) ) ;
#1742 = SURFACE_STYLE_USAGE ( .BOTH. , #7278 ) ;
#1743 = CARTESIAN_POINT ( 'NONE',  ( 2.000000000000000000, 0.000000000000000000, 11.28110665214460084 ) ) ;
#1744 = CARTESIAN_POINT ( 'NONE',  ( -0.8955360187114778103, -1.786805585893756154, 3.046461524833341539 ) ) ;
#1745 = CARTESIAN_POINT ( 'NONE',  ( -2.323952111816510957, -1.199097846043718274, 3.391840585329950031 ) ) ;
#1746 = EDGE_LOOP ( 'NONE', ( #7872, #6287, #7584, #8636 ) ) ;
#1747 = CARTESIAN_POINT ( 'NONE',  ( 3.169045174126603470, 4.186686827137931388, 23.59999999999999787 ) ) ;
#1748 = AXIS2_PLACEMENT_3D ( 'NONE', #3055, #2244, #5758 ) ;
#1749 = CARTESIAN_POINT ( 'NONE',  ( 2.413193460422275116, 1.192053648109159480, 1.944948958557380037 ) ) ;
#1750 = CARTESIAN_POINT ( 'NONE',  ( -5.398233219613013389, 4.013586703811412804, 19.80000000000000071 ) ) ;
#1751 = CARTESIAN_POINT ( 'NONE',  ( 2.024999999999999911, 4.049999999999998934, 18.49999999999999645 ) ) ;
#1752 = CARTESIAN_POINT ( 'NONE',  ( 2.050751496825600650, 1.448521019312624558, 23.60000000000000497 ) ) ;
#1753 = CARTESIAN_POINT ( 'NONE',  ( -1.787395560064820144, 0.8973435269203191567, 3.391484666840960394 ) ) ;
#1754 = ORIENTED_EDGE ( 'NONE', *, *, #4666, .F. ) ;
#1755 = STYLED_ITEM ( 'NONE', ( #1449 ), #7620 ) ;
#1756 =( GEOMETRIC_REPRESENTATION_CONTEXT ( 3 ) GLOBAL_UNCERTAINTY_ASSIGNED_CONTEXT ( ( #597 ) ) GLOBAL_UNIT_ASSIGNED_CONTEXT ( ( #3956, #1707, #2444 ) ) REPRESENTATION_CONTEXT ( 'NONE', 'WORKASPACE' ) );
#1757 =( NAMED_UNIT ( * ) PLANE_ANGLE_UNIT ( ) SI_UNIT ( $, .RADIAN. ) );
#1758 = ORIENTED_EDGE ( 'NONE', *, *, #7988, .T. ) ;
#1759 = SURFACE_STYLE_USAGE ( .BOTH. , #2494 ) ;
#1760 = CARTESIAN_POINT ( 'NONE',  ( 2.439532829297945238, -5.236063115912489963, 19.79999999999999005 ) ) ;
#1762 = CARTESIAN_POINT ( 'NONE',  ( -0.8941884651964419062, 1.787073342893215733, 3.310598638865415388 ) ) ;
#1761 = STYLED_ITEM ( 'NONE', ( #6522 ), #7779 ) ;
#1763 = EDGE_CURVE ( 'NONE', #5367, #6880, #7138, .T. ) ;
#1764 = CARTESIAN_POINT ( 'NONE',  ( 0.9079917612567893759, -1.782018714023396955, 3.562213304289150173 ) ) ;
#1765 = CARTESIAN_POINT ( 'NONE',  ( 2.087499999999999911, -0.5849999999999999645, 0.1698237983775840176 ) ) ;
#1766 = VERTEX_POINT ( 'NONE', #6469 ) ;
#1767 = FILL_AREA_STYLE ('',( #5176 ) ) ;
#1768 =( NAMED_UNIT ( * ) SI_UNIT ( $, .STERADIAN. ) SOLID_ANGLE_UNIT ( ) );
#1769 = VERTEX_POINT ( 'NONE', #361 ) ;
#1770 = MECHANICAL_DESIGN_GEOMETRIC_PRESENTATION_REPRESENTATION (  '', ( #6342 ), #4776 ) ;
#1771 = CARTESIAN_POINT ( 'NONE',  ( -0.9355000047763699644, 1.821368201665189979, 2.444599270131050162 ) ) ;
#1772 = CARTESIAN_POINT ( 'NONE',  ( 2.099033883284535662, -1.565994553912160248, 4.062213620862107355 ) ) ;
#1773 = PLANE ( 'NONE',  #3263 ) ;
#1774 = CARTESIAN_POINT ( 'NONE',  ( -0.2174125788124139924, -2.087499999999999911, -3.419999999999999929 ) ) ;
#1775 = SURFACE_SIDE_STYLE ('',( #6514 ) ) ;
#1776 = AXIS2_PLACEMENT_3D ( 'NONE', #248, #8410, #7057 ) ;
#1777 = CARTESIAN_POINT ( 'NONE',  ( -0.9590912064788212898, 1.917019552232661850, 3.455707020463919754 ) ) ;
#1778 = CARTESIAN_POINT ( 'NONE',  ( 2.038441459247245735, 5.403475737040124294, 19.80000000000000426 ) ) ;
#1779 =( LENGTH_UNIT ( ) NAMED_UNIT ( * ) SI_UNIT ( .MILLI., .METRE. ) );
#1780 = CARTESIAN_POINT ( 'NONE',  ( -2.282500000000000195, -1.169999999999999929, 0.000000000000000000 ) ) ;
#1781 =( NAMED_UNIT ( * ) SI_UNIT ( $, .STERADIAN. ) SOLID_ANGLE_UNIT ( ) );
#1782 = LINE ( 'NONE', #3895, #222 ) ;
#1783 = CARTESIAN_POINT ( 'NONE',  ( -2.700000000000000622, 1.102182119232616309E-16, 23.59999999999999787 ) ) ;
#1784 = FILL_AREA_STYLE ('',( #944 ) ) ;
#1785 = FILL_AREA_STYLE ('',( #3193 ) ) ;
#1786 = CARTESIAN_POINT ( 'NONE',  ( -1.285538593474391922, -2.276676128838579061, 18.50000000000000000 ) ) ;
#1787 = CARTESIAN_POINT ( 'NONE',  ( -4.591290235973279010, -4.919322236844147156, 19.80000000000000071 ) ) ;
#1788 = CARTESIAN_POINT ( 'NONE',  ( -0.8951142490607889579, -1.788925683043190107, 3.310600361383630563 ) ) ;
#1789 =( NAMED_UNIT ( * ) SI_UNIT ( $, .STERADIAN. ) SOLID_ANGLE_UNIT ( ) );
#1790 = EDGE_CURVE ( 'NONE', #8220, #6794, #281, .T. ) ;
#1791 = VERTEX_POINT ( 'NONE', #3095 ) ;
#1792 = DIRECTION ( 'NONE',  ( 0.000000000000000000, -0.4836800446059880687, -0.8752448882741042935 ) ) ;
#1793 = CARTESIAN_POINT ( 'NONE',  ( 2.463001385344509853, 0.8962141942609880285, 3.562213304289150173 ) ) ;
#1794 = COLOUR_RGB ( '',0.8313725490196077761, 0.8313725490196077761, 0.8313725490196077761 ) ;
#1795 = CARTESIAN_POINT ( 'NONE',  ( -6.097424238802438445, 2.840807543176103955, 19.80000000000000071 ) ) ;
#1796 = LINE ( 'NONE', #5327, #3706 ) ;
#1797 = CARTESIAN_POINT ( 'NONE',  ( 2.308336204962059490, 0.9602408923906483595, 23.60000000000000497 ) ) ;
#1798 = CARTESIAN_POINT ( 'NONE',  ( -1.860959394148459900, -0.9648862003653031483, 1.943675179718990176 ) ) ;
#1799 = VERTEX_POINT ( 'NONE', #5264 ) ;
#1800 = CARTESIAN_POINT ( 'NONE',  ( -1.178070848562529971, 2.658176790691619829, 0.3537504162900840243 ) ) ;
#1801 = ORIENTED_EDGE ( 'NONE', *, *, #5004, .F. ) ;
#1802 = PRESENTATION_STYLE_ASSIGNMENT (( #1759 ) ) ;
#1803 = CARTESIAN_POINT ( 'NONE',  ( 2.305916664310055264, -5.294893077984514917, 19.80000000000000071 ) ) ;
#1804 = CARTESIAN_POINT ( 'NONE',  ( -0.9867428327071940952, 1.972259300002120019, 3.310770845963129982 ) ) ;
#1805 =( LENGTH_UNIT ( ) NAMED_UNIT ( * ) SI_UNIT ( .MILLI., .METRE. ) );
#1806 = CARTESIAN_POINT ( 'NONE',  ( 1.784801264205140514, 0.9024892343483817969, 3.562186562217995789 ) ) ;
#1807 = CARTESIAN_POINT ( 'NONE',  ( 1.950268328113730298, -0.4630684881387590601, 3.391484666840950180 ) ) ;
#1808 = STYLED_ITEM ( 'NONE', ( #2549 ), #6578 ) ;
#1809 = CARTESIAN_POINT ( 'NONE',  ( -6.750000000000002665, -13.49999999999999467, 19.78964466094066665 ) ) ;
#1810 = ORIENTED_EDGE ( 'NONE', *, *, #3578, .F. ) ;
#1811 = CARTESIAN_POINT ( 'NONE',  ( 2.085530499999999954, 1.169999999999999929, 0.1648747531013370071 ) ) ;
#1812 = AXIS2_PLACEMENT_3D ( 'NONE', #6691, #4615, #6608 ) ;
#1813 = VERTEX_POINT ( 'NONE', #7987 ) ;
#1814 = CARTESIAN_POINT ( 'NONE',  ( 1.855696333944808041, 0.9824993142282215652, 1.943675179695550037 ) ) ;
#1815 = COLOUR_RGB ( '',0.8313725490196077761, 0.8313725490196077761, 0.8313725490196077761 ) ;
#1816 = SURFACE_STYLE_FILL_AREA ( #2503 ) ;
#1817 = CARTESIAN_POINT ( 'NONE',  ( -1.156985121226759894, 2.069574522761739921, 0.4031326314136419731 ) ) ;
#1818 = PRESENTATION_STYLE_ASSIGNMENT (( #1234 ) ) ;
#1819 = LINE ( 'NONE', #5182, #1379 ) ;
#1820 = CARTESIAN_POINT ( 'NONE',  ( -2.085550000000000015, 1.169999999999999929, 0.000000000000000000 ) ) ;
#1821 = CARTESIAN_POINT ( 'NONE',  ( -4.909532436802690469, -9.819064873605377386, 23.59999999999999787 ) ) ;
#1822 = MECHANICAL_DESIGN_GEOMETRIC_PRESENTATION_REPRESENTATION (  '', ( #5677 ), #5541 ) ;
#1823 = ORIENTED_EDGE ( 'NONE', *, *, #5277, .T. ) ;
#1824 = DIRECTION ( 'NONE',  ( 0.000000000000000000, 0.000000000000000000, 1.000000000000000000 ) ) ;
#1825 = DIRECTION ( 'NONE',  ( -1.224646799147353207E-16, -1.000000000000000000, 0.000000000000000000 ) ) ;
#1826 = AXIS2_PLACEMENT_3D ( 'NONE', #101, #6198, #5575 ) ;
#1827 = CARTESIAN_POINT ( 'NONE',  ( -2.075612411928450030, -1.159055560413869923, 0.3444597554595419941 ) ) ;
#1828 = SURFACE_STYLE_FILL_AREA ( #2552 ) ;
#1829 =( NAMED_UNIT ( * ) SI_UNIT ( $, .STERADIAN. ) SOLID_ANGLE_UNIT ( ) );
#1830 = CARTESIAN_POINT ( 'NONE',  ( 2.602387022739019784, -1.169999999999999929, 0.6502659332571880668 ) ) ;
#1831 = FILL_AREA_STYLE_COLOUR ( '', #3933 ) ;
#1832 =( NAMED_UNIT ( * ) SI_UNIT ( $, .STERADIAN. ) SOLID_ANGLE_UNIT ( ) );
#1833 = CARTESIAN_POINT ( 'NONE',  ( 1.235766166578099678, -2.279546023943228583, 18.50000000000000000 ) ) ;
#1834 = ADVANCED_FACE ( 'NONE', ( #5919 ), #4559, .T. ) ;
#1835 = CARTESIAN_POINT ( 'NONE',  ( -0.9424408889182247506, 1.840372810053125807, 2.301972905986805706 ) ) ;
#1836 = CARTESIAN_POINT ( 'NONE',  ( -5.837622670096079602, -3.342292859553458229, 19.80000000000000426 ) ) ;
#1837 = CARTESIAN_POINT ( 'NONE',  ( 1.193936246082984098, 2.658130798344897627, 0.3537504162900840243 ) ) ;
#1838 = CARTESIAN_POINT ( 'NONE',  ( -1.112027929872501542, -2.022798673345922893, 0.6498570290778522551 ) ) ;
#1839 = CARTESIAN_POINT ( 'NONE',  ( -2.612693253559490003, -0.5900390149046580435, 0.7666085965705810024 ) ) ;
#1840 = ORIENTED_EDGE ( 'NONE', *, *, #4355, .F. ) ;
#1841 = CARTESIAN_POINT ( 'NONE',  ( 5.166219829360272797, 0.9343993928228686574, 23.60000000000000497 ) ) ;
#1842 = CARTESIAN_POINT ( 'NONE',  ( 2.379896215624119904, 1.086866315428060004, 3.023199761055439971 ) ) ;
#1843 = MECHANICAL_DESIGN_GEOMETRIC_PRESENTATION_REPRESENTATION (  '', ( #1413 ), #3558 ) ;
#1844 = SHAPE_REPRESENTATION ( 'CT3151V1-0', ( #3531, #141, #5113 ), #3987 ) ;
#1845 =( GEOMETRIC_REPRESENTATION_CONTEXT ( 3 ) GLOBAL_UNCERTAINTY_ASSIGNED_CONTEXT ( ( #6839 ) ) GLOBAL_UNIT_ASSIGNED_CONTEXT ( ( #5275, #4568, #1832 ) ) REPRESENTATION_CONTEXT ( 'NONE', 'WORKASPACE' ) );
#1846 = CARTESIAN_POINT ( 'NONE',  ( -5.924284082913415794, 3.196815547188617490, 19.80000000000000071 ) ) ;
#1847 = CARTESIAN_POINT ( 'NONE',  ( 0.8460421177836194850, 2.352598385350613164, 23.60000000000000853 ) ) ;
#1848 = CARTESIAN_POINT ( 'NONE',  ( -1.860151674543339961, -0.9675983079515170227, 1.943675179718990176 ) ) ;
#1849 = VERTEX_POINT ( 'NONE', #2970 ) ;
#1850 = EDGE_CURVE ( 'NONE', #8599, #3078, #4275, .T. ) ;
#1851 = PRESENTATION_STYLE_ASSIGNMENT (( #2532 ) ) ;
#1852 = SURFACE_STYLE_FILL_AREA ( #7206 ) ;
#1853 = VERTEX_POINT ( 'NONE', #6303 ) ;
#1854 = CARTESIAN_POINT ( 'NONE',  ( 1.787322430949696006, -0.8975010886595111703, 3.529094166221030893 ) ) ;
#1855 =( GEOMETRIC_REPRESENTATION_CONTEXT ( 3 ) GLOBAL_UNCERTAINTY_ASSIGNED_CONTEXT ( ( #4799 ) ) GLOBAL_UNIT_ASSIGNED_CONTEXT ( ( #4954, #3574, #1635 ) ) REPRESENTATION_CONTEXT ( 'NONE', 'WORKASPACE' ) );
#1856 = CARTESIAN_POINT ( 'NONE',  ( -1.164810776301719919, 2.459269358452639942, 0.3997831433501550236 ) ) ;
#1857 = CARTESIAN_POINT ( 'NONE',  ( 1.196504893886543019, -2.087499999999999911, 0.000000000000000000 ) ) ;
#1858 =( NAMED_UNIT ( * ) PLANE_ANGLE_UNIT ( ) SI_UNIT ( $, .RADIAN. ) );
#1859 = MECHANICAL_DESIGN_GEOMETRIC_PRESENTATION_REPRESENTATION (  '', ( #2437 ), #7400 ) ;
#1860 = B_SPLINE_CURVE_WITH_KNOTS ( 'NONE', 3,
 ( #1868, #3142, #3892, #410 ),
 .UNSPECIFIED., .F., .F.,
 ( 4, 4 ),
 ( 4.336808689942017736E-19, 9.986469681922660580E-05 ),
 .UNSPECIFIED. ) ;
#1861 = VECTOR ( 'NONE', #8740, 1000.000000000000000 ) ;
#1862 = VERTEX_POINT ( 'NONE', #4966 ) ;
#1863 = CARTESIAN_POINT ( 'NONE',  ( 1.784988274971955891, 0.8930462310545883575, 3.462470102094003632 ) ) ;
#1864 = DIRECTION ( 'NONE',  ( -6.123233995736769734E-17, -1.000000000000000000, 0.000000000000000000 ) ) ;
#1865 = CARTESIAN_POINT ( 'NONE',  ( -1.072500000000000009, 2.087499999999999911, 0.000000000000000000 ) ) ;
#1866 = CARTESIAN_POINT ( 'NONE',  ( 2.323791930542201456, -1.199405566116412691, 3.702437524891088572 ) ) ;
#1867 = CARTESIAN_POINT ( 'NONE',  ( -1.169995546835762568, 2.338598443729849485, 3.495963593497633415 ) ) ;
#1868 = CARTESIAN_POINT ( 'NONE',  ( -2.334793036590388393, -1.177597738311928488, 3.562189870456510032 ) ) ;
#1869 = SURFACE_STYLE_FILL_AREA ( #413 ) ;
#1870 = LINE ( 'NONE', #4646, #8332 ) ;
#1871 =( NAMED_UNIT ( * ) PLANE_ANGLE_UNIT ( ) SI_UNIT ( $, .RADIAN. ) );
#1872 = CARTESIAN_POINT ( 'NONE',  ( 2.282500000000000195, -1.169999999999999929, 0.1648747531013670109 ) ) ;
#1873 = ADVANCED_FACE ( 'NONE', ( #8317 ), #990, .T. ) ;
#1874 = DIRECTION ( 'NONE',  ( -1.000000000000000000, 1.224646799147352714E-16, 0.000000000000000000 ) ) ;
#1875 =( LENGTH_UNIT ( ) NAMED_UNIT ( * ) SI_UNIT ( .MILLI., .METRE. ) );
#1876 = SURFACE_SIDE_STYLE ('',( #4102 ) ) ;
#1877 = CARTESIAN_POINT ( 'NONE',  ( -6.710966075325182523, -0.5127243684464493079, 19.80000000000000426 ) ) ;
#1878 = LINE ( 'NONE', #8127, #6517 ) ;
#1879 = CARTESIAN_POINT ( 'NONE',  ( -0.9332729227056109078, -1.827336615456274238, 2.337628087284061795 ) ) ;
#1880 = CARTESIAN_POINT ( 'NONE',  ( -2.672499999999999876, -0.5849999999999999645, 0.000000000000000000 ) ) ;
#1881 = EDGE_LOOP ( 'NONE', ( #8252, #2606, #1131, #2359 ) ) ;
#1882 = CARTESIAN_POINT ( 'NONE',  ( 4.196123610370558588, 3.175930447051511063, 23.60000000000000853 ) ) ;
#1883 =( NAMED_UNIT ( * ) PLANE_ANGLE_UNIT ( ) SI_UNIT ( $, .RADIAN. ) );
#1884 = CARTESIAN_POINT ( 'NONE',  ( 4.333874646347708470, 5.151531800550839257, 19.80000000000000071 ) ) ;
#1885 = CARTESIAN_POINT ( 'NONE',  ( -2.002736088552630189, -1.102283070033170054, 0.7659099622955359843 ) ) ;
#1886 = ORIENTED_EDGE ( 'NONE', *, *, #5172, .F. ) ;
#1887 = PRESENTATION_LAYER_ASSIGNMENT (  '', '', ( #3610 ) ) ;
#1888 = SURFACE_SIDE_STYLE ('',( #5250 ) ) ;
#1889 = CARTESIAN_POINT ( 'NONE',  ( 2.070247336351750178, -1.706611441685740083, 4.062213304289150173 ) ) ;
#1890 = ORIENTED_EDGE ( 'NONE', *, *, #3332, .F. ) ;
#1891 = MANIFOLD_SOLID_BREP ( 'Imported1', #5484 ) ;
#1892 = CARTESIAN_POINT ( 'NONE',  ( -4.370751894706225826, 8.741503789412451653, 0.7073570630543276616 ) ) ;
#1893 = CARTESIAN_POINT ( 'NONE',  ( -1.784801227490511177, 0.9024893073445178215, 3.562187136347260807 ) ) ;
#1894 = CARTESIAN_POINT ( 'NONE',  ( 2.124548272406827198, 1.500632558410906592, 18.49999999999999645 ) ) ;
#1895 = VECTOR ( 'NONE', #6385, 1000.000000000000000 ) ;
#1896 = CARTESIAN_POINT ( 'NONE',  ( 1.923171929169239958, -0.7357236631722310349, 1.943675179695550037 ) ) ;
#1897 = VERTEX_POINT ( 'NONE', #4435 ) ;
#1898 = CARTESIAN_POINT ( 'NONE',  ( -2.338633518522500676, 1.169984342421486856, 3.462676747946211719 ) ) ;
#1899 = VECTOR ( 'NONE', #2647, 1000.000000000000000 ) ;
#1900 =( BOUNDED_CURVE ( )  B_SPLINE_CURVE ( 3, ( #6492, #2439, #3284, #5857 ),
 .UNSPECIFIED., .F., .F. ) 
 B_SPLINE_CURVE_WITH_KNOTS ( ( 4, 4 ),
 ( 0.000000000000000000, 1.000000000000000000 ),
 .UNSPECIFIED. ) 
 CURVE ( )  GEOMETRIC_REPRESENTATION_ITEM ( )  RATIONAL_B_SPLINE_CURVE ( ( 1.000000000000000000, 0.3333333333333333703, 0.3333333333333333703, 1.000000000000000000 ) ) 
 REPRESENTATION_ITEM ( '' )  );
#1901 = AXIS2_PLACEMENT_3D ( 'NONE', #4460, #5659, #2996 ) ;
#1902 = PRESENTATION_STYLE_ASSIGNMENT (( #8729 ) ) ;
#1903 = CARTESIAN_POINT ( 'NONE',  ( -0.9190760300420549589, -1.776414879812414860, 3.562213304289150173 ) ) ;
#1904 = CARTESIAN_POINT ( 'NONE',  ( 0.000000000000000000, 0.000000000000000000, 18.47500000000000142 ) ) ;
#1905 =( NAMED_UNIT ( * ) PLANE_ANGLE_UNIT ( ) SI_UNIT ( $, .RADIAN. ) );
#1906 = DIRECTION ( 'NONE',  ( -1.000000000000000000, 1.224646799147353947E-16, 0.000000000000000000 ) ) ;
#1907 = DIRECTION ( 'NONE',  ( -6.123233995736769734E-17, -1.000000000000000000, 0.000000000000000000 ) ) ;
#1908 = CARTESIAN_POINT ( 'NONE',  ( 2.379999999999999893, -0.5849999999999999645, -2.754830917718800176 ) ) ;
#1909 =( LENGTH_UNIT ( ) NAMED_UNIT ( * ) SI_UNIT ( .MILLI., .METRE. ) );
#1910 = FACE_OUTER_BOUND ( 'NONE', #2985, .T. ) ;
#1911 = CARTESIAN_POINT ( 'NONE',  ( -1.169999999999999929, -2.338664820565219848, 3.462676791579629931 ) ) ;
#1912 = CARTESIAN_POINT ( 'NONE',  ( 1.787074013511905202, -0.8941888003659612671, 3.310598639489374051 ) ) ;
#1913 = FILL_AREA_STYLE_COLOUR ( '', #1416 ) ;
#1914 = CARTESIAN_POINT ( 'NONE',  ( 2.015076995317536923, 1.103701398624485464, 0.7204298717453824219 ) ) ;
#1915 = B_SPLINE_SURFACE_WITH_KNOTS ( 'NONE', 3, 3, ( 
 ( #6911, #152, #5579, #3620, #894, #7049, #5712, #7721 ),
 ( #1597, #8305, #4910, #7621, #1510, #5002, #3576, #8397 ),
 ( #4249, #6955, #4334, #8440, #6339, #7004, #2323, #6292 ),
 ( #5625, #937, #3663, #1637, #7090, #1681, #8573, #4515 ),
 ( #3753, #6513, #1311, #5225, #2463, #5789, #4468, #451 ),
 ( #7796, #7945, #6713, #8104, #2365, #1991, #3844, #1069 ),
 ( #4722, #605, #1022, #1268, #8528, #4050, #4424, #3343 ),
 ( #1820, #7424, #6755, #5377, #6468, #652, #6556, #4558 ),
 ( #360, #7179, #4011, #3382, #7137, #5134, #3138, #3094 ),
 ( #6090, #3798, #5084, #2414, #7846, #1727, #8617, #406 ) ),
 .UNSPECIFIED., .F., .F., .F.,
 ( 4, 3, 3, 4 ),
 ( 4, 1, 1, 1, 1, 4 ),
 ( -0.01040513659363271476, 0.000000000000000000, 1.000000000000000000, 1.010000000000000009 ),
 ( 0.000000000000000000, 0.1386939662306120036, 0.4160818986918349838, 0.6934698311530580472, 0.8321637973836689683, 0.9708577636142809997 ),
 .UNSPECIFIED. ) ;
#1916 = CARTESIAN_POINT ( 'NONE',  ( -5.750040636048540321, -3.487992170634929945, 19.80000000000000071 ) ) ;
#1917 = CARTESIAN_POINT ( 'NONE',  ( 1.103474068312383372, -2.015102725649877691, 0.7203930193516010494 ) ) ;
#1918 = CARTESIAN_POINT ( 'NONE',  ( -2.331150355985749378, 1.184819933984737395, 3.562213304289150173 ) ) ;
#1919 = ORIENTED_EDGE ( 'NONE', *, *, #6045, .T. ) ;
#1920 = DIRECTION ( 'NONE',  ( -0.7071067811865474617, 8.659560562354932858E-17, 0.7071067811865474617 ) ) ;
#1921 = CARTESIAN_POINT ( 'NONE',  ( 2.323371162170860149, 1.198551160747003852, 3.023199761055439971 ) ) ;
#1922 = CARTESIAN_POINT ( 'NONE',  ( -1.196915221837250076, 6.617683295128398591, 19.80000000000000071 ) ) ;
#1923 = CARTESIAN_POINT ( 'NONE',  ( -1.883923240496550022, -0.8873499345461920429, 1.943675179718990176 ) ) ;
#1924 = ORIENTED_EDGE ( 'NONE', *, *, #3938, .T. ) ;
#1925 = CARTESIAN_POINT ( 'NONE',  ( -1.957830786275583934, -1.050558419831958190, 1.147323380762153455 ) ) ;
#1926 = CARTESIAN_POINT ( 'NONE',  ( -4.349385432184959654, 5.326460947783437925E-16, 0.7000000000000030642 ) ) ;
#1927 = UNCERTAINTY_MEASURE_WITH_UNIT (LENGTH_MEASURE( 1.000000000000000082E-05 ), #6898, 'distance_accuracy_value', 'NONE');
#1928 = CARTESIAN_POINT ( 'NONE',  ( -0.2924999999999999822, 2.672499999999999876, 0.1698237983775840176 ) ) ;
#1929 = ORIENTED_EDGE ( 'NONE', *, *, #771, .T. ) ;
#1930 = CARTESIAN_POINT ( 'NONE',  ( 1.170155676710948001, 2.659438832212804193, 0.3998325062823754328 ) ) ;
#1931 = CARTESIAN_POINT ( 'NONE',  ( -4.349385432184959654, 5.326460947783437925E-16, 0.7000000000000030642 ) ) ;
#1932 = CARTESIAN_POINT ( 'NONE',  ( -2.000000000009549694, 2.449293598306401277E-16, 18.19999999997889972 ) ) ;
#1933 = CARTESIAN_POINT ( 'NONE',  ( -1.682608489849223288, -4.048861775891710479, 2.969165229559819430 ) ) ;
#1934 = ADVANCED_FACE ( 'NONE', ( #1645 ), #6388, .F. ) ;
#1935 = VECTOR ( 'NONE', #5809, 1000.000000000000000 ) ;
#1936 = ORIENTED_EDGE ( 'NONE', *, *, #3544, .F. ) ;
#1937 = CARTESIAN_POINT ( 'NONE',  ( 4.384532436802681232, 0.000000000000000000, 2.994165229559819785 ) ) ;
#1938 =( NAMED_UNIT ( * ) SI_UNIT ( $, .STERADIAN. ) SOLID_ANGLE_UNIT ( ) );
#1939 = CARTESIAN_POINT ( 'NONE',  ( -0.9192434725195064438, 1.776330222519721502, 3.562213309405399819 ) ) ;
#1940 = CARTESIAN_POINT ( 'NONE',  ( -0.2924999999999999822, -2.087499999999999911, 0.1698237983775840176 ) ) ;
#1941 = FILL_AREA_STYLE_COLOUR ( '', #2401 ) ;
#1942 =( GEOMETRIC_REPRESENTATION_CONTEXT ( 3 ) GLOBAL_UNCERTAINTY_ASSIGNED_CONTEXT ( ( #690 ) ) GLOBAL_UNIT_ASSIGNED_CONTEXT ( ( #2707, #8158, #712 ) ) REPRESENTATION_CONTEXT ( 'NONE', 'WORKASPACE' ) );
#1943 = B_SPLINE_CURVE_WITH_KNOTS ( 'NONE', 3,
 ( #5346, #3229, #1867, #5921 ),
 .UNSPECIFIED., .F., .F.,
 ( 4, 4 ),
 ( 1.301042606982605321E-18, 9.986054998812300622E-05 ),
 .UNSPECIFIED. ) ;
#1944 = ADVANCED_FACE ( 'NONE', ( #1737 ), #7482, .T. ) ;
#1945 = ORIENTED_EDGE ( 'NONE', *, *, #3285, .T. ) ;
#1946 = CARTESIAN_POINT ( 'NONE',  ( -2.614955818357269646, 3.305913724828181540E-17, 3.562203752529947920 ) ) ;
#1947 = PRESENTATION_LAYER_ASSIGNMENT (  '', '', ( #3966 ) ) ;
#1948 = CARTESIAN_POINT ( 'NONE',  ( 1.788628335247532064, 0.8948454848392004557, 3.495419294634019902 ) ) ;
#1949 = FACE_OUTER_BOUND ( 'NONE', #3492, .T. ) ;
#1950 = PRODUCT_DEFINITION_FORMATION_WITH_SPECIFIED_SOURCE ( 'ANY', '', #4420, .NOT_KNOWN. ) ;
#1951 = DIRECTION ( 'NONE',  ( 1.836970198721029934E-16, 1.000000000000000000, 0.000000000000000000 ) ) ;
#1952 = EDGE_CURVE ( 'NONE', #3362, #5436, #555, .T. ) ;
#1953 = FILL_AREA_STYLE_COLOUR ( '', #8159 ) ;
#1954 =( LENGTH_UNIT ( ) NAMED_UNIT ( * ) SI_UNIT ( .MILLI., .METRE. ) );
#1955 = CARTESIAN_POINT ( 'NONE',  ( 2.338926533919969852, -1.169999999999999929, 3.311111815123159996 ) ) ;
#1956 = LINE ( 'NONE', #7396, #3002 ) ;
#1957 = SURFACE_STYLE_FILL_AREA ( #4070 ) ;
#1958 = CARTESIAN_POINT ( 'NONE',  ( 5.753072144948605526, -3.489927614022118707, 19.80000000000000426 ) ) ;
#1959 = VECTOR ( 'NONE', #5392, 1000.000000000000000 ) ;
#1960 = CARTESIAN_POINT ( 'NONE',  ( 1.198764425574271542, 2.323263219051252104, 3.023199761058580126 ) ) ;
#1961 = FILL_AREA_STYLE ('',( #8745 ) ) ;
#1962 = B_SPLINE_CURVE_WITH_KNOTS ( 'NONE', 3,
 ( #1898, #1270, #7261, #7339 ),
 .UNSPECIFIED., .F., .F.,
 ( 4, 4 ),
 ( 0.000000000000000000, 9.986608518705365506E-05 ),
 .UNSPECIFIED. ) ;
#1963 = CARTESIAN_POINT ( 'NONE',  ( -2.598098636575940645, 0.8842137988997880171, 0.7666085965705800032 ) ) ;
#1964 = B_SPLINE_CURVE_WITH_KNOTS ( 'NONE', 3,
 ( #5376, #1357, #4804, #4010, #1450, #4094, #2084, #2038, #3380, #4140, #8102, #742, #4049, #4761, #697, #3297, #7421, #6844, #6135, #5999, #4675, #2742, #7513, #37, #1933, #5473, #6712, #8725, #4842, #2610, #8193, #1988, #2790, #5517, #3340, #5339, #8239, #2132, #7560, #2691, #6042, #4720, #1309, #6753, #651, #7780, #7698, #5023, #2841, #4933, #7744, #958, #4272, #8465, #1617, #2343, #1660 ),
 .UNSPECIFIED., .F., .F.,
 ( 4, 1, 1, 1, 2, 2, 1, 2, 2, 2, 1, 2, 2, 1, 1, 1, 2, 2, 2, 1, 1, 1, 2, 2, 1, 2, 2, 2, 1, 2, 2, 1, 1, 2, 2, 4 ),
 ( 0.000000000000000000, 0.06250000000000033307, 0.09375000000000049960, 0.1093750000000006106, 0.1171875000000007078, 0.1250000000000008049, 0.1562500000000010270, 0.1718750000000011102, 0.1875000000000011935, 0.2500000000000017764, 0.2812500000000020539, 0.2968750000000021649, 0.3125000000000022204, 0.3437500000000024425, 0.3593750000000026645, 0.3671875000000027200, 0.3710937500000027200, 0.3750000000000026645, 0.5000000000000017764, 0.5625000000000014433, 0.5937500000000012212, 0.6093750000000011102, 0.6171875000000011102, 0.6250000000000009992, 0.6562500000000007772, 0.6718750000000007772, 0.6875000000000007772, 0.7500000000000009992, 0.7812500000000009992, 0.7968750000000009992, 0.8125000000000009992, 0.8437500000000008882, 0.8593750000000008882, 0.8671875000000009992, 0.8750000000000009992, 1.000000000000000000 ),
 .UNSPECIFIED. ) ;
#1965 = ORIENTED_EDGE ( 'NONE', *, *, #915, .T. ) ;
#1966 = CARTESIAN_POINT ( 'NONE',  ( -2.338633518522500676, 1.169984342421486856, 3.462676747946211719 ) ) ;
#1967 = MECHANICAL_DESIGN_GEOMETRIC_PRESENTATION_REPRESENTATION (  '', ( #3131 ), #1253 ) ;
#1968 = CARTESIAN_POINT ( 'NONE',  ( 2.577867639349030071, -1.177939120975580067, 0.7666085965432261062 ) ) ;
#1969 = CARTESIAN_POINT ( 'NONE',  ( 3.446637469611851579, -4.635636549520087968, 19.80000000000000071 ) ) ;
#1970 = MECHANICAL_DESIGN_GEOMETRIC_PRESENTATION_REPRESENTATION (  '', ( #1545 ), #6670 ) ;
#1971 = CARTESIAN_POINT ( 'NONE',  ( -2.127825394168580075, -1.064579177979189994, 3.619421180777630198 ) ) ;
#1972 = CARTESIAN_POINT ( 'NONE',  ( -1.549004355491117257, 4.101948075822324569, 2.969165229559819874 ) ) ;
#1973 = CARTESIAN_POINT ( 'NONE',  ( 2.500000000000000000, 0.000000000000000000, 23.60000000000000142 ) ) ;
#1974 = CARTESIAN_POINT ( 'NONE',  ( -1.782018352354030721, -0.9079924710852362857, 3.562213304289150173 ) ) ;
#1975 = VERTEX_POINT ( 'NONE', #3480 ) ;
#1976 = CARTESIAN_POINT ( 'NONE',  ( 4.909532436802689581, -1.202488636808103896E-15, 23.59999999999999787 ) ) ;
#1977 = CARTESIAN_POINT ( 'NONE',  ( -5.749999999999998224, 11.50000000000000000, 19.81035533905932766 ) ) ;
#1978 = VECTOR ( 'NONE', #6458, 1000.000000000000000 ) ;
#1979 =( LENGTH_UNIT ( ) NAMED_UNIT ( * ) SI_UNIT ( .MILLI., .METRE. ) );
#1980 = CARTESIAN_POINT ( 'NONE',  ( -0.4071359202543589073, 2.614955497445437871, 3.562207955323959840 ) ) ;
#1981 = CARTESIAN_POINT ( 'NONE',  ( 5.838014023612999848E-12, 2.609292033003559830, 1.944948958572239928 ) ) ;
#1982 = VERTEX_POINT ( 'NONE', #6194 ) ;
#1983 = PLANE ( 'NONE',  #613 ) ;
#1984 = CARTESIAN_POINT ( 'NONE',  ( 1.170051892236982694, 2.655552046314548331, 0.3998315477788371708 ) ) ;
#1985 = AXIS2_PLACEMENT_3D ( 'NONE', #6686, #3315, #6017 ) ;
#1986 = CARTESIAN_POINT ( 'NONE',  ( -1.789047439601065159, 0.8954614778675092923, 2.879647066109770392 ) ) ;
#1987 = SURFACE_SIDE_STYLE ('',( #8101 ) ) ;
#1988 = CARTESIAN_POINT ( 'NONE',  ( 1.155811644262538795, -4.233860655492361680, 2.969165229559820318 ) ) ;
#1989 = EDGE_CURVE ( 'NONE', #6652, #5218, #7366, .T. ) ;
#1990 = CARTESIAN_POINT ( 'NONE',  ( 1.778716937731418035, -0.9123647911914817277, 3.022064739156450131 ) ) ;
#1991 = CARTESIAN_POINT ( 'NONE',  ( -1.975937664106629965, 0.9889156185024480239, 3.043730412184890266 ) ) ;
#1992 = AXIS2_PLACEMENT_3D ( 'NONE', #8432, #795, #231 ) ;
#1993 = ORIENTED_EDGE ( 'NONE', *, *, #4560, .T. ) ;
#1994 = CARTESIAN_POINT ( 'NONE',  ( 2.604312501458661000, 1.170192591841226148, 0.6502672916975736905 ) ) ;
#1995 = CARTESIAN_POINT ( 'NONE',  ( 8.747329633322919701E-13, -2.660043650579800190, 0.3537504162900820814 ) ) ;
#1996 =( NAMED_UNIT ( * ) SI_UNIT ( $, .STERADIAN. ) SOLID_ANGLE_UNIT ( ) );
#1997 = EDGE_CURVE ( 'NONE', #2501, #5067, #8253, .T. ) ;
#1998 = CARTESIAN_POINT ( 'NONE',  ( -1.072500000000000009, -2.087499999999999911, 0.000000000000000000 ) ) ;
#1999 = DIRECTION ( 'NONE',  ( 0.000000000000000000, 1.000000000000000000, 0.000000000000000000 ) ) ;
#2000 = STYLED_ITEM ( 'NONE', ( #5895 ), #4971 ) ;
#2001 = ORIENTED_EDGE ( 'NONE', *, *, #3125, .T. ) ;
#2002 = SURFACE_SIDE_STYLE ('',( #8 ) ) ;
#2003 = CARTESIAN_POINT ( 'NONE',  ( -2.334793036590388393, -1.177597738311928488, 3.562189870456510032 ) ) ;
#2004 = CARTESIAN_POINT ( 'NONE',  ( -2.348102342310265378, -1.172746241916157839, 3.046342864947888529 ) ) ;
#2005 = PRESENTATION_STYLE_ASSIGNMENT (( #664 ) ) ;
#2006 = SURFACE_STYLE_USAGE ( .BOTH. , #8782 ) ;
#2007 = FILL_AREA_STYLE_COLOUR ( '', #8726 ) ;
#2008 = EDGE_CURVE ( 'NONE', #2389, #8569, #695, .T. ) ;
#2009 = CARTESIAN_POINT ( 'NONE',  ( 2.477500000000000036, -1.169999999999999929, 0.000000000000000000 ) ) ;
#2010 = CARTESIAN_POINT ( 'NONE',  ( 0.2174125788124139924, -2.379999999999999893, -3.419999999999999929 ) ) ;
#2011 = CARTESIAN_POINT ( 'NONE',  ( 1.609184675334705883, -2.124171249786981353, 0.7000000000000030642 ) ) ;
#2012 = CARTESIAN_POINT ( 'NONE',  ( -2.614955567827030425, -5.229911135654059962, 18.47500000000000142 ) ) ;
#2013 = CARTESIAN_POINT ( 'NONE',  ( 6.687576200867155762, -0.8194122525219833530, 19.80000000000000426 ) ) ;
#2014 = CARTESIAN_POINT ( 'NONE',  ( 1.169979753195831362, -2.527204328989939075, 1.151351137121473744 ) ) ;
#2015 = CARTESIAN_POINT ( 'NONE',  ( -2.602666462700840011, 0.3115470697279170142, 3.023199761058580126 ) ) ;
#2016 = STYLED_ITEM ( 'NONE', ( #946 ), #1453 ) ;
#2017 = VERTEX_POINT ( 'NONE', #3045 ) ;
#2018 = CARTESIAN_POINT ( 'NONE',  ( -0.9157834400241245953, 5.169546885881968201, 23.60000000000000497 ) ) ;
#2019 = CARTESIAN_POINT ( 'NONE',  ( 2.549932382398710118, 0.6054517154109220201, 3.391840585329950031 ) ) ;
#2020 = CARTESIAN_POINT ( 'NONE',  ( 0.3528743133903602947, -5.774967593596155524, 19.80000000000000426 ) ) ;
#2021 = EDGE_CURVE ( 'NONE', #1583, #8523, #7841, .T. ) ;
#2022 = COLOUR_RGB ( '',0.2862745098039215508, 0.2862745098039215508, 0.2862745098039215508 ) ;
#2023 = CARTESIAN_POINT ( 'NONE',  ( 2.379999999999999893, 0.5849999999999992983, -2.754830917718799732 ) ) ;
#2024 = CARTESIAN_POINT ( 'NONE',  ( -6.749999999999999112, 13.49999999999999822, 10.25102831460725739 ) ) ;
#2025 = CARTESIAN_POINT ( 'NONE',  ( 2.614955567827029537, -6.404793932103842505E-16, 0.7103553390593306816 ) ) ;
#2026 = DIRECTION ( 'NONE',  ( 1.000000000000000000, 0.000000000000000000, 0.000000000000000000 ) ) ;
#2027 = UNCERTAINTY_MEASURE_WITH_UNIT (LENGTH_MEASURE( 1.000000000000000082E-05 ), #1909, 'distance_accuracy_value', 'NONE');
#2028 = FILL_AREA_STYLE ('',( #6788 ) ) ;
#2029 = CARTESIAN_POINT ( 'NONE',  ( -2.614955567827029537, 5.229911135654059073, 0.7103553390593306816 ) ) ;
#2030 = COLOUR_RGB ( '',0.8313725490196077761, 0.8313725490196077761, 0.8313725490196077761 ) ;
#2031 = SURFACE_STYLE_FILL_AREA ( #7638 ) ;
#2032 = UNCERTAINTY_MEASURE_WITH_UNIT (LENGTH_MEASURE( 1.000000000000000082E-05 ), #8306, 'distance_accuracy_value', 'NONE');
#2033 = CARTESIAN_POINT ( 'NONE',  ( 0.2924999999999999822, 2.672499999999999876, 0.000000000000000000 ) ) ;
#2034 = EDGE_LOOP ( 'NONE', ( #90, #7043, #6540, #3155, #5154, #7826 ) ) ;
#2035 = CARTESIAN_POINT ( 'NONE',  ( -5.775000000000000355, 7.072335265075966244E-16, 19.79999999999999716 ) ) ;
#2036 = CARTESIAN_POINT ( 'NONE',  ( 1.169999999999999929, 2.338664820565219848, 3.462676791579830216 ) ) ;
#2037 = CARTESIAN_POINT ( 'NONE',  ( -2.087499999999999911, -0.5849999999999999645, 0.000000000000000000 ) ) ;
#2038 = CARTESIAN_POINT ( 'NONE',  ( -4.090301668379222377, -1.579521318245216577, 2.969165229559820762 ) ) ;
#2039 = CARTESIAN_POINT ( 'NONE',  ( 2.178150724926292359, 1.451065494185286742, 4.012574216428550500 ) ) ;
#2040 = STYLED_ITEM ( 'NONE', ( #2713 ), #7902 ) ;
#2041 = EDGE_LOOP ( 'NONE', ( #5910, #2052, #8682, #2987 ) ) ;
#2042 = CARTESIAN_POINT ( 'NONE',  ( 2.477500000000000036, 1.169999999999999929, 0.1648747531013370071 ) ) ;
#2043 = EDGE_CURVE ( 'NONE', #6240, #5070, #2685, .T. ) ;
#2044 = CARTESIAN_POINT ( 'NONE',  ( 1.192016624690116045, -2.327521042431874410, 3.562213304289150173 ) ) ;
#2046 = COLOUR_RGB ( '',0.8313725490196077761, 0.8313725490196077761, 0.8313725490196077761 ) ;
#2045 = FILL_AREA_STYLE ('',( #8695 ) ) ;
#2047 = CARTESIAN_POINT ( 'NONE',  ( -0.9078516317919766987, -1.782090075485617264, 3.391484666840950180 ) ) ;
#2048 = FACE_OUTER_BOUND ( 'NONE', #5649, .T. ) ;
#2049 = AXIS2_PLACEMENT_3D ( 'NONE', #3908, #8545, #540 ) ;
#2050 =( NAMED_UNIT ( * ) SI_UNIT ( $, .STERADIAN. ) SOLID_ANGLE_UNIT ( ) );
#2051 = STYLED_ITEM ( 'NONE', ( #138 ), #7383 ) ;
#2052 = ORIENTED_EDGE ( 'NONE', *, *, #7126, .F. ) ;
#2053 =( GEOMETRIC_REPRESENTATION_CONTEXT ( 3 ) GLOBAL_UNCERTAINTY_ASSIGNED_CONTEXT ( ( #6938 ) ) GLOBAL_UNIT_ASSIGNED_CONTEXT ( ( #3655, #7044, #236 ) ) REPRESENTATION_CONTEXT ( 'NONE', 'WORKASPACE' ) );
#2054 = DIRECTION ( 'NONE',  ( -0.4473621037201475081, 0.8943529214773572322, 0.000000000000000000 ) ) ;
#2055 = DIRECTION ( 'NONE',  ( -6.123233995736769734E-17, -1.000000000000000000, -0.000000000000000000 ) ) ;
#2056 = CARTESIAN_POINT ( 'NONE',  ( 0.9079367736672658840, 1.782046511110826570, 3.562213309405399819 ) ) ;
#2057 = CARTESIAN_POINT ( 'NONE',  ( -1.606774956722929915, -1.856614806770190640, 4.062213237132453969 ) ) ;
#2058 = FILL_AREA_STYLE_COLOUR ( '', #5291 ) ;
#2059 = CARTESIAN_POINT ( 'NONE',  ( 0.4149042224850362781, -2.616845049023193148, 0.7000000000000028422 ) ) ;
#2060 = CARTESIAN_POINT ( 'NONE',  ( -2.589955567827030514, 3.171780796073238353E-16, 18.50000000000000355 ) ) ;
#2061 = CARTESIAN_POINT ( 'NONE',  ( 1.196915221837102417, -6.617683295128446552, 19.79999999999999361 ) ) ;
#2062 = FACE_OUTER_BOUND ( 'NONE', #3044, .T. ) ;
#2063 = CARTESIAN_POINT ( 'NONE',  ( -1.169788908141359052, 2.339245356187396041, 2.882020170600366971 ) ) ;
#2064 = CARTESIAN_POINT ( 'NONE',  ( -2.577867615214790131, 1.177939443316299961, 0.7666085965705800032 ) ) ;
#2065 = ORIENTED_EDGE ( 'NONE', *, *, #5004, .T. ) ;
#2066 = CARTESIAN_POINT ( 'NONE',  ( -1.853121433971924858, 4.912252737802493385, 23.60000000000000142 ) ) ;
#2067 = CARTESIAN_POINT ( 'NONE',  ( 2.672499999999999876, -0.2924999999999999822, 0.1698237983775840176 ) ) ;
#2068 = DIRECTION ( 'NONE',  ( 0.000000000000000000, 0.000000000000000000, 1.000000000000000000 ) ) ;
#2069 = VECTOR ( 'NONE', #3018, 1000.000000000000000 ) ;
#2070 = CARTESIAN_POINT ( 'NONE',  ( -6.687576200867153098, 0.8194122525228687559, 19.80000000000000071 ) ) ;
#2071 = CARTESIAN_POINT ( 'NONE',  ( -1.855696177239191114, -0.9824998310966007731, 1.943675179718990176 ) ) ;
#2072 = ORIENTED_EDGE ( 'NONE', *, *, #5666, .T. ) ;
#2073 = EDGE_CURVE ( 'NONE', #8461, #7989, #1134, .T. ) ;
#2074 = DIRECTION ( 'NONE',  ( -0.000000000000000000, -0.000000000000000000, 1.000000000000000000 ) ) ;
#2075 = CARTESIAN_POINT ( 'NONE',  ( 2.639955567827029892, 5.279911135654058896, 0.7000000000000030642 ) ) ;
#2076 = CARTESIAN_POINT ( 'NONE',  ( -2.024999999999999467, 8.266365894244633101E-17, 18.50000000000000000 ) ) ;
#2077 = CARTESIAN_POINT ( 'NONE',  ( 1.169999999999999929, -2.081591500000000483, 0.1648747531013509959 ) ) ;
#2078 = CARTESIAN_POINT ( 'NONE',  ( 0.8982156022841509824, 2.462199357738900307, 3.391840585329950031 ) ) ;
#2079 = ORIENTED_EDGE ( 'NONE', *, *, #2951, .T. ) ;
#2080 = FACE_OUTER_BOUND ( 'NONE', #142, .T. ) ;
#2081 = CARTESIAN_POINT ( 'NONE',  ( 0.9330466920896599570, 1.827093634214771001, 2.344882097362481765 ) ) ;
#2082 = B_SPLINE_CURVE_WITH_KNOTS ( 'NONE', 3,
 ( #2288, #3012, #5842, #3852 ),
 .UNSPECIFIED., .F., .F.,
 ( 4, 4 ),
 ( 0.000000000000000000, 1.000000000000000000 ),
 .UNSPECIFIED. ) ;
#2083 = FILL_AREA_STYLE_COLOUR ( '', #1611 ) ;
#2084 = CARTESIAN_POINT ( 'NONE',  ( -4.101939914196516490, -1.549024978433659383, 2.969165229559820762 ) ) ;
#2085 = CARTESIAN_POINT ( 'NONE',  ( 2.497900956016952279, -1.170484789251891700, 1.343878903171940697 ) ) ;
#2086 = ORIENTED_EDGE ( 'NONE', *, *, #5478, .F. ) ;
#2087 = CARTESIAN_POINT ( 'NONE',  ( 2.338664820565210078, 1.169999999999999929, 3.462676791579700097 ) ) ;
#2088 = CARTESIAN_POINT ( 'NONE',  ( 1.192053988245973084, -2.413193349164924673, 1.944948958572229936 ) ) ;
#2089 =( NAMED_UNIT ( * ) SI_UNIT ( $, .STERADIAN. ) SOLID_ANGLE_UNIT ( ) );
#2090 = CARTESIAN_POINT ( 'NONE',  ( -0.8998645314595929978, -1.786127566757770069, 3.562213304289150173 ) ) ;
#2091 = SURFACE_STYLE_FILL_AREA ( #1235 ) ;
#2092 = AXIS2_PLACEMENT_3D ( 'NONE', #2342, #6318, #5106 ) ;
#2093 = CARTESIAN_POINT ( 'NONE',  ( 1.079402714148800069, -2.159216044720829952, 2.939168781483779913 ) ) ;
#2094 = VERTEX_POINT ( 'NONE', #3613 ) ;
#2095 = CARTESIAN_POINT ( 'NONE',  ( -2.992893218813450940, 3.665237100609711189E-16, 23.60000000000000142 ) ) ;
#2096 = CARTESIAN_POINT ( 'NONE',  ( -2.377142579429920133, -1.169999999999999929, 2.517010290445200305 ) ) ;
#2097 = FACE_OUTER_BOUND ( 'NONE', #6356, .T. ) ;
#2098 = AXIS2_PLACEMENT_3D ( 'NONE', #5369, #7368, #4043 ) ;
#2099 = SURFACE_STYLE_FILL_AREA ( #3484 ) ;
#2100 = CARTESIAN_POINT ( 'NONE',  ( 1.196348490820444921, 2.087499999999999911, 0.000000000000000000 ) ) ;
#2101 = SHAPE_DEFINITION_REPRESENTATION ( #1693, #367 ) ;
#2102 = CARTESIAN_POINT ( 'NONE',  ( -0.8535235383923230890, -1.706253569163250106, 3.618895854957929981 ) ) ;
#2103 = CARTESIAN_POINT ( 'NONE',  ( 2.338633519226885671, 1.169984342779520681, 3.462676754534867563 ) ) ;
#2104 = CARTESIAN_POINT ( 'NONE',  ( -2.639955567827029892, -0.1677622898898029624, 0.7000000000000030642 ) ) ;
#2105 = CARTESIAN_POINT ( 'NONE',  ( 1.259619253561304664, 2.323555941398057989, 0.7000000000000030642 ) ) ;
#2106 = MECHANICAL_DESIGN_GEOMETRIC_PRESENTATION_REPRESENTATION (  '', ( #5941 ), #4385 ) ;
#2107 = CARTESIAN_POINT ( 'NONE',  ( 6.333059091953630038, -2.272818534824743608, 19.80000000000000426 ) ) ;
#2108 =( NAMED_UNIT ( * ) SI_UNIT ( $, .STERADIAN. ) SOLID_ANGLE_UNIT ( ) );
#2109 =( NAMED_UNIT ( * ) PLANE_ANGLE_UNIT ( ) SI_UNIT ( $, .RADIAN. ) );
#2110 = CARTESIAN_POINT ( 'NONE',  ( -2.602666462700849781, -0.3115470697279130174, 3.023199761058580126 ) ) ;
#2111 = VERTEX_POINT ( 'NONE', #5033 ) ;
#2112 = CARTESIAN_POINT ( 'NONE',  ( -4.813532977527325230, 2.096299854887008429, 23.60000000000000142 ) ) ;
#2113 = CARTESIAN_POINT ( 'NONE',  ( 2.612693253541940042, -0.5900390149067080703, 0.7666085965432249960 ) ) ;
#2114 = STYLED_ITEM ( 'NONE', ( #7343 ), #4202 ) ;
#2115 = CARTESIAN_POINT ( 'NONE',  ( -2.338665916548373414, 1.169997808946381612, 3.459505344353120293 ) ) ;
#2116 = EDGE_CURVE ( 'NONE', #2501, #2688, #2564, .T. ) ;
#2117 =( NAMED_UNIT ( * ) SI_UNIT ( $, .STERADIAN. ) SOLID_ANGLE_UNIT ( ) );
#2118 = CARTESIAN_POINT ( 'NONE',  ( 1.630112334255778173, 4.070275626908721911, 2.969165229559820318 ) ) ;
#2119 = PRESENTATION_STYLE_ASSIGNMENT (( #1608 ) ) ;
#2120 = MECHANICAL_DESIGN_GEOMETRIC_PRESENTATION_REPRESENTATION (  '', ( #8811 ), #7095 ) ;
#2121 = CARTESIAN_POINT ( 'NONE',  ( -1.778661201956333704, -0.9124745340363418222, 3.022064739160810198 ) ) ;
#2122 = PRESENTATION_STYLE_ASSIGNMENT (( #4752 ) ) ;
#2123 = UNCERTAINTY_MEASURE_WITH_UNIT (LENGTH_MEASURE( 1.000000000000000082E-05 ), #7349, 'distance_accuracy_value', 'NONE');
#2124 =( NAMED_UNIT ( * ) SI_UNIT ( $, .STERADIAN. ) SOLID_ANGLE_UNIT ( ) );
#2125 = CARTESIAN_POINT ( 'NONE',  ( -2.992893218813450940, 3.665237100609711189E-16, 23.60000000000000142 ) ) ;
#2126 = CARTESIAN_POINT ( 'NONE',  ( -2.700000000000000178, 3.306546357697853733E-16, 23.10000000000000142 ) ) ;
#2127 = FACE_OUTER_BOUND ( 'NONE', #8776, .T. ) ;
#2128 = UNCERTAINTY_MEASURE_WITH_UNIT (LENGTH_MEASURE( 1.000000000000000082E-05 ), #4876, 'distance_accuracy_value', 'NONE');
#2129 = ORIENTED_EDGE ( 'NONE', *, *, #5563, .T. ) ;
#2130 = CARTESIAN_POINT ( 'NONE',  ( 1.013610660389840046, 2.017744525987120507, 2.345302670723639960 ) ) ;
#2131 = MECHANICAL_DESIGN_GEOMETRIC_PRESENTATION_REPRESENTATION (  '', ( #3410 ), #4557 ) ;
#2132 = CARTESIAN_POINT ( 'NONE',  ( 1.952903288343951882, -3.930527419667439126, 2.969165229559819874 ) ) ;
#2133 = ADVANCED_FACE ( 'NONE', ( #8348 ), #1630, .F. ) ;
#2134 = CARTESIAN_POINT ( 'NONE',  ( 2.007773849016310397, 1.675361690177920249, 4.062213304289150173 ) ) ;
#2135 = ORIENTED_EDGE ( 'NONE', *, *, #1502, .F. ) ;
#2136 = LINE ( 'NONE', #4846, #4765 ) ;
#2137 = PRESENTATION_LAYER_ASSIGNMENT (  '', '', ( #3989 ) ) ;
#2138 = CARTESIAN_POINT ( 'NONE',  ( 0.2924999999999989830, -2.672499999999999876, 0.000000000000000000 ) ) ;
#2139 =( NAMED_UNIT ( * ) PLANE_ANGLE_UNIT ( ) SI_UNIT ( $, .RADIAN. ) );
#2140 = AXIS2_PLACEMENT_3D ( 'NONE', #1419, #6145, #51 ) ;
#2141 = CARTESIAN_POINT ( 'NONE',  ( -1.102282494727830020, -2.002736123787689948, 0.7659099622496909898 ) ) ;
#2142 = PLANE ( 'NONE',  #1992 ) ;
#2143 = CARTESIAN_POINT ( 'NONE',  ( -3.224999999999999645, 6.449999999999999289, 2.969165229559819874 ) ) ;
#2144 = VERTEX_POINT ( 'NONE', #7714 ) ;
#2145 = CARTESIAN_POINT ( 'NONE',  ( -1.193780024754965252, 2.658131251206333534, 0.3537504162900840243 ) ) ;
#2146 =( NAMED_UNIT ( * ) PLANE_ANGLE_UNIT ( ) SI_UNIT ( $, .RADIAN. ) );
#2147 = MECHANICAL_DESIGN_GEOMETRIC_PRESENTATION_REPRESENTATION (  '', ( #8698 ), #6830 ) ;
#2148 = CARTESIAN_POINT ( 'NONE',  ( -0.2174125788124139924, -2.379999999999999893, -3.419999999999999929 ) ) ;
#2149 = SURFACE_STYLE_FILL_AREA ( #7577 ) ;
#2150 = DIRECTION ( 'NONE',  ( 0.000000000000000000, 0.000000000000000000, 1.000000000000000000 ) ) ;
#2151 = CARTESIAN_POINT ( 'NONE',  ( 6.749257393153129669, 0.000000000000000000, 10.24702156666990049 ) ) ;
#2152 = CARTESIAN_POINT ( 'NONE',  ( 2.578170312648086160, -0.6597992166937935998, 0.7000000000000028422 ) ) ;
#2153 = PLANE ( 'NONE',  #4565 ) ;
#2154 = CARTESIAN_POINT ( 'NONE',  ( -0.8195876202932224075, -6.687543734370239967, 19.79999999999999716 ) ) ;
#2155 = AXIS2_PLACEMENT_3D ( 'NONE', #4972, #1569, #7059 ) ;
#2156 = SURFACE_STYLE_FILL_AREA ( #3447 ) ;
#2157 = FACE_OUTER_BOUND ( 'NONE', #4832, .T. ) ;
#2158 = ORIENTED_EDGE ( 'NONE', *, *, #5506, .F. ) ;
#2159 = CARTESIAN_POINT ( 'NONE',  ( 0.2174125788124142977, 2.672499999999999876, -3.419999999999999929 ) ) ;
#2160 = CARTESIAN_POINT ( 'NONE',  ( 2.672499999999999876, 0.2924999999999989830, 0.1698237983775840176 ) ) ;
#2161 = EDGE_CURVE ( 'NONE', #973, #5996, #6602, .T. ) ;
#2162 = FILL_AREA_STYLE_COLOUR ( '', #8400 ) ;
#2163 = CARTESIAN_POINT ( 'NONE',  ( -2.280490654322659960, 1.286299887497099892, 3.932538239560280591 ) ) ;
#2164 = SURFACE_STYLE_USAGE ( .BOTH. , #4874 ) ;
#2165 =( NAMED_UNIT ( * ) PLANE_ANGLE_UNIT ( ) SI_UNIT ( $, .RADIAN. ) );
#2166 = CARTESIAN_POINT ( 'NONE',  ( -2.087499999999999911, -1.204455320802023666, 0.1698237983775840176 ) ) ;
#2167 = CARTESIAN_POINT ( 'NONE',  ( -0.8535235383923219787, 1.706253569163250106, 3.618895854957929981 ) ) ;
#2168 = CARTESIAN_POINT ( 'NONE',  ( -2.625310906886356932, 5.250621813772713864, 0.7000000000000030642 ) ) ;
#2169 = CARTESIAN_POINT ( 'NONE',  ( -1.741284553176966066, -0.9899683185345372616, 3.832389890413693045 ) ) ;
#2170 = CARTESIAN_POINT ( 'NONE',  ( 4.399177097743351972, -8.798354195486707496, 2.969165229559820318 ) ) ;
#2171 = ORIENTED_EDGE ( 'NONE', *, *, #4014, .T. ) ;
#2172 = CARTESIAN_POINT ( 'NONE',  ( -1.038916166796517215, -5.146220967931280477, 23.60000000000000142 ) ) ;
#2173 = CARTESIAN_POINT ( 'NONE',  ( 0.8941888003659643758, 1.787074013511904980, 3.310598639489004125 ) ) ;
#2174 = EDGE_CURVE ( 'NONE', #8282, #1042, #2703, .T. ) ;
#2175 = CARTESIAN_POINT ( 'NONE',  ( -1.924697213900172343, 1.019339313391385726, 1.437014807802985406 ) ) ;
#2176 =( NAMED_UNIT ( * ) SI_UNIT ( $, .STERADIAN. ) SOLID_ANGLE_UNIT ( ) );
#2177 = CARTESIAN_POINT ( 'NONE',  ( 2.087499999999999911, -1.196346722673756746, 0.1698237983775840176 ) ) ;
#2178 = CARTESIAN_POINT ( 'NONE',  ( 2.291612063301803559, 1.264296563406615004, 3.831128083157580022 ) ) ;
#2179 =( GEOMETRIC_REPRESENTATION_CONTEXT ( 3 ) GLOBAL_UNCERTAINTY_ASSIGNED_CONTEXT ( ( #3374 ) ) GLOBAL_UNIT_ASSIGNED_CONTEXT ( ( #4380, #1515, #5089 ) ) REPRESENTATION_CONTEXT ( 'NONE', 'WORKASPACE' ) );
#2180 = ORIENTED_EDGE ( 'NONE', *, *, #6325, .F. ) ;
#2181 = CARTESIAN_POINT ( 'NONE',  ( 1.788925683043190107, 0.8951142490607919555, 3.310600361383150503 ) ) ;
#2182 = CARTESIAN_POINT ( 'NONE',  ( 0.9039232609037000099, -2.459574755307969873, 3.023199761058580126 ) ) ;
#2183 = PLANE ( 'NONE',  #8737 ) ;
#2184 = CARTESIAN_POINT ( 'NONE',  ( 0.2319425520477549907, -1.991024127276469935, 3.562213304289150173 ) ) ;
#2185 = SURFACE_STYLE_USAGE ( .BOTH. , #2950 ) ;
#2186 = STYLED_ITEM ( 'NONE', ( #1818 ), #8052 ) ;
#2187 = CARTESIAN_POINT ( 'NONE',  ( 3.200000000000000178, 6.399999999999998579, 2.979520568619147269 ) ) ;
#2188 = ORIENTED_EDGE ( 'NONE', *, *, #3694, .F. ) ;
#2189 = CIRCLE ( 'NONE', #8316, 5.750000000000000000 ) ;
#2190 = DIRECTION ( 'NONE',  ( 1.000000000000000000, 0.000000000000000000, 0.000000000000000000 ) ) ;
#2191 = CARTESIAN_POINT ( 'NONE',  ( 0.2319425519983160100, 1.991024127280689893, 3.562213309405399819 ) ) ;
#2192 = CARTESIAN_POINT ( 'NONE',  ( -2.001403841093987612, 1.124036767816884774, 0.7659099622955359843 ) ) ;
#2193 = SURFACE_STYLE_USAGE ( .BOTH. , #4375 ) ;
#2194 = CARTESIAN_POINT ( 'NONE',  ( -4.909532436802689581, 6.012443184040519478E-16, 23.59999999999999787 ) ) ;
#2195 = CARTESIAN_POINT ( 'NONE',  ( -0.6958306644036618138, 2.549252688199157291, 0.7000000000000030642 ) ) ;
#2196 = COLOUR_RGB ( '',0.2862745098039215508, 0.2862745098039215508, 0.2862745098039215508 ) ;
#2197 = CARTESIAN_POINT ( 'NONE',  ( 6.273719320253765552, 2.422650448494730657, 19.80000000000000426 ) ) ;
#2198 = PRESENTATION_LAYER_ASSIGNMENT (  '', '', ( #219 ) ) ;
#2199 = PLANE ( 'NONE',  #3604 ) ;
#2200 = CARTESIAN_POINT ( 'NONE',  ( -6.725000000000000533, 2.745249908088651464E-16, 19.79999999999999716 ) ) ;
#2201 = AXIS2_PLACEMENT_3D ( 'NONE', #4888, #3468, #7146 ) ;
#2202 = DIRECTION ( 'NONE',  ( 1.000000000000000000, 0.000000000000000000, 0.000000000000000000 ) ) ;
#2203 =( GEOMETRIC_REPRESENTATION_CONTEXT ( 3 ) GLOBAL_UNCERTAINTY_ASSIGNED_CONTEXT ( ( #3827 ) ) GLOBAL_UNIT_ASSIGNED_CONTEXT ( ( #5502, #3999, #5459 ) ) REPRESENTATION_CONTEXT ( 'NONE', 'WORKASPACE' ) );
#2204 =( BOUNDED_SURFACE ( )  B_SPLINE_SURFACE ( 3, 3, ( 
 ( #2035, #8098, #6750, #2739 ),
 ( #1263, #7509, #86, #1447 ),
 ( #4182, #6130, #3377, #2837 ),
 ( #7557, #6708, #3506, #1353 ) ),
 .UNSPECIFIED., .F., .F., .F. ) 
 B_SPLINE_SURFACE_WITH_KNOTS ( ( 4, 4 ),
 ( 4, 4 ),
 ( 0.000000000000000000, 1.000000000000000000 ),
 ( 0.000000000000000000, 1.000000000000000000 ),
 .UNSPECIFIED. ) 
 GEOMETRIC_REPRESENTATION_ITEM ( )  RATIONAL_B_SPLINE_SURFACE ( (
 ( 1.000000000000000000, 0.3333333333333334259, 0.3333333333333334259, 1.000000000000000000),
 ( 0.8047378541243649375, 0.2682459513747884050, 0.2682459513747884050, 0.8047378541243649375),
 ( 0.8047378541243649375, 0.2682459513747884050, 0.2682459513747884050, 0.8047378541243649375),
 ( 1.000000000000000000, 0.3333333333333334259, 0.3333333333333334259, 1.000000000000000000) ) ) 
 REPRESENTATION_ITEM ( '' )  SURFACE ( )  );
#2205 = SURFACE_STYLE_FILL_AREA ( #3716 ) ;
#2206 = CARTESIAN_POINT ( 'NONE',  ( 0.000000000000000000, 0.000000000000000000, 23.10000000000000142 ) ) ;
#2207 = CARTESIAN_POINT ( 'NONE',  ( -3.225000000000000089, 1.316495309083402892E-16, 2.969165229559820318 ) ) ;
#2208 =( NAMED_UNIT ( * ) PLANE_ANGLE_UNIT ( ) SI_UNIT ( $, .RADIAN. ) );
#2209 = CARTESIAN_POINT ( 'NONE',  ( 4.909532436802689581, 0.000000000000000000, 23.60000000000000142 ) ) ;
#2210 = ORIENTED_EDGE ( 'NONE', *, *, #3750, .F. ) ;
#2211 = CARTESIAN_POINT ( 'NONE',  ( 2.087499999999999911, 1.173535467138020039, 0.1698237983775840176 ) ) ;
#2212 = UNCERTAINTY_MEASURE_WITH_UNIT (LENGTH_MEASURE( 1.000000000000000082E-05 ), #8109, 'distance_accuracy_value', 'NONE');
#2213 = CARTESIAN_POINT ( 'NONE',  ( -1.460694369927149960, 1.929685463755230090, 4.062214983206580143 ) ) ;
#2214 = CARTESIAN_POINT ( 'NONE',  ( -1.170969578503783470, -2.499789231423144020, 1.343881861360361141 ) ) ;
#2215 = DIRECTION ( 'NONE',  ( -0.000000000000000000, -0.000000000000000000, -1.000000000000000000 ) ) ;
#2216 = UNCERTAINTY_MEASURE_WITH_UNIT (LENGTH_MEASURE( 1.000000000000000082E-05 ), #7830, 'distance_accuracy_value', 'NONE');
#2217 = VERTEX_POINT ( 'NONE', #4679 ) ;
#2218 = CARTESIAN_POINT ( 'NONE',  ( -1.972032485673339108, -4.865732433572438786, 23.60000000000000142 ) ) ;
#2219 = VECTOR ( 'NONE', #6076, 1000.000000000000000 ) ;
#2220 = CARTESIAN_POINT ( 'NONE',  ( 2.000000000000000000, -0.3120602045450990847, 3.562205064554529788 ) ) ;
#2221 = CARTESIAN_POINT ( 'NONE',  ( 1.787395694379569910, -0.8973432584154310554, 3.391484666840950180 ) ) ;
#2222 = AXIS2_PLACEMENT_3D ( 'NONE', #2922, #5637, #6349 ) ;
#2223 = ORIENTED_EDGE ( 'NONE', *, *, #1312, .T. ) ;
#2224 = CARTESIAN_POINT ( 'NONE',  ( 1.495701609872460036, 1.648603043770900056, 4.062213304289150173 ) ) ;
#2225 = CARTESIAN_POINT ( 'NONE',  ( -0.8801154364467179692, -2.658966280853579889, 0.3537504162900810267 ) ) ;
#2226 = CARTESIAN_POINT ( 'NONE',  ( 5.749999999999995559, -11.49999999999999645, 23.10000000000000142 ) ) ;
#2227 = CARTESIAN_POINT ( 'NONE',  ( 0.8774999999999989475, -2.087499999999999911, 0.000000000000000000 ) ) ;
#2228 = CARTESIAN_POINT ( 'NONE',  ( -2.007773849016310397, -1.675361690177919360, 4.062213304289150173 ) ) ;
#2229 = EDGE_CURVE ( 'NONE', #8383, #466, #4195, .T. ) ;
#2230 = CARTESIAN_POINT ( 'NONE',  ( 3.210355339059327129, 0.000000000000000000, 2.969165229559819430 ) ) ;
#2231 = CARTESIAN_POINT ( 'NONE',  ( 1.158877052023287835, -2.073494310110233219, 0.3468822342395667668 ) ) ;
#2232 = ORIENTED_EDGE ( 'NONE', *, *, #5882, .T. ) ;
#2233 = FILL_AREA_STYLE_COLOUR ( '', #4834 ) ;
#2234 = CARTESIAN_POINT ( 'NONE',  ( 1.645791719976358980, 1.501321925854832484, 4.062213373350946455 ) ) ;
#2235 = PRESENTATION_STYLE_ASSIGNMENT (( #4996 ) ) ;
#2236 = CARTESIAN_POINT ( 'NONE',  ( 1.180607064275640106, 2.087499999999999911, 0.000000000000000000 ) ) ;
#2237 = CARTESIAN_POINT ( 'NONE',  ( 1.286299887497099892, -2.280490654322659960, 3.932538239560280591 ) ) ;
#2238 = CARTESIAN_POINT ( 'NONE',  ( -2.276676128838708735, 1.285538593474263802, 18.50000000000000000 ) ) ;
#2239 = EDGE_CURVE ( 'NONE', #4032, #7416, #1962, .T. ) ;
#2240 = PRESENTATION_STYLE_ASSIGNMENT (( #14 ) ) ;
#2241 = FILL_AREA_STYLE_COLOUR ( '', #3564 ) ;
#2242 = MECHANICAL_DESIGN_GEOMETRIC_PRESENTATION_REPRESENTATION (  '', ( #2379 ), #5362 ) ;
#2243 = CARTESIAN_POINT ( 'NONE',  ( 0.9243846381552595082, 1.773727243502605244, 3.703051003403802888 ) ) ;
#2244 = DIRECTION ( 'NONE',  ( 0.000000000000000000, 0.000000000000000000, 1.000000000000000000 ) ) ;
#2245 = CARTESIAN_POINT ( 'NONE',  ( -3.493551372769787111, -4.615713357496165514, 19.80000000000000071 ) ) ;
#2246 = DIRECTION ( 'NONE',  ( -0.4473626071650347313, -0.8943526696502352991, 0.000000000000000000 ) ) ;
#2247 = CARTESIAN_POINT ( 'NONE',  ( -1.917019552232641644, 0.9590912064788131852, 3.455707020463919754 ) ) ;
#2248 = PRESENTATION_LAYER_ASSIGNMENT (  '', '', ( #6085 ) ) ;
#2249 = CARTESIAN_POINT ( 'NONE',  ( -3.017141830733159669, 1.139364474023758955, 2.969165229559820762 ) ) ;
#2250 = FILL_AREA_STYLE_COLOUR ( '', #4012 ) ;
#2251 = CARTESIAN_POINT ( 'NONE',  ( 2.834857987873530050, -1.600820180405177373, 2.969165229559820762 ) ) ;
#2252 = CARTESIAN_POINT ( 'NONE',  ( 1.785465305752740095, 0.8990751053444929752, 3.022064739156450131 ) ) ;
#2253 = CARTESIAN_POINT ( 'NONE',  ( -1.169999999999999929, -2.282500000000000195, 0.000000000000000000 ) ) ;
#2254 = STYLED_ITEM ( 'NONE', ( #405 ), #3981 ) ;
#2255 = LINE ( 'NONE', #3593, #115 ) ;
#2256 = ORIENTED_EDGE ( 'NONE', *, *, #5151, .F. ) ;
#2257 = CARTESIAN_POINT ( 'NONE',  ( 4.848201783944588783, -2.014791704840635411, 23.59999999999999432 ) ) ;
#2258 = VECTOR ( 'NONE', #2901, 1000.000000000000000 ) ;
#2259 = EDGE_CURVE ( 'NONE', #5070, #5825, #7218, .T. ) ;
#2260 = FILL_AREA_STYLE ('',( #8375 ) ) ;
#2261 = CARTESIAN_POINT ( 'NONE',  ( 1.786127834817240023, -0.8998639984628690192, 3.562213304289150173 ) ) ;
#2262 = CARTESIAN_POINT ( 'NONE',  ( -2.087499999999999911, 0.8774999999999999467, 0.1698237983775840176 ) ) ;
#2263 = VERTEX_POINT ( 'NONE', #4635 ) ;
#2264 = VERTEX_POINT ( 'NONE', #1232 ) ;
#2265 = CARTESIAN_POINT ( 'NONE',  ( 0.8535235383923219787, 1.706253569163250106, 3.618895854957929981 ) ) ;
#2266 = CARTESIAN_POINT ( 'NONE',  ( -1.193937114213508899, -2.658130795818158365, 0.3537504162900820814 ) ) ;
#2267 = ADVANCED_FACE ( 'NONE', ( #445 ), #4570, .F. ) ;
#2268 = CARTESIAN_POINT ( 'NONE',  ( 0.8973434349614419769, -1.787395606065590004, 3.391484666840950180 ) ) ;
#2269 = MECHANICAL_DESIGN_GEOMETRIC_PRESENTATION_REPRESENTATION (  '', ( #6099 ), #285 ) ;
#2270 = DIRECTION ( 'NONE',  ( -0.000000000000000000, 0.000000000000000000, -1.000000000000000000 ) ) ;
#2271 = CARTESIAN_POINT ( 'NONE',  ( 1.096757152485940079, -2.007945373782510146, 0.7393623084615319474 ) ) ;
#2272 = ORIENTED_EDGE ( 'NONE', *, *, #2346, .T. ) ;
#2273 = DIRECTION ( 'NONE',  ( 1.000000000000000000, 0.000000000000000000, 0.000000000000000000 ) ) ;
#2274 = AXIS2_PLACEMENT_3D ( 'NONE', #2318, #3130, #5744 ) ;
#2275 = CARTESIAN_POINT ( 'NONE',  ( 1.718886138634690086, 1.355193710313409960, 4.062211577744260005 ) ) ;
#2276 = CARTESIAN_POINT ( 'NONE',  ( -2.614955567827029981, 3.202396966051921746E-16, 18.47500000000000142 ) ) ;
#2277 = CARTESIAN_POINT ( 'NONE',  ( 0.8973436700914160236, 1.787395488446039904, 3.391484670832360493 ) ) ;
#2278 = CARTESIAN_POINT ( 'NONE',  ( 1.064542639132221469, -2.127843671656144853, 3.452849887242845028 ) ) ;
#2279 = CARTESIAN_POINT ( 'NONE',  ( -1.788671819436009391, -0.8948891699926126986, 3.461860776390205174 ) ) ;
#2280 = CARTESIAN_POINT ( 'NONE',  ( -4.909532436802690469, -9.819064873605377386, 23.60000000000000142 ) ) ;
#2281 = CARTESIAN_POINT ( 'NONE',  ( -0.1676771501346131232, 2.639989254620326076, 0.7000000000000030642 ) ) ;
#2282 = PRESENTATION_LAYER_ASSIGNMENT (  '', '', ( #3149 ) ) ;
#2283 =( GEOMETRIC_REPRESENTATION_CONTEXT ( 3 ) GLOBAL_UNCERTAINTY_ASSIGNED_CONTEXT ( ( #8806 ) ) GLOBAL_UNIT_ASSIGNED_CONTEXT ( ( #1954, #6201, #2666 ) ) REPRESENTATION_CONTEXT ( 'NONE', 'WORKASPACE' ) );
#2284 = CARTESIAN_POINT ( 'NONE',  ( 1.234831806952314981, 5.644557172723561500, 19.80000000000000071 ) ) ;
#2285 = CARTESIAN_POINT ( 'NONE',  ( -2.323842851583139080, 1.199314544392584114, 3.391840585329950031 ) ) ;
#2286 = EDGE_CURVE ( 'NONE', #7289, #2144, #2136, .T. ) ;
#2287 = CARTESIAN_POINT ( 'NONE',  ( 2.576115069234897970, -1.201349147571237452, 0.7666085965432264393 ) ) ;
#2288 = CARTESIAN_POINT ( 'NONE',  ( 1.788671819443420574, -0.8948891699986541992, 3.461860776395684791 ) ) ;
#2289 =( NAMED_UNIT ( * ) SI_UNIT ( $, .STERADIAN. ) SOLID_ANGLE_UNIT ( ) );
#2290 = FILL_AREA_STYLE_COLOUR ( '', #427 ) ;
#2291 = VECTOR ( 'NONE', #6307, 1000.000000000000000 ) ;
#2292 = DIRECTION ( 'NONE',  ( -0.000000000000000000, 0.000000000000000000, 1.000000000000000000 ) ) ;
#2293 = CARTESIAN_POINT ( 'NONE',  ( 0.8948454849638793895, -1.788628335333029895, 3.495419169381528413 ) ) ;
#2294 = CARTESIAN_POINT ( 'NONE',  ( 0.000000000000000000, 0.000000000000000000, 15.02500000000000036 ) ) ;
#2295 = CARTESIAN_POINT ( 'NONE',  ( 1.950268328113800020, 0.4630684881388070218, 3.391484666840960394 ) ) ;
#2296 = UNCERTAINTY_MEASURE_WITH_UNIT (LENGTH_MEASURE( 1.000000000000000082E-05 ), #6429, 'distance_accuracy_value', 'NONE');
#2297 = CARTESIAN_POINT ( 'NONE',  ( -1.169999999999999929, -2.659083881744999989, 0.3417417770400980048 ) ) ;
#2298 = LINE ( 'NONE', #5019, #8517 ) ;
#2299 = ADVANCED_FACE ( 'NONE', ( #6138 ), #5982, .T. ) ;
#2300 = EDGE_LOOP ( 'NONE', ( #2995, #4766, #2595, #3075, #6332, #5258 ) ) ;
#2301 = CARTESIAN_POINT ( 'NONE',  ( 5.146220967931296464, -1.038916166796433282, 23.60000000000000142 ) ) ;
#2302 = DIRECTION ( 'NONE',  ( -0.8752448882741049596, 1.071865850894970298E-16, -0.4836800446059870140 ) ) ;
#2303 = CARTESIAN_POINT ( 'NONE',  ( 2.087499999999999911, -1.173535103752000097, 0.1698237983775840176 ) ) ;
#2304 = CARTESIAN_POINT ( 'NONE',  ( -1.785465293383369900, 0.8990751298202169783, 3.022064739160810198 ) ) ;
#2305 = ORIENTED_EDGE ( 'NONE', *, *, #1113, .F. ) ;
#2306 =( BOUNDED_SURFACE ( )  B_SPLINE_SURFACE ( 3, 3, ( 
 ( #3645, #4712, #5865, #4546 ),
 ( #3254, #1222, #5909, #596 ),
 ( #7598, #6126, #2170, #82 ),
 ( #5466, #3420, #1350, #1488 ) ),
 .UNSPECIFIED., .F., .F., .F. ) 
 B_SPLINE_SURFACE_WITH_KNOTS ( ( 4, 4 ),
 ( 4, 4 ),
 ( 0.000000000000000000, 1.000000000000000000 ),
 ( 0.000000000000000000, 1.000000000000000000 ),
 .UNSPECIFIED. ) 
 GEOMETRIC_REPRESENTATION_ITEM ( )  RATIONAL_B_SPLINE_SURFACE ( (
 ( 1.000000000000000000, 0.3333333333333334259, 0.3333333333333334259, 1.000000000000000000),
 ( 0.8047378541243690453, 0.2682459513747897373, 0.2682459513747897373, 0.8047378541243690453),
 ( 0.8047378541243690453, 0.2682459513747897373, 0.2682459513747897373, 0.8047378541243690453),
 ( 1.000000000000000000, 0.3333333333333334259, 0.3333333333333334259, 1.000000000000000000) ) ) 
 REPRESENTATION_ITEM ( '' )  SURFACE ( )  );
#2307 = SURFACE_STYLE_USAGE ( .BOTH. , #6276 ) ;
#2308 = VERTEX_POINT ( 'NONE', #1711 ) ;
#2309 = CARTESIAN_POINT ( 'NONE',  ( 1.170108468000919943, 2.338610563973460010, 3.619679129526180539 ) ) ;
#2310 = CARTESIAN_POINT ( 'NONE',  ( -1.192019043060252192, -2.327521274324872991, 3.391840585329950031 ) ) ;
#2311 = CARTESIAN_POINT ( 'NONE',  ( -1.154275038481892501, 2.064700155361669065, 0.3996858403375498914 ) ) ;
#2312 = CARTESIAN_POINT ( 'NONE',  ( 0.5790106839105869652, -2.075728541113739833, 0.3536250458876640246 ) ) ;
#2313 = CARTESIAN_POINT ( 'NONE',  ( -2.672499999999999876, -0.2174125788124139647, -3.419999999999999929 ) ) ;
#2314 = AXIS2_PLACEMENT_3D ( 'NONE', #3846, #2583, #5970 ) ;
#2315 = CARTESIAN_POINT ( 'NONE',  ( 6.750000000000000000, -1.653273178848926669E-15, 19.78964466094067021 ) ) ;
#2316 = ADVANCED_FACE ( 'NONE', ( #6449 ), #185, .T. ) ;
#2317 = EDGE_LOOP ( 'NONE', ( #7776, #5110, #7300, #3376 ) ) ;
#2318 = CARTESIAN_POINT ( 'NONE',  ( 0.000000000000000000, 0.000000000000000000, 10.25306961402259986 ) ) ;
#2319 = CARTESIAN_POINT ( 'NONE',  ( 2.338668108514680544, 1.169993426839144535, 3.453162449900079700 ) ) ;
#2320 = CARTESIAN_POINT ( 'NONE',  ( 2.074624932013602763, 1.192326458317448656, 0.3536250458873150260 ) ) ;
#2321 = CARTESIAN_POINT ( 'NONE',  ( -2.589955567827030070, 5.179911135654060139, 18.50000000000000355 ) ) ;
#2322 = CARTESIAN_POINT ( 'NONE',  ( 1.177071376183759899, 2.087499999999999911, 0.000000000000000000 ) ) ;
#2323 = CARTESIAN_POINT ( 'NONE',  ( -2.340834145246632136, 1.170953407928722045, 3.311113589038130467 ) ) ;
#2324 = CARTESIAN_POINT ( 'NONE',  ( 1.169788708829497370, 2.339245980498500632, 2.881427799844882731 ) ) ;
#2325 = DIRECTION ( 'NONE',  ( -0.000000000000000000, -0.000000000000000000, 1.000000000000000000 ) ) ;
#2326 =( GEOMETRIC_REPRESENTATION_CONTEXT ( 3 ) GLOBAL_UNCERTAINTY_ASSIGNED_CONTEXT ( ( #6394 ) ) GLOBAL_UNIT_ASSIGNED_CONTEXT ( ( #892, #1508, #197 ) ) REPRESENTATION_CONTEXT ( 'NONE', 'WORKASPACE' ) );
#2327 = CARTESIAN_POINT ( 'NONE',  ( -3.200933220431043669, 4.806971567913274512, 19.80000000000000071 ) ) ;
#2328 = PRESENTATION_STYLE_ASSIGNMENT (( #7624 ) ) ;
#2329 = CARTESIAN_POINT ( 'NONE',  ( 0.000000000000000000, 0.000000000000000000, 19.77499999999999858 ) ) ;
#2330 = FILL_AREA_STYLE_COLOUR ( '', #2196 ) ;
#2331 = CARTESIAN_POINT ( 'NONE',  ( -2.000000085341063105, 1.542159865853730487E-16, 3.562205064554832656 ) ) ;
#2332 = PRESENTATION_LAYER_ASSIGNMENT (  '', '', ( #3764 ) ) ;
#2333 = CARTESIAN_POINT ( 'NONE',  ( -3.008799101117122010, 1.161248266957798370, 2.969165229559820762 ) ) ;
#2334 =( NAMED_UNIT ( * ) PLANE_ANGLE_UNIT ( ) SI_UNIT ( $, .RADIAN. ) );
#2335 = CARTESIAN_POINT ( 'NONE',  ( 2.083934357854689612, -1.578710891105010949, 18.50000000000000000 ) ) ;
#2336 = FACE_OUTER_BOUND ( 'NONE', #2675, .T. ) ;
#2337 = CARTESIAN_POINT ( 'NONE',  ( 2.004488576375960118, 1.015781390558809992E-14, 3.562213304289150173 ) ) ;
#2338 = CARTESIAN_POINT ( 'NONE',  ( -1.169999999999999929, -2.477500000000000036, 0.000000000000000000 ) ) ;
#2339 = FILL_AREA_STYLE ('',( #4391 ) ) ;
#2340 = ORIENTED_EDGE ( 'NONE', *, *, #4355, .T. ) ;
#2341 = CARTESIAN_POINT ( 'NONE',  ( -4.706350616999038117, -2.338442919088757677, 23.60000000000000142 ) ) ;
#2342 = CARTESIAN_POINT ( 'NONE',  ( 0.000000000000000000, 0.000000000000000000, 3.562210438784419786 ) ) ;
#2343 = CARTESIAN_POINT ( 'NONE',  ( 4.384532436802681232, -0.5577259027481749065, 2.969165229559821206 ) ) ;
#2344 = CARTESIAN_POINT ( 'NONE',  ( -2.036615122229540109, 0.2756969821399369858, 0.7659099622955359843 ) ) ;
#2345 = ORIENTED_EDGE ( 'NONE', *, *, #7053, .T. ) ;
#2346 = EDGE_CURVE ( 'NONE', #1862, #606, #7295, .T. ) ;
#2347 = CARTESIAN_POINT ( 'NONE',  ( 1.917038065106600131, -0.9590541971901510587, 3.619160446477410531 ) ) ;
#2348 = B_SPLINE_SURFACE_WITH_KNOTS ( 'NONE', 3, 3, ( 
 ( #5623, #3704, #2278, #6952 ),
 ( #5663, #6422, #2904, #5081 ),
 ( #7718, #8352, #846, #7794 ),
 ( #3751, #8438, #1552, #6290 ),
 ( #2857, #8304, #1594, #4331 ),
 ( #934, #3660, #4908, #2237 ),
 ( #4953, #7668, #7000, #279 ),
 ( #7264, #4600, #2413, #7844 ),
 ( #8527, #1111, #8027, #7304 ),
 ( #7342, #3889, #7222, #3183 ),
 ( #5132, #7891, #8657, #3842 ) ),
 .UNSPECIFIED., .F., .F., .F.,
 ( 4, 3, 1, 3, 4 ),
 ( 4, 4 ),
 ( -0.01009999999999999960, 0.000000000000000000, 0.5000000000000000000, 1.000000000000000000, 1.010000000000000009 ),
 ( -0.07071778064237889405, 5.585809562944629835E-16 ),
 .UNSPECIFIED. ) ;
#2349 = CARTESIAN_POINT ( 'NONE',  ( -1.177428062593000035, 2.334878108616920134, 3.391840585329950031 ) ) ;
#2350 = ORIENTED_EDGE ( 'NONE', *, *, #5820, .F. ) ;
#2351 = CARTESIAN_POINT ( 'NONE',  ( 1.064579177979189994, 2.127825394168589845, 3.619421180777630198 ) ) ;
#2352 = EDGE_CURVE ( 'NONE', #5743, #1897, #5174, .T. ) ;
#2353 = CARTESIAN_POINT ( 'NONE',  ( -0.6024452589486839482, -2.550642725190820137, 3.562213304289150173 ) ) ;
#2354 = CARTESIAN_POINT ( 'NONE',  ( -1.169999999999999929, 2.282500000000000195, 0.1648747531013459999 ) ) ;
#2355 = COLOUR_RGB ( '',0.8313725490196077761, 0.8313725490196077761, 0.8313725490196077761 ) ;
#2356 = CARTESIAN_POINT ( 'NONE',  ( 0.8990749496762829862, -1.785465384419330004, 3.022064739156700153 ) ) ;
#2357 = CLOSED_SHELL ( 'NONE', ( #2911, #2399, #1599, #3386, #1873, #8587, #3176, #5656, #2299, #2316, #6702, #7006, #6029, #8673, #7937, #8610, #4636, #8516, #313, #3981, #1934, #7383, #6771, #4202, #8061, #2267, #953, #1346, #8751, #6485, #3876, #3530, #7902, #7296, #6473, #6529, #6515, #8052, #4078, #7026, #4209, #7344, #4677, #1944, #7275, #2933, #6644, #7196, #6992, #4729, #3709, #1834, #3555, #6993, #4315, #8299, #7848, #3226, #1618, #733, #762, #6679, #5588, #6578, #2505, #5314, #1726, #6693, #6743, #178, #4392 ) ) ;
#2358 = CARTESIAN_POINT ( 'NONE',  ( 3.823807912631263850, 2.146717887240162881, 2.969165229559820318 ) ) ;
#2359 = ORIENTED_EDGE ( 'NONE', *, *, #8717, .T. ) ;
#2360 = CARTESIAN_POINT ( 'NONE',  ( 4.349385432184959654, -8.698770864369917533, 0.7000000000000030642 ) ) ;
#2361 = LINE ( 'NONE', #7133, #2258 ) ;
#2362 = CARTESIAN_POINT ( 'NONE',  ( -1.788671819436009391, -0.8948891699926126986, 3.461860776390205174 ) ) ;
#2363 = CARTESIAN_POINT ( 'NONE',  ( -0.5849999999999989653, 2.087499999999999911, 0.000000000000000000 ) ) ;
#2364 =( LENGTH_UNIT ( ) NAMED_UNIT ( * ) SI_UNIT ( .MILLI., .METRE. ) );
#2365 = CARTESIAN_POINT ( 'NONE',  ( -2.017744525987120507, 1.013610660389840046, 2.345302670723639960 ) ) ;
#2366 = CARTESIAN_POINT ( 'NONE',  ( 1.169996704220324979, 2.671367177959404149, 0.1454856644603287896 ) ) ;
#2367 = B_SPLINE_CURVE_WITH_KNOTS ( 'NONE', 3,
 ( #8280, #1398, #2169, #4223, #911, #3461 ),
 .UNSPECIFIED., .F., .F.,
 ( 4, 2, 4 ),
 ( 9.199760500100243673E-19, 0.0004229807871560991922, 0.0008459615743121974086 ),
 .UNSPECIFIED. ) ;
#2368 = CARTESIAN_POINT ( 'NONE',  ( -1.715036371804447235, 2.066033116580301421, 4.062213304289150173 ) ) ;
#2369 = CARTESIAN_POINT ( 'NONE',  ( 2.995524107435452166, 4.938325533403205014, 19.80000000000000426 ) ) ;
#2370 = CARTESIAN_POINT ( 'NONE',  ( -2.155592916961050154, -1.078371416353600010, 3.310941330542790162 ) ) ;
#2371 = DIRECTION ( 'NONE',  ( 0.000000000000000000, 0.000000000000000000, 1.000000000000000000 ) ) ;
#2372 = SURFACE_STYLE_USAGE ( .BOTH. , #7806 ) ;
#2373 = PRESENTATION_STYLE_ASSIGNMENT (( #4302 ) ) ;
#2374 = CARTESIAN_POINT ( 'NONE',  ( -1.645791719976338996, 1.501321925854822048, 4.062213373350946455 ) ) ;
#2375 = CARTESIAN_POINT ( 'NONE',  ( -1.675361724247732553, -2.007773820587182456, 4.062213304289151061 ) ) ;
#2376 = CARTESIAN_POINT ( 'NONE',  ( 2.276676128838297508, -1.285538593474674141, 18.50000000000001066 ) ) ;
#2377 = PRESENTATION_STYLE_ASSIGNMENT (( #948 ) ) ;
#2378 = CARTESIAN_POINT ( 'NONE',  ( 2.074685419213110116, 1.165216544710969915, 0.3536250458873150260 ) ) ;
#2379 = STYLED_ITEM ( 'NONE', ( #6764 ), #6702 ) ;
#2380 = CARTESIAN_POINT ( 'NONE',  ( -0.9865990537412010486, -1.972015892948990157, 3.462539920190490061 ) ) ;
#2381 = CARTESIAN_POINT ( 'NONE',  ( 5.674571356880954376, 1.072533670686200313, 19.79999999999999361 ) ) ;
#2382 = EDGE_LOOP ( 'NONE', ( #4153, #546, #2578, #4314 ) ) ;
#2383 = CARTESIAN_POINT ( 'NONE',  ( 3.383375705898352237, 4.021598506460667188, 23.60000000000000497 ) ) ;
#2384 = EDGE_CURVE ( 'NONE', #6446, #8599, #1186, .T. ) ;
#2385 = AXIS2_PLACEMENT_3D ( 'NONE', #6107, #19, #8264 ) ;
#2386 = B_SPLINE_CURVE_WITH_KNOTS ( 'NONE', 3,
 ( #2331, #7628, #1164, #4522 ),
 .UNSPECIFIED., .F., .F.,
 ( 4, 4 ),
 ( 0.000000000000000000, 1.000000000000000000 ),
 .UNSPECIFIED. ) ;
#2387 = CARTESIAN_POINT ( 'NONE',  ( -1.240878199727866393, -2.197608328449734305, 23.60000000000000142 ) ) ;
#2388 = CARTESIAN_POINT ( 'NONE',  ( -2.076109484917440628, 3.916800247316900275E-15, 0.3536250458933549723 ) ) ;
#2389 = VERTEX_POINT ( 'NONE', #3874 ) ;
#2390 = COLOUR_RGB ( '',0.8313725490196077761, 0.8313725490196077761, 0.8313725490196077761 ) ;
#2391 = SURFACE_STYLE_FILL_AREA ( #1221 ) ;
#2392 = CARTESIAN_POINT ( 'NONE',  ( 1.648231367092749977, -0.9695199234001430355, 3.932265868843620282 ) ) ;
#2393 = B_SPLINE_CURVE_WITH_KNOTS ( 'NONE', 3,
 ( #5547, #7585, #4211, #6209, #3493, #111 ),
 .UNSPECIFIED., .F., .F.,
 ( 4, 2, 4 ),
 ( 0.000000000000000000, 0.0004211349386379651337, 0.0008422698772759302675 ),
 .UNSPECIFIED. ) ;
#2394 = UNCERTAINTY_MEASURE_WITH_UNIT (LENGTH_MEASURE( 1.000000000000000082E-05 ), #7955, 'distance_accuracy_value', 'NONE');
#2395 = ORIENTED_EDGE ( 'NONE', *, *, #1557, .F. ) ;
#2396 = CARTESIAN_POINT ( 'NONE',  ( 0.9590541971901510587, 1.917038065106600131, 3.619160446477410531 ) ) ;
#2397 = EDGE_CURVE ( 'NONE', #225, #2094, #5193, .T. ) ;
#2398 = CARTESIAN_POINT ( 'NONE',  ( -0.2924080879003140288, -2.659913825588569924, 0.3537504162900820814 ) ) ;
#2399 = ADVANCED_FACE ( 'NONE', ( #7252 ), #4328, .F. ) ;
#2400 = CARTESIAN_POINT ( 'NONE',  ( -1.169999999999999929, 2.674521329332055330, 0.1648747531013459999 ) ) ;
#2401 = COLOUR_RGB ( '',0.8313725490196077761, 0.8313725490196077761, 0.8313725490196077761 ) ;
#2402 = CARTESIAN_POINT ( 'NONE',  ( 1.176586262418956697, -2.074660051283666817, 0.3536250458876650238 ) ) ;
#2403 = COLOUR_RGB ( '',0.2862745098039215508, 0.2862745098039215508, 0.2862745098039215508 ) ;
#2404 =( NAMED_UNIT ( * ) PLANE_ANGLE_UNIT ( ) SI_UNIT ( $, .RADIAN. ) );
#2405 = B_SPLINE_CURVE_WITH_KNOTS ( 'NONE', 3,
 ( #1178, #1001, #3914, #8597, #3112, #8009, #3250, #7969, #6443, #5946, #1091, #3731, #7160, #339, #5245, #3073, #469, #3206, #3777, #6493, #6538, #5204, #5903, #1847, #382, #8549, #7287, #5158, #7870, #1752, #7202, #3820, #7920, #1797, #4541, #6832, #6167, #1973 ),
 .UNSPECIFIED., .F., .F.,
 ( 4, 1, 1, 1, 2, 2, 2, 1, 1, 1, 2, 2, 2, 1, 1, 1, 2, 2, 2, 1, 1, 1, 2, 2, 4 ),
 ( 0.000000000000000000, 0.06250000000000054123, 0.09375000000000080491, 0.1093750000000009159, 0.1171875000000009437, 0.1250000000000009714, 0.2500000000000007772, 0.3125000000000007216, 0.3437500000000006661, 0.3593750000000006106, 0.3671875000000006106, 0.3750000000000006106, 0.5000000000000007772, 0.5625000000000008882, 0.5937500000000008882, 0.6093750000000009992, 0.6171875000000008882, 0.6250000000000008882, 0.7500000000000007772, 0.8125000000000007772, 0.8437500000000007772, 0.8593750000000007772, 0.8671875000000007772, 0.8750000000000006661, 1.000000000000000000 ),
 .UNSPECIFIED. ) ;
#2406 = VERTEX_POINT ( 'NONE', #7210 ) ;
#2407 = CARTESIAN_POINT ( 'NONE',  ( -1.170002298200318425, -2.661679749106091730, 0.2901052581029855415 ) ) ;
#2408 = FILL_AREA_STYLE ('',( #1718 ) ) ;
#2409 = CARTESIAN_POINT ( 'NONE',  ( 1.782062117435674553, 0.9079069426990200586, 3.391484666840950180 ) ) ;
#2410 = CARTESIAN_POINT ( 'NONE',  ( -2.589955567827030514, 3.171780796073238353E-16, 18.50000000000000355 ) ) ;
#2411 = CARTESIAN_POINT ( 'NONE',  ( -1.049485497638600107, 1.945455397256220076, 1.127511258060150068 ) ) ;
#2412 = AXIS2_PLACEMENT_3D ( 'NONE', #7546, #2068, #1518 ) ;
#2413 = CARTESIAN_POINT ( 'NONE',  ( 1.601156472615399950, -1.859425216654239987, 4.062213304289150173 ) ) ;
#2414 = CARTESIAN_POINT ( 'NONE',  ( -1.948730278208598232, 1.046257193785112394, 1.071361344866790466 ) ) ;
#2415 = DIRECTION ( 'NONE',  ( 0.4836800446059880687, 0.000000000000000000, -0.8752448882741042935 ) ) ;
#2416 = CARTESIAN_POINT ( 'NONE',  ( -1.211560135404100347, 5.646824983697599443, 19.80000000000000782 ) ) ;
#2417 = LINE ( 'NONE', #615, #961 ) ;
#2418 = CARTESIAN_POINT ( 'NONE',  ( -2.073667056840889256, -1.159019078948583026, 0.3444594359583625920 ) ) ;
#2419 = STYLED_ITEM ( 'NONE', ( #904 ), #5238 ) ;
#2420 = CARTESIAN_POINT ( 'NONE',  ( 0.000000000000000000, 0.000000000000000000, 23.10000000000000142 ) ) ;
#2421 = DIRECTION ( 'NONE',  ( 1.000000000000000000, 0.000000000000000000, -0.000000000000000000 ) ) ;
#2422 = CARTESIAN_POINT ( 'NONE',  ( 2.499999999999998668, -5.000000000000000000, 23.60000000000000142 ) ) ;
#2423 = SURFACE_STYLE_FILL_AREA ( #1784 ) ;
#2424 = FACE_OUTER_BOUND ( 'NONE', #7323, .T. ) ;
#2425 = CARTESIAN_POINT ( 'NONE',  ( -2.010355339059326507, 4.020710678118653014, 18.50000000000000000 ) ) ;
#2426 = CARTESIAN_POINT ( 'NONE',  ( 2.207106781186548794, 0.000000000000000000, 23.59999999999999787 ) ) ;
#2427 = CARTESIAN_POINT ( 'NONE',  ( -4.409532436802679811, 5.400119784466830918E-16, 2.979520568619147269 ) ) ;
#2428 = LINE ( 'NONE', #251, #8049 ) ;
#2429 = CARTESIAN_POINT ( 'NONE',  ( 2.006305602763319929, 1.059572773051649989E-14, 1.943675179695550037 ) ) ;
#2430 = MECHANICAL_DESIGN_GEOMETRIC_PRESENTATION_REPRESENTATION (  '', ( #5561 ), #5835 ) ;
#2431 = CARTESIAN_POINT ( 'NONE',  ( 1.124402591222184222, -2.037997949146182819, 0.5780270522351261819 ) ) ;
#2432 = EDGE_CURVE ( 'NONE', #8016, #2447, #4741, .T. ) ;
#2433 = CARTESIAN_POINT ( 'NONE',  ( -2.463001231626829934, -0.8962147096168220362, 3.562213304289150173 ) ) ;
#2434 = ORIENTED_EDGE ( 'NONE', *, *, #2397, .T. ) ;
#2435 = CARTESIAN_POINT ( 'NONE',  ( 5.775000000000000355, 0.000000000000000000, 19.79999999999999716 ) ) ;
#2436 = CARTESIAN_POINT ( 'NONE',  ( 2.658176795148070148, 1.178069294195039918, 0.3537504162854430145 ) ) ;
#2437 = STYLED_ITEM ( 'NONE', ( #2519 ), #4964 ) ;
#2438 = CARTESIAN_POINT ( 'NONE',  ( -4.068293999429266172, 5.374970994115715328, 19.79999999999999716 ) ) ;
#2439 = CARTESIAN_POINT ( 'NONE',  ( -2.699999999999999734, 5.400000000000000355, 23.59999999999999787 ) ) ;
#2440 = CARTESIAN_POINT ( 'NONE',  ( 2.011543708704848221, -1.523885159939836198, 23.60000000000000142 ) ) ;
#2441 = CARTESIAN_POINT ( 'NONE',  ( -1.967840077768419960, 0.4988717198368390338, 1.943675179718990176 ) ) ;
#2442 = ORIENTED_EDGE ( 'NONE', *, *, #8204, .T. ) ;
#2443 = CIRCLE ( 'NONE', #8130, 6.750000000000000000 ) ;
#2444 =( NAMED_UNIT ( * ) SI_UNIT ( $, .STERADIAN. ) SOLID_ANGLE_UNIT ( ) );
#2445 = ADVANCED_FACE ( 'NONE', ( #2607 ), #2204, .F. ) ;
#2446 = CARTESIAN_POINT ( 'NONE',  ( -1.079378639141280072, 2.585246281182079997, 0.7666085965705949912 ) ) ;
#2447 = VERTEX_POINT ( 'NONE', #5421 ) ;
#2448 = CARTESIAN_POINT ( 'NONE',  ( 2.996948747272298874, -4.940359114784785177, 19.80000000000000071 ) ) ;
#2449 = CARTESIAN_POINT ( 'NONE',  ( -1.171901095959998029, 2.342465426882939905, 3.462678210360141673 ) ) ;
#2450 = CARTESIAN_POINT ( 'NONE',  ( -1.773727712645673860, 0.9243837217437946840, 3.703048456568481139 ) ) ;
#2451 = CARTESIAN_POINT ( 'NONE',  ( 0.000000000000000000, 2.087499999999999911, -3.419999999999999929 ) ) ;
#2452 = ORIENTED_EDGE ( 'NONE', *, *, #7571, .F. ) ;
#2453 = CARTESIAN_POINT ( 'NONE',  ( 2.071562003988040690, 1.158869823361255103, 0.3416452812938505779 ) ) ;
#2454 = CARTESIAN_POINT ( 'NONE',  ( 1.170905421907487698, 2.344716262000426710, 3.044360497754045269 ) ) ;
#2455 = EDGE_LOOP ( 'NONE', ( #6323, #3560, #3166, #3322 ) ) ;
#2456 = CARTESIAN_POINT ( 'NONE',  ( 2.087499999999999911, 1.204454639712021491, 0.1698237983775840176 ) ) ;
#2457 = SURFACE_SIDE_STYLE ('',( #1816 ) ) ;
#2458 = CARTESIAN_POINT ( 'NONE',  ( -0.8973600373362760063, 1.787387149331389979, 3.562213309405399819 ) ) ;
#2459 = COLOUR_RGB ( '',0.8313725490196077761, 0.8313725490196077761, 0.8313725490196077761 ) ;
#2460 = CARTESIAN_POINT ( 'NONE',  ( -0.8949261614074205395, 1.788745770200249607, 3.461860930160531424 ) ) ;
#2461 = SURFACE_STYLE_FILL_AREA ( #2545 ) ;
#2462 = CIRCLE ( 'NONE', #6002, 2.000000000000001776 ) ;
#2463 = CARTESIAN_POINT ( 'NONE',  ( -2.202788582836929798, 1.091805330194919987, 2.345710875480660373 ) ) ;
#2464 = SURFACE_STYLE_USAGE ( .BOTH. , #1775 ) ;
#2465 = EDGE_CURVE ( 'NONE', #184, #4670, #4757, .T. ) ;
#2466 = MECHANICAL_DESIGN_GEOMETRIC_PRESENTATION_REPRESENTATION (  '', ( #4872 ), #5305 ) ;
#2467 =( NAMED_UNIT ( * ) PLANE_ANGLE_UNIT ( ) SI_UNIT ( $, .RADIAN. ) );
#2468 = CARTESIAN_POINT ( 'NONE',  ( 1.027837230271115843, 5.682842418840987619, 19.80000000000000071 ) ) ;
#2469 = CARTESIAN_POINT ( 'NONE',  ( 0.000000000000000000, 0.000000000000000000, 4.062213304289150173 ) ) ;
#2470 = CARTESIAN_POINT ( 'NONE',  ( -2.003744495329747632, -1.095932131029523804, 0.7451635523422921459 ) ) ;
#2471 = DIRECTION ( 'NONE',  ( 1.000000000000000000, 0.000000000000000000, 0.000000000000000000 ) ) ;
#2472 = CARTESIAN_POINT ( 'NONE',  ( 0.9149137921564707288, 1.810422895799862042, 2.735894630017960960 ) ) ;
#2473 = CARTESIAN_POINT ( 'NONE',  ( -2.000000000000002220, -4.000000000000002665, 23.10000000000000142 ) ) ;
#2474 = SURFACE_SIDE_STYLE ('',( #2423 ) ) ;
#2475 = SURFACE_STYLE_FILL_AREA ( #1785 ) ;
#2476 = CARTESIAN_POINT ( 'NONE',  ( 1.705095538546178124, -1.957707271921018233, 18.50000000000000000 ) ) ;
#2477 = CARTESIAN_POINT ( 'NONE',  ( -4.384532436802681232, 5.369503614488147526E-16, 2.969165229559820318 ) ) ;
#2478 = CARTESIAN_POINT ( 'NONE',  ( 1.177596586497805520, -2.334793617258670295, 3.562185317665681694 ) ) ;
#2479 = CARTESIAN_POINT ( 'NONE',  ( 1.990496523424210240, -0.2381160382630999883, 3.022064739156450131 ) ) ;
#2480 = CARTESIAN_POINT ( 'NONE',  ( -0.8948985806118021635, -1.788691429140879974, 3.462471484495599938 ) ) ;
#2481 = CARTESIAN_POINT ( 'NONE',  ( -2.659913825587850056, -0.2924080878998420174, 0.3537504162900820814 ) ) ;
#2482 = ORIENTED_EDGE ( 'NONE', *, *, #570, .F. ) ;
#2483 = CARTESIAN_POINT ( 'NONE',  ( 1.246520582695751722, 5.101138939539480610, 23.59999999999999787 ) ) ;
#2484 = AXIS2_PLACEMENT_3D ( 'NONE', #2329, #2371, #7679 ) ;
#2485 = CARTESIAN_POINT ( 'NONE',  ( 2.598098662281190130, 0.8842132826320819872, 0.7666085965432249960 ) ) ;
#2486 = CARTESIAN_POINT ( 'NONE',  ( 1.410843221829259031, 6.575746035943375922, 19.80000000000000426 ) ) ;
#2487 = CARTESIAN_POINT ( 'NONE',  ( 2.024999999999999911, -2.479909768273389807E-16, 18.50000000000000000 ) ) ;
#2488 = CARTESIAN_POINT ( 'NONE',  ( 0.6250002717112217443, -2.441422732940040419, 23.60000000000000497 ) ) ;
#2489 = CARTESIAN_POINT ( 'NONE',  ( -2.018450015638090012, -0.8224655529963179612, 0.7659099622955349851 ) ) ;
#2490 = ORIENTED_EDGE ( 'NONE', *, *, #1790, .F. ) ;
#2491 = B_SPLINE_CURVE_WITH_KNOTS ( 'NONE', 3,
 ( #718, #2104, #7579, #3399, #8741, #7536, #2717, #3444, #6156, #1429, #8261, #2765, #15, #8214, #2625, #5398, #8123, #5445, #6728, #1285, #2059, #3358, #104, #2669, #62, #4863, #5491, #2011, #763, #6867, #1330, #4162, #3486, #6204, #2810, #2152, #5352, #8078 ),
 .UNSPECIFIED., .F., .F.,
 ( 4, 1, 1, 1, 2, 2, 2, 1, 1, 1, 2, 2, 2, 1, 1, 1, 2, 2, 2, 1, 1, 1, 2, 2, 4 ),
 ( 0.000000000000000000, 0.06250000000000036082, 0.09375000000000054123, 0.1093750000000005967, 0.1171875000000006523, 0.1250000000000006939, 0.2500000000000008882, 0.3125000000000009992, 0.3437500000000011102, 0.3593750000000011102, 0.3671875000000011657, 0.3750000000000012212, 0.5000000000000004441, 0.5625000000000000000, 0.5937499999999998890, 0.6093749999999997780, 0.6171874999999996669, 0.6249999999999995559, 0.7499999999999995559, 0.8124999999999994449, 0.8437499999999994449, 0.8593749999999995559, 0.8671874999999995559, 0.8749999999999995559, 1.000000000000000000 ),
 .UNSPECIFIED. ) ;
#2492 = UNCERTAINTY_MEASURE_WITH_UNIT (LENGTH_MEASURE( 1.000000000000000082E-05 ), #7012, 'distance_accuracy_value', 'NONE');
#2493 = ORIENTED_EDGE ( 'NONE', *, *, #1375, .T. ) ;
#2494 = SURFACE_SIDE_STYLE ('',( #3922 ) ) ;
#2495 = CARTESIAN_POINT ( 'NONE',  ( 3.942726172177011268, -4.224383413059793035, 19.80000000000000071 ) ) ;
#2496 = CARTESIAN_POINT ( 'NONE',  ( -1.169999999999999929, 2.083559573413358734, 0.1648747531013459999 ) ) ;
#2497 = CARTESIAN_POINT ( 'NONE',  ( 1.102282147595539996, -2.002736145047129934, 0.7659099622496909898 ) ) ;
#2498 = CARTESIAN_POINT ( 'NONE',  ( 2.279546023943203714, 1.235766166578077918, 18.50000000000000000 ) ) ;
#2499 = CARTESIAN_POINT ( 'NONE',  ( 4.101939914196516490, 1.549024978433484634, 2.969165229559820318 ) ) ;
#2500 = CARTESIAN_POINT ( 'NONE',  ( 1.170916285836464121, -2.340759870089558881, 3.311113519968698959 ) ) ;
#2501 = VERTEX_POINT ( 'NONE', #5559 ) ;
#2502 = CARTESIAN_POINT ( 'NONE',  ( 1.788658612597970654, 0.8964508080759191477, 3.046464690934477471 ) ) ;
#2503 = FILL_AREA_STYLE ('',( #518 ) ) ;
#2504 = CARTESIAN_POINT ( 'NONE',  ( -0.9563039369560949465, 1.957800767586509894, 1.127511258060150068 ) ) ;
#2505 = ADVANCED_FACE ( 'NONE', ( #2080 ), #1983, .T. ) ;
#2506 = CARTESIAN_POINT ( 'NONE',  ( 2.334793193069530481, -1.177597427967119748, 3.562188365187922923 ) ) ;
#2507 = LINE ( 'NONE', #8485, #6524 ) ;
#2508 = DIRECTION ( 'NONE',  ( -1.000000000000000000, 1.224646799147373422E-16, 0.000000000000000000 ) ) ;
#2509 = MECHANICAL_DESIGN_GEOMETRIC_PRESENTATION_REPRESENTATION (  '', ( #6348 ), #7054 ) ;
#2510 =( NAMED_UNIT ( * ) PLANE_ANGLE_UNIT ( ) SI_UNIT ( $, .RADIAN. ) );
#2511 = CARTESIAN_POINT ( 'NONE',  ( -2.155340356757109888, -1.078299526870599934, 3.462608355884759792 ) ) ;
#2512 = FILL_AREA_STYLE_COLOUR ( '', #2046 ) ;
#2513 =( NAMED_UNIT ( * ) PLANE_ANGLE_UNIT ( ) SI_UNIT ( $, .RADIAN. ) );
#2514 = SURFACE_STYLE_USAGE ( .BOTH. , #6642 ) ;
#2515 = CARTESIAN_POINT ( 'NONE',  ( 2.000000000000000000, 0.000000000000000000, 18.52499999999999858 ) ) ;
#2516 = PRESENTATION_STYLE_ASSIGNMENT (( #5094 ) ) ;
#2517 = SURFACE_SIDE_STYLE ('',( #5845 ) ) ;
#2518 = CARTESIAN_POINT ( 'NONE',  ( 2.000000000000001776, 0.000000000000000000, 23.39289321881345529 ) ) ;
#2519 = PRESENTATION_STYLE_ASSIGNMENT (( #1742 ) ) ;
#2520 = CARTESIAN_POINT ( 'NONE',  ( -3.489927614021608004, -5.753072144948695232, 19.80000000000000071 ) ) ;
#2521 = CARTESIAN_POINT ( 'NONE',  ( 0.000000000000000000, 0.000000000000000000, 18.52499999999999858 ) ) ;
#2522 = CARTESIAN_POINT ( 'NONE',  ( -0.8939724058331952605, -1.786839852056417932, 3.462470793295081783 ) ) ;
#2523 = CARTESIAN_POINT ( 'NONE',  ( -2.323370430530550035, -1.198552574326581688, 3.023199761058580126 ) ) ;
#2524 = ORIENTED_EDGE ( 'NONE', *, *, #8292, .T. ) ;
#2525 = LINE ( 'NONE', #3950, #1606 ) ;
#2526 = CARTESIAN_POINT ( 'NONE',  ( 2.577867729671849961, 1.177937914558409904, 0.7666085965432249960 ) ) ;
#2527 = COLOUR_RGB ( '',0.8313725490196077761, 0.8313725490196077761, 0.8313725490196077761 ) ;
#2528 = CARTESIAN_POINT ( 'NONE',  ( -6.231734656045269993, 2.528217888441809613, 19.80000000000000071 ) ) ;
#2529 = CARTESIAN_POINT ( 'NONE',  ( -2.308336204962052829, -0.9602408923906646798, 23.60000000000000142 ) ) ;
#2530 = CARTESIAN_POINT ( 'NONE',  ( -2.087499999999999911, -1.177071376174239958, 0.000000000000000000 ) ) ;
#2531 = ORIENTED_EDGE ( 'NONE', *, *, #6121, .F. ) ;
#2532 = SURFACE_STYLE_USAGE ( .BOTH. , #1888 ) ;
#2533 = FILL_AREA_STYLE_COLOUR ( '', #7077 ) ;
#2534 = ORIENTED_EDGE ( 'NONE', *, *, #3823, .T. ) ;
#2535 = CIRCLE ( 'NONE', #2098, 0.02499999999999984873 ) ;
#2536 = CARTESIAN_POINT ( 'NONE',  ( -1.169999999999999929, 2.085529786706679545, 0.1648747531013459999 ) ) ;
#2537 = CARTESIAN_POINT ( 'NONE',  ( -2.672499999999999876, -0.5849999999999997424, -2.754830917718800176 ) ) ;
#2538 = STYLED_ITEM ( 'NONE', ( #3797 ), #4078 ) ;
#2539 = ORIENTED_EDGE ( 'NONE', *, *, #2843, .F. ) ;
#2540 = AXIS2_PLACEMENT_3D ( 'NONE', #4851, #6329, #4192 ) ;
#2541 = EDGE_CURVE ( 'NONE', #8418, #835, #4840, .T. ) ;
#2542 =( NAMED_UNIT ( * ) SI_UNIT ( $, .STERADIAN. ) SOLID_ANGLE_UNIT ( ) );
#2543 = CARTESIAN_POINT ( 'NONE',  ( -1.043392205861269906, 1.946267855540310121, 1.127511258060150068 ) ) ;
#2544 = CARTESIAN_POINT ( 'NONE',  ( 2.178074323636792986, -1.451169993012434434, 4.012572544073223391 ) ) ;
#2545 = FILL_AREA_STYLE ('',( #6467 ) ) ;
#2546 = STYLED_ITEM ( 'NONE', ( #2005 ), #8299 ) ;
#2547 = CARTESIAN_POINT ( 'NONE',  ( -0.8948891699986810666, -1.788671819443473421, 3.461860776395684347 ) ) ;
#2548 = CIRCLE ( 'NONE', #7524, 0.02499999999999984873 ) ;
#2549 = PRESENTATION_STYLE_ASSIGNMENT (( #6499 ) ) ;
#2550 = CARTESIAN_POINT ( 'NONE',  ( 0.5849999999999999645, 2.672499999999999876, -2.754830917718800176 ) ) ;
#2551 = CARTESIAN_POINT ( 'NONE',  ( -1.785024939864717552, -0.8930645711492140038, 3.462470115781082658 ) ) ;
#2552 = FILL_AREA_STYLE ('',( #7950 ) ) ;
#2553 = DIRECTION ( 'NONE',  ( 1.000000000000000000, 0.000000000000000000, 0.000000000000000000 ) ) ;
#2554 = CARTESIAN_POINT ( 'NONE',  ( -2.010355339059326951, -4.020710678118653014, 18.50000000000000000 ) ) ;
#2555 = CARTESIAN_POINT ( 'NONE',  ( -0.6238739509092737778, -1.925659113143031398, 3.562210369226109563 ) ) ;
#2556 = CARTESIAN_POINT ( 'NONE',  ( 2.659083881744999989, -1.169999999999999929, 0.3417417770400980048 ) ) ;
#2557 =( LENGTH_UNIT ( ) NAMED_UNIT ( * ) SI_UNIT ( .MILLI., .METRE. ) );
#2558 = CARTESIAN_POINT ( 'NONE',  ( -0.5849999999999999645, -2.087499999999999911, 0.000000000000000000 ) ) ;
#2559 = EDGE_CURVE ( 'NONE', #2803, #3201, #5325, .T. ) ;
#2560 = CARTESIAN_POINT ( 'NONE',  ( -0.9356399591185140530, -1.832943738392849964, 2.337640455888200020 ) ) ;
#2561 = CARTESIAN_POINT ( 'NONE',  ( -2.331236109907223852, -1.184651323299492853, 3.391840585329950031 ) ) ;
#2562 = VERTEX_POINT ( 'NONE', #2435 ) ;
#2563 = CARTESIAN_POINT ( 'NONE',  ( 4.897694679898249248, 1.891297018574233935, 23.60000000000000497 ) ) ;
#2564 = CIRCLE ( 'NONE', #7257, 2.614955567827029981 ) ;
#2565 = CIRCLE ( 'NONE', #6972, 0.4999999999999982792 ) ;
#2566 = CARTESIAN_POINT ( 'NONE',  ( 4.013586703811402145, 5.398233219613263856, 19.79999999999999716 ) ) ;
#2567 = CARTESIAN_POINT ( 'NONE',  ( 1.448521019312488001, -2.050751496825798270, 23.60000000000000497 ) ) ;
#2568 = CARTESIAN_POINT ( 'NONE',  ( -2.087499999999999911, -1.188556483108248019, 0.1698237983775840176 ) ) ;
#2569 = ORIENTED_EDGE ( 'NONE', *, *, #6547, .T. ) ;
#2570 = CARTESIAN_POINT ( 'NONE',  ( 1.741284978132573658, 0.9899675795199205375, 3.832388870601663555 ) ) ;
#2571 = CARTESIAN_POINT ( 'NONE',  ( 1.433562399259972198, -1.398680199180519779, 4.062213304289150173 ) ) ;
#2572 = UNCERTAINTY_MEASURE_WITH_UNIT (LENGTH_MEASURE( 1.000000000000000082E-05 ), #2873, 'distance_accuracy_value', 'NONE');
#2573 = ORIENTED_EDGE ( 'NONE', *, *, #3317, .T. ) ;
#2574 = DIRECTION ( 'NONE',  ( 1.000000000000000000, 0.000000000000000000, 0.000000000000000000 ) ) ;
#2575 = CARTESIAN_POINT ( 'NONE',  ( -0.5849999999999999645, -2.672499999999999876, -2.754830917718800176 ) ) ;
#2576 = CARTESIAN_POINT ( 'NONE',  ( 0.8186114415782268505, 2.457859469779366535, 18.50000000000000000 ) ) ;
#2577 = MECHANICAL_DESIGN_GEOMETRIC_PRESENTATION_REPRESENTATION (  '', ( #6423 ), #8247 ) ;
#2578 = ORIENTED_EDGE ( 'NONE', *, *, #4466, .T. ) ;
#2579 = CARTESIAN_POINT ( 'NONE',  ( -2.155319840023516953, -1.078289088741467783, 3.462405139466708359 ) ) ;
#2580 = CARTESIAN_POINT ( 'NONE',  ( -0.9177920272030398730, -1.775961033665393929, 3.022064739156636648 ) ) ;
#2581 =( BOUNDED_SURFACE ( )  B_SPLINE_SURFACE ( 3, 3, ( 
 ( #8536, #2473, #5977, #3896 ),
 ( #1736, #415, #5231, #4477 ),
 ( #7147, #6599, #7854, #493 ),
 ( #3233, #4564, #2422, #529 ) ),
 .UNSPECIFIED., .F., .F., .F. ) 
 B_SPLINE_SURFACE_WITH_KNOTS ( ( 4, 4 ),
 ( 4, 4 ),
 ( 0.000000000000000000, 1.000000000000000000 ),
 ( 0.000000000000000000, 1.000000000000000000 ),
 .UNSPECIFIED. ) 
 GEOMETRIC_REPRESENTATION_ITEM ( )  RATIONAL_B_SPLINE_SURFACE ( (
 ( 1.000000000000000000, 0.3333333333333334259, 0.3333333333333334259, 1.000000000000000000),
 ( 0.8047378541243649375, 0.2682459513747884050, 0.2682459513747884050, 0.8047378541243649375),
 ( 0.8047378541243649375, 0.2682459513747884050, 0.2682459513747884050, 0.8047378541243649375),
 ( 1.000000000000000000, 0.3333333333333334259, 0.3333333333333334259, 1.000000000000000000) ) ) 
 REPRESENTATION_ITEM ( '' )  SURFACE ( )  );
#2582 = EDGE_LOOP ( 'NONE', ( #6532, #4807, #1840, #3955 ) ) ;
#2583 = DIRECTION ( 'NONE',  ( 0.8752448882741049596, -1.071865850894970298E-16, -0.4836800446059870140 ) ) ;
#2584 = SURFACE_STYLE_USAGE ( .BOTH. , #7008 ) ;
#2585 =( GEOMETRIC_REPRESENTATION_CONTEXT ( 3 ) GLOBAL_UNCERTAINTY_ASSIGNED_CONTEXT ( ( #3290 ) ) GLOBAL_UNIT_ASSIGNED_CONTEXT ( ( #3591, #2467, #5086 ) ) REPRESENTATION_CONTEXT ( 'NONE', 'WORKASPACE' ) );
#2586 = CARTESIAN_POINT ( 'NONE',  ( -2.672499999999999876, 1.636434285360649965E-16, -1.709999999999999964 ) ) ;
#2587 = DIRECTION ( 'NONE',  ( 1.000000000000000000, 0.000000000000000000, 0.000000000000000000 ) ) ;
#2588 = CARTESIAN_POINT ( 'NONE',  ( 2.270022311149039851, -1.162629510205450023, 0.3416778768042140202 ) ) ;
#2589 =( NAMED_UNIT ( * ) SI_UNIT ( $, .STERADIAN. ) SOLID_ANGLE_UNIT ( ) );
#2590 = CARTESIAN_POINT ( 'NONE',  ( 5.749999999999998224, 0.000000000000000000, 23.10000000000000142 ) ) ;
#2591 = CARTESIAN_POINT ( 'NONE',  ( 1.924632726917879344, 1.019647225065527074, 1.437029337554489583 ) ) ;
#2592 = SURFACE_STYLE_FILL_AREA ( #5196 ) ;
#2593 = CARTESIAN_POINT ( 'NONE',  ( 0.8954593087587006117, -1.789048553980384426, 2.879622238992918692 ) ) ;
#2594 = CARTESIAN_POINT ( 'NONE',  ( -2.672499999999999876, -1.201631473080772450, 0.000000000000000000 ) ) ;
#2595 = ORIENTED_EDGE ( 'NONE', *, *, #5550, .T. ) ;
#2596 = CARTESIAN_POINT ( 'NONE',  ( -4.186686827138389688, 3.169045174126250419, 23.60000000000000142 ) ) ;
#2597 = CARTESIAN_POINT ( 'NONE',  ( 2.331236837784801619, 1.184649890863411548, 3.391840585329950031 ) ) ;
#2598 = EDGE_CURVE ( 'NONE', #1212, #2308, #8774, .T. ) ;
#2599 = CARTESIAN_POINT ( 'NONE',  ( 3.727500085888259207, 5.597725479944711147, 19.80000000000000071 ) ) ;
#2600 =( NAMED_UNIT ( * ) SI_UNIT ( $, .STERADIAN. ) SOLID_ANGLE_UNIT ( ) );
#2601 = CARTESIAN_POINT ( 'NONE',  ( -2.087499999999999911, -0.2924999999999999822, 0.1698237983775840176 ) ) ;
#2602 = ORIENTED_EDGE ( 'NONE', *, *, #1482, .F. ) ;
#2603 = PRESENTATION_LAYER_ASSIGNMENT (  '', '', ( #7162 ) ) ;
#2604 = CARTESIAN_POINT ( 'NONE',  ( -4.361335283428461551, 5.341095294859081254E-16, 0.7000000000000029532 ) ) ;
#2605 = CARTESIAN_POINT ( 'NONE',  ( 1.077879467992310270, 2.672499999999999876, 0.1698237983775840176 ) ) ;
#2606 = ORIENTED_EDGE ( 'NONE', *, *, #2465, .T. ) ;
#2607 = FACE_OUTER_BOUND ( 'NONE', #2317, .T. ) ;
#2608 = PRESENTATION_STYLE_ASSIGNMENT (( #318 ) ) ;
#2609 = EDGE_CURVE ( 'NONE', #6635, #4351, #7914, .T. ) ;
#2610 = CARTESIAN_POINT ( 'NONE',  ( 0.2785994264793457686, -4.384566136418913018, 2.969165229559820762 ) ) ;
#2611 = CIRCLE ( 'NONE', #1191, 0.4999999999999970024 ) ;
#2612 = ORIENTED_EDGE ( 'NONE', *, *, #6045, .F. ) ;
#2613 =( NAMED_UNIT ( * ) SI_UNIT ( $, .STERADIAN. ) SOLID_ANGLE_UNIT ( ) );
#2614 = CARTESIAN_POINT ( 'NONE',  ( -0.8261626580635470507, -1.823002569903870107, 3.391484666840960394 ) ) ;
#2615 = CARTESIAN_POINT ( 'NONE',  ( 0.000000000000000000, 0.000000000000000000, 18.19999999997889972 ) ) ;
#2616 = EDGE_CURVE ( 'NONE', #8054, #8509, #7198, .T. ) ;
#2617 = FACE_OUTER_BOUND ( 'NONE', #98, .T. ) ;
#2618 = CARTESIAN_POINT ( 'NONE',  ( -2.382738085980113496, -1.172458272319318207, 2.517021941474515856 ) ) ;
#2619 = CARTESIAN_POINT ( 'NONE',  ( 1.179507543148333948, 2.069590540394772749, 0.4031326314136419731 ) ) ;
#2620 =( NAMED_UNIT ( * ) PLANE_ANGLE_UNIT ( ) SI_UNIT ( $, .RADIAN. ) );
#2621 = CARTESIAN_POINT ( 'NONE',  ( -1.064579177979180002, -2.127825394168569861, 3.619421180777630198 ) ) ;
#2622 = CARTESIAN_POINT ( 'NONE',  ( 2.020853939839105884, -1.111833412112853026, 0.6498556570529323562 ) ) ;
#2623 = STYLED_ITEM ( 'NONE', ( #2377 ), #178 ) ;
#2624 = LINE ( 'NONE', #4692, #1574 ) ;
#2625 = CARTESIAN_POINT ( 'NONE',  ( -1.055757755608519366, -2.419805117389826510, 0.7000000000000029532 ) ) ;
#2626 = CARTESIAN_POINT ( 'NONE',  ( 2.086457956850503948, 1.169049054876542870, 0.1468399422129348375 ) ) ;
#2627 = B_SPLINE_SURFACE_WITH_KNOTS ( 'NONE', 3, 3, ( 
 ( #4830, #7590, #683, #7548 ),
 ( #1439, #3411, #1479, #4216 ),
 ( #8273, #635, #2776, #778 ),
 ( #6116, #2635, #3498, #7408 ),
 ( #8752, #26, #1971, #4037 ),
 ( #1295, #6072, #1390, #6831 ),
 ( #116, #5501, #2825, #8798 ),
 ( #2679, #2727, #5412, #8135 ),
 ( #4750, #5457, #6166, #8180 ),
 ( #7770, #6389, #4922, #293 ),
 ( #7149, #7810, #3539, #945 ) ),
 .UNSPECIFIED., .F., .F., .F.,
 ( 4, 3, 1, 3, 4 ),
 ( 4, 4 ),
 ( -0.01009999999999999960, 0.000000000000000000, 0.5000000000000000000, 1.000000000000000000, 1.010000000000000009 ),
 ( -0.07071778064237879691, 5.481726005882549738E-16 ),
 .UNSPECIFIED. ) ;
#2628 = CARTESIAN_POINT ( 'NONE',  ( -1.330780361472300832, -6.592070294578829426, 19.80000000000000071 ) ) ;
#2629 = CARTESIAN_POINT ( 'NONE',  ( -2.603036770860830629, 0.3054169571528639882, 3.391840585329950031 ) ) ;
#2630 = ORIENTED_EDGE ( 'NONE', *, *, #4426, .F. ) ;
#2631 = LINE ( 'NONE', #3407, #4051 ) ;
#2632 = CARTESIAN_POINT ( 'NONE',  ( 2.381338758530870070, -1.085281546118620266, 3.391840585329950031 ) ) ;
#2633 = EDGE_CURVE ( 'NONE', #8603, #3479, #2525, .T. ) ;
#2634 = CARTESIAN_POINT ( 'NONE',  ( 5.762948562825717325, -0.4402729112381144061, 19.80000000000000071 ) ) ;
#2635 = CARTESIAN_POINT ( 'NONE',  ( -1.917020271110120300, -0.9590897693630370258, 3.462054116206850107 ) ) ;
#2636 = FACE_OUTER_BOUND ( 'NONE', #6083, .T. ) ;
#2637 = CARTESIAN_POINT ( 'NONE',  ( -2.087499999999999911, -0.5849999999999999645, 0.000000000000000000 ) ) ;
#2638 = VERTEX_POINT ( 'NONE', #1213 ) ;
#2639 = LINE ( 'NONE', #7552, #3032 ) ;
#2640 = CARTESIAN_POINT ( 'NONE',  ( 4.349385432184959654, -1.065292189556687585E-15, 0.7000000000000030642 ) ) ;
#2641 = EDGE_CURVE ( 'NONE', #835, #8418, #796, .T. ) ;
#2642 = UNCERTAINTY_MEASURE_WITH_UNIT (LENGTH_MEASURE( 1.000000000000000082E-05 ), #3782, 'distance_accuracy_value', 'NONE');
#2643 = CARTESIAN_POINT ( 'NONE',  ( 0.5849999999999999645, 2.672499999999999876, 0.1698237983775840176 ) ) ;
#2644 = ORIENTED_EDGE ( 'NONE', *, *, #6041, .T. ) ;
#2645 = CARTESIAN_POINT ( 'NONE',  ( -5.250000000000000888, 2.143131898507867311E-16, 23.59999999999999787 ) ) ;
#2646 = SURFACE_STYLE_FILL_AREA ( #2408 ) ;
#2647 = DIRECTION ( 'NONE',  ( 0.000000000000000000, -1.000000000000000000, 0.000000000000000000 ) ) ;
#2648 = CARTESIAN_POINT ( 'NONE',  ( 0.000000000000000000, 0.000000000000000000, 2.994165229559818897 ) ) ;
#2649 = CARTESIAN_POINT ( 'NONE',  ( -3.200000000000001066, -6.399999999999998579, 2.994165229559819785 ) ) ;
#2650 = CARTESIAN_POINT ( 'NONE',  ( -1.788671819704820587, 0.8948891702401090553, 3.461860776390381034 ) ) ;
#2651 = STYLED_ITEM ( 'NONE', ( #2608 ), #6743 ) ;
#2652 = EDGE_LOOP ( 'NONE', ( #2793, #1352, #6009, #2256 ) ) ;
#2653 = CARTESIAN_POINT ( 'NONE',  ( 2.346437997359626326, 1.171811464087968213, 3.047417718868490333 ) ) ;
#2654 = EDGE_CURVE ( 'NONE', #5785, #4032, #4421, .T. ) ;
#2655 = CARTESIAN_POINT ( 'NONE',  ( -3.192569487598870325E-16, -2.672499999999999876, 0.000000000000000000 ) ) ;
#2656 = FILL_AREA_STYLE ('',( #1233 ) ) ;
#2657 = CARTESIAN_POINT ( 'NONE',  ( -1.161716420585700016, -2.074693033271940212, 0.3536250458876650238 ) ) ;
#2658 = CARTESIAN_POINT ( 'NONE',  ( -4.373642825356682806, 6.810812074916214047E-16, 0.7189519526491494616 ) ) ;
#2659 = PRESENTATION_LAYER_ASSIGNMENT (  '', '', ( #2254 ) ) ;
#2660 = ORIENTED_EDGE ( 'NONE', *, *, #4363, .T. ) ;
#2661 = PRESENTATION_LAYER_ASSIGNMENT (  '', '', ( #6374 ) ) ;
#2662 = CARTESIAN_POINT ( 'NONE',  ( -6.749257393156135265, -13.49851478631226165, 10.24702156662953456 ) ) ;
#2663 = CARTESIAN_POINT ( 'NONE',  ( 3.199999999999997069, -7.837739514543053032E-16, 23.39289321881345174 ) ) ;
#2664 = CARTESIAN_POINT ( 'NONE',  ( 0.9189200265479963159, 1.776495298154120661, 3.391484670832360493 ) ) ;
#2665 = SURFACE_STYLE_USAGE ( .BOTH. , #617 ) ;
#2666 =( NAMED_UNIT ( * ) SI_UNIT ( $, .STERADIAN. ) SOLID_ANGLE_UNIT ( ) );
#2667 = CARTESIAN_POINT ( 'NONE',  ( 2.155340356757100562, -1.078299526870599934, 3.462608355885369971 ) ) ;
#2668 = LINE ( 'NONE', #7490, #2705 ) ;
#2669 = CARTESIAN_POINT ( 'NONE',  ( 0.8934099393942459555, -2.484301214120740564, 0.7000000000000029532 ) ) ;
#2670 = CARTESIAN_POINT ( 'NONE',  ( 1.755176730647172834, -6.498375122479076893, 19.80000000000000071 ) ) ;
#2671 =( GEOMETRIC_REPRESENTATION_CONTEXT ( 3 ) GLOBAL_UNCERTAINTY_ASSIGNED_CONTEXT ( ( #6924 ) ) GLOBAL_UNIT_ASSIGNED_CONTEXT ( ( #1805, #8689, #6583 ) ) REPRESENTATION_CONTEXT ( 'NONE', 'WORKASPACE' ) );
#2672 = DIRECTION ( 'NONE',  ( 1.000000000000000000, 0.000000000000000000, 0.000000000000000000 ) ) ;
#2673 = CARTESIAN_POINT ( 'NONE',  ( -1.170049876237236219, 2.652001701570465997, 0.3628862467069267628 ) ) ;
#2674 = CARTESIAN_POINT ( 'NONE',  ( -2.660043650584440034, -2.558091533463460022E-16, 0.3537504162900810267 ) ) ;
#2675 = EDGE_LOOP ( 'NONE', ( #1006, #5868 ) ) ;
#2676 = CARTESIAN_POINT ( 'NONE',  ( -0.6782024518895204412, 5.207110844414025053, 23.60000000000000142 ) ) ;
#2677 = CARTESIAN_POINT ( 'NONE',  ( 2.621401750066290059, 8.288717984834420064E-12, 3.023199761055439971 ) ) ;
#2678 = CARTESIAN_POINT ( 'NONE',  ( 5.775000000000001243, -0.1765247615874841747, 19.80000000000000071 ) ) ;
#2679 = CARTESIAN_POINT ( 'NONE',  ( -1.437780815204060092, -1.390246858450379985, 4.062213304289150173 ) ) ;
#2680 = CARTESIAN_POINT ( 'NONE',  ( -4.020006208968347039, 1.750744522646024981, 2.969165229559820762 ) ) ;
#2681 = CARTESIAN_POINT ( 'NONE',  ( 2.614955567827028649, -5.229911135654059962, 0.7103553390593306816 ) ) ;
#2682 = CARTESIAN_POINT ( 'NONE',  ( 0.000000000000000000, 0.000000000000000000, 4.062213304289150173 ) ) ;
#2683 = EDGE_CURVE ( 'NONE', #4351, #1583, #5406, .T. ) ;
#2684 =( LENGTH_UNIT ( ) NAMED_UNIT ( * ) SI_UNIT ( .MILLI., .METRE. ) );
#2685 = CIRCLE ( 'NONE', #3139, 0.02499999999999984873 ) ;
#2686 = CARTESIAN_POINT ( 'NONE',  ( -2.625310906886357376, 3.215078598885012783E-16, 0.7000000000000029532 ) ) ;
#2687 = PRODUCT_DEFINITION_FORMATION_WITH_SPECIFIED_SOURCE ( 'ANY', '', #3077, .NOT_KNOWN. ) ;
#2688 = VERTEX_POINT ( 'NONE', #2771 ) ;
#2689 = CARTESIAN_POINT ( 'NONE',  ( -4.912252737802611513, -1.853121433971985921, 23.60000000000000497 ) ) ;
#2690 = CARTESIAN_POINT ( 'NONE',  ( 1.154432328905159899, 2.070590768627080358, 0.3996872929963279919 ) ) ;
#2691 = CARTESIAN_POINT ( 'NONE',  ( 2.274248065843258892, -3.749324069410496563, 2.969165229559819430 ) ) ;
#2692 = AXIS2_PLACEMENT_3D ( 'NONE', #2811, #8262, #4204 ) ;
#2693 = CARTESIAN_POINT ( 'NONE',  ( 2.379999999999999893, -0.5849999999999999645, 0.000000000000000000 ) ) ;
#2694 =( NAMED_UNIT ( * ) SI_UNIT ( $, .STERADIAN. ) SOLID_ANGLE_UNIT ( ) );
#2695 = B_SPLINE_CURVE_WITH_KNOTS ( 'NONE', 3,
 ( #4585, #3252, #2570, #6661, #511, #4624 ),
 .UNSPECIFIED., .F., .F.,
 ( 4, 2, 4 ),
 ( 0.000000000000000000, 0.0004229817750302158484, 0.0008459635500604316969 ),
 .UNSPECIFIED. ) ;
#2696 = COLOUR_RGB ( '',0.8313725490196077761, 0.8313725490196077761, 0.8313725490196077761 ) ;
#2697 = ORIENTED_EDGE ( 'NONE', *, *, #3773, .F. ) ;
#2698 = CARTESIAN_POINT ( 'NONE',  ( 2.338926533919969852, 1.169999999999999929, 3.311111815122679936 ) ) ;
#2699 = CARTESIAN_POINT ( 'NONE',  ( 1.184650226045731891, -2.331236667468493451, 3.391840585329950031 ) ) ;
#2700 = CARTESIAN_POINT ( 'NONE',  ( -0.9528024221376297787, 1.814461556354570515, 2.444599270131050162 ) ) ;
#2701 = CARTESIAN_POINT ( 'NONE',  ( -0.8966354939408649471, -1.786698504906349960, 3.022064739156700153 ) ) ;
#2702 =( NAMED_UNIT ( * ) PLANE_ANGLE_UNIT ( ) SI_UNIT ( $, .RADIAN. ) );
#2703 = B_SPLINE_CURVE_WITH_KNOTS ( 'NONE', 3,
 ( #7130, #1591, #7174, #2407, #4325, #1014, #928, #5705, #8435, #7758, #8023, #8694 ),
 .UNSPECIFIED., .F., .F.,
 ( 4, 2, 2, 2, 2, 4 ),
 ( 0.000000000000000000, 0.0002172906068624323511, 0.0004345812137248647022, 0.0008691624274497294043, 0.001738324854899458809, 0.003476649709798917617 ),
 .UNSPECIFIED. ) ;
#2704 = SURFACE_STYLE_FILL_AREA ( #5848 ) ;
#2705 = VECTOR ( 'NONE', #5397, 1000.000000000000000 ) ;
#2706 = EDGE_LOOP ( 'NONE', ( #7963, #1936, #566, #6186 ) ) ;
#2707 =( LENGTH_UNIT ( ) NAMED_UNIT ( * ) SI_UNIT ( .MILLI., .METRE. ) );
#2708 = LINE ( 'NONE', #8113, #8521 ) ;
#2709 = CARTESIAN_POINT ( 'NONE',  ( -2.678408499999999304, -1.169999999999999929, 0.1648747531013350087 ) ) ;
#2710 =( NAMED_UNIT ( * ) SI_UNIT ( $, .STERADIAN. ) SOLID_ANGLE_UNIT ( ) );
#2711 = CARTESIAN_POINT ( 'NONE',  ( 1.056267270992417906, 1.944549233910908281, 1.127511258060150068 ) ) ;
#2712 = APPLICATION_PROTOCOL_DEFINITION ( 'draft international standard', 'automotive_design', 1998, #6876 ) ;
#2713 = PRESENTATION_STYLE_ASSIGNMENT (( #666 ) ) ;
#2714 =( LENGTH_UNIT ( ) NAMED_UNIT ( * ) SI_UNIT ( .MILLI., .METRE. ) );
#2715 = EDGE_CURVE ( 'NONE', #8427, #5743, #4731, .T. ) ;
#2716 = CARTESIAN_POINT ( 'NONE',  ( -0.8948891699986810666, -1.788671819443473421, 3.461860776395684347 ) ) ;
#2717 = CARTESIAN_POINT ( 'NONE',  ( -2.469804767431891257, -0.9326694386801555048, 0.7000000000000029532 ) ) ;
#2718 = CARTESIAN_POINT ( 'NONE',  ( 6.438221452179794468, -1.964387820299114296, 19.80000000000000426 ) ) ;
#2719 = CARTESIAN_POINT ( 'NONE',  ( -5.704951021424466084, 0.8986502578887682890, 19.80000000000000071 ) ) ;
#2720 = CARTESIAN_POINT ( 'NONE',  ( -1.169779909733511092, 2.591656311341214103, 0.7208320262754213115 ) ) ;
#2721 = CARTESIAN_POINT ( 'NONE',  ( -2.658176790692110103, 1.178070848393349968, 0.3537504162900820814 ) ) ;
#2722 = VERTEX_POINT ( 'NONE', #8044 ) ;
#2723 = CARTESIAN_POINT ( 'NONE',  ( -3.175930447052990324, 4.196123610368934997, 23.60000000000000497 ) ) ;
#2724 = CARTESIAN_POINT ( 'NONE',  ( 2.602666462732480035, 0.3115470697137350253, 3.023199761055439971 ) ) ;
#2725 = CARTESIAN_POINT ( 'NONE',  ( 5.694029406485270783, -0.9639054563224712657, 19.80000000000000071 ) ) ;
#2726 = STYLED_ITEM ( 'NONE', ( #5993 ), #2982 ) ;
#2727 = CARTESIAN_POINT ( 'NONE',  ( -1.648603043770910048, -1.495701609872470028, 4.062213304289150173 ) ) ;
#2728 = CARTESIAN_POINT ( 'NONE',  ( -4.281917279657747599, 1.095700300710675590, 2.969165229559820318 ) ) ;
#2729 = FILL_AREA_STYLE ('',( #2777 ) ) ;
#2730 = CARTESIAN_POINT ( 'NONE',  ( 2.614955567827029981, -6.404793932103843491E-16, 0.7250000000000034195 ) ) ;
#2731 = CARTESIAN_POINT ( 'NONE',  ( -1.754014116603900053, 1.548429068449962642, 4.062213304289154614 ) ) ;
#2732 = PRODUCT_DEFINITION_CONTEXT ( 'detailed design', #6425, 'design' ) ;
#2733 = CARTESIAN_POINT ( 'NONE',  ( 5.760355339059327839, 0.000000000000000000, 19.79999999999999716 ) ) ;
#2734 = CARTESIAN_POINT ( 'NONE',  ( -2.614955567827029537, 3.202396966051921253E-16, 0.7103553390593306816 ) ) ;
#2735 = SURFACE_STYLE_FILL_AREA ( #8805 ) ;
#2736 = UNCERTAINTY_MEASURE_WITH_UNIT (LENGTH_MEASURE( 1.000000000000000082E-05 ), #6577, 'distance_accuracy_value', 'NONE');
#2737 = CARTESIAN_POINT ( 'NONE',  ( 0.5900390149127070494, 2.612693253522880177, 0.7666085965705949912 ) ) ;
#2738 = ORIENTED_EDGE ( 'NONE', *, *, #390, .T. ) ;
#2739 = CARTESIAN_POINT ( 'NONE',  ( 5.775000000000000355, -1.414467053015193249E-15, 19.79999999999999716 ) ) ;
#2740 = CARTESIAN_POINT ( 'NONE',  ( -2.672499999999999876, -0.5849999999999999645, -2.754830917718800176 ) ) ;
#2741 = CARTESIAN_POINT ( 'NONE',  ( -1.171269992200218102, 2.529727320495164022, 1.072180869090191058 ) ) ;
#2742 = CARTESIAN_POINT ( 'NONE',  ( -2.084339191823189719, -3.862436505283774135, 2.969165229559820762 ) ) ;
#2743 = CARTESIAN_POINT ( 'NONE',  ( 2.001848001045466674, -1.116784283773265107, 0.7659099622468769075 ) ) ;
#2744 = CARTESIAN_POINT ( 'NONE',  ( 2.674450000000000216, -1.169999999999999929, 0.000000000000000000 ) ) ;
#2745 = ORIENTED_EDGE ( 'NONE', *, *, #179, .F. ) ;
#2746 = CARTESIAN_POINT ( 'NONE',  ( 2.344603317454482916, 1.170905732043984182, 3.047414584114415348 ) ) ;
#2747 = CARTESIAN_POINT ( 'NONE',  ( 0.8801150392286849478, -2.658966281660399833, 0.3537504162900820814 ) ) ;
#2748 = AXIS2_PLACEMENT_3D ( 'NONE', #245, #7626, #2202 ) ;
#2749 = CARTESIAN_POINT ( 'NONE',  ( -0.8774999999999999467, -2.087499999999999911, 0.000000000000000000 ) ) ;
#2750 = SURFACE_STYLE_USAGE ( .BOTH. , #5384 ) ;
#2751 = CIRCLE ( 'NONE', #7749, 2.000000000000001776 ) ;
#2752 =( NAMED_UNIT ( * ) PLANE_ANGLE_UNIT ( ) SI_UNIT ( $, .RADIAN. ) );
#2753 = PRESENTATION_LAYER_ASSIGNMENT (  '', '', ( #1056 ) ) ;
#2754 = CARTESIAN_POINT ( 'NONE',  ( 0.8948985806118021635, -1.788691429140879974, 3.462471484495290408 ) ) ;
#2755 = ORIENTED_EDGE ( 'NONE', *, *, #2021, .F. ) ;
#2756 = DIRECTION ( 'NONE',  ( -0.000000000000000000, -0.000000000000000000, -1.000000000000000000 ) ) ;
#2757 = CARTESIAN_POINT ( 'NONE',  ( -1.201631465109635366, 2.672499999999999876, 0.1698237983775837678 ) ) ;
#2758 = DIRECTION ( 'NONE',  ( 1.000000000000000000, 0.000000000000000000, 0.000000000000000000 ) ) ;
#2759 = EDGE_CURVE ( 'NONE', #8235, #6092, #2631, .T. ) ;
#2760 = CARTESIAN_POINT ( 'NONE',  ( -2.340778203451254758, -1.170925448694828619, 3.311113537016896924 ) ) ;
#2761 = CARTESIAN_POINT ( 'NONE',  ( -2.672499999999999876, 0.2174125788124142422, -3.419999999999999929 ) ) ;
#2762 = CARTESIAN_POINT ( 'NONE',  ( 2.087499999999999911, -0.5849999999999999645, 0.000000000000000000 ) ) ;
#2763 = FILL_AREA_STYLE ('',( #2512 ) ) ;
#2764 = CARTESIAN_POINT ( 'NONE',  ( 2.672499999999999876, -0.2174125788124142977, -3.419999999999999929 ) ) ;
#2765 = CARTESIAN_POINT ( 'NONE',  ( -1.529597713258827429, -2.165566731441087356, 0.7000000000000029532 ) ) ;
#2766 = SURFACE_STYLE_USAGE ( .BOTH. , #6868 ) ;
#2767 = CARTESIAN_POINT ( 'NONE',  ( 6.643427812827624734, 1.046491374965351495, 19.80000000000000071 ) ) ;
#2768 = CARTESIAN_POINT ( 'NONE',  ( -4.616639217989238375, 5.653752441128659557E-16, 23.59999999999999787 ) ) ;
#2769 = CARTESIAN_POINT ( 'NONE',  ( -2.659545203572300398, 0.5848728926785480287, 0.3537504162900810267 ) ) ;
#2770 = ORIENTED_EDGE ( 'NONE', *, *, #7693, .F. ) ;
#2771 = CARTESIAN_POINT ( 'NONE',  ( 2.614955567827029981, 0.000000000000000000, 0.7250000000000034195 ) ) ;
#2772 = EDGE_CURVE ( 'NONE', #225, #6036, #2751, .T. ) ;
#2773 = CARTESIAN_POINT ( 'NONE',  ( 2.660043650576880303, 9.003264091374200450E-13, 0.3537504162854430145 ) ) ;
#2774 = PRESENTATION_STYLE_ASSIGNMENT (( #4213 ) ) ;
#2775 = CIRCLE ( 'NONE', #4353, 0.02499999999999984873 ) ;
#2776 = CARTESIAN_POINT ( 'NONE',  ( -2.127842975436545103, -1.064544030957043530, 3.459194862029574935 ) ) ;
#2777 = FILL_AREA_STYLE_COLOUR ( '', #7182 ) ;
#2778 = CARTESIAN_POINT ( 'NONE',  ( -1.853873718865821640, -0.9885950891066167534, 1.943675179718990176 ) ) ;
#2779 = ORIENTED_EDGE ( 'NONE', *, *, #3285, .F. ) ;
#2780 = MECHANICAL_DESIGN_GEOMETRIC_PRESENTATION_REPRESENTATION (  '', ( #2943 ), #5424 ) ;
#2781 = CARTESIAN_POINT ( 'NONE',  ( 5.750000000000000888, 11.50000000000000000, 19.81035533905932766 ) ) ;
#2782 = CARTESIAN_POINT ( 'NONE',  ( 2.614955567827029537, 0.000000000000000000, 0.7103553390593306816 ) ) ;
#2783 = LINE ( 'NONE', #5557, #2805 ) ;
#2784 = FACE_OUTER_BOUND ( 'NONE', #5960, .T. ) ;
#2785 = CARTESIAN_POINT ( 'NONE',  ( 1.084568147866330046, 2.447858430336709912, 1.944948958572239928 ) ) ;
#2786 = ORIENTED_EDGE ( 'NONE', *, *, #5605, .F. ) ;
#2787 = FILL_AREA_STYLE_COLOUR ( '', #2355 ) ;
#2788 = LINE ( 'NONE', #5063, #6226 ) ;
#2789 = CARTESIAN_POINT ( 'NONE',  ( -2.087499999999999911, 1.169999999999999929, 0.000000000000000000 ) ) ;
#2790 = CARTESIAN_POINT ( 'NONE',  ( 1.385918756458584644, -4.160889262732011318, 2.969165229559820762 ) ) ;
#2791 = DIRECTION ( 'NONE',  ( -1.836970198721029934E-16, -1.000000000000000000, 0.000000000000000000 ) ) ;
#2792 = CARTESIAN_POINT ( 'NONE',  ( 2.664919805303939349, -1.170110557346918601, 0.3417427355436362668 ) ) ;
#2793 = ORIENTED_EDGE ( 'NONE', *, *, #7625, .F. ) ;
#2794 = CARTESIAN_POINT ( 'NONE',  ( 2.602387022739040212, 1.169999999999999929, 0.6502659332570590589 ) ) ;
#2795 = ORIENTED_EDGE ( 'NONE', *, *, #1673, .T. ) ;
#2796 = CARTESIAN_POINT ( 'NONE',  ( 0.6082549803935539678, -2.558997815476939941, 1.944948958572229936 ) ) ;
#2797 = PRESENTATION_STYLE_ASSIGNMENT (( #6942 ) ) ;
#2798 = CARTESIAN_POINT ( 'NONE',  ( -1.188477148158782359, -2.087499999999999911, 0.1698237983775840176 ) ) ;
#2799 = PRESENTATION_STYLE_ASSIGNMENT (( #1544 ) ) ;
#2800 = CARTESIAN_POINT ( 'NONE',  ( -1.160351172740196724, 2.076989960730924789, 0.2919838524446135009 ) ) ;
#2801 = CARTESIAN_POINT ( 'NONE',  ( 1.121171434990630100, -2.199836885578970058, 0.7395327838241800844 ) ) ;
#2802 = EDGE_CURVE ( 'NONE', #1849, #2688, #3911, .T. ) ;
#2803 = VERTEX_POINT ( 'NONE', #2819 ) ;
#2804 = CARTESIAN_POINT ( 'NONE',  ( -1.201634612851182782, 2.658108481463690609, 0.3537504162900840243 ) ) ;
#2805 = VECTOR ( 'NONE', #6354, 1000.000000000000000 ) ;
#2806 = CARTESIAN_POINT ( 'NONE',  ( 2.490261344496570661, 1.170192071434861925, 1.439112839877323857 ) ) ;
#2807 = LINE ( 'NONE', #7533, #4749 ) ;
#2808 = CARTESIAN_POINT ( 'NONE',  ( -1.498511767863641042, -1.647197381873624744, 4.062213338820048314 ) ) ;
#2809 = CARTESIAN_POINT ( 'NONE',  ( 1.783370674449335169, -0.8923379029763038872, 3.310595195700861026 ) ) ;
#2810 = CARTESIAN_POINT ( 'NONE',  ( 2.446876645392829897, -0.9912508318268992147, 0.7000000000000029532 ) ) ;
#2811 = CARTESIAN_POINT ( 'NONE',  ( 0.000000000000000000, 0.000000000000000000, 11.28110665214460084 ) ) ;
#2812 = STYLED_ITEM ( 'NONE', ( #5922 ), #3709 ) ;
#2813 = CARTESIAN_POINT ( 'NONE',  ( 6.617683295128444776, 1.196915221837111076, 19.80000000000000426 ) ) ;
#2814 = MECHANICAL_DESIGN_GEOMETRIC_PRESENTATION_REPRESENTATION (  '', ( #4812 ), #5670 ) ;
#2815 = CARTESIAN_POINT ( 'NONE',  ( -5.686497258251343112, 1.007387276262561970, 19.79999999999999716 ) ) ;
#2816 = CARTESIAN_POINT ( 'NONE',  ( -1.169984472001136089, 2.617316289808804264, 0.5778423847663121116 ) ) ;
#2817 = CARTESIAN_POINT ( 'NONE',  ( -2.330509245325618650, 1.184447391057034338, 3.023199761058580126 ) ) ;
#2818 = ORIENTED_EDGE ( 'NONE', *, *, #8739, .T. ) ;
#2819 = CARTESIAN_POINT ( 'NONE',  ( -1.437780815204086515, -1.390246858450351342, 4.062213304289150173 ) ) ;
#2820 = CARTESIAN_POINT ( 'NONE',  ( 2.558997815437900503, 0.6082549804047829856, 1.944948958557380037 ) ) ;
#2821 = CIRCLE ( 'NONE', #5248, 2.614955567827029981 ) ;
#2822 =( BOUNDED_SURFACE ( )  B_SPLINE_SURFACE ( 3, 3, ( 
 ( #722, #4866, #4786, #6251 ),
 ( #768, #7582, #2913, #6960 ),
 ( #108, #853, #3403, #2768 ),
 ( #1383, #3580, #6295, #809 ) ),
 .UNSPECIFIED., .F., .F., .F. ) 
 B_SPLINE_SURFACE_WITH_KNOTS ( ( 4, 4 ),
 ( 4, 4 ),
 ( 0.000000000000000000, 1.000000000000000000 ),
 ( 0.000000000000000000, 1.000000000000000000 ),
 .UNSPECIFIED. ) 
 GEOMETRIC_REPRESENTATION_ITEM ( )  RATIONAL_B_SPLINE_SURFACE ( (
 ( 1.000000000000000000, 0.3333333333333334259, 0.3333333333333334259, 1.000000000000000000),
 ( 0.8047378541243649375, 0.2682459513747884050, 0.2682459513747884050, 0.8047378541243649375),
 ( 0.8047378541243649375, 0.2682459513747884050, 0.2682459513747884050, 0.8047378541243649375),
 ( 1.000000000000000000, 0.3333333333333334259, 0.3333333333333334259, 1.000000000000000000) ) ) 
 REPRESENTATION_ITEM ( '' )  SURFACE ( )  );
#2823 = DIRECTION ( 'NONE',  ( -1.000000000000000000, 1.224646799147353947E-16, 0.000000000000000000 ) ) ;
#2824 = CARTESIAN_POINT ( 'NONE',  ( -1.706253569163250106, 0.8535235383923219787, 3.618895854957929981 ) ) ;
#2825 = CARTESIAN_POINT ( 'NONE',  ( -1.929685463755220098, -1.460694369927149960, 4.062214983206580143 ) ) ;
#2826 = CARTESIAN_POINT ( 'NONE',  ( -1.751530696466450987, 4.022228153322697786, 2.969165229559819874 ) ) ;
#2827 = DIRECTION ( 'NONE',  ( 0.000000000000000000, 0.000000000000000000, 1.000000000000000000 ) ) ;
#2828 =( GEOMETRIC_REPRESENTATION_CONTEXT ( 3 ) GLOBAL_UNCERTAINTY_ASSIGNED_CONTEXT ( ( #3634 ) ) GLOBAL_UNIT_ASSIGNED_CONTEXT ( ( #5830, #6588, #2542 ) ) REPRESENTATION_CONTEXT ( 'NONE', 'WORKASPACE' ) );
#2829 = CARTESIAN_POINT ( 'NONE',  ( -1.775878142232325541, -0.9179552567522393236, 3.022064739160810198 ) ) ;
#2830 = UNCERTAINTY_MEASURE_WITH_UNIT (LENGTH_MEASURE( 1.000000000000000082E-05 ), #3145, 'distance_accuracy_value', 'NONE');
#2831 = CARTESIAN_POINT ( 'NONE',  ( -1.706611441685740083, 2.070247336351750178, 4.062213304289150173 ) ) ;
#2832 = CARTESIAN_POINT ( 'NONE',  ( -2.700000000000001066, 3.306546357697854719E-16, 23.59999999999999787 ) ) ;
#2833 = DIRECTION ( 'NONE',  ( 1.000000000000000000, 0.000000000000000000, 0.000000000000000000 ) ) ;
#2834 = SURFACE_SIDE_STYLE ('',( #643 ) ) ;
#2835 = UNCERTAINTY_MEASURE_WITH_UNIT (LENGTH_MEASURE( 1.000000000000000082E-05 ), #8518, 'distance_accuracy_value', 'NONE');
#2836 = VERTEX_POINT ( 'NONE', #2159 ) ;
#2837 = CARTESIAN_POINT ( 'NONE',  ( 5.750000000000000888, -1.408343819019456570E-15, 19.81035533905933121 ) ) ;
#2838 = CARTESIAN_POINT ( 'NONE',  ( 1.169999999999999929, 2.387832639686739977, 2.346119080237690113 ) ) ;
#2839 = AXIS2_PLACEMENT_3D ( 'NONE', #4688, #527, #4606 ) ;
#2840 = CARTESIAN_POINT ( 'NONE',  ( 1.104719850578089746, 2.016708692198668995, 0.7206999511879053077 ) ) ;
#2841 = CARTESIAN_POINT ( 'NONE',  ( 3.750831632548283778, -2.275400195347320853, 2.969165229559820762 ) ) ;
#2842 = CARTESIAN_POINT ( 'NONE',  ( 2.674450000000000216, -1.169999999999999929, 0.1648747531013670109 ) ) ;
#2843 = EDGE_CURVE ( 'NONE', #316, #7782, #2393, .T. ) ;
#2844 = UNCERTAINTY_MEASURE_WITH_UNIT (LENGTH_MEASURE( 1.000000000000000082E-05 ), #1536, 'distance_accuracy_value', 'NONE');
#2845 = EDGE_LOOP ( 'NONE', ( #2899, #257, #4241, #4453 ) ) ;
#2846 = CARTESIAN_POINT ( 'NONE',  ( 2.340759870089558881, 1.170916285836464121, 3.311113519968478691 ) ) ;
#2847 =( GEOMETRIC_REPRESENTATION_CONTEXT ( 3 ) GLOBAL_UNCERTAINTY_ASSIGNED_CONTEXT ( ( #2032 ) ) GLOBAL_UNIT_ASSIGNED_CONTEXT ( ( #8306, #4203, #5713 ) ) REPRESENTATION_CONTEXT ( 'NONE', 'WORKASPACE' ) );
#2848 = CARTESIAN_POINT ( 'NONE',  ( 1.177426966676220044, -2.334878661263319888, 3.391840585329950031 ) ) ;
#2849 = CARTESIAN_POINT ( 'NONE',  ( 2.500000000000000000, 0.000000000000000000, 23.60000000000000142 ) ) ;
#2850 = CARTESIAN_POINT ( 'NONE',  ( 1.161716296245800084, -2.074693033547970078, 0.3536250458876640246 ) ) ;
#2851 = CARTESIAN_POINT ( 'NONE',  ( -3.210355339059327129, 3.931551390104621005E-16, 2.969165229559819430 ) ) ;
#2852 = VERTEX_POINT ( 'NONE', #1474 ) ;
#2853 = CARTESIAN_POINT ( 'NONE',  ( -1.178070072366089960, 2.672499999999999876, 0.1698237983775840176 ) ) ;
#2854 = MECHANICAL_DESIGN_GEOMETRIC_PRESENTATION_REPRESENTATION (  '', ( #2000 ), #3867 ) ;
#2855 =( NAMED_UNIT ( * ) PLANE_ANGLE_UNIT ( ) SI_UNIT ( $, .RADIAN. ) );
#2856 = CARTESIAN_POINT ( 'NONE',  ( 0.8261626580513780072, 1.823002569910150195, 3.391484670832360493 ) ) ;
#2857 = CARTESIAN_POINT ( 'NONE',  ( 0.8535235383923219787, -1.706253569163250106, 3.618895854957929981 ) ) ;
#2858 = CARTESIAN_POINT ( 'NONE',  ( -1.781472031526216915, 0.9069391269841736714, 3.022064739160810198 ) ) ;
#2859 = CARTESIAN_POINT ( 'NONE',  ( 1.783136697887493849, -0.8921200562759814545, 3.462469410894045030 ) ) ;
#2860 = CARTESIAN_POINT ( 'NONE',  ( 4.616639217989235711, -9.233278435978473198, 23.59999999999999432 ) ) ;
#2861 = FILL_AREA_STYLE ('',( #2241 ) ) ;
#2862 = CARTESIAN_POINT ( 'NONE',  ( 6.169254342209167241, 2.686582815039044281, 19.79999999999999005 ) ) ;
#2863 = VECTOR ( 'NONE', #1524, 1000.000000000000000 ) ;
#2864 =( NAMED_UNIT ( * ) PLANE_ANGLE_UNIT ( ) SI_UNIT ( $, .RADIAN. ) );
#2865 = CARTESIAN_POINT ( 'NONE',  ( -2.556450193220099768E-16, -2.087499999999999911, -3.419999999999999929 ) ) ;
#2866 = CARTESIAN_POINT ( 'NONE',  ( -2.672499999999999876, 1.201867087649705734, 0.1698237983775840176 ) ) ;
#2867 = ORIENTED_EDGE ( 'NONE', *, *, #5550, .F. ) ;
#2868 = CARTESIAN_POINT ( 'NONE',  ( -1.153005335934153885, -2.069294121676781728, 0.3616551021424721513 ) ) ;
#2869 = LINE ( 'NONE', #6875, #6250 ) ;
#2870 = CARTESIAN_POINT ( 'NONE',  ( -1.917019911671370869, 0.9590904879209211087, 3.458880568335385153 ) ) ;
#2871 = CARTESIAN_POINT ( 'NONE',  ( 0.2048749726996559328, 3.225033692639818650, 2.969165229559819874 ) ) ;
#2872 = CARTESIAN_POINT ( 'NONE',  ( -2.024999999999999467, 8.266365894244633101E-17, 18.50000000000000000 ) ) ;
#2873 =( LENGTH_UNIT ( ) NAMED_UNIT ( * ) SI_UNIT ( .MILLI., .METRE. ) );
#2874 = CARTESIAN_POINT ( 'NONE',  ( -2.001390483226631378, -1.124254871873901163, 0.7659099622955359843 ) ) ;
#2875 = CARTESIAN_POINT ( 'NONE',  ( -2.379999999999999893, 1.169999999999999929, 0.000000000000000000 ) ) ;
#2876 =( GEOMETRIC_REPRESENTATION_CONTEXT ( 3 ) GLOBAL_UNCERTAINTY_ASSIGNED_CONTEXT ( ( #8556 ) ) GLOBAL_UNIT_ASSIGNED_CONTEXT ( ( #820, #2165, #169 ) ) REPRESENTATION_CONTEXT ( 'NONE', 'WORKASPACE' ) );
#2877 = CARTESIAN_POINT ( 'NONE',  ( -0.8536374032582589866, 1.706196613161910403, 3.458562253732629710 ) ) ;
#2878 = PRESENTATION_STYLE_ASSIGNMENT (( #8185 ) ) ;
#2879 = CARTESIAN_POINT ( 'NONE',  ( -2.334793036328439264, 1.177597738831410945, 3.562189872722952177 ) ) ;
#2880 = DIRECTION ( 'NONE',  ( 0.000000000000000000, 0.000000000000000000, 1.000000000000000000 ) ) ;
#2881 =( BOUNDED_SURFACE ( )  B_SPLINE_SURFACE ( 3, 3, ( 
 ( #6216, #7593, #638, #1483 ),
 ( #3414, #3368, #6922, #5553 ),
 ( #6075, #4128, #2681, #2025 ),
 ( #8275, #4081, #6119, #2730 ) ),
 .UNSPECIFIED., .F., .F., .F. ) 
 B_SPLINE_SURFACE_WITH_KNOTS ( ( 4, 4 ),
 ( 4, 4 ),
 ( 0.000000000000000000, 1.000000000000000000 ),
 ( 0.000000000000000000, 1.000000000000000000 ),
 .UNSPECIFIED. ) 
 GEOMETRIC_REPRESENTATION_ITEM ( )  RATIONAL_B_SPLINE_SURFACE ( (
 ( 1.000000000000000000, 0.3333333333333334259, 0.3333333333333334259, 1.000000000000000000),
 ( 0.8047378541243609407, 0.2682459513747870727, 0.2682459513747870727, 0.8047378541243609407),
 ( 0.8047378541243609407, 0.2682459513747870727, 0.2682459513747870727, 0.8047378541243609407),
 ( 1.000000000000000000, 0.3333333333333334259, 0.3333333333333334259, 1.000000000000000000) ) ) 
 REPRESENTATION_ITEM ( '' )  SURFACE ( )  );
#2882 = ORIENTED_EDGE ( 'NONE', *, *, #7461, .F. ) ;
#2883 = CARTESIAN_POINT ( 'NONE',  ( 2.570503227924557432, -4.578571595141413653, 23.60000000000000142 ) ) ;
#2884 = CARTESIAN_POINT ( 'NONE',  ( 1.169999999999999929, 2.477500000000000036, 0.000000000000000000 ) ) ;
#2885 = EDGE_CURVE ( 'NONE', #3133, #5825, #2611, .T. ) ;
#2886 = CARTESIAN_POINT ( 'NONE',  ( -2.652002029076244050, 1.170049875838462317, 0.3628840217113957767 ) ) ;
#2887 = CARTESIAN_POINT ( 'NONE',  ( 1.782090480032644475, -0.9078508376531921886, 3.391484666840950180 ) ) ;
#2888 = CARTESIAN_POINT ( 'NONE',  ( 2.344164554479453599, -1.172751014193881947, 3.462678844651106314 ) ) ;
#2889 = CIRCLE ( 'NONE', #5171, 0.02499999999999984873 ) ;
#2890 = VERTEX_POINT ( 'NONE', #7972 ) ;
#2891 = SURFACE_SIDE_STYLE ('',( #6278 ) ) ;
#2892 = EDGE_CURVE ( 'NONE', #1813, #3108, #5815, .T. ) ;
#2893 = CARTESIAN_POINT ( 'NONE',  ( -1.077870739834780212, -2.658467261771749968, 0.3537504162900820814 ) ) ;
#2894 = FILL_AREA_STYLE ('',( #187 ) ) ;
#2895 = CARTESIAN_POINT ( 'NONE',  ( -0.2381160382631060113, -1.990496523424029940, 3.022064739156709923 ) ) ;
#2896 = CARTESIAN_POINT ( 'NONE',  ( -2.291610752976725784, -1.264298918112457093, 3.831131331322696898 ) ) ;
#2897 = CARTESIAN_POINT ( 'NONE',  ( -3.225000000000000533, 3.949485927250214839E-16, 2.969165229559820318 ) ) ;
#2898 =( REPRESENTATION_RELATIONSHIP ('NONE','NONE', #1844, #367 ) REPRESENTATION_RELATIONSHIP_WITH_TRANSFORMATION ( #7486 )SHAPE_REPRESENTATION_RELATIONSHIP( ) );
#2899 = ORIENTED_EDGE ( 'NONE', *, *, #8489, .T. ) ;
#2900 = CARTESIAN_POINT ( 'NONE',  ( 1.434968537908001496, 1.395869085603806514, 4.062213304289150173 ) ) ;
#2901 = DIRECTION ( 'NONE',  ( 0.000000000000000000, -1.000000000000000000, 0.000000000000000000 ) ) ;
#2902 = CARTESIAN_POINT ( 'NONE',  ( -2.087499999999999911, -0.5849999999999999645, -2.754830917718800176 ) ) ;
#2903 = CARTESIAN_POINT ( 'NONE',  ( 0.9023180972037511127, 1.784887126529730139, 3.391484670832360493 ) ) ;
#2904 = CARTESIAN_POINT ( 'NONE',  ( 1.064543335044637606, -2.127843323546349641, 3.456022374636209982 ) ) ;
#2905 = CARTESIAN_POINT ( 'NONE',  ( 2.334793798109913165, 1.177596227698398001, 3.562183683634090325 ) ) ;
#2906 = CARTESIAN_POINT ( 'NONE',  ( 1.785222343980620074, -0.8932633516711325772, 3.310596917595117539 ) ) ;
#2907 =( NAMED_UNIT ( * ) PLANE_ANGLE_UNIT ( ) SI_UNIT ( $, .RADIAN. ) );
#2908 = CARTESIAN_POINT ( 'NONE',  ( 1.170049670080973048, 2.652139765912768343, 0.3619404661462123363 ) ) ;
#2909 = CARTESIAN_POINT ( 'NONE',  ( 1.013995276389554778, 2.437563335050720870, 0.7000000000000029532 ) ) ;
#2910 = MECHANICAL_DESIGN_GEOMETRIC_PRESENTATION_REPRESENTATION (  '', ( #1755 ), #4762 ) ;
#2911 = ADVANCED_FACE ( 'NONE', ( #7205 ), #434, .T. ) ;
#2912 = B_SPLINE_CURVE_WITH_KNOTS ( 'NONE', 3,
 ( #7685, #2293, #3019, #1567 ),
 .UNSPECIFIED., .F., .F.,
 ( 4, 4 ),
 ( 0.000000000000000000, 0.0001006753251719682033 ),
 .UNSPECIFIED. ) ;
#2913 = CARTESIAN_POINT ( 'NONE',  ( -4.409532436802690469, 8.819064873605380939, 23.39289321881345174 ) ) ;
#2914 = CARTESIAN_POINT ( 'NONE',  ( 1.169999999999999929, 2.087499999999995470, 0.000000000000000000 ) ) ;
#2915 = SURFACE_STYLE_FILL_AREA ( #162 ) ;
#2916 = ORIENTED_EDGE ( 'NONE', *, *, #4079, .F. ) ;
#2917 = AXIS2_PLACEMENT_3D ( 'NONE', #4184, #8238, #1405 ) ;
#2918 = CARTESIAN_POINT ( 'NONE',  ( 2.577283449310986185, -1.185742463174132455, 0.7666085965432262173 ) ) ;
#2919 = CARTESIAN_POINT ( 'NONE',  ( -5.660845304645321541, -1.142800032688217060, 19.80000000000000426 ) ) ;
#2920 = CARTESIAN_POINT ( 'NONE',  ( -0.9243838830728728917, -1.773727630629658103, 3.703049246907647252 ) ) ;
#2921 = CARTESIAN_POINT ( 'NONE',  ( -2.127843671656146185, 1.064542639132210589, 3.452849887242857019 ) ) ;
#2922 = CARTESIAN_POINT ( 'NONE',  ( 0.000000000000000000, 0.000000000000000000, 18.19999999997889972 ) ) ;
#2923 =( NAMED_UNIT ( * ) SI_UNIT ( $, .STERADIAN. ) SOLID_ANGLE_UNIT ( ) );
#2924 = FACE_OUTER_BOUND ( 'NONE', #3211, .T. ) ;
#2925 = PRESENTATION_STYLE_ASSIGNMENT (( #7633 ) ) ;
#2926 = FILL_AREA_STYLE ('',( #3589 ) ) ;
#2927 = CARTESIAN_POINT ( 'NONE',  ( 2.075290510432130198, 0.8686045353372420230, 0.3536250458873150260 ) ) ;
#2928 = UNCERTAINTY_MEASURE_WITH_UNIT (LENGTH_MEASURE( 1.000000000000000082E-05 ), #1371, 'distance_accuracy_value', 'NONE');
#2929 = CARTESIAN_POINT ( 'NONE',  ( -1.398680199180519779, 1.433562399259971532, 4.062213304289150173 ) ) ;
#2930 = CARTESIAN_POINT ( 'NONE',  ( -1.166314755102719980, -2.464553096447020142, 0.3417098269221560125 ) ) ;
#2931 = LINE ( 'NONE', #4178, #1236 ) ;
#2932 = CARTESIAN_POINT ( 'NONE',  ( 1.158839730414515490, -2.071529561991865886, 0.3468819115433755540 ) ) ;
#2933 = ADVANCED_FACE ( 'NONE', ( #8644 ), #5862, .T. ) ;
#2934 = UNCERTAINTY_MEASURE_WITH_UNIT (LENGTH_MEASURE( 1.000000000000000082E-05 ), #249, 'distance_accuracy_value', 'NONE');
#2935 = ORIENTED_EDGE ( 'NONE', *, *, #1459, .T. ) ;
#2936 = CARTESIAN_POINT ( 'NONE',  ( 2.338442919091047401, -4.706350616997792891, 23.60000000000000142 ) ) ;
#2937 = FILL_AREA_STYLE_COLOUR ( '', #2527 ) ;
#2938 = B_SPLINE_CURVE_WITH_KNOTS ( 'NONE', 3,
 ( #5267, #5308, #8030, #4561 ),
 .UNSPECIFIED., .F., .F.,
 ( 4, 4 ),
 ( 5.691440623735757979E-05, 1.000000000000000000 ),
 .UNSPECIFIED. ) ;
#2939 = CARTESIAN_POINT ( 'NONE',  ( 2.478058844082009493, -0.3930411523820278585, 23.60000000000000853 ) ) ;
#2940 = CARTESIAN_POINT ( 'NONE',  ( 1.823002569903600323, -0.8261626580633759653, 3.391484666840950180 ) ) ;
#2941 = CARTESIAN_POINT ( 'NONE',  ( -2.087499999999999911, 1.072500000000000009, 0.1698237983775840176 ) ) ;
#2942 = EDGE_LOOP ( 'NONE', ( #5482, #550, #2569, #343 ) ) ;
#2943 = STYLED_ITEM ( 'NONE', ( #5892 ), #446 ) ;
#2944 = EDGE_CURVE ( 'NONE', #6610, #308, #6575, .T. ) ;
#2945 = ORIENTED_EDGE ( 'NONE', *, *, #3584, .F. ) ;
#2946 =( NAMED_UNIT ( * ) SI_UNIT ( $, .STERADIAN. ) SOLID_ANGLE_UNIT ( ) );
#2947 = CARTESIAN_POINT ( 'NONE',  ( -0.3080437541709720173, -2.596349520819369872, 1.944948958572229936 ) ) ;
#2948 =( LENGTH_UNIT ( ) NAMED_UNIT ( * ) SI_UNIT ( .MILLI., .METRE. ) );
#2949 = CARTESIAN_POINT ( 'NONE',  ( 0.5501072345637589844, -2.029507080744660019, 0.7659099622496919890 ) ) ;
#2950 = SURFACE_SIDE_STYLE ('',( #4942 ) ) ;
#2951 = EDGE_CURVE ( 'NONE', #5735, #5321, #2695, .T. ) ;
#2952 = CARTESIAN_POINT ( 'NONE',  ( 1.169999999999999929, -2.087499999999999911, 0.000000000000000000 ) ) ;
#2953 = ORIENTED_EDGE ( 'NONE', *, *, #1052, .F. ) ;
#2954 = CARTESIAN_POINT ( 'NONE',  ( 1.706197740892970049, 0.8536351487294490115, 3.461736865323250090 ) ) ;
#2955 = CARTESIAN_POINT ( 'NONE',  ( 0.000000000000000000, 0.000000000000000000, 2.994165229559819785 ) ) ;
#2956 = CARTESIAN_POINT ( 'NONE',  ( 0.5289892748794610133, 2.000083122772149835, 1.127511258060150068 ) ) ;
#2957 = CARTESIAN_POINT ( 'NONE',  ( -2.087499999999999911, 1.204218589807246831, 0.1698237983775840176 ) ) ;
#2958 = AXIS2_PLACEMENT_3D ( 'NONE', #8436, #800, #6242 ) ;
#2959 = CARTESIAN_POINT ( 'NONE',  ( 0.1644980904886787498, 2.589989253998098651, 18.49999999999999645 ) ) ;
#2960 = FILL_AREA_STYLE_COLOUR ( '', #3688 ) ;
#2961 = CARTESIAN_POINT ( 'NONE',  ( 4.616639217989238375, -1.130750488225732109E-15, 23.59999999999999787 ) ) ;
#2962 = SURFACE_STYLE_FILL_AREA ( #5668 ) ;
#2963 =( GEOMETRIC_REPRESENTATION_CONTEXT ( 3 ) GLOBAL_UNCERTAINTY_ASSIGNED_CONTEXT ( ( #8281 ) ) GLOBAL_UNIT_ASSIGNED_CONTEXT ( ( #6822, #2864, #2108 ) ) REPRESENTATION_CONTEXT ( 'NONE', 'WORKASPACE' ) );
#2964 = CARTESIAN_POINT ( 'NONE',  ( 0.1764371566937798508, 5.775016203201923659, 19.80000000000000071 ) ) ;
#2965 = LINE ( 'NONE', #2865, #7159 ) ;
#2966 = CARTESIAN_POINT ( 'NONE',  ( -2.326886027635316712, 1.191606303421738566, 3.023199761058580126 ) ) ;
#2967 = CARTESIAN_POINT ( 'NONE',  ( -4.224383413058872883, -3.942726172178257382, 19.80000000000000426 ) ) ;
#2968 = CARTESIAN_POINT ( 'NONE',  ( -2.379999999999999893, 0.2174125788124139924, -3.419999999999999929 ) ) ;
#2969 = COLOUR_RGB ( '',0.8313725490196077761, 0.8313725490196077761, 0.8313725490196077761 ) ;
#2970 = CARTESIAN_POINT ( 'NONE',  ( 2.639955567827029892, -3.233013136030605138E-16, 0.7000000000000029532 ) ) ;
#2971 = LINE ( 'NONE', #5679, #8199 ) ;
#2972 = DIRECTION ( 'NONE',  ( 1.000000000000000000, 0.000000000000000000, 0.000000000000000000 ) ) ;
#2973 = CARTESIAN_POINT ( 'NONE',  ( 3.060482470282416489, -1.019428885692852838, 2.969165229559820318 ) ) ;
#2974 = CARTESIAN_POINT ( 'NONE',  ( 1.786698509349740061, 0.8966354851003559556, 3.022064739156450131 ) ) ;
#2975 = CARTESIAN_POINT ( 'NONE',  ( -1.170073704897945710, -2.662974497450959710, 0.3417424160424568647 ) ) ;
#2976 = CARTESIAN_POINT ( 'NONE',  ( -0.5849999999999999645, 2.672499999999999876, 0.000000000000000000 ) ) ;
#2977 = ORIENTED_EDGE ( 'NONE', *, *, #2843, .T. ) ;
#2978 = CARTESIAN_POINT ( 'NONE',  ( -4.443752139779673094, -2.797081394827316991, 23.60000000000000142 ) ) ;
#2979 = AXIS2_PLACEMENT_3D ( 'NONE', #3532, #3054, #4961 ) ;
#2980 = SURFACE_SIDE_STYLE ('',( #4354 ) ) ;
#2981 = CARTESIAN_POINT ( 'NONE',  ( -2.338633518522500676, 1.169984342421486856, 3.462676747946211719 ) ) ;
#2982 = ADVANCED_FACE ( 'NONE', ( #8510 ), #5273, .F. ) ;
#2983 = CARTESIAN_POINT ( 'NONE',  ( 1.860151941433900058, -0.9675974114790599767, 1.943675179695550037 ) ) ;
#2984 = CARTESIAN_POINT ( 'NONE',  ( -1.860151767359579988, 0.9675979961848379940, 1.943675179718990176 ) ) ;
#2985 = EDGE_LOOP ( 'NONE', ( #8716, #2818, #6872, #481 ) ) ;
#2986 = PRESENTATION_LAYER_ASSIGNMENT (  '', '', ( #3541 ) ) ;
#2987 = ORIENTED_EDGE ( 'NONE', *, *, #8770, .F. ) ;
#2988 = FILL_AREA_STYLE_COLOUR ( '', #7041 ) ;
#2989 = CARTESIAN_POINT ( 'NONE',  ( -1.192200767804889372, -2.413146006369220498, 1.944948958572229936 ) ) ;
#2990 = CARTESIAN_POINT ( 'NONE',  ( -1.169999999999999929, 2.081589360120038368, 0.1648747531013459999 ) ) ;
#2991 = CARTESIAN_POINT ( 'NONE',  ( -0.2335924706744899881, -1.990884147329390119, 3.391484666840950180 ) ) ;
#2992 = FILL_AREA_STYLE_COLOUR ( '', #4813 ) ;
#2993 = PRESENTATION_LAYER_ASSIGNMENT (  '', '', ( #7812 ) ) ;
#2994 = FILL_AREA_STYLE ('',( #6367 ) ) ;
#2995 = ORIENTED_EDGE ( 'NONE', *, *, #4256, .F. ) ;
#2996 = DIRECTION ( 'NONE',  ( 1.000000000000000000, 0.000000000000000000, 0.000000000000000000 ) ) ;
#2997 = PRESENTATION_LAYER_ASSIGNMENT (  '', '', ( #1413 ) ) ;
#2998 = CARTESIAN_POINT ( 'NONE',  ( 1.856614806770190640, 1.606774956722930359, 4.062213237132462851 ) ) ;
#2999 = FACE_OUTER_BOUND ( 'NONE', #175, .T. ) ;
#3000 = CARTESIAN_POINT ( 'NONE',  ( 0.8983018761457910450, 1.788485663175070073, 3.121953701425990602 ) ) ;
#3001 = SURFACE_STYLE_USAGE ( .BOTH. , #7617 ) ;
#3002 = VECTOR ( 'NONE', #8787, 1000.000000000000000 ) ;
#3003 = CARTESIAN_POINT ( 'NONE',  ( 2.373973848355503069, 1.035763320414285760, 18.50000000000000355 ) ) ;
#3004 =( NAMED_UNIT ( * ) PLANE_ANGLE_UNIT ( ) SI_UNIT ( $, .RADIAN. ) );
#3005 = FILL_AREA_STYLE_COLOUR ( '', #5401 ) ;
#3006 = CARTESIAN_POINT ( 'NONE',  ( 4.909532436802689581, 0.000000000000000000, 23.59999999999999787 ) ) ;
#3007 = PRESENTATION_LAYER_ASSIGNMENT (  '', '', ( #5699 ) ) ;
#3008 = PRESENTATION_LAYER_ASSIGNMENT (  '', '', ( #8698 ) ) ;
#3009 = CARTESIAN_POINT ( 'NONE',  ( -5.682842418840931664, 1.027837230271303026, 19.79999999999999716 ) ) ;
#3010 =( LENGTH_UNIT ( ) NAMED_UNIT ( * ) SI_UNIT ( .MILLI., .METRE. ) );
#3011 = FILL_AREA_STYLE_COLOUR ( '', #64 ) ;
#3012 = CARTESIAN_POINT ( 'NONE',  ( 1.972016653035945311, -0.9865993876383980510, 3.462135763606471794 ) ) ;
#3013 = EDGE_CURVE ( 'NONE', #5321, #2017, #5437, .T. ) ;
#3014 =( NAMED_UNIT ( * ) SI_UNIT ( $, .STERADIAN. ) SOLID_ANGLE_UNIT ( ) );
#3015 = CARTESIAN_POINT ( 'NONE',  ( 1.548429068449966195, 1.754014116603907381, 4.062213304289154614 ) ) ;
#3016 =( NAMED_UNIT ( * ) SI_UNIT ( $, .STERADIAN. ) SOLID_ANGLE_UNIT ( ) );
#3017 = STYLED_ITEM ( 'NONE', ( #7016 ), #4899 ) ;
#3018 = DIRECTION ( 'NONE',  ( 0.4473626071650346758, 0.8943526696502352991, 0.000000000000000000 ) ) ;
#3019 = CARTESIAN_POINT ( 'NONE',  ( 0.8975012429307244188, -1.787322355554734843, 3.529096113217491837 ) ) ;
#3020 = CARTESIAN_POINT ( 'NONE',  ( -3.224999999999999645, -0.4102769810281408080, 2.969165229559820318 ) ) ;
#3021 = CARTESIAN_POINT ( 'NONE',  ( 2.076010372691960093, 0.2894835897628880161, 0.3536250458873150260 ) ) ;
#3022 = UNCERTAINTY_MEASURE_WITH_UNIT (LENGTH_MEASURE( 1.000000000000000082E-05 ), #2948, 'distance_accuracy_value', 'NONE');
#3023 = VECTOR ( 'NONE', #3983, 1000.000000000000000 ) ;
#3024 = CARTESIAN_POINT ( 'NONE',  ( -1.169999999999999929, -2.674450000000000216, 0.1648747531013670109 ) ) ;
#3025 = CARTESIAN_POINT ( 'NONE',  ( 2.077812916701834212, -1.160924011408710932, 0.2900325085271313053 ) ) ;
#3026 = ORIENTED_EDGE ( 'NONE', *, *, #3905, .F. ) ;
#3027 = CARTESIAN_POINT ( 'NONE',  ( 0.8762335807639511920, -5.176397837476657493, 23.60000000000000142 ) ) ;
#3028 = DIRECTION ( 'NONE',  ( 0.000000000000000000, 0.000000000000000000, -1.000000000000000000 ) ) ;
#3029 = CARTESIAN_POINT ( 'NONE',  ( 2.338869636227256521, -0.8832234145496103972, 23.60000000000000142 ) ) ;
#3030 = CARTESIAN_POINT ( 'NONE',  ( -2.008786900358720207, 1.002665495020879982, 0.7659099622955349851 ) ) ;
#3031 = ORIENTED_EDGE ( 'NONE', *, *, #7654, .F. ) ;
#3032 = VECTOR ( 'NONE', #547, 1000.000000000000114 ) ;
#3033 = CARTESIAN_POINT ( 'NONE',  ( 2.127825394168580075, -1.064579177979189994, 3.619421180777630198 ) ) ;
#3034 = SURFACE_STYLE_USAGE ( .BOTH. , #307 ) ;
#3035 = ORIENTED_EDGE ( 'NONE', *, *, #680, .T. ) ;
#3036 =( LENGTH_UNIT ( ) NAMED_UNIT ( * ) SI_UNIT ( .MILLI., .METRE. ) );
#3037 = CARTESIAN_POINT ( 'NONE',  ( -1.199557416560729006, -2.410773423771485735, 1.944948958572229936 ) ) ;
#3038 = CARTESIAN_POINT ( 'NONE',  ( -0.9338358861958599988, 1.828961225438279659, 2.344886217244202431 ) ) ;
#3039 = CARTESIAN_POINT ( 'NONE',  ( -0.2524308752719390259, -1.996407488399059904, 1.943675179696910060 ) ) ;
#3040 =( NAMED_UNIT ( * ) PLANE_ANGLE_UNIT ( ) SI_UNIT ( $, .RADIAN. ) );
#3041 = AXIS2_PLACEMENT_3D ( 'NONE', #3116, #5162, #5208 ) ;
#3042 = CARTESIAN_POINT ( 'NONE',  ( 4.160863461463331525, 1.385983951566413630, 2.969165229559818986 ) ) ;
#3043 = CARTESIAN_POINT ( 'NONE',  ( 1.169999999999999929, -2.676400000000000112, 0.1648747531013509959 ) ) ;
#3044 = EDGE_LOOP ( 'NONE', ( #5026, #4641, #6162, #8048 ) ) ;
#3045 = CARTESIAN_POINT ( 'NONE',  ( 1.390246755813714818, 1.437780914447476022, 4.062213304289152838 ) ) ;
#3046 = CARTESIAN_POINT ( 'NONE',  ( 0.8998321198912709873, 1.786143721141079999, 3.391484670832360493 ) ) ;
#3047 = CARTESIAN_POINT ( 'NONE',  ( -2.074625453416600429, 1.192092768522246882, 0.3536250458933549723 ) ) ;
#3048 = PRESENTATION_STYLE_ASSIGNMENT (( #2193 ) ) ;
#3049 = CARTESIAN_POINT ( 'NONE',  ( 4.409532436802689581, -8.819064873605384491, 23.10000000000000142 ) ) ;
#3050 = PLANE ( 'NONE',  #3 ) ;
#3051 = EDGE_CURVE ( 'NONE', #3745, #4678, #6714, .T. ) ;
#3052 = CARTESIAN_POINT ( 'NONE',  ( 5.236063115911412602, 2.439532829300232741, 19.79999999999999361 ) ) ;
#3053 = DIRECTION ( 'NONE',  ( 0.000000000000000000, 0.000000000000000000, 1.000000000000000000 ) ) ;
#3054 = DIRECTION ( 'NONE',  ( 1.224646799147350002E-16, 1.000000000000000000, 0.000000000000000000 ) ) ;
#3055 = CARTESIAN_POINT ( 'NONE',  ( 0.000000000000000000, 0.000000000000000000, 11.28110665214460084 ) ) ;
#3056 = FILL_AREA_STYLE_COLOUR ( '', #5612 ) ;
#3057 = PRESENTATION_LAYER_ASSIGNMENT (  '', '', ( #1604 ) ) ;
#3058 = CARTESIAN_POINT ( 'NONE',  ( -2.066033116580301421, 1.715036371804447235, 4.062213304289159943 ) ) ;
#3059 = COLOUR_RGB ( '',0.8313725490196077761, 0.8313725490196077761, 0.8313725490196077761 ) ;
#3060 = CARTESIAN_POINT ( 'NONE',  ( 1.600820180405466697, 2.834857987873421248, 2.969165229559820318 ) ) ;
#3061 = CARTESIAN_POINT ( 'NONE',  ( 5.250000000000000888, 10.50000000000000178, 23.60000000000000142 ) ) ;
#3062 = CARTESIAN_POINT ( 'NONE',  ( 2.207106781186547906, 4.414213562373095812, 23.59999999999999432 ) ) ;
#3063 = FACE_BOUND ( 'NONE', #1185, .T. ) ;
#3064 = CARTESIAN_POINT ( 'NONE',  ( 1.289710414893071144, -2.956071692121754690, 2.969165229559821206 ) ) ;
#3065 = CARTESIAN_POINT ( 'NONE',  ( 2.087499999999999911, 0.2924999999999989830, 0.1698237983775840176 ) ) ;
#3066 = EDGE_CURVE ( 'NONE', #645, #1813, #2639, .T. ) ;
#3067 = AXIS2_PLACEMENT_3D ( 'NONE', #916, #8331, #4889 ) ;
#3068 = CARTESIAN_POINT ( 'NONE',  ( -0.9888535912031669595, -1.975832656520670083, 3.046784498545739961 ) ) ;
#3069 = CARTESIAN_POINT ( 'NONE',  ( 5.742862834201908129, 0.7036839395831099297, 19.80000000000000426 ) ) ;
#3070 = VERTEX_POINT ( 'NONE', #7413 ) ;
#3071 = CARTESIAN_POINT ( 'NONE',  ( -4.489393257113500013, -2.723191309689398487, 23.60000000000000497 ) ) ;
#3072 = PRESENTATION_LAYER_ASSIGNMENT (  '', '', ( #6472 ) ) ;
#3073 = CARTESIAN_POINT ( 'NONE',  ( -0.9602408923906385896, 2.308336204962085247, 23.60000000000000497 ) ) ;
#3074 = CARTESIAN_POINT ( 'NONE',  ( -2.087499999999999911, 1.177070969745610096, 0.000000000000000000 ) ) ;
#3075 = ORIENTED_EDGE ( 'NONE', *, *, #570, .T. ) ;
#3076 = PRESENTATION_STYLE_ASSIGNMENT (( #1094 ) ) ;
#3077 = PRODUCT ( 'body', 'body', '', ( #4907 ) ) ;
#3078 = VERTEX_POINT ( 'NONE', #3371 ) ;
#3079 = CARTESIAN_POINT ( 'NONE',  ( 1.460694369927149960, 1.929685463755230090, 4.062214983206589913 ) ) ;
#3080 = CARTESIAN_POINT ( 'NONE',  ( 7.066991763868559790E-13, -2.620916905476240011, 3.391840585329950031 ) ) ;
#3081 = CARTESIAN_POINT ( 'NONE',  ( -1.169999999999999929, 2.676542658664110341, 0.1648747531013459999 ) ) ;
#3082 = CARTESIAN_POINT ( 'NONE',  ( 0.9136173107265217475, -1.779174626645783741, 3.562213304289150173 ) ) ;
#3083 = PRESENTATION_LAYER_ASSIGNMENT (  '', '', ( #4214 ) ) ;
#3084 = PRODUCT_RELATED_PRODUCT_CATEGORY ( 'part', '', ( #4420 ) ) ;
#3085 = CARTESIAN_POINT ( 'NONE',  ( 2.825663160901200843, 3.358601477887924958, 2.969165229559819874 ) ) ;
#3086 =( NAMED_UNIT ( * ) PLANE_ANGLE_UNIT ( ) SI_UNIT ( $, .RADIAN. ) );
#3087 = ORIENTED_EDGE ( 'NONE', *, *, #2951, .F. ) ;
#3088 = CARTESIAN_POINT ( 'NONE',  ( 1.390246858450352008, -1.437780815204086737, 4.062213304289150173 ) ) ;
#3089 = CARTESIAN_POINT ( 'NONE',  ( 1.172751014193881947, 2.344164554479463369, 3.462678844650676435 ) ) ;
#3090 = CARTESIAN_POINT ( 'NONE',  ( -2.604600228767703030, 3.189715333218831201E-16, 18.50000000000000355 ) ) ;
#3091 = CARTESIAN_POINT ( 'NONE',  ( -1.180606917443950188, 2.087499999999999911, 0.1698237986199239991 ) ) ;
#3092 = CARTESIAN_POINT ( 'NONE',  ( -1.196347856501624785, -2.087499999999999911, 0.1698237983775840176 ) ) ;
#3093 = DIRECTION ( 'NONE',  ( 0.000000000000000000, -1.000000000000000000, 0.000000000000000000 ) ) ;
#3094 = CARTESIAN_POINT ( 'NONE',  ( -1.785024939864717552, 0.8930645711492150030, 3.462470115781272728 ) ) ;
#3095 = CARTESIAN_POINT ( 'NONE',  ( 1.788671819618407932, 0.8948891701605475868, 3.461860776390328187 ) ) ;
#3096 = EDGE_CURVE ( 'NONE', #5367, #8479, #8680, .T. ) ;
#3097 = CARTESIAN_POINT ( 'NONE',  ( 1.950681896468526189, 5.435785393496634477, 19.80000000000000071 ) ) ;
#3098 = FACE_OUTER_BOUND ( 'NONE', #5371, .T. ) ;
#3099 = CARTESIAN_POINT ( 'NONE',  ( -2.001825722178851574, -1.095686873185250709, 0.7451618475886656601 ) ) ;
#3100 = CARTESIAN_POINT ( 'NONE',  ( -1.019810449731201940, -1.924813320033472497, 1.435401423886036198 ) ) ;
#3101 = CARTESIAN_POINT ( 'NONE',  ( -2.037982737496320418, 1.125032817124127504, 0.5781138507582986863 ) ) ;
#3102 =( NAMED_UNIT ( * ) SI_UNIT ( $, .STERADIAN. ) SOLID_ANGLE_UNIT ( ) );
#3103 = CARTESIAN_POINT ( 'NONE',  ( 2.024999999999999911, 4.049999999999998934, 18.50000000000000000 ) ) ;
#3104 = FILL_AREA_STYLE_COLOUR ( '', #7268 ) ;
#3105 = CARTESIAN_POINT ( 'NONE',  ( -2.956071692121555738, -1.289710414893228796, 2.969165229559820762 ) ) ;
#3106 = CARTESIAN_POINT ( 'NONE',  ( 2.039086542901869858, -6.831222477857819956E-15, 0.7659099622468721336 ) ) ;
#3107 = CARTESIAN_POINT ( 'NONE',  ( -2.334132463269290358, -1.177288478191830023, 3.023199761058580126 ) ) ;
#3108 = VERTEX_POINT ( 'NONE', #7367 ) ;
#3109 = CARTESIAN_POINT ( 'NONE',  ( 5.154472198958607976, -0.9971664572079697031, 23.60000000000000853 ) ) ;
#3110 = DIRECTION ( 'NONE',  ( 1.000000000000000000, -1.224646799147350002E-16, -0.000000000000000000 ) ) ;
#3111 = COLOUR_RGB ( '',0.2862745098039215508, 0.2862745098039215508, 0.2862745098039215508 ) ;
#3112 = CARTESIAN_POINT ( 'NONE',  ( -2.372467031226680234, 0.7902395866340877761, 23.60000000000000853 ) ) ;
#3113 = CARTESIAN_POINT ( 'NONE',  ( -2.087499999999999911, 0.5849999999999999645, 0.1698237983775840176 ) ) ;
#3114 = ORIENTED_EDGE ( 'NONE', *, *, #8121, .F. ) ;
#3115 = VECTOR ( 'NONE', #1576, 1000.000000000000000 ) ;
#3116 = CARTESIAN_POINT ( 'NONE',  ( 2.379999999999999893, -0.5849999999999999645, -2.754830917718800176 ) ) ;
#3117 =( NAMED_UNIT ( * ) SI_UNIT ( $, .STERADIAN. ) SOLID_ANGLE_UNIT ( ) );
#3118 = UNCERTAINTY_MEASURE_WITH_UNIT (LENGTH_MEASURE( 1.000000000000000082E-05 ), #7632, 'distance_accuracy_value', 'NONE');
#3119 = CARTESIAN_POINT ( 'NONE',  ( -1.177939443482709958, 2.577867615202329876, 0.7666085965705949912 ) ) ;
#3120 = ORIENTED_EDGE ( 'NONE', *, *, #3932, .T. ) ;
#3121 = CARTESIAN_POINT ( 'NONE',  ( 1.788628335994468355, -0.8948454859281337326, 3.495418200814874865 ) ) ;
#3122 = CARTESIAN_POINT ( 'NONE',  ( 5.682842418840955645, -1.027837230271268831, 19.80000000000000071 ) ) ;
#3123 = CARTESIAN_POINT ( 'NONE',  ( -1.171877082932810676, 2.346685206325011208, 3.044363861841396623 ) ) ;
#3124 = CARTESIAN_POINT ( 'NONE',  ( 0.9015123983150060694, -1.784227671991829967, 3.022064739156700153 ) ) ;
#3125 = EDGE_CURVE ( 'NONE', #732, #701, #1260, .T. ) ;
#3126 = AXIS2_PLACEMENT_3D ( 'NONE', #4329, #6005, #3221 ) ;
#3127 = SURFACE_STYLE_USAGE ( .BOTH. , #7880 ) ;
#3128 = SURFACE_SIDE_STYLE ('',( #7839 ) ) ;
#3129 = ORIENTED_EDGE ( 'NONE', *, *, #7394, .F. ) ;
#3130 = DIRECTION ( 'NONE',  ( 0.000000000000000000, 0.000000000000000000, 1.000000000000000000 ) ) ;
#3131 = STYLED_ITEM ( 'NONE', ( #7644 ), #1243 ) ;
#3132 = CARTESIAN_POINT ( 'NONE',  ( 1.169999999999999929, 2.674450000000000216, 0.1648747531013440015 ) ) ;
#3133 = VERTEX_POINT ( 'NONE', #734 ) ;
#3134 = CARTESIAN_POINT ( 'NONE',  ( 1.779236872732418817, 0.9134962542562621302, 3.391484666840950180 ) ) ;
#3135 =( NAMED_UNIT ( * ) PLANE_ANGLE_UNIT ( ) SI_UNIT ( $, .RADIAN. ) );
#3136 = CARTESIAN_POINT ( 'NONE',  ( -0.2367611272293830005, 1.990575697337210181, 3.121953701425990602 ) ) ;
#3137 = CARTESIAN_POINT ( 'NONE',  ( 2.614955818336111015, -6.633732149969610934E-16, 3.562212296884379903 ) ) ;
#3138 = CARTESIAN_POINT ( 'NONE',  ( -1.785259010704011606, 0.8932816773878650141, 3.310596951691663570 ) ) ;
#3139 = AXIS2_PLACEMENT_3D ( 'NONE', #3790, #6506, #4370 ) ;
#3140 = CARTESIAN_POINT ( 'NONE',  ( -1.249691179614720093, 1.508087747605530105, 4.062213304289150173 ) ) ;
#3141 = CARTESIAN_POINT ( 'NONE',  ( -3.325078021379821891, 4.721982547267943531, 19.80000000000000071 ) ) ;
#3142 = CARTESIAN_POINT ( 'NONE',  ( -2.337289307059222221, -1.172646815455603342, 3.529366368779663699 ) ) ;
#3143 = CARTESIAN_POINT ( 'NONE',  ( -2.007582041631540193, -1.096422646718069993, 0.7451669618495450065 ) ) ;
#3144 = VECTOR ( 'NONE', #1377, 1000.000000000000000 ) ;
#3145 =( LENGTH_UNIT ( ) NAMED_UNIT ( * ) SI_UNIT ( .MILLI., .METRE. ) );
#3146 = SHAPE_REPRESENTATION_RELATIONSHIP ( 'NONE' , 'NONE' ,  #6853, #7822 ) ;
#3147 = CARTESIAN_POINT ( 'NONE',  ( -0.2174125788124142977, -2.672499999999999876, -3.419999999999999929 ) ) ;
#3148 = FILL_AREA_STYLE_COLOUR ( '', #6981 ) ;
#3149 = STYLED_ITEM ( 'NONE', ( #8788 ), #1519 ) ;
#3150 = CARTESIAN_POINT ( 'NONE',  ( -2.529340507630378987, -0.6473061843134040316, 18.50000000000000000 ) ) ;
#3151 = CARTESIAN_POINT ( 'NONE',  ( 4.399177097743352860, 0.000000000000000000, 2.969165229559819874 ) ) ;
#3152 = CARTESIAN_POINT ( 'NONE',  ( -5.374970994116417877, -4.068293999427817553, 19.80000000000000071 ) ) ;
#3153 = COLOUR_RGB ( '',0.8313725490196077761, 0.8313725490196077761, 0.8313725490196077761 ) ;
#3154 = CARTESIAN_POINT ( 'NONE',  ( -2.326957774776796661, -1.191464542281664318, 3.023199761058580126 ) ) ;
#3155 = ORIENTED_EDGE ( 'NONE', *, *, #2654, .T. ) ;
#3156 = CARTESIAN_POINT ( 'NONE',  ( 1.774356183305417334, 4.944013168599113328, 23.60000000000000142 ) ) ;
#3157 =( LENGTH_UNIT ( ) NAMED_UNIT ( * ) SI_UNIT ( .MILLI., .METRE. ) );
#3158 = MECHANICAL_DESIGN_GEOMETRIC_PRESENTATION_REPRESENTATION (  '', ( #5566 ), #6985 ) ;
#3159 = CARTESIAN_POINT ( 'NONE',  ( 0.8195876202932218524, 6.687543734370242632, 19.80000000000000071 ) ) ;
#3160 = PRESENTATION_STYLE_ASSIGNMENT (( #7869 ) ) ;
#3161 = CARTESIAN_POINT ( 'NONE',  ( -2.200367281571260047, -1.192851806847562646, 23.60000000000000497 ) ) ;
#3162 = CARTESIAN_POINT ( 'NONE',  ( -2.004825535342440013, -1.339274283709309988E-14, 3.022064739160810198 ) ) ;
#3163 = EDGE_LOOP ( 'NONE', ( #3779, #8768, #755, #5969 ) ) ;
#3164 = DIRECTION ( 'NONE',  ( 1.000000000000000000, 0.000000000000000000, 0.000000000000000000 ) ) ;
#3165 = EDGE_CURVE ( 'NONE', #7289, #2263, #3459, .T. ) ;
#3166 = ORIENTED_EDGE ( 'NONE', *, *, #7237, .T. ) ;
#3167 = CARTESIAN_POINT ( 'NONE',  ( 2.614955567827029981, 0.000000000000000000, 4.062213304289150173 ) ) ;
#3168 = CARTESIAN_POINT ( 'NONE',  ( -2.038441459247623211, -5.403475737039928006, 19.80000000000000071 ) ) ;
#3169 = CARTESIAN_POINT ( 'NONE',  ( -1.169999999999999929, 2.672499999999999876, 0.000000000000000000 ) ) ;
#3170 = CARTESIAN_POINT ( 'NONE',  ( 1.192326131218609753, -2.074624932754740136, 0.3536250458876650238 ) ) ;
#3171 = CARTESIAN_POINT ( 'NONE',  ( -1.788628334792280894, -0.8948454841758369804, 3.495419961165084022 ) ) ;
#3172 = CARTESIAN_POINT ( 'NONE',  ( 1.967840077769360096, -0.4988717198369780337, 1.943675179695550037 ) ) ;
#3173 = CARTESIAN_POINT ( 'NONE',  ( 6.724999999999997868, -13.45000000000000107, 19.79999999999999716 ) ) ;
#3174 = CARTESIAN_POINT ( 'NONE',  ( 1.170905972858511834, -2.344515618367698284, 2.939557602013383786 ) ) ;
#3175 = MECHANICAL_DESIGN_GEOMETRIC_PRESENTATION_REPRESENTATION (  '', ( #2016 ), #1366 ) ;
#3176 = ADVANCED_FACE ( 'NONE', ( #1073 ), #4498, .T. ) ;
#3177 = ORIENTED_EDGE ( 'NONE', *, *, #3653, .F. ) ;
#3178 = DIRECTION ( 'NONE',  ( 0.000000000000000000, 1.000000000000000000, 0.000000000000000000 ) ) ;
#3179 =( BOUNDED_SURFACE ( )  B_SPLINE_SURFACE ( 3, 3, ( 
 ( #7526, #96, #2143, #2897 ),
 ( #2230, #4853, #6899, #2851 ),
 ( #4944, #2187, #7658, #1503 ),
 ( #4239, #884, #4285, #6994 ) ),
 .UNSPECIFIED., .F., .F., .F. ) 
 B_SPLINE_SURFACE_WITH_KNOTS ( ( 4, 4 ),
 ( 4, 4 ),
 ( 0.000000000000000000, 1.000000000000000000 ),
 ( 0.000000000000000000, 1.000000000000000000 ),
 .UNSPECIFIED. ) 
 GEOMETRIC_REPRESENTATION_ITEM ( )  RATIONAL_B_SPLINE_SURFACE ( (
 ( 1.000000000000000000, 0.3333333333333334259, 0.3333333333333334259, 1.000000000000000000),
 ( 0.8047378541243609407, 0.2682459513747870727, 0.2682459513747870727, 0.8047378541243609407),
 ( 0.8047378541243609407, 0.2682459513747870727, 0.2682459513747870727, 0.8047378541243609407),
 ( 1.000000000000000000, 0.3333333333333334259, 0.3333333333333334259, 1.000000000000000000) ) ) 
 REPRESENTATION_ITEM ( '' )  SURFACE ( )  );
#3180 = ORIENTED_EDGE ( 'NONE', *, *, #441, .T. ) ;
#3181 = CARTESIAN_POINT ( 'NONE',  ( -1.188556337849052458, 2.087499999999999911, 0.1698237986199239991 ) ) ;
#3182 = COLOUR_RGB ( '',0.2862745098039215508, 0.2862745098039215508, 0.2862745098039215508 ) ;
#3183 = CARTESIAN_POINT ( 'NONE',  ( 1.712228061764878184, -2.067437856504117821, 4.062213304289150173 ) ) ;
#3184 = LINE ( 'NONE', #7985, #5242 ) ;
#3185 = DIRECTION ( 'NONE',  ( -0.4836800446059880687, 0.000000000000000000, 0.8752448882741042935 ) ) ;
#3186 = FILL_AREA_STYLE ('',( #452 ) ) ;
#3187 = CARTESIAN_POINT ( 'NONE',  ( -1.788493948672015277, -0.8962821588516144411, 3.045386670912259675 ) ) ;
#3188 = PRESENTATION_STYLE_ASSIGNMENT (( #7310 ) ) ;
#3189 =( NAMED_UNIT ( * ) PLANE_ANGLE_UNIT ( ) SI_UNIT ( $, .RADIAN. ) );
#3190 = CARTESIAN_POINT ( 'NONE',  ( -0.5849999999999999645, 2.379999999999999893, 0.000000000000000000 ) ) ;
#3191 = CARTESIAN_POINT ( 'NONE',  ( -1.433562399259972198, 1.398680199180519779, 4.062213304289150173 ) ) ;
#3192 =( NAMED_UNIT ( * ) PLANE_ANGLE_UNIT ( ) SI_UNIT ( $, .RADIAN. ) );
#3193 = FILL_AREA_STYLE_COLOUR ( '', #1135 ) ;
#3194 = CARTESIAN_POINT ( 'NONE',  ( -0.1644980904891489293, -2.589989253998032037, 18.49999999999999289 ) ) ;
#3195 = VECTOR ( 'NONE', #1068, 1000.000000000000000 ) ;
#3196 = CARTESIAN_POINT ( 'NONE',  ( -1.018941866976197153, 1.923330753933037762, 1.436878673708042342 ) ) ;
#3197 =( LENGTH_UNIT ( ) NAMED_UNIT ( * ) SI_UNIT ( .MILLI., .METRE. ) );
#3198 = CARTESIAN_POINT ( 'NONE',  ( 1.990884147329380127, -0.2335924706744780255, 3.391484666840950180 ) ) ;
#3199 = CARTESIAN_POINT ( 'NONE',  ( 1.184722754582562043, 2.331200097137918981, 3.391840585329950031 ) ) ;
#3200 = CARTESIAN_POINT ( 'NONE',  ( -2.417891171739459999, -1.177487469751510085, 1.944948958572229936 ) ) ;
#3201 = VERTEX_POINT ( 'NONE', #7346 ) ;
#3202 = CARTESIAN_POINT ( 'NONE',  ( 1.199404711274060897, 2.323792366284725741, 3.702435533000330903 ) ) ;
#3203 = CARTESIAN_POINT ( 'NONE',  ( 2.334133173067840072, 1.177287076081539929, 3.023199761055439971 ) ) ;
#3204 = CARTESIAN_POINT ( 'NONE',  ( -2.686582815038520256, 6.169254342209453235, 19.80000000000000071 ) ) ;
#3205 = SURFACE_SIDE_STYLE ('',( #3952 ) ) ;
#3206 = CARTESIAN_POINT ( 'NONE',  ( -0.6250002717115019646, 2.441422732939910745, 23.60000000000000142 ) ) ;
#3207 = CARTESIAN_POINT ( 'NONE',  ( -2.087499999999999911, -1.072500000000000009, 0.000000000000000000 ) ) ;
#3208 = ORIENTED_EDGE ( 'NONE', *, *, #2609, .F. ) ;
#3209 = STYLED_ITEM ( 'NONE', ( #1902 ), #7344 ) ;
#3210 = EDGE_CURVE ( 'NONE', #2852, #3829, #3783, .T. ) ;
#3211 = EDGE_LOOP ( 'NONE', ( #4444, #8003, #7219, #8300 ) ) ;
#3212 = SURFACE_STYLE_FILL_AREA ( #8055 ) ;
#3213 = CARTESIAN_POINT ( 'NONE',  ( -1.169999999999999929, 2.477500000000000036, 0.000000000000000000 ) ) ;
#3214 = CARTESIAN_POINT ( 'NONE',  ( 0.9192428601962542301, -1.776330539268170750, 3.562213304289150173 ) ) ;
#3215 = SURFACE_STYLE_USAGE ( .BOTH. , #7977 ) ;
#3216 = CARTESIAN_POINT ( 'NONE',  ( 2.087499999999999911, -0.2924999999999999822, 0.1698237983775840176 ) ) ;
#3217 = CARTESIAN_POINT ( 'NONE',  ( 2.524826824058625796, 3.585405391892280136, 2.969165229559820318 ) ) ;
#3218 = ORIENTED_EDGE ( 'NONE', *, *, #7662, .F. ) ;
#3219 = SURFACE_STYLE_FILL_AREA ( #1767 ) ;
#3220 = COLOUR_RGB ( '',0.2862745098039215508, 0.2862745098039215508, 0.2862745098039215508 ) ;
#3221 = DIRECTION ( 'NONE',  ( -1.000000000000000000, 0.000000000000000000, -0.000000000000000000 ) ) ;
#3222 = CARTESIAN_POINT ( 'NONE',  ( -0.6849431702521060483, 1.883778650295109935, 3.391484670832360493 ) ) ;
#3223 = B_SPLINE_SURFACE_WITH_KNOTS ( 'NONE', 3, 3, ( 
 ( #2594, #7282, #4533, #7863, #6531, #2523, #1745, #1041 ),
 ( #8672, #1211, #4443, #3948, #5898, #3154, #5320, #538 ),
 ( #6487, #8042, #1130, #7155, #4487, #379, #2561, #3772 ),
 ( #6609, #424, #1085, #3813, #3200, #3107, #5198, #465 ),
 ( #3244, #7322, #5852, #5806, #1173, #7195, #7240, #8635 ),
 ( #3906, #7962, #3862, #8002, #8543, #8592, #6651, #2433 ),
 ( #1880, #6567, #5237, #1839, #4575, #7911, #502, #5937 ),
 ( #4616, #5153, #2481, #5283, #8746, #2110, #5496, #4742 ),
 ( #6109, #5450, #2674, #6065, #4118, #628, #5357, #8219 ),
 ( #3491, #3361, #3448, #4824, #6823, #2015, #2629, #7449 ),
 ( #20, #8083, #2769, #6734, #7356, #7541, #8173, #7495 ),
 ( #7403, #6161, #1336, #1963, #8792, #4698, #1288, #69 ),
 ( #5404, #724, #8129, #4073, #3992, #6779, #1433, #675 ),
 ( #3405, #4167, #2721, #2064, #4788, #4656, #6871, #1385 ),
 ( #770, #6207, #109, #3321, #4031, #2817, #5545, #1918 ),
 ( #1250, #6692, #581, #6022, #855, #2966, #3582, #7096 ),
 ( #5630, #2866, #1516, #6345, #5586, #4867, #2285, #3667 ) ),
 .UNSPECIFIED., .F., .F., .F.,
 ( 4, 3, 1, 1, 1, 1, 1, 1, 1, 3, 4 ),
 ( 4, 1, 1, 1, 1, 4 ),
 ( -0.01351772353879392499, -0.003448748565121609842, 0.1250000000000000000, 0.2500000000000000000, 0.3750000000000000000, 0.5000000000000000000, 0.6250000000000000000, 0.7500000000000000000, 0.8750000000000000000, 1.003448748802109991, 1.013618413525519069 ),
 ( 0.000000000000000000, 0.1428571428571429880, 0.2857142857142859760, 0.5714285714285709528, 0.8571428571428569843, 1.000000000000000000 ),
 .UNSPECIFIED. ) ;
#3224 = DIRECTION ( 'NONE',  ( 1.000000000000000000, 0.000000000000000000, -0.000000000000000000 ) ) ;
#3225 = CARTESIAN_POINT ( 'NONE',  ( -0.8948454845876140373, -1.788628335074511355, 3.495419547707880437 ) ) ;
#3226 = ADVANCED_FACE ( 'NONE', ( #6558 ), #8732, .T. ) ;
#3227 = STYLED_ITEM ( 'NONE', ( #2119 ), #1346 ) ;
#3228 =( BOUNDED_SURFACE ( )  B_SPLINE_SURFACE ( 3, 3, ( 
 ( #5304, #4638, #7341, #3969 ),
 ( #1587, #3563, #922, #8246 ),
 ( #3649, #3607, #4319, #7074 ),
 ( #93, #7038, #2226, #879 ) ),
 .UNSPECIFIED., .F., .F., .F. ) 
 B_SPLINE_SURFACE_WITH_KNOTS ( ( 4, 4 ),
 ( 4, 4 ),
 ( 0.000000000000000000, 1.000000000000000000 ),
 ( 0.000000000000000000, 1.000000000000000000 ),
 .UNSPECIFIED. ) 
 GEOMETRIC_REPRESENTATION_ITEM ( )  RATIONAL_B_SPLINE_SURFACE ( (
 ( 1.000000000000000000, 0.3333333333333334259, 0.3333333333333334259, 1.000000000000000000),
 ( 0.8047378541243654926, 0.2682459513747885715, 0.2682459513747885715, 0.8047378541243654926),
 ( 0.8047378541243654926, 0.2682459513747885715, 0.2682459513747885715, 0.8047378541243654926),
 ( 1.000000000000000000, 0.3333333333333334259, 0.3333333333333334259, 1.000000000000000000) ) ) 
 REPRESENTATION_ITEM ( '' )  SURFACE ( )  );
#3229 = CARTESIAN_POINT ( 'NONE',  ( -1.172646450624262204, 2.337289489894359029, 3.529362206914345546 ) ) ;
#3230 =( LENGTH_UNIT ( ) NAMED_UNIT ( * ) SI_UNIT ( .MILLI., .METRE. ) );
#3231 = CARTESIAN_POINT ( 'NONE',  ( -2.081649999999999778, -1.169999999999999929, 0.1648747531013350087 ) ) ;
#3232 = CARTESIAN_POINT ( 'NONE',  ( -2.025000000000000355, -4.049999999999998934, 18.50000000000000000 ) ) ;
#3233 = CARTESIAN_POINT ( 'NONE',  ( -2.500000000000000000, 3.061616997868383141E-16, 23.59999999999999787 ) ) ;
#3234 = CARTESIAN_POINT ( 'NONE',  ( 2.024743406852740346, -1.112222447632130073, 0.6498584011027721541 ) ) ;
#3235 = DIRECTION ( 'NONE',  ( 1.000000000000000000, 0.000000000000000000, -0.000000000000000000 ) ) ;
#3236 = CARTESIAN_POINT ( 'NONE',  ( -2.589955567827030514, 1.057260265357748665E-16, 18.50000000000000355 ) ) ;
#3237 = CARTESIAN_POINT ( 'NONE',  ( 2.087499999999999911, 1.169999999999999707, 0.000000000000000000 ) ) ;
#3238 = B_SPLINE_CURVE_WITH_KNOTS ( 'NONE', 3,
 ( #6977, #4836, #1531, #5598 ),
 .UNSPECIFIED., .F., .F.,
 ( 4, 4 ),
 ( 0.000000000000000000, 0.5000002607462973314 ),
 .UNSPECIFIED. ) ;
#3239 =( NAMED_UNIT ( * ) SI_UNIT ( $, .STERADIAN. ) SOLID_ANGLE_UNIT ( ) );
#3240 = CARTESIAN_POINT ( 'NONE',  ( -2.580748070686182061, -6.210167860569488774, 19.80000000000000426 ) ) ;
#3241 = CARTESIAN_POINT ( 'NONE',  ( 2.087499999999999911, -2.868916642839540226E-16, 0.1698237983775840176 ) ) ;
#3242 = CARTESIAN_POINT ( 'NONE',  ( 1.178069201988459991, 2.672499999999999876, 0.1698237983775840176 ) ) ;
#3243 = CARTESIAN_POINT ( 'NONE',  ( -1.023583950143658772, -1.925715742432612121, 1.342982512916750748 ) ) ;
#3244 = CARTESIAN_POINT ( 'NONE',  ( -2.672499999999999876, -1.077880047761589966, 0.000000000000000000 ) ) ;
#3245 = ORIENTED_EDGE ( 'NONE', *, *, #661, .T. ) ;
#3246 = CARTESIAN_POINT ( 'NONE',  ( 5.250000000000000888, 0.000000000000000000, 23.60000000000000142 ) ) ;
#3247 = CARTESIAN_POINT ( 'NONE',  ( 2.672499999999999876, 0.8801895060455100506, 0.1698237983775840176 ) ) ;
#3248 = AXIS2_PLACEMENT_3D ( 'NONE', #338, #2302, #5774 ) ;
#3249 = CARTESIAN_POINT ( 'NONE',  ( -6.602636742195396202, 1.277311305941581931, 19.79999999999999716 ) ) ;
#3250 = CARTESIAN_POINT ( 'NONE',  ( -2.338869636227257409, 0.8832234145495274635, 23.60000000000000142 ) ) ;
#3251 = CARTESIAN_POINT ( 'NONE',  ( -2.029507080744859859, -0.5501072345635440453, 0.7659099622955369835 ) ) ;
#3252 = CARTESIAN_POINT ( 'NONE',  ( 1.773726481850216086, 0.9243861580752140705, 3.703065027434839784 ) ) ;
#3253 = SURFACE_SIDE_STYLE ('',( #2735 ) ) ;
#3254 = CARTESIAN_POINT ( 'NONE',  ( -4.409532436802679811, 5.400119784466830918E-16, 2.979520568619147269 ) ) ;
#3255 = ORIENTED_EDGE ( 'NONE', *, *, #8649, .T. ) ;
#3256 = COLOUR_RGB ( '',0.8313725490196077761, 0.8313725490196077761, 0.8313725490196077761 ) ;
#3257 = CARTESIAN_POINT ( 'NONE',  ( 0.9885943151182124966, -1.853873955158702014, 1.943675179696910060 ) ) ;
#3258 = PRESENTATION_STYLE_ASSIGNMENT (( #3215 ) ) ;
#3259 = COLOUR_RGB ( '',0.2862745098039215508, 0.2862745098039215508, 0.2862745098039215508 ) ;
#3260 = CARTESIAN_POINT ( 'NONE',  ( 2.036615122228429886, -0.2756969821399580245, 0.7659099622468721336 ) ) ;
#3261 = ORIENTED_EDGE ( 'NONE', *, *, #4287, .T. ) ;
#3262 = CARTESIAN_POINT ( 'NONE',  ( 2.081591500000000483, 1.169999999999999929, 0.1648747531013370071 ) ) ;
#3263 = AXIS2_PLACEMENT_3D ( 'NONE', #6511, #4422, #4514 ) ;
#3264 = CARTESIAN_POINT ( 'NONE',  ( -0.2659922700734079770, 2.014609541142760030, 1.127511258060150068 ) ) ;
#3265 = FACE_OUTER_BOUND ( 'NONE', #6046, .T. ) ;
#3266 = CIRCLE ( 'NONE', #8533, 4.409532436802679811 ) ;
#3267 = PRESENTATION_STYLE_ASSIGNMENT (( #524 ) ) ;
#3268 = CARTESIAN_POINT ( 'NONE',  ( -2.344396447955122031, -1.170915413972052566, 3.046336532744656100 ) ) ;
#3269 = PLANE ( 'NONE',  #477 ) ;
#3270 = CARTESIAN_POINT ( 'NONE',  ( 1.018950429461753293, 1.923340061055585082, 1.436791480960349920 ) ) ;
#3271 = CARTESIAN_POINT ( 'NONE',  ( -1.565990071246488258, 2.099037623788655438, 4.062213620875069431 ) ) ;
#3272 = CARTESIAN_POINT ( 'NONE',  ( 1.929530058753120114, -1.024563224432480046, 1.342988488457359963 ) ) ;
#3273 = CARTESIAN_POINT ( 'NONE',  ( -2.000000000000000000, 2.449293598294706414E-16, 18.52499999999999858 ) ) ;
#3274 = CARTESIAN_POINT ( 'NONE',  ( 2.549208474282955716, 0.6959424103325815292, 0.7000000000000028422 ) ) ;
#3275 = DIRECTION ( 'NONE',  ( 0.000000000000000000, 0.000000000000000000, 1.000000000000000000 ) ) ;
#3276 = MECHANICAL_DESIGN_GEOMETRIC_PRESENTATION_REPRESENTATION (  '', ( #552 ), #7689 ) ;
#3277 = CARTESIAN_POINT ( 'NONE',  ( -4.409532436802679811, 5.400119784466830918E-16, 13.03458261477990021 ) ) ;
#3278 = EDGE_CURVE ( 'NONE', #125, #8235, #883, .T. ) ;
#3279 = ORIENTED_EDGE ( 'NONE', *, *, #6368, .T. ) ;
#3280 = CARTESIAN_POINT ( 'NONE',  ( 4.941626806975701669, 1.773334280989761869, 23.59999999999999787 ) ) ;
#3281 =( GEOMETRIC_REPRESENTATION_CONTEXT ( 3 ) GLOBAL_UNCERTAINTY_ASSIGNED_CONTEXT ( ( #2492 ) ) GLOBAL_UNIT_ASSIGNED_CONTEXT ( ( #7012, #76, #3538 ) ) REPRESENTATION_CONTEXT ( 'NONE', 'WORKASPACE' ) );
#3282 = MECHANICAL_DESIGN_GEOMETRIC_PRESENTATION_REPRESENTATION (  '', ( #1558 ), #2283 ) ;
#3283 = CARTESIAN_POINT ( 'NONE',  ( -0.8688101422182897826, 6.670055064617764096, 19.80000000000000426 ) ) ;
#3284 = CARTESIAN_POINT ( 'NONE',  ( 2.700000000000000622, 5.400000000000000355, 23.59999999999999787 ) ) ;
#3285 = EDGE_CURVE ( 'NONE', #1231, #6092, #8442, .T. ) ;
#3286 = CARTESIAN_POINT ( 'NONE',  ( -2.004559472654470209, -5.774331269887620319E-15, 3.391484666840950180 ) ) ;
#3287 = ORIENTED_EDGE ( 'NONE', *, *, #8619, .T. ) ;
#3288 = CARTESIAN_POINT ( 'NONE',  ( -2.087499999999999911, -1.169999999999999929, 0.000000000000000000 ) ) ;
#3289 = FILL_AREA_STYLE_COLOUR ( '', #3111 ) ;
#3290 = UNCERTAINTY_MEASURE_WITH_UNIT (LENGTH_MEASURE( 1.000000000000000082E-05 ), #3591, 'distance_accuracy_value', 'NONE');
#3291 = ORIENTED_EDGE ( 'NONE', *, *, #3356, .F. ) ;
#3292 = CARTESIAN_POINT ( 'NONE',  ( 2.518181116626771576, 0.8139505264715939381, 3.562211289479609633 ) ) ;
#3293 =( GEOMETRIC_REPRESENTATION_CONTEXT ( 3 ) GLOBAL_UNCERTAINTY_ASSIGNED_CONTEXT ( ( #2128 ) ) GLOBAL_UNIT_ASSIGNED_CONTEXT ( ( #4876, #5503, #1344 ) ) REPRESENTATION_CONTEXT ( 'NONE', 'WORKASPACE' ) );
#3294 = DIRECTION ( 'NONE',  ( -1.000000000000000000, 6.123233995736769734E-17, 0.000000000000000000 ) ) ;
#3295 = CARTESIAN_POINT ( 'NONE',  ( -4.361335283428460663, 8.722670566856921326, 0.7000000000000030642 ) ) ;
#3296 = CARTESIAN_POINT ( 'NONE',  ( -0.9024892937514642499, -1.784801234345668286, 3.562187324206069317 ) ) ;
#3297 = CARTESIAN_POINT ( 'NONE',  ( -2.993455335895697011, -3.207236155961798563, 2.969165229559820318 ) ) ;
#3298 = CARTESIAN_POINT ( 'NONE',  ( 1.883778650278330025, -0.6849431702937319733, 3.391484666840950180 ) ) ;
#3299 = PRESENTATION_LAYER_ASSIGNMENT (  '', '', ( #7702 ) ) ;
#3300 = ORIENTED_EDGE ( 'NONE', *, *, #6355, .T. ) ;
#3301 = CARTESIAN_POINT ( 'NONE',  ( 2.081591500000000483, 1.169999999999999929, 0.000000000000000000 ) ) ;
#3302 = SURFACE_STYLE_USAGE ( .BOTH. , #7220 ) ;
#3303 = CARTESIAN_POINT ( 'NONE',  ( -0.9190859430798261620, 1.776411433035852472, 3.391484670832360493 ) ) ;
#3304 = CARTESIAN_POINT ( 'NONE',  ( -0.9823786495792355966, -1.855732412059035941, 1.943675179696910060 ) ) ;
#3305 =( NAMED_UNIT ( * ) SI_UNIT ( $, .STERADIAN. ) SOLID_ANGLE_UNIT ( ) );
#3306 = EDGE_LOOP ( 'NONE', ( #1667, #3026, #6003, #7677 ) ) ;
#3307 = SURFACE_STYLE_FILL_AREA ( #4642 ) ;
#3308 = CARTESIAN_POINT ( 'NONE',  ( -2.342629872982540107, -1.171850897389657309, 3.311115258911153436 ) ) ;
#3309 = FILL_AREA_STYLE ('',( #8735 ) ) ;
#3310 =( NAMED_UNIT ( * ) SI_UNIT ( $, .STERADIAN. ) SOLID_ANGLE_UNIT ( ) );
#3311 = CARTESIAN_POINT ( 'NONE',  ( 0.8969934385298419244, 1.790962988804976508, 3.170858454081288080 ) ) ;
#3312 = CARTESIAN_POINT ( 'NONE',  ( -1.715036371804447235, -2.066033116580301421, 4.062213304289150173 ) ) ;
#3313 = CARTESIAN_POINT ( 'NONE',  ( 2.409839150776920125, -1.150740815877379974, 0.6501300892057160219 ) ) ;
#3314 = CARTESIAN_POINT ( 'NONE',  ( 0.2174125788124142422, 2.087499999999999911, -3.419999999999999929 ) ) ;
#3315 = DIRECTION ( 'NONE',  ( 1.000000000000000000, -6.123233995736769734E-17, 0.000000000000000000 ) ) ;
#3316 = CARTESIAN_POINT ( 'NONE',  ( 2.462973266096287084, 0.9505906467161640006, 0.7000000000000029532 ) ) ;
#3317 = EDGE_CURVE ( 'NONE', #2638, #1975, #1943, .T. ) ;
#3318 = CARTESIAN_POINT ( 'NONE',  ( -6.630709568591075076, -1.122476735843062068, 19.80000000000000071 ) ) ;
#3319 = LINE ( 'NONE', #3277, #4949 ) ;
#3320 = SURFACE_SIDE_STYLE ('',( #6160 ) ) ;
#3321 = CARTESIAN_POINT ( 'NONE',  ( -2.577283424556902514, 1.185742791685274966, 0.7666085965705798921 ) ) ;
#3322 = ORIENTED_EDGE ( 'NONE', *, *, #5426, .T. ) ;
#3323 = CARTESIAN_POINT ( 'NONE',  ( -0.8168815177542957384, 5.186331514768426132, 23.60000000000000142 ) ) ;
#3324 = CARTESIAN_POINT ( 'NONE',  ( 2.334854292739609871, 1.177475287802260295, 3.562213304289150173 ) ) ;
#3325 = CARTESIAN_POINT ( 'NONE',  ( 2.216263555287731002, -5.333025741619668025, 19.80000000000000071 ) ) ;
#3326 = CARTESIAN_POINT ( 'NONE',  ( -0.2054904909665638268, 6.725016205405053071, 19.80000000000000426 ) ) ;
#3327 = LINE ( 'NONE', #5365, #3770 ) ;
#3328 = ADVANCED_FACE ( 'NONE', ( #8661 ), #1432, .T. ) ;
#3329 = CARTESIAN_POINT ( 'NONE',  ( -2.076010372692130179, -0.2894835897628980081, 0.3536250458933549723 ) ) ;
#3330 = ORIENTED_EDGE ( 'NONE', *, *, #3051, .T. ) ;
#3331 = ADVANCED_FACE ( 'NONE', ( #6778 ), #4823, .F. ) ;
#3332 = EDGE_CURVE ( 'NONE', #1975, #4946, #5689, .T. ) ;
#3333 = VECTOR ( 'NONE', #898, 1000.000000000000000 ) ;
#3334 = CARTESIAN_POINT ( 'NONE',  ( -5.774999999999998579, 11.54999999999999893, 19.79999999999999716 ) ) ;
#3335 = CARTESIAN_POINT ( 'NONE',  ( -0.3115470697292480051, 2.602666462703840278, 3.023199761058580126 ) ) ;
#3336 = ORIENTED_EDGE ( 'NONE', *, *, #2759, .T. ) ;
#3337 = FILL_AREA_STYLE ('',( #2787 ) ) ;
#3338 = CARTESIAN_POINT ( 'NONE',  ( 1.169999999999999929, 2.674450000000000216, 0.000000000000000000 ) ) ;
#3339 = LINE ( 'NONE', #6039, #1899 ) ;
#3340 = CARTESIAN_POINT ( 'NONE',  ( 1.549004355491213625, -4.101948075822323680, 2.969165229559819874 ) ) ;
#3341 =( GEOMETRIC_REPRESENTATION_CONTEXT ( 3 ) GLOBAL_UNCERTAINTY_ASSIGNED_CONTEXT ( ( #4348 ) ) GLOBAL_UNIT_ASSIGNED_CONTEXT ( ( #1688, #1643, #3014 ) ) REPRESENTATION_CONTEXT ( 'NONE', 'WORKASPACE' ) );
#3342 =( NAMED_UNIT ( * ) PLANE_ANGLE_UNIT ( ) SI_UNIT ( $, .RADIAN. ) );
#3343 = CARTESIAN_POINT ( 'NONE',  ( -1.788691429140879974, 0.8948985806118030517, 3.462471484495170060 ) ) ;
#3344 = MECHANICAL_DESIGN_GEOMETRIC_PRESENTATION_REPRESENTATION (  '', ( #3764 ), #3476 ) ;
#3345 = VERTEX_POINT ( 'NONE', #3490 ) ;
#3346 = CARTESIAN_POINT ( 'NONE',  ( 1.972015892948990157, 0.9865990537412010486, 3.462539920189920295 ) ) ;
#3347 = CIRCLE ( 'NONE', #6744, 2.614955567827029981 ) ;
#3348 = CARTESIAN_POINT ( 'NONE',  ( 0.2958611420465260267, -2.621989014207870117, 0.7666085965705830008 ) ) ;
#3349 = FACE_OUTER_BOUND ( 'NONE', #3863, .T. ) ;
#3350 = CARTESIAN_POINT ( 'NONE',  ( -0.9648860406300781012, -1.860959441459620001, 1.943675179696910060 ) ) ;
#3351 = CARTESIAN_POINT ( 'NONE',  ( 6.749751228180431717, -1.653212247326415779E-15, 10.24900223072822847 ) ) ;
#3352 = SURFACE_STYLE_USAGE ( .BOTH. , #6055 ) ;
#3353 = CARTESIAN_POINT ( 'NONE',  ( 1.069830564673273310, 1.942736941031244724, 1.127511258060150068 ) ) ;
#3354 = CARTESIAN_POINT ( 'NONE',  ( -1.460694369927149960, -1.929685463755210328, 4.062214983206589913 ) ) ;
#3355 = CARTESIAN_POINT ( 'NONE',  ( 2.388104425182510315, -1.169999999999999929, 2.338865070159270143 ) ) ;
#3356 = EDGE_CURVE ( 'NONE', #8184, #2406, #6206, .T. ) ;
#3357 = DIRECTION ( 'NONE',  ( 0.000000000000000000, 0.000000000000000000, 1.000000000000000000 ) ) ;
#3358 = CARTESIAN_POINT ( 'NONE',  ( 0.6958306644036785782, -2.549252688199156847, 0.7000000000000029532 ) ) ;
#3359 = CARTESIAN_POINT ( 'NONE',  ( 6.210167860569447917, -2.580748070686412987, 19.80000000000000071 ) ) ;
#3360 = CARTESIAN_POINT ( 'NONE',  ( 1.178069978107660010, 2.658176793187189801, 0.3537504162900840243 ) ) ;
#3361 = CARTESIAN_POINT ( 'NONE',  ( -2.672499999999999876, 0.2924999999999999822, 0.1698237983775840176 ) ) ;
#3362 = VERTEX_POINT ( 'NONE', #8265 ) ;
#3363 = CARTESIAN_POINT ( 'NONE',  ( -5.250000000000000888, 2.143131898507867311E-16, 23.59999999999999787 ) ) ;
#3364 = CARTESIAN_POINT ( 'NONE',  ( 2.379895886486950385, -1.086867071851169930, 3.023199761055439971 ) ) ;
#3365 = CARTESIAN_POINT ( 'NONE',  ( 5.036417676994608961, -2.827575027078459868, 19.80000000000000071 ) ) ;
#3366 = CARTESIAN_POINT ( 'NONE',  ( -3.629335136320476440, 2.461188272504209351, 2.969165229559820318 ) ) ;
#3367 = FILL_AREA_STYLE ('',( #7501 ) ) ;
#3368 = CARTESIAN_POINT ( 'NONE',  ( -2.625310906886357820, -5.250621813772713864, 0.7000000000000030642 ) ) ;
#3369 = ORIENTED_EDGE ( 'NONE', *, *, #2352, .F. ) ;
#3370 = UNCERTAINTY_MEASURE_WITH_UNIT (LENGTH_MEASURE( 1.000000000000000082E-05 ), #890, 'distance_accuracy_value', 'NONE');
#3371 = CARTESIAN_POINT ( 'NONE',  ( -5.749999999999998224, 7.041719095097278907E-16, 23.10000000000000142 ) ) ;
#3372 = CARTESIAN_POINT ( 'NONE',  ( -2.639955567827029448, 5.279911135654058896, 0.7000000000000030642 ) ) ;
#3373 = CARTESIAN_POINT ( 'NONE',  ( 1.437780815204060092, -1.390246858450379985, 4.062213304289150173 ) ) ;
#3374 = UNCERTAINTY_MEASURE_WITH_UNIT (LENGTH_MEASURE( 1.000000000000000082E-05 ), #4380, 'distance_accuracy_value', 'NONE');
#3375 = CARTESIAN_POINT ( 'NONE',  ( -0.3054169571527540206, 2.603036770860680083, 3.391840585329950031 ) ) ;
#3376 = ORIENTED_EDGE ( 'NONE', *, *, #7168, .F. ) ;
#3377 = CARTESIAN_POINT ( 'NONE',  ( 5.749999999999997335, -11.50000000000000178, 19.81035533905932766 ) ) ;
#3378 = CARTESIAN_POINT ( 'NONE',  ( 0.8948985806118030517, 1.788691429140879974, 3.462471484495170060 ) ) ;
#3379 = PLANE ( 'NONE',  #8099 ) ;
#3380 = CARTESIAN_POINT ( 'NONE',  ( -4.022228153322515709, -1.751530696466610859, 2.969165229559820762 ) ) ;
#3381 = CARTESIAN_POINT ( 'NONE',  ( 2.074625456019985048, -1.192091618699771871, 0.3536250458873071989 ) ) ;
#3382 = CARTESIAN_POINT ( 'NONE',  ( -1.950628280693448735, 1.046665585884831495, 1.071364022090423695 ) ) ;
#3383 = STYLED_ITEM ( 'NONE', ( #4395 ), #6992 ) ;
#3384 = VERTEX_POINT ( 'NONE', #7494 ) ;
#3385 = CARTESIAN_POINT ( 'NONE',  ( 2.497900956017002017, 1.170484789251891478, 1.343878903171550565 ) ) ;
#3386 = ADVANCED_FACE ( 'NONE', ( #6108 ), #1384, .T. ) ;
#3387 = CARTESIAN_POINT ( 'NONE',  ( 1.085281001273070034, -2.381338994064469805, 3.391840585329950031 ) ) ;
#3388 = CARTESIAN_POINT ( 'NONE',  ( -1.204455178659257220, 2.087499999999999911, 0.1698237986199239991 ) ) ;
#3389 = CARTESIAN_POINT ( 'NONE',  ( -0.9023176581422950315, -1.784887348489319958, 3.391484666840950180 ) ) ;
#3390 = VECTOR ( 'NONE', #6649, 1000.000000000000000 ) ;
#3391 = MECHANICAL_DESIGN_GEOMETRIC_PRESENTATION_REPRESENTATION (  '', ( #5797 ), #825 ) ;
#3392 = STYLED_ITEM ( 'NONE', ( #1532 ), #6485 ) ;
#3393 = CARTESIAN_POINT ( 'NONE',  ( 2.700000000000000178, -5.400000000000002132, 23.60000000000000142 ) ) ;
#3394 = CARTESIAN_POINT ( 'NONE',  ( 4.409532436802679811, 0.000000000000000000, 2.994165229559818897 ) ) ;
#3395 = CARTESIAN_POINT ( 'NONE',  ( 1.171737023143176959, 2.069585079063141375, 0.4031326314136419731 ) ) ;
#3396 = DIRECTION ( 'NONE',  ( 1.000000000000000000, 0.000000000000000000, 0.000000000000000000 ) ) ;
#3397 = PRESENTATION_STYLE_ASSIGNMENT (( #6769 ) ) ;
#3398 = SURFACE_STYLE_FILL_AREA ( #668 ) ;
#3399 = CARTESIAN_POINT ( 'NONE',  ( -2.549208474282955272, -0.6959424103323494926, 0.7000000000000029532 ) ) ;
#3400 = CARTESIAN_POINT ( 'NONE',  ( -2.604600228767703030, -5.209200457535404283, 18.50000000000000355 ) ) ;
#3401 = CARTESIAN_POINT ( 'NONE',  ( -2.272818534825221448, -6.333059091953549213, 19.80000000000000071 ) ) ;
#3402 = AXIS2_PLACEMENT_3D ( 'NONE', #7530, #147, #8256 ) ;
#3403 = CARTESIAN_POINT ( 'NONE',  ( -4.616639217989235711, 9.233278435978471421, 23.59999999999999432 ) ) ;
#3404 = CARTESIAN_POINT ( 'NONE',  ( 2.087499999999999911, -0.2174125788124139924, -3.419999999999999929 ) ) ;
#3405 = CARTESIAN_POINT ( 'NONE',  ( -2.672499999999999876, 1.178070072196929940, 0.000000000000000000 ) ) ;
#3406 = ORIENTED_EDGE ( 'NONE', *, *, #6731, .F. ) ;
#3407 = CARTESIAN_POINT ( 'NONE',  ( -2.299999999991086952, 2.816687638027997179E-16, 18.49999999996043698 ) ) ;
#3408 = CARTESIAN_POINT ( 'NONE',  ( 2.334132612731659950, -1.177288182949910000, 3.023199761055439971 ) ) ;
#3409 = CARTESIAN_POINT ( 'NONE',  ( 4.938325533403563838, -2.995524107435063588, 19.80000000000000071 ) ) ;
#3410 = STYLED_ITEM ( 'NONE', ( #290 ), #7822 ) ;
#3411 = CARTESIAN_POINT ( 'NONE',  ( -1.917019552232661850, -0.9590912064788212898, 3.455707020463919754 ) ) ;
#3412 = CARTESIAN_POINT ( 'NONE',  ( -4.048964813636395377, 1.682663416165691261, 2.969165229559819874 ) ) ;
#3413 = CARTESIAN_POINT ( 'NONE',  ( -6.749257393156130824, 13.49851478631226165, 10.24702156662953456 ) ) ;
#3414 = CARTESIAN_POINT ( 'NONE',  ( -2.625310906886357376, 3.215078598885012783E-16, 0.7000000000000029532 ) ) ;
#3415 = FILL_AREA_STYLE_COLOUR ( '', #3220 ) ;
#3416 = CARTESIAN_POINT ( 'NONE',  ( -2.087499999999999911, -1.169999999999999929, 0.07282680331784918693 ) ) ;
#3417 =( GEOMETRIC_REPRESENTATION_CONTEXT ( 3 ) GLOBAL_UNCERTAINTY_ASSIGNED_CONTEXT ( ( #7925 ) ) GLOBAL_UNIT_ASSIGNED_CONTEXT ( ( #4523, #1032, #3016 ) ) REPRESENTATION_CONTEXT ( 'NONE', 'WORKASPACE' ) );
#3418 = FACE_OUTER_BOUND ( 'NONE', #6193, .T. ) ;
#3419 = FACE_OUTER_BOUND ( 'NONE', #8693, .T. ) ;
#3420 = CARTESIAN_POINT ( 'NONE',  ( -4.384532436802682120, -8.769064873605360688, 2.969165229559819874 ) ) ;
#3421 = VERTEX_POINT ( 'NONE', #3666 ) ;
#3422 = CARTESIAN_POINT ( 'NONE',  ( -5.169542962046673296, -0.9158046558784177504, 23.59999999999999787 ) ) ;
#3423 = CARTESIAN_POINT ( 'NONE',  ( 1.169999999999999929, 2.081591500000000483, 0.000000000000000000 ) ) ;
#3424 = MECHANICAL_DESIGN_GEOMETRIC_PRESENTATION_REPRESENTATION (  '', ( #2419 ), #6264 ) ;
#3425 = CARTESIAN_POINT ( 'NONE',  ( 3.210355339059327129, -7.863102780209242995E-16, 2.969165229559819430 ) ) ;
#3426 = MECHANICAL_DESIGN_GEOMETRIC_PRESENTATION_REPRESENTATION (  '', ( #6113 ), #7386 ) ;
#3427 = CARTESIAN_POINT ( 'NONE',  ( 2.499789231423144020, -1.170969578503783470, 1.343881861360361141 ) ) ;
#3428 = EDGE_CURVE ( 'NONE', #5729, #8290, #5006, .T. ) ;
#3429 =( GEOMETRIC_REPRESENTATION_CONTEXT ( 3 ) GLOBAL_UNCERTAINTY_ASSIGNED_CONTEXT ( ( #174 ) ) GLOBAL_UNIT_ASSIGNED_CONTEXT ( ( #2714, #6154, #4862 ) ) REPRESENTATION_CONTEXT ( 'NONE', 'WORKASPACE' ) );
#3430 = EDGE_LOOP ( 'NONE', ( #4309, #1823, #8062, #3814 ) ) ;
#3431 = CARTESIAN_POINT ( 'NONE',  ( 2.344426542428737381, 1.172748857509392062, 3.311116929660075314 ) ) ;
#3432 = CARTESIAN_POINT ( 'NONE',  ( 1.178068880813269992, -2.672499999999999876, 0.000000000000000000 ) ) ;
#3433 = SURFACE_SIDE_STYLE ('',( #5432 ) ) ;
#3434 = CARTESIAN_POINT ( 'NONE',  ( -1.173535479938649928, -2.087499999999999911, 0.000000000000000000 ) ) ;
#3435 = PRESENTATION_LAYER_ASSIGNMENT (  '', '', ( #3017 ) ) ;
#3436 = EDGE_CURVE ( 'NONE', #5067, #6110, #888, .T. ) ;
#3437 = ORIENTED_EDGE ( 'NONE', *, *, #1724, .F. ) ;
#3438 = CARTESIAN_POINT ( 'NONE',  ( -1.185925436658747500, 2.658154020948976903, 0.3537504162900840243 ) ) ;
#3439 = SURFACE_STYLE_FILL_AREA ( #714 ) ;
#3440 = LINE ( 'NONE', #2762, #1248 ) ;
#3441 = PRESENTATION_STYLE_ASSIGNMENT (( #2006 ) ) ;
#3442 =( LENGTH_UNIT ( ) NAMED_UNIT ( * ) SI_UNIT ( .MILLI., .METRE. ) );
#3443 = LINE ( 'NONE', #61, #5141 ) ;
#3444 = CARTESIAN_POINT ( 'NONE',  ( -2.462973266096280867, -0.9505906467161587825, 0.7000000000000029532 ) ) ;
#3445 = CARTESIAN_POINT ( 'NONE',  ( 1.177596897799789932, 2.334793460323457026, 3.562185876928670503 ) ) ;
#3446 = CARTESIAN_POINT ( 'NONE',  ( -2.672499999999999876, -0.5849999999999999645, 0.000000000000000000 ) ) ;
#3447 = FILL_AREA_STYLE ('',( #200 ) ) ;
#3448 = CARTESIAN_POINT ( 'NONE',  ( -2.659913825587850056, 0.2924080878998430166, 0.3537504162900810267 ) ) ;
#3449 = ORIENTED_EDGE ( 'NONE', *, *, #6430, .F. ) ;
#3450 = CARTESIAN_POINT ( 'NONE',  ( -1.972006126890505140, 0.9865941236961307537, 3.462133159589675824 ) ) ;
#3451 = CARTESIAN_POINT ( 'NONE',  ( 2.462199303995689981, -0.8982157816440220488, 3.391840585329950031 ) ) ;
#3452 =( BOUNDED_CURVE ( )  B_SPLINE_CURVE ( 3, ( #8529, #1821, #283, #3006 ),
 .UNSPECIFIED., .F., .F. ) 
 B_SPLINE_CURVE_WITH_KNOTS ( ( 4, 4 ),
 ( 0.000000000000000000, 1.000000000000000000 ),
 .UNSPECIFIED. ) 
 CURVE ( )  GEOMETRIC_REPRESENTATION_ITEM ( )  RATIONAL_B_SPLINE_CURVE ( ( 1.000000000000000000, 0.3333333333333333703, 0.3333333333333333703, 1.000000000000000000 ) ) 
 REPRESENTATION_ITEM ( '' )  );
#3453 = CARTESIAN_POINT ( 'NONE',  ( -5.528720907679291585, -1.686932225348525050, 19.79999999999999716 ) ) ;
#3454 = MECHANICAL_DESIGN_GEOMETRIC_PRESENTATION_REPRESENTATION (  '', ( #7425 ), #4599 ) ;
#3455 = SURFACE_STYLE_FILL_AREA ( #6829 ) ;
#3456 = SURFACE_SIDE_STYLE ('',( #8800 ) ) ;
#3457 = CARTESIAN_POINT ( 'NONE',  ( -1.782061878203385463, -0.9079074123083754611, 3.391484666840950180 ) ) ;
#3458 = VERTEX_POINT ( 'NONE', #4430 ) ;
#3459 = LINE ( 'NONE', #6171, #8006 ) ;
#3460 = SURFACE_STYLE_FILL_AREA ( #1348 ) ;
#3461 = CARTESIAN_POINT ( 'NONE',  ( -1.437780815204086515, -1.390246858450351342, 4.062213304289150173 ) ) ;
#3462 = CARTESIAN_POINT ( 'NONE',  ( 0.8954630446851168379, -1.786727208705733316, 2.938387175225112280 ) ) ;
#3463 = UNCERTAINTY_MEASURE_WITH_UNIT (LENGTH_MEASURE( 1.000000000000000082E-05 ), #3899, 'distance_accuracy_value', 'NONE');
#3464 = CARTESIAN_POINT ( 'NONE',  ( 1.079378066333380071, 2.585246318772069785, 0.7666085965705949912 ) ) ;
#3465 = ORIENTED_EDGE ( 'NONE', *, *, #5442, .T. ) ;
#3466 = SURFACE_STYLE_USAGE ( .BOTH. , #6224 ) ;
#3467 = CARTESIAN_POINT ( 'NONE',  ( -1.784801227490511177, 0.9024893073445178215, 3.562187136347260807 ) ) ;
#3468 = DIRECTION ( 'NONE',  ( 0.000000000000000000, 0.000000000000000000, 1.000000000000000000 ) ) ;
#3469 = CARTESIAN_POINT ( 'NONE',  ( 3.199999999999998401, -6.399999999999999467, 2.994165229559819785 ) ) ;
#3470 = EDGE_CURVE ( 'NONE', #7426, #5367, #6427, .T. ) ;
#3471 = CARTESIAN_POINT ( 'NONE',  ( 2.344426542428737381, -1.172748857509392062, 3.311116929660555375 ) ) ;
#3472 = ORIENTED_EDGE ( 'NONE', *, *, #2641, .F. ) ;
#3473 = CARTESIAN_POINT ( 'NONE',  ( 2.664919805303950007, 1.170110557346917934, 0.3417427355435972425 ) ) ;
#3474 = CARTESIAN_POINT ( 'NONE',  ( 1.077869945312329936, -2.658467263709249906, 0.3537504162900820814 ) ) ;
#3475 = CARTESIAN_POINT ( 'NONE',  ( -0.5849999999999999645, -2.087499999999999911, 0.000000000000000000 ) ) ;
#3476 =( GEOMETRIC_REPRESENTATION_CONTEXT ( 3 ) GLOBAL_UNCERTAINTY_ASSIGNED_CONTEXT ( ( #6315 ) ) GLOBAL_UNIT_ASSIGNED_CONTEXT ( ( #4450, #1757, #3780 ) ) REPRESENTATION_CONTEXT ( 'NONE', 'WORKASPACE' ) );
#3477 = SURFACE_STYLE_FILL_AREA ( #753 ) ;
#3478 = CARTESIAN_POINT ( 'NONE',  ( 1.037558851410679939, -2.058287025119610369, 1.845462659114220028 ) ) ;
#3479 = VERTEX_POINT ( 'NONE', #2914 ) ;
#3480 = CARTESIAN_POINT ( 'NONE',  ( -1.169984342757793394, 2.338633519183450193, 3.462676754535161106 ) ) ;
#3481 = STYLED_ITEM ( 'NONE', ( #3647 ), #2316 ) ;
#3482 = CARTESIAN_POINT ( 'NONE',  ( -3.199999999999997957, -6.399999999999991473, 23.10000000000000142 ) ) ;
#3483 = CARTESIAN_POINT ( 'NONE',  ( 2.127842975436545547, 1.064544030957043530, 3.459194862029585593 ) ) ;
#3484 = FILL_AREA_STYLE ('',( #6150 ) ) ;
#3485 = CARTESIAN_POINT ( 'NONE',  ( 1.063048917832845497, 1.943643087471076392, 1.127511258060150068 ) ) ;
#3486 = CARTESIAN_POINT ( 'NONE',  ( 2.419805117389893123, -1.055757755608504045, 0.7000000000000030642 ) ) ;
#3487 =( NAMED_UNIT ( * ) SI_UNIT ( $, .STERADIAN. ) SOLID_ANGLE_UNIT ( ) );
#3488 = CARTESIAN_POINT ( 'NONE',  ( 4.068293999431053187, -5.374970994114304013, 19.80000000000000071 ) ) ;
#3489 = CARTESIAN_POINT ( 'NONE',  ( -5.727798537734051010, 0.7461608485511188604, 19.80000000000000426 ) ) ;
#3490 = CARTESIAN_POINT ( 'NONE',  ( -4.384532436802681232, 1.789834538162714856E-16, 2.969165229559820318 ) ) ;
#3491 = CARTESIAN_POINT ( 'NONE',  ( -2.672499999999999876, 0.2924999999999999822, 0.000000000000000000 ) ) ;
#3492 = EDGE_LOOP ( 'NONE', ( #6254, #7481, #3975, #5476, #5948, #2079 ) ) ;
#3493 = CARTESIAN_POINT ( 'NONE',  ( -1.199406083389874977, -2.323791666869968520, 3.702438730195955152 ) ) ;
#3494 = CARTESIAN_POINT ( 'NONE',  ( 2.549932382387949836, -0.6054517154067661222, 3.391840585329959801 ) ) ;
#3495 = CARTESIAN_POINT ( 'NONE',  ( -2.024999999999999911, 2.479909768273389807E-16, 18.52499999999999858 ) ) ;
#3496 = AXIS2_PLACEMENT_3D ( 'NONE', #2682, #6217, #2026 ) ;
#3497 = CARTESIAN_POINT ( 'NONE',  ( -2.338668108514680544, 1.169993426839144535, 3.453162449900079700 ) ) ;
#3498 = CARTESIAN_POINT ( 'NONE',  ( -2.127842627326749891, -1.064544726869459890, 3.462367349422939888 ) ) ;
#3499 = CARTESIAN_POINT ( 'NONE',  ( -0.2785994264789544705, 4.384566136418911242, 2.969165229559818986 ) ) ;
#3500 = ORIENTED_EDGE ( 'NONE', *, *, #2259, .T. ) ;
#3501 = CARTESIAN_POINT ( 'NONE',  ( -1.601156472615409943, 1.859425216654239987, 4.062213304289150173 ) ) ;
#3502 = DIRECTION ( 'NONE',  ( -1.224646799147353207E-16, -1.000000000000000000, 0.000000000000000000 ) ) ;
#3503 =( NAMED_UNIT ( * ) PLANE_ANGLE_UNIT ( ) SI_UNIT ( $, .RADIAN. ) );
#3504 =( BOUNDED_SURFACE ( )  B_SPLINE_SURFACE ( 3, 3, ( 
 ( #492, #3232, #7853, #7187 ),
 ( #528, #2554, #1241, #7951 ),
 ( #1076, #7994, #4607, #3803 ),
 ( #1204, #414, #8210, #4065 ) ),
 .UNSPECIFIED., .F., .F., .F. ) 
 B_SPLINE_SURFACE_WITH_KNOTS ( ( 4, 4 ),
 ( 4, 4 ),
 ( 0.000000000000000000, 1.000000000000000000 ),
 ( 0.000000000000000000, 1.000000000000000000 ),
 .UNSPECIFIED. ) 
 GEOMETRIC_REPRESENTATION_ITEM ( )  RATIONAL_B_SPLINE_SURFACE ( (
 ( 1.000000000000000000, 0.3333333333333334259, 0.3333333333333334259, 1.000000000000000000),
 ( 0.8047378541243649375, 0.2682459513747884050, 0.2682459513747884050, 0.8047378541243649375),
 ( 0.8047378541243649375, 0.2682459513747884050, 0.2682459513747884050, 0.8047378541243649375),
 ( 1.000000000000000000, 0.3333333333333334259, 0.3333333333333334259, 1.000000000000000000) ) ) 
 REPRESENTATION_ITEM ( '' )  SURFACE ( )  );
#3505 = ORIENTED_EDGE ( 'NONE', *, *, #375, .T. ) ;
#3506 = CARTESIAN_POINT ( 'NONE',  ( 5.749999999999998224, -11.50000000000000178, 19.82499999999999929 ) ) ;
#3507 = CARTESIAN_POINT ( 'NONE',  ( 1.154379917745807393, 2.068627941748460763, 0.3996868089520412282 ) ) ;
#3508 = CYLINDRICAL_SURFACE ( 'NONE', #2917, 2.000000000000000000 ) ;
#3509 = CARTESIAN_POINT ( 'NONE',  ( 1.925659280493335901, -0.6238733098238907759, 3.562205064554529788 ) ) ;
#3510 = CARTESIAN_POINT ( 'NONE',  ( 2.501677506829336206, -1.171454367755675241, 1.343884819548781806 ) ) ;
#3511 = ORIENTED_EDGE ( 'NONE', *, *, #4122, .F. ) ;
#3512 = CARTESIAN_POINT ( 'NONE',  ( 2.678350000000000453, 1.169999999999999929, 0.000000000000000000 ) ) ;
#3513 = CARTESIAN_POINT ( 'NONE',  ( 1.178069656903959928, -2.658176794108059848, 0.3537504162900820814 ) ) ;
#3514 = CARTESIAN_POINT ( 'NONE',  ( 0.7357236631721659759, -1.923171929168590255, 1.943675179696910060 ) ) ;
#3515 = CARTESIAN_POINT ( 'NONE',  ( -2.672499999999999876, -1.169999999999999929, 0.000000000000000000 ) ) ;
#3516 = COLOUR_RGB ( '',0.8313725490196077761, 0.8313725490196077761, 0.8313725490196077761 ) ;
#3517 = CARTESIAN_POINT ( 'NONE',  ( 0.9713382771160230522, -1.871718396141369922, 1.845078809297170164 ) ) ;
#3518 = ORIENTED_EDGE ( 'NONE', *, *, #1020, .F. ) ;
#3519 = CARTESIAN_POINT ( 'NONE',  ( -1.184747226432902645, 2.331187022717179591, 3.562213304289150173 ) ) ;
#3520 = CARTESIAN_POINT ( 'NONE',  ( 1.917020271110120300, 0.9590897693630370258, 3.462054116206850107 ) ) ;
#3521 = MECHANICAL_DESIGN_GEOMETRIC_PRESENTATION_REPRESENTATION (  '', ( #4672 ), #1942 ) ;
#3522 = CARTESIAN_POINT ( 'NONE',  ( 0.8139505929581682953, -2.518181148787579371, 3.562213303356070337 ) ) ;
#3523 = CARTESIAN_POINT ( 'NONE',  ( 1.532340358799459904E-15, 2.004559472652509999, 3.391484670832360493 ) ) ;
#3524 = SURFACE_SIDE_STYLE ('',( #760 ) ) ;
#3525 = CARTESIAN_POINT ( 'NONE',  ( -2.002292028998636120, 1.109533928181694939, 0.7659099622955359843 ) ) ;
#3526 = CARTESIAN_POINT ( 'NONE',  ( -2.589955567827030958, 0.1645832296112586801, 18.50000000000000000 ) ) ;
#3527 = CARTESIAN_POINT ( 'NONE',  ( -4.409532436802692246, -8.819064873605380939, 23.39289321881345174 ) ) ;
#3528 = PRESENTATION_LAYER_ASSIGNMENT (  '', '', ( #2812 ) ) ;
#3529 = CARTESIAN_POINT ( 'NONE',  ( 4.427234836749629032, -5.083298838493836236, 19.79999999999999716 ) ) ;
#3530 = ADVANCED_FACE ( 'NONE', ( #8446 ), #7726, .F. ) ;
#3531 = AXIS2_PLACEMENT_3D ( 'NONE', #1162, #3894, #2553 ) ;
#3532 = CARTESIAN_POINT ( 'NONE',  ( -2.556450193220099768E-16, -2.087499999999999911, -1.709999999999999964 ) ) ;
#3533 = ORIENTED_EDGE ( 'NONE', *, *, #74, .F. ) ;
#3534 = CARTESIAN_POINT ( 'NONE',  ( 2.323744098210496656, -1.199506029582124489, 3.562213304289150173 ) ) ;
#3535 = PRESENTATION_LAYER_ASSIGNMENT (  '', '', ( #2538 ) ) ;
#3536 = CARTESIAN_POINT ( 'NONE',  ( -5.294893077984872853, -2.305916664309646702, 19.80000000000000071 ) ) ;
#3537 = CARTESIAN_POINT ( 'NONE',  ( -1.287421359782130903, -1.537206836876104044, 4.062213304289151949 ) ) ;
#3538 =( NAMED_UNIT ( * ) SI_UNIT ( $, .STERADIAN. ) SOLID_ANGLE_UNIT ( ) );
#3539 = CARTESIAN_POINT ( 'NONE',  ( -1.855209601828180954, -1.609584198776694786, 4.062213203554104979 ) ) ;
#3540 = FACE_OUTER_BOUND ( 'NONE', #3789, .T. ) ;
#3541 = STYLED_ITEM ( 'NONE', ( #2235 ), #8516 ) ;
#3542 = DIRECTION ( 'NONE',  ( 0.000000000000000000, 1.000000000000000000, 0.000000000000000000 ) ) ;
#3543 = CARTESIAN_POINT ( 'NONE',  ( 2.000000000009549694, 0.000000000000000000, 18.19999999997889972 ) ) ;
#3544 = EDGE_CURVE ( 'NONE', #7329, #4683, #2965, .T. ) ;
#3545 = MECHANICAL_DESIGN_GEOMETRIC_PRESENTATION_REPRESENTATION (  '', ( #1725 ), #4400 ) ;
#3546 = CARTESIAN_POINT ( 'NONE',  ( -1.501321925854832484, 1.645791719976358980, 4.062213373350946455 ) ) ;
#3547 = CARTESIAN_POINT ( 'NONE',  ( -2.614955567827029981, 5.229911135654059962, 0.7250000000000034195 ) ) ;
#3548 = CARTESIAN_POINT ( 'NONE',  ( -2.291413738253881949, 1.264644288226766999, 3.831569071803579529 ) ) ;
#3549 = CARTESIAN_POINT ( 'NONE',  ( 0.5849999999999999645, 2.379999999999999893, 0.000000000000000000 ) ) ;
#3550 = UNCERTAINTY_MEASURE_WITH_UNIT (LENGTH_MEASURE( 1.000000000000000082E-05 ), #1144, 'distance_accuracy_value', 'NONE');
#3551 = ORIENTED_EDGE ( 'NONE', *, *, #3738, .F. ) ;
#3552 = CARTESIAN_POINT ( 'NONE',  ( -3.169045174127024023, -4.186686827137816813, 23.60000000000000142 ) ) ;
#3553 = CARTESIAN_POINT ( 'NONE',  ( 0.8956299993739861298, 1.786906525096695786, 3.043407438472491400 ) ) ;
#3554 = COLOUR_RGB ( '',0.7921568627450980005, 0.8196078431372548767, 0.9333333333333333481 ) ;
#3555 = ADVANCED_FACE ( 'NONE', ( #8310 ), #2199, .T. ) ;
#3556 = CARTESIAN_POINT ( 'NONE',  ( 2.087499999999999911, -1.177070207504000043, 0.000000000000000000 ) ) ;
#3557 = FILL_AREA_STYLE ('',( #4274 ) ) ;
#3558 =( GEOMETRIC_REPRESENTATION_CONTEXT ( 3 ) GLOBAL_UNCERTAINTY_ASSIGNED_CONTEXT ( ( #5952 ) ) GLOBAL_UNIT_ASSIGNED_CONTEXT ( ( #5011, #7731, #1438 ) ) REPRESENTATION_CONTEXT ( 'NONE', 'WORKASPACE' ) );
#3559 = UNCERTAINTY_MEASURE_WITH_UNIT (LENGTH_MEASURE( 1.000000000000000082E-05 ), #6717, 'distance_accuracy_value', 'NONE');
#3560 = ORIENTED_EDGE ( 'NONE', *, *, #8444, .T. ) ;
#3561 = CARTESIAN_POINT ( 'NONE',  ( 1.395869085603806514, 1.434968537908001496, 4.062213304289150173 ) ) ;
#3562 = CARTESIAN_POINT ( 'NONE',  ( -1.186003981318194400, -2.658153793255089159, 0.3537504162900820814 ) ) ;
#3563 = CARTESIAN_POINT ( 'NONE',  ( -5.542893218813453871, -11.08578643762689886, 23.60000000000000142 ) ) ;
#3564 = COLOUR_RGB ( '',0.8313725490196077761, 0.8313725490196077761, 0.8313725490196077761 ) ;
#3565 = CARTESIAN_POINT ( 'NONE',  ( 0.5849999999999999645, -2.087499999999999911, 0.000000000000000000 ) ) ;
#3566 = EDGE_CURVE ( 'NONE', #5358, #6893, #2938, .T. ) ;
#3567 = CARTESIAN_POINT ( 'NONE',  ( 1.169999999999999929, -2.282500000000000195, 0.1648747531013509959 ) ) ;
#3568 = ORIENTED_EDGE ( 'NONE', *, *, #5124, .T. ) ;
#3569 =( NAMED_UNIT ( * ) SI_UNIT ( $, .STERADIAN. ) SOLID_ANGLE_UNIT ( ) );
#3570 = STYLED_ITEM ( 'NONE', ( #8611 ), #5114 ) ;
#3571 = FACE_OUTER_BOUND ( 'NONE', #876, .T. ) ;
#3572 = CARTESIAN_POINT ( 'NONE',  ( 0.9032261987197329756, 1.786021040740680021, 3.121953701425990602 ) ) ;
#3573 = FILL_AREA_STYLE_COLOUR ( '', #7742 ) ;
#3574 =( NAMED_UNIT ( * ) PLANE_ANGLE_UNIT ( ) SI_UNIT ( $, .RADIAN. ) );
#3575 = STYLED_ITEM ( 'NONE', ( #4567 ), #464 ) ;
#3576 = CARTESIAN_POINT ( 'NONE',  ( -2.342741756573294420, 1.171906815857443940, 3.311115362953470420 ) ) ;
#3577 = CARTESIAN_POINT ( 'NONE',  ( 0.9912401794053660176, 2.446880864999622762, 0.7000000000000029532 ) ) ;
#3578 = EDGE_CURVE ( 'NONE', #3108, #2836, #7898, .T. ) ;
#3579 = CARTESIAN_POINT ( 'NONE',  ( 6.329977120918132805, 2.271596629286976032, 19.79999999999999716 ) ) ;
#3580 = CARTESIAN_POINT ( 'NONE',  ( 4.909532436802689581, 9.819064873605377386, 23.60000000000000142 ) ) ;
#3581 =( NAMED_UNIT ( * ) PLANE_ANGLE_UNIT ( ) SI_UNIT ( $, .RADIAN. ) );
#3582 = CARTESIAN_POINT ( 'NONE',  ( -2.327521270620552585, 1.192019050407526093, 3.391840585329950031 ) ) ;
#3583 = CARTESIAN_POINT ( 'NONE',  ( -5.611259211573215389, -1.371150570925640633, 19.80000000000000071 ) ) ;
#3584 = EDGE_CURVE ( 'NONE', #8569, #8427, #6442, .T. ) ;
#3585 = CARTESIAN_POINT ( 'NONE',  ( 3.225000000000000977, 0.4102769810271645334, 2.969165229559820762 ) ) ;
#3586 = DIRECTION ( 'NONE',  ( 1.000000000000000000, 0.000000000000000000, 0.000000000000000000 ) ) ;
#3587 = FILL_AREA_STYLE ('',( #8227 ) ) ;
#3588 = DIRECTION ( 'NONE',  ( -0.000000000000000000, -0.000000000000000000, -1.000000000000000000 ) ) ;
#3589 = FILL_AREA_STYLE_COLOUR ( '', #1071 ) ;
#3590 = CARTESIAN_POINT ( 'NONE',  ( 2.008786900359940120, 1.002665495022060149, 0.7659099622468730217 ) ) ;
#3591 =( LENGTH_UNIT ( ) NAMED_UNIT ( * ) SI_UNIT ( .MILLI., .METRE. ) );
#3592 = CARTESIAN_POINT ( 'NONE',  ( -1.169999999999999929, -2.602387022739019784, 0.6502659332571880668 ) ) ;
#3593 = CARTESIAN_POINT ( 'NONE',  ( -4.351888115532555533E-07, 2.672499999999999876, 0.000000000000000000 ) ) ;
#3594 = CARTESIAN_POINT ( 'NONE',  ( 0.9700006215152709999, -1.867949709836009387, 1.845071055530865811 ) ) ;
#3595 = ORIENTED_EDGE ( 'NONE', *, *, #1573, .F. ) ;
#3596 = CARTESIAN_POINT ( 'NONE',  ( 3.175930447051570571, -4.196123610370061208, 23.60000000000000497 ) ) ;
#3597 = FACE_OUTER_BOUND ( 'NONE', #4789, .T. ) ;
#3598 = AXIS2_PLACEMENT_3D ( 'NONE', #7402, #7448, #1335 ) ;
#3599 = CIRCLE ( 'NONE', #589, 2.614955567827029981 ) ;
#3600 = EDGE_CURVE ( 'NONE', #973, #5301, #1729, .T. ) ;
#3601 = CARTESIAN_POINT ( 'NONE',  ( 1.883923240502880070, -0.8873499345466260291, 1.943675179695550037 ) ) ;
#3602 = CARTESIAN_POINT ( 'NONE',  ( -2.087499999999999911, 1.177070969745610096, 0.1698237983775840176 ) ) ;
#3603 = FACE_OUTER_BOUND ( 'NONE', #2041, .T. ) ;
#3604 = AXIS2_PLACEMENT_3D ( 'NONE', #3848, #4473, #1732 ) ;
#3605 = EDGE_LOOP ( 'NONE', ( #1945, #6849 ) ) ;
#3606 = CARTESIAN_POINT ( 'NONE',  ( -0.6139992562373649543, -2.547881943071300004, 3.023199761058580126 ) ) ;
#3607 = CARTESIAN_POINT ( 'NONE',  ( -5.750000000000000000, -11.49999999999999467, 23.39289321881345529 ) ) ;
#3608 = CARTESIAN_POINT ( 'NONE',  ( 0.8268570946501001551, -1.821769494612659912, 3.022064739156709923 ) ) ;
#3609 =( LENGTH_UNIT ( ) NAMED_UNIT ( * ) SI_UNIT ( .MILLI., .METRE. ) );
#3610 = STYLED_ITEM ( 'NONE', ( #58 ), #7848 ) ;
#3611 = CARTESIAN_POINT ( 'NONE',  ( 1.096510568232642813, -2.006007269513366165, 0.7393605866603693011 ) ) ;
#3612 = ORIENTED_EDGE ( 'NONE', *, *, #7168, .T. ) ;
#3613 = CARTESIAN_POINT ( 'NONE',  ( 2.500000000000000000, 0.000000000000000000, 23.60000000000000142 ) ) ;
#3614 =( GEOMETRIC_REPRESENTATION_CONTEXT ( 3 ) GLOBAL_UNCERTAINTY_ASSIGNED_CONTEXT ( ( #4708 ) ) GLOBAL_UNIT_ASSIGNED_CONTEXT ( ( #13, #4063, #8209 ) ) REPRESENTATION_CONTEXT ( 'NONE', 'WORKASPACE' ) );
#3615 = CARTESIAN_POINT ( 'NONE',  ( 2.338665916548373414, 1.169997808946381612, 3.459505344353120293 ) ) ;
#3616 = CARTESIAN_POINT ( 'NONE',  ( 0.6849431702521120435, 1.883778650295120149, 3.391484670832360493 ) ) ;
#3617 = LINE ( 'NONE', #7762, #5877 ) ;
#3618 = PRESENTATION_STYLE_ASSIGNMENT (( #4248 ) ) ;
#3619 = CARTESIAN_POINT ( 'NONE',  ( -1.235766166577783265, 2.279546023943544331, 18.50000000000000000 ) ) ;
#3620 = CARTESIAN_POINT ( 'NONE',  ( -2.529749723651318227, 1.171274812674401256, 1.072180900690898442 ) ) ;
#3621 = CARTESIAN_POINT ( 'NONE',  ( 1.170007898899132481, 2.661679693721208828, 0.2901056713744549764 ) ) ;
#3622 = PRESENTATION_LAYER_ASSIGNMENT (  '', '', ( #2051 ) ) ;
#3623 = MECHANICAL_DESIGN_GEOMETRIC_PRESENTATION_REPRESENTATION (  '', ( #6472 ), #8179 ) ;
#3624 = CARTESIAN_POINT ( 'NONE',  ( -5.176971579856666672, 2.572314544550020177, 19.80000000000000071 ) ) ;
#3625 = SURFACE_STYLE_USAGE ( .BOTH. , #5587 ) ;
#3626 = EDGE_CURVE ( 'NONE', #8418, #3078, #594, .T. ) ;
#3627 = CARTESIAN_POINT ( 'NONE',  ( -5.352304462057322354, -2.169239938057861306, 19.79999999999999716 ) ) ;
#3628 = SURFACE_SIDE_STYLE ('',( #2205 ) ) ;
#3629 = CARTESIAN_POINT ( 'NONE',  ( -0.4097499453993087015, 3.224932614720363411, 2.969165229559819874 ) ) ;
#3630 = DIRECTION ( 'NONE',  ( 0.000000000000000000, 0.000000000000000000, 1.000000000000000000 ) ) ;
#3631 = CARTESIAN_POINT ( 'NONE',  ( -2.672499999999999876, 0.5850000000000000755, -2.754830917718799732 ) ) ;
#3632 =( NAMED_UNIT ( * ) SI_UNIT ( $, .STERADIAN. ) SOLID_ANGLE_UNIT ( ) );
#3633 = CARTESIAN_POINT ( 'NONE',  ( 1.784887362138930067, 0.9023176311417779871, 3.391484666840950180 ) ) ;
#3634 = UNCERTAINTY_MEASURE_WITH_UNIT (LENGTH_MEASURE( 1.000000000000000082E-05 ), #5830, 'distance_accuracy_value', 'NONE');
#3635 = CARTESIAN_POINT ( 'NONE',  ( -1.171454367755675241, -2.501677506829336206, 1.343884819548781806 ) ) ;
#3636 = CARTESIAN_POINT ( 'NONE',  ( 2.614955567827029981, 0.000000000000000000, 18.47500000000000142 ) ) ;
#3637 = ORIENTED_EDGE ( 'NONE', *, *, #971, .F. ) ;
#3638 = CARTESIAN_POINT ( 'NONE',  ( -0.9750186387708793534, -5.158703263191776855, 23.60000000000000142 ) ) ;
#3639 = COLOUR_RGB ( '',0.2862745098039215508, 0.2862745098039215508, 0.2862745098039215508 ) ;
#3640 = SURFACE_STYLE_FILL_AREA ( #3776 ) ;
#3641 = CARTESIAN_POINT ( 'NONE',  ( 2.000000213338064103, -5.097163906230427243E-16, 3.562209184421840202 ) ) ;
#3642 = CARTESIAN_POINT ( 'NONE',  ( 2.074685420793730195, -1.165215825204759970, 0.3536250458873150260 ) ) ;
#3643 = CARTESIAN_POINT ( 'NONE',  ( -2.076010372692150163, 0.2894835897629050026, 0.3536250458933549723 ) ) ;
#3644 = ORIENTED_EDGE ( 'NONE', *, *, #428, .F. ) ;
#3645 = CARTESIAN_POINT ( 'NONE',  ( -4.409532436802680699, 5.400119784466831904E-16, 2.994165229559819341 ) ) ;
#3646 = ORIENTED_EDGE ( 'NONE', *, *, #5605, .T. ) ;
#3647 = PRESENTATION_STYLE_ASSIGNMENT (( #4938 ) ) ;
#3648 = CARTESIAN_POINT ( 'NONE',  ( -1.177487470293210103, -2.417891171564690023, 1.944948958572229936 ) ) ;
#3649 = CARTESIAN_POINT ( 'NONE',  ( -5.749999999999998224, 7.041719095097278907E-16, 23.39289321881345174 ) ) ;
#3650 = CARTESIAN_POINT ( 'NONE',  ( -0.2756969821399410381, -2.036615122228409902, 0.7659099622496919890 ) ) ;
#3651 = CARTESIAN_POINT ( 'NONE',  ( -2.338633517039835130, -1.169984342895092677, 3.462678155060951557 ) ) ;
#3652 = B_SPLINE_CURVE_WITH_KNOTS ( 'NONE', 3,
 ( #6159, #67, #5543, #8356, #2243, #4822 ),
 .UNSPECIFIED., .F., .F.,
 ( 4, 2, 4 ),
 ( 1.407389248826269387E-10, 0.0004229926384200040552, 0.0008459851361010839064 ),
 .UNSPECIFIED. ) ;
#3653 = EDGE_CURVE ( 'NONE', #1769, #5451, #2889, .T. ) ;
#3654 = ORIENTED_EDGE ( 'NONE', *, *, #5666, .F. ) ;
#3655 =( LENGTH_UNIT ( ) NAMED_UNIT ( * ) SI_UNIT ( .MILLI., .METRE. ) );
#3656 = CARTESIAN_POINT ( 'NONE',  ( 1.436374676556030794, 1.393057972027093250, 4.062213304289150173 ) ) ;
#3657 = CARTESIAN_POINT ( 'NONE',  ( 2.087499999999999911, 1.204454639712021491, 0.000000000000000000 ) ) ;
#3658 = CARTESIAN_POINT ( 'NONE',  ( -2.604600228767702141, 5.209200457535404283, 18.50000000000000355 ) ) ;
#3659 = CARTESIAN_POINT ( 'NONE',  ( 0.5849999999999999645, 2.087499999999999911, 0.000000000000000000 ) ) ;
#3660 = CARTESIAN_POINT ( 'NONE',  ( 1.075113707106919891, -1.858984235620850134, 3.932358714086509721 ) ) ;
#3661 = CARTESIAN_POINT ( 'NONE',  ( -1.784801026550354219, -0.9024897044282023106, 3.562188508232089212 ) ) ;
#3662 = VECTOR ( 'NONE', #1692, 1000.000000000000000 ) ;
#3663 = CARTESIAN_POINT ( 'NONE',  ( -2.653608653365420178, 1.169999999999999929, 0.3998310685270680676 ) ) ;
#3664 = DIRECTION ( 'NONE',  ( 1.224646799147350002E-16, 1.000000000000000000, 0.000000000000000000 ) ) ;
#3665 = CARTESIAN_POINT ( 'NONE',  ( 3.493551372772785157, 4.615713357493163471, 19.80000000000000071 ) ) ;
#3666 = CARTESIAN_POINT ( 'NONE',  ( -5.750000000000000000, 7.041719095097280880E-16, 19.82499999999999929 ) ) ;
#3667 = CARTESIAN_POINT ( 'NONE',  ( -2.323743933502947279, 1.199506349067092081, 3.562213304289150173 ) ) ;
#3668 = CYLINDRICAL_SURFACE ( 'NONE', #1748, 2.000000000000000000 ) ;
#3669 = FACE_BOUND ( 'NONE', #6439, .T. ) ;
#3670 =( NAMED_UNIT ( * ) PLANE_ANGLE_UNIT ( ) SI_UNIT ( $, .RADIAN. ) );
#3671 = STYLED_ITEM ( 'NONE', ( #2878 ), #3866 ) ;
#3672 = COLOUR_RGB ( '',0.8313725490196077761, 0.8313725490196077761, 0.8313725490196077761 ) ;
#3673 = CARTESIAN_POINT ( 'NONE',  ( 2.379999999999999893, 1.169999999999999929, 0.000000000000000000 ) ) ;
#3674 = CARTESIAN_POINT ( 'NONE',  ( 1.078299574490131363, 2.155340798418310388, 3.462407710891716395 ) ) ;
#3675 =( NAMED_UNIT ( * ) SI_UNIT ( $, .STERADIAN. ) SOLID_ANGLE_UNIT ( ) );
#3676 = FACE_OUTER_BOUND ( 'NONE', #5335, .T. ) ;
#3677 = CARTESIAN_POINT ( 'NONE',  ( -2.379999999999999893, 0.5849999999999999645, -2.754830917718800176 ) ) ;
#3678 = CARTESIAN_POINT ( 'NONE',  ( 1.787395566314919915, 0.8973435144259169771, 3.391484666840950180 ) ) ;
#3679 = PRESENTATION_LAYER_ASSIGNMENT (  '', '', ( #7515 ) ) ;
#3680 = CARTESIAN_POINT ( 'NONE',  ( 1.788671819443420574, -0.8948891699986541992, 3.461860776395684791 ) ) ;
#3681 = ORIENTED_EDGE ( 'NONE', *, *, #1083, .T. ) ;
#3682 = CARTESIAN_POINT ( 'NONE',  ( 5.133473875591432645, -1.101430008723382148, 23.60000000000000142 ) ) ;
#3683 = FILL_AREA_STYLE ('',( #5022 ) ) ;
#3684 = CARTESIAN_POINT ( 'NONE',  ( 2.338633519226885671, 1.169984342779520681, 3.462676754534867563 ) ) ;
#3685 = B_SPLINE_CURVE_WITH_KNOTS ( 'NONE', 3,
 ( #7999, #422, #1877, #5849, #8743, #3318, #7193, #5279, #1128, #5934, #8039, #7909, #1081, #8671, #6647, #6606, #1836, #1916, #3809, #1247, #3152, #4572, #1787, #4613, #4528, #6566, #8632, #463, #2520, #5234, #7279, #499, #3240, #7319, #65, #3401, #8169, #6732, #1286, #2628, #5493, #5354, #2154, #4114, #1333, #807, #7581, #6205, #4696, #1470, #2061, #6912, #2670, #7399, #767, #4205, #8216, #4821, #4028, #8263, #4785, #7492, #5447, #3488, #3529, #4864, #6249, #4739, #1431, #8079, #6106, #1958, #17, #1381, #625, #3359, #6775, #6063, #2107, #2718, #8789, #6820, #720, #5400, #8125, #2013, #7539, #7445 ),
 .UNSPECIFIED., .F., .F.,
 ( 4, 1, 1, 1, 2, 2, 1, 1, 2, 2, 1, 1, 2, 2, 2, 1, 1, 2, 2, 1, 1, 1, 2, 2, 1, 1, 1, 2, 2, 2, 1, 1, 1, 2, 2, 1, 1, 2, 2, 1, 1, 2, 2, 2, 1, 1, 2, 2, 1, 1, 1, 2, 2, 1, 1, 1, 2, 2, 4 ),
 ( 0.000000000000000000, 0.03125000000000029143, 0.04687500000000042327, 0.05468750000000047878, 0.05859375000000049960, 0.06250000000000051348, 0.09375000000000059674, 0.1093750000000006245, 0.1171875000000006661, 0.1250000000000006939, 0.1562500000000008049, 0.1718750000000009437, 0.1796875000000010270, 0.1875000000000011380, 0.2500000000000022204, 0.2812500000000027200, 0.2968750000000029421, 0.3046875000000029421, 0.3125000000000029976, 0.3437500000000028866, 0.3593750000000027756, 0.3671875000000027200, 0.3710937500000026645, 0.3750000000000026645, 0.4062500000000024425, 0.4218750000000023870, 0.4296875000000023315, 0.4335937500000023315, 0.4375000000000022760, 0.5000000000000014433, 0.5312500000000011102, 0.5468750000000008882, 0.5546875000000008882, 0.5585937500000007772, 0.5625000000000006661, 0.5937500000000003331, 0.6093750000000001110, 0.6171875000000001110, 0.6250000000000000000, 0.6562500000000001110, 0.6718750000000001110, 0.6796875000000002220, 0.6875000000000003331, 0.7500000000000003331, 0.7812500000000004441, 0.7968750000000004441, 0.8046875000000004441, 0.8125000000000003331, 0.8437500000000003331, 0.8593750000000003331, 0.8671875000000003331, 0.8710937500000002220, 0.8750000000000001110, 0.9062500000000000000, 0.9218750000000000000, 0.9296875000000000000, 0.9335937499999998890, 0.9374999999999998890, 1.000000000000000000 ),
 .UNSPECIFIED. ) ;
#3686 = CARTESIAN_POINT ( 'NONE',  ( -2.087499999999999911, 1.180606454618420065, 0.1698237983775840176 ) ) ;
#3687 = ORIENTED_EDGE ( 'NONE', *, *, #7678, .F. ) ;
#3688 = COLOUR_RGB ( '',0.8313725490196077761, 0.8313725490196077761, 0.8313725490196077761 ) ;
#3689 =( GEOMETRIC_REPRESENTATION_CONTEXT ( 3 ) GLOBAL_UNCERTAINTY_ASSIGNED_CONTEXT ( ( #2296 ) ) GLOBAL_UNIT_ASSIGNED_CONTEXT ( ( #6429, #5675, #4382 ) ) REPRESENTATION_CONTEXT ( 'NONE', 'WORKASPACE' ) );
#3690 = ORIENTED_EDGE ( 'NONE', *, *, #2559, .F. ) ;
#3691 = CARTESIAN_POINT ( 'NONE',  ( -1.201867075652150785, -2.672499999999999876, 0.1698237983775840176 ) ) ;
#3692 = CARTESIAN_POINT ( 'NONE',  ( -1.169999999999999929, 2.087499999999999911, 0.000000000000000000 ) ) ;
#3693 = CARTESIAN_POINT ( 'NONE',  ( -4.035335949098939954E-15, -2.004559472654459995, 3.391484666840950180 ) ) ;
#3694 = EDGE_CURVE ( 'NONE', #3829, #4119, #1860, .T. ) ;
#3695 = CARTESIAN_POINT ( 'NONE',  ( 4.384532436802681232, -5.369503614488150484E-16, 2.969165229559820318 ) ) ;
#3696 = EDGE_LOOP ( 'NONE', ( #6230, #4393, #5025, #7599, #8646, #7502 ) ) ;
#3697 = CARTESIAN_POINT ( 'NONE',  ( 0.000000000000000000, 0.000000000000000000, 23.10000000000000142 ) ) ;
#3698 = STYLED_ITEM ( 'NONE', ( #2516 ), #1891 ) ;
#3699 = SURFACE_SIDE_STYLE ('',( #7131 ) ) ;
#3700 = CARTESIAN_POINT ( 'NONE',  ( 2.001390522365262381, 1.124254244605984443, 0.7659099622468721336 ) ) ;
#3701 =( NAMED_UNIT ( * ) SI_UNIT ( $, .STERADIAN. ) SOLID_ANGLE_UNIT ( ) );
#3702 = CARTESIAN_POINT ( 'NONE',  ( 1.177071376183759899, 2.087499999999999911, 0.1698237986199239991 ) ) ;
#3703 = B_SPLINE_SURFACE_WITH_KNOTS ( 'NONE', 3, 3, ( 
 ( #220, #5855, #5156, #5286, #541, #1921, #6696, #7243 ),
 ( #7965, #584, #4659, #5986, #1749, #7359, #5241, #5901 ),
 ( #4490, #1133, #1214, #8638, #8713, #4578, #2597, #7285 ),
 ( #1254, #505, #2436, #2526, #1176, #3203, #3995, #3324 ),
 ( #8595, #7866, #7916, #7199, #1088, #1842, #3816, #3910 ),
 ( #3865, #3247, #6570, #2485, #8005, #6612, #5201, #1793 ),
 ( #5940, #8676, #72, #1436, #2820, #4212, #2019, #7498 ),
 ( #6917, #2160, #774, #8086, #4870, #2724, #1475, #6068 ),
 ( #4170, #7586, #2773, #8222, #4747, #2677, #5407, #4791 ),
 ( #6782, #2067, #6164, #4827, #112, #8133, #7406, #5499 ),
 ( #6112, #1388, #5548, #2113, #728, #5453, #3494, #6026 ),
 ( #4034, #6211, #8269, #24, #4121, #6826, #3451, #678 ),
 ( #7544, #7453, #631, #815, #8749, #3364, #2632, #1339 ),
 ( #5360, #8177, #4076, #1968, #4701, #3408, #6874, #1292 ),
 ( #6738, #8795, #6428, #2918, #6299, #1641, #204, #5048 ),
 ( #1517, #8360, #5632, #4257, #4381, #5009, #1562, #8448 ),
 ( #7767, #8404, #7097, #2287, #7728, #983, #4341, #3534 ) ),
 .UNSPECIFIED., .F., .F., .F.,
 ( 4, 3, 1, 1, 1, 1, 1, 1, 1, 3, 4 ),
 ( 4, 1, 1, 1, 1, 4 ),
 ( -0.01351705160816638052, -0.003448084673731960110, 0.1250000000000000000, 0.2500000000000000000, 0.3750000000000000000, 0.5000000000000000000, 0.6250000000000000000, 0.7500000000000000000, 0.8750000000000000000, 1.003448608769710093, 1.013618265373488869 ),
 ( 0.000000000000000000, 0.1428571428571429880, 0.2857142857142859760, 0.5714285714285709528, 0.8571428571428569843, 1.000000000000000000 ),
 .UNSPECIFIED. ) ;
#3704 = CARTESIAN_POINT ( 'NONE',  ( 0.9590919250367123672, -1.917019192793932625, 3.452533472592454356 ) ) ;
#3705 = CARTESIAN_POINT ( 'NONE',  ( -1.776495520508383441, 0.9189195965952859924, 3.391484666840950180 ) ) ;
#3706 = VECTOR ( 'NONE', #1216, 1000.000000000000000 ) ;
#3707 = FILL_AREA_STYLE ('',( #2960 ) ) ;
#3708 = SURFACE_STYLE_FILL_AREA ( #6956 ) ;
#3709 = ADVANCED_FACE ( 'NONE', ( #3098 ), #5971, .T. ) ;
#3710 = CIRCLE ( 'NONE', #1422, 3.200000000000000178 ) ;
#3711 = CARTESIAN_POINT ( 'NONE',  ( 4.940359114783962724, 2.996948747274043257, 19.80000000000000071 ) ) ;
#3712 = SURFACE_STYLE_FILL_AREA ( #4915 ) ;
#3713 = FILL_AREA_STYLE ('',( #3011 ) ) ;
#3714 = SURFACE_SIDE_STYLE ('',( #5759 ) ) ;
#3715 = CARTESIAN_POINT ( 'NONE',  ( 1.169164714639718161, 2.086602273093962179, 0.1468545041967402598 ) ) ;
#3716 = FILL_AREA_STYLE ('',( #5761 ) ) ;
#3717 = CARTESIAN_POINT ( 'NONE',  ( -2.070247336351750178, 1.706611441685740083, 4.062213304289159943 ) ) ;
#3718 = COLOUR_RGB ( '',0.2862745098039215508, 0.2862745098039215508, 0.2862745098039215508 ) ;
#3719 = CARTESIAN_POINT ( 'NONE',  ( 1.091417640707123216, 3.034847417893206778, 2.969165229559820318 ) ) ;
#3720 = CARTESIAN_POINT ( 'NONE',  ( 2.000000000000001776, 4.000000000000002665, 23.10000000000000142 ) ) ;
#3721 = SURFACE_SIDE_STYLE ('',( #4923 ) ) ;
#3722 = CARTESIAN_POINT ( 'NONE',  ( -3.225000000000000089, 1.316495309083402892E-16, 2.969165229559820318 ) ) ;
#3723 = CARTESIAN_POINT ( 'NONE',  ( 1.991024127276469935, 0.2319425520477610414, 3.562213304289150173 ) ) ;
#3724 = UNCERTAINTY_MEASURE_WITH_UNIT (LENGTH_MEASURE( 1.000000000000000082E-05 ), #6711, 'distance_accuracy_value', 'NONE');
#3725 = COLOUR_RGB ( '',0.2862745098039215508, 0.2862745098039215508, 0.2862745098039215508 ) ;
#3726 = CARTESIAN_POINT ( 'NONE',  ( -1.078299526870599934, -2.155340356757100562, 3.462608355885369971 ) ) ;
#3727 = CARTESIAN_POINT ( 'NONE',  ( 5.294893077983823026, 2.305916664311526088, 19.80000000000000071 ) ) ;
#3728 = EDGE_LOOP ( 'NONE', ( #1890, #4584, #2612, #3595, #22, #797, #8267, #1314 ) ) ;
#3729 = CARTESIAN_POINT ( 'NONE',  ( 0.6782024518885881870, -5.207110844414024164, 23.60000000000000142 ) ) ;
#3730 = CARTESIAN_POINT ( 'NONE',  ( -2.672499999999999876, -1.169999999999999929, 0.000000000000000000 ) ) ;
#3731 = CARTESIAN_POINT ( 'NONE',  ( -1.448521019312557945, 2.050751496825787168, 23.59999999999999787 ) ) ;
#3732 = CARTESIAN_POINT ( 'NONE',  ( -2.087499999999999911, 1.173535484872809898, 0.1698237983775840176 ) ) ;
#3733 = EDGE_LOOP ( 'NONE', ( #34, #2490, #870, #6549, #3120, #8727, #1418, #7468 ) ) ;
#3734 = ORIENTED_EDGE ( 'NONE', *, *, #1459, .F. ) ;
#3735 = CARTESIAN_POINT ( 'NONE',  ( 1.390246858450379985, 1.437780815204060092, 4.062213304289150173 ) ) ;
#3736 = CARTESIAN_POINT ( 'NONE',  ( -0.6082549803529530008, -2.558997815593039959, 1.944948958572229936 ) ) ;
#3737 = CARTESIAN_POINT ( 'NONE',  ( -1.088321580056180071, 2.144224534148210015, 1.071637098901019991 ) ) ;
#3738 = EDGE_CURVE ( 'NONE', #4723, #8569, #2417, .T. ) ;
#3739 = CARTESIAN_POINT ( 'NONE',  ( -1.437780914447478464, 1.390246755813712154, 4.062213304289150173 ) ) ;
#3740 = AXIS2_PLACEMENT_3D ( 'NONE', #6519, #1825, #1906 ) ;
#3741 = LINE ( 'NONE', #7171, #568 ) ;
#3742 = CARTESIAN_POINT ( 'NONE',  ( 1.172717918575535645, -2.348184916855755144, 2.939565301429812205 ) ) ;
#3743 = ORIENTED_EDGE ( 'NONE', *, *, #1052, .T. ) ;
#3744 = CARTESIAN_POINT ( 'NONE',  ( -4.349385432184960543, -8.698770864369917533, 0.7000000000000030642 ) ) ;
#3745 = VERTEX_POINT ( 'NONE', #662 ) ;
#3746 =( NAMED_UNIT ( * ) SI_UNIT ( $, .STERADIAN. ) SOLID_ANGLE_UNIT ( ) );
#3747 = FILL_AREA_STYLE ('',( #5079 ) ) ;
#3749 = CARTESIAN_POINT ( 'NONE',  ( -0.9329348238759740397, 1.822392150762399909, 2.444599270131050162 ) ) ;
#3748 = PRESENTATION_LAYER_ASSIGNMENT (  '', '', ( #53 ) ) ;
#3750 = EDGE_CURVE ( 'NONE', #1791, #5735, #6543, .T. ) ;
#3751 = CARTESIAN_POINT ( 'NONE',  ( 0.8536351487294490115, -1.706197740892970049, 3.461736865323250090 ) ) ;
#3752 = CARTESIAN_POINT ( 'NONE',  ( -2.338633518522500676, 1.169984342421486856, 3.462676747946211719 ) ) ;
#3753 = CARTESIAN_POINT ( 'NONE',  ( -2.477500000000000036, 1.169999999999999929, 0.000000000000000000 ) ) ;
#3754 = DIRECTION ( 'NONE',  ( -1.000000000000000000, 0.000000000000000000, 0.000000000000000000 ) ) ;
#3755 = COLOUR_RGB ( '',0.2862745098039215508, 0.2862745098039215508, 0.2862745098039215508 ) ;
#3756 = CARTESIAN_POINT ( 'NONE',  ( -5.435785393497006623, 1.950681896467250764, 19.80000000000000071 ) ) ;
#3757 = DIRECTION ( 'NONE',  ( -0.000000000000000000, -0.000000000000000000, 1.000000000000000000 ) ) ;
#3758 = CARTESIAN_POINT ( 'NONE',  ( -1.821285328074133236, -0.9257953900611123332, 2.515852877962043710 ) ) ;
#3759 = PLANE ( 'NONE',  #4042 ) ;
#3760 =( NAMED_UNIT ( * ) PLANE_ANGLE_UNIT ( ) SI_UNIT ( $, .RADIAN. ) );
#3761 =( NAMED_UNIT ( * ) PLANE_ANGLE_UNIT ( ) SI_UNIT ( $, .RADIAN. ) );
#3762 = CARTESIAN_POINT ( 'NONE',  ( -1.264296869780380472, 2.291611892813951279, 3.831128505782982252 ) ) ;
#3763 = CARTESIAN_POINT ( 'NONE',  ( -1.214306433183760036E-16, 2.379999999999999893, 0.000000000000000000 ) ) ;
#3764 = STYLED_ITEM ( 'NONE', ( #5293 ), #2911 ) ;
#3765 = FACE_BOUND ( 'NONE', #6979, .T. ) ;
#3766 = CARTESIAN_POINT ( 'NONE',  ( 0.9865993876383973848, 1.972016653035947309, 3.462135763606473127 ) ) ;
#3767 = SURFACE_STYLE_FILL_AREA ( #8365 ) ;
#3768 = CARTESIAN_POINT ( 'NONE',  ( -2.922656144997209715, -1.365641244223725570, 2.969165229559820762 ) ) ;
#3769 = CARTESIAN_POINT ( 'NONE',  ( 2.074677609805919865, 1.168716663016519997, 0.3536250458873150260 ) ) ;
#3770 = VECTOR ( 'NONE', #4705, 1000.000000000000000 ) ;
#3771 =( NAMED_UNIT ( * ) PLANE_ANGLE_UNIT ( ) SI_UNIT ( $, .RADIAN. ) );
#3772 = CARTESIAN_POINT ( 'NONE',  ( -2.331187021704062445, -1.184747228447022849, 3.562213304289150173 ) ) ;
#3773 = EDGE_CURVE ( 'NONE', #4801, #2890, #4544, .T. ) ;
#3774 = ORIENTED_EDGE ( 'NONE', *, *, #6720, .F. ) ;
#3775 = CARTESIAN_POINT ( 'NONE',  ( 2.014791704840988906, 4.848201783944475096, 23.59999999999999787 ) ) ;
#3776 = FILL_AREA_STYLE ('',( #2937 ) ) ;
#3777 = CARTESIAN_POINT ( 'NONE',  ( -0.3175572163237265211, 2.499932630022028590, 23.60000000000000142 ) ) ;
#3778 = CARTESIAN_POINT ( 'NONE',  ( -1.784862661302609954, 0.9023664888989190169, 3.562213304289150173 ) ) ;
#3779 = ORIENTED_EDGE ( 'NONE', *, *, #2116, .F. ) ;
#3780 =( NAMED_UNIT ( * ) SI_UNIT ( $, .STERADIAN. ) SOLID_ANGLE_UNIT ( ) );
#3781 = ORIENTED_EDGE ( 'NONE', *, *, #2609, .T. ) ;
#3782 =( LENGTH_UNIT ( ) NAMED_UNIT ( * ) SI_UNIT ( .MILLI., .METRE. ) );
#3783 = B_SPLINE_CURVE_WITH_KNOTS ( 'NONE', 3,
 ( #1946, #8028, #1114, #8620 ),
 .UNSPECIFIED., .F., .F.,
 ( 4, 4 ),
 ( -2.351229142550685698E-16, 1.000000000000000000 ),
 .UNSPECIFIED. ) ;
#3784 = CARTESIAN_POINT ( 'NONE',  ( -2.080422815638681477, -5.387466162008330173, 19.80000000000000071 ) ) ;
#3785 = CARTESIAN_POINT ( 'NONE',  ( -1.047069744677216585, 1.952506608880376637, 1.071366671562534956 ) ) ;
#3786 = CARTESIAN_POINT ( 'NONE',  ( 0.9764038032999914352, -1.857518867438200605, 1.943675179696910060 ) ) ;
#3787 = MECHANICAL_DESIGN_GEOMETRIC_PRESENTATION_REPRESENTATION (  '', ( #2623 ), #232 ) ;
#3788 = DIRECTION ( 'NONE',  ( -1.000000000000000000, -0.000000000000000000, -0.000000000000000000 ) ) ;
#3789 = EDGE_LOOP ( 'NONE', ( #4495, #1719, #4916, #1290 ) ) ;
#3790 = CARTESIAN_POINT ( 'NONE',  ( 3.225000000000000089, 0.000000000000000000, 2.994165229559819785 ) ) ;
#3791 =( BOUNDED_SURFACE ( )  B_SPLINE_SURFACE ( 3, 3, ( 
 ( #5886, #1159, #7387, #3936 ),
 ( #6054, #1277, #3847, #4018 ),
 ( #614, #8621, #6722, #3351 ),
 ( #8778, #2662, #5388, #4517 ) ),
 .UNSPECIFIED., .F., .F., .F. ) 
 B_SPLINE_SURFACE_WITH_KNOTS ( ( 4, 4 ),
 ( 4, 4 ),
 ( 0.000000000000000000, 1.000000000000000000 ),
 ( 0.000000000000000000, 1.000000000000000000 ),
 .UNSPECIFIED. ) 
 GEOMETRIC_REPRESENTATION_ITEM ( )  RATIONAL_B_SPLINE_SURFACE ( (
 ( 1.000000000000000000, 0.3333333333333334259, 0.3333333333333334259, 1.000000000000000000),
 ( 0.9950307677557317376, 0.3316769225852440051, 0.3316769225852440051, 0.9950307677557317376),
 ( 0.9950307677557317376, 0.3316769225852440051, 0.3316769225852440051, 0.9950307677557317376),
 ( 1.000000000000000000, 0.3333333333333334259, 0.3333333333333334259, 1.000000000000000000) ) ) 
 REPRESENTATION_ITEM ( '' )  SURFACE ( )  );
#3792 = CARTESIAN_POINT ( 'NONE',  ( 1.171834009462587867, 2.342331309841382048, 3.462678160293727991 ) ) ;
#3793 = VERTEX_POINT ( 'NONE', #7528 ) ;
#3794 = CARTESIAN_POINT ( 'NONE',  ( -2.614955567827029981, 3.202396966051922239E-16, 18.48964466094067305 ) ) ;
#3795 = CARTESIAN_POINT ( 'NONE',  ( -0.9087593577754631280, 1.783245025873979150, 3.121953701425990602 ) ) ;
#3796 = SURFACE_STYLE_FILL_AREA ( #6633 ) ;
#3797 = PRESENTATION_STYLE_ASSIGNMENT (( #5834 ) ) ;
#3798 = CARTESIAN_POINT ( 'NONE',  ( -2.081649999999999778, 1.169999999999999929, 0.1648747531013440015 ) ) ;
#3799 = CARTESIAN_POINT ( 'NONE',  ( -4.938325533403713052, 2.995524107434529348, 19.79999999999999361 ) ) ;
#3800 =( NAMED_UNIT ( * ) SI_UNIT ( $, .STERADIAN. ) SOLID_ANGLE_UNIT ( ) );
#3801 = CARTESIAN_POINT ( 'NONE',  ( -2.087499999999999911, -1.169999999999999929, 0.1648747531013350087 ) ) ;
#3802 = DIRECTION ( 'NONE',  ( 1.000000000000000000, 0.000000000000000000, 0.000000000000000000 ) ) ;
#3803 = CARTESIAN_POINT ( 'NONE',  ( 2.000000000000000000, -4.898587196589412829E-16, 18.51035533905932695 ) ) ;
#3804 = CARTESIAN_POINT ( 'NONE',  ( 0.9024890171489825530, -1.784801374135099872, 3.562186221542610109 ) ) ;
#3805 = CARTESIAN_POINT ( 'NONE',  ( -6.750000000000000000, 8.266365894244634333E-16, 19.77499999999999858 ) ) ;
#3806 = CARTESIAN_POINT ( 'NONE',  ( 5.749999999999998224, 11.49999999999999467, 23.39289321881345529 ) ) ;
#3807 = CARTESIAN_POINT ( 'NONE',  ( 2.416325028387000362, -0.9325870893326192457, 18.49999999999999645 ) ) ;
#3808 = ADVANCED_FACE ( 'NONE', ( #2617 ), #5942, .T. ) ;
#3809 = CARTESIAN_POINT ( 'NONE',  ( -5.690375534005494451, -3.584475808338253078, 19.79999999999999716 ) ) ;
#3810 = CARTESIAN_POINT ( 'NONE',  ( 2.004825535342780185, 2.373318886343760064E-14, 3.022064739156450131 ) ) ;
#3811 = VECTOR ( 'NONE', #740, 1000.000000000000000 ) ;
#3812 = CARTESIAN_POINT ( 'NONE',  ( -1.111833412112863018, -2.020853939839105884, 0.6498556570529323562 ) ) ;
#3813 = CARTESIAN_POINT ( 'NONE',  ( -2.577867615255629907, -1.177939442770790102, 0.7666085965705810024 ) ) ;
#3814 = ORIENTED_EDGE ( 'NONE', *, *, #2397, .F. ) ;
#3815 = CARTESIAN_POINT ( 'NONE',  ( 2.947020279111637553, 4.345725536156340496, 23.60000000000000853 ) ) ;
#3816 = CARTESIAN_POINT ( 'NONE',  ( 2.381339092966499926, 1.085280772488830259, 3.391840585329950031 ) ) ;
#3817 = STYLED_ITEM ( 'NONE', ( #7117 ), #5962 ) ;
#3818 = CARTESIAN_POINT ( 'NONE',  ( -3.342292859554015561, 5.837622670095556465, 19.80000000000000782 ) ) ;
#3819 = PRESENTATION_STYLE_ASSIGNMENT (( #507 ) ) ;
#3820 = CARTESIAN_POINT ( 'NONE',  ( 2.265608056321304353, 1.058662517935784475, 23.60000000000000142 ) ) ;
#3821 = CARTESIAN_POINT ( 'NONE',  ( -1.859341093985930282, -0.9703093150765690345, 1.943675179718990176 ) ) ;
#3822 = ORIENTED_EDGE ( 'NONE', *, *, #284, .T. ) ;
#3823 = EDGE_CURVE ( 'NONE', #1629, #6542, #2708, .T. ) ;
#3824 =( GEOMETRIC_REPRESENTATION_CONTEXT ( 3 ) GLOBAL_UNCERTAINTY_ASSIGNED_CONTEXT ( ( #6928 ) ) GLOBAL_UNIT_ASSIGNED_CONTEXT ( ( #2364, #7942, #5082 ) ) REPRESENTATION_CONTEXT ( 'NONE', 'WORKASPACE' ) );
#3825 = VECTOR ( 'NONE', #1487, 1000.000000000000000 ) ;
#3826 = CARTESIAN_POINT ( 'NONE',  ( 2.700000000000000178, 0.000000000000000000, 23.10000000000000142 ) ) ;
#3827 = UNCERTAINTY_MEASURE_WITH_UNIT (LENGTH_MEASURE( 1.000000000000000082E-05 ), #5502, 'distance_accuracy_value', 'NONE');
#3828 = CARTESIAN_POINT ( 'NONE',  ( -0.8801154364932319840, 2.658966280853440001, 0.3537504162900840243 ) ) ;
#3829 = VERTEX_POINT ( 'NONE', #2003 ) ;
#3830 = CARTESIAN_POINT ( 'NONE',  ( 2.614955818336111015, -6.633732149969610934E-16, 3.562212296884379903 ) ) ;
#3831 = CARTESIAN_POINT ( 'NONE',  ( 3.200933220430921544, -4.806971567913445931, 19.80000000000000426 ) ) ;
#3832 = CARTESIAN_POINT ( 'NONE',  ( -0.8932626813320917458, 1.785221002743241137, 3.310596916347541274 ) ) ;
#3833 = DIRECTION ( 'NONE',  ( -1.000000000000000000, 0.000000000000000000, 0.000000000000000000 ) ) ;
#3834 = CARTESIAN_POINT ( 'NONE',  ( -0.9947911872545771583, 2.391396136388884486, 18.50000000000000355 ) ) ;
#3835 = CARTESIAN_POINT ( 'NONE',  ( 1.881671994200859954, -0.6888338008218349851, 3.022064739156450131 ) ) ;
#3836 = CARTESIAN_POINT ( 'NONE',  ( 4.233816424746061458, 1.155923407304535466, 2.969165229559820318 ) ) ;
#3837 = ORIENTED_EDGE ( 'NONE', *, *, #6081, .F. ) ;
#3838 = CARTESIAN_POINT ( 'NONE',  ( 2.018909206332308415, 1.111638894353234264, 0.6498542850278834493 ) ) ;
#3839 = CARTESIAN_POINT ( 'NONE',  ( 5.749999999999998224, 0.000000000000000000, 23.10000000000000142 ) ) ;
#3840 = CARTESIAN_POINT ( 'NONE',  ( -0.9412674772301232728, 1.819065986561650305, 2.444599270131050162 ) ) ;
#3841 = AXIS2_PLACEMENT_3D ( 'NONE', #816, #6347, #4828 ) ;
#3842 = CARTESIAN_POINT ( 'NONE',  ( 1.715036371804447235, -2.066033116580301421, 4.062213304289150173 ) ) ;
#3843 = FACE_BOUND ( 'NONE', #3605, .T. ) ;
#3844 = CARTESIAN_POINT ( 'NONE',  ( -1.972259300002120019, 0.9867428327071949834, 3.310770845963099784 ) ) ;
#3845 = DIRECTION ( 'NONE',  ( -5.359329254474831771E-17, -0.8752448882741049596, -0.4836800446059870140 ) ) ;
#3846 = CARTESIAN_POINT ( 'NONE',  ( 0.2174125788124139924, -2.379999999999999893, -3.419999999999999929 ) ) ;
#3847 = CARTESIAN_POINT ( 'NONE',  ( 6.749999999999996447, -13.49999999999999822, 10.25102831460725739 ) ) ;
#3848 = CARTESIAN_POINT ( 'NONE',  ( -0.5849999999999999645, 2.379999999999999893, -2.754830917718800176 ) ) ;
#3849 = CARTESIAN_POINT ( 'NONE',  ( -1.972259300002120019, -0.9867428327071949834, 3.310770845962950126 ) ) ;
#3850 = AXIS2_PLACEMENT_3D ( 'NONE', #8008, #3913, #4620 ) ;
#3851 = FACE_OUTER_BOUND ( 'NONE', #8373, .T. ) ;
#3852 = CARTESIAN_POINT ( 'NONE',  ( 2.338649169642695647, -1.169992171010515669, 3.462676777723452837 ) ) ;
#3853 = CARTESIAN_POINT ( 'NONE',  ( 0.000000000000000000, 0.000000000000000000, 4.062213304289150173 ) ) ;
#3854 = PRESENTATION_LAYER_ASSIGNMENT (  '', '', ( #6113 ) ) ;
#3855 = ADVANCED_FACE ( 'NONE', ( #5532 ), #766, .T. ) ;
#3856 =( NAMED_UNIT ( * ) PLANE_ANGLE_UNIT ( ) SI_UNIT ( $, .RADIAN. ) );
#3857 = PRESENTATION_STYLE_ASSIGNMENT (( #8629 ) ) ;
#3858 = CARTESIAN_POINT ( 'NONE',  ( -0.9325870893326370092, -2.416325028386982599, 18.50000000000000000 ) ) ;
#3859 =( NAMED_UNIT ( * ) SI_UNIT ( $, .STERADIAN. ) SOLID_ANGLE_UNIT ( ) );
#3860 =( GEOMETRIC_REPRESENTATION_CONTEXT ( 3 ) GLOBAL_UNCERTAINTY_ASSIGNED_CONTEXT ( ( #1927 ) ) GLOBAL_UNIT_ASSIGNED_CONTEXT ( ( #6898, #8388, #4283 ) ) REPRESENTATION_CONTEXT ( 'NONE', 'WORKASPACE' ) );
#3861 = CARTESIAN_POINT ( 'NONE',  ( -0.8932633516711314670, -1.785222343980619852, 3.310596917595117539 ) ) ;
#3862 = CARTESIAN_POINT ( 'NONE',  ( -2.658966280853800157, -0.8801154362518329721, 0.3537504162900810267 ) ) ;
#3863 = EDGE_LOOP ( 'NONE', ( #4845, #5329, #7260, #2786 ) ) ;
#3864 = CARTESIAN_POINT ( 'NONE',  ( 4.816164183295809309, 2.097298051702225052, 23.60000000000000497 ) ) ;
#3865 = CARTESIAN_POINT ( 'NONE',  ( 2.672499999999999876, 0.8801895060455100506, 0.000000000000000000 ) ) ;
#3866 = ADVANCED_FACE ( 'NONE', ( #3418 ), #1664, .T. ) ;
#3867 =( GEOMETRIC_REPRESENTATION_CONTEXT ( 3 ) GLOBAL_UNCERTAINTY_ASSIGNED_CONTEXT ( ( #4883 ) ) GLOBAL_UNIT_ASSIGNED_CONTEXT ( ( #6646, #5149, #2050 ) ) REPRESENTATION_CONTEXT ( 'NONE', 'WORKASPACE' ) );
#3868 = CARTESIAN_POINT ( 'NONE',  ( -6.177342540479464184, 2.659292559659848454, 19.80000000000000071 ) ) ;
#3869 =( NAMED_UNIT ( * ) SI_UNIT ( $, .STERADIAN. ) SOLID_ANGLE_UNIT ( ) );
#3870 = CARTESIAN_POINT ( 'NONE',  ( -2.500000000000000000, -0.3180842364213226081, 23.60000000000000853 ) ) ;
#3871 = CARTESIAN_POINT ( 'NONE',  ( -1.991024127276479705, -0.2319425520477650104, 3.562213304289150173 ) ) ;
#3872 = EDGE_LOOP ( 'NONE', ( #3949, #3612, #510, #1577 ) ) ;
#3873 = EDGE_LOOP ( 'NONE', ( #6824, #558, #4412, #4978 ) ) ;
#3874 = CARTESIAN_POINT ( 'NONE',  ( 0.9024890171489825530, -1.784801374135099872, 3.562186221542610109 ) ) ;
#3875 =( GEOMETRIC_REPRESENTATION_CONTEXT ( 3 ) GLOBAL_UNCERTAINTY_ASSIGNED_CONTEXT ( ( #3118 ) ) GLOBAL_UNIT_ASSIGNED_CONTEXT ( ( #7632, #1441, #3675 ) ) REPRESENTATION_CONTEXT ( 'NONE', 'WORKASPACE' ) );
#3876 = ADVANCED_FACE ( 'NONE', ( #6836 ), #7398, .F. ) ;
#3877 = CARTESIAN_POINT ( 'NONE',  ( -1.169999999999999929, 2.387832639686730207, 2.346119080237719867 ) ) ;
#3878 = SURFACE_SIDE_STYLE ('',( #7836 ) ) ;
#3879 = CARTESIAN_POINT ( 'NONE',  ( 2.000000213338064103, -5.097163906230427243E-16, 3.562209184421840202 ) ) ;
#3880 = CARTESIAN_POINT ( 'NONE',  ( 1.950811633106990017, -0.4607690719793010037, 3.562213304289150173 ) ) ;
#3881 = B_SPLINE_CURVE_WITH_KNOTS ( 'NONE', 3,
 ( #3695, #6503, #6415, #3836, #3042, #395, #2499, #8477, #5217, #4553, #2358, #5076, #7790, #7128, #6455, #350, #3085, #6585, #3217, #7258, #480, #1149, #3882, #7549, #7457, #1440, #2118, #1296, #7591, #3499, #6741, #6215, #8799, #819, #1972, #117, #2826, #1480, #6260, #5364, #4704, #1342, #4126, #7409, #6117, #1391, #636, #3366, #6785, #6073, #4794, #2680, #3412, #27, #2728, #5458, #8181 ),
 .UNSPECIFIED., .F., .F.,
 ( 4, 1, 1, 1, 2, 2, 1, 2, 2, 2, 1, 2, 2, 1, 1, 1, 2, 2, 2, 1, 1, 1, 2, 2, 1, 2, 2, 2, 1, 2, 2, 1, 1, 2, 2, 4 ),
 ( 0.000000000000000000, 0.06250000000000055511, 0.09375000000000084655, 0.1093750000000009714, 0.1171875000000009992, 0.1250000000000010270, 0.1562500000000010825, 0.1718750000000011380, 0.1875000000000011935, 0.2500000000000013323, 0.2812500000000013878, 0.2968750000000013323, 0.3125000000000013323, 0.3437500000000013323, 0.3593750000000012212, 0.3671875000000012768, 0.3710937500000012768, 0.3750000000000013323, 0.5000000000000011102, 0.5625000000000009992, 0.5937500000000008882, 0.6093750000000008882, 0.6171875000000007772, 0.6250000000000007772, 0.6562500000000006661, 0.6718750000000006661, 0.6875000000000005551, 0.7500000000000004441, 0.7812500000000003331, 0.7968750000000004441, 0.8125000000000004441, 0.8437500000000004441, 0.8593750000000004441, 0.8671875000000003331, 0.8750000000000003331, 1.000000000000000000 ),
 .UNSPECIFIED. ) ;
#3882 = CARTESIAN_POINT ( 'NONE',  ( 1.852207066569166116, 3.975331849030321330, 2.969165229559820318 ) ) ;
#3883 = ORIENTED_EDGE ( 'NONE', *, *, #6325, .T. ) ;
#3884 = SURFACE_SIDE_STYLE ('',( #3219 ) ) ;
#3885 = EDGE_CURVE ( 'NONE', #5284, #5067, #1663, .T. ) ;
#3886 = DIRECTION ( 'NONE',  ( -1.000000000000000000, 0.000000000000000000, -0.000000000000000000 ) ) ;
#3887 = CARTESIAN_POINT ( 'NONE',  ( -1.173535639147980092, 2.087499999999999911, 0.1698237986199239991 ) ) ;
#3888 = COLOUR_RGB ( '',0.8313725490196077761, 0.8313725490196077761, 0.8313725490196077761 ) ;
#3889 = CARTESIAN_POINT ( 'NONE',  ( 1.501321925854832484, -1.645791719976358980, 4.062213373350946455 ) ) ;
#3890 =( NAMED_UNIT ( * ) PLANE_ANGLE_UNIT ( ) SI_UNIT ( $, .RADIAN. ) );
#3891 = SURFACE_SIDE_STYLE ('',( #1157 ) ) ;
#3892 = CARTESIAN_POINT ( 'NONE',  ( -2.338598405475607933, -1.169995620899263233, 3.495966366906025691 ) ) ;
#3893 = CARTESIAN_POINT ( 'NONE',  ( -1.819438626242386281, -0.9249840790646375321, 2.515849032737847324 ) ) ;
#3894 = DIRECTION ( 'NONE',  ( 0.000000000000000000, 0.000000000000000000, 1.000000000000000000 ) ) ;
#3895 = CARTESIAN_POINT ( 'NONE',  ( -2.007773849016309953, -1.675361690177920027, 4.062213304289150173 ) ) ;
#3896 = CARTESIAN_POINT ( 'NONE',  ( 2.000000000000001776, -4.898587196589417759E-16, 23.10000000000000142 ) ) ;
#3897 = CARTESIAN_POINT ( 'NONE',  ( 2.282500000000000195, -1.169999999999999929, 0.000000000000000000 ) ) ;
#3898 = CARTESIAN_POINT ( 'NONE',  ( -6.739644660940671272, 8.253684261411542803E-16, 19.79999999999999716 ) ) ;
#3899 =( LENGTH_UNIT ( ) NAMED_UNIT ( * ) SI_UNIT ( .MILLI., .METRE. ) );
#3900 = CARTESIAN_POINT ( 'NONE',  ( 2.500000000000000000, 0.000000000000000000, 23.59999999999999787 ) ) ;
#3901 = MECHANICAL_DESIGN_GEOMETRIC_PRESENTATION_REPRESENTATION (  '', ( #2186 ), #1462 ) ;
#3902 = CARTESIAN_POINT ( 'NONE',  ( -1.049357091792904262, 1.956721043419731965, 1.149603487947844949 ) ) ;
#3903 = CARTESIAN_POINT ( 'NONE',  ( 1.191605514812621003, 2.326886432905861390, 3.023199761058580126 ) ) ;
#3904 = CARTESIAN_POINT ( 'NONE',  ( -1.111638894353224272, -2.018909206332288431, 0.6498542850280124572 ) ) ;
#3905 = EDGE_CURVE ( 'NONE', #3384, #2264, #501, .T. ) ;
#3906 = CARTESIAN_POINT ( 'NONE',  ( -2.672499999999999876, -0.8801900238807950361, 0.000000000000000000 ) ) ;
#3907 = EDGE_LOOP ( 'NONE', ( #3218, #4210, #3837, #1490 ) ) ;
#3908 = CARTESIAN_POINT ( 'NONE',  ( 0.000000000000000000, 0.000000000000000000, 4.062213304289150173 ) ) ;
#3909 = STYLED_ITEM ( 'NONE', ( #6151 ), #7275 ) ;
#3910 = CARTESIAN_POINT ( 'NONE',  ( 2.381627694111549953, 1.084726779098400318, 3.562213304289150173 ) ) ;
#3911 = CIRCLE ( 'NONE', #5037, 0.02499999999999984873 ) ;
#3912 = CARTESIAN_POINT ( 'NONE',  ( 2.840807543176321559, 6.097424238802052088, 19.80000000000000071 ) ) ;
#3913 = DIRECTION ( 'NONE',  ( 0.000000000000000000, -0.000000000000000000, 1.000000000000000000 ) ) ;
#3914 = CARTESIAN_POINT ( 'NONE',  ( -2.478058844082009049, 0.3930411523814387187, 23.60000000000000497 ) ) ;
#3915 = CARTESIAN_POINT ( 'NONE',  ( -1.883778650278430167, -0.6849431702937980315, 3.391484666840960394 ) ) ;
#3916 = ORIENTED_EDGE ( 'NONE', *, *, #1850, .T. ) ;
#3917 = MECHANICAL_DESIGN_GEOMETRIC_PRESENTATION_REPRESENTATION (  '', ( #3481 ), #6892 ) ;
#3918 = FILL_AREA_STYLE_COLOUR ( '', #1051 ) ;
#3919 = CARTESIAN_POINT ( 'NONE',  ( 4.373642825351914176, -1.071233537336201522E-15, 0.7189519526503383995 ) ) ;
#3920 = UNCERTAINTY_MEASURE_WITH_UNIT (LENGTH_MEASURE( 1.000000000000000082E-05 ), #2557, 'distance_accuracy_value', 'NONE');
#3921 = ORIENTED_EDGE ( 'NONE', *, *, #2944, .F. ) ;
#3922 = SURFACE_STYLE_FILL_AREA ( #388 ) ;
#3923 = CARTESIAN_POINT ( 'NONE',  ( -4.361335283428461551, 5.341095294859081254E-16, 0.7000000000000029532 ) ) ;
#3924 = CARTESIAN_POINT ( 'NONE',  ( -2.614955567827029981, 3.202396966051921746E-16, 18.50000000000000000 ) ) ;
#3925 = CARTESIAN_POINT ( 'NONE',  ( 2.076010372691989847, -0.2894835897629020049, 0.3536250458873150260 ) ) ;
#3926 = VERTEX_POINT ( 'NONE', #7321 ) ;
#3927 = CARTESIAN_POINT ( 'NONE',  ( 2.087499999999999911, 1.169999999999999929, 0.000000000000000000 ) ) ;
#3928 = DIRECTION ( 'NONE',  ( 0.000000000000000000, 0.000000000000000000, -1.000000000000000000 ) ) ;
#3929 = CARTESIAN_POINT ( 'NONE',  ( -0.2924999999999999822, 2.087499999999999911, 0.000000000000000000 ) ) ;
#3930 = CARTESIAN_POINT ( 'NONE',  ( -1.192092743808978117, -2.074625453472377590, 0.3536250458876650238 ) ) ;
#3931 = SURFACE_STYLE_FILL_AREA ( #4601 ) ;
#3932 = EDGE_CURVE ( 'NONE', #6893, #2264, #7072, .T. ) ;
#3933 = COLOUR_RGB ( '',0.2862745098039215508, 0.2862745098039215508, 0.2862745098039215508 ) ;
#3934 = ORIENTED_EDGE ( 'NONE', *, *, #8326, .F. ) ;
#3935 = SURFACE_STYLE_FILL_AREA ( #7308 ) ;
#3936 = CARTESIAN_POINT ( 'NONE',  ( 6.750000000000000000, -1.653273178848926867E-15, 10.25306961402259986 ) ) ;
#3937 = CARTESIAN_POINT ( 'NONE',  ( -1.783425674534422356, -0.8923653915514000445, 3.310595246845704942 ) ) ;
#3938 = EDGE_CURVE ( 'NONE', #5729, #1225, #2507, .T. ) ;
#3939 = CARTESIAN_POINT ( 'NONE',  ( 0.000000000000000000, 0.000000000000000000, 2.994165229559818897 ) ) ;
#3940 = SURFACE_STYLE_USAGE ( .BOTH. , #7188 ) ;
#3941 = CARTESIAN_POINT ( 'NONE',  ( 2.155592916961039940, -1.078371416353600010, 3.310941330543310190 ) ) ;
#3942 = SURFACE_STYLE_USAGE ( .BOTH. , #2517 ) ;
#3943 = CARTESIAN_POINT ( 'NONE',  ( -1.999999999999999556, 3.999999999999999112, 18.51035533905932340 ) ) ;
#3944 = DIRECTION ( 'NONE',  ( -1.224646799147353207E-16, -1.000000000000000000, 0.000000000000000000 ) ) ;
#3945 = CARTESIAN_POINT ( 'NONE',  ( 4.409532436802680699, 0.000000000000000000, 2.994165229559819341 ) ) ;
#3946 = CARTESIAN_POINT ( 'NONE',  ( 1.784801668654916851, -0.9024884340601719845, 3.562183374261257196 ) ) ;
#3947 = CARTESIAN_POINT ( 'NONE',  ( -1.112222447632140065, -2.024743406852740346, 0.6498584011027721541 ) ) ;
#3948 = CARTESIAN_POINT ( 'NONE',  ( -2.576710802072207152, -1.193391617759062218, 0.7666085965705810024 ) ) ;
#3949 = ORIENTED_EDGE ( 'NONE', *, *, #520, .F. ) ;
#3950 = CARTESIAN_POINT ( 'NONE',  ( -1.214306433183760036E-16, 2.087499999999999911, 0.000000000000000000 ) ) ;
#3951 = CARTESIAN_POINT ( 'NONE',  ( 4.591290235973092493, 4.919322236844142715, 19.79999999999999716 ) ) ;
#3952 = SURFACE_STYLE_FILL_AREA ( #544 ) ;
#3953 =( LENGTH_UNIT ( ) NAMED_UNIT ( * ) SI_UNIT ( .MILLI., .METRE. ) );
#3954 = CARTESIAN_POINT ( 'NONE',  ( -2.087499999999999911, -1.188556483108248019, 0.000000000000000000 ) ) ;
#3955 = ORIENTED_EDGE ( 'NONE', *, *, #7013, .F. ) ;
#3956 =( LENGTH_UNIT ( ) NAMED_UNIT ( * ) SI_UNIT ( .MILLI., .METRE. ) );
#3957 = CARTESIAN_POINT ( 'NONE',  ( 1.648603043770900056, -1.495701609872460036, 4.062213304289150173 ) ) ;
#3958 = CARTESIAN_POINT ( 'NONE',  ( 0.5849999999999999645, 2.672499999999999876, 0.000000000000000000 ) ) ;
#3959 = ORIENTED_EDGE ( 'NONE', *, *, #8336, .F. ) ;
#3960 = AXIS2_PLACEMENT_3D ( 'NONE', #7505, #6313, #4268 ) ;
#3961 = PRESENTATION_STYLE_ASSIGNMENT (( #8056 ) ) ;
#3962 = DIRECTION ( 'NONE',  ( 0.4473621037201478412, -0.8943529214773572322, 0.000000000000000000 ) ) ;
#3963 = FILL_AREA_STYLE ('',( #7336 ) ) ;
#3964 = CARTESIAN_POINT ( 'NONE',  ( 0.000000000000000000, 0.000000000000000000, 23.10000000000000142 ) ) ;
#3965 = PRESENTATION_LAYER_ASSIGNMENT (  '', '', ( #399 ) ) ;
#3966 = STYLED_ITEM ( 'NONE', ( #4721 ), #6529 ) ;
#3967 = ORIENTED_EDGE ( 'NONE', *, *, #1494, .T. ) ;
#3968 = CARTESIAN_POINT ( 'NONE',  ( -2.672499999999999876, 1.636434285360649965E-16, -3.419999999999999929 ) ) ;
#3969 = CARTESIAN_POINT ( 'NONE',  ( 5.250000000000000888, -1.285879139104721028E-15, 23.59999999999999787 ) ) ;
#3970 = B_SPLINE_CURVE_WITH_KNOTS ( 'NONE', 3,
 ( #7554, #8233, #5685, #3548, #123, #2879 ),
 .UNSPECIFIED., .F., .F.,
 ( 4, 2, 4 ),
 ( 0.000000000000000000, 0.0004211349386634114129, 0.0008422698773268218501 ),
 .UNSPECIFIED. ) ;
#3971 = EDGE_CURVE ( 'NONE', #791, #732, #487, .T. ) ;
#3972 = CARTESIAN_POINT ( 'NONE',  ( -0.8686045353372400246, -2.075290510432130198, 0.3536250458876650238 ) ) ;
#3973 = FILL_AREA_STYLE ('',( #1941 ) ) ;
#3974 = AXIS2_PLACEMENT_3D ( 'NONE', #1197, #3928, #3886 ) ;
#3975 = ORIENTED_EDGE ( 'NONE', *, *, #4691, .T. ) ;
#3976 = SURFACE_SIDE_STYLE ('',( #1238 ) ) ;
#3977 = CARTESIAN_POINT ( 'NONE',  ( -2.700000000000001066, 3.306546357697854719E-16, 23.59999999999999787 ) ) ;
#3978 = STYLED_ITEM ( 'NONE', ( #327 ), #8751 ) ;
#3979 = SURFACE_STYLE_USAGE ( .BOTH. , #4061 ) ;
#3980 = CARTESIAN_POINT ( 'NONE',  ( -0.5849999999999998535, 2.087499999999999911, -2.754830917718798844 ) ) ;
#3981 = ADVANCED_FACE ( 'NONE', ( #3843, #3265 ), #6634, .T. ) ;
#3982 = CARTESIAN_POINT ( 'NONE',  ( 2.087499999999999911, -1.169999999999999929, 0.1648747531013670109 ) ) ;
#3983 = DIRECTION ( 'NONE',  ( 0.2419218955979282881, 0.000000000000000000, 0.9702957262764301261 ) ) ;
#3984 = PRESENTATION_STYLE_ASSIGNMENT (( #1245 ) ) ;
#3985 = CARTESIAN_POINT ( 'NONE',  ( 2.469804767431890369, 0.9326694386801969161, 0.7000000000000029532 ) ) ;
#3986 = STYLED_ITEM ( 'NONE', ( #7683 ), #1873 ) ;
#3987 =( GEOMETRIC_REPRESENTATION_CONTEXT ( 3 ) GLOBAL_UNCERTAINTY_ASSIGNED_CONTEXT ( ( #6122 ) ) GLOBAL_UNIT_ASSIGNED_CONTEXT ( ( #8117, #2513, #5229 ) ) REPRESENTATION_CONTEXT ( 'NONE', 'WORKASPACE' ) );
#3988 = SURFACE_STYLE_USAGE ( .BOTH. , #1171 ) ;
#3989 = STYLED_ITEM ( 'NONE', ( #3984 ), #5292 ) ;
#3990 = CARTESIAN_POINT ( 'NONE',  ( 1.177287693289319925, 2.334132860615079963, 3.023199761058580126 ) ) ;
#3991 = CARTESIAN_POINT ( 'NONE',  ( -1.169999999999999929, -2.085530499999999954, 0.1648747531013670109 ) ) ;
#3992 = CARTESIAN_POINT ( 'NONE',  ( -2.447858277512190206, 1.084568693555810093, 1.944948958572229936 ) ) ;
#3993 = ORIENTED_EDGE ( 'NONE', *, *, #2021, .T. ) ;
#3994 = CARTESIAN_POINT ( 'NONE',  ( -4.848201783944921850, 2.014791704840186881, 23.59999999999999787 ) ) ;
#3995 = CARTESIAN_POINT ( 'NONE',  ( 2.334878829473970185, 1.177426633108489940, 3.391840585329950031 ) ) ;
#3996 = MECHANICAL_DESIGN_GEOMETRIC_PRESENTATION_REPRESENTATION (  '', ( #6965 ), #8547 ) ;
#3997 = CARTESIAN_POINT ( 'NONE',  ( -3.076782564056552705, -4.888133007235598626, 19.80000000000000071 ) ) ;
#3998 = CARTESIAN_POINT ( 'NONE',  ( -1.755176730645083838, 6.498375122479776778, 19.80000000000000071 ) ) ;
#3999 =( NAMED_UNIT ( * ) PLANE_ANGLE_UNIT ( ) SI_UNIT ( $, .RADIAN. ) );
#4000 = CARTESIAN_POINT ( 'NONE',  ( -1.823002569904019987, -0.8261626580636409756, 3.391484666840960394 ) ) ;
#4001 = EDGE_LOOP ( 'NONE', ( #6416, #843, #1054, #8434, #2065, #7029, #5686, #1454 ) ) ;
#4002 = CARTESIAN_POINT ( 'NONE',  ( -5.760355339059326063, 11.52071067811865390, 19.79999999999999361 ) ) ;
#4003 = CARTESIAN_POINT ( 'NONE',  ( 4.370751894706225826, -8.741503789412453429, 0.7073570630543276616 ) ) ;
#4004 = UNCERTAINTY_MEASURE_WITH_UNIT (LENGTH_MEASURE( 1.000000000000000082E-05 ), #4060, 'distance_accuracy_value', 'NONE');
#4005 = ORIENTED_EDGE ( 'NONE', *, *, #271, .T. ) ;
#4006 = PRESENTATION_LAYER_ASSIGNMENT (  '', '', ( #2000 ) ) ;
#4007 = CARTESIAN_POINT ( 'NONE',  ( -1.172815624399216050, 2.348587038183556519, 3.044367111262094472 ) ) ;
#4008 = FACE_BOUND ( 'NONE', #5239, .T. ) ;
#4009 = VECTOR ( 'NONE', #4782, 1000.000000000000114 ) ;
#4010 = CARTESIAN_POINT ( 'NONE',  ( -4.233816424746061458, -1.155923407305466721, 2.969165229559820318 ) ) ;
#4011 = CARTESIAN_POINT ( 'NONE',  ( -2.066703982728824052, 1.154328544431194592, 0.3996863344927897299 ) ) ;
#4012 = COLOUR_RGB ( '',0.2862745098039215508, 0.2862745098039215508, 0.2862745098039215508 ) ;
#4013 = EDGE_LOOP ( 'NONE', ( #4986, #4074, #4507, #4602 ) ) ;
#4014 = EDGE_CURVE ( 'NONE', #6370, #3479, #1021, .T. ) ;
#4015 = CARTESIAN_POINT ( 'NONE',  ( 1.201630270343668316, -2.672499999999999876, 0.000000000000000000 ) ) ;
#4016 = CARTESIAN_POINT ( 'NONE',  ( -1.187511033786432080, 2.069596165460390935, 0.4031326314136419731 ) ) ;
#4017 = CARTESIAN_POINT ( 'NONE',  ( -0.8990751230108530168, -1.785465296825049952, 3.022064739156709923 ) ) ;
#4018 = CARTESIAN_POINT ( 'NONE',  ( 6.750000000000000888, -1.653273178848927064E-15, 10.25102831460725916 ) ) ;
#4019 = CARTESIAN_POINT ( 'NONE',  ( 1.784801264205140514, 0.9024892343483817969, 3.562186562217995789 ) ) ;
#4020 = EDGE_CURVE ( 'NONE', #3458, #2264, #3184, .T. ) ;
#4021 = CARTESIAN_POINT ( 'NONE',  ( -2.344219551818596425, -1.172778524335821082, 3.462678865181195054 ) ) ;
#4022 =( GEOMETRIC_REPRESENTATION_CONTEXT ( 3 ) GLOBAL_UNCERTAINTY_ASSIGNED_CONTEXT ( ( #5252 ) ) GLOBAL_UNIT_ASSIGNED_CONTEXT ( ( #6846, #1407, #2694 ) ) REPRESENTATION_CONTEXT ( 'NONE', 'WORKASPACE' ) );
#4023 = DIRECTION ( 'NONE',  ( -1.000000000000000000, 0.000000000000000000, -0.000000000000000000 ) ) ;
#4024 = FACE_OUTER_BOUND ( 'NONE', #8043, .T. ) ;
#4025 =( BOUNDED_SURFACE ( )  B_SPLINE_SURFACE ( 3, 3, ( 
 ( #6033, #8719, #8186, #3919 ),
 ( #6621, #8684, #4003, #8013 ),
 ( #2604, #6791, #5333, #8051 ),
 ( #1926, #595, #8759, #2640 ) ),
 .UNSPECIFIED., .F., .F., .F. ) 
 B_SPLINE_SURFACE_WITH_KNOTS ( ( 4, 4 ),
 ( 4, 4 ),
 ( 0.000000000000000000, 1.000000000000000000 ),
 ( 0.000000000000000000, 1.000000000000000000 ),
 .UNSPECIFIED. ) 
 GEOMETRIC_REPRESENTATION_ITEM ( )  RATIONAL_B_SPLINE_SURFACE ( (
 ( 1.000000000000000000, 0.3333333333333334259, 0.3333333333333334259, 1.000000000000000000),
 ( 0.8586738353966426596, 0.2862246117988809790, 0.2862246117988809790, 0.8586738353966426596),
 ( 0.8586738353966426596, 0.2862246117988809790, 0.2862246117988809790, 0.8586738353966426596),
 ( 1.000000000000000000, 0.3333333333333334259, 0.3333333333333334259, 1.000000000000000000) ) ) 
 REPRESENTATION_ITEM ( '' )  SURFACE ( )  );
#4026 = CARTESIAN_POINT ( 'NONE',  ( 1.437780815204086515, 1.390246858450352008, 4.062213304289150173 ) ) ;
#4027 = MECHANICAL_DESIGN_GEOMETRIC_PRESENTATION_REPRESENTATION (  '', ( #1303 ), #2179 ) ;
#4028 = CARTESIAN_POINT ( 'NONE',  ( 2.995510818679982368, -6.028571416419820750, 19.80000000000000071 ) ) ;
#4029 = CARTESIAN_POINT ( 'NONE',  ( 1.186001537545453122, 2.672499999999999876, 0.000000000000000000 ) ) ;
#4030 = CARTESIAN_POINT ( 'NONE',  ( -1.169662185397677634, 2.391358223217513235, 2.303716826574012444 ) ) ;
#4031 = CARTESIAN_POINT ( 'NONE',  ( -2.415518587776719350, 1.184844122739775241, 1.944948958572229936 ) ) ;
#4032 = VERTEX_POINT ( 'NONE', #3752 ) ;
#4033 = CARTESIAN_POINT ( 'NONE',  ( -1.891297018574200406, 4.897694679898187076, 23.59999999999999787 ) ) ;
#4034 = CARTESIAN_POINT ( 'NONE',  ( 2.672499999999999876, -0.8801899148403750095, 0.000000000000000000 ) ) ;
#4035 = CARTESIAN_POINT ( 'NONE',  ( 5.686497258251343112, -1.007387276262719622, 19.80000000000000071 ) ) ;
#4036 = MECHANICAL_DESIGN_GEOMETRIC_PRESENTATION_REPRESENTATION (  '', ( #1761 ), #5740 ) ;
#4037 = CARTESIAN_POINT ( 'NONE',  ( -2.338610563973460010, -1.170108468000919943, 3.619679129526180539 ) ) ;
#4038 = CARTESIAN_POINT ( 'NONE',  ( -6.750000000000000888, 8.266365894244635319E-16, 10.25102831460725916 ) ) ;
#4039 = CARTESIAN_POINT ( 'NONE',  ( -2.074642489775107457, -1.184457194814846570, 0.3536250458933549723 ) ) ;
#4040 =( LENGTH_UNIT ( ) NAMED_UNIT ( * ) SI_UNIT ( .MILLI., .METRE. ) );
#4041 = EDGE_CURVE ( 'NONE', #4727, #8235, #1819, .T. ) ;
#4042 = AXIS2_PLACEMENT_3D ( 'NONE', #4818, #8257, #1951 ) ;
#4043 = DIRECTION ( 'NONE',  ( -1.000000000000000000, 1.224646799147373422E-16, 0.000000000000000000 ) ) ;
#4044 = CARTESIAN_POINT ( 'NONE',  ( -0.5849999999999999645, 2.672499999999999876, 0.1698237983775849891 ) ) ;
#4045 = ORIENTED_EDGE ( 'NONE', *, *, #6381, .F. ) ;
#4046 =( NAMED_UNIT ( * ) PLANE_ANGLE_UNIT ( ) SI_UNIT ( $, .RADIAN. ) );
#4047 = CARTESIAN_POINT ( 'NONE',  ( 1.169999999999999929, 2.338926533919969852, 3.311111815122790070 ) ) ;
#4048 = FACE_OUTER_BOUND ( 'NONE', #5380, .T. ) ;
#4049 = CARTESIAN_POINT ( 'NONE',  ( -3.711185994426188017, -2.335991320139391814, 2.969165229559820318 ) ) ;
#4050 = CARTESIAN_POINT ( 'NONE',  ( -1.792465724855990095, 0.8983734277536740143, 3.043416936777339821 ) ) ;
#4051 = VECTOR ( 'NONE', #1920, 1000.000000000000114 ) ;
#4052 = EDGE_LOOP ( 'NONE', ( #1201, #4168, #5984, #5206 ) ) ;
#4053 = CARTESIAN_POINT ( 'NONE',  ( 2.501677506829385944, 1.171454367755674575, 1.343884819548391674 ) ) ;
#4054 = AXIS2_PLACEMENT_3D ( 'NONE', #1122, #4521, #7231 ) ;
#4055 = CARTESIAN_POINT ( 'NONE',  ( 1.184770176778016548, -2.415542438613457410, 1.944948958572229936 ) ) ;
#4056 = SURFACE_STYLE_FILL_AREA ( #2045 ) ;
#4057 = CARTESIAN_POINT ( 'NONE',  ( -1.109533911426820341, -2.002292030031726622, 0.7659099622496888804 ) ) ;
#4058 = VERTEX_POINT ( 'NONE', #1679 ) ;
#4059 =( LENGTH_UNIT ( ) NAMED_UNIT ( * ) SI_UNIT ( .MILLI., .METRE. ) );
#4060 =( LENGTH_UNIT ( ) NAMED_UNIT ( * ) SI_UNIT ( .MILLI., .METRE. ) );
#4061 = SURFACE_SIDE_STYLE ('',( #3439 ) ) ;
#4062 = DIRECTION ( 'NONE',  ( 0.000000000000000000, 1.000000000000000000, 0.000000000000000000 ) ) ;
#4063 =( NAMED_UNIT ( * ) PLANE_ANGLE_UNIT ( ) SI_UNIT ( $, .RADIAN. ) );
#4064 = DIRECTION ( 'NONE',  ( 1.000000000000000000, 0.000000000000000000, 0.000000000000000000 ) ) ;
#4065 = CARTESIAN_POINT ( 'NONE',  ( 2.000000000000000000, -4.898587196589412829E-16, 18.52499999999999858 ) ) ;
#4066 = CARTESIAN_POINT ( 'NONE',  ( 4.909532436802689581, 0.000000000000000000, 23.10000000000000142 ) ) ;
#4067 = CARTESIAN_POINT ( 'NONE',  ( 1.792364666006339924, -0.8982803868047499751, 3.046471023138189960 ) ) ;
#4068 = FACE_OUTER_BOUND ( 'NONE', #2942, .T. ) ;
#4069 = CARTESIAN_POINT ( 'NONE',  ( 1.169984342774493369, -2.338633519216837264, 3.462676754533798196 ) ) ;
#4070 = FILL_AREA_STYLE ('',( #5316 ) ) ;
#4071 = CARTESIAN_POINT ( 'NONE',  ( 6.710966075325182523, 0.5127243684464473095, 19.80000000000000071 ) ) ;
#4072 =( LENGTH_UNIT ( ) NAMED_UNIT ( * ) SI_UNIT ( .MILLI., .METRE. ) );
#4073 = CARTESIAN_POINT ( 'NONE',  ( -2.585246281189380380, 1.079378639029940024, 0.7666085965705810024 ) ) ;
#4074 = ORIENTED_EDGE ( 'NONE', *, *, #3653, .T. ) ;
#4075 = CARTESIAN_POINT ( 'NONE',  ( 1.784801668654916851, -0.9024884340601719845, 3.562183374261257196 ) ) ;
#4076 = CARTESIAN_POINT ( 'NONE',  ( 2.658176791631759794, -1.178070520688470069, 0.3537504162854430145 ) ) ;
#4077 = CARTESIAN_POINT ( 'NONE',  ( 2.169239938057515804, -5.352304462057404066, 19.79999999999999361 ) ) ;
#4078 = ADVANCED_FACE ( 'NONE', ( #7892 ), #1773, .T. ) ;
#4079 = EDGE_CURVE ( 'NONE', #6110, #5067, #2821, .T. ) ;
#4080 = CARTESIAN_POINT ( 'NONE',  ( -6.749751228180431717, 8.266061236632078896E-16, 10.24900223072822847 ) ) ;
#4081 = CARTESIAN_POINT ( 'NONE',  ( -2.614955567827030425, -5.229911135654059962, 0.7250000000000034195 ) ) ;
#4082 = ORIENTED_EDGE ( 'NONE', *, *, #2633, .F. ) ;
#4083 = UNCERTAINTY_MEASURE_WITH_UNIT (LENGTH_MEASURE( 1.000000000000000082E-05 ), #7852, 'distance_accuracy_value', 'NONE');
#4084 = CARTESIAN_POINT ( 'NONE',  ( -5.749999999999998224, 11.50000000000000000, 19.82499999999999929 ) ) ;
#4085 = CARTESIAN_POINT ( 'NONE',  ( 3.199999999999997069, 0.000000000000000000, 23.10000000000000142 ) ) ;
#4086 = CARTESIAN_POINT ( 'NONE',  ( 2.067437856504117821, -1.712228061764878184, 4.062213304289150173 ) ) ;
#4087 = CARTESIAN_POINT ( 'NONE',  ( 1.169999999999999929, -2.081591500000000483, 0.000000000000000000 ) ) ;
#4088 = UNCERTAINTY_MEASURE_WITH_UNIT (LENGTH_MEASURE( 1.000000000000000082E-05 ), #7388, 'distance_accuracy_value', 'NONE');
#4089 = CARTESIAN_POINT ( 'NONE',  ( -0.6024452589487719889, 2.550642725190639837, 3.562213304289150173 ) ) ;
#4090 = ORIENTED_EDGE ( 'NONE', *, *, #7786, .T. ) ;
#4091 = PRESENTATION_STYLE_ASSIGNMENT (( #3466 ) ) ;
#4092 = CARTESIAN_POINT ( 'NONE',  ( 1.078371416353600010, 2.155592916961050154, 3.310941330542950034 ) ) ;
#4093 =( LENGTH_UNIT ( ) NAMED_UNIT ( * ) SI_UNIT ( .MILLI., .METRE. ) );
#4094 = CARTESIAN_POINT ( 'NONE',  ( -4.125990341652360449, -1.483899480627220102, 2.969165229559820762 ) ) ;
#4095 = CARTESIAN_POINT ( 'NONE',  ( 2.087499999999999911, -1.196346722673756746, 0.000000000000000000 ) ) ;
#4096 = COLOUR_RGB ( '',0.2862745098039215508, 0.2862745098039215508, 0.2862745098039215508 ) ;
#4097 = ORIENTED_EDGE ( 'NONE', *, *, #5992, .F. ) ;
#4098 = CARTESIAN_POINT ( 'NONE',  ( 2.674450000000000216, 1.169999999999999929, 0.000000000000000000 ) ) ;
#4099 = CARTESIAN_POINT ( 'NONE',  ( 0.8801896269377550430, -2.672499999999999876, 0.1698237983775840176 ) ) ;
#4100 = CARTESIAN_POINT ( 'NONE',  ( -0.9133856054416583659, -1.779292802481914348, 3.391484666840950180 ) ) ;
#4101 = COLOUR_RGB ( '',0.8313725490196077761, 0.8313725490196077761, 0.8313725490196077761 ) ;
#4102 = SURFACE_STYLE_FILL_AREA ( #6 ) ;
#4103 = EDGE_LOOP ( 'NONE', ( #4617, #2660, #471, #7556, #4188, #2539 ) ) ;
#4104 = STYLED_ITEM ( 'NONE', ( #941 ), #6679 ) ;
#4105 = CARTESIAN_POINT ( 'NONE',  ( -1.193777667528453490, 2.672499999999999876, 0.000000000000000000 ) ) ;
#4106 = CARTESIAN_POINT ( 'NONE',  ( 2.700000000000001066, -6.613092715395709439E-16, 23.59999999999999787 ) ) ;
#4107 = DIRECTION ( 'NONE',  ( -1.000000000000000000, 6.123233995736769734E-17, 0.000000000000000000 ) ) ;
#4108 = CARTESIAN_POINT ( 'NONE',  ( 2.661594941114609814, 1.170002339657637114, 0.2909902438095245958 ) ) ;
#4109 = CIRCLE ( 'NONE', #3402, 2.614955567827029981 ) ;
#4110 = CARTESIAN_POINT ( 'NONE',  ( -1.035763320414182509, 2.373973848355620753, 18.50000000000000355 ) ) ;
#4111 = B_SPLINE_CURVE_WITH_KNOTS ( 'NONE', 3,
 ( #2207, #4437, #7732, #5722, #1646, #1523, #2249, #2333, #329, #8318, #6304, #4303, #4261, #8452, #6259, #4967, #8497, #168, #3629, #2871, #4386, #6432, #6967, #3719, #7101, #1607, #3060, #5763, #5592, #7014, #1566, #5052, #903, #860, #986, #7630, #3585, #207 ),
 .UNSPECIFIED., .F., .F.,
 ( 4, 1, 1, 1, 2, 2, 2, 1, 1, 1, 2, 2, 2, 1, 1, 1, 2, 2, 2, 1, 1, 1, 2, 2, 4 ),
 ( 0.000000000000000000, 0.06250000000000012490, 0.09375000000000020817, 0.1093750000000002637, 0.1171875000000002914, 0.1250000000000003053, 0.2500000000000007772, 0.3125000000000009437, 0.3437500000000010547, 0.3593750000000011657, 0.3671875000000011657, 0.3750000000000012212, 0.5000000000000012212, 0.5625000000000012212, 0.5937500000000013323, 0.6093750000000013323, 0.6171875000000013323, 0.6250000000000013323, 0.7500000000000005551, 0.8125000000000002220, 0.8437500000000000000, 0.8593749999999998890, 0.8671874999999998890, 0.8749999999999997780, 1.000000000000000000 ),
 .UNSPECIFIED. ) ;
#4112 = DIRECTION ( 'NONE',  ( 0.000000000000000000, 0.000000000000000000, 1.000000000000000000 ) ) ;
#4113 = CARTESIAN_POINT ( 'NONE',  ( -2.604600228767703030, 3.189715333218831201E-16, 18.50000000000000355 ) ) ;
#4114 = CARTESIAN_POINT ( 'NONE',  ( -0.4109809819349539151, -6.724967589189896344, 19.80000000000000071 ) ) ;
#4115 = COLOUR_RGB ( '',0.8313725490196077761, 0.8313725490196077761, 0.8313725490196077761 ) ;
#4116 = CARTESIAN_POINT ( 'NONE',  ( 1.170000000000000373, -2.672500000000000764, 0.07308514996525930507 ) ) ;
#4117 = FILL_AREA_STYLE_COLOUR ( '', #2459 ) ;
#4118 = CARTESIAN_POINT ( 'NONE',  ( -2.609292033023300483, -4.138894062634089934E-15, 1.944948958572229936 ) ) ;
#4119 = VERTEX_POINT ( 'NONE', #1415 ) ;
#4120 = CARTESIAN_POINT ( 'NONE',  ( -5.154472198958674589, 0.9971664572075958910, 23.60000000000000142 ) ) ;
#4121 = CARTESIAN_POINT ( 'NONE',  ( 2.500054191903990031, -0.8985744897458369795, 1.944948958557380037 ) ) ;
#4122 = EDGE_CURVE ( 'NONE', #8603, #1813, #8155, .T. ) ;
#4123 = PRESENTATION_LAYER_ASSIGNMENT (  '', '', ( #6099 ) ) ;
#4124 = DIRECTION ( 'NONE',  ( -0.8752448882741049596, 0.000000000000000000, -0.4836800446059870140 ) ) ;
#4125 = SURFACE_STYLE_FILL_AREA ( #6878 ) ;
#4126 = CARTESIAN_POINT ( 'NONE',  ( -2.886525543263883886, 3.314087183394445191, 2.969165229559820762 ) ) ;
#4127 = PRESENTATION_STYLE_ASSIGNMENT (( #1217 ) ) ;
#4128 = CARTESIAN_POINT ( 'NONE',  ( -2.614955567827029981, -5.229911135654059073, 0.7103553390593306816 ) ) ;
#4129 = CYLINDRICAL_SURFACE ( 'NONE', #6048, 3.200000000000000178 ) ;
#4130 = DIRECTION ( 'NONE',  ( 6.123233995736769734E-17, 1.000000000000000000, 0.000000000000000000 ) ) ;
#4131 = COLOUR_RGB ( '',0.8313725490196077761, 0.8313725490196077761, 0.8313725490196077761 ) ;
#4132 = CARTESIAN_POINT ( 'NONE',  ( -2.992893218813450051, 5.985786437626900103, 23.60000000000000142 ) ) ;
#4133 = CARTESIAN_POINT ( 'NONE',  ( 3.225000000000000533, 0.000000000000000000, 2.969165229559820318 ) ) ;
#4134 =( BOUNDED_SURFACE ( )  B_SPLINE_SURFACE ( 3, 3, ( 
 ( #6074, #1297, #7363, #1257 ),
 ( #6701, #588, #2024, #4038 ),
 ( #637, #7458, #1343, #4080 ),
 ( #6786, #684, #3413, #8412 ) ),
 .UNSPECIFIED., .F., .F., .F. ) 
 B_SPLINE_SURFACE_WITH_KNOTS ( ( 4, 4 ),
 ( 4, 4 ),
 ( 0.000000000000000000, 1.000000000000000000 ),
 ( 0.000000000000000000, 1.000000000000000000 ),
 .UNSPECIFIED. ) 
 GEOMETRIC_REPRESENTATION_ITEM ( )  RATIONAL_B_SPLINE_SURFACE ( (
 ( 1.000000000000000000, 0.3333333333333334259, 0.3333333333333334259, 1.000000000000000000),
 ( 0.9950307677557317376, 0.3316769225852440051, 0.3316769225852440051, 0.9950307677557317376),
 ( 0.9950307677557317376, 0.3316769225852440051, 0.3316769225852440051, 0.9950307677557317376),
 ( 1.000000000000000000, 0.3333333333333334259, 0.3333333333333334259, 1.000000000000000000) ) ) 
 REPRESENTATION_ITEM ( '' )  SURFACE ( )  );
#4135 = CARTESIAN_POINT ( 'NONE',  ( 0.3115470697197120220, 2.602666462717949880, 3.023199761058580126 ) ) ;
#4136 = ORIENTED_EDGE ( 'NONE', *, *, #6973, .T. ) ;
#4137 =( LENGTH_UNIT ( ) NAMED_UNIT ( * ) SI_UNIT ( .MILLI., .METRE. ) );
#4138 = CARTESIAN_POINT ( 'NONE',  ( 2.379999999999999893, -0.2174125788124148251, -3.420000000000000373 ) ) ;
#4139 = CARTESIAN_POINT ( 'NONE',  ( 1.169999999999999929, 2.087499999999995470, 0.000000000000000000 ) ) ;
#4140 = CARTESIAN_POINT ( 'NONE',  ( -3.930527419667058542, -1.952903288344753463, 2.969165229559820762 ) ) ;
#4141 =( NAMED_UNIT ( * ) SI_UNIT ( $, .STERADIAN. ) SOLID_ANGLE_UNIT ( ) );
#4142 = CARTESIAN_POINT ( 'NONE',  ( -0.8949261614074205395, 1.788745770200249607, 3.461860930160531424 ) ) ;
#4143 = AXIS2_PLACEMENT_3D ( 'NONE', #8395, #4909, #322 ) ;
#4144 = VERTEX_POINT ( 'NONE', #4771 ) ;
#4145 = CARTESIAN_POINT ( 'NONE',  ( 2.389954960805192208, 1.170781200136271627, 2.338869152206260349 ) ) ;
#4146 = EDGE_CURVE ( 'NONE', #645, #2836, #8697, .T. ) ;
#4147 = CARTESIAN_POINT ( 'NONE',  ( 1.077879253875509979, -2.672499999999999876, 0.1698237983775840176 ) ) ;
#4148 = CARTESIAN_POINT ( 'NONE',  ( 0.2174125788124139647, -2.087499999999999911, -3.419999999999999929 ) ) ;
#4149 = CARTESIAN_POINT ( 'NONE',  ( -0.8774999999999999467, -2.087499999999999911, 0.1698237983775840176 ) ) ;
#4150 = FACE_OUTER_BOUND ( 'NONE', #692, .T. ) ;
#4151 = CARTESIAN_POINT ( 'NONE',  ( 0.5849999999999999645, -2.087499999999999911, -1.709999999999999964 ) ) ;
#4152 = CARTESIAN_POINT ( 'NONE',  ( 1.078299526870599934, -2.155340356757109888, 3.462608355885070210 ) ) ;
#4153 = ORIENTED_EDGE ( 'NONE', *, *, #5161, .T. ) ;
#4154 = CARTESIAN_POINT ( 'NONE',  ( 0.000000000000000000, 0.000000000000000000, 3.562213304289159499 ) ) ;
#4155 = CARTESIAN_POINT ( 'NONE',  ( -1.191874580004019579, 2.327594113210081250, 3.391840585329950031 ) ) ;
#4156 = CARTESIAN_POINT ( 'NONE',  ( -3.199999999999997069, 3.918869757271526516E-16, 23.10000000000000142 ) ) ;
#4157 = CARTESIAN_POINT ( 'NONE',  ( -2.678408499999999304, -1.169999999999999929, 0.000000000000000000 ) ) ;
#4158 = PLANE ( 'NONE',  #1826 ) ;
#4159 = CARTESIAN_POINT ( 'NONE',  ( -1.180709298228100002, -2.069736196554510244, 3.932447788256490107 ) ) ;
#4160 = CARTESIAN_POINT ( 'NONE',  ( -2.379999999999999893, -0.5849999999999999645, 0.000000000000000000 ) ) ;
#4161 = CARTESIAN_POINT ( 'NONE',  ( -1.078299574490122481, -2.155340798418293069, 3.462407710891707069 ) ) ;
#4162 = CARTESIAN_POINT ( 'NONE',  ( 2.392446040477253622, -1.117922355261905976, 0.7000000000000027311 ) ) ;
#4163 = CARTESIAN_POINT ( 'NONE',  ( 6.724999999999999645, -8.235749724265949955E-16, 19.79999999999999716 ) ) ;
#4164 = PRESENTATION_LAYER_ASSIGNMENT (  '', '', ( #2726 ) ) ;
#4165 = CARTESIAN_POINT ( 'NONE',  ( -5.775000000000002132, 0.1765247615868326125, 19.80000000000000426 ) ) ;
#4166 = SURFACE_STYLE_USAGE ( .BOTH. , #3320 ) ;
#4167 = CARTESIAN_POINT ( 'NONE',  ( -2.672499999999999876, 1.178070072196929940, 0.1698237983775840176 ) ) ;
#4168 = ORIENTED_EDGE ( 'NONE', *, *, #5718, .F. ) ;
#4169 = CARTESIAN_POINT ( 'NONE',  ( -2.097298051702359611, 4.816164183296045564, 23.60000000000000497 ) ) ;
#4170 = CARTESIAN_POINT ( 'NONE',  ( 2.672499999999999876, -4.228568883680430163E-16, 0.000000000000000000 ) ) ;
#4171 = CARTESIAN_POINT ( 'NONE',  ( 1.565990179585722730, -2.099037533386345356, 4.062213620874763897 ) ) ;
#4172 = AXIS2_PLACEMENT_3D ( 'NONE', #6344, #3053, #6252 ) ;
#4173 = DIRECTION ( 'NONE',  ( 0.000000000000000000, 0.000000000000000000, 1.000000000000000000 ) ) ;
#4174 = CARTESIAN_POINT ( 'NONE',  ( -1.781444261680341867, -0.9069938113204444319, 3.022064739160810198 ) ) ;
#4175 = VERTEX_POINT ( 'NONE', #2658 ) ;
#4176 = UNCERTAINTY_MEASURE_WITH_UNIT (LENGTH_MEASURE( 1.000000000000000082E-05 ), #4093, 'distance_accuracy_value', 'NONE');
#4177 = SURFACE_SIDE_STYLE ('',( #5368 ) ) ;
#4178 = CARTESIAN_POINT ( 'NONE',  ( -2.087499999999999911, -0.5849999999999999645, -2.754830917718800176 ) ) ;
#4179 = CARTESIAN_POINT ( 'NONE',  ( 1.169999999999999929, -2.083561000000000440, 0.000000000000000000 ) ) ;
#4180 = UNCERTAINTY_MEASURE_WITH_UNIT (LENGTH_MEASURE( 1.000000000000000082E-05 ), #8640, 'distance_accuracy_value', 'NONE');
#4181 = ORIENTED_EDGE ( 'NONE', *, *, #3210, .T. ) ;
#4182 = CARTESIAN_POINT ( 'NONE',  ( -5.750000000000000888, 7.041719095097282852E-16, 19.81035533905933121 ) ) ;
#4183 = CARTESIAN_POINT ( 'NONE',  ( 0.8983734277536740143, 1.792465724855990095, 3.043416936777339821 ) ) ;
#4184 = CARTESIAN_POINT ( 'NONE',  ( 0.000000000000000000, 0.000000000000000000, 20.80000000000000426 ) ) ;
#4185 = CARTESIAN_POINT ( 'NONE',  ( 3.199999999999997513, -6.399999999999999467, 2.979520568619147269 ) ) ;
#4186 = CARTESIAN_POINT ( 'NONE',  ( 2.672499999999999876, -1.169999999999999929, 0.000000000000000000 ) ) ;
#4187 = PRESENTATION_LAYER_ASSIGNMENT (  '', '', ( #2186 ) ) ;
#4188 = ORIENTED_EDGE ( 'NONE', *, *, #5172, .T. ) ;
#4189 = DIRECTION ( 'NONE',  ( 0.000000000000000000, 1.000000000000000000, 0.000000000000000000 ) ) ;
#4190 = CARTESIAN_POINT ( 'NONE',  ( 1.185924243943230261, -2.658154024394169923, 0.3537504162900820814 ) ) ;
#4191 = CARTESIAN_POINT ( 'NONE',  ( 0.8998643535128909576, -1.786127656252330054, 3.562213304289150173 ) ) ;
#4192 = DIRECTION ( 'NONE',  ( 1.000000000000000000, 0.000000000000000000, 0.000000000000000000 ) ) ;
#4193 = CONICAL_SURFACE ( 'NONE', #3067, 6.749257393153129669, 0.2443460952774134665 ) ;
#4194 = VERTEX_POINT ( 'NONE', #6141 ) ;
#4195 = CIRCLE ( 'NONE', #349, 0.02499999999999984873 ) ;
#4196 = CARTESIAN_POINT ( 'NONE',  ( -1.191464537701729665, 2.326957777089700308, 3.023199761058580126 ) ) ;
#4197 =( NAMED_UNIT ( * ) SI_UNIT ( $, .STERADIAN. ) SOLID_ANGLE_UNIT ( ) );
#4198 = CARTESIAN_POINT ( 'NONE',  ( 1.858020011712210318, 1.603965714669165266, 4.062213270710811841 ) ) ;
#4199 = CARTESIAN_POINT ( 'NONE',  ( 2.352480934647720109E-15, 2.005791256978520121, 2.444599270131050162 ) ) ;
#4200 = SURFACE_STYLE_USAGE ( .BOTH. , #3524 ) ;
#4201 = CARTESIAN_POINT ( 'NONE',  ( -1.853927993711149469, 0.9884135753418564763, 1.943675179718990176 ) ) ;
#4202 = ADVANCED_FACE ( 'NONE', ( #4150 ), #5344, .F. ) ;
#4203 =( NAMED_UNIT ( * ) PLANE_ANGLE_UNIT ( ) SI_UNIT ( $, .RADIAN. ) );
#4204 = DIRECTION ( 'NONE',  ( 1.000000000000000000, 0.000000000000000000, 0.000000000000000000 ) ) ;
#4205 = CARTESIAN_POINT ( 'NONE',  ( 2.373782457390067435, -6.292355449630387731, 19.79999999999999716 ) ) ;
#4206 = PRESENTATION_STYLE_ASSIGNMENT (( #8218 ) ) ;
#4207 = DIRECTION ( 'NONE',  ( 0.000000000000000000, 0.000000000000000000, 1.000000000000000000 ) ) ;
#4208 = CARTESIAN_POINT ( 'NONE',  ( 2.672500000000000320, -1.170000000000000373, 0.07280001636311234092 ) ) ;
#4209 = ADVANCED_FACE ( 'NONE', ( #2048 ), #659, .T. ) ;
#4210 = ORIENTED_EDGE ( 'NONE', *, *, #5700, .T. ) ;
#4211 = CARTESIAN_POINT ( 'NONE',  ( -1.451170438537386698, -2.178074023975770768, 4.012572745403203633 ) ) ;
#4212 = CARTESIAN_POINT ( 'NONE',  ( 2.547881942951740086, 0.6139992562895130179, 3.023199761055439971 ) ) ;
#4213 = SURFACE_STYLE_USAGE ( .BOTH. , #6212 ) ;
#4214 = STYLED_ITEM ( 'NONE', ( #2122 ), #119 ) ;
#4215 = SURFACE_STYLE_USAGE ( .BOTH. , #817 ) ;
#4216 = CARTESIAN_POINT ( 'NONE',  ( -2.338667012531526979, -1.169995617892763073, 3.456333897126589338 ) ) ;
#4217 = CARTESIAN_POINT ( 'NONE',  ( 2.299999999991086952, 0.000000000000000000, 18.49999999996043698 ) ) ;
#4218 = B_SPLINE_CURVE_WITH_KNOTS ( 'NONE', 3,
 ( #5487, #4858, #7614, #6905, #3522, #7531 ),
 .UNSPECIFIED., .F., .F.,
 ( 4, 2, 4 ),
 ( 0.000000000000000000, 0.5000000000000000000, 1.000000000000000000 ),
 .UNSPECIFIED. ) ;
#4219 = PRESENTATION_STYLE_ASSIGNMENT (( #6262 ) ) ;
#4220 = SURFACE_STYLE_FILL_AREA ( #6169 ) ;
#4221 = CARTESIAN_POINT ( 'NONE',  ( -0.9590541971901580531, 1.917038065106619893, 3.619160446477410531 ) ) ;
#4222 = CARTESIAN_POINT ( 'NONE',  ( -2.614955567827029981, 3.202396966051921746E-16, 0.7250000000000034195 ) ) ;
#4223 = CARTESIAN_POINT ( 'NONE',  ( -1.622164654611843337, -1.175028084840036735, 4.013553118211685700 ) ) ;
#4224 = EDGE_LOOP ( 'NONE', ( #3551, #7283, #6915, #7746, #920, #7980 ) ) ;
#4225 = CARTESIAN_POINT ( 'NONE',  ( 3.456255257059865915, -3.968313425042588882, 23.60000000000000142 ) ) ;
#4226 = CARTESIAN_POINT ( 'NONE',  ( 1.169999999999999929, 2.083561000000000440, 0.000000000000000000 ) ) ;
#4227 = CARTESIAN_POINT ( 'NONE',  ( -2.087499999999999911, 1.170000000000000151, 0.07352866264302083954 ) ) ;
#4228 = CARTESIAN_POINT ( 'NONE',  ( -2.591656551381058105, 1.169779909396618578, 0.7208305062225888182 ) ) ;
#4229 = CARTESIAN_POINT ( 'NONE',  ( 1.775961438981001894, -0.9177912467840655397, 3.022064739156450131 ) ) ;
#4230 = CARTESIAN_POINT ( 'NONE',  ( 2.389954960805142026, -1.170781200136271627, 2.338869152206840329 ) ) ;
#4231 = ORIENTED_EDGE ( 'NONE', *, *, #1083, .F. ) ;
#4232 = CARTESIAN_POINT ( 'NONE',  ( 2.155340356757109888, 1.078299526870599934, 3.462608355884809974 ) ) ;
#4233 = CARTESIAN_POINT ( 'NONE',  ( -0.8801900240754839677, -2.672499999999999876, 0.1698237983775840176 ) ) ;
#4234 =( NAMED_UNIT ( * ) SI_UNIT ( $, .STERADIAN. ) SOLID_ANGLE_UNIT ( ) );
#4235 = EDGE_CURVE ( 'NONE', #7703, #4629, #4680, .T. ) ;
#4236 = CARTESIAN_POINT ( 'NONE',  ( 0.2894835897628950105, -2.076010372691980077, 0.3536250458876650238 ) ) ;
#4237 = CARTESIAN_POINT ( 'NONE',  ( -2.671366744984659647, -1.169999723983078610, 0.1455067831965081993 ) ) ;
#4238 = COLOUR_RGB ( '',0.8313725490196077761, 0.8313725490196077761, 0.8313725490196077761 ) ;
#4239 = CARTESIAN_POINT ( 'NONE',  ( 3.200000000000000178, 0.000000000000000000, 2.994165229559819785 ) ) ;
#4240 = CARTESIAN_POINT ( 'NONE',  ( 0.9867428327071940952, -1.972259300002120019, 3.310770845963209918 ) ) ;
#4241 = ORIENTED_EDGE ( 'NONE', *, *, #4901, .T. ) ;
#4242 =( NAMED_UNIT ( * ) SI_UNIT ( $, .STERADIAN. ) SOLID_ANGLE_UNIT ( ) );
#4243 = ADVANCED_FACE ( 'NONE', ( #8249, #7567 ), #2142, .T. ) ;
#4244 = CARTESIAN_POINT ( 'NONE',  ( 2.127843671656135971, 1.064542639132210589, 3.452849887242857019 ) ) ;
#4245 = CARTESIAN_POINT ( 'NONE',  ( 1.072500000000000009, 2.087499999999999911, 0.000000000000000000 ) ) ;
#4246 = APPLICATION_PROTOCOL_DEFINITION ( 'draft international standard', 'automotive_design', 1998, #7912 ) ;
#4247 = FILL_AREA_STYLE ('',( #3573 ) ) ;
#4248 = SURFACE_STYLE_USAGE ( .BOTH. , #280 ) ;
#4249 = CARTESIAN_POINT ( 'NONE',  ( -2.674529001635758352, 1.169999999999999929, 0.000000000000000000 ) ) ;
#4250 = FACE_OUTER_BOUND ( 'NONE', #8276, .T. ) ;
#4251 = CARTESIAN_POINT ( 'NONE',  ( 5.660522790299101992, 3.631447040525899173, 19.80000000000000071 ) ) ;
#4252 = SURFACE_STYLE_FILL_AREA ( #6961 ) ;
#4253 = PRESENTATION_STYLE_ASSIGNMENT (( #6298 ) ) ;
#4254 = ORIENTED_EDGE ( 'NONE', *, *, #6275, .T. ) ;
#4255 = EDGE_CURVE ( 'NONE', #6880, #4119, #4530, .T. ) ;
#4256 = EDGE_CURVE ( 'NONE', #8054, #791, #4992, .T. ) ;
#4257 = CARTESIAN_POINT ( 'NONE',  ( 2.576699259272942300, -1.193545805372685065, 0.7666085965432263283 ) ) ;
#4258 = CARTESIAN_POINT ( 'NONE',  ( -5.742862834201906352, -0.7036839395855493118, 19.79999999999999716 ) ) ;
#4259 = CARTESIAN_POINT ( 'NONE',  ( 1.754014116603903828, -1.548429068449962642, 4.062213304289150173 ) ) ;
#4260 = CARTESIAN_POINT ( 'NONE',  ( -2.338667012531526979, 1.169995617892763073, 3.456333897126599997 ) ) ;
#4261 = CARTESIAN_POINT ( 'NONE',  ( -1.538721566981124056, 2.838511082957997811, 2.969165229559820318 ) ) ;
#4262 = STYLED_ITEM ( 'NONE', ( #649 ), #8230 ) ;
#4263 = DIRECTION ( 'NONE',  ( 1.000000000000000000, 0.000000000000000000, -0.000000000000000000 ) ) ;
#4264 = CARTESIAN_POINT ( 'NONE',  ( 1.538721566981189781, -2.838511082957932530, 2.969165229559820318 ) ) ;
#4265 = CARTESIAN_POINT ( 'NONE',  ( 1.821769494611870099, 0.8268570946502380448, 3.022064739156450131 ) ) ;
#4266 = CARTESIAN_POINT ( 'NONE',  ( -0.9590897693630370258, 1.917020271110120300, 3.462054116206850107 ) ) ;
#4267 = CARTESIAN_POINT ( 'NONE',  ( -1.170192591841226148, -2.604312501458640572, 0.6502672916977026984 ) ) ;
#4268 = DIRECTION ( 'NONE',  ( 1.000000000000000000, 0.000000000000000000, 0.000000000000000000 ) ) ;
#4269 = UNCERTAINTY_MEASURE_WITH_UNIT (LENGTH_MEASURE( 1.000000000000000082E-05 ), #1779, 'distance_accuracy_value', 'NONE');
#4270 = ORIENTED_EDGE ( 'NONE', *, *, #417, .T. ) ;
#4271 = CARTESIAN_POINT ( 'NONE',  ( -2.096299854888382441, -4.813532977526469914, 23.60000000000000853 ) ) ;
#4272 = CARTESIAN_POINT ( 'NONE',  ( 4.048964813636385607, -1.682663416165635972, 2.969165229559819874 ) ) ;
#4273 = CARTESIAN_POINT ( 'NONE',  ( 2.087499999999999911, -1.072500000000000009, 0.1698237983775840176 ) ) ;
#4274 = FILL_AREA_STYLE_COLOUR ( '', #7100 ) ;
#4275 = CIRCLE ( 'NONE', #7682, 5.749999999999998224 ) ;
#4276 = ORIENTED_EDGE ( 'NONE', *, *, #1289, .F. ) ;
#4277 = CARTESIAN_POINT ( 'NONE',  ( 1.355193710313409960, 1.718886138634670102, 4.062211577744260005 ) ) ;
#4278 = VECTOR ( 'NONE', #5752, 1000.000000000000000 ) ;
#4279 = CARTESIAN_POINT ( 'NONE',  ( -0.8982158899826679921, -2.462199271533219935, 3.391840585329959801 ) ) ;
#4280 = SURFACE_STYLE_FILL_AREA ( #5698 ) ;
#4281 =( GEOMETRIC_REPRESENTATION_CONTEXT ( 3 ) GLOBAL_UNCERTAINTY_ASSIGNED_CONTEXT ( ( #513 ) ) GLOBAL_UNIT_ASSIGNED_CONTEXT ( ( #1875, #5399, #8669 ) ) REPRESENTATION_CONTEXT ( 'NONE', 'WORKASPACE' ) );
#4282 = CARTESIAN_POINT ( 'NONE',  ( 2.193490972177420078E-15, -2.076109484917259884, 0.3536250458876640246 ) ) ;
#4283 =( NAMED_UNIT ( * ) SI_UNIT ( $, .STERADIAN. ) SOLID_ANGLE_UNIT ( ) );
#4284 = PRESENTATION_LAYER_ASSIGNMENT (  '', '', ( #1558 ) ) ;
#4285 = CARTESIAN_POINT ( 'NONE',  ( -3.199999999999999289, 6.399999999999998579, 2.994165229559819785 ) ) ;
#4286 = CARTESIAN_POINT ( 'NONE',  ( 1.078371416353600010, -2.155592916961050154, 3.310941330543049954 ) ) ;
#4287 = EDGE_CURVE ( 'NONE', #3829, #1620, #1628, .T. ) ;
#4288 = ORIENTED_EDGE ( 'NONE', *, *, #3626, .F. ) ;
#4289 = CARTESIAN_POINT ( 'NONE',  ( 1.175027413726654313, -1.622165146865904850, 4.013552813275081732 ) ) ;
#4290 = CARTESIAN_POINT ( 'NONE',  ( 2.338664820565219848, 1.169999999999999929, 3.462676791579640589 ) ) ;
#4291 = CARTESIAN_POINT ( 'NONE',  ( -2.614955567827029981, 5.229911135654059962, 18.47500000000000142 ) ) ;
#4292 = CARTESIAN_POINT ( 'NONE',  ( 1.043392248048720106, 1.946267849953270179, 1.127511258060150068 ) ) ;
#4293 = DIRECTION ( 'NONE',  ( 1.000000000000000000, 0.000000000000000000, 0.000000000000000000 ) ) ;
#4294 = CARTESIAN_POINT ( 'NONE',  ( 4.909532436802689581, 0.000000000000000000, 23.59999999999999787 ) ) ;
#4295 = SURFACE_SIDE_STYLE ('',( #1555 ) ) ;
#4296 = CARTESIAN_POINT ( 'NONE',  ( -5.762948562825714660, 0.4402729112369745956, 19.79999999999999716 ) ) ;
#4297 = FILL_AREA_STYLE ('',( #4914 ) ) ;
#4298 = CARTESIAN_POINT ( 'NONE',  ( 2.087499999999999911, 0.5849999999999998535, -2.754830917718798844 ) ) ;
#4299 = STYLED_ITEM ( 'NONE', ( #6261 ), #1410 ) ;
#4300 = LINE ( 'NONE', #8494, #3333 ) ;
#4301 = CARTESIAN_POINT ( 'NONE',  ( -5.674571356880955264, -1.072533670686047769, 19.79999999999999361 ) ) ;
#4302 = SURFACE_STYLE_USAGE ( .BOTH. , #3628 ) ;
#4303 = CARTESIAN_POINT ( 'NONE',  ( -1.868515763110458083, 2.645519150546383980, 2.969165229559820762 ) ) ;
#4304 = CARTESIAN_POINT ( 'NONE',  ( 4.349385432184959654, 0.000000000000000000, 0.7000000000000030642 ) ) ;
#4305 = LINE ( 'NONE', #4346, #2291 ) ;
#4306 = CARTESIAN_POINT ( 'NONE',  ( 1.781444497369036206, 0.9069933507469334355, 3.022064739156450131 ) ) ;
#4307 = CARTESIAN_POINT ( 'NONE',  ( -1.170577775523678588, -2.608163458897883036, 0.6502700085787320727 ) ) ;
#4308 = CARTESIAN_POINT ( 'NONE',  ( -2.300000000047930371, 2.816687638097610210E-16, 18.50000000001728040 ) ) ;
#4309 = ORIENTED_EDGE ( 'NONE', *, *, #2772, .T. ) ;
#4310 = CARTESIAN_POINT ( 'NONE',  ( -3.584309189323195088, -3.840338273313702810, 23.60000000000000142 ) ) ;
#4311 = CARTESIAN_POINT ( 'NONE',  ( 1.675361724247731221, 2.007773820587183344, 4.062213304289154614 ) ) ;
#4312 = CARTESIAN_POINT ( 'NONE',  ( 1.784887749626119957, -0.9023168646471160237, 3.391484666840950180 ) ) ;
#4313 = CARTESIAN_POINT ( 'NONE',  ( -2.075290510432150182, 0.8686045353372060518, 0.3536250458933549723 ) ) ;
#4314 = ORIENTED_EDGE ( 'NONE', *, *, #703, .F. ) ;
#4315 = ADVANCED_FACE ( 'NONE', ( #7656 ), #1627, .T. ) ;
#4316 = ORIENTED_EDGE ( 'NONE', *, *, #5075, .T. ) ;
#4317 = CARTESIAN_POINT ( 'NONE',  ( 1.603965714669175036, 1.858020011712230302, 4.062213270710811841 ) ) ;
#4318 = CARTESIAN_POINT ( 'NONE',  ( -1.193546132195622889, -2.576699234487307866, 0.7666085965705830008 ) ) ;
#4319 = CARTESIAN_POINT ( 'NONE',  ( 5.749999999999996447, -11.49999999999999645, 23.39289321881345529 ) ) ;
#4320 = CARTESIAN_POINT ( 'NONE',  ( 0.9675977959324829625, -1.860151826978029943, 1.943675179696910060 ) ) ;
#4321 = COLOUR_RGB ( '',0.8313725490196077761, 0.8313725490196077761, 0.8313725490196077761 ) ;
#4322 = B_SPLINE_CURVE_WITH_KNOTS ( 'NONE', 3,
 ( #3739, #6452, #8515, #4456, #2450, #1893 ),
 .UNSPECIFIED., .F., .F.,
 ( 4, 2, 4 ),
 ( 1.407404511575928528E-10, 0.0004229963367848781704, 0.0008459925328293052549 ),
 .UNSPECIFIED. ) ;
#4323 = CARTESIAN_POINT ( 'NONE',  ( 1.171324411485893169, -2.435155655655644402, 1.846238035744651285 ) ) ;
#4324 = ORIENTED_EDGE ( 'NONE', *, *, #650, .F. ) ;
#4325 = CARTESIAN_POINT ( 'NONE',  ( -1.170012465633494925, -2.652140308944539893, 0.3619400617695083255 ) ) ;
#4326 = PRESENTATION_LAYER_ASSIGNMENT (  '', '', ( #5083 ) ) ;
#4327 = CARTESIAN_POINT ( 'NONE',  ( 2.070247336351750178, 1.706611441685740083, 4.062213304289159943 ) ) ;
#4328 = CONICAL_SURFACE ( 'NONE', #1321, 2.299999999991086952, 0.7853981633974482790 ) ;
#4329 = CARTESIAN_POINT ( 'NONE',  ( 2.614955567827029981, 0.000000000000000000, 4.062213304289150173 ) ) ;
#4330 = CARTESIAN_POINT ( 'NONE',  ( 0.2659922700734049794, 2.014609541142740046, 1.127511258060150068 ) ) ;
#4331 = CARTESIAN_POINT ( 'NONE',  ( 1.170108468000919943, -2.338610563973460010, 3.619679129526180539 ) ) ;
#4332 = CARTESIAN_POINT ( 'NONE',  ( -1.779292794748222439, 0.9133856205801836881, 3.391484666840950180 ) ) ;
#4333 = CARTESIAN_POINT ( 'NONE',  ( 1.925659140581319706, 0.6238738860860504332, 3.562205064554529788 ) ) ;
#4334 = CARTESIAN_POINT ( 'NONE',  ( -2.655630780274498282, 1.170053994581395695, 0.3998315671950800620 ) ) ;
#4335 = CARTESIAN_POINT ( 'NONE',  ( 1.170000000000000151, 2.672500000000000320, 0.07280014852716965024 ) ) ;
#4336 = CARTESIAN_POINT ( 'NONE',  ( -2.639955567827029448, 0.3358813240297680580, 0.7000000000000028422 ) ) ;
#4337 = PRESENTATION_LAYER_ASSIGNMENT (  '', '', ( #5330 ) ) ;
#4338 = PRESENTATION_LAYER_ASSIGNMENT (  '', '', ( #3481 ) ) ;
#4339 = CARTESIAN_POINT ( 'NONE',  ( -5.036417676994842552, 2.827575027077622760, 19.80000000000000071 ) ) ;
#4340 = FILL_AREA_STYLE_COLOUR ( '', #3672 ) ;
#4341 = CARTESIAN_POINT ( 'NONE',  ( 2.323843015214129171, -1.199314226916120107, 3.391840585329950031 ) ) ;
#4342 = CARTESIAN_POINT ( 'NONE',  ( 2.338649169642695647, -1.169992171010515669, 3.462676777723452837 ) ) ;
#4343 = DIRECTION ( 'NONE',  ( 0.000000000000000000, 1.000000000000000000, 0.000000000000000000 ) ) ;
#4344 =( NAMED_UNIT ( * ) SI_UNIT ( $, .STERADIAN. ) SOLID_ANGLE_UNIT ( ) );
#4345 = FILL_AREA_STYLE ('',( #5552 ) ) ;
#4346 = CARTESIAN_POINT ( 'NONE',  ( 2.614955567827029981, 0.000000000000000000, 9.599999999999999645 ) ) ;
#4347 = CARTESIAN_POINT ( 'NONE',  ( 1.883923240499510099, 0.8873499345468159882, 1.943675179695550037 ) ) ;
#4348 = UNCERTAINTY_MEASURE_WITH_UNIT (LENGTH_MEASURE( 1.000000000000000082E-05 ), #1688, 'distance_accuracy_value', 'NONE');
#4349 = CARTESIAN_POINT ( 'NONE',  ( -1.169999999999999929, -2.477500000000000036, 0.1648747531013670109 ) ) ;
#4350 = CARTESIAN_POINT ( 'NONE',  ( 5.660845304645386378, 1.142800032688458201, 19.80000000000000071 ) ) ;
#4351 = VERTEX_POINT ( 'NONE', #7808 ) ;
#4352 = CARTESIAN_POINT ( 'NONE',  ( 2.723191309690543349, -4.489393257112878288, 23.60000000000000497 ) ) ;
#4353 = AXIS2_PLACEMENT_3D ( 'NONE', #8455, #1527, #5681 ) ;
#4354 = SURFACE_STYLE_FILL_AREA ( #3683 ) ;
#4355 = EDGE_CURVE ( 'NONE', #4194, #8427, #1689, .T. ) ;
#4356 = CARTESIAN_POINT ( 'NONE',  ( -2.490227280228785922, 1.170346387514475950, 1.439105614983637649 ) ) ;
#4357 = CARTESIAN_POINT ( 'NONE',  ( -2.029507080745069914, 0.5501072345635610317, 0.7659099622955359843 ) ) ;
#4358 = EDGE_LOOP ( 'NONE', ( #8189, #2602, #5914, #5166 ) ) ;
#4359 = COLOUR_RGB ( '',0.8313725490196077761, 0.8313725490196077761, 0.8313725490196077761 ) ;
#4360 = ORIENTED_EDGE ( 'NONE', *, *, #2598, .T. ) ;
#4361 = CARTESIAN_POINT ( 'NONE',  ( 1.393057972027093250, 1.436374676556030794, 4.062213304289150173 ) ) ;
#4362 = CARTESIAN_POINT ( 'NONE',  ( -0.2924999999999999822, -2.672499999999999876, 0.1698237983775840176 ) ) ;
#4363 = EDGE_CURVE ( 'NONE', #3201, #8220, #7709, .T. ) ;
#4364 =( LENGTH_UNIT ( ) NAMED_UNIT ( * ) SI_UNIT ( .MILLI., .METRE. ) );
#4365 = CARTESIAN_POINT ( 'NONE',  ( 0.2924999999999999822, -2.087499999999999911, 0.000000000000000000 ) ) ;
#4366 = FILL_AREA_STYLE_COLOUR ( '', #6555 ) ;
#4367 = LINE ( 'NONE', #5031, #167 ) ;
#4368 = CARTESIAN_POINT ( 'NONE',  ( 1.169999999999999929, -2.674450000000000216, 0.000000000000000000 ) ) ;
#4369 = ORIENTED_EDGE ( 'NONE', *, *, #7923, .F. ) ;
#4370 = DIRECTION ( 'NONE',  ( 1.000000000000000000, 0.000000000000000000, 0.000000000000000000 ) ) ;
#4371 = CARTESIAN_POINT ( 'NONE',  ( 1.929685463755210328, 1.460694369927139968, 4.062214983206589913 ) ) ;
#4372 = CARTESIAN_POINT ( 'NONE',  ( 0.4607690719104730048, 1.950811633123340050, 3.562213309405399819 ) ) ;
#4373 =( GEOMETRIC_REPRESENTATION_CONTEXT ( 3 ) GLOBAL_UNCERTAINTY_ASSIGNED_CONTEXT ( ( #5417 ) ) GLOBAL_UNIT_ASSIGNED_CONTEXT ( ( #4509, #5336, #1264 ) ) REPRESENTATION_CONTEXT ( 'NONE', 'WORKASPACE' ) );
#4374 = DIRECTION ( 'NONE',  ( -0.000000000000000000, -0.000000000000000000, -1.000000000000000000 ) ) ;
#4375 = SURFACE_SIDE_STYLE ('',( #6424 ) ) ;
#4376 = CARTESIAN_POINT ( 'NONE',  ( 1.169779720367114750, 2.591815117063305696, 0.7198289585504136223 ) ) ;
#4377 = FILL_AREA_STYLE_COLOUR ( '', #155 ) ;
#4378 = STYLED_ITEM ( 'NONE', ( #3076 ), #6029 ) ;
#4379 = CARTESIAN_POINT ( 'NONE',  ( -3.721688888354043101, 4.423778153829963422, 19.79999999999999716 ) ) ;
#4380 =( LENGTH_UNIT ( ) NAMED_UNIT ( * ) SI_UNIT ( .MILLI., .METRE. ) );
#4381 = CARTESIAN_POINT ( 'NONE',  ( 2.413146107057446255, -1.192200460016294539, 1.944948958557380037 ) ) ;
#4382 =( NAMED_UNIT ( * ) SI_UNIT ( $, .STERADIAN. ) SOLID_ANGLE_UNIT ( ) );
#4383 = SURFACE_SIDE_STYLE ('',( #7602 ) ) ;
#4384 = LINE ( 'NONE', #165, #439 ) ;
#4385 =( GEOMETRIC_REPRESENTATION_CONTEXT ( 3 ) GLOBAL_UNCERTAINTY_ASSIGNED_CONTEXT ( ( #6034 ) ) GLOBAL_UNIT_ASSIGNED_CONTEXT ( ( #6220, #3771, #1575 ) ) REPRESENTATION_CONTEXT ( 'NONE', 'WORKASPACE' ) );
#4386 = CARTESIAN_POINT ( 'NONE',  ( 0.5069193820165278641, 3.196754870985474284, 2.969165229559820762 ) ) ;
#4387 = CARTESIAN_POINT ( 'NONE',  ( -0.9149839183669026266, -2.423035533076885351, 18.50000000000000355 ) ) ;
#4388 = CARTESIAN_POINT ( 'NONE',  ( 1.365641244223463335, -2.922656144997539673, 2.969165229559820762 ) ) ;
#4389 = CARTESIAN_POINT ( 'NONE',  ( 1.784227553505639996, 0.9015126316090331660, 3.022064739156450131 ) ) ;
#4390 = CARTESIAN_POINT ( 'NONE',  ( -1.170917004731294009, -2.340498065203291400, 3.462677475937208982 ) ) ;
#4391 = FILL_AREA_STYLE_COLOUR ( '', #4096 ) ;
#4392 = ADVANCED_FACE ( 'NONE', ( #7011 ), #8495, .T. ) ;
#4393 = ORIENTED_EDGE ( 'NONE', *, *, #5810, .T. ) ;
#4394 = CARTESIAN_POINT ( 'NONE',  ( 0.1603813666556161976, -5.250016201642512037, 23.60000000000000497 ) ) ;
#4395 = PRESENTATION_STYLE_ASSIGNMENT (( #7642 ) ) ;
#4396 = VECTOR ( 'NONE', #1864, 1000.000000000000000 ) ;
#4397 = CARTESIAN_POINT ( 'NONE',  ( -0.8460421177837992301, -2.352598385350581633, 23.60000000000000853 ) ) ;
#4398 = CARTESIAN_POINT ( 'NONE',  ( -1.786698503193220100, 0.8966354973481980295, 3.022064739160810198 ) ) ;
#4399 = VERTEX_POINT ( 'NONE', #1644 ) ;
#4400 =( GEOMETRIC_REPRESENTATION_CONTEXT ( 3 ) GLOBAL_UNCERTAINTY_ASSIGNED_CONTEXT ( ( #7032 ) ) GLOBAL_UNIT_ASSIGNED_CONTEXT ( ( #7763, #1858, #8690 ) ) REPRESENTATION_CONTEXT ( 'NONE', 'WORKASPACE' ) );
#4401 = VECTOR ( 'NONE', #3185, 1000.000000000000114 ) ;
#4402 = CARTESIAN_POINT ( 'NONE',  ( 2.069736196554520014, -1.180709298228100002, 3.932447788256490107 ) ) ;
#4403 = CIRCLE ( 'NONE', #839, 0.02499999999999984873 ) ;
#4404 = EDGE_CURVE ( 'NONE', #8016, #8143, #4384, .T. ) ;
#4405 = EDGE_LOOP ( 'NONE', ( #676, #3743, #2434, #4276 ) ) ;
#4406 = CARTESIAN_POINT ( 'NONE',  ( 1.398680199180519779, 1.433562399259972198, 4.062213304289150173 ) ) ;
#4407 = CARTESIAN_POINT ( 'NONE',  ( -0.3054169571527109994, -2.603036770860629900, 3.391840585329950031 ) ) ;
#4408 = CARTESIAN_POINT ( 'NONE',  ( -1.169999999999999929, 2.674521329332055330, 0.000000000000000000 ) ) ;
#4409 = FILL_AREA_STYLE_COLOUR ( '', #6453 ) ;
#4410 = CARTESIAN_POINT ( 'NONE',  ( -6.739644660940671272, 8.253684261411542803E-16, 19.79999999999999716 ) ) ;
#4411 = STYLED_ITEM ( 'NONE', ( #3857 ), #5314 ) ;
#4412 = ORIENTED_EDGE ( 'NONE', *, *, #2616, .F. ) ;
#4413 = CARTESIAN_POINT ( 'NONE',  ( 2.672499999999999876, 0.2174125788124130210, -3.419999999999999929 ) ) ;
#4414 = STYLED_ITEM ( 'NONE', ( #273 ), #2133 ) ;
#4415 = CARTESIAN_POINT ( 'NONE',  ( 1.169999999999999929, 2.676400000000000112, 0.000000000000000000 ) ) ;
#4416 = ORIENTED_EDGE ( 'NONE', *, *, #7923, .T. ) ;
#4417 = CARTESIAN_POINT ( 'NONE',  ( 2.087499999999999911, 1.196505226946034339, 0.000000000000000000 ) ) ;
#4418 = PLANE ( 'NONE',  #3126 ) ;
#4419 = CARTESIAN_POINT ( 'NONE',  ( -0.8973436356097651556, 1.787395505694870046, 3.391484670832360493 ) ) ;
#4420 = PRODUCT ( 'terminal', 'terminal', '', ( #6152 ) ) ;
#4421 = B_SPLINE_CURVE_WITH_KNOTS ( 'NONE', 3,
 ( #6695, #3450, #4826, #1966 ),
 .UNSPECIFIED., .F., .F.,
 ( 4, 4 ),
 ( 0.000000000000000000, 0.9999430843126153601 ),
 .UNSPECIFIED. ) ;
#4422 = DIRECTION ( 'NONE',  ( -1.000000000000000000, 1.224646799147350002E-16, 0.000000000000000000 ) ) ;
#4423 = MECHANICAL_DESIGN_GEOMETRIC_PRESENTATION_REPRESENTATION (  '', ( #1000 ), #1855 ) ;
#4424 = CARTESIAN_POINT ( 'NONE',  ( -1.788925683043190107, 0.8951142490607929547, 3.310600361383260637 ) ) ;
#4425 = DIRECTION ( 'NONE',  ( 0.000000000000000000, -1.000000000000000000, -0.000000000000000000 ) ) ;
#4426 = EDGE_CURVE ( 'NONE', #3362, #3745, #6640, .T. ) ;
#4427 = CARTESIAN_POINT ( 'NONE',  ( -1.498511767863651256, 1.647197381873634514, 4.062213338820048314 ) ) ;
#4428 = AXIS2_PLACEMENT_3D ( 'NONE', #2209, #1526, #4263 ) ;
#4429 = CARTESIAN_POINT ( 'NONE',  ( -0.3528743133875533733, 5.774967593596153748, 19.79999999999999716 ) ) ;
#4430 = CARTESIAN_POINT ( 'NONE',  ( 0.5849999999999999645, -2.087499999999999911, 0.000000000000000000 ) ) ;
#4431 = CARTESIAN_POINT ( 'NONE',  ( -2.583213986900410042, -1.169999999999999929, 0.7456783879374899726 ) ) ;
#4432 = CARTESIAN_POINT ( 'NONE',  ( -1.169999999999999707, -2.087499999999999911, 0.07286165902754161705 ) ) ;
#4433 = B_SPLINE_CURVE_WITH_KNOTS ( 'NONE', 3,
 ( #6934, #180, #2939, #6400, #221, #5646, #3029, #4982, #6359, #2440, #8679, #2567, #431, #6615, #7824, #1137, #8641, #2488, #1046, #5775, #4582, #8507, #5812, #4397, #4493, #508, #2387, #7113, #5288, #5108, #3161, #5858, #6572, #2529, #7246, #1703, #3870, #4447 ),
 .UNSPECIFIED., .F., .F.,
 ( 4, 1, 1, 1, 2, 2, 2, 1, 1, 1, 2, 2, 2, 1, 1, 1, 2, 2, 2, 1, 1, 1, 2, 2, 4 ),
 ( 0.000000000000000000, 0.06250000000000001388, 0.09374999999999998612, 0.1093749999999999861, 0.1171875000000000278, 0.1250000000000000833, 0.2500000000000011657, 0.3125000000000017208, 0.3437500000000019984, 0.3593750000000021649, 0.3671875000000022204, 0.3750000000000022760, 0.5000000000000017764, 0.5625000000000015543, 0.5937500000000014433, 0.6093750000000014433, 0.6171875000000014433, 0.6250000000000014433, 0.7500000000000008882, 0.8125000000000005551, 0.8437500000000003331, 0.8593750000000001110, 0.8671875000000001110, 0.8750000000000001110, 1.000000000000000000 ),
 .UNSPECIFIED. ) ;
#4434 = DIRECTION ( 'NONE',  ( 1.607798776342449901E-16, 0.8752448882741049596, -0.4836800446059870140 ) ) ;
#4435 = CARTESIAN_POINT ( 'NONE',  ( 1.788671819443420574, -0.8948891699986541992, 3.461860776395684791 ) ) ;
#4436 =( GEOMETRIC_REPRESENTATION_CONTEXT ( 3 ) GLOBAL_UNCERTAINTY_ASSIGNED_CONTEXT ( ( #2835 ) ) GLOBAL_UNIT_ASSIGNED_CONTEXT ( ( #8518, #2404, #5703 ) ) REPRESENTATION_CONTEXT ( 'NONE', 'WORKASPACE' ) );
#4437 = CARTESIAN_POINT ( 'NONE',  ( -3.225000000000000533, 0.2049601184012520005, 2.969165229559820318 ) ) ;
#4438 = SURFACE_STYLE_USAGE ( .BOTH. , #8319 ) ;
#4439 = CARTESIAN_POINT ( 'NONE',  ( 2.423027374707345416, -0.9150045379981089910, 18.50000000000000355 ) ) ;
#4440 = CARTESIAN_POINT ( 'NONE',  ( 1.238700184639806690, -2.977760585244266789, 2.969165229559820762 ) ) ;
#4441 = CARTESIAN_POINT ( 'NONE',  ( 2.029507080744520131, 0.5501072345637599836, 0.7659099622468730217 ) ) ;
#4442 = CARTESIAN_POINT ( 'NONE',  ( 2.069294121677125897, -1.153005335934160103, 0.3616551021424808665 ) ) ;
#4443 = CARTESIAN_POINT ( 'NONE',  ( -2.658131251191645283, -1.193780029828358069, 0.3537504162900820814 ) ) ;
#4444 = ORIENTED_EDGE ( 'NONE', *, *, #2073, .T. ) ;
#4445 = CARTESIAN_POINT ( 'NONE',  ( 2.495715199324240352, 4.624874844328428658, 23.60000000000000497 ) ) ;
#4446 = CARTESIAN_POINT ( 'NONE',  ( 2.379999999999999893, -0.2174125788124139924, -3.419999999999999929 ) ) ;
#4447 = CARTESIAN_POINT ( 'NONE',  ( -2.500000000000000000, 1.020538999289461910E-16, 23.59999999999999787 ) ) ;
#4448 = CARTESIAN_POINT ( 'NONE',  ( -2.002935607763070003, 1.099025206362419960, 0.7659099622955359843 ) ) ;
#4449 = ORIENTED_EDGE ( 'NONE', *, *, #842, .T. ) ;
#4450 =( LENGTH_UNIT ( ) NAMED_UNIT ( * ) SI_UNIT ( .MILLI., .METRE. ) );
#4451 = DIRECTION ( 'NONE',  ( -1.224646799147353207E-16, -1.000000000000000000, 0.000000000000000000 ) ) ;
#4452 = UNCERTAINTY_MEASURE_WITH_UNIT (LENGTH_MEASURE( 1.000000000000000082E-05 ), #7671, 'distance_accuracy_value', 'NONE');
#4453 = ORIENTED_EDGE ( 'NONE', *, *, #2259, .F. ) ;
#4454 = CARTESIAN_POINT ( 'NONE',  ( 5.727798537734049233, -0.7461608485519732881, 19.80000000000000071 ) ) ;
#4455 = CARTESIAN_POINT ( 'NONE',  ( -1.046657119270163472, 1.950588932097603090, 1.071363966587360217 ) ) ;
#4456 = CARTESIAN_POINT ( 'NONE',  ( -1.741071723034054219, 0.9903312863881698069, 3.832866618528479208 ) ) ;
#4457 = AXIS2_PLACEMENT_3D ( 'NONE', #2469, #3757, #7948 ) ;
#4458 = CARTESIAN_POINT ( 'NONE',  ( -6.750000000000001776, -13.49999999999999645, 19.77499999999999858 ) ) ;
#4459 = ORIENTED_EDGE ( 'NONE', *, *, #1184, .T. ) ;
#4460 = CARTESIAN_POINT ( 'NONE',  ( 0.000000000000000000, 0.000000000000000000, 9.599999999999999645 ) ) ;
#4461 = CARTESIAN_POINT ( 'NONE',  ( 1.171810843814975467, 2.346550981392933277, 3.044363632508120698 ) ) ;
#4462 = ORIENTED_EDGE ( 'NONE', *, *, #592, .T. ) ;
#4463 = SURFACE_STYLE_USAGE ( .BOTH. , #7046 ) ;
#4465 = CARTESIAN_POINT ( 'NONE',  ( -1.188556337849052458, 2.087499999999999911, 0.000000000000000000 ) ) ;
#4464 = MECHANICAL_DESIGN_GEOMETRIC_PRESENTATION_REPRESENTATION (  '', ( #53 ), #7588 ) ;
#4466 = EDGE_CURVE ( 'NONE', #7694, #772, #8362, .T. ) ;
#4467 = LINE ( 'NONE', #5306, #3195 ) ;
#4468 = CARTESIAN_POINT ( 'NONE',  ( -2.155592916961050154, 1.078371416353600010, 3.310941330542950034 ) ) ;
#4469 = FACE_OUTER_BOUND ( 'NONE', #3873, .T. ) ;
#4470 = MECHANICAL_DESIGN_GEOMETRIC_PRESENTATION_REPRESENTATION (  '', ( #3909 ), #1049 ) ;
#4471 = CARTESIAN_POINT ( 'NONE',  ( -1.064544030957053966, 2.127842975436554873, 3.459194862029574935 ) ) ;
#4472 = CARTESIAN_POINT ( 'NONE',  ( 1.507191981411409643, 5.580401042315671134, 19.80000000000000071 ) ) ;
#4473 = DIRECTION ( 'NONE',  ( -1.000000000000000000, 0.000000000000000000, 0.000000000000000000 ) ) ;
#4474 = FILL_AREA_STYLE ('',( #6386 ) ) ;
#4475 = EDGE_CURVE ( 'NONE', #1212, #2017, #5635, .T. ) ;
#4476 = FILL_AREA_STYLE_COLOUR ( '', #5617 ) ;
#4477 = CARTESIAN_POINT ( 'NONE',  ( 2.000000000000001776, -4.898587196589417759E-16, 23.39289321881345529 ) ) ;
#4478 =( GEOMETRIC_REPRESENTATION_CONTEXT ( 3 ) GLOBAL_UNCERTAINTY_ASSIGNED_CONTEXT ( ( #4176 ) ) GLOBAL_UNIT_ASSIGNED_CONTEXT ( ( #4093, #8812, #8763 ) ) REPRESENTATION_CONTEXT ( 'NONE', 'WORKASPACE' ) );
#4479 = CARTESIAN_POINT ( 'NONE',  ( -1.718886138634670102, 1.355193710313409960, 4.062211577744260005 ) ) ;
#4480 = COLOUR_RGB ( '',0.2862745098039215508, 0.2862745098039215508, 0.2862745098039215508 ) ;
#4481 = SURFACE_STYLE_USAGE ( .BOTH. , #373 ) ;
#4482 = CARTESIAN_POINT ( 'NONE',  ( -2.000000000000000000, 2.449293598294706414E-16, 18.51035533905932695 ) ) ;
#4483 = CARTESIAN_POINT ( 'NONE',  ( -2.279546023943150423, -1.235766166578179170, 18.50000000000000000 ) ) ;
#4484 = CARTESIAN_POINT ( 'NONE',  ( -4.409532436802679811, 8.819064873605359622, 2.979520568619147269 ) ) ;
#4485 = CIRCLE ( 'NONE', #7181, 4.409532436802679811 ) ;
#4486 = CARTESIAN_POINT ( 'NONE',  ( -0.9348509469808796712, -1.831074697413991315, 2.337636333020153945 ) ) ;
#4487 = CARTESIAN_POINT ( 'NONE',  ( -2.415542078872380483, -1.184771284082529519, 1.944948958572229936 ) ) ;
#4488 = ORIENTED_EDGE ( 'NONE', *, *, #2802, .F. ) ;
#4489 = CARTESIAN_POINT ( 'NONE',  ( 4.443752139779759247, 2.797081394827120260, 23.60000000000000853 ) ) ;
#4490 = CARTESIAN_POINT ( 'NONE',  ( 2.672499999999999876, 1.185922312345388807, 0.000000000000000000 ) ) ;
#4491 = CARTESIAN_POINT ( 'NONE',  ( 1.596671502086602912, 6.534333988653695080, 19.80000000000000071 ) ) ;
#4492 =( NAMED_UNIT ( * ) PLANE_ANGLE_UNIT ( ) SI_UNIT ( $, .RADIAN. ) );
#4493 = CARTESIAN_POINT ( 'NONE',  ( -0.8832027952096096479, -2.338877794310510794, 23.59999999999999787 ) ) ;
#4494 = CARTESIAN_POINT ( 'NONE',  ( -1.786143721144890062, -0.8998321198836871648, 3.391484666840950180 ) ) ;
#4495 = ORIENTED_EDGE ( 'NONE', *, *, #7545, .T. ) ;
#4496 = AXIS2_PLACEMENT_3D ( 'NONE', #5317, #6689, #4653 ) ;
#4497 = EDGE_CURVE ( 'NONE', #6223, #8566, #4831, .T. ) ;
#4498 = B_SPLINE_SURFACE_WITH_KNOTS ( 'NONE', 3, 3, ( 
 ( #7849, #1730, #1025, #8278 ),
 ( #7596, #1777, #5186, #6881 ),
 ( #2877, #7800, #4471, #1486 ),
 ( #1683, #4266, #120, #780 ),
 ( #2167, #4221, #7183, #6265 ),
 ( #8574, #1529, #6219, #6974 ),
 ( #3140, #4879, #2213, #7896 ),
 ( #408, #865, #3501, #2831 ),
 ( #5554, #4427, #6311, #213 ),
 ( #6925, #3546, #8324, #4925 ),
 ( #2929, #5755, #7140, #2368 ) ),
 .UNSPECIFIED., .F., .F., .F.,
 ( 4, 3, 1, 3, 4 ),
 ( 4, 4 ),
 ( -0.01009999999999999960, 0.000000000000000000, 0.5000000000000000000, 1.000000000000000000, 1.010000000000000009 ),
 ( -0.07071778064237889405, 6.765415824075770126E-16 ),
 .UNSPECIFIED. ) ;
#4499 = ORIENTED_EDGE ( 'NONE', *, *, #661, .F. ) ;
#4500 = DIRECTION ( 'NONE',  ( -0.000000000000000000, 0.000000000000000000, 1.000000000000000000 ) ) ;
#4501 = CARTESIAN_POINT ( 'NONE',  ( -1.507191981412827619, -5.580401042314926841, 19.80000000000000071 ) ) ;
#4502 = CARTESIAN_POINT ( 'NONE',  ( -0.8983734277536720159, 1.792465724855990095, 3.043416936777370463 ) ) ;
#4503 = CARTESIAN_POINT ( 'NONE',  ( 1.116930009412602232, -2.001839075928089073, 0.7659099622496909898 ) ) ;
#4504 = CARTESIAN_POINT ( 'NONE',  ( 2.075290510432299840, -0.8686045353372889855, 0.3536250458873150260 ) ) ;
#4505 = CARTESIAN_POINT ( 'NONE',  ( -6.750000000000000000, 8.266365894244633347E-16, 19.78964466094067021 ) ) ;
#4506 = CARTESIAN_POINT ( 'NONE',  ( 1.169999999999999929, -2.674450000000000216, 0.1648747531013509959 ) ) ;
#4507 = ORIENTED_EDGE ( 'NONE', *, *, #8489, .F. ) ;
#4508 = CARTESIAN_POINT ( 'NONE',  ( 1.783136697887493849, 0.8921200562759814545, 3.462469410893485033 ) ) ;
#4509 =( LENGTH_UNIT ( ) NAMED_UNIT ( * ) SI_UNIT ( .MILLI., .METRE. ) );
#4510 = EDGE_CURVE ( 'NONE', #5825, #4756, #3710, .T. ) ;
#4511 = EDGE_LOOP ( 'NONE', ( #3177, #5780, #6929, #3774 ) ) ;
#4512 = CARTESIAN_POINT ( 'NONE',  ( 1.201116522744777981, -2.576132485717488318, 0.7666085965705830008 ) ) ;
#4513 = CARTESIAN_POINT ( 'NONE',  ( -0.4849731050848600233, 1.958008703064310074, 2.444599270131050162 ) ) ;
#4514 = DIRECTION ( 'NONE',  ( -1.224646799147350002E-16, -1.000000000000000000, 0.000000000000000000 ) ) ;
#4515 = CARTESIAN_POINT ( 'NONE',  ( -2.338664820565219848, 1.169999999999999929, 3.462676791579830216 ) ) ;
#4516 = EDGE_CURVE ( 'NONE', #4727, #7248, #2386, .T. ) ;
#4517 = CARTESIAN_POINT ( 'NONE',  ( 6.749257393156133489, -1.653091292630053552E-15, 10.24702156662953278 ) ) ;
#4518 = DIRECTION ( 'NONE',  ( -1.224646799147353207E-16, -1.000000000000000000, 0.000000000000000000 ) ) ;
#4519 = CARTESIAN_POINT ( 'NONE',  ( -2.270147920684559839, -1.162703706942580073, 0.3444917055774840420 ) ) ;
#4520 = DIRECTION ( 'NONE',  ( 1.000000000000000000, -1.836970198721029934E-16, 0.000000000000000000 ) ) ;
#4521 = DIRECTION ( 'NONE',  ( 0.000000000000000000, 0.000000000000000000, 1.000000000000000000 ) ) ;
#4522 = CARTESIAN_POINT ( 'NONE',  ( -1.784801026550354219, -0.9024897044282023106, 3.562188508232089212 ) ) ;
#4523 =( LENGTH_UNIT ( ) NAMED_UNIT ( * ) SI_UNIT ( .MILLI., .METRE. ) );
#4524 = CARTESIAN_POINT ( 'NONE',  ( -6.725000000000000533, 8.235749724265951927E-16, 19.79999999999999716 ) ) ;
#4525 = CARTESIAN_POINT ( 'NONE',  ( -5.542893218813452094, 6.788086438435464074E-16, 23.60000000000000142 ) ) ;
#4526 = CARTESIAN_POINT ( 'NONE',  ( -0.6826474968745083194, -2.500971411262640220, 18.50000000000000355 ) ) ;
#4527 = CARTESIAN_POINT ( 'NONE',  ( -0.8949261614074205395, 1.788745770200249607, 3.461860930160531424 ) ) ;
#4528 = CARTESIAN_POINT ( 'NONE',  ( -4.013586703811643730, -5.398233219613270073, 19.80000000000000426 ) ) ;
#4529 = AXIS2_PLACEMENT_3D ( 'NONE', #2521, #8000, #2672 ) ;
#4530 = B_SPLINE_CURVE_WITH_KNOTS ( 'NONE', 3,
 ( #3515, #140, #4237, #881, #7040, #5571, #1501, #924, #269, #838, #7756, #3651 ),
 .UNSPECIFIED., .F., .F.,
 ( 4, 2, 2, 2, 2, 4 ),
 ( 0.000000000000000000, 0.0002173058131395256231, 0.0004346116262790512461, 0.0008692232525581024922, 0.001738446505116204984, 0.003476893010232409969 ),
 .UNSPECIFIED. ) ;
#4531 = ADVANCED_FACE ( 'NONE', ( #5721 ), #2581, .T. ) ;
#4532 = CARTESIAN_POINT ( 'NONE',  ( -1.158869823361245111, -2.071562003988030476, 0.3416452812938885475 ) ) ;
#4533 = CARTESIAN_POINT ( 'NONE',  ( -2.658108481440617954, -1.201634620823156974, 0.3537504162900820814 ) ) ;
#4534 = ORIENTED_EDGE ( 'NONE', *, *, #7747, .F. ) ;
#4535 = CARTESIAN_POINT ( 'NONE',  ( 2.096299854888450831, 4.813532977526516987, 23.59999999999999432 ) ) ;
#4536 =( NAMED_UNIT ( * ) SI_UNIT ( $, .STERADIAN. ) SOLID_ANGLE_UNIT ( ) );
#4537 = STYLED_ITEM ( 'NONE', ( #4206 ), #5798 ) ;
#4538 = B_SPLINE_CURVE_WITH_KNOTS ( 'NONE', 3,
 ( #7178, #1772, #2544, #5879, #1866, #2506 ),
 .UNSPECIFIED., .F., .F.,
 ( 4, 2, 4 ),
 ( 0.000000000000000000, 0.0004211357010779537735, 0.0008422714021559075471 ),
 .UNSPECIFIED. ) ;
#4539 = CARTESIAN_POINT ( 'NONE',  ( 2.500764220175847985, 6.242797228731266301, 19.80000000000000071 ) ) ;
#4540 = FACE_OUTER_BOUND ( 'NONE', #7508, .T. ) ;
#4541 = CARTESIAN_POINT ( 'NONE',  ( 2.317157034016746664, 0.9386997080410461880, 23.60000000000000497 ) ) ;
#4542 = CARTESIAN_POINT ( 'NONE',  ( -1.948595373499000027, -0.4692762881063360370, 3.022064739160810198 ) ) ;
#4543 = ORIENTED_EDGE ( 'NONE', *, *, #3051, .F. ) ;
#4544 = CIRCLE ( 'NONE', #8386, 6.749257393156898210 ) ;
#4545 =( NAMED_UNIT ( * ) SI_UNIT ( $, .STERADIAN. ) SOLID_ANGLE_UNIT ( ) );
#4546 = CARTESIAN_POINT ( 'NONE',  ( 4.409532436802680699, -1.080023956893366381E-15, 2.994165229559819341 ) ) ;
#4547 = ORIENTED_EDGE ( 'NONE', *, *, #1220, .T. ) ;
#4548 = CARTESIAN_POINT ( 'NONE',  ( -0.1764371566951806192, -5.775016203201925435, 19.80000000000000426 ) ) ;
#4549 = CARTESIAN_POINT ( 'NONE',  ( -1.091805330194919987, 2.202788582836929798, 2.345710875480699897 ) ) ;
#4550 = CARTESIAN_POINT ( 'NONE',  ( 1.204454309312804616, -2.087499999999999911, 0.000000000000000000 ) ) ;
#4551 = CARTESIAN_POINT ( 'NONE',  ( 0.8764874895270128308, 2.437249556660413319, 18.50000000000000355 ) ) ;
#4552 = MECHANICAL_DESIGN_GEOMETRIC_PRESENTATION_REPRESENTATION (  '', ( #2546 ), #4682 ) ;
#4553 = CARTESIAN_POINT ( 'NONE',  ( 3.930527419668043976, 1.952903288342919597, 2.969165229559820318 ) ) ;
#4554 = VERTEX_POINT ( 'NONE', #6563 ) ;
#4555 = CARTESIAN_POINT ( 'NONE',  ( 2.073526764919550569, 1.158907044334717584, 0.3416456039900417907 ) ) ;
#4556 = CARTESIAN_POINT ( 'NONE',  ( -0.6834055635233590165, 1.884391338474669997, 3.562213309405399819 ) ) ;
#4557 =( GEOMETRIC_REPRESENTATION_CONTEXT ( 3 ) GLOBAL_UNCERTAINTY_ASSIGNED_CONTEXT ( ( #8802 ) ) GLOBAL_UNIT_ASSIGNED_CONTEXT ( ( #5719, #8449, #7805 ) ) REPRESENTATION_CONTEXT ( 'NONE', 'WORKASPACE' ) );
#4558 = CARTESIAN_POINT ( 'NONE',  ( -1.786858184502798874, 0.8939815758805090828, 3.462470800138221172 ) ) ;
#4559 = PLANE ( 'NONE',  #7978 ) ;
#4560 = EDGE_CURVE ( 'NONE', #2638, #302, #7263, .T. ) ;
#4561 = CARTESIAN_POINT ( 'NONE',  ( 0.8948891693965779215, -1.788671818976786509, 3.461860776389812600 ) ) ;
#4562 = CARTESIAN_POINT ( 'NONE',  ( -2.477500000000000036, -1.169999999999999929, 0.000000000000000000 ) ) ;
#4563 = DIRECTION ( 'NONE',  ( 0.8943529214773571212, 0.4473621037201476192, 0.000000000000000000 ) ) ;
#4564 = CARTESIAN_POINT ( 'NONE',  ( -2.500000000000000444, -4.999999999999999112, 23.60000000000000142 ) ) ;
#4565 = AXIS2_PLACEMENT_3D ( 'NONE', #1638, #8618, #3664 ) ;
#4566 = CARTESIAN_POINT ( 'NONE',  ( 2.496012680610760093, -1.169999999999999929, 1.343875944983520032 ) ) ;
#4567 = PRESENTATION_STYLE_ASSIGNMENT (( #3942 ) ) ;
#4568 =( NAMED_UNIT ( * ) PLANE_ANGLE_UNIT ( ) SI_UNIT ( $, .RADIAN. ) );
#4569 = CARTESIAN_POINT ( 'NONE',  ( 2.567224920253286413, -0.4071892696348921592, 18.50000000000000355 ) ) ;
#4570 = B_SPLINE_SURFACE_WITH_KNOTS ( 'NONE', 3, 3, ( 
 ( #3301, #3262, #8567, #3838, #5259, #4596, #5219, #5302, #4508 ),
 ( #482, #5961, #2453, #559, #7301, #8613, #2502, #7936, #1863 ),
 ( #8654, #1811, #4555, #1152, #7381, #8063, #6587, #1193, #6004 ),
 ( #3927, #6630, #8728, #5477, #8291, #4724, #7474, #2181, #6187 ),
 ( #6757, #5430, #1409, #654, #8769, #91, #7563, #136, #3346 ),
 ( #4808, #2042, #1498, #4894, #6894, #5381, #7606, #43, #4232 ),
 ( #8107, #1455, #6940, #2794, #5522, #8152, #8815, #2698, #2087 ),
 ( #4098, #8198, #7521, #1994, #3385, #4145, #2746, #2846, #4767 ),
 ( #1359, #1315, #748, #6047, #6850, #792, #2653, #6802, #6231 ),
 ( #3512, #5568, #3473, #7427, #4053, #6093, #702, #3431, #8244 ) ),
 .UNSPECIFIED., .F., .F., .F.,
 ( 4, 3, 3, 4 ),
 ( 4, 1, 1, 1, 1, 1, 4 ),
 ( -0.01009999999999999960, 0.000000000000000000, 1.000000000000000000, 1.010000000000000009 ),
 ( 0.000000000000000000, 0.1386939662306060084, 0.2773879324612120167, 0.4160818986918179974, 0.6934698311530299586, 0.8321637973836359947, 0.9708577636142420308 ),
 .UNSPECIFIED. ) ;
#4571 = CARTESIAN_POINT ( 'NONE',  ( -0.8969919360104889883, 1.790961354620859369, 3.170931226579829953 ) ) ;
#4572 = CARTESIAN_POINT ( 'NONE',  ( -5.083298838492040339, -4.427234836750303160, 19.80000000000000071 ) ) ;
#4573 = CARTESIAN_POINT ( 'NONE',  ( 1.201866208659439605, 2.672499999999999876, 0.1698237983775840176 ) ) ;
#4574 = CARTESIAN_POINT ( 'NONE',  ( -1.169999999999999929, -2.085530499999999954, 0.000000000000000000 ) ) ;
#4575 = CARTESIAN_POINT ( 'NONE',  ( -2.558997815599009851, -0.6082549803545369560, 1.944948958572229936 ) ) ;
#4576 = EDGE_LOOP ( 'NONE', ( #3449, #4595, #5558, #7527 ) ) ;
#4577 = CARTESIAN_POINT ( 'NONE',  ( 4.984197822684117263, 1.653242189760775638, 23.60000000000000142 ) ) ;
#4578 = CARTESIAN_POINT ( 'NONE',  ( 2.330545836102179802, 1.184375104303361237, 3.023199761055439971 ) ) ;
#4579 =( GEOMETRIC_REPRESENTATION_CONTEXT ( 3 ) GLOBAL_UNCERTAINTY_ASSIGNED_CONTEXT ( ( #1489 ) ) GLOBAL_UNIT_ASSIGNED_CONTEXT ( ( #5099, #5766, #6481 ) ) REPRESENTATION_CONTEXT ( 'NONE', 'WORKASPACE' ) );
#4580 = CARTESIAN_POINT ( 'NONE',  ( -6.242797228731263637, 2.500764220175920372, 19.80000000000000426 ) ) ;
#4581 = CARTESIAN_POINT ( 'NONE',  ( -4.349385432184958766, 1.775486982594478651E-16, 0.7000000000000030642 ) ) ;
#4582 = CARTESIAN_POINT ( 'NONE',  ( -0.3928921610220247884, -2.478117792812619680, 23.60000000000000142 ) ) ;
#4583 = CARTESIAN_POINT ( 'NONE',  ( -1.786127418437279957, -0.8998648263728920016, 3.562213304289150173 ) ) ;
#4584 = ORIENTED_EDGE ( 'NONE', *, *, #3317, .F. ) ;
#4585 = CARTESIAN_POINT ( 'NONE',  ( 1.784801264205140514, 0.9024892343483817969, 3.562186562217995789 ) ) ;
#4586 = CARTESIAN_POINT ( 'NONE',  ( 2.066033116580301421, -1.715036371804447235, 4.062213304289150173 ) ) ;
#4587 = CARTESIAN_POINT ( 'NONE',  ( -1.177288478845009978, 2.334132462938620201, 3.023199761058580126 ) ) ;
#4588 = ORIENTED_EDGE ( 'NONE', *, *, #4255, .T. ) ;
#4589 = DIRECTION ( 'NONE',  ( -1.000000000000000000, 0.000000000000000000, -0.000000000000000000 ) ) ;
#4590 = CARTESIAN_POINT ( 'NONE',  ( -1.169999999999999929, 2.523825031118330120, 1.072172543627639918 ) ) ;
#4591 = CARTESIAN_POINT ( 'NONE',  ( 0.9824990592091019659, -1.855696411298451309, 1.943675179696910060 ) ) ;
#4592 = EDGE_CURVE ( 'NONE', #2389, #8220, #7917, .T. ) ;
#4593 = DIRECTION ( 'NONE',  ( 1.000000000000000000, 0.000000000000000000, 0.000000000000000000 ) ) ;
#4594 = CARTESIAN_POINT ( 'NONE',  ( 1.948595373500390027, -0.4692762881062800262, 3.022064739156450131 ) ) ;
#4595 = ORIENTED_EDGE ( 'NONE', *, *, #634, .T. ) ;
#4596 = CARTESIAN_POINT ( 'NONE',  ( 1.827336615456324198, 0.9332729227056562049, 2.337628087283481815 ) ) ;
#4597 = FACE_OUTER_BOUND ( 'NONE', #7431, .T. ) ;
#4598 = CARTESIAN_POINT ( 'NONE',  ( -1.177071278295970025, 2.087499999999999911, 0.1698237986199239991 ) ) ;
#4599 =( GEOMETRIC_REPRESENTATION_CONTEXT ( 3 ) GLOBAL_UNCERTAINTY_ASSIGNED_CONTEXT ( ( #83 ) ) GLOBAL_UNIT_ASSIGNED_CONTEXT ( ( #4072, #8128, #5449 ) ) REPRESENTATION_CONTEXT ( 'NONE', 'WORKASPACE' ) );
#4600 = CARTESIAN_POINT ( 'NONE',  ( 1.495701609872470028, -1.648603043770910048, 4.062213304289150173 ) ) ;
#4601 = FILL_AREA_STYLE ('',( #5918 ) ) ;
#4602 = ORIENTED_EDGE ( 'NONE', *, *, #2043, .F. ) ;
#4603 = FILL_AREA_STYLE_COLOUR ( '', #3182 ) ;
#4604 = CARTESIAN_POINT ( 'NONE',  ( -2.069776346665766820, -1.158946116018008787, 0.3444587969560037322 ) ) ;
#4605 = CARTESIAN_POINT ( 'NONE',  ( -1.049865784589228079, -1.957858477044559953, 1.147577485620966176 ) ) ;
#4606 = DIRECTION ( 'NONE',  ( 1.000000000000000000, 0.000000000000000000, 0.000000000000000000 ) ) ;
#4607 = CARTESIAN_POINT ( 'NONE',  ( 1.999999999999999112, -4.000000000000000000, 18.51035533905932340 ) ) ;
#4608 = CARTESIAN_POINT ( 'NONE',  ( -1.199407500583431041, 2.323790961851454284, 3.702455595435888647 ) ) ;
#4609 = CARTESIAN_POINT ( 'NONE',  ( 2.085530499999999954, -1.169999999999999929, 0.000000000000000000 ) ) ;
#4610 = CARTESIAN_POINT ( 'NONE',  ( -2.024999999999999467, 4.049999999999998934, 18.50000000000000000 ) ) ;
#4611 = CARTESIAN_POINT ( 'NONE',  ( 2.614955567827029981, -6.404793932103843491E-16, 18.47500000000000142 ) ) ;
#4612 = FILL_AREA_STYLE_COLOUR ( '', #5708 ) ;
#4613 = CARTESIAN_POINT ( 'NONE',  ( -4.333874646348029103, -5.151531800550846363, 19.79999999999999716 ) ) ;
#4614 = CARTESIAN_POINT ( 'NONE',  ( -2.672499999999999876, 0.5849999999999999645, 0.000000000000000000 ) ) ;
#4615 = DIRECTION ( 'NONE',  ( -1.224646799147353207E-16, -1.000000000000000000, 0.000000000000000000 ) ) ;
#4616 = CARTESIAN_POINT ( 'NONE',  ( -2.672499999999999876, -0.2924999999999999822, 0.000000000000000000 ) ) ;
#4617 = ORIENTED_EDGE ( 'NONE', *, *, #335, .T. ) ;
#4618 = DIRECTION ( 'NONE',  ( 1.000000000000000000, -6.123233995736769734E-17, 0.000000000000000000 ) ) ;
#4619 = CARTESIAN_POINT ( 'NONE',  ( -6.438221452179559989, 1.964387820299540621, 19.80000000000000071 ) ) ;
#4620 = DIRECTION ( 'NONE',  ( 1.000000000000000000, 0.000000000000000000, -0.000000000000000000 ) ) ;
#4621 = CARTESIAN_POINT ( 'NONE',  ( -2.087499999999999911, -1.177071376174239958, 0.1698237983775840176 ) ) ;
#4622 = VERTEX_POINT ( 'NONE', #5191 ) ;
#4623 = STYLED_ITEM ( 'NONE', ( #2797 ), #7378 ) ;
#4624 = CARTESIAN_POINT ( 'NONE',  ( 1.437780815204086515, 1.390246858450352008, 4.062213304289150173 ) ) ;
#4625 = CARTESIAN_POINT ( 'NONE',  ( 1.647197381873624744, -1.498511767863641042, 4.062213338820048314 ) ) ;
#4626 = EDGE_CURVE ( 'NONE', #3133, #1799, #8060, .T. ) ;
#4627 = UNCERTAINTY_MEASURE_WITH_UNIT (LENGTH_MEASURE( 1.000000000000000082E-05 ), #4059, 'distance_accuracy_value', 'NONE');
#4628 = CARTESIAN_POINT ( 'NONE',  ( 1.660502426118000059E-12, 2.625221462232400604, 0.7666085965705939920 ) ) ;
#4629 = VERTEX_POINT ( 'NONE', #2515 ) ;
#4630 = DIRECTION ( 'NONE',  ( 0.000000000000000000, 0.000000000000000000, 1.000000000000000000 ) ) ;
#4631 = CARTESIAN_POINT ( 'NONE',  ( -1.675361690177919805, 2.007773849016309953, 4.062213304289150173 ) ) ;
#4632 = DIRECTION ( 'NONE',  ( 0.000000000000000000, -0.4836800446059880687, -0.8752448882741042935 ) ) ;
#4633 = CARTESIAN_POINT ( 'NONE',  ( 2.529340507630379875, 0.6473061843133511850, 18.50000000000000355 ) ) ;
#4634 = ORIENTED_EDGE ( 'NONE', *, *, #4079, .T. ) ;
#4635 = CARTESIAN_POINT ( 'NONE',  ( -0.2174125788124139647, 2.087499999999999911, -3.419999999999999929 ) ) ;
#4636 = ADVANCED_FACE ( 'NONE', ( #5271 ), #6406, .T. ) ;
#4637 = CARTESIAN_POINT ( 'NONE',  ( -1.788671819436009391, -0.8948891699926126986, 3.461860776390205174 ) ) ;
#4638 = CARTESIAN_POINT ( 'NONE',  ( -5.250000000000001776, -10.50000000000000178, 23.60000000000000142 ) ) ;
#4639 = CARTESIAN_POINT ( 'NONE',  ( -0.8975014222076500570, 1.787322309656944164, 3.529098122917271318 ) ) ;
#4640 = DIRECTION ( 'NONE',  ( 0.000000000000000000, 0.000000000000000000, -1.000000000000000000 ) ) ;
#4641 = ORIENTED_EDGE ( 'NONE', *, *, #2161, .T. ) ;
#4642 = FILL_AREA_STYLE ('',( #99 ) ) ;
#4643 = FILL_AREA_STYLE_COLOUR ( '', #4238 ) ;
#4644 = DIRECTION ( 'NONE',  ( 0.000000000000000000, 0.000000000000000000, 1.000000000000000000 ) ) ;
#4645 = SURFACE_STYLE_FILL_AREA ( #8033 ) ;
#4646 = CARTESIAN_POINT ( 'NONE',  ( -2.379999999999999893, 0.2174125788124148251, -3.420000000000000373 ) ) ;
#4647 = CARTESIAN_POINT ( 'NONE',  ( -0.8536351487294500107, -1.706197740892970049, 3.461736865323250090 ) ) ;
#4648 = CARTESIAN_POINT ( 'NONE',  ( 1.972015892948990157, -0.9865990537412010486, 3.462539920190490061 ) ) ;
#4649 = B_SPLINE_CURVE_WITH_KNOTS ( 'NONE', 3,
 ( #2478, #5150, #7957, #6020 ),
 .UNSPECIFIED., .F., .F.,
 ( 4, 4 ),
 ( 0.000000000000000000, 9.986139465695326102E-05 ),
 .UNSPECIFIED. ) ;
#4650 = CARTESIAN_POINT ( 'NONE',  ( 6.739644660940673049, 13.47928932188134254, 19.80000000000000071 ) ) ;
#4651 = CARTESIAN_POINT ( 'NONE',  ( 5.542893218813452094, 11.08578643762689886, 23.60000000000000142 ) ) ;
#4652 = CARTESIAN_POINT ( 'NONE',  ( 2.484285686614456257, 0.8934491835002290605, 0.7000000000000031752 ) ) ;
#4653 = DIRECTION ( 'NONE',  ( 1.000000000000000000, 0.000000000000000000, 0.000000000000000000 ) ) ;
#4654 = PRODUCT_DEFINITION ( 'UNKNOWN', '', #1950, #2732 ) ;
#4655 = CARTESIAN_POINT ( 'NONE',  ( -1.024563224432480046, -1.929530058753120114, 1.342988488457359963 ) ) ;
#4656 = CARTESIAN_POINT ( 'NONE',  ( -2.334132463015920145, 1.177288478692330109, 3.023199761058580126 ) ) ;
#4657 = ORIENTED_EDGE ( 'NONE', *, *, #5929, .T. ) ;
#4658 = DIRECTION ( 'NONE',  ( -0.000000000000000000, -0.000000000000000000, -1.000000000000000000 ) ) ;
#4659 = CARTESIAN_POINT ( 'NONE',  ( 2.658131255749253352, 1.193778463679223245, 0.3537504162854430145 ) ) ;
#4660 = VECTOR ( 'NONE', #6179, 1000.000000000000000 ) ;
#4661 = CARTESIAN_POINT ( 'NONE',  ( 3.776726606074033654, 5.564649339035911524, 19.80000000000000782 ) ) ;
#4662 = SURFACE_SIDE_STYLE ('',( #7245 ) ) ;
#4663 = SURFACE_STYLE_USAGE ( .BOTH. , #7410 ) ;
#4664 = CARTESIAN_POINT ( 'NONE',  ( -2.008786900357939942, -1.002665495020820252, 0.7659099622955369835 ) ) ;
#4665 = ORIENTED_EDGE ( 'NONE', *, *, #8292, .F. ) ;
#4666 = EDGE_CURVE ( 'NONE', #5996, #964, #6414, .T. ) ;
#4667 = CARTESIAN_POINT ( 'NONE',  ( -1.836007702614758763, -0.9385409364381884778, 2.299783115258304367 ) ) ;
#4668 = CARTESIAN_POINT ( 'NONE',  ( 1.436374676556030794, -1.393057972027093250, 4.062213304289150173 ) ) ;
#4669 = CARTESIAN_POINT ( 'NONE',  ( 1.077870159495730062, 2.658467263186940599, 0.3537504162900840243 ) ) ;
#4670 = VERTEX_POINT ( 'NONE', #59 ) ;
#4671 =( NAMED_UNIT ( * ) SI_UNIT ( $, .STERADIAN. ) SOLID_ANGLE_UNIT ( ) );
#4672 = STYLED_ITEM ( 'NONE', ( #144 ), #5656 ) ;
#4673 = LINE ( 'NONE', #7374, #5043 ) ;
#4674 = DIRECTION ( 'NONE',  ( 0.000000000000000000, 0.000000000000000000, 1.000000000000000000 ) ) ;
#4675 = CARTESIAN_POINT ( 'NONE',  ( -2.275400195347120125, -3.750831632548374373, 2.969165229559820318 ) ) ;
#4676 = MECHANICAL_DESIGN_GEOMETRIC_PRESENTATION_REPRESENTATION (  '', ( #1808 ), #1382 ) ;
#4677 = ADVANCED_FACE ( 'NONE', ( #4024 ), #6726, .T. ) ;
#4678 = VERTEX_POINT ( 'NONE', #7719 ) ;
#4679 = CARTESIAN_POINT ( 'NONE',  ( 2.087499999999999911, 1.169999999999999707, 0.000000000000000000 ) ) ;
#4680 = CIRCLE ( 'NONE', #2540, 2.000000000000000000 ) ;
#4681 = CARTESIAN_POINT ( 'NONE',  ( -0.2894835897628910137, -2.076010372691969863, 0.3536250458876650238 ) ) ;
#4682 =( GEOMETRIC_REPRESENTATION_CONTEXT ( 3 ) GLOBAL_UNCERTAINTY_ASSIGNED_CONTEXT ( ( #1301 ) ) GLOBAL_UNIT_ASSIGNED_CONTEXT ( ( #8115, #2855, #2710 ) ) REPRESENTATION_CONTEXT ( 'NONE', 'WORKASPACE' ) );
#4683 = VERTEX_POINT ( 'NONE', #893 ) ;
#4684 = CARTESIAN_POINT ( 'NONE',  ( 0.000000000000000000, 0.000000000000000000, 10.24702156663260055 ) ) ;
#4685 = COLOUR_RGB ( '',0.7921568627450980005, 0.8196078431372548767, 0.9333333333333333481 ) ;
#4686 =( LENGTH_UNIT ( ) NAMED_UNIT ( * ) SI_UNIT ( .MILLI., .METRE. ) );
#4687 = CARTESIAN_POINT ( 'NONE',  ( 0.9412104799672962319, 1.819088737970459446, 2.444599270131050162 ) ) ;
#4688 = CARTESIAN_POINT ( 'NONE',  ( 0.000000000000000000, 0.000000000000000000, 0.000000000000000000 ) ) ;
#4689 = CARTESIAN_POINT ( 'NONE',  ( -1.706611441685740083, -2.070247336351750178, 4.062213304289150173 ) ) ;
#4690 = CARTESIAN_POINT ( 'NONE',  ( 2.307185139991540179, -1.121521074810829965, 1.343580126141469933 ) ) ;
#4691 = EDGE_CURVE ( 'NONE', #2447, #1262, #5671, .T. ) ;
#4692 = CARTESIAN_POINT ( 'NONE',  ( 2.087499999999999911, 0.5849999999999999645, -1.709999999999999964 ) ) ;
#4693 = CARTESIAN_POINT ( 'NONE',  ( 2.672499999999999876, 0.5849999999999999645, -1.709999999999999964 ) ) ;
#4694 = CARTESIAN_POINT ( 'NONE',  ( 1.788671819618407932, 0.8948891701605475868, 3.461860776390328187 ) ) ;
#4695 = AXIS2_PLACEMENT_3D ( 'NONE', #4154, #2756, #5483 ) ;
#4696 = CARTESIAN_POINT ( 'NONE',  ( 1.122436352892860034, -6.630717038269961172, 19.80000000000000071 ) ) ;
#4697 = CARTESIAN_POINT ( 'NONE',  ( 1.170058235895143239, -2.490298903588947788, 1.439112996035035730 ) ) ;
#4698 = CARTESIAN_POINT ( 'NONE',  ( -2.459574636363449862, 0.9039236510160070237, 3.023199761058580126 ) ) ;
#4699 = EDGE_LOOP ( 'NONE', ( #8197, #4270, #1614, #927 ) ) ;
#4700 = CARTESIAN_POINT ( 'NONE',  ( -0.1603813666563270179, 5.250016201642512037, 23.60000000000000142 ) ) ;
#4701 = CARTESIAN_POINT ( 'NONE',  ( 2.417891269622149952, -1.177487166360990045, 1.944948958557380037 ) ) ;
#4702 = CARTESIAN_POINT ( 'NONE',  ( -1.199314533358098123, -2.323842857146464436, 3.391840585329950031 ) ) ;
#4703 = CARTESIAN_POINT ( 'NONE',  ( -6.725000000000000533, 2.745249908088651464E-16, 19.79999999999999716 ) ) ;
#4704 = CARTESIAN_POINT ( 'NONE',  ( -2.335991320139274574, 3.711185994426301704, 2.969165229559819874 ) ) ;
#4705 = DIRECTION ( 'NONE',  ( -1.224646799147350002E-16, -1.000000000000000000, -0.000000000000000000 ) ) ;
#4706 = CARTESIAN_POINT ( 'NONE',  ( -3.200000000000000178, 3.918869757271530460E-16, 23.10000000000000142 ) ) ;
#4707 = ORIENTED_EDGE ( 'NONE', *, *, #6094, .F. ) ;
#4708 = UNCERTAINTY_MEASURE_WITH_UNIT (LENGTH_MEASURE( 1.000000000000000082E-05 ), #13, 'distance_accuracy_value', 'NONE');
#4709 = CARTESIAN_POINT ( 'NONE',  ( 5.775000000000000355, 0.000000000000000000, 19.79999999999999716 ) ) ;
#4710 = CARTESIAN_POINT ( 'NONE',  ( -3.199999999999995737, 6.399999999999991473, 23.39289321881345174 ) ) ;
#4711 = CARTESIAN_POINT ( 'NONE',  ( -1.177596933261293444, 2.334793442269784247, 3.562184389894078151 ) ) ;
#4712 = CARTESIAN_POINT ( 'NONE',  ( -4.409532436802681588, -8.819064873605359622, 2.994165229559819785 ) ) ;
#4713 = UNCERTAINTY_MEASURE_WITH_UNIT (LENGTH_MEASURE( 1.000000000000000082E-05 ), #4811, 'distance_accuracy_value', 'NONE');
#4714 = CARTESIAN_POINT ( 'NONE',  ( -0.2924999999999999822, 2.672499999999999876, 0.000000000000000000 ) ) ;
#4715 = ORIENTED_EDGE ( 'NONE', *, *, #5017, .F. ) ;
#4716 = CARTESIAN_POINT ( 'NONE',  ( -5.207089579758227949, -0.6783174281321360244, 23.60000000000000142 ) ) ;
#4717 = PRESENTATION_LAYER_ASSIGNMENT (  '', '', ( #5838 ) ) ;
#4718 = CARTESIAN_POINT ( 'NONE',  ( 1.169999999999999929, 2.087499999999999911, 0.000000000000000000 ) ) ;
#4719 = CARTESIAN_POINT ( 'NONE',  ( -1.835782876860435398, 0.9390597099683518634, 2.300976805879786813 ) ) ;
#4720 = CARTESIAN_POINT ( 'NONE',  ( 2.652329286702070021, -3.504425864277591618, 2.969165229559819430 ) ) ;
#4721 = PRESENTATION_STYLE_ASSIGNMENT (( #6891 ) ) ;
#4722 = CARTESIAN_POINT ( 'NONE',  ( -2.087499999999999911, 1.169999999999999929, 0.000000000000000000 ) ) ;
#4723 = VERTEX_POINT ( 'NONE', #240 ) ;
#4724 = CARTESIAN_POINT ( 'NONE',  ( 1.832943738392900146, 0.9356399591185590170, 2.337640455887620039 ) ) ;
#4725 = CARTESIAN_POINT ( 'NONE',  ( 0.2924080878978320142, -2.659913825592589820, 0.3537504162900820814 ) ) ;
#4726 = CARTESIAN_POINT ( 'NONE',  ( -1.116785328125810439, -2.001847936275763740, 0.7659099622496866600 ) ) ;
#4727 = VERTEX_POINT ( 'NONE', #8353 ) ;
#4728 = MECHANICAL_DESIGN_GEOMETRIC_PRESENTATION_REPRESENTATION (  '', ( #8588 ), #8012 ) ;
#4729 = ADVANCED_FACE ( 'NONE', ( #7001 ), #563, .F. ) ;
#4730 = CARTESIAN_POINT ( 'NONE',  ( -2.340516397649672342, -1.170926174778607054, 3.462677482780158744 ) ) ;
#4731 = B_SPLINE_CURVE_WITH_KNOTS ( 'NONE', 3,
 ( #5322, #5498, #8132, #8748, #8085, #4075 ),
 .UNSPECIFIED., .F., .F.,
 ( 4, 2, 4 ),
 ( 1.407389300352727516E-10, 0.0004229957534354987893, 0.0008459913661320675200 ),
 .UNSPECIFIED. ) ;
#4732 = LINE ( 'NONE', #6814, #969 ) ;
#4733 = DIRECTION ( 'NONE',  ( 0.000000000000000000, 0.000000000000000000, -1.000000000000000000 ) ) ;
#4734 = CARTESIAN_POINT ( 'NONE',  ( -1.398680199180519113, -1.433562399259972198, 4.062213304289150173 ) ) ;
#4735 = CARTESIAN_POINT ( 'NONE',  ( 1.832943738392849964, -0.9356399591185140530, 2.337640455888200020 ) ) ;
#4736 = DIRECTION ( 'NONE',  ( -0.000000000000000000, -1.000000000000000000, -0.000000000000000000 ) ) ;
#4737 = CARTESIAN_POINT ( 'NONE',  ( 1.169999999999999929, 2.672499999999999876, 0.000000000000000000 ) ) ;
#4738 = CARTESIAN_POINT ( 'NONE',  ( 4.373642825356682806, 0.000000000000000000, 0.7189519526491494616 ) ) ;
#4739 = CARTESIAN_POINT ( 'NONE',  ( 5.398233219613708833, -4.013586703810470446, 19.80000000000000426 ) ) ;
#4740 = CARTESIAN_POINT ( 'NONE',  ( 1.185741932924551323, 2.577283489270439709, 0.7666085965705949912 ) ) ;
#4741 = B_SPLINE_CURVE_WITH_KNOTS ( 'NONE', 3,
 ( #3830, #5210, #3292, #5997 ),
 .UNSPECIFIED., .F., .F.,
 ( 4, 4 ),
 ( 0.5000002607462973314, 1.000000000000000000 ),
 .UNSPECIFIED. ) ;
#4742 = CARTESIAN_POINT ( 'NONE',  ( -2.603219800341030066, -0.3032597336731790438, 3.562213304289150173 ) ) ;
#4743 = B_SPLINE_CURVE_WITH_KNOTS ( 'NONE', 3,
 ( #5443, #3526, #6338, #5578, #6291, #1374, #199, #5624, #2238, #4955, #7002, #7670, #3619, #8165, #4110, #3834, #8608, #7048, #1596, #2959, #5913, #5665, #2576, #4551, #1636, #1229, #8020, #6628, #5000, #1894, #2498, #7337, #3003, #7720, #1189, #4633, #8651, #5257 ),
 .UNSPECIFIED., .F., .F.,
 ( 4, 1, 1, 1, 2, 2, 2, 1, 1, 1, 2, 2, 2, 1, 1, 1, 2, 2, 2, 1, 1, 1, 2, 2, 4 ),
 ( 0.000000000000000000, 0.06250000000000045797, 0.09375000000000069389, 0.1093750000000007772, 0.1171875000000008049, 0.1250000000000008327, 0.2500000000000012768, 0.3125000000000013878, 0.3437500000000014433, 0.3593750000000014988, 0.3671875000000014433, 0.3750000000000013878, 0.5000000000000008882, 0.5625000000000006661, 0.5937500000000005551, 0.6093750000000005551, 0.6171875000000005551, 0.6250000000000004441, 0.7500000000000004441, 0.8125000000000005551, 0.8437500000000005551, 0.8593750000000005551, 0.8671875000000004441, 0.8750000000000004441, 1.000000000000000000 ),
 .UNSPECIFIED. ) ;
#4744 = EDGE_CURVE ( 'NONE', #2562, #6446, #6271, .T. ) ;
#4745 = ORIENTED_EDGE ( 'NONE', *, *, #4626, .F. ) ;
#4746 = CARTESIAN_POINT ( 'NONE',  ( -2.570503227922376954, 4.578571595142971518, 23.60000000000000142 ) ) ;
#4747 = CARTESIAN_POINT ( 'NONE',  ( 2.609292032980039977, 8.226883284629180482E-12, 1.944948958557380037 ) ) ;
#4748 = CARTESIAN_POINT ( 'NONE',  ( 3.243220551717787892, -4.778557555202691098, 19.80000000000000782 ) ) ;
#4749 = VECTOR ( 'NONE', #8118, 1000.000000000000000 ) ;
#4750 = CARTESIAN_POINT ( 'NONE',  ( -1.436374676556030572, -1.393057972027093250, 4.062213304289150173 ) ) ;
#4751 = SURFACE_SIDE_STYLE ('',( #6879 ) ) ;
#4752 = SURFACE_STYLE_USAGE ( .BOTH. , #1443 ) ;
#4753 = MECHANICAL_DESIGN_GEOMETRIC_PRESENTATION_REPRESENTATION (  '', ( #5083 ), #765 ) ;
#4754 = DIRECTION ( 'NONE',  ( -0.000000000000000000, -0.000000000000000000, 1.000000000000000000 ) ) ;
#4755 =( NAMED_UNIT ( * ) PLANE_ANGLE_UNIT ( ) SI_UNIT ( $, .RADIAN. ) );
#4756 = VERTEX_POINT ( 'NONE', #4706 ) ;
#4757 = LINE ( 'NONE', #6885, #6330 ) ;
#4758 = MECHANICAL_DESIGN_GEOMETRIC_PRESENTATION_REPRESENTATION (  '', ( #479 ), #8170 ) ;
#4759 = CARTESIAN_POINT ( 'NONE',  ( 0.8974589516271114231, 1.790612658269558732, 3.043413770675723828 ) ) ;
#4760 = CARTESIAN_POINT ( 'NONE',  ( -1.169999999999999929, 2.678563987996165352, 0.1648747531013459999 ) ) ;
#4761 = CARTESIAN_POINT ( 'NONE',  ( -3.504425864277342928, -2.652329286702197919, 2.969165229559820762 ) ) ;
#4762 =( GEOMETRIC_REPRESENTATION_CONTEXT ( 3 ) GLOBAL_UNCERTAINTY_ASSIGNED_CONTEXT ( ( #950 ) ) GLOBAL_UNIT_ASSIGNED_CONTEXT ( ( #6933, #3761, #7512 ) ) REPRESENTATION_CONTEXT ( 'NONE', 'WORKASPACE' ) );
#4763 = CARTESIAN_POINT ( 'NONE',  ( 1.857537085629612061, -0.9763428761775526654, 1.943675179695550037 ) ) ;
#4764 = CARTESIAN_POINT ( 'NONE',  ( 0.8949128021042527248, 1.788719077116844636, 3.461860890506198274 ) ) ;
#4765 = VECTOR ( 'NONE', #4189, 1000.000000000000000 ) ;
#4766 = ORIENTED_EDGE ( 'NONE', *, *, #6847, .F. ) ;
#4767 = CARTESIAN_POINT ( 'NONE',  ( 2.340498065203291400, 1.170917004731294009, 3.462677475936648985 ) ) ;
#4768 = CARTESIAN_POINT ( 'NONE',  ( 1.177475623543260186, -2.334854123424200179, 3.562213304289150173 ) ) ;
#4769 = CARTESIAN_POINT ( 'NONE',  ( -1.196505758254154728, 2.087499999999999911, 0.1698237986199239991 ) ) ;
#4770 = CARTESIAN_POINT ( 'NONE',  ( -0.4988717198370200001, -1.967840077768389984, 1.943675179696910060 ) ) ;
#4771 = CARTESIAN_POINT ( 'NONE',  ( -6.750000000000000000, 8.266365894244634333E-16, 19.77499999999999858 ) ) ;
#4772 = CARTESIAN_POINT ( 'NONE',  ( -1.125025936493562861, 2.038521894716115668, 0.5782098880800827789 ) ) ;
#4773 = ADVANCED_FACE ( 'NONE', ( #731 ), #2881, .T. ) ;
#4774 = ORIENTED_EDGE ( 'NONE', *, *, #7428, .F. ) ;
#4775 =( NAMED_UNIT ( * ) PLANE_ANGLE_UNIT ( ) SI_UNIT ( $, .RADIAN. ) );
#4776 =( GEOMETRIC_REPRESENTATION_CONTEXT ( 3 ) GLOBAL_UNCERTAINTY_ASSIGNED_CONTEXT ( ( #1223 ) ) GLOBAL_UNIT_ASSIGNED_CONTEXT ( ( #5363, #6740, #2117 ) ) REPRESENTATION_CONTEXT ( 'NONE', 'WORKASPACE' ) );
#4777 = CARTESIAN_POINT ( 'NONE',  ( -1.199338905350436857, 2.410843895518276714, 1.944948958572239928 ) ) ;
#4778 = CARTESIAN_POINT ( 'NONE',  ( 1.706194357699791331, 0.8536419123158789368, 3.452213030551388506 ) ) ;
#4779 =( NAMED_UNIT ( * ) PLANE_ANGLE_UNIT ( ) SI_UNIT ( $, .RADIAN. ) );
#4780 = CARTESIAN_POINT ( 'NONE',  ( -1.390246858450379985, -1.437780815204060092, 4.062213304289150173 ) ) ;
#4781 = CARTESIAN_POINT ( 'NONE',  ( 2.155319840043977919, 1.078289088750856939, 3.462405138500684654 ) ) ;
#4782 = DIRECTION ( 'NONE',  ( -0.4836800446059880687, 0.000000000000000000, -0.8752448882741042935 ) ) ;
#4783 =( NAMED_UNIT ( * ) SI_UNIT ( $, .STERADIAN. ) SOLID_ANGLE_UNIT ( ) );
#4784 = CARTESIAN_POINT ( 'NONE',  ( 2.589955567827029181, -5.179911135654061027, 18.50000000000000355 ) ) ;
#4785 = CARTESIAN_POINT ( 'NONE',  ( 3.487992170635934475, -5.750040636047883069, 19.80000000000000071 ) ) ;
#4786 = CARTESIAN_POINT ( 'NONE',  ( -4.409532436802691358, 8.819064873605382715, 23.10000000000000142 ) ) ;
#4787 = CARTESIAN_POINT ( 'NONE',  ( -1.170148843210300882, 2.527192347412129170, 1.151352607201911571 ) ) ;
#4788 = CARTESIAN_POINT ( 'NONE',  ( -2.417891171573519848, 1.177487470265830005, 1.944948958572229936 ) ) ;
#4789 = EDGE_LOOP ( 'NONE', ( #3934, #7294, #5290, #5658, #6397, #7404, #5567, #4369, #5954 ) ) ;
#4790 = CARTESIAN_POINT ( 'NONE',  ( -5.146220967931429691, 1.038916166795721852, 23.60000000000000142 ) ) ;
#4791 = CARTESIAN_POINT ( 'NONE',  ( 2.620824203098869987, 1.520052113754370102E-12, 3.562213304289150173 ) ) ;
#4792 = CARTESIAN_POINT ( 'NONE',  ( -4.423778153830715709, -3.721688888353575031, 19.80000000000000071 ) ) ;
#4793 = CARTESIAN_POINT ( 'NONE',  ( -6.724999999999999645, 0.4115117433656491075, 19.80000000000000071 ) ) ;
#4794 = CARTESIAN_POINT ( 'NONE',  ( -3.975331849029714260, 1.852207066570659810, 2.969165229559820318 ) ) ;
#4795 = CARTESIAN_POINT ( 'NONE',  ( -2.069309301745879015, -1.153171640579525148, 0.3615191927398055949 ) ) ;
#4796 = CARTESIAN_POINT ( 'NONE',  ( 2.614955567827029981, 5.229911135654059962, 0.7250000000000034195 ) ) ;
#4797 = CARTESIAN_POINT ( 'NONE',  ( 1.169999999999999929, 2.672499999999999876, 0.000000000000000000 ) ) ;
#4798 = SURFACE_STYLE_USAGE ( .BOTH. , #737 ) ;
#4799 = UNCERTAINTY_MEASURE_WITH_UNIT (LENGTH_MEASURE( 1.000000000000000082E-05 ), #4954, 'distance_accuracy_value', 'NONE');
#4800 = CARTESIAN_POINT ( 'NONE',  ( 0.8962144211201650279, 2.463001317678149782, 3.562213304289150173 ) ) ;
#4801 = VERTEX_POINT ( 'NONE', #5460 ) ;
#4802 = CARTESIAN_POINT ( 'NONE',  ( 0.8921200562759824537, 1.783136697887493849, 3.462469410893615152 ) ) ;
#4803 = CARTESIAN_POINT ( 'NONE',  ( -4.370751894706227603, 5.352627317719211682E-16, 0.7073570630543275506 ) ) ;
#4804 = CARTESIAN_POINT ( 'NONE',  ( -4.346051752873331786, -0.6894384129656110360, 2.969165229559820318 ) ) ;
#4805 =( NAMED_UNIT ( * ) PLANE_ANGLE_UNIT ( ) SI_UNIT ( $, .RADIAN. ) );
#4806 = LINE ( 'NONE', #7646, #5958 ) ;
#4807 = ORIENTED_EDGE ( 'NONE', *, *, #3584, .T. ) ;
#4808 = CARTESIAN_POINT ( 'NONE',  ( 2.477500000000000036, 1.169999999999999929, 0.000000000000000000 ) ) ;
#4809 = CARTESIAN_POINT ( 'NONE',  ( 0.5848728926825040864, -2.659545203551210157, 0.3537504162900810267 ) ) ;
#4810 = CARTESIAN_POINT ( 'NONE',  ( -1.002665495021989983, -2.008786900359820216, 0.7659099622496919890 ) ) ;
#4811 =( LENGTH_UNIT ( ) NAMED_UNIT ( * ) SI_UNIT ( .MILLI., .METRE. ) );
#4812 = STYLED_ITEM ( 'NONE', ( #698 ), #6515 ) ;
#4813 = COLOUR_RGB ( '',0.2862745098039215508, 0.2862745098039215508, 0.2862745098039215508 ) ;
#4814 = ORIENTED_EDGE ( 'NONE', *, *, #5133, .T. ) ;
#4815 = CARTESIAN_POINT ( 'NONE',  ( -1.193777667528453490, 2.672499999999999876, 0.1698237983775838511 ) ) ;
#4816 = CARTESIAN_POINT ( 'NONE',  ( 2.992893218813449607, -5.985786437626900991, 23.60000000000000142 ) ) ;
#4817 = CARTESIAN_POINT ( 'NONE',  ( -2.466606341670721125, -1.171163475435907486, 1.611706080988098533 ) ) ;
#4818 = CARTESIAN_POINT ( 'NONE',  ( 2.672499999999999876, -4.909302856081950143E-16, -1.709999999999999964 ) ) ;
#4819 =( GEOMETRIC_REPRESENTATION_CONTEXT ( 3 ) GLOBAL_UNCERTAINTY_ASSIGNED_CONTEXT ( ( #3370 ) ) GLOBAL_UNIT_ASSIGNED_CONTEXT ( ( #890, #7716, #3701 ) ) REPRESENTATION_CONTEXT ( 'NONE', 'WORKASPACE' ) );
#4820 = CARTESIAN_POINT ( 'NONE',  ( -0.9590541971901510587, -1.917038065106600131, 3.619160446477410531 ) ) ;
#4821 = CARTESIAN_POINT ( 'NONE',  ( 2.686582815039283645, -6.169254342209072206, 19.79999999999999716 ) ) ;
#4822 = CARTESIAN_POINT ( 'NONE',  ( 0.9024897488793064415, 1.784801004315851314, 3.562189521568387640 ) ) ;
#4823 = CYLINDRICAL_SURFACE ( 'NONE', #3598, 4.409532436802679811 ) ;
#4824 = CARTESIAN_POINT ( 'NONE',  ( -2.621989014195940548, 0.2958611420507020195, 0.7666085965705810024 ) ) ;
#4825 = ORIENTED_EDGE ( 'NONE', *, *, #3165, .T. ) ;
#4826 = CARTESIAN_POINT ( 'NONE',  ( -2.155319839562925388, 1.078289088512587979, 3.462405141236973627 ) ) ;
#4827 = CARTESIAN_POINT ( 'NONE',  ( 2.621989014200719836, -0.2958611420503399758, 0.7666085965432249960 ) ) ;
#4828 = DIRECTION ( 'NONE',  ( -1.000000000000000000, 0.000000000000000000, -0.000000000000000000 ) ) ;
#4829 = CARTESIAN_POINT ( 'NONE',  ( -2.127842975436555317, 1.064544030957043530, 3.459194862029585593 ) ) ;
#4830 = CARTESIAN_POINT ( 'NONE',  ( -1.706194357699791331, -0.8536419123158789368, 3.452213030551388506 ) ) ;
#4831 = B_SPLINE_CURVE_WITH_KNOTS ( 'NONE', 3,
 ( #4342, #291, #7055, #943 ),
 .UNSPECIFIED., .F., .F.,
 ( 4, 4 ),
 ( 0.000000000000000000, 9.986454623558782648E-05 ),
 .UNSPECIFIED. ) ;
#4832 = EDGE_LOOP ( 'NONE', ( #4937, #6801, #8091, #5345 ) ) ;
#4833 = DIRECTION ( 'NONE',  ( -1.000000000000000000, 0.000000000000000000, 0.000000000000000000 ) ) ;
#4834 = COLOUR_RGB ( '',0.2862745098039215508, 0.2862745098039215508, 0.2862745098039215508 ) ;
#4835 = CARTESIAN_POINT ( 'NONE',  ( 3.199999999999997069, 0.000000000000000000, 23.39289321881345174 ) ) ;
#4836 = CARTESIAN_POINT ( 'NONE',  ( 2.518180911307759562, -0.8139513740838152378, 3.562211289479609633 ) ) ;
#4837 =( NAMED_UNIT ( * ) SI_UNIT ( $, .STERADIAN. ) SOLID_ANGLE_UNIT ( ) );
#4838 = ORIENTED_EDGE ( 'NONE', *, *, #6959, .T. ) ;
#4839 = CARTESIAN_POINT ( 'NONE',  ( 1.046657418042837184, 1.950590320643751374, 1.071363968545951062 ) ) ;
#4840 = B_SPLINE_CURVE_WITH_KNOTS ( 'NONE', 3,
 ( #2645, #5372, #5469, #4716, #7417, #646, #3422, #6084, #6795, #7469, #8190, #8809, #2689, #7600, #8328, #2341, #337, #3071, #2978, #303, #6930, #4310, #7111, #3552, #6317, #998, #5021, #8374, #5602, #4271, #258, #2218, #1491, #7741, #6398, #7777, #2172, #1657, #3638, #871, #5773, #4394, #7064, #3729, #8419, #3027, #6357, #1615, #5730, #176, #6980, #955, #6440, #829, #4930, #2936, #2883, #4352, #4885, #3596, #4225, #7695, #8462, #6269, #218, #5062, #7641, #1534, #5644, #5687, #2257, #4979, #1578, #7023, #913, #3682, #2301, #3109, #5939, #7324, #5808, #1087 ),
 .UNSPECIFIED., .F., .F.,
 ( 4, 1, 1, 1, 2, 2, 1, 1, 2, 2, 1, 2, 2, 2, 1, 2, 2, 1, 1, 2, 2, 1, 1, 1, 2, 2, 2, 1, 1, 1, 2, 2, 1, 1, 2, 2, 1, 2, 2, 2, 1, 2, 2, 1, 1, 2, 2, 1, 1, 1, 2, 2, 4 ),
 ( 0.000000000000000000, 0.03124999999999962530, 0.04687499999999945183, 0.05468749999999936162, 0.05859374999999931305, 0.06249999999999925060, 0.09374999999999890365, 0.1093749999999987094, 0.1171874999999985983, 0.1249999999999984734, 0.1562499999999981126, 0.1718749999999979461, 0.1874999999999977796, 0.2499999999999974465, 0.2812499999999972244, 0.2968749999999972244, 0.3124999999999971689, 0.3437499999999971689, 0.3593749999999971134, 0.3671874999999971134, 0.3749999999999970579, 0.4062499999999968914, 0.4218749999999968359, 0.4296874999999967804, 0.4335937499999967804, 0.4374999999999967804, 0.4999999999999972244, 0.5312499999999974465, 0.5468749999999975575, 0.5546874999999975575, 0.5585937499999976685, 0.5624999999999976685, 0.5937499999999978906, 0.6093749999999978906, 0.6171874999999978906, 0.6249999999999978906, 0.6562499999999980016, 0.6718749999999980016, 0.6874999999999981126, 0.7499999999999984457, 0.7812499999999986677, 0.7968749999999986677, 0.8124999999999986677, 0.8437499999999987788, 0.8593749999999987788, 0.8671874999999987788, 0.8749999999999987788, 0.9062499999999990008, 0.9218749999999990008, 0.9296874999999991118, 0.9335937499999991118, 0.9374999999999992228, 1.000000000000000000 ),
 .UNSPECIFIED. ) ;
#4841 = CIRCLE ( 'NONE', #994, 0.4999999999999978351 ) ;
#4842 = CARTESIAN_POINT ( 'NONE',  ( -0.5571988529586870964, -4.384465037570220325, 2.969165229559820318 ) ) ;
#4843 = SURFACE_STYLE_USAGE ( .BOTH. , #8149 ) ;
#4844 = VECTOR ( 'NONE', #8296, 1000.000000000000000 ) ;
#4845 = ORIENTED_EDGE ( 'NONE', *, *, #2541, .F. ) ;
#4846 = CARTESIAN_POINT ( 'NONE',  ( -0.5849999999999991873, 2.379999999999999893, -2.754830917718799732 ) ) ;
#4847 = B_SPLINE_CURVE_WITH_KNOTS ( 'NONE', 3,
 ( #1538, #8289, #2178, #2039, #5608, #2134 ),
 .UNSPECIFIED., .F., .F.,
 ( 4, 2, 4 ),
 ( 8.940560153363745023E-19, 0.0004211202739407537954, 0.0008422405478815074825 ),
 .UNSPECIFIED. ) ;
#4848 = ADVANCED_FACE ( 'NONE', ( #8183 ), #77, .F. ) ;
#4849 = CARTESIAN_POINT ( 'NONE',  ( 0.3115470697166859981, -2.602666462724270158, 3.023199761058580126 ) ) ;
#4850 = CARTESIAN_POINT ( 'NONE',  ( -0.9023664784236740122, -1.784862666598540093, 3.562213304289150173 ) ) ;
#4851 = CARTESIAN_POINT ( 'NONE',  ( 0.000000000000000000, 0.000000000000000000, 18.52499999999999858 ) ) ;
#4852 = MECHANICAL_DESIGN_GEOMETRIC_PRESENTATION_REPRESENTATION (  '', ( #7702 ), #8563 ) ;
#4853 = CARTESIAN_POINT ( 'NONE',  ( 3.210355339059327129, 6.420710678118652481, 2.969165229559819430 ) ) ;
#4854 = EDGE_CURVE ( 'NONE', #2688, #6110, #4305, .T. ) ;
#4855 = ORIENTED_EDGE ( 'NONE', *, *, #4510, .T. ) ;
#4856 =( NAMED_UNIT ( * ) PLANE_ANGLE_UNIT ( ) SI_UNIT ( $, .RADIAN. ) );
#4857 = CARTESIAN_POINT ( 'NONE',  ( 1.706196613161910403, 0.8536374032582589866, 3.458562253732629710 ) ) ;
#4858 = CARTESIAN_POINT ( 'NONE',  ( -0.8139517847482830026, -2.518180763565470048, 3.562213303356070337 ) ) ;
#4859 = CARTESIAN_POINT ( 'NONE',  ( 0.2924999999999999822, 2.087499999999999911, 0.000000000000000000 ) ) ;
#4860 = APPLICATION_PROTOCOL_DEFINITION ( 'draft international standard', 'automotive_design', 1998, #5634 ) ;
#4861 = LINE ( 'NONE', #618, #5456 ) ;
#4862 =( NAMED_UNIT ( * ) SI_UNIT ( $, .STERADIAN. ) SOLID_ANGLE_UNIT ( ) );
#4863 = CARTESIAN_POINT ( 'NONE',  ( 0.9505906467161625573, -2.462973266096289304, 0.7000000000000030642 ) ) ;
#4864 = CARTESIAN_POINT ( 'NONE',  ( 4.919322236844480223, -4.591290235972382838, 19.79999999999999716 ) ) ;
#4865 = PRESENTATION_LAYER_ASSIGNMENT (  '', '', ( #745 ) ) ;
#4866 = CARTESIAN_POINT ( 'NONE',  ( 4.409532436802692246, 8.819064873605382715, 23.10000000000000142 ) ) ;
#4867 = CARTESIAN_POINT ( 'NONE',  ( -2.323262809945014773, 1.198765215786442573, 3.023199761058580126 ) ) ;
#4868 = EDGE_LOOP ( 'NONE', ( #1408, #3465, #4324, #4707 ) ) ;
#4869 = CARTESIAN_POINT ( 'NONE',  ( 2.639955567827029892, 0.000000000000000000, 0.7250000000000029754 ) ) ;
#4870 = CARTESIAN_POINT ( 'NONE',  ( 2.596349520854139836, 0.3080437541535209767, 1.944948958557380037 ) ) ;
#4871 = CARTESIAN_POINT ( 'NONE',  ( -5.646824983697142031, -1.211560135405716832, 19.79999999999999716 ) ) ;
#4872 = STYLED_ITEM ( 'NONE', ( #8700 ), #3555 ) ;
#4873 = CARTESIAN_POINT ( 'NONE',  ( -2.069736196554520014, 1.180709298228100002, 3.932447788256490107 ) ) ;
#4874 = SURFACE_SIDE_STYLE ('',( #4125 ) ) ;
#4875 = SURFACE_STYLE_USAGE ( .BOTH. , #1568 ) ;
#4876 =( LENGTH_UNIT ( ) NAMED_UNIT ( * ) SI_UNIT ( .MILLI., .METRE. ) );
#4877 = CARTESIAN_POINT ( 'NONE',  ( 2.672499999999999876, -0.5849999999999999645, 0.000000000000000000 ) ) ;
#4878 = UNCERTAINTY_MEASURE_WITH_UNIT (LENGTH_MEASURE( 1.000000000000000082E-05 ), #1203, 'distance_accuracy_value', 'NONE');
#4879 = CARTESIAN_POINT ( 'NONE',  ( -1.355193710313409960, 1.718886138634690086, 4.062211577744260005 ) ) ;
#4880 = CARTESIAN_POINT ( 'NONE',  ( 2.614955567827029981, 5.229911135654059073, 0.7103553390593306816 ) ) ;
#4881 = CARTESIAN_POINT ( 'NONE',  ( -6.750000000000000000, 8.266365894244634333E-16, 15.02500000000000036 ) ) ;
#4882 = CARTESIAN_POINT ( 'NONE',  ( 5.750000000000000000, 0.000000000000000000, 19.82499999999999929 ) ) ;
#4883 = UNCERTAINTY_MEASURE_WITH_UNIT (LENGTH_MEASURE( 1.000000000000000082E-05 ), #6646, 'distance_accuracy_value', 'NONE');
#4884 = ORIENTED_EDGE ( 'NONE', *, *, #1038, .F. ) ;
#4885 = CARTESIAN_POINT ( 'NONE',  ( 2.797081394827103384, -4.443752139779885368, 23.60000000000000142 ) ) ;
#4886 = PRESENTATION_LAYER_ASSIGNMENT (  '', '', ( #2040 ) ) ;
#4887 = CARTESIAN_POINT ( 'NONE',  ( 0.9338364582546913040, 1.828962579188954107, 2.344886220230527840 ) ) ;
#4888 = CARTESIAN_POINT ( 'NONE',  ( 5.750000000000000000, 0.000000000000000000, 19.80000000000000071 ) ) ;
#4889 = DIRECTION ( 'NONE',  ( 1.000000000000000000, 0.000000000000000000, 0.000000000000000000 ) ) ;
#4890 = CARTESIAN_POINT ( 'NONE',  ( 2.074642841412366767, -1.184299607051964687, 0.3536250458873094749 ) ) ;
#4891 = CARTESIAN_POINT ( 'NONE',  ( 2.604312501458640572, -1.170192591841226148, 0.6502672916977026984 ) ) ;
#4892 = EDGE_CURVE ( 'NONE', #7416, #2852, #672, .T. ) ;
#4893 = ORIENTED_EDGE ( 'NONE', *, *, #6275, .F. ) ;
#4894 = CARTESIAN_POINT ( 'NONE',  ( 2.409839150776949879, 1.150740815877379974, 0.6501300892055870140 ) ) ;
#4895 = CARTESIAN_POINT ( 'NONE',  ( 0.8801896269377550430, -2.672499999999999876, 0.000000000000000000 ) ) ;
#4896 = CARTESIAN_POINT ( 'NONE',  ( 0.5849999999999999645, -2.087499999999999911, 0.1698237983775840176 ) ) ;
#4897 = DIRECTION ( 'NONE',  ( 0.000000000000000000, -0.000000000000000000, -1.000000000000000000 ) ) ;
#4898 = MECHANICAL_DESIGN_GEOMETRIC_PRESENTATION_REPRESENTATION (  '', ( #7455 ), #8329 ) ;
#4899 = ADVANCED_FACE ( 'NONE', ( #3063, #2336 ), #8413, .T. ) ;
#4900 = EDGE_CURVE ( 'NONE', #8143, #1086, #4995, .T. ) ;
#4901 = EDGE_CURVE ( 'NONE', #4756, #5825, #8272, .T. ) ;
#4902 = VECTOR ( 'NONE', #3962, 999.9999999999998863 ) ;
#4903 = ORIENTED_EDGE ( 'NONE', *, *, #5781, .T. ) ;
#4904 = FACE_OUTER_BOUND ( 'NONE', #954, .T. ) ;
#4905 = CARTESIAN_POINT ( 'NONE',  ( 2.672499999999999432, 1.170000000000000151, 0.07308557238870595774 ) ) ;
#4906 = CARTESIAN_POINT ( 'NONE',  ( 1.579991705727320043E-15, 2.004488576373840036, 3.562213309405399819 ) ) ;
#4907 = PRODUCT_CONTEXT ( 'NONE', #7912, 'mechanical' ) ;
#4908 = CARTESIAN_POINT ( 'NONE',  ( 1.180709298228100002, -2.069736196554520014, 3.932447788256490107 ) ) ;
#4909 = DIRECTION ( 'NONE',  ( 0.8752448882741049596, 0.000000000000000000, -0.4836800446059870140 ) ) ;
#4910 = CARTESIAN_POINT ( 'NONE',  ( -2.657652907183575941, 1.170107989162791240, 0.3998320658630921121 ) ) ;
#4911 = CARTESIAN_POINT ( 'NONE',  ( -0.9326488188956935099, 2.469812925952142635, 0.7000000000000030642 ) ) ;
#4912 = CARTESIAN_POINT ( 'NONE',  ( 5.750040636047960341, 3.487992170635734190, 19.80000000000000071 ) ) ;
#4913 = CARTESIAN_POINT ( 'NONE',  ( 1.169999905225043602, -2.671356028977168950, 0.1460284900451170320 ) ) ;
#4914 = FILL_AREA_STYLE_COLOUR ( '', #2030 ) ;
#4915 = FILL_AREA_STYLE ('',( #4340 ) ) ;
#4916 = ORIENTED_EDGE ( 'NONE', *, *, #6959, .F. ) ;
#4917 = CARTESIAN_POINT ( 'NONE',  ( -1.104002001797470545, -2.015396960882892774, 0.7181724610148607635 ) ) ;
#4918 = CARTESIAN_POINT ( 'NONE',  ( -5.087376438076809393, -2.745259391116355641, 19.80000000000000426 ) ) ;
#4919 = CARTESIAN_POINT ( 'NONE',  ( 0.000000000000000000, 0.000000000000000000, 23.10000000000000142 ) ) ;
#4920 = VECTOR ( 'NONE', #6214, 1000.000000000000000 ) ;
#4921 = CARTESIAN_POINT ( 'NONE',  ( -2.127842627326760105, 1.064544726869459890, 3.462367349422950102 ) ) ;
#4922 = CARTESIAN_POINT ( 'NONE',  ( -1.856614806770200632, -1.606774956722929915, 4.062213237132453969 ) ) ;
#4923 = SURFACE_STYLE_FILL_AREA ( #296 ) ;
#4924 = CARTESIAN_POINT ( 'NONE',  ( 2.087499999999999911, 1.188555814180047188, 0.1698237983775840176 ) ) ;
#4925 = CARTESIAN_POINT ( 'NONE',  ( -1.712228061764878184, 2.067437856504117821, 4.062213304289150173 ) ) ;
#4926 = CARTESIAN_POINT ( 'NONE',  ( -1.171832571672928092, -2.342593206259148353, 3.311115224814757063 ) ) ;
#4927 = CARTESIAN_POINT ( 'NONE',  ( 2.024999999999999911, -2.479909768273389807E-16, 18.50000000000000000 ) ) ;
#4928 = DIRECTION ( 'NONE',  ( 1.000000000000000000, 0.000000000000000000, 0.000000000000000000 ) ) ;
#4929 = ORIENTED_EDGE ( 'NONE', *, *, #4900, .F. ) ;
#4930 = CARTESIAN_POINT ( 'NONE',  ( 2.097298051703943234, -4.816164183294909584, 23.60000000000000142 ) ) ;
#4931 = FACE_OUTER_BOUND ( 'NONE', #1061, .T. ) ;
#4932 = B_SPLINE_CURVE_WITH_KNOTS ( 'NONE', 3,
 ( #1033, #3766, #3674, #987 ),
 .UNSPECIFIED., .F., .F.,
 ( 4, 4 ),
 ( 0.000000000000000000, 1.000000000000000000 ),
 .UNSPECIFIED. ) ;
#4933 = CARTESIAN_POINT ( 'NONE',  ( 3.862436505283613819, -2.084339191823538329, 2.969165229559819430 ) ) ;
#4934 = EDGE_CURVE ( 'NONE', #305, #3345, #721, .T. ) ;
#4935 = CARTESIAN_POINT ( 'NONE',  ( 1.787387339287020316, -0.8973596576508999778, 3.562213304289150173 ) ) ;
#4936 = CARTESIAN_POINT ( 'NONE',  ( 2.344603317454463376, -1.170905732043984404, 3.047414584114895408 ) ) ;
#4937 = ORIENTED_EDGE ( 'NONE', *, *, #4255, .F. ) ;
#4938 = SURFACE_STYLE_USAGE ( .BOTH. , #2891 ) ;
#4939 = CARTESIAN_POINT ( 'NONE',  ( -1.193934741176917225, -2.672499999999999876, 0.000000000000000000 ) ) ;
#4940 = DIRECTION ( 'NONE',  ( 1.000000000000000000, 0.000000000000000000, -0.000000000000000000 ) ) ;
#4941 = CARTESIAN_POINT ( 'NONE',  ( 1.061689760044409958, -2.074914979827140016, 0.3536250458876650238 ) ) ;
#4942 = SURFACE_STYLE_FILL_AREA ( #6236 ) ;
#4943 =( GEOMETRIC_REPRESENTATION_CONTEXT ( 3 ) GLOBAL_UNCERTAINTY_ASSIGNED_CONTEXT ( ( #5058 ) ) GLOBAL_UNIT_ASSIGNED_CONTEXT ( ( #8480, #7085, #1768 ) ) REPRESENTATION_CONTEXT ( 'NONE', 'WORKASPACE' ) );
#4944 = CARTESIAN_POINT ( 'NONE',  ( 3.199999999999999734, 0.000000000000000000, 2.979520568619146825 ) ) ;
#4945 = CARTESIAN_POINT ( 'NONE',  ( 1.169999999999999929, -2.477500000000000036, 0.1648747531013509959 ) ) ;
#4946 = VERTEX_POINT ( 'NONE', #947 ) ;
#4947 = SURFACE_STYLE_FILL_AREA ( #5786 ) ;
#4948 = CARTESIAN_POINT ( 'NONE',  ( 0.000000000000000000, 0.000000000000000000, 0.7189519526491494616 ) ) ;
#4949 = VECTOR ( 'NONE', #5235, 1000.000000000000000 ) ;
#4950 = FILL_AREA_STYLE_COLOUR ( '', #2403 ) ;
#4951 = CARTESIAN_POINT ( 'NONE',  ( 0.7872304270804779680, 1.977512129398070195, 1.127511258060150068 ) ) ;
#4952 = PRODUCT_CONTEXT ( 'NONE', #7440, 'mechanical' ) ;
#4953 = CARTESIAN_POINT ( 'NONE',  ( 1.249691179614720093, -1.508087747605519890, 4.062213304289150173 ) ) ;
#4954 =( LENGTH_UNIT ( ) NAMED_UNIT ( * ) SI_UNIT ( .MILLI., .METRE. ) );
#4955 = CARTESIAN_POINT ( 'NONE',  ( -2.083934357855171005, 1.578710891104530667, 18.50000000000000000 ) ) ;
#4956 = FACE_OUTER_BOUND ( 'NONE', #6986, .T. ) ;
#4957 = CARTESIAN_POINT ( 'NONE',  ( 1.170146687441776967, 2.527318883986420239, 1.150393105839852437 ) ) ;
#4958 = CARTESIAN_POINT ( 'NONE',  ( 2.672499999999999876, 0.2174125788124138536, -3.419999999999999929 ) ) ;
#4959 = COLOUR_RGB ( '',0.2862745098039215508, 0.2862745098039215508, 0.2862745098039215508 ) ;
#4960 = LINE ( 'NONE', #7540, #7943 ) ;
#4961 = DIRECTION ( 'NONE',  ( -1.000000000000000000, 1.224646799147350002E-16, 0.000000000000000000 ) ) ;
#4962 = ORIENTED_EDGE ( 'NONE', *, *, #1220, .F. ) ;
#4963 = CARTESIAN_POINT ( 'NONE',  ( -4.806971567913337573, -3.200933220431042781, 19.79999999999999716 ) ) ;
#4964 = ADVANCED_FACE ( 'NONE', ( #3676 ), #156, .F. ) ;
#4965 = CARTESIAN_POINT ( 'NONE',  ( -0.9024892937514642499, -1.784801234345668286, 3.562187324206069317 ) ) ;
#4966 = CARTESIAN_POINT ( 'NONE',  ( 2.672499999999999876, -0.5849999999999999645, -2.754830917718800176 ) ) ;
#4967 = CARTESIAN_POINT ( 'NONE',  ( -1.238700184639794921, 2.977760585244280112, 2.969165229559820762 ) ) ;
#4968 = CARTESIAN_POINT ( 'NONE',  ( 0.000000000000000000, 0.000000000000000000, 9.599999999999999645 ) ) ;
#4969 = CARTESIAN_POINT ( 'NONE',  ( 1.177596586497805520, -2.334793617258670295, 3.562185317665681694 ) ) ;
#4970 = AXIS2_PLACEMENT_3D ( 'NONE', #1101, #7213, #7125 ) ;
#4971 = MANIFOLD_SOLID_BREP ( 'Imported1', #2357 ) ;
#4972 = CARTESIAN_POINT ( 'NONE',  ( 0.000000000000000000, 0.000000000000000000, 13.03458261477990021 ) ) ;
#4973 = CARTESIAN_POINT ( 'NONE',  ( 1.868515763110544903, -2.645519150546295162, 2.969165229559820318 ) ) ;
#4974 = CARTESIAN_POINT ( 'NONE',  ( 2.087499999999999911, 1.180606401414060036, 0.000000000000000000 ) ) ;
#4975 = UNCERTAINTY_MEASURE_WITH_UNIT (LENGTH_MEASURE( 1.000000000000000082E-05 ), #6103, 'distance_accuracy_value', 'NONE');
#4976 = CARTESIAN_POINT ( 'NONE',  ( -1.073042149621650010, -2.118357599372330036, 1.343284307299410063 ) ) ;
#4977 = CARTESIAN_POINT ( 'NONE',  ( -6.749257393153129669, 8.265456463146589698E-16, 10.24702156666990049 ) ) ;
#4978 = ORIENTED_EDGE ( 'NONE', *, *, #4256, .T. ) ;
#4979 = CARTESIAN_POINT ( 'NONE',  ( 4.865732433572428128, -1.972032485673383295, 23.59999999999999787 ) ) ;
#4980 = SURFACE_STYLE_FILL_AREA ( #2260 ) ;
#4981 = AXIS2_PLACEMENT_3D ( 'NONE', #5876, #6552, #7340 ) ;
#4982 = CARTESIAN_POINT ( 'NONE',  ( 2.332399654169004855, -0.9001966847907013625, 23.60000000000000497 ) ) ;
#4983 = CARTESIAN_POINT ( 'NONE',  ( 2.002935650592339911, -1.099024504050249984, 0.7659099622468710233 ) ) ;
#4984 = CARTESIAN_POINT ( 'NONE',  ( -1.782046731129526718, 0.9079363418185606438, 3.562213304289150173 ) ) ;
#4985 = ORIENTED_EDGE ( 'NONE', *, *, #4287, .F. ) ;
#4986 = ORIENTED_EDGE ( 'NONE', *, *, #385, .F. ) ;
#4987 = CARTESIAN_POINT ( 'NONE',  ( 1.169999999999999929, 2.338664820565219848, 3.462676791579640589 ) ) ;
#4988 = CARTESIAN_POINT ( 'NONE',  ( -1.186002406701683665, -2.672499999999999876, 0.000000000000000000 ) ) ;
#4989 =( GEOMETRIC_REPRESENTATION_CONTEXT ( 3 ) GLOBAL_UNCERTAINTY_ASSIGNED_CONTEXT ( ( #5164 ) ) GLOBAL_UNIT_ASSIGNED_CONTEXT ( ( #7580, #1430, #3487 ) ) REPRESENTATION_CONTEXT ( 'NONE', 'WORKASPACE' ) );
#4990 =( BOUNDED_SURFACE ( )  B_SPLINE_SURFACE ( 3, 3, ( 
 ( #418, #495, #8538, #4524 ),
 ( #1166, #4650, #8667, #3898 ),
 ( #5145, #7856, #5979, #1738 ),
 ( #7190, #5315, #1078, #3805 ) ),
 .UNSPECIFIED., .F., .F., .F. ) 
 B_SPLINE_SURFACE_WITH_KNOTS ( ( 4, 4 ),
 ( 4, 4 ),
 ( 0.000000000000000000, 1.000000000000000000 ),
 ( 0.000000000000000000, 1.000000000000000000 ),
 .UNSPECIFIED. ) 
 GEOMETRIC_REPRESENTATION_ITEM ( )  RATIONAL_B_SPLINE_SURFACE ( (
 ( 1.000000000000000000, 0.3333333333333334259, 0.3333333333333334259, 1.000000000000000000),
 ( 0.8047378541243732641, 0.2682459513747911806, 0.2682459513747911806, 0.8047378541243732641),
 ( 0.8047378541243732641, 0.2682459513747911806, 0.2682459513747911806, 0.8047378541243732641),
 ( 1.000000000000000000, 0.3333333333333334259, 0.3333333333333334259, 1.000000000000000000) ) ) 
 REPRESENTATION_ITEM ( '' )  SURFACE ( )  );
#4991 = CARTESIAN_POINT ( 'NONE',  ( 1.177070708689349932, -2.087499999999999911, 0.000000000000000000 ) ) ;
#4992 = LINE ( 'NONE', #2313, #4844 ) ;
#4993 = CARTESIAN_POINT ( 'NONE',  ( 0.8982081424464080088, -1.792286195915139935, 2.938398839841000143 ) ) ;
#4994 = ORIENTED_EDGE ( 'NONE', *, *, #2654, .F. ) ;
#4995 = CIRCLE ( 'NONE', #8284, 2.614955567827029981 ) ;
#4996 = SURFACE_STYLE_USAGE ( .BOTH. , #8392 ) ;
#4997 = CARTESIAN_POINT ( 'NONE',  ( 0.9007651532040990006, 1.787255760337699950, 3.121953701425990602 ) ) ;
#4998 =( NAMED_UNIT ( * ) PLANE_ANGLE_UNIT ( ) SI_UNIT ( $, .RADIAN. ) );
#4999 = CARTESIAN_POINT ( 'NONE',  ( -1.778716528177113565, 0.9123655856782872942, 3.022064739160810198 ) ) ;
#5000 = CARTESIAN_POINT ( 'NONE',  ( 1.957707271921000469, 1.705095538546161027, 18.50000000000000355 ) ) ;
#5001 =( GEOMETRIC_REPRESENTATION_CONTEXT ( 3 ) GLOBAL_UNCERTAINTY_ASSIGNED_CONTEXT ( ( #3920 ) ) GLOBAL_UNIT_ASSIGNED_CONTEXT ( ( #2557, #3192, #2589 ) ) REPRESENTATION_CONTEXT ( 'NONE', 'WORKASPACE' ) );
#5002 = CARTESIAN_POINT ( 'NONE',  ( -2.346699643785923772, 1.171884207724455562, 3.044363886508838490 ) ) ;
#5003 = CARTESIAN_POINT ( 'NONE',  ( 1.169992171014304638, 2.338649169650270920, 3.462676777723357802 ) ) ;
#5004 = EDGE_CURVE ( 'NONE', #1853, #4622, #6947, .T. ) ;
#5005 = CARTESIAN_POINT ( 'NONE',  ( 2.827575027079067382, 5.036417676994044079, 19.80000000000000071 ) ) ;
#5006 = LINE ( 'NONE', #287, #7867 ) ;
#5007 = CARTESIAN_POINT ( 'NONE',  ( 2.338649169642695647, -1.169992171010515669, 3.462676777723452837 ) ) ;
#5008 = VECTOR ( 'NONE', #8274, 1000.000000000000114 ) ;
#5009 = CARTESIAN_POINT ( 'NONE',  ( 2.326886185018450792, -1.191605997030013242, 3.023199761055439971 ) ) ;
#5010 = DIRECTION ( 'NONE',  ( -0.000000000000000000, -0.000000000000000000, -1.000000000000000000 ) ) ;
#5011 =( LENGTH_UNIT ( ) NAMED_UNIT ( * ) SI_UNIT ( .MILLI., .METRE. ) );
#5012 = CARTESIAN_POINT ( 'NONE',  ( 6.724999999999999645, 0.000000000000000000, 10.25306961402259986 ) ) ;
#5013 = DIRECTION ( 'NONE',  ( 0.000000000000000000, 0.000000000000000000, 1.000000000000000000 ) ) ;
#5014 = CARTESIAN_POINT ( 'NONE',  ( -4.384532436802681232, 5.369503614488147526E-16, 2.994165229559819785 ) ) ;
#5015 = CARTESIAN_POINT ( 'NONE',  ( 3.008799101117138886, -1.161248266957781494, 2.969165229559820762 ) ) ;
#5016 = CARTESIAN_POINT ( 'NONE',  ( 2.087499999999999911, 0.8774999999999979483, 0.1698237983775840176 ) ) ;
#5017 = EDGE_CURVE ( 'NONE', #3458, #7750, #8250, .T. ) ;
#5018 = CARTESIAN_POINT ( 'NONE',  ( -1.169999999999999929, -2.496012680610760093, 1.343875944983520032 ) ) ;
#5019 = CARTESIAN_POINT ( 'NONE',  ( 2.087499999999999911, -3.834675289830150144E-16, -3.419999999999999929 ) ) ;
#5020 = ORIENTED_EDGE ( 'NONE', *, *, #6484, .F. ) ;
#5021 = CARTESIAN_POINT ( 'NONE',  ( -2.724513057592635068, -4.491228229381024839, 23.60000000000000142 ) ) ;
#5022 = FILL_AREA_STYLE_COLOUR ( '', #1230 ) ;
#5023 = CARTESIAN_POINT ( 'NONE',  ( 3.629335136320487987, -2.461188272504268859, 2.969165229559820318 ) ) ;
#5024 = CARTESIAN_POINT ( 'NONE',  ( -2.074685419135839926, 1.165216579825820054, 0.3536250458933549723 ) ) ;
#5025 = ORIENTED_EDGE ( 'NONE', *, *, #851, .T. ) ;
#5026 = ORIENTED_EDGE ( 'NONE', *, *, #3600, .F. ) ;
#5027 = CARTESIAN_POINT ( 'NONE',  ( -1.184819930300748059, -2.331150357843485121, 3.562213304289150173 ) ) ;
#5028 = CARTESIAN_POINT ( 'NONE',  ( -1.046244493863110359, 1.948671255314829764, 1.071361261612185256 ) ) ;
#5029 = CARTESIAN_POINT ( 'NONE',  ( 0.6888338008218339859, -1.881671994200359910, 3.022064739156709923 ) ) ;
#5030 = DIRECTION ( 'NONE',  ( 0.000000000000000000, -1.000000000000000000, 0.000000000000000000 ) ) ;
#5031 = CARTESIAN_POINT ( 'NONE',  ( 0.000000000000000000, 2.087499999999999911, 0.000000000000000000 ) ) ;
#5032 = ORIENTED_EDGE ( 'NONE', *, *, #6720, .T. ) ;
#5033 = CARTESIAN_POINT ( 'NONE',  ( 6.724999999999999645, -8.235749724265949955E-16, 19.79999999999999716 ) ) ;
#5034 = CIRCLE ( 'NONE', #2484, 6.750000000000000000 ) ;
#5035 =( BOUNDED_SURFACE ( )  B_SPLINE_SURFACE ( 3, 3, ( 
 ( #5425, #8147, #8059, #603 ),
 ( #6088, #6181, #8765, #3425 ),
 ( #7377, #6798, #4185, #8813 ),
 ( #554, #2649, #3469, #1266 ) ),
 .UNSPECIFIED., .F., .F., .F. ) 
 B_SPLINE_SURFACE_WITH_KNOTS ( ( 4, 4 ),
 ( 4, 4 ),
 ( 0.000000000000000000, 1.000000000000000000 ),
 ( 0.000000000000000000, 1.000000000000000000 ),
 .UNSPECIFIED. ) 
 GEOMETRIC_REPRESENTATION_ITEM ( )  RATIONAL_B_SPLINE_SURFACE ( (
 ( 1.000000000000000000, 0.3333333333333334259, 0.3333333333333334259, 1.000000000000000000),
 ( 0.8047378541243609407, 0.2682459513747870727, 0.2682459513747870727, 0.8047378541243609407),
 ( 0.8047378541243609407, 0.2682459513747870727, 0.2682459513747870727, 0.8047378541243609407),
 ( 1.000000000000000000, 0.3333333333333334259, 0.3333333333333334259, 1.000000000000000000) ) ) 
 REPRESENTATION_ITEM ( '' )  SURFACE ( )  );
#5036 = CARTESIAN_POINT ( 'NONE',  ( 1.706195485430850978, 0.8536396577870689617, 3.455387642142009330 ) ) ;
#5037 = AXIS2_PLACEMENT_3D ( 'NONE', #4869, #6916, #8268 ) ;
#5038 = CARTESIAN_POINT ( 'NONE',  ( 2.589955567827030514, 5.179911135654060139, 18.50000000000000355 ) ) ;
#5039 = CARTESIAN_POINT ( 'NONE',  ( 1.173535688091879914, 2.087499999999999911, 0.1698237986199239991 ) ) ;
#5040 = FILL_AREA_STYLE_COLOUR ( '', #7547 ) ;
#5041 =( NAMED_UNIT ( * ) SI_UNIT ( $, .STERADIAN. ) SOLID_ANGLE_UNIT ( ) );
#5042 = CARTESIAN_POINT ( 'NONE',  ( 1.169992171014304638, 2.338649169650270920, 3.462676777723357802 ) ) ;
#5043 = VECTOR ( 'NONE', #1265, 1000.000000000000000 ) ;
#5044 = ADVANCED_FACE ( 'NONE', ( #840 ), #3179, .F. ) ;
#5045 = CARTESIAN_POINT ( 'NONE',  ( 4.721982547267783659, 3.325078021380120319, 19.80000000000000426 ) ) ;
#5046 = DIRECTION ( 'NONE',  ( 1.000000000000000000, 0.000000000000000000, 0.000000000000000000 ) ) ;
#5047 = CARTESIAN_POINT ( 'NONE',  ( 2.671367173980591758, -1.169999263134755108, 0.1454854118217575876 ) ) ;
#5048 = CARTESIAN_POINT ( 'NONE',  ( 2.331150512871858815, -1.184819625263421550, 3.562213304289150173 ) ) ;
#5049 = FILL_AREA_STYLE ('',( #5795 ) ) ;
#5050 = CARTESIAN_POINT ( 'NONE',  ( -2.077641076238244455, 1.160355956186872595, 0.2920296534324849369 ) ) ;
#5051 = CARTESIAN_POINT ( 'NONE',  ( -1.648603043770890064, 1.495701609872460036, 4.062213304289150173 ) ) ;
#5052 = CARTESIAN_POINT ( 'NONE',  ( 2.922656144997475280, 1.365641244223459339, 2.969165229559820762 ) ) ;
#5053 = FILL_AREA_STYLE ('',( #1691 ) ) ;
#5054 = CARTESIAN_POINT ( 'NONE',  ( 0.3289961809782973590, -2.589888195485025246, 18.50000000000000000 ) ) ;
#5055 = B_SPLINE_SURFACE_WITH_KNOTS ( 'NONE', 3, 3, ( 
 ( #6460, #1015, #1930, #354, #7372, #6507, #7792, #3089 ),
 ( #4415, #6709, #8568, #5127, #601, #4461, #1063, #3792 ),
 ( #3338, #3132, #1984, #5828, #974, #2454, #5177, #7885 ),
 ( #7334, #7511, #6842, #1308, #2838, #8191, #4047, #2036 ),
 ( #2884, #5604, #5514, #5560, #647, #6086, #4092, #6751 ),
 ( #6270, #8285, #177, #8330, #2130, #5471, #1404, #8810 ),
 ( #4718, #7559, #2690, #6887, #7470, #4183, #8237, #3378 ),
 ( #127, #5422, #3507, #8144, #7418, #4759, #2173, #787 ),
 ( #4226, #6225, #1354, #4839, #4887, #87, #1448, #7601 ),
 ( #3423, #1492, #6931, #830, #2081, #3553, #6796, #4802 ) ),
 .UNSPECIFIED., .F., .F., .F.,
 ( 4, 3, 3, 4 ),
 ( 4, 1, 1, 1, 1, 4 ),
 ( -0.01000000000000000021, 0.000000000000000000, 1.000000000000000000, 1.010099999999999998 ),
 ( 0.000000000000000000, 0.1386939662306120036, 0.4160818986918349838, 0.6934698311530580472, 0.8321637973836689683, 0.9708577636142809997 ),
 .UNSPECIFIED. ) ;
#5056 = LINE ( 'NONE', #1743, #1496 ) ;
#5057 = CARTESIAN_POINT ( 'NONE',  ( 1.860959444369149951, 0.9648860308067479519, 1.943675179695550037 ) ) ;
#5058 = UNCERTAINTY_MEASURE_WITH_UNIT (LENGTH_MEASURE( 1.000000000000000082E-05 ), #8480, 'distance_accuracy_value', 'NONE');
#5059 = CARTESIAN_POINT ( 'NONE',  ( -1.078371416353600010, -2.155592916961039940, 3.310941330543310190 ) ) ;
#5060 = CARTESIAN_POINT ( 'NONE',  ( 5.352304462057289491, 2.169239938057732076, 19.80000000000000071 ) ) ;
#5061 = ORIENTED_EDGE ( 'NONE', *, *, #8565, .T. ) ;
#5062 = CARTESIAN_POINT ( 'NONE',  ( 4.345725536156217927, -2.947020279112017249, 23.60000000000000142 ) ) ;
#5063 = CARTESIAN_POINT ( 'NONE',  ( -2.556450193220099768E-16, -2.087499999999999911, 0.000000000000000000 ) ) ;
#5064 = B_SPLINE_CURVE_WITH_KNOTS ( 'NONE', 3,
 ( #1687, #4432, #7144, #163, #2868, #8313, #4917, #4605, #3100, #8702, #6561, #5310 ),
 .UNSPECIFIED., .F., .F.,
 ( 4, 2, 2, 2, 2, 4 ),
 ( 1.077817169934801058E-18, 0.0002173549784295098093, 0.0004347099568590186429, 0.0008694199137180359848, 0.001738839827436070885, 0.003477679654872140470 ),
 .UNSPECIFIED. ) ;
#5065 = CARTESIAN_POINT ( 'NONE',  ( -2.671356058248760768, 1.169996645527937362, 0.1460278427600703310 ) ) ;
#5066 = CARTESIAN_POINT ( 'NONE',  ( -1.996407488399440266, 0.2524308752718900095, 1.943675179718990176 ) ) ;
#5067 = VERTEX_POINT ( 'NONE', #1103 ) ;
#5068 = CARTESIAN_POINT ( 'NONE',  ( 1.706253569163250106, -0.8535235383923219787, 3.618895854957929981 ) ) ;
#5069 = PRESENTATION_STYLE_ASSIGNMENT (( #2307 ) ) ;
#5070 = VERTEX_POINT ( 'NONE', #1671 ) ;
#5071 = CARTESIAN_POINT ( 'NONE',  ( 1.180709298228109994, 2.069736196554520014, 3.932447788256490107 ) ) ;
#5072 = CARTESIAN_POINT ( 'NONE',  ( -1.178070848422879902, -2.658176790692019953, 0.3537504162900820814 ) ) ;
#5073 = CARTESIAN_POINT ( 'NONE',  ( -1.078371416353600010, 2.155592916961050154, 3.310941330542970018 ) ) ;
#5074 = CARTESIAN_POINT ( 'NONE',  ( -3.797823167533710071E-15, -2.006305602763189810, 1.943675179696910060 ) ) ;
#5075 = EDGE_CURVE ( 'NONE', #8603, #4554, #4367, .T. ) ;
#5076 = CARTESIAN_POINT ( 'NONE',  ( 3.749324069410798987, 2.274248065842743305, 2.969165229559820318 ) ) ;
#5077 = CARTESIAN_POINT ( 'NONE',  ( 1.170917004731294009, -2.340498065203291400, 3.462677475936898563 ) ) ;
#5078 = ORIENTED_EDGE ( 'NONE', *, *, #5882, .F. ) ;
#5079 = FILL_AREA_STYLE_COLOUR ( '', #671 ) ;
#5080 = CARTESIAN_POINT ( 'NONE',  ( -1.160475727304669968, 2.069577164317220053, 0.4031326314136419731 ) ) ;
#5081 = CARTESIAN_POINT ( 'NONE',  ( 1.169995617892763073, -2.338667012531526979, 3.456333897126589338 ) ) ;
#5082 =( NAMED_UNIT ( * ) SI_UNIT ( $, .STERADIAN. ) SOLID_ANGLE_UNIT ( ) );
#5083 = STYLED_ITEM ( 'NONE', ( #8546 ), #7006 ) ;
#5084 = CARTESIAN_POINT ( 'NONE',  ( -2.064760589779695898, 1.154276652194211827, 0.3996858552410206267 ) ) ;
#5085 = CARTESIAN_POINT ( 'NONE',  ( -2.379999999999999893, -0.2174125788124139924, -3.419999999999999929 ) ) ;
#5086 =( NAMED_UNIT ( * ) SI_UNIT ( $, .STERADIAN. ) SOLID_ANGLE_UNIT ( ) );
#5087 = PRESENTATION_LAYER_ASSIGNMENT (  '', '', ( #3817 ) ) ;
#5088 = CARTESIAN_POINT ( 'NONE',  ( -2.169239938058390216, 5.352304462057172252, 19.80000000000000071 ) ) ;
#5089 =( NAMED_UNIT ( * ) SI_UNIT ( $, .STERADIAN. ) SOLID_ANGLE_UNIT ( ) );
#5090 = CARTESIAN_POINT ( 'NONE',  ( -2.672499999999999876, -1.169999999999999929, 0.1648747531013350087 ) ) ;
#5091 = PRESENTATION_STYLE_ASSIGNMENT (( #2372 ) ) ;
#5092 = DIRECTION ( 'NONE',  ( 0.000000000000000000, 0.4836800446059870140, 0.8752448882741049596 ) ) ;
#5093 = MECHANICAL_DESIGN_GEOMETRIC_PRESENTATION_REPRESENTATION (  '', ( #3671 ), #6089 ) ;
#5094 = SURFACE_STYLE_USAGE ( .BOTH. , #2474 ) ;
#5095 = AXIS2_PLACEMENT_3D ( 'NONE', #2126, #3502, #1444 ) ;
#5096 = CARTESIAN_POINT ( 'NONE',  ( -1.548429068449962642, -1.754014116603900053, 4.062213304289150173 ) ) ;
#5097 = SURFACE_STYLE_USAGE ( .BOTH. , #6968 ) ;
#5098 = CARTESIAN_POINT ( 'NONE',  ( -0.8186114415785867848, -2.457859469779316353, 18.49999999999999645 ) ) ;
#5099 =( LENGTH_UNIT ( ) NAMED_UNIT ( * ) SI_UNIT ( .MILLI., .METRE. ) );
#5100 = CARTESIAN_POINT ( 'NONE',  ( 1.860151775460789914, 0.9675979689774709680, 1.943675179695550037 ) ) ;
#5101 = CARTESIAN_POINT ( 'NONE',  ( -1.169999999999999929, -2.087499999999999911, 0.000000000000000000 ) ) ;
#5102 =( GEOMETRIC_REPRESENTATION_CONTEXT ( 3 ) GLOBAL_UNCERTAINTY_ASSIGNED_CONTEXT ( ( #4713 ) ) GLOBAL_UNIT_ASSIGNED_CONTEXT ( ( #4811, #5307, #3305 ) ) REPRESENTATION_CONTEXT ( 'NONE', 'WORKASPACE' ) );
#5103 = CARTESIAN_POINT ( 'NONE',  ( 5.669920595762088844, 1.096879030481035411, 19.80000000000000071 ) ) ;
#5104 = ORIENTED_EDGE ( 'NONE', *, *, #3278, .T. ) ;
#5105 = CARTESIAN_POINT ( 'NONE',  ( 5.176390369532064106, 0.8762739593261086313, 23.60000000000000497 ) ) ;
#5106 = DIRECTION ( 'NONE',  ( 1.000000000000000000, 0.000000000000000000, 0.000000000000000000 ) ) ;
#5107 = COLOUR_RGB ( '',0.8313725490196077761, 0.8313725490196077761, 0.8313725490196077761 ) ;
#5108 = CARTESIAN_POINT ( 'NONE',  ( -2.050751496825544695, -1.448521019312739799, 23.59999999999999787 ) ) ;
#5109 = CARTESIAN_POINT ( 'NONE',  ( -1.786143865013960053, 0.8998318338300661523, 3.391484666840950180 ) ) ;
#5110 = ORIENTED_EDGE ( 'NONE', *, *, #8619, .F. ) ;
#5111 = CARTESIAN_POINT ( 'NONE',  ( -3.272868570721299931E-16, -2.672499999999999876, 0.000000000000000000 ) ) ;
#5112 = CARTESIAN_POINT ( 'NONE',  ( 2.140484332542559986, -1.566195939707290208, 4.062213304289150173 ) ) ;
#5113 = AXIS2_PLACEMENT_3D ( 'NONE', #7311, #5925, #4064 ) ;
#5114 = ADVANCED_FACE ( 'NONE', ( #925 ), #1050, .T. ) ;
#5115 = CARTESIAN_POINT ( 'NONE',  ( -1.177487470422720062, 2.417891171522910110, 1.944948958572239928 ) ) ;
#5116 = ORIENTED_EDGE ( 'NONE', *, *, #1279, .T. ) ;
#5117 =( NAMED_UNIT ( * ) PLANE_ANGLE_UNIT ( ) SI_UNIT ( $, .RADIAN. ) );
#5118 = CARTESIAN_POINT ( 'NONE',  ( -1.178070072226450105, -2.672499999999999876, 0.000000000000000000 ) ) ;
#5119 = CARTESIAN_POINT ( 'NONE',  ( -0.8930455601896150064, 1.784986933801540276, 3.462470101593499550 ) ) ;
#5120 = FILL_AREA_STYLE ('',( #4409 ) ) ;
#5121 = MECHANICAL_DESIGN_GEOMETRIC_PRESENTATION_REPRESENTATION (  '', ( #6105 ), #7827 ) ;
#5122 = STYLED_ITEM ( 'NONE', ( #6340 ), #5455 ) ;
#5123 = FILL_AREA_STYLE ('',( #5824 ) ) ;
#5124 = EDGE_CURVE ( 'NONE', #5521, #6268, #3741, .T. ) ;
#5125 = ORIENTED_EDGE ( 'NONE', *, *, #2384, .F. ) ;
#5126 = CARTESIAN_POINT ( 'NONE',  ( 0.000000000000000000, 0.000000000000000000, 0.7250000000000034195 ) ) ;
#5127 = CARTESIAN_POINT ( 'NONE',  ( 1.170816784199438354, 2.527621036088041340, 1.072177898074886171 ) ) ;
#5128 = CARTESIAN_POINT ( 'NONE',  ( 1.775878385095828849, 0.9179547890227341966, 3.022064739156450131 ) ) ;
#5129 = CARTESIAN_POINT ( 'NONE',  ( 2.614955567827029537, 5.229911135654058185, 18.48964466094067305 ) ) ;
#5130 = CARTESIAN_POINT ( 'NONE',  ( -0.9032260965167300260, 1.786021092021659928, 3.121953701425990602 ) ) ;
#5131 = B_SPLINE_SURFACE_WITH_KNOTS ( 'NONE', 3, 3, ( 
 ( #6815, #1240, #1325, #3353, #6863, #7532, #2664, #6766 ),
 ( #2100, #759, #2619, #3485, #6056, #1280, #5349, #5393 ),
 ( #665, #8073, #3395, #2711, #4687, #7391, #5440, #2056 ),
 ( #2236, #6289, #6906, #196, #7047, #3572, #2903, #1551 ),
 ( #2322, #3702, #8303, #7087, #845, #4997, #3046, #7665 ),
 ( #7760, #5039, #5621, #4292, #6421, #3000, #2277, #148 ),
 ( #4245, #7615, #5709, #1507, #6376, #6999, #2856, #8351 ),
 ( #5576, #8437, #6336, #4951, #933, #891, #3616, #802 ),
 ( #3659, #239, #277, #2956, #1633, #5662, #8393, #4372 ),
 ( #4859, #7717, #1593, #4330, #975, #320, #6244, #2191 ),
 ( #6951, #5749, #8483, #7575, #4199, #1465, #3523, #4906 ),
 ( #3929, #486, #6632, #3264, #8615, #3136, #7889, #6465 ),
 ( #2363, #5222, #356, #1676, #4513, #448, #5831, #7135 ),
 ( #6590, #1018, #1154, #5787, #519, #7793, #3222, #4556 ),
 ( #1865, #7262, #5964, #2504, #5916, #6553, #7940, #8656 ),
 ( #1067, #3887, #1817, #2543, #8571, #5261, #4419, #2458 ),
 ( #7983, #4598, #5080, #5180, #3749, #7303, #7221, #5878 ),
 ( #1198, #3091, #8526, #2411, #1771, #5130, #7843, #1721 ),
 ( #4465, #3181, #7176, #1110, #3840, #3795, #6510, #403 ),
 ( #6006, #4769, #8066, #7476, #1412, #608, #8026, #6050 ),
 ( #1272, #3388, #4016, #7523, #2700, #8772, #3303, #1939 ) ),
 .UNSPECIFIED., .F., .F., .F.,
 ( 4, 3, 2, 1, 1, 1, 1, 1, 1, 1, 2, 3, 4 ),
 ( 4, 1, 1, 1, 1, 4 ),
 ( -0.01462359149266310304, -0.004532933451126339684, 0.000000000000000000, 0.1250000000000000000, 0.2500000000000000000, 0.3750000000000000000, 0.5000000000000000000, 0.6250000000000000000, 0.7500000000000000000, 0.8750000000000000000, 1.000000000000000000, 1.004532870702550040, 1.014724435324502183 ),
 ( 0.000000000000000000, 0.1428571430610010018, 0.4285714291830030054, 0.7142857153050049535, 0.8571428583660060108, 1.000000001427010066 ),
 .UNSPECIFIED. ) ;
#5132 = CARTESIAN_POINT ( 'NONE',  ( 1.398680199180519779, -1.433562399259972198, 4.062213304289150173 ) ) ;
#5133 = EDGE_CURVE ( 'NONE', #2263, #645, #7933, .T. ) ;
#5134 = CARTESIAN_POINT ( 'NONE',  ( -1.788796286070977404, 0.8965625839386985874, 3.043410667269188519 ) ) ;
#5135 = CARTESIAN_POINT ( 'NONE',  ( -0.9024892937514642499, -1.784801234345668286, 3.562187324206069317 ) ) ;
#5136 = COLOUR_RGB ( '',0.2862745098039215508, 0.2862745098039215508, 0.2862745098039215508 ) ;
#5137 = CARTESIAN_POINT ( 'NONE',  ( -5.387466162008446524, 2.080422815638349743, 19.79999999999999716 ) ) ;
#5138 = CARTESIAN_POINT ( 'NONE',  ( -1.787092346873600857, -0.8941979632243279852, 3.310598656537301565 ) ) ;
#5139 = CYLINDRICAL_SURFACE ( 'NONE', #342, 5.750000000000000000 ) ;
#5140 = CARTESIAN_POINT ( 'NONE',  ( 7.341583419596606896E-08, 2.087499999999999911, 0.000000000000000000 ) ) ;
#5141 = VECTOR ( 'NONE', #5351, 1000.000000000000000 ) ;
#5142 =( LENGTH_UNIT ( ) NAMED_UNIT ( * ) SI_UNIT ( .MILLI., .METRE. ) );
#5143 = DIRECTION ( 'NONE',  ( 1.000000000000000000, 0.000000000000000000, -0.000000000000000000 ) ) ;
#5144 = STYLED_ITEM ( 'NONE', ( #6390 ), #5213 ) ;
#5145 = CARTESIAN_POINT ( 'NONE',  ( 6.750000000000000000, 0.000000000000000000, 19.78964466094067021 ) ) ;
#5146 = CARTESIAN_POINT ( 'NONE',  ( 2.024999999999999911, 0.000000000000000000, 18.50000000000000000 ) ) ;
#5147 = CARTESIAN_POINT ( 'NONE',  ( 0.9724659623706711775, -2.400537724410593210, 18.49999999999999645 ) ) ;
#5148 = EDGE_CURVE ( 'NONE', #466, #3345, #3881, .T. ) ;
#5149 =( NAMED_UNIT ( * ) PLANE_ANGLE_UNIT ( ) SI_UNIT ( $, .RADIAN. ) );
#5150 = CARTESIAN_POINT ( 'NONE',  ( 1.172646494438876363, -2.337289465133343125, 3.529362772779800039 ) ) ;
#5151 = EDGE_CURVE ( 'NONE', #4399, #4058, #4932, .T. ) ;
#5152 = CARTESIAN_POINT ( 'NONE',  ( 1.152953415572763429, -2.069007562657360744, 0.3638179011379358840 ) ) ;
#5153 = CARTESIAN_POINT ( 'NONE',  ( -2.672499999999999876, -0.2924999999999999822, 0.1698237983775840176 ) ) ;
#5154 = ORIENTED_EDGE ( 'NONE', *, *, #2239, .T. ) ;
#5155 = DIRECTION ( 'NONE',  ( 1.000000000000000000, 0.000000000000000000, -0.000000000000000000 ) ) ;
#5156 = CARTESIAN_POINT ( 'NONE',  ( 2.658108486049844732, 1.201633048421314909, 0.3537504162854430145 ) ) ;
#5157 = CARTESIAN_POINT ( 'NONE',  ( 5.083298838492410709, 4.427234836750309377, 19.80000000000000071 ) ) ;
#5158 = CARTESIAN_POINT ( 'NONE',  ( 1.523885159940062239, 2.011543708704694122, 23.60000000000001208 ) ) ;
#5159 = CARTESIAN_POINT ( 'NONE',  ( -1.923171929168000061, 0.7357236631716751463, 1.943675179718990176 ) ) ;
#5160 = ORIENTED_EDGE ( 'NONE', *, *, #1989, .T. ) ;
#5161 = EDGE_CURVE ( 'NONE', #6542, #2217, #8411, .T. ) ;
#5162 = DIRECTION ( 'NONE',  ( -1.607798776342449901E-16, -0.8752448882741049596, -0.4836800446059870140 ) ) ;
#5163 = CARTESIAN_POINT ( 'NONE',  ( -1.169999999999999929, -2.087499999999986144, 0.000000000000000000 ) ) ;
#5164 = UNCERTAINTY_MEASURE_WITH_UNIT (LENGTH_MEASURE( 1.000000000000000082E-05 ), #7580, 'distance_accuracy_value', 'NONE');
#5165 = CARTESIAN_POINT ( 'NONE',  ( -1.084568693662010253, 2.447858277482390044, 1.944948958572239928 ) ) ;
#5166 = ORIENTED_EDGE ( 'NONE', *, *, #3436, .F. ) ;
#5167 = DIRECTION ( 'NONE',  ( 0.000000000000000000, 0.000000000000000000, -1.000000000000000000 ) ) ;
#5168 = CARTESIAN_POINT ( 'NONE',  ( 0.7038593203651681840, -5.742830362950130052, 19.80000000000000782 ) ) ;
#5169 = CARTESIAN_POINT ( 'NONE',  ( -1.169999999999999929, 2.678563987996165352, 0.000000000000000000 ) ) ;
#5170 = CARTESIAN_POINT ( 'NONE',  ( 1.204454309312804616, -2.087499999999999911, 0.1698237983775840176 ) ) ;
#5171 = AXIS2_PLACEMENT_3D ( 'NONE', #7185, #365, #1160 ) ;
#5172 = EDGE_CURVE ( 'NONE', #1042, #7782, #882, .T. ) ;
#5173 = SURFACE_STYLE_FILL_AREA ( #2994 ) ;
#5174 = B_SPLINE_CURVE_WITH_KNOTS ( 'NONE', 3,
 ( #6623, #1854, #3121, #551 ),
 .UNSPECIFIED., .F., .F.,
 ( 4, 4 ),
 ( 0.000000000000000000, 0.0001006724194550293186 ),
 .UNSPECIFIED. ) ;
#5175 = ORIENTED_EDGE ( 'NONE', *, *, #6731, .T. ) ;
#5176 = FILL_AREA_STYLE_COLOUR ( '', #1477 ) ;
#5177 = CARTESIAN_POINT ( 'NONE',  ( 1.170916285836464121, 2.340759870089558881, 3.311113519968588825 ) ) ;
#5178 = VERTEX_POINT ( 'NONE', #2872 ) ;
#5179 = CARTESIAN_POINT ( 'NONE',  ( 1.201633418021770927, -2.658108484966390073, 0.3537504162900820814 ) ) ;
#5180 = CARTESIAN_POINT ( 'NONE',  ( -1.046439082993769976, 1.945862451399900106, 1.127511258060150068 ) ) ;
#5181 = CARTESIAN_POINT ( 'NONE',  ( -6.750000000000000000, 8.266365894244634333E-16, 10.25306961402259986 ) ) ;
#5182 = CARTESIAN_POINT ( 'NONE',  ( -2.000000000000000000, 2.449293598294706414E-16, 11.28110665214460084 ) ) ;
#5183 = DIRECTION ( 'NONE',  ( -1.224646799147353207E-16, -1.000000000000000000, 0.000000000000000000 ) ) ;
#5184 =( NAMED_UNIT ( * ) PLANE_ANGLE_UNIT ( ) SI_UNIT ( $, .RADIAN. ) );
#5185 = EDGE_CURVE ( 'NONE', #6893, #2389, #2912, .T. ) ;
#5186 = CARTESIAN_POINT ( 'NONE',  ( -1.064543335044637606, 2.127843323546349641, 3.456022374636209982 ) ) ;
#5187 = CARTESIAN_POINT ( 'NONE',  ( -4.888133007236342031, 3.076782564055726255, 19.79999999999999716 ) ) ;
#5188 = CARTESIAN_POINT ( 'NONE',  ( -1.897939303690453938, -0.9966306404910240113, 1.610672252726828457 ) ) ;
#5189 = DIRECTION ( 'NONE',  ( 0.000000000000000000, 0.000000000000000000, 1.000000000000000000 ) ) ;
#5190 = CARTESIAN_POINT ( 'NONE',  ( 2.672499999999999876, 1.169999999999999929, 0.000000000000000000 ) ) ;
#5191 = CARTESIAN_POINT ( 'NONE',  ( -1.169999999999999707, 2.087499999999999911, 0.000000000000000000 ) ) ;
#5192 = FILL_AREA_STYLE_COLOUR ( '', #4131 ) ;
#5193 = CIRCLE ( 'NONE', #7888, 0.4999999999999982792 ) ;
#5194 = CARTESIAN_POINT ( 'NONE',  ( 5.749999999999998224, 11.49999999999999467, 23.10000000000000142 ) ) ;
#5195 = CARTESIAN_POINT ( 'NONE',  ( -1.578710891105131742, -2.083934357854568376, 18.50000000000000000 ) ) ;
#5196 = FILL_AREA_STYLE ('',( #8590 ) ) ;
#5197 = CARTESIAN_POINT ( 'NONE',  ( -1.169999999999999929, -2.083561000000000440, 0.000000000000000000 ) ) ;
#5198 = CARTESIAN_POINT ( 'NONE',  ( -2.334878108952580522, -1.177428061927380032, 3.391840585329950031 ) ) ;
#5199 = EDGE_LOOP ( 'NONE', ( #3568, #5693, #7241, #5643, #1717, #1403 ) ) ;
#5200 = CARTESIAN_POINT ( 'NONE',  ( 3.584309189322889111, 3.840338273313789852, 23.59999999999999787 ) ) ;
#5201 = CARTESIAN_POINT ( 'NONE',  ( 2.462199425481209847, 0.8982153762042811573, 3.391840585329950031 ) ) ;
#5202 = CARTESIAN_POINT ( 'NONE',  ( -5.597725479944637428, 3.727500085888301395, 19.80000000000000071 ) ) ;
#5203 = CARTESIAN_POINT ( 'NONE',  ( -2.024999999999999467, 8.266365894244633101E-17, 18.50000000000000000 ) ) ;
#5204 = CARTESIAN_POINT ( 'NONE',  ( 0.6589295104366129641, 2.414108017535913753, 23.60000000000000497 ) ) ;
#5205 = CARTESIAN_POINT ( 'NONE',  ( -2.074914979826520067, -1.061689760044220110, 0.3536250458933549723 ) ) ;
#5206 = ORIENTED_EDGE ( 'NONE', *, *, #8160, .F. ) ;
#5207 = STYLED_ITEM ( 'NONE', ( #1209 ), #205 ) ;
#5208 = DIRECTION ( 'NONE',  ( 0.000000000000000000, 0.4836800446059870140, -0.8752448882741049596 ) ) ;
#5209 = EDGE_LOOP ( 'NONE', ( #7874, #7156, #8157, #3035 ) ) ;
#5210 = CARTESIAN_POINT ( 'NONE',  ( 2.614955567827029981, 0.4071350807403513183, 3.562211289479609633 ) ) ;
#5211 = CARTESIAN_POINT ( 'NONE',  ( -0.9638650759424237657, -5.694036875148657195, 19.80000000000000071 ) ) ;
#5212 = CARTESIAN_POINT ( 'NONE',  ( -1.159621552603439909, 2.264930063539860150, 0.3997352181732419796 ) ) ;
#5213 = ADVANCED_FACE ( 'NONE', ( #5723 ), #7631, .F. ) ;
#5214 = CARTESIAN_POINT ( 'NONE',  ( 0.9134960208126556847, -1.779236992614232404, 3.391484666840905327 ) ) ;
#5215 = SURFACE_STYLE_FILL_AREA ( #7932 ) ;
#5216 = CARTESIAN_POINT ( 'NONE',  ( 1.884391338456169906, -0.6834055635693869757, 3.562213304289150173 ) ) ;
#5217 = CARTESIAN_POINT ( 'NONE',  ( 4.022228153323079702, 1.751530696465561032, 2.969165229559820318 ) ) ;
#5218 = VERTEX_POINT ( 'NONE', #4304 ) ;
#5219 = CARTESIAN_POINT ( 'NONE',  ( 1.786805585893775916, 0.8955360187114952408, 3.046461524832861478 ) ) ;
#5220 = CARTESIAN_POINT ( 'NONE',  ( 2.001839056895028168, 1.116930316186636185, 0.7659099622468721336 ) ) ;
#5221 = SURFACE_STYLE_FILL_AREA ( #485 ) ;
#5222 = CARTESIAN_POINT ( 'NONE',  ( -0.5849999999999989653, 2.087499999999999911, 0.1698237986199239991 ) ) ;
#5223 = FILL_AREA_STYLE_COLOUR ( '', #4321 ) ;
#5224 = DIRECTION ( 'NONE',  ( 1.000000000000000000, -4.690725534556966116E-17, -2.592200612862557462E-17 ) ) ;
#5225 = CARTESIAN_POINT ( 'NONE',  ( -2.334024782633279838, 1.129160790028090000, 1.071904821264310081 ) ) ;
#5226 = DIRECTION ( 'NONE',  ( -0.4836800446059880687, 0.000000000000000000, -0.8752448882741042935 ) ) ;
#5227 = CARTESIAN_POINT ( 'NONE',  ( -2.672499999999999876, -1.169999999999999929, 0.000000000000000000 ) ) ;
#5228 = SURFACE_STYLE_USAGE ( .BOTH. , #8624 ) ;
#5229 =( NAMED_UNIT ( * ) SI_UNIT ( $, .STERADIAN. ) SOLID_ANGLE_UNIT ( ) );
#5230 =( LENGTH_UNIT ( ) NAMED_UNIT ( * ) SI_UNIT ( .MILLI., .METRE. ) );
#5231 = CARTESIAN_POINT ( 'NONE',  ( 2.000000000000000888, -4.000000000000003553, 23.39289321881345174 ) ) ;
#5232 = CARTESIAN_POINT ( 'NONE',  ( 2.000000000000001776, 4.000000000000002665, 23.39289321881345174 ) ) ;
#5233 = CARTESIAN_POINT ( 'NONE',  ( 4.409532436802679811, 0.000000000000000000, 2.979520568619147269 ) ) ;
#5234 = CARTESIAN_POINT ( 'NONE',  ( -3.196815547187564110, -5.924284082913566785, 19.79999999999999361 ) ) ;
#5235 = DIRECTION ( 'NONE',  ( 0.000000000000000000, 0.000000000000000000, 1.000000000000000000 ) ) ;
#5236 = CARTESIAN_POINT ( 'NONE',  ( -0.8923379029763027770, -1.783370674449334503, 3.310595195700861026 ) ) ;
#5237 = CARTESIAN_POINT ( 'NONE',  ( -2.659545203572290184, -0.5848728926785500271, 0.3537504162900810267 ) ) ;
#5238 = ADVANCED_FACE ( 'NONE', ( #8498 ), #5324, .T. ) ;
#5239 = EDGE_LOOP ( 'NONE', ( #7840, #8699 ) ) ;
#5240 = CARTESIAN_POINT ( 'NONE',  ( 1.264642782742240845, 2.291414576259588554, 3.831566998129368518 ) ) ;
#5241 = CARTESIAN_POINT ( 'NONE',  ( 2.327594846095633052, 1.191873148618333156, 3.391840585329950031 ) ) ;
#5242 = VECTOR ( 'NONE', #1200, 1000.000000000000000 ) ;
#5243 = VECTOR ( 'NONE', #2880, 1000.000000000000000 ) ;
#5244 = CARTESIAN_POINT ( 'NONE',  ( -0.5125710501254470142, 6.710994434784025131, 19.80000000000000071 ) ) ;
#5245 = CARTESIAN_POINT ( 'NONE',  ( -0.9997911049709456988, 2.291518291723602108, 23.60000000000000497 ) ) ;
#5246 = CARTESIAN_POINT ( 'NONE',  ( -2.087499999999999911, -0.5849999999999999645, 0.1698237983775840176 ) ) ;
#5247 = ORIENTED_EDGE ( 'NONE', *, *, #2759, .F. ) ;
#5248 = AXIS2_PLACEMENT_3D ( 'NONE', #1904, #7385, #611 ) ;
#5249 = MECHANICAL_DESIGN_GEOMETRIC_PRESENTATION_REPRESENTATION (  '', ( #4104 ), #7518 ) ;
#5250 = SURFACE_STYLE_FILL_AREA ( #1182 ) ;
#5251 = CARTESIAN_POINT ( 'NONE',  ( 2.127842627326760105, -1.064544726869470104, 3.462367349422939888 ) ) ;
#5252 = UNCERTAINTY_MEASURE_WITH_UNIT (LENGTH_MEASURE( 1.000000000000000082E-05 ), #6846, 'distance_accuracy_value', 'NONE');
#5253 = EDGE_LOOP ( 'NONE', ( #1674, #4449, #6023, #3437, #437, #6457 ) ) ;
#5254 = STYLED_ITEM ( 'NONE', ( #8655 ), #8587 ) ;
#5255 = CARTESIAN_POINT ( 'NONE',  ( -1.154327468622981634, 2.066663693116805867, 0.3996863245571429246 ) ) ;
#5256 = CARTESIAN_POINT ( 'NONE',  ( 1.188555478460281645, -2.087499999999999911, 0.000000000000000000 ) ) ;
#5257 = CARTESIAN_POINT ( 'NONE',  ( 2.589955567827030514, 0.000000000000000000, 18.50000000000000355 ) ) ;
#5258 = ORIENTED_EDGE ( 'NONE', *, *, #8555, .T. ) ;
#5259 = CARTESIAN_POINT ( 'NONE',  ( 1.923808584272397537, 1.023094312999288436, 1.342979525146055453 ) ) ;
#5260 = FACE_OUTER_BOUND ( 'NONE', #7365, .T. ) ;
#5261 = CARTESIAN_POINT ( 'NONE',  ( -0.8983018420163020323, 1.788485680122799959, 3.121953701425990602 ) ) ;
#5262 = PRESENTATION_LAYER_ASSIGNMENT (  '', '', ( #3978 ) ) ;
#5263 = DIRECTION ( 'NONE',  ( 1.000000000000000000, -6.123233995736769734E-17, -0.000000000000000000 ) ) ;
#5264 = CARTESIAN_POINT ( 'NONE',  ( -2.700000000000000622, 1.102182119232616309E-16, 23.59999999999999787 ) ) ;
#5265 = AXIS2_PLACEMENT_3D ( 'NONE', #3763, #372, #5143 ) ;
#5266 =( LENGTH_UNIT ( ) NAMED_UNIT ( * ) SI_UNIT ( .MILLI., .METRE. ) );
#5267 = CARTESIAN_POINT ( 'NONE',  ( 1.169984342774493369, -2.338633519216837264, 3.462676754533798196 ) ) ;
#5268 = CARTESIAN_POINT ( 'NONE',  ( -1.975623267595080002, -0.9887299065242480811, 3.045706415827949876 ) ) ;
#5269 =( GEOMETRIC_REPRESENTATION_CONTEXT ( 3 ) GLOBAL_UNCERTAINTY_ASSIGNED_CONTEXT ( ( #2934 ) ) GLOBAL_UNIT_ASSIGNED_CONTEXT ( ( #249, #2208, #2923 ) ) REPRESENTATION_CONTEXT ( 'NONE', 'WORKASPACE' ) );
#5270 =( NAMED_UNIT ( * ) SI_UNIT ( $, .STERADIAN. ) SOLID_ANGLE_UNIT ( ) );
#5271 = FACE_OUTER_BOUND ( 'NONE', #4103, .T. ) ;
#5272 = CARTESIAN_POINT ( 'NONE',  ( 2.087499999999999911, -1.169999999999999929, 0.000000000000000000 ) ) ;
#5273 =( BOUNDED_SURFACE ( )  B_SPLINE_SURFACE ( 3, 3, ( 
 ( #4709, #79, #3334, #1302 ),
 ( #2733, #8093, #4002, #6835 ),
 ( #6032, #2781, #1977, #687 ),
 ( #5418, #8231, #4084, #641 ) ),
 .UNSPECIFIED., .F., .F., .F. ) 
 B_SPLINE_SURFACE_WITH_KNOTS ( ( 4, 4 ),
 ( 4, 4 ),
 ( 0.000000000000000000, 1.000000000000000000 ),
 ( 0.000000000000000000, 1.000000000000000000 ),
 .UNSPECIFIED. ) 
 GEOMETRIC_REPRESENTATION_ITEM ( )  RATIONAL_B_SPLINE_SURFACE ( (
 ( 1.000000000000000000, 0.3333333333333334259, 0.3333333333333334259, 1.000000000000000000),
 ( 0.8047378541243649375, 0.2682459513747884050, 0.2682459513747884050, 0.8047378541243649375),
 ( 0.8047378541243649375, 0.2682459513747884050, 0.2682459513747884050, 0.8047378541243649375),
 ( 1.000000000000000000, 0.3333333333333334259, 0.3333333333333334259, 1.000000000000000000) ) ) 
 REPRESENTATION_ITEM ( '' )  SURFACE ( )  );
#5274 = SURFACE_STYLE_FILL_AREA ( #6479 ) ;
#5275 =( LENGTH_UNIT ( ) NAMED_UNIT ( * ) SI_UNIT ( .MILLI., .METRE. ) );
#5276 = CARTESIAN_POINT ( 'NONE',  ( -2.614955567827029981, 3.202396966051922239E-16, 18.48964466094067305 ) ) ;
#5277 = EDGE_CURVE ( 'NONE', #6036, #582, #2565, .T. ) ;
#5278 = CARTESIAN_POINT ( 'NONE',  ( -4.399177097743352860, 5.387438151633741360E-16, 2.969165229559819874 ) ) ;
#5279 = CARTESIAN_POINT ( 'NONE',  ( -6.617683295128411025, -1.196915221837287380, 19.79999999999999716 ) ) ;
#5280 = STYLED_ITEM ( 'NONE', ( #2799 ), #4315 ) ;
#5281 = CARTESIAN_POINT ( 'NONE',  ( 1.199313739600925910, 2.323843266811377095, 3.391840585329950031 ) ) ;
#5282 = CARTESIAN_POINT ( 'NONE',  ( -1.169999999999999929, -2.083561000000000440, 0.1648747531013670109 ) ) ;
#5283 = CARTESIAN_POINT ( 'NONE',  ( -2.621989014195949874, -0.2958611420507000767, 0.7666085965705810024 ) ) ;
#5284 = VERTEX_POINT ( 'NONE', #3236 ) ;
#5285 = CARTESIAN_POINT ( 'NONE',  ( 4.578571595142646444, 2.570503227922194878, 23.60000000000000497 ) ) ;
#5286 = CARTESIAN_POINT ( 'NONE',  ( 2.576132513442310312, 1.201116159378360582, 0.7666085965432249960 ) ) ;
#5287 = CARTESIAN_POINT ( 'NONE',  ( 2.659292559659976352, 6.177342540479241251, 19.80000000000000071 ) ) ;
#5288 = CARTESIAN_POINT ( 'NONE',  ( -1.889707849479492108, -1.645878575097272201, 23.60000000000000497 ) ) ;
#5289 = CARTESIAN_POINT ( 'NONE',  ( -1.784887126535479984, -0.9023180971923909777, 3.391484666840950180 ) ) ;
#5290 = ORIENTED_EDGE ( 'NONE', *, *, #2432, .F. ) ;
#5291 = COLOUR_RGB ( '',0.8313725490196077761, 0.8313725490196077761, 0.8313725490196077761 ) ;
#5292 = ADVANCED_FACE ( 'NONE', ( #7276 ), #5891, .T. ) ;
#5293 = PRESENTATION_STYLE_ASSIGNMENT (( #6541 ) ) ;
#5294 = CARTESIAN_POINT ( 'NONE',  ( 6.392667302934339736E-13, 2.660043650581060515, 0.3537504162900840243 ) ) ;
#5295 = ORIENTED_EDGE ( 'NONE', *, *, #5992, .T. ) ;
#5296 = DIRECTION ( 'NONE',  ( 0.000000000000000000, 0.4836800446059880687, -0.8752448882741042935 ) ) ;
#5297 = CARTESIAN_POINT ( 'NONE',  ( 0.000000000000000000, 2.672499999999999876, -3.419999999999999929 ) ) ;
#5298 = FACE_OUTER_BOUND ( 'NONE', #8520, .T. ) ;
#5299 = CARTESIAN_POINT ( 'NONE',  ( -1.787322294662944566, -0.8975013694195831393, 3.529097704844946559 ) ) ;
#5300 = PRESENTATION_LAYER_ASSIGNMENT (  '', '', ( #5863 ) ) ;
#5301 = VERTEX_POINT ( 'NONE', #458 ) ;
#5302 = CARTESIAN_POINT ( 'NONE',  ( 1.783370674449334503, 0.8923379029763057746, 3.310595195700380966 ) ) ;
#5303 = SURFACE_STYLE_USAGE ( .BOTH. , #2457 ) ;
#5304 = CARTESIAN_POINT ( 'NONE',  ( -5.250000000000000888, 6.429395695523605139E-16, 23.59999999999999787 ) ) ;
#5305 =( GEOMETRIC_REPRESENTATION_CONTEXT ( 3 ) GLOBAL_UNCERTAINTY_ASSIGNED_CONTEXT ( ( #8095 ) ) GLOBAL_UNIT_ASSIGNED_CONTEXT ( ( #3230, #2510, #8622 ) ) REPRESENTATION_CONTEXT ( 'NONE', 'WORKASPACE' ) );
#5306 = CARTESIAN_POINT ( 'NONE',  ( 0.5849999999999992983, -2.379999999999999893, -2.754830917718799732 ) ) ;
#5307 =( NAMED_UNIT ( * ) PLANE_ANGLE_UNIT ( ) SI_UNIT ( $, .RADIAN. ) );
#5308 = CARTESIAN_POINT ( 'NONE',  ( 1.078289088953705122, -2.155319840474124948, 3.462405124162907466 ) ) ;
#5309 = CARTESIAN_POINT ( 'NONE',  ( -2.587089908665220594, -1.170495420845431456, 0.7456818315398153763 ) ) ;
#5310 = CARTESIAN_POINT ( 'NONE',  ( -0.8948891699986810666, -1.788671819443473421, 3.461860776395684347 ) ) ;
#5311 = CARTESIAN_POINT ( 'NONE',  ( 0.9071617921413438479, 1.801996011521844743, 2.880697550205830737 ) ) ;
#5312 = CARTESIAN_POINT ( 'NONE',  ( 2.700000000000000622, 0.000000000000000000, 23.59999999999999787 ) ) ;
#5313 = CARTESIAN_POINT ( 'NONE',  ( 1.831074697413991315, -0.9348509469808796712, 2.337636333020153945 ) ) ;
#5314 = ADVANCED_FACE ( 'NONE', ( #5846 ), #8585, .T. ) ;
#5315 = CARTESIAN_POINT ( 'NONE',  ( 6.750000000000000888, 13.49999999999999645, 19.77499999999999858 ) ) ;
#5316 = FILL_AREA_STYLE_COLOUR ( '', #1140 ) ;
#5317 = CARTESIAN_POINT ( 'NONE',  ( 0.000000000000000000, 0.000000000000000000, 10.24702156666990049 ) ) ;
#5318 = LINE ( 'NONE', #5402, #3390 ) ;
#5319 = CARTESIAN_POINT ( 'NONE',  ( 0.9383782492838710354, -1.835938446965990734, 2.300910070205802960 ) ) ;
#5320 = CARTESIAN_POINT ( 'NONE',  ( -2.327594110861867627, -1.191874584671605453, 3.391840585329950031 ) ) ;
#5321 = VERTEX_POINT ( 'NONE', #4026 ) ;
#5322 = CARTESIAN_POINT ( 'NONE',  ( 1.437780914447478908, -1.390246755813711710, 4.062213304289150173 ) ) ;
#5323 = SURFACE_SIDE_STYLE ('',( #3640 ) ) ;
#5324 =( BOUNDED_SURFACE ( )  B_SPLINE_SURFACE ( 3, 3, ( 
 ( #330, #3061, #208, #7811 ),
 ( #5980, #4651, #1124, #4525 ),
 ( #7907, #3806, #6645, #8037 ),
 ( #2590, #5194, #496, #7352 ) ),
 .UNSPECIFIED., .F., .F., .F. ) 
 B_SPLINE_SURFACE_WITH_KNOTS ( ( 4, 4 ),
 ( 4, 4 ),
 ( 0.000000000000000000, 1.000000000000000000 ),
 ( 0.000000000000000000, 1.000000000000000000 ),
 .UNSPECIFIED. ) 
 GEOMETRIC_REPRESENTATION_ITEM ( )  RATIONAL_B_SPLINE_SURFACE ( (
 ( 1.000000000000000000, 0.3333333333333334259, 0.3333333333333334259, 1.000000000000000000),
 ( 0.8047378541243654926, 0.2682459513747885715, 0.2682459513747885715, 0.8047378541243654926),
 ( 0.8047378541243654926, 0.2682459513747885715, 0.2682459513747885715, 0.8047378541243654926),
 ( 1.000000000000000000, 0.3333333333333334259, 0.3333333333333334259, 1.000000000000000000) ) ) 
 REPRESENTATION_ITEM ( '' )  SURFACE ( )  );
#5325 = CIRCLE ( 'NONE', #2049, 2.000000000000000000 ) ;
#5326 = CARTESIAN_POINT ( 'NONE',  ( 1.964387820300562471, 6.438221452179542226, 19.79999999999999716 ) ) ;
#5327 = CARTESIAN_POINT ( 'NONE',  ( -2.672499999999999876, 1.636434285360649965E-16, 0.000000000000000000 ) ) ;
#5328 = CARTESIAN_POINT ( 'NONE',  ( -2.087499999999999911, -1.180607064261360195, 0.1698237983775840176 ) ) ;
#5329 = ORIENTED_EDGE ( 'NONE', *, *, #3626, .T. ) ;
#5330 = STYLED_ITEM ( 'NONE', ( #562 ), #7348 ) ;
#5331 = STYLED_ITEM ( 'NONE', ( #1392 ), #1320 ) ;
#5332 = CARTESIAN_POINT ( 'NONE',  ( -2.015445693200258237, -1.103893632322830332, 0.7179281380126898426 ) ) ;
#5333 = CARTESIAN_POINT ( 'NONE',  ( 4.361335283428460663, -8.722670566856923102, 0.7000000000000030642 ) ) ;
#5334 = UNCERTAINTY_MEASURE_WITH_UNIT (LENGTH_MEASURE( 1.000000000000000082E-05 ), #1979, 'distance_accuracy_value', 'NONE');
#5335 = EDGE_LOOP ( 'NONE', ( #2442, #380, #1358, #5429 ) ) ;
#5336 =( NAMED_UNIT ( * ) PLANE_ANGLE_UNIT ( ) SI_UNIT ( $, .RADIAN. ) );
#5337 = CARTESIAN_POINT ( 'NONE',  ( 4.349385432184959654, 8.698770864369917533, 0.7000000000000030642 ) ) ;
#5338 = DIRECTION ( 'NONE',  ( -1.000000000000000000, 0.000000000000000000, -0.000000000000000000 ) ) ;
#5339 = CARTESIAN_POINT ( 'NONE',  ( 1.579521318245331596, -4.090301668379168198, 2.969165229559820762 ) ) ;
#5340 = ORIENTED_EDGE ( 'NONE', *, *, #4892, .F. ) ;
#5341 = PLANE ( 'NONE',  #6600 ) ;
#5342 = B_SPLINE_SURFACE_WITH_KNOTS ( 'NONE', 3, 3, ( 
 ( #8645, #5251, #8468, #7069 ),
 ( #963, #3033, #2347, #5068 ),
 ( #7783, #4402, #6447, #2392 ),
 ( #5112, #7828, #1708, #6079 ),
 ( #1889, #642, #3957, #3373 ),
 ( #5951, #1304, #4625, #4668 ),
 ( #4086, #7414, #8094, #1261 ),
 ( #4586, #6662, #7464, #2571 ) ),
 .UNSPECIFIED., .F., .F., .F.,
 ( 4, 1, 3, 4 ),
 ( 4, 4 ),
 ( 0.000000000000000000, 0.5000000000000000000, 1.000000000000000000, 1.010000000000000009 ),
 ( -0.06149384837296609924, 0.009223932269413830445 ),
 .UNSPECIFIED. ) ;
#5343 = CARTESIAN_POINT ( 'NONE',  ( -0.5790106839105759740, -2.075728541113690095, 0.3536250458876650238 ) ) ;
#5344 = PLANE ( 'NONE',  #7953 ) ;
#5345 = ORIENTED_EDGE ( 'NONE', *, *, #8565, .F. ) ;
#5346 = CARTESIAN_POINT ( 'NONE',  ( -1.177596933261293444, 2.334793442269784247, 3.562184389894078151 ) ) ;
#5347 = SURFACE_STYLE_USAGE ( .BOTH. , #8733 ) ;
#5348 = SURFACE_SIDE_STYLE ('',( #663 ) ) ;
#5349 = CARTESIAN_POINT ( 'NONE',  ( 0.9133860500999145815, 1.779292574279323746, 3.391484670832360493 ) ) ;
#5350 = CARTESIAN_POINT ( 'NONE',  ( 1.925715742432612121, -1.023583950143658772, 1.342982512916750748 ) ) ;
#5351 = DIRECTION ( 'NONE',  ( 0.000000000000000000, 0.000000000000000000, 1.000000000000000000 ) ) ;
#5352 = CARTESIAN_POINT ( 'NONE',  ( 2.639955567827029448, -0.3358813240286118162, 0.7000000000000028422 ) ) ;
#5353 = CARTESIAN_POINT ( 'NONE',  ( 1.738010101169079169, 1.995503388395104771, 0.7000000000000029532 ) ) ;
#5354 = CARTESIAN_POINT ( 'NONE',  ( -1.248958646670328188, -6.608052656865912589, 19.80000000000000426 ) ) ;
#5355 = CARTESIAN_POINT ( 'NONE',  ( 1.192018247091743977, 2.327521681974648260, 3.391840585329950031 ) ) ;
#5356 =( NAMED_UNIT ( * ) SI_UNIT ( $, .STERADIAN. ) SOLID_ANGLE_UNIT ( ) );
#5357 = CARTESIAN_POINT ( 'NONE',  ( -2.620916905473900549, -8.533006078111720714E-16, 3.391840585329950031 ) ) ;
#5358 = VERTEX_POINT ( 'NONE', #4069 ) ;
#5359 = DIRECTION ( 'NONE',  ( 1.000000000000000000, 0.000000000000000000, 0.000000000000000000 ) ) ;
#5360 = CARTESIAN_POINT ( 'NONE',  ( 2.672499999999999876, -1.178069744521119899, 0.000000000000000000 ) ) ;
#5361 = CARTESIAN_POINT ( 'NONE',  ( 1.686932225350940007, -5.528720907678722263, 19.79999999999999716 ) ) ;
#5362 =( GEOMETRIC_REPRESENTATION_CONTEXT ( 3 ) GLOBAL_UNCERTAINTY_ASSIGNED_CONTEXT ( ( #6310 ) ) GLOBAL_UNIT_ASSIGNED_CONTEXT ( ( #889, #2146, #3569 ) ) REPRESENTATION_CONTEXT ( 'NONE', 'WORKASPACE' ) );
#5363 =( LENGTH_UNIT ( ) NAMED_UNIT ( * ) SI_UNIT ( .MILLI., .METRE. ) );
#5364 = CARTESIAN_POINT ( 'NONE',  ( -2.274248065843522237, 3.749324069410464144, 2.969165229559819874 ) ) ;
#5365 = CARTESIAN_POINT ( 'NONE',  ( 0.5849999999999999645, -2.379999999999999893, 0.000000000000000000 ) ) ;
#5366 = CARTESIAN_POINT ( 'NONE',  ( -2.074685418251919877, -1.165216982191229933, 0.3536250458933549723 ) ) ;
#5367 = VERTEX_POINT ( 'NONE', #5539 ) ;
#5368 = SURFACE_STYLE_FILL_AREA ( #2028 ) ;
#5369 = CARTESIAN_POINT ( 'NONE',  ( -6.724999999999999645, 8.235749724265949955E-16, 19.77499999999999858 ) ) ;
#5370 = CARTESIAN_POINT ( 'NONE',  ( 5.153158483632079789E-13, 2.620916905475609848, 3.391840585329950031 ) ) ;
#5371 = EDGE_LOOP ( 'NONE', ( #997, #6780, #1386, #3129 ) ) ;
#5372 = CARTESIAN_POINT ( 'NONE',  ( -5.249999999999999112, -0.1604689676030818524, 23.59999999999999787 ) ) ;
#5373 = B_SPLINE_CURVE_WITH_KNOTS ( 'NONE', 3,
 ( #8100, #1986, #4719, #2175, #370, #5760, #3101, #8535, #5050, #8287, #4227, #2789 ),
 .UNSPECIFIED., .F., .F.,
 ( 4, 2, 2, 2, 2, 4 ),
 ( 0.000000000000000000, 0.001743062688419487515, 0.002614594032629230513, 0.003050359704734102988, 0.003268242540786538575, 0.003486125376838974162 ),
 .UNSPECIFIED. ) ;
#5374 = CARTESIAN_POINT ( 'NONE',  ( -4.373642825351914176, 5.356167686681007609E-16, 0.7189519526503383995 ) ) ;
#5375 = SURFACE_STYLE_USAGE ( .BOTH. , #1987 ) ;
#5376 = CARTESIAN_POINT ( 'NONE',  ( -4.384532436802681232, 1.789834538162714856E-16, 2.969165229559820318 ) ) ;
#5377 = CARTESIAN_POINT ( 'NONE',  ( -1.952526283178299460, 1.047073977984550597, 1.071366699314056703 ) ) ;
#5378 = CIRCLE ( 'NONE', #5095, 0.4999999999999970024 ) ;
#5379 = EDGE_CURVE ( 'NONE', #7640, #5521, #623, .T. ) ;
#5380 = EDGE_LOOP ( 'NONE', ( #2135, #3637, #2524, #2129 ) ) ;
#5381 = CARTESIAN_POINT ( 'NONE',  ( 2.203050862919340602, 1.091879986372850109, 2.338456865401659979 ) ) ;
#5382 = CARTESIAN_POINT ( 'NONE',  ( -3.192569487598870325E-16, -2.672499999999999876, 0.1698237983775840176 ) ) ;
#5383 = CARTESIAN_POINT ( 'NONE',  ( -0.9135061795025947173, -1.779230808741123271, 3.562213304289150173 ) ) ;
#5384 = SURFACE_SIDE_STYLE ('',( #47 ) ) ;
#5385 = AXIS2_PLACEMENT_3D ( 'NONE', #801, #1423, #6243 ) ;
#5386 = EDGE_CURVE ( 'NONE', #8523, #772, #6061, .T. ) ;
#5387 = VERTEX_POINT ( 'NONE', #7442 ) ;
#5388 = CARTESIAN_POINT ( 'NONE',  ( 6.749257393156129936, -13.49851478631226520, 10.24702156662953456 ) ) ;
#5389 = CARTESIAN_POINT ( 'NONE',  ( -3.199999999999997069, 3.918869757271526516E-16, 23.39289321881345174 ) ) ;
#5390 = PRESENTATION_LAYER_ASSIGNMENT (  '', '', ( #3410 ) ) ;
#5391 = PLANE ( 'NONE',  #5924 ) ;
#5392 = DIRECTION ( 'NONE',  ( 0.000000000000000000, -0.000000000000000000, -1.000000000000000000 ) ) ;
#5393 = CARTESIAN_POINT ( 'NONE',  ( 0.9135066269991098942, 1.779230579038883153, 3.562213309405399819 ) ) ;
#5394 = CARTESIAN_POINT ( 'NONE',  ( 0.000000000000000000, 0.000000000000000000, 18.49999999996043698 ) ) ;
#5395 = CARTESIAN_POINT ( 'NONE',  ( -0.9695199234001430355, -1.648231367092749977, 3.932265868843620282 ) ) ;
#5396 = CARTESIAN_POINT ( 'NONE',  ( 2.118357599372330036, -1.073042149621650010, 1.343284307299410063 ) ) ;
#5397 = DIRECTION ( 'NONE',  ( 1.000000000000000000, -1.836970198721029934E-16, -0.000000000000000000 ) ) ;
#5398 = CARTESIAN_POINT ( 'NONE',  ( -1.013995276389550337, -2.437563335050698221, 0.7000000000000030642 ) ) ;
#5399 =( NAMED_UNIT ( * ) PLANE_ANGLE_UNIT ( ) SI_UNIT ( $, .RADIAN. ) );
#5400 = CARTESIAN_POINT ( 'NONE',  ( 6.602636742195429065, -1.277311305941525976, 19.79999999999999361 ) ) ;
#5401 = COLOUR_RGB ( '',0.2862745098039215508, 0.2862745098039215508, 0.2862745098039215508 ) ;
#5402 = CARTESIAN_POINT ( 'NONE',  ( 4.409532436802679811, 0.000000000000000000, 13.03458261477990021 ) ) ;
#5403 = CARTESIAN_POINT ( 'NONE',  ( -1.169999999999999707, 2.672499999999998987, 0.07308555528271108714 ) ) ;
#5404 = CARTESIAN_POINT ( 'NONE',  ( -2.672499999999999876, 1.077880048131290014, 0.000000000000000000 ) ) ;
#5405 = EDGE_LOOP ( 'NONE', ( #7473, #6716, #8686, #5695 ) ) ;
#5406 = LINE ( 'NONE', #5985, #6595 ) ;
#5407 = CARTESIAN_POINT ( 'NONE',  ( 2.620916905477600256, 7.272872519344940899E-13, 3.391840585329950031 ) ) ;
#5408 = COLOUR_RGB ( '',0.8313725490196077761, 0.8313725490196077761, 0.8313725490196077761 ) ;
#5409 = CARTESIAN_POINT ( 'NONE',  ( 4.615713357491223690, -3.493551372775367092, 19.80000000000000782 ) ) ;
#5410 = EDGE_CURVE ( 'NONE', #5387, #1849, #2491, .T. ) ;
#5411 = PRESENTATION_LAYER_ASSIGNMENT (  '', '', ( #5561 ) ) ;
#5412 = CARTESIAN_POINT ( 'NONE',  ( -1.859425216654239987, -1.601156472615399950, 4.062213304289150173 ) ) ;
#5413 = DIRECTION ( 'NONE',  ( 1.000000000000000000, 0.000000000000000000, 0.000000000000000000 ) ) ;
#5414 = PRODUCT_RELATED_PRODUCT_CATEGORY ( 'part', '', ( #498 ) ) ;
#5415 = CARTESIAN_POINT ( 'NONE',  ( 5.775000000000000355, 0.000000000000000000, 19.82499999999999929 ) ) ;
#5416 = FACE_OUTER_BOUND ( 'NONE', #2845, .T. ) ;
#5417 = UNCERTAINTY_MEASURE_WITH_UNIT (LENGTH_MEASURE( 1.000000000000000082E-05 ), #4509, 'distance_accuracy_value', 'NONE');
#5418 = CARTESIAN_POINT ( 'NONE',  ( 5.750000000000000888, 0.000000000000000000, 19.82499999999999929 ) ) ;
#5419 = UNCERTAINTY_MEASURE_WITH_UNIT (LENGTH_MEASURE( 1.000000000000000082E-05 ), #1080, 'distance_accuracy_value', 'NONE');
#5420 = ORIENTED_EDGE ( 'NONE', *, *, #1038, .T. ) ;
#5421 = CARTESIAN_POINT ( 'NONE',  ( 2.334793798109913165, 1.177596227698398001, 3.562183683634090325 ) ) ;
#5422 = CARTESIAN_POINT ( 'NONE',  ( 1.169999999999999929, 2.085530499999999954, 0.1648747531013440015 ) ) ;
#5423 = PRESENTATION_STYLE_ASSIGNMENT (( #1355 ) ) ;
#5424 =( GEOMETRIC_REPRESENTATION_CONTEXT ( 3 ) GLOBAL_UNCERTAINTY_ASSIGNED_CONTEXT ( ( #2394 ) ) GLOBAL_UNIT_ASSIGNED_CONTEXT ( ( #7955, #3856, #3102 ) ) REPRESENTATION_CONTEXT ( 'NONE', 'WORKASPACE' ) );
#5425 = CARTESIAN_POINT ( 'NONE',  ( -3.225000000000000533, 3.949485927250214839E-16, 2.969165229559820318 ) ) ;
#5426 = EDGE_CURVE ( 'NONE', #1862, #50, #1956, .T. ) ;
#5427 = SURFACE_SIDE_STYLE ('',( #743 ) ) ;
#5428 = CARTESIAN_POINT ( 'NONE',  ( 2.608163458897883036, -1.170577775523678588, 0.6502700085787320727 ) ) ;
#5429 = ORIENTED_EDGE ( 'NONE', *, *, #2229, .F. ) ;
#5430 = CARTESIAN_POINT ( 'NONE',  ( 2.282500000000000195, 1.169999999999999929, 0.1648747531013370071 ) ) ;
#5431 = CARTESIAN_POINT ( 'NONE',  ( 1.185922677323402619, -2.672499999999999876, 0.000000000000000000 ) ) ;
#5432 = SURFACE_STYLE_FILL_AREA ( #2656 ) ;
#5433 = EDGE_CURVE ( 'NONE', #6370, #4058, #7479, .T. ) ;
#5434 = CARTESIAN_POINT ( 'NONE',  ( -0.9015126580849459614, -1.784227540058910044, 3.022064739156700153 ) ) ;
#5435 = CARTESIAN_POINT ( 'NONE',  ( 4.384532436802681232, 8.769064873605360688, 2.969165229559819874 ) ) ;
#5436 = VERTEX_POINT ( 'NONE', #7050 ) ;
#5437 = CIRCLE ( 'NONE', #1169, 2.000000000000000000 ) ;
#5438 = CARTESIAN_POINT ( 'NONE',  ( -2.665113364112080330, -1.170110538839819858, 0.3445565739019427198 ) ) ;
#5439 = CARTESIAN_POINT ( 'NONE',  ( 2.671356017225066992, 1.169999251888571568, 0.1460293100947351042 ) ) ;
#5440 = CARTESIAN_POINT ( 'NONE',  ( 0.9078520736518328471, 1.782089850404526832, 3.391484670832360493 ) ) ;
#5441 = CARTESIAN_POINT ( 'NONE',  ( -1.504132083846002832, -1.644386058079073898, 4.062213407881844596 ) ) ;
#5442 = EDGE_CURVE ( 'NONE', #8282, #5991, #978, .T. ) ;
#5443 = CARTESIAN_POINT ( 'NONE',  ( -2.589955567827030514, 1.057260265357748665E-16, 18.50000000000000355 ) ) ;
#5444 = LINE ( 'NONE', #8213, #1861 ) ;
#5445 = CARTESIAN_POINT ( 'NONE',  ( -0.6599696554387703973, -2.578102798939389650, 0.7000000000000030642 ) ) ;
#5446 = CARTESIAN_POINT ( 'NONE',  ( -4.349385432184959654, 5.326460947783437925E-16, 0.7250000000000029754 ) ) ;
#5447 = CARTESIAN_POINT ( 'NONE',  ( 3.631447040525584313, -5.660522790299321372, 19.79999999999999716 ) ) ;
#5448 = DIRECTION ( 'NONE',  ( -1.000000000000000000, 6.123233995736769734E-17, 0.000000000000000000 ) ) ;
#5449 =( NAMED_UNIT ( * ) SI_UNIT ( $, .STERADIAN. ) SOLID_ANGLE_UNIT ( ) );
#5450 = CARTESIAN_POINT ( 'NONE',  ( -2.672499999999999876, 1.627999019568430081E-16, 0.1698237983775840176 ) ) ;
#5451 = VERTEX_POINT ( 'NONE', #8487 ) ;
#5452 = CARTESIAN_POINT ( 'NONE',  ( -3.840338273314120254, 3.584309189322631095, 23.60000000000000853 ) ) ;
#5453 = CARTESIAN_POINT ( 'NONE',  ( 2.547881943044000064, -0.6139992562475889981, 3.023199761055439971 ) ) ;
#5454 = CARTESIAN_POINT ( 'NONE',  ( -1.818588477995364716, -5.482611236232761698, 19.80000000000000071 ) ) ;
#5455 = ADVANCED_FACE ( 'NONE', ( #806 ), #8691, .T. ) ;
#5456 = VECTOR ( 'NONE', #7576, 1000.000000000000000 ) ;
#5457 = CARTESIAN_POINT ( 'NONE',  ( -1.647197381873634514, -1.498511767863651256, 4.062213338820048314 ) ) ;
#5458 = CARTESIAN_POINT ( 'NONE',  ( -4.384532436802682120, 0.5577259027475182096, 2.969165229559820762 ) ) ;
#5459 =( NAMED_UNIT ( * ) SI_UNIT ( $, .STERADIAN. ) SOLID_ANGLE_UNIT ( ) );
#5460 = CARTESIAN_POINT ( 'NONE',  ( 6.749257393143829553, 0.000000000000000000, 10.24702156663260055 ) ) ;
#5461 = LINE ( 'NONE', #2731, #8196 ) ;
#5462 =( GEOMETRIC_REPRESENTATION_CONTEXT ( 3 ) GLOBAL_UNCERTAINTY_ASSIGNED_CONTEXT ( ( #2830 ) ) GLOBAL_UNIT_ASSIGNED_CONTEXT ( ( #3145, #1119, #5270 ) ) REPRESENTATION_CONTEXT ( 'NONE', 'WORKASPACE' ) );
#5463 = CARTESIAN_POINT ( 'NONE',  ( -1.788671819436009391, -0.8948891699926126986, 3.461860776390205174 ) ) ;
#5464 = CARTESIAN_POINT ( 'NONE',  ( 2.700000000000001066, 5.400000000000000355, 23.60000000000000142 ) ) ;
#5465 =( NAMED_UNIT ( * ) PLANE_ANGLE_UNIT ( ) SI_UNIT ( $, .RADIAN. ) );
#5466 = CARTESIAN_POINT ( 'NONE',  ( -4.384532436802681232, 5.369503614488147526E-16, 2.969165229559820318 ) ) ;
#5467 = CARTESIAN_POINT ( 'NONE',  ( 0.6054517154086640485, 2.549932382392329888, 3.391840585329950031 ) ) ;
#5468 = ORIENTED_EDGE ( 'NONE', *, *, #4516, .T. ) ;
#5469 = CARTESIAN_POINT ( 'NONE',  ( -5.239044148023376479, -0.4002339464508630762, 23.60000000000000142 ) ) ;
#5470 = VECTOR ( 'NONE', #4618, 1000.000000000000000 ) ;
#5471 = CARTESIAN_POINT ( 'NONE',  ( 0.9889156185024480239, 1.975937664106629965, 3.043730412184890266 ) ) ;
#5472 = CARTESIAN_POINT ( 'NONE',  ( 4.370751894706227603, 0.000000000000000000, 0.7073570630543275506 ) ) ;
#5473 = CARTESIAN_POINT ( 'NONE',  ( -1.648348231343839121, -4.062928927246866273, 2.969165229559821206 ) ) ;
#5474 = COLOUR_RGB ( '',0.2862745098039215508, 0.2862745098039215508, 0.2862745098039215508 ) ;
#5475 = VECTOR ( 'NONE', #6550, 1000.000000000000000 ) ;
#5476 = ORIENTED_EDGE ( 'NONE', *, *, #1020, .T. ) ;
#5477 = CARTESIAN_POINT ( 'NONE',  ( 2.024743406852759886, 1.112222447632150057, 0.6498584011026430352 ) ) ;
#5478 = EDGE_CURVE ( 'NONE', #1799, #3133, #1900, .T. ) ;
#5479 = CARTESIAN_POINT ( 'NONE',  ( 1.193390438939918585, -2.576710891464935482, 0.7666085965705830008 ) ) ;
#5480 = CARTESIAN_POINT ( 'NONE',  ( -0.4630684881388080210, -1.950268328113810012, 3.391484666840950180 ) ) ;
#5481 = SURFACE_SIDE_STYLE ('',( #2091 ) ) ;
#5482 = ORIENTED_EDGE ( 'NONE', *, *, #3428, .T. ) ;
#5483 = DIRECTION ( 'NONE',  ( 1.000000000000000000, 8.881784197001252323E-16, 0.000000000000000000 ) ) ;
#5484 = CLOSED_SHELL ( 'NONE', ( #4964, #5455, #5044, #7348, #3808, #2982, #4531, #5114, #7779, #5618, #8458, #6069, #4773, #3331, #119, #3328, #7620, #1410, #205, #2133, #4848, #6437, #5798, #446, #4899, #1147, #5238, #5962, #7177, #3855, #2445, #7378, #7609, #1453, #464, #7818, #1320, #5292, #1332, #4243, #1243, #1519, #7500, #5213, #8230, #3866 ) ) ;
#5485 = CARTESIAN_POINT ( 'NONE',  ( -1.184771282065292475, 2.415542079521365793, 1.944948958572239928 ) ) ;
#5486 = FILL_AREA_STYLE ('',( #6149 ) ) ;
#5487 = CARTESIAN_POINT ( 'NONE',  ( -1.177597738859649690, -2.334793036314197323, 3.562189872769800036 ) ) ;
#5488 = CARTESIAN_POINT ( 'NONE',  ( -1.501321925854822048, -1.645791719976349432, 4.062213373350946455 ) ) ;
#5489 = CIRCLE ( 'NONE', #6758, 0.02499999999999984873 ) ;
#5490 = CARTESIAN_POINT ( 'NONE',  ( -2.500000000000000000, 1.020538999289461910E-16, 23.59999999999999787 ) ) ;
#5491 = CARTESIAN_POINT ( 'NONE',  ( 1.310362178465591887, -2.320624381392721869, 0.7000000000000028422 ) ) ;
#5492 = PRESENTATION_STYLE_ASSIGNMENT (( #2766 ) ) ;
#5493 = CARTESIAN_POINT ( 'NONE',  ( -1.277311305941638997, -6.602636742195408637, 19.79999999999999716 ) ) ;
#5494 = CARTESIAN_POINT ( 'NONE',  ( 1.170000812860668260, -2.652002619964618724, 0.3628848366389825220 ) ) ;
#5495 = CARTESIAN_POINT ( 'NONE',  ( -1.170008069278770879, 2.661594934712122829, 0.2909901340025003447 ) ) ;
#5496 = CARTESIAN_POINT ( 'NONE',  ( -2.603036770860830629, -0.3054169571528659866, 3.391840585329950031 ) ) ;
#5497 = ORIENTED_EDGE ( 'NONE', *, *, #4901, .F. ) ;
#5498 = CARTESIAN_POINT ( 'NONE',  ( 1.537207307675769297, -1.287420872885345791, 4.062213304289151061 ) ) ;
#5499 = CARTESIAN_POINT ( 'NONE',  ( 2.603219800339319878, -0.3032597336730850079, 3.562213304289150173 ) ) ;
#5500 = CARTESIAN_POINT ( 'NONE',  ( -1.917019192793912419, 0.9590919250367053728, 3.452533472592454356 ) ) ;
#5501 = CARTESIAN_POINT ( 'NONE',  ( -1.718886138634690086, -1.355193710313409960, 4.062211577744260005 ) ) ;
#5502 =( LENGTH_UNIT ( ) NAMED_UNIT ( * ) SI_UNIT ( .MILLI., .METRE. ) );
#5503 =( NAMED_UNIT ( * ) PLANE_ANGLE_UNIT ( ) SI_UNIT ( $, .RADIAN. ) );
#5504 = CARTESIAN_POINT ( 'NONE',  ( 3.225000000000000533, 0.000000000000000000, 2.969165229559820318 ) ) ;
#5505 = UNCERTAINTY_MEASURE_WITH_UNIT (LENGTH_MEASURE( 1.000000000000000082E-05 ), #1356, 'distance_accuracy_value', 'NONE');
#5506 = EDGE_CURVE ( 'NONE', #5178, #6756, #6799, .T. ) ;
#5507 = CARTESIAN_POINT ( 'NONE',  ( 2.639955567827029892, 0.000000000000000000, 0.7000000000000030642 ) ) ;
#5508 = DIRECTION ( 'NONE',  ( 1.836970198721029934E-16, 1.000000000000000000, 0.000000000000000000 ) ) ;
#5509 = CARTESIAN_POINT ( 'NONE',  ( 0.8923379029763047754, -1.783370674449334503, 3.310595195700590576 ) ) ;
#5510 = UNCERTAINTY_MEASURE_WITH_UNIT (LENGTH_MEASURE( 1.000000000000000082E-05 ), #7265, 'distance_accuracy_value', 'NONE');
#5511 = CARTESIAN_POINT ( 'NONE',  ( 1.086866737221770185, 2.379896032091660008, 3.023199761058580126 ) ) ;
#5512 = ORIENTED_EDGE ( 'NONE', *, *, #8708, .T. ) ;
#5513 =( NAMED_UNIT ( * ) SI_UNIT ( $, .STERADIAN. ) SOLID_ANGLE_UNIT ( ) );
#5514 = CARTESIAN_POINT ( 'NONE',  ( 1.164810776301719919, 2.459269358452639942, 0.3997831433501550236 ) ) ;
#5515 = COLOUR_RGB ( '',0.8313725490196077761, 0.8313725490196077761, 0.8313725490196077761 ) ;
#5516 = FILL_AREA_STYLE ('',( #2330 ) ) ;
#5517 = CARTESIAN_POINT ( 'NONE',  ( 1.483860230510953837, -4.126005875069217232, 2.969165229559820762 ) ) ;
#5518 = PLANE ( 'NONE',  #6091 ) ;
#5519 = CARTESIAN_POINT ( 'NONE',  ( 2.342593206259148353, -1.171832571672928092, 3.311115224814757063 ) ) ;
#5520 =( GEOMETRIC_REPRESENTATION_CONTEXT ( 3 ) GLOBAL_UNCERTAINTY_ASSIGNED_CONTEXT ( ( #8188 ) ) GLOBAL_UNIT_ASSIGNED_CONTEXT ( ( #1183, #5465, #5994 ) ) REPRESENTATION_CONTEXT ( 'NONE', 'WORKASPACE' ) );
#5521 = VERTEX_POINT ( 'NONE', #7919 ) ;
#5522 = CARTESIAN_POINT ( 'NONE',  ( 2.496012680610809831, 1.169999999999999929, 1.343875944983129900 ) ) ;
#5523 = CARTESIAN_POINT ( 'NONE',  ( 0.8985742065411149726, -2.500054249521490135, 1.944948958572229936 ) ) ;
#5524 = CARTESIAN_POINT ( 'NONE',  ( -1.165216570056269996, -2.074685419157419997, 0.3536250458876650238 ) ) ;
#5525 = CARTESIAN_POINT ( 'NONE',  ( -2.323790014040344243, -1.199409359999779934, 3.702459926010903679 ) ) ;
#5526 =( GEOMETRIC_REPRESENTATION_CONTEXT ( 3 ) GLOBAL_UNCERTAINTY_ASSIGNED_CONTEXT ( ( #2216 ) ) GLOBAL_UNIT_ASSIGNED_CONTEXT ( ( #7830, #7207, #8382 ) ) REPRESENTATION_CONTEXT ( 'NONE', 'WORKASPACE' ) );
#5527 = PRESENTATION_STYLE_ASSIGNMENT (( #7710 ) ) ;
#5528 = MECHANICAL_DESIGN_GEOMETRIC_PRESENTATION_REPRESENTATION (  '', ( #531 ), #3860 ) ;
#5529 = CARTESIAN_POINT ( 'NONE',  ( 0.8939724058331952605, -1.786839852056417932, 3.462470793294771809 ) ) ;
#5530 = ORIENTED_EDGE ( 'NONE', *, *, #7461, .T. ) ;
#5531 = CARTESIAN_POINT ( 'NONE',  ( -1.201117697411262064, 2.576132396066534103, 0.7666085965705949912 ) ) ;
#5532 = FACE_OUTER_BOUND ( 'NONE', #8756, .T. ) ;
#5533 = CARTESIAN_POINT ( 'NONE',  ( 1.917019192793932625, 0.9590919250367133664, 3.452533472592454356 ) ) ;
#5534 = CARTESIAN_POINT ( 'NONE',  ( 2.527185812041340185, 1.170158784454373935, 1.151352600588047892 ) ) ;
#5535 = CONTEXT_DEPENDENT_SHAPE_REPRESENTATION ( #7169, #8554 ) ;
#5536 = PLANE ( 'NONE',  #6165 ) ;
#5537 = COLOUR_RGB ( '',0.2862745098039215508, 0.2862745098039215508, 0.2862745098039215508 ) ;
#5538 = CARTESIAN_POINT ( 'NONE',  ( -1.169992171008222837, -2.338649169638113090, 3.462676777723450172 ) ) ;
#5539 = CARTESIAN_POINT ( 'NONE',  ( -2.087499999999999911, -1.169999999999999929, 0.000000000000000000 ) ) ;
#5540 = CARTESIAN_POINT ( 'NONE',  ( -2.437563335050674240, 1.013995276389538125, 0.7000000000000028422 ) ) ;
#5541 =( GEOMETRIC_REPRESENTATION_CONTEXT ( 3 ) GLOBAL_UNCERTAINTY_ASSIGNED_CONTEXT ( ( #4452 ) ) GLOBAL_UNIT_ASSIGNED_CONTEXT ( ( #7671, #2907, #8486 ) ) REPRESENTATION_CONTEXT ( 'NONE', 'WORKASPACE' ) );
#5542 = CARTESIAN_POINT ( 'NONE',  ( 6.573091062385602257, 1.437991972548171127, 19.79999999999999361 ) ) ;
#5543 = CARTESIAN_POINT ( 'NONE',  ( 1.175207118093164471, 1.622028402705872452, 4.013605784047016733 ) ) ;
#5544 = DIRECTION ( 'NONE',  ( 0.000000000000000000, -0.4836800446059880687, 0.8752448882741042935 ) ) ;
#5545 = CARTESIAN_POINT ( 'NONE',  ( -2.331199689657966534, 1.184723556422468072, 3.391840585329950031 ) ) ;
#5546 = ORIENTED_EDGE ( 'NONE', *, *, #1375, .F. ) ;
#5547 = CARTESIAN_POINT ( 'NONE',  ( -1.675361724247732553, -2.007773820587182456, 4.062213304289151061 ) ) ;
#5548 = CARTESIAN_POINT ( 'NONE',  ( 2.659545203565070182, -0.5848728926792979843, 0.3537504162854430145 ) ) ;
#5549 = CARTESIAN_POINT ( 'NONE',  ( -5.236063115913048627, -2.439532829297311967, 19.80000000000000071 ) ) ;
#5550 = EDGE_CURVE ( 'NONE', #261, #5729, #1796, .T. ) ;
#5551 = PRESENTATION_STYLE_ASSIGNMENT (( #2164 ) ) ;
#5552 = FILL_AREA_STYLE_COLOUR ( '', #877 ) ;
#5553 = CARTESIAN_POINT ( 'NONE',  ( 2.625310906886357376, -6.430157197770025566E-16, 0.7000000000000029532 ) ) ;
#5554 = CARTESIAN_POINT ( 'NONE',  ( -1.393057972027093250, 1.436374676556030572, 4.062213304289150173 ) ) ;
#5555 = VECTOR ( 'NONE', #4425, 1000.000000000000000 ) ;
#5556 = CARTESIAN_POINT ( 'NONE',  ( -3.199999999999995737, 6.399999999999991473, 23.10000000000000142 ) ) ;
#5557 = CARTESIAN_POINT ( 'NONE',  ( -0.5849999999999999645, -2.379999999999999893, 0.000000000000000000 ) ) ;
#5558 = ORIENTED_EDGE ( 'NONE', *, *, #157, .T. ) ;
#5559 = CARTESIAN_POINT ( 'NONE',  ( -2.614955567827029981, 3.202396966051921746E-16, 0.7250000000000034195 ) ) ;
#5560 = CARTESIAN_POINT ( 'NONE',  ( 1.129160790028090000, 2.334024782633279838, 1.071904821264310081 ) ) ;
#5561 = STYLED_ITEM ( 'NONE', ( #8626 ), #4531 ) ;
#5562 = CARTESIAN_POINT ( 'NONE',  ( 1.049365653759436245, 1.956730389837426420, 1.149531222794711871 ) ) ;
#5563 = EDGE_CURVE ( 'NONE', #5218, #6652, #6471, .T. ) ;
#5564 = CARTESIAN_POINT ( 'NONE',  ( 1.776495940845693511, -0.9189187836653445185, 3.391484666840950180 ) ) ;
#5565 = CARTESIAN_POINT ( 'NONE',  ( -0.9866119280343992326, 1.972041720768049400, 3.462133212400152260 ) ) ;
#5566 = STYLED_ITEM ( 'NONE', ( #5527 ), #5044 ) ;
#5567 = ORIENTED_EDGE ( 'NONE', *, *, #7545, .F. ) ;
#5568 = CARTESIAN_POINT ( 'NONE',  ( 2.678350000000000453, 1.169999999999999929, 0.1648747531013370071 ) ) ;
#5569 = CARTESIAN_POINT ( 'NONE',  ( 1.185664355135059189, -2.577289297212382646, 0.7666085965705830008 ) ) ;
#5570 = CARTESIAN_POINT ( 'NONE',  ( 1.168716328019130168, -2.074677610548130158, 0.3536250458876650238 ) ) ;
#5571 = CARTESIAN_POINT ( 'NONE',  ( -2.617499655480977516, -1.169997831721074411, 0.5768788461690527170 ) ) ;
#5572 =( LENGTH_UNIT ( ) NAMED_UNIT ( * ) SI_UNIT ( .MILLI., .METRE. ) );
#5573 = ORIENTED_EDGE ( 'NONE', *, *, #8064, .F. ) ;
#5574 = CARTESIAN_POINT ( 'NONE',  ( 1.647197381873634514, 1.498511767863651256, 4.062213338820048314 ) ) ;
#5575 = DIRECTION ( 'NONE',  ( -1.000000000000000000, 1.836970198721029934E-16, 0.000000000000000000 ) ) ;
#5576 = CARTESIAN_POINT ( 'NONE',  ( 0.8774999999999999467, 2.087499999999999911, 0.000000000000000000 ) ) ;
#5577 = SURFACE_STYLE_FILL_AREA ( #4247 ) ;
#5578 = CARTESIAN_POINT ( 'NONE',  ( -2.500927198163198639, 0.6827592419722776640, 18.50000000000000000 ) ) ;
#5579 = CARTESIAN_POINT ( 'NONE',  ( -2.659675034092654045, 1.170161983744186784, 0.3998325645311041621 ) ) ;
#5580 = CARTESIAN_POINT ( 'NONE',  ( -1.169999999999999929, -2.380000000000000338, 0.000000000000000000 ) ) ;
#5581 = CARTESIAN_POINT ( 'NONE',  ( 1.055757755608528248, 2.419805117389866922, 0.7000000000000029532 ) ) ;
#5582 = CARTESIAN_POINT ( 'NONE',  ( 6.028571416419984175, 2.995510818679569365, 19.79999999999999361 ) ) ;
#5583 = PRESENTATION_LAYER_ASSIGNMENT (  '', '', ( #7425 ) ) ;
#5584 = DIRECTION ( 'NONE',  ( -1.000000000000000000, 1.224646799147350002E-16, 0.000000000000000000 ) ) ;
#5585 = COLOUR_RGB ( '',0.2862745098039215508, 0.2862745098039215508, 0.2862745098039215508 ) ;
#5586 = CARTESIAN_POINT ( 'NONE',  ( -2.410773420183118354, 1.199557427687665490, 1.944948958572229936 ) ) ;
#5587 = SURFACE_SIDE_STYLE ('',( #856 ) ) ;
#5588 = ADVANCED_FACE ( 'NONE', ( #4540 ), #7201, .F. ) ;
#5589 = CARTESIAN_POINT ( 'NONE',  ( -4.940359114785208838, -2.996948747271814817, 19.80000000000000071 ) ) ;
#5590 = CARTESIAN_POINT ( 'NONE',  ( -0.9243870194349467218, 1.773726040233492673, 3.703067030023758033 ) ) ;
#5591 = CARTESIAN_POINT ( 'NONE',  ( -1.706195485430850978, 0.8536396577870689617, 3.455387642142009330 ) ) ;
#5592 = CARTESIAN_POINT ( 'NONE',  ( 2.437751537052084139, 2.123139732273825242, 2.969165229559820762 ) ) ;
#5593 = FILL_AREA_STYLE ('',( #2250 ) ) ;
#5594 = CARTESIAN_POINT ( 'NONE',  ( -1.857518635612560587, -0.9764045730865849038, 1.943675179718990176 ) ) ;
#5595 = DIRECTION ( 'NONE',  ( 1.000000000000000000, 0.000000000000000000, -0.000000000000000000 ) ) ;
#5596 = CARTESIAN_POINT ( 'NONE',  ( 2.087499999999999911, 1.177070934276039926, 0.000000000000000000 ) ) ;
#5597 = PRESENTATION_STYLE_ASSIGNMENT (( #6474 ) ) ;
#5598 = CARTESIAN_POINT ( 'NONE',  ( 2.614955818336111015, -6.633732149969610934E-16, 3.562212296884379903 ) ) ;
#5599 = FILL_AREA_STYLE_COLOUR ( '', #263 ) ;
#5600 = UNCERTAINTY_MEASURE_WITH_UNIT (LENGTH_MEASURE( 1.000000000000000082E-05 ), #5572, 'distance_accuracy_value', 'NONE');
#5601 = VERTEX_POINT ( 'NONE', #6614 ) ;
#5602 = CARTESIAN_POINT ( 'NONE',  ( -2.217775750365837517, -4.760047758114832384, 23.59999999999999787 ) ) ;
#5603 = AXIS2_PLACEMENT_3D ( 'NONE', #5394, #5750, #4293 ) ;
#5604 = CARTESIAN_POINT ( 'NONE',  ( 1.169999999999999929, 2.477500000000000036, 0.1648747531013440015 ) ) ;
#5605 = EDGE_CURVE ( 'NONE', #835, #8599, #4841, .T. ) ;
#5606 = CARTESIAN_POINT ( 'NONE',  ( -2.339245366639024049, 1.169788904802915308, 2.882010251638556841 ) ) ;
#5607 = CARTESIAN_POINT ( 'NONE',  ( 1.786698635488479958, -0.8966352341340849685, 3.022064739156450131 ) ) ;
#5608 = CARTESIAN_POINT ( 'NONE',  ( 2.099037712360788177, 1.565989965100569981, 4.062213620875390063 ) ) ;
#5609 = MECHANICAL_DESIGN_GEOMETRIC_PRESENTATION_REPRESENTATION (  '', ( #1044 ), #3614 ) ;
#5610 = ORIENTED_EDGE ( 'NONE', *, *, #8555, .F. ) ;
#5611 = CARTESIAN_POINT ( 'NONE',  ( -1.184723552762406040, -2.331199691503281546, 3.391840585329950031 ) ) ;
#5613 = FACE_OUTER_BOUND ( 'NONE', #747, .T. ) ;
#5612 = COLOUR_RGB ( '',0.2862745098039215508, 0.2862745098039215508, 0.2862745098039215508 ) ;
#5614 = CARTESIAN_POINT ( 'NONE',  ( 0.4607690719793319789, -1.950811633107040199, 3.562213304289150173 ) ) ;
#5615 = CARTESIAN_POINT ( 'NONE',  ( -2.099037031621758587, -1.565990780906513447, 4.062213620873023068 ) ) ;
#5616 = VECTOR ( 'NONE', #4630, 1000.000000000000000 ) ;
#5617 = COLOUR_RGB ( '',0.2862745098039215508, 0.2862745098039215508, 0.2862745098039215508 ) ;
#5618 = ADVANCED_FACE ( 'NONE', ( #5945 ), #3791, .T. ) ;
#5619 = ORIENTED_EDGE ( 'NONE', *, *, #7571, .T. ) ;
#5620 = CARTESIAN_POINT ( 'NONE',  ( 1.859425216654229995, 1.601156472615399950, 4.062213304289159943 ) ) ;
#5621 = CARTESIAN_POINT ( 'NONE',  ( 1.156985169548029990, 2.069574522794869864, 0.4031326314136419731 ) ) ;
#5622 = SHAPE_DEFINITION_REPRESENTATION ( #5765, #1844 ) ;
#5623 = CARTESIAN_POINT ( 'NONE',  ( 0.8536419123158789368, -1.706194357699791331, 3.452213030551388506 ) ) ;
#5624 = CARTESIAN_POINT ( 'NONE',  ( -2.416325028386973273, 0.9325870893326460020, 18.50000000000000000 ) ) ;
#5625 = CARTESIAN_POINT ( 'NONE',  ( -2.672499999999999876, 1.169999999999999929, 0.000000000000000000 ) ) ;
#5626 = CARTESIAN_POINT ( 'NONE',  ( 0.3353543002692258024, 2.639888194240437969, 0.7000000000000029532 ) ) ;
#5627 = PRESENTATION_LAYER_ASSIGNMENT (  '', '', ( #6342 ) ) ;
#5628 = CARTESIAN_POINT ( 'NONE',  ( -1.788671819704820587, 0.8948891702401090553, 3.461860776390381034 ) ) ;
#5629 = FILL_AREA_STYLE_COLOUR ( '', #8718 ) ;
#5630 = CARTESIAN_POINT ( 'NONE',  ( -2.672499999999999876, 1.201867087649705734, 0.000000000000000000 ) ) ;
#5631 = ORIENTED_EDGE ( 'NONE', *, *, #7654, .T. ) ;
#5632 = CARTESIAN_POINT ( 'NONE',  ( 2.658130796785630690, -1.193936781837957373, 0.3537504162854430145 ) ) ;
#5633 = CARTESIAN_POINT ( 'NONE',  ( 1.199407784446986147, -2.323790817156144772, 3.702456256558063874 ) ) ;
#5634 = APPLICATION_CONTEXT ( 'automotive_design' ) ;
#5635 = LINE ( 'NONE', #3015, #7986 ) ;
#5636 = CIRCLE ( 'NONE', #1776, 0.02499999999999984873 ) ;
#5637 = DIRECTION ( 'NONE',  ( 0.000000000000000000, 0.000000000000000000, 1.000000000000000000 ) ) ;
#5638 = CARTESIAN_POINT ( 'NONE',  ( -1.172646745193546503, -2.337289342494497379, 3.529365915131331910 ) ) ;
#5639 = DIRECTION ( 'NONE',  ( -0.000000000000000000, -0.000000000000000000, -1.000000000000000000 ) ) ;
#5640 = CARTESIAN_POINT ( 'NONE',  ( 1.950811633107059961, 0.4607690719793490763, 3.562213304289159943 ) ) ;
#5641 = CARTESIAN_POINT ( 'NONE',  ( -1.170916285836464121, -2.340759870089558881, 3.311113519968958752 ) ) ;
#5642 = DIRECTION ( 'NONE',  ( -0.2419218955979282881, 2.962688750876629674E-17, 0.9702957262764301261 ) ) ;
#5643 = ORIENTED_EDGE ( 'NONE', *, *, #8717, .F. ) ;
#5644 = CARTESIAN_POINT ( 'NONE',  ( 4.760047758115221406, -2.217775750364952447, 23.59999999999999787 ) ) ;
#5645 = B_SPLINE_CURVE_WITH_KNOTS ( 'NONE', 3,
 ( #4694, #8742, #16, #2591, #6062, #1914, #1207, #624, #6818, #2626, #6774, #3237 ),
 .UNSPECIFIED., .F., .F.,
 ( 4, 2, 2, 2, 2, 4 ),
 ( 0.000000000000000000, 0.001743053297739393520, 0.002614579946609090280, 0.003050343271043938660, 0.003268224933261362850, 0.003486106595478787040 ),
 .UNSPECIFIED. ) ;
#5646 = CARTESIAN_POINT ( 'NONE',  ( 2.352582858676001365, -0.8460813610437998289, 23.60000000000000853 ) ) ;
#5647 = CARTESIAN_POINT ( 'NONE',  ( 2.087499999999999911, -1.173535103752000097, 0.000000000000000000 ) ) ;
#5648 = CARTESIAN_POINT ( 'NONE',  ( -2.074914979826860240, 1.061689760044280062, 0.3536250458933539731 ) ) ;
#5649 = EDGE_LOOP ( 'NONE', ( #6707, #3511, #4316, #6488, #4825, #4814 ) ) ;
#5650 = ORIENTED_EDGE ( 'NONE', *, *, #3210, .F. ) ;
#5651 = SURFACE_SIDE_STYLE ('',( #8428 ) ) ;
#5652 = STYLED_ITEM ( 'NONE', ( #1045 ), #6993 ) ;
#5653 = CARTESIAN_POINT ( 'NONE',  ( -0.5849999999999999645, -2.672499999999999876, 0.1698237983775840176 ) ) ;
#5654 = CARTESIAN_POINT ( 'NONE',  ( 1.173535354344670045, -2.087499999999999911, 0.1698237983775840176 ) ) ;
#5655 = CARTESIAN_POINT ( 'NONE',  ( 0.000000000000000000, 2.087499999999999911, -1.709999999999999964 ) ) ;
#5656 = ADVANCED_FACE ( 'NONE', ( #1115 ), #6688, .F. ) ;
#5657 = CIRCLE ( 'NONE', #2385, 2.614955567827029981 ) ;
#5658 = ORIENTED_EDGE ( 'NONE', *, *, #6196, .F. ) ;
#5659 = DIRECTION ( 'NONE',  ( 0.000000000000000000, 0.000000000000000000, 1.000000000000000000 ) ) ;
#5660 = CARTESIAN_POINT ( 'NONE',  ( 2.280490654322670174, 1.286299887497099892, 3.932538239560280591 ) ) ;
#5661 = SURFACE_STYLE_FILL_AREA ( #932 ) ;
#5662 = CARTESIAN_POINT ( 'NONE',  ( 0.4676201865341360620, 1.949453406172640069, 3.121953701425990602 ) ) ;
#5663 = CARTESIAN_POINT ( 'NONE',  ( 0.8536396577870689617, -1.706195485430850978, 3.455387642142009330 ) ) ;
#5664 = CARTESIAN_POINT ( 'NONE',  ( -2.001847935046311644, 1.116785347999289968, 0.7659099622955359843 ) ) ;
#5665 = CARTESIAN_POINT ( 'NONE',  ( 0.6826474968738908133, 2.500971411262726818, 18.50000000000000000 ) ) ;
#5666 = EDGE_CURVE ( 'NONE', #4629, #7703, #1522, .T. ) ;
#5667 = SURFACE_SIDE_STYLE ('',( #3708 ) ) ;
#5668 = FILL_AREA_STYLE ('',( #8399 ) ) ;
#5669 = AXIS2_PLACEMENT_3D ( 'NONE', #7142, #1027, #8532 ) ;
#5670 =( GEOMETRIC_REPRESENTATION_CONTEXT ( 3 ) GLOBAL_UNCERTAINTY_ASSIGNED_CONTEXT ( ( #8340 ) ) GLOBAL_UNIT_ASSIGNED_CONTEXT ( ( #7561, #4805, #7604 ) ) REPRESENTATION_CONTEXT ( 'NONE', 'WORKASPACE' ) );
#5671 = B_SPLINE_CURVE_WITH_KNOTS ( 'NONE', 3,
 ( #2905, #7669, #6246, #804 ),
 .UNSPECIFIED., .F., .F.,
 ( 4, 4 ),
 ( 8.673617379884035472E-19, 9.985972241973215631E-05 ),
 .UNSPECIFIED. ) ;
#5672 = CARTESIAN_POINT ( 'NONE',  ( 0.8985831853925234647, 5.704963427000936171, 19.79999999999999716 ) ) ;
#5673 = PRESENTATION_STYLE_ASSIGNMENT (( #7094 ) ) ;
#5674 = CARTESIAN_POINT ( 'NONE',  ( 2.672499999999999876, -1.169999999999999929, 0.000000000000000000 ) ) ;
#5675 =( NAMED_UNIT ( * ) PLANE_ANGLE_UNIT ( ) SI_UNIT ( $, .RADIAN. ) );
#5676 = CARTESIAN_POINT ( 'NONE',  ( -0.9024896432958082748, 1.784801057687138037, 3.562189090792776458 ) ) ;
#5677 = STYLED_ITEM ( 'NONE', ( #3048 ), #762 ) ;
#5678 = CARTESIAN_POINT ( 'NONE',  ( -1.706197740892970049, 0.8536351487294490115, 3.461736865323250090 ) ) ;
#5679 = CARTESIAN_POINT ( 'NONE',  ( -2.087499999999999911, 0.5849999999999999645, -1.709999999999999964 ) ) ;
#5680 =( LENGTH_UNIT ( ) NAMED_UNIT ( * ) SI_UNIT ( .MILLI., .METRE. ) );
#5681 = DIRECTION ( 'NONE',  ( 1.000000000000000000, 0.000000000000000000, 0.000000000000000000 ) ) ;
#5682 = CARTESIAN_POINT ( 'NONE',  ( 2.087499999999999911, 0.2924999999999989830, 0.000000000000000000 ) ) ;
#5683 = UNCERTAINTY_MEASURE_WITH_UNIT (LENGTH_MEASURE( 1.000000000000000082E-05 ), #7010, 'distance_accuracy_value', 'NONE');
#5684 = CARTESIAN_POINT ( 'NONE',  ( -1.170036852448972819, -2.661029189597979627, 0.3417420965412774625 ) ) ;
#5685 = CARTESIAN_POINT ( 'NONE',  ( -2.178074023985769436, 1.451170438522525696, 4.012572745396496110 ) ) ;
#5686 = ORIENTED_EDGE ( 'NONE', *, *, #5075, .F. ) ;
#5687 = CARTESIAN_POINT ( 'NONE',  ( 4.813532977526720380, -2.096299854887811787, 23.60000000000000142 ) ) ;
#5688 =( NAMED_UNIT ( * ) SI_UNIT ( $, .STERADIAN. ) SOLID_ANGLE_UNIT ( ) );
#5689 = B_SPLINE_CURVE_WITH_KNOTS ( 'NONE', 3,
 ( #8172, #2063, #4030, #8791, #4787, #2720, #2816, #2673, #5495, #674, #5403, #769 ),
 .UNSPECIFIED., .F., .F.,
 ( 4, 2, 2, 2, 2, 4 ),
 ( 9.354405035721473517E-12, 0.001739562881154563430, 0.002609344317054642509, 0.003044235035004682916, 0.003261680393979702469, 0.003479125752954722456 ),
 .UNSPECIFIED. ) ;
#5690 = CARTESIAN_POINT ( 'NONE',  ( -2.007773820587180236, 1.675361724247734552, 4.062213304289157279 ) ) ;
#5691 = CARTESIAN_POINT ( 'NONE',  ( 1.785465559192729978, -0.8990746038286899777, 3.022064739156450131 ) ) ;
#5692 = CARTESIAN_POINT ( 'NONE',  ( -1.786127563241830085, 0.8998645384505130629, 3.562213304289150173 ) ) ;
#5693 = ORIENTED_EDGE ( 'NONE', *, *, #6484, .T. ) ;
#5694 = COLOUR_RGB ( '',0.2862745098039215508, 0.2862745098039215508, 0.2862745098039215508 ) ;
#5695 = ORIENTED_EDGE ( 'NONE', *, *, #842, .F. ) ;
#5696 = FILL_AREA_STYLE_COLOUR ( '', #7315 ) ;
#5697 = CARTESIAN_POINT ( 'NONE',  ( -0.3032597336734469962, -2.603219800340440315, 3.562213304289150173 ) ) ;
#5698 = FILL_AREA_STYLE ('',( #1542 ) ) ;
#5699 = STYLED_ITEM ( 'NONE', ( #5753 ), #1726 ) ;
#5700 = EDGE_CURVE ( 'NONE', #305, #973, #3319, .T. ) ;
#5701 = CARTESIAN_POINT ( 'NONE',  ( 0.2381160382631019867, -1.990496523424080122, 3.022064739156700153 ) ) ;
#5702 = AXIS2_PLACEMENT_3D ( 'NONE', #2968, #6257, #858 ) ;
#5703 =( NAMED_UNIT ( * ) SI_UNIT ( $, .STERADIAN. ) SOLID_ANGLE_UNIT ( ) );
#5704 = ORIENTED_EDGE ( 'NONE', *, *, #3165, .F. ) ;
#5705 = CARTESIAN_POINT ( 'NONE',  ( -1.170157752550214925, -2.527312275960770016, 1.150392694564883911 ) ) ;
#5706 = CARTESIAN_POINT ( 'NONE',  ( 1.644386058079083224, 1.504132083846013490, 4.062213407881844596 ) ) ;
#5707 = CARTESIAN_POINT ( 'NONE',  ( 2.087499999999999911, 1.196505226946034339, 0.1698237983775840176 ) ) ;
#5708 = COLOUR_RGB ( '',0.2862745098039215508, 0.2862745098039215508, 0.2862745098039215508 ) ;
#5709 = CARTESIAN_POINT ( 'NONE',  ( 1.057234743186399983, 2.069506008863029933, 0.4031326314136419731 ) ) ;
#5710 = DIRECTION ( 'NONE',  ( -1.836970198721029934E-16, -1.000000000000000000, -0.000000000000000000 ) ) ;
#5711 = CARTESIAN_POINT ( 'NONE',  ( 2.000000000000000000, 0.3120604932452954450, 3.562205064554529788 ) ) ;
#5712 = CARTESIAN_POINT ( 'NONE',  ( -2.344649367899956260, 1.172860223786166056, 3.311117136868810817 ) ) ;
#5713 =( NAMED_UNIT ( * ) SI_UNIT ( $, .STERADIAN. ) SOLID_ANGLE_UNIT ( ) );
#5714 = LINE ( 'NONE', #407, #8112 ) ;
#5715 = CARTESIAN_POINT ( 'NONE',  ( 4.423778153829627691, 3.721688888354660829, 19.79999999999999361 ) ) ;
#5716 = DIRECTION ( 'NONE',  ( 0.000000000000000000, 0.000000000000000000, 1.000000000000000000 ) ) ;
#5717 =( NAMED_UNIT ( * ) PLANE_ANGLE_UNIT ( ) SI_UNIT ( $, .RADIAN. ) );
#5718 = EDGE_CURVE ( 'NONE', #701, #6052, #1878, .T. ) ;
#5719 =( LENGTH_UNIT ( ) NAMED_UNIT ( * ) SI_UNIT ( .MILLI., .METRE. ) );
#5720 = PLANE ( 'NONE',  #2201 ) ;
#5721 = FACE_OUTER_BOUND ( 'NONE', #3430, .T. ) ;
#5722 = CARTESIAN_POINT ( 'NONE',  ( -3.114142309724351687, 0.8501971929208199663, 2.969165229559820318 ) ) ;
#5723 = FACE_OUTER_BOUND ( 'NONE', #1662, .T. ) ;
#5724 = LINE ( 'NONE', #7908, #3662 ) ;
#5725 = CARTESIAN_POINT ( 'NONE',  ( 2.123139732273830571, -2.437751537052167183, 2.969165229559820318 ) ) ;
#5726 = CARTESIAN_POINT ( 'NONE',  ( 2.003134259979809872, 1.095767711964350299, 0.7659099622468721336 ) ) ;
#5727 = CARTESIAN_POINT ( 'NONE',  ( -1.170385183682452368, -2.606237980178261804, 0.6502686501382174411 ) ) ;
#5728 = CARTESIAN_POINT ( 'NONE',  ( 1.835830800877188640, -0.9390417115299967143, 2.300208471105321451 ) ) ;
#5729 = VERTEX_POINT ( 'NONE', #4614 ) ;
#5730 = CARTESIAN_POINT ( 'NONE',  ( 1.122559083891625065, -5.131420022800876168, 23.60000000000000853 ) ) ;
#5731 = CARTESIAN_POINT ( 'NONE',  ( -2.527192511555504950, 1.170148840197150486, 1.151351344885076289 ) ) ;
#5732 = CARTESIAN_POINT ( 'NONE',  ( -2.087499999999999911, 0.2924999999999999822, 0.1698237983775840176 ) ) ;
#5733 = ORIENTED_EDGE ( 'NONE', *, *, #703, .T. ) ;
#5734 = SURFACE_SIDE_STYLE ('',( #334 ) ) ;
#5735 = VERTEX_POINT ( 'NONE', #8744 ) ;
#5736 = CARTESIAN_POINT ( 'NONE',  ( 0.9590897693630290322, 1.917020271110100094, 3.462054116206850107 ) ) ;
#5737 = CARTESIAN_POINT ( 'NONE',  ( -1.178070072226450105, -2.672499999999999876, 0.1698237983775840176 ) ) ;
#5738 = CARTESIAN_POINT ( 'NONE',  ( -1.047482370084269920, 1.954424285663149963, 1.071369376537709917 ) ) ;
#5739 = CARTESIAN_POINT ( 'NONE',  ( 0.8686045353372540134, -2.075290510432190150, 0.3536250458876650238 ) ) ;
#5740 =( GEOMETRIC_REPRESENTATION_CONTEXT ( 3 ) GLOBAL_UNCERTAINTY_ASSIGNED_CONTEXT ( ( #8369 ) ) GLOBAL_UNIT_ASSIGNED_CONTEXT ( ( #5230, #1163, #7903 ) ) REPRESENTATION_CONTEXT ( 'NONE', 'WORKASPACE' ) );
#5741 = CARTESIAN_POINT ( 'NONE',  ( -6.725000000000000533, 8.235749724265950941E-16, 19.79999999999999716 ) ) ;
#5742 = CARTESIAN_POINT ( 'NONE',  ( 1.171834009462587867, -2.342331309841372722, 3.462678160293847451 ) ) ;
#5743 = VERTEX_POINT ( 'NONE', #3946 ) ;
#5744 = DIRECTION ( 'NONE',  ( 1.000000000000000000, 0.000000000000000000, 0.000000000000000000 ) ) ;
#5745 = MECHANICAL_DESIGN_GEOMETRIC_PRESENTATION_REPRESENTATION (  '', ( #1604 ), #7595 ) ;
#5746 = CARTESIAN_POINT ( 'NONE',  ( -2.379999999999999893, 0.5849999999999999645, 0.000000000000000000 ) ) ;
#5747 = CARTESIAN_POINT ( 'NONE',  ( 1.776330418796037147, 0.9192430928645799471, 3.562213304289150173 ) ) ;
#5748 = COLOUR_RGB ( '',0.8313725490196077761, 0.8313725490196077761, 0.8313725490196077761 ) ;
#5749 = CARTESIAN_POINT ( 'NONE',  ( 2.922596964161519749E-17, 2.087499999999999911, 0.1698237986199239991 ) ) ;
#5750 = DIRECTION ( 'NONE',  ( -0.000000000000000000, 0.000000000000000000, 1.000000000000000000 ) ) ;
#5751 = CARTESIAN_POINT ( 'NONE',  ( -1.855732407068412915, 0.9823786661064327630, 1.943675179718990176 ) ) ;
#5752 = DIRECTION ( 'NONE',  ( 0.000000000000000000, 1.000000000000000000, 0.000000000000000000 ) ) ;
#5753 = PRESENTATION_STYLE_ASSIGNMENT (( #2464 ) ) ;
#5754 = AXIS2_PLACEMENT_3D ( 'NONE', #3697, #6417, #8390 ) ;
#5755 = CARTESIAN_POINT ( 'NONE',  ( -1.504132083846013490, 1.644386058079083224, 4.062213407881844596 ) ) ;
#5756 = CARTESIAN_POINT ( 'NONE',  ( 3.801858157940440464, 4.365172639699184565, 19.80000000000000426 ) ) ;
#5757 = FILL_AREA_STYLE ('',( #5629 ) ) ;
#5758 = DIRECTION ( 'NONE',  ( 1.000000000000000000, 0.000000000000000000, 0.000000000000000000 ) ) ;
#5759 = SURFACE_STYLE_FILL_AREA ( #4474 ) ;
#5760 = CARTESIAN_POINT ( 'NONE',  ( -2.015011738870099212, 1.104520662098391171, 0.7205143939718772206 ) ) ;
#5761 = FILL_AREA_STYLE_COLOUR ( '', #557 ) ;
#5762 = CARTESIAN_POINT ( 'NONE',  ( -2.140484332542559986, 1.566195939707290208, 4.062213304289159943 ) ) ;
#5763 = CARTESIAN_POINT ( 'NONE',  ( 1.965755033875683955, 2.594978643432193532, 2.969165229559820318 ) ) ;
#5764 = CARTESIAN_POINT ( 'NONE',  ( -2.207106781186547906, 4.414213562373095812, 23.59999999999999432 ) ) ;
#5765 = PRODUCT_DEFINITION_SHAPE ( 'NONE', 'NONE',  #1210 ) ;
#5766 =( NAMED_UNIT ( * ) PLANE_ANGLE_UNIT ( ) SI_UNIT ( $, .RADIAN. ) );
#5767 = CARTESIAN_POINT ( 'NONE',  ( -1.019363696014744081, -3.060508266209713835, 2.969165229559819874 ) ) ;
#5768 = CARTESIAN_POINT ( 'NONE',  ( 2.087499999999999911, 1.072500000000000009, 0.000000000000000000 ) ) ;
#5769 = PRODUCT_DEFINITION_CONTEXT ( 'detailed design', #6876, 'design' ) ;
#5770 = CARTESIAN_POINT ( 'NONE',  ( -1.170110557346918601, -2.664919805303939349, 0.3417427355436362668 ) ) ;
#5771 = CARTESIAN_POINT ( 'NONE',  ( 5.775000000000000355, 0.000000000000000000, 19.79999999999999716 ) ) ;
#5772 = ORIENTED_EDGE ( 'NONE', *, *, #385, .T. ) ;
#5773 = CARTESIAN_POINT ( 'NONE',  ( -0.3207627333112366141, -5.249967596714977702, 23.60000000000000853 ) ) ;
#5774 = DIRECTION ( 'NONE',  ( -0.4836800446059870140, 0.000000000000000000, 0.8752448882741049596 ) ) ;
#5775 = CARTESIAN_POINT ( 'NONE',  ( -0.1587786081622513945, -2.500033684988920868, 23.60000000000000497 ) ) ;
#5776 = CARTESIAN_POINT ( 'NONE',  ( -1.991024127276469935, 0.2319425520477569891, 3.562213304289150173 ) ) ;
#5777 = EDGE_LOOP ( 'NONE', ( #425, #2158 ) ) ;
#5778 = EDGE_CURVE ( 'NONE', #8383, #5996, #5318, .T. ) ;
#5779 =( NAMED_UNIT ( * ) PLANE_ANGLE_UNIT ( ) SI_UNIT ( $, .RADIAN. ) );
#5780 = ORIENTED_EDGE ( 'NONE', *, *, #129, .F. ) ;
#5781 = EDGE_CURVE ( 'NONE', #5358, #3384, #460, .T. ) ;
#5782 = CARTESIAN_POINT ( 'NONE',  ( -1.086867273976839909, -2.379895798537039919, 3.023199761058580126 ) ) ;
#5783 = CARTESIAN_POINT ( 'NONE',  ( -0.8974586204315202487, 1.790611987144898221, 3.043413769529087709 ) ) ;
#5784 = CARTESIAN_POINT ( 'NONE',  ( 0.9190853346062910489, -1.776411747714748524, 3.391484666840882678 ) ) ;
#5785 = VERTEX_POINT ( 'NONE', #5628 ) ;
#5786 = FILL_AREA_STYLE ('',( #2233 ) ) ;
#5787 = CARTESIAN_POINT ( 'NONE',  ( -0.7872304270804899584, 1.977512129398169893, 1.127511258060150068 ) ) ;
#5788 = CARTESIAN_POINT ( 'NONE',  ( -1.184300729550818776, -2.074642838888812069, 0.3536250458876650238 ) ) ;
#5789 = CARTESIAN_POINT ( 'NONE',  ( -2.159409603357279828, 1.079457809251219924, 3.044043887592430497 ) ) ;
#5790 = CARTESIAN_POINT ( 'NONE',  ( 2.007773849016309953, 1.675361690177920027, 4.062213304289150173 ) ) ;
#5791 = MECHANICAL_DESIGN_GEOMETRIC_PRESENTATION_REPRESENTATION (  '', ( #3817 ), #6937 ) ;
#5792 = CARTESIAN_POINT ( 'NONE',  ( 0.9638650759417791702, 5.694036875148657195, 19.80000000000000071 ) ) ;
#5793 = CARTESIAN_POINT ( 'NONE',  ( -2.391336671810779801, -1.145474215572690024, 0.7455079125748419466 ) ) ;
#5794 = FACE_OUTER_BOUND ( 'NONE', #3872, .T. ) ;
#5795 = FILL_AREA_STYLE_COLOUR ( '', #7250 ) ;
#5796 = FILL_AREA_STYLE ('',( #3148 ) ) ;
#5797 = STYLED_ITEM ( 'NONE', ( #6147 ), #3808 ) ;
#5798 = ADVANCED_FACE ( 'NONE', ( #2062 ), #2822, .T. ) ;
#5799 = FILL_AREA_STYLE_COLOUR ( '', #3725 ) ;
#5800 = CARTESIAN_POINT ( 'NONE',  ( -2.500000000000000000, 3.061616997868383141E-16, 23.10000000000000142 ) ) ;
#5801 = CARTESIAN_POINT ( 'NONE',  ( 2.589955567827030958, -0.1645832296115495585, 18.50000000000000355 ) ) ;
#5802 =( NAMED_UNIT ( * ) PLANE_ANGLE_UNIT ( ) SI_UNIT ( $, .RADIAN. ) );
#5803 = CARTESIAN_POINT ( 'NONE',  ( -0.5069193820161019826, -3.196754870985328623, 2.969165229559820762 ) ) ;
#5804 = PRODUCT_DEFINITION_FORMATION_WITH_SPECIFIED_SOURCE ( 'ANY', '', #498, .NOT_KNOWN. ) ;
#5805 = CARTESIAN_POINT ( 'NONE',  ( 1.169999999999999929, -2.379999999999999893, 0.000000000000000000 ) ) ;
#5806 = CARTESIAN_POINT ( 'NONE',  ( -2.585246281213330111, -1.079378638664979961, 0.7666085965705810024 ) ) ;
#5807 = ORIENTED_EDGE ( 'NONE', *, *, #3013, .F. ) ;
#5808 = CARTESIAN_POINT ( 'NONE',  ( 5.250000000000001776, -0.3212934757404917185, 23.60000000000000497 ) ) ;
#5809 = DIRECTION ( 'NONE',  ( 0.000000000000000000, -1.000000000000000000, -0.000000000000000000 ) ) ;
#5810 = EDGE_CURVE ( 'NONE', #2017, #5436, #3652, .T. ) ;
#5811 = VECTOR ( 'NONE', #3833, 1000.000000000000000 ) ;
#5812 = CARTESIAN_POINT ( 'NONE',  ( -0.7901744029143449310, -2.372492821296321885, 23.60000000000000142 ) ) ;
#5813 = CARTESIAN_POINT ( 'NONE',  ( -2.075728541113799785, 0.5790106839105779724, 0.3536250458933549723 ) ) ;
#5814 = ORIENTED_EDGE ( 'NONE', *, *, #4122, .T. ) ;
#5815 = LINE ( 'NONE', #8683, #6178 ) ;
#5816 = DIRECTION ( 'NONE',  ( -1.000000000000000000, 1.224646799147353947E-16, 0.000000000000000000 ) ) ;
#5817 =( GEOMETRIC_REPRESENTATION_CONTEXT ( 3 ) GLOBAL_UNCERTAINTY_ASSIGNED_CONTEXT ( ( #2027 ) ) GLOBAL_UNIT_ASSIGNED_CONTEXT ( ( #1909, #3189, #6598 ) ) REPRESENTATION_CONTEXT ( 'NONE', 'WORKASPACE' ) );
#5818 = ORIENTED_EDGE ( 'NONE', *, *, #4510, .F. ) ;
#5819 = CARTESIAN_POINT ( 'NONE',  ( 5.580401042316128546, -1.507191981409249371, 19.80000000000000071 ) ) ;
#5820 = EDGE_CURVE ( 'NONE', #1086, #8143, #5657, .T. ) ;
#5821 = CARTESIAN_POINT ( 'NONE',  ( -0.9354159905847501122, 1.832700469137310106, 2.344894465966650188 ) ) ;
#5822 = CARTESIAN_POINT ( 'NONE',  ( 6.739644660940669496, -13.47928932188134432, 19.80000000000000071 ) ) ;
#5823 = PRESENTATION_LAYER_ASSIGNMENT (  '', '', ( #4411 ) ) ;
#5824 = FILL_AREA_STYLE_COLOUR ( '', #126 ) ;
#5825 = VERTEX_POINT ( 'NONE', #6870 ) ;
#5826 = DIRECTION ( 'NONE',  ( 1.000000000000000000, 0.000000000000000000, 0.000000000000000000 ) ) ;
#5827 = MECHANICAL_DESIGN_GEOMETRIC_PRESENTATION_REPRESENTATION (  '', ( #3149 ), #4281 ) ;
#5828 = CARTESIAN_POINT ( 'NONE',  ( 1.170408392099719252, 2.525723033603190615, 1.072175220851253163 ) ) ;
#5829 = ORIENTED_EDGE ( 'NONE', *, *, #5917, .F. ) ;
#5830 =( LENGTH_UNIT ( ) NAMED_UNIT ( * ) SI_UNIT ( .MILLI., .METRE. ) );
#5831 = CARTESIAN_POINT ( 'NONE',  ( -0.4630684880765080225, 1.950268328128599959, 3.391484670832360493 ) ) ;
#5832 = B_SPLINE_SURFACE_WITH_KNOTS ( 'NONE', 3, 3, ( 
 ( #6189, #2990, #2311, #5028, #7753, #1625, #7565, #1457 ),
 ( #6896, #2496, #5255, #4455, #3038, #1057, #3832, #5119 ),
 ( #7835, #2536, #6545, #3785, #7124, #5783, #1762, #1009 ),
 ( #3692, #442, #1670, #5738, #5821, #4502, #7167, #8473 ),
 ( #7930, #2354, #5212, #3737, #7975, #312, #1804, #5871 ),
 ( #3213, #8606, #1856, #1100, #4549, #7877, #5073, #7254 ),
 ( #3169, #5911, #1145, #4590, #3877, #6582, #7212, #476 ),
 ( #4408, #2400, #8648, #7297, #6411, #6501, #7787, #6451 ),
 ( #346, #3081, #8514, #1714, #392, #3123, #8561, #2449 ),
 ( #5169, #4760, #36, #2741, #8146, #4007, #1227, #8724 ) ),
 .UNSPECIFIED., .F., .F., .F.,
 ( 4, 3, 3, 4 ),
 ( 4, 1, 1, 1, 1, 4 ),
 ( -0.01010365791446436734, 0.000000000000000000, 1.000000000000000000, 1.010365791446436790 ),
 ( 0.000000000000000000, 0.1386939662306130028, 0.4160818986918389806, 0.6934698311530660408, 0.8321637973836789604, 0.9708577636142919909 ),
 .UNSPECIFIED. ) ;
#5833 = FACE_OUTER_BOUND ( 'NONE', #3733, .T. ) ;
#5834 = SURFACE_STYLE_USAGE ( .BOTH. , #359 ) ;
#5835 =( GEOMETRIC_REPRESENTATION_CONTEXT ( 3 ) GLOBAL_UNCERTAINTY_ASSIGNED_CONTEXT ( ( #1305 ) ) GLOBAL_UNIT_ASSIGNED_CONTEXT ( ( #5142, #1871, #1829 ) ) REPRESENTATION_CONTEXT ( 'NONE', 'WORKASPACE' ) );
#5836 = CARTESIAN_POINT ( 'NONE',  ( -5.775000000000000355, 7.072335265075966244E-16, 19.82499999999999929 ) ) ;
#5837 = DIRECTION ( 'NONE',  ( 1.000000000000000000, 0.000000000000000000, 0.000000000000000000 ) ) ;
#5838 = STYLED_ITEM ( 'NONE', ( #4219 ), #4773 ) ;
#5839 = CARTESIAN_POINT ( 'NONE',  ( -2.996948747271804603, 4.940359114785461969, 19.80000000000000426 ) ) ;
#5840 = SURFACE_SIDE_STYLE ('',( #6596 ) ) ;
#5841 = CARTESIAN_POINT ( 'NONE',  ( -1.788691429140879974, -0.8948985806118021635, 3.462471484494979990 ) ) ;
#5842 = CARTESIAN_POINT ( 'NONE',  ( 2.155340798418302395, -1.078299574490131585, 3.462407710891707069 ) ) ;
#5843 = CARTESIAN_POINT ( 'NONE',  ( -1.451065734362827264, 2.178150563386487715, 4.012574324777711254 ) ) ;
#5844 = CARTESIAN_POINT ( 'NONE',  ( -2.068842596427933778, 1.709419751725309133, 4.062213304289159943 ) ) ;
#5845 = SURFACE_STYLE_FILL_AREA ( #1206 ) ;
#5846 = FACE_OUTER_BOUND ( 'NONE', #503, .T. ) ;
#5847 = CARTESIAN_POINT ( 'NONE',  ( -2.589955567827030514, -0.3295232034742563987, 18.50000000000000711 ) ) ;
#5848 = FILL_AREA_STYLE ('',( #4612 ) ) ;
#5849 = CARTESIAN_POINT ( 'NONE',  ( -6.670033795023631029, -0.8689251309590417804, 19.79999999999999361 ) ) ;
#5850 = CARTESIAN_POINT ( 'NONE',  ( -0.8973655974403259572, -1.790511639302145408, 3.046467857036573967 ) ) ;
#5851 = EDGE_CURVE ( 'NONE', #6052, #1337, #4960, .T. ) ;
#5852 = CARTESIAN_POINT ( 'NONE',  ( -2.658467261772659906, -1.077870739445319970, 0.3537504162900820814 ) ) ;
#5853 = ORIENTED_EDGE ( 'NONE', *, *, #1763, .T. ) ;
#5854 = CARTESIAN_POINT ( 'NONE',  ( 2.087499999999999911, 0.5849999999999999645, -2.754830917718800176 ) ) ;
#5855 = CARTESIAN_POINT ( 'NONE',  ( 2.672499999999999876, 1.201629900763106384, 0.1698237983775840176 ) ) ;
#5856 = CARTESIAN_POINT ( 'NONE',  ( -5.498774598083703502, 3.872041209587273602, 19.80000000000000426 ) ) ;
#5857 = CARTESIAN_POINT ( 'NONE',  ( 2.700000000000000622, 0.000000000000000000, 23.59999999999999787 ) ) ;
#5858 = CARTESIAN_POINT ( 'NONE',  ( -2.265608056321282149, -1.058662517935835101, 23.60000000000000853 ) ) ;
#5859 = CARTESIAN_POINT ( 'NONE',  ( -1.967840077767909923, -0.4988717198368690653, 1.943675179718990176 ) ) ;
#5860 = AXIS2_PLACEMENT_3D ( 'NONE', #2294, #5013, #7592 ) ;
#5861 = EDGE_LOOP ( 'NONE', ( #7927, #5295, #6031, #4488 ) ) ;
#5862 = PLANE ( 'NONE',  #3041 ) ;
#5863 = STYLED_ITEM ( 'NONE', ( #5597 ), #3176 ) ;
#5864 = SURFACE_STYLE_USAGE ( .BOTH. , #5734 ) ;
#5865 = CARTESIAN_POINT ( 'NONE',  ( 4.409532436802678923, -8.819064873605363175, 2.994165229559819785 ) ) ;
#5866 = UNCERTAINTY_MEASURE_WITH_UNIT (LENGTH_MEASURE( 1.000000000000000082E-05 ), #8488, 'distance_accuracy_value', 'NONE');
#5867 = CARTESIAN_POINT ( 'NONE',  ( -0.8801900241220309562, 2.672499999999999876, 0.000000000000000000 ) ) ;
#5868 = ORIENTED_EDGE ( 'NONE', *, *, #2541, .T. ) ;
#5869 = PRESENTATION_STYLE_ASSIGNMENT (( #8647 ) ) ;
#5870 = CARTESIAN_POINT ( 'NONE',  ( -1.007366059452863949, -5.686501182464308357, 19.80000000000000426 ) ) ;
#5871 = CARTESIAN_POINT ( 'NONE',  ( -0.9865990537412021588, 1.972015892948990157, 3.462539920190089937 ) ) ;
#5872 = LINE ( 'NONE', #8607, #8394 ) ;
#5873 = AXIS2_PLACEMENT_3D ( 'NONE', #161, #7675, #326 ) ;
#5874 = CARTESIAN_POINT ( 'NONE',  ( 6.739644660940671272, -1.650736852282308561E-15, 19.79999999999999716 ) ) ;
#5875 = ORIENTED_EDGE ( 'NONE', *, *, #1680, .T. ) ;
#5876 = CARTESIAN_POINT ( 'NONE',  ( 6.724999999999999645, 0.000000000000000000, 19.77499999999999858 ) ) ;
#5878 = CARTESIAN_POINT ( 'NONE',  ( -0.8998647570348979885, 1.786127453309380053, 3.562213309405399819 ) ) ;
#5877 = VECTOR ( 'NONE', #5710, 1000.000000000000000 ) ;
#5879 = CARTESIAN_POINT ( 'NONE',  ( 2.291414054166422964, -1.264643720687444128, 3.831568290069509164 ) ) ;
#5880 = CARTESIAN_POINT ( 'NONE',  ( 5.250000000000000888, 0.000000000000000000, 23.60000000000000142 ) ) ;
#5881 = LINE ( 'NONE', #1682, #5555 ) ;
#5882 = EDGE_CURVE ( 'NONE', #8612, #2562, #989, .T. ) ;
#5883 = PRESENTATION_LAYER_ASSIGNMENT (  '', '', ( #1190 ) ) ;
#5884 = DIRECTION ( 'NONE',  ( -1.000000000000000000, 0.000000000000000000, 0.000000000000000000 ) ) ;
#5885 = STYLED_ITEM ( 'NONE', ( #5869 ), #2445 ) ;
#5886 = CARTESIAN_POINT ( 'NONE',  ( -6.750000000000000000, 8.266365894244634333E-16, 10.25306961402259986 ) ) ;
#5887 = CARTESIAN_POINT ( 'NONE',  ( -1.786659347506102780, -0.8953758083842356941, 3.045383536158184246 ) ) ;
#5888 = DIRECTION ( 'NONE',  ( 1.000000000000000000, 0.000000000000000000, 0.000000000000000000 ) ) ;
#5889 = CARTESIAN_POINT ( 'NONE',  ( -1.177596933261293444, 2.334793442269784247, 3.562184389894078151 ) ) ;
#5890 = SURFACE_STYLE_USAGE ( .BOTH. , #8451 ) ;
#5891 =( BOUNDED_SURFACE ( )  B_SPLINE_SURFACE ( 3, 3, ( 
 ( #5146, #3103, #4610, #7857 ),
 ( #419, #8539, #2425, #7317 ),
 ( #5931, #1739, #3943, #4482 ),
 ( #533, #1167, #8668, #3273 ) ),
 .UNSPECIFIED., .F., .F., .F. ) 
 B_SPLINE_SURFACE_WITH_KNOTS ( ( 4, 4 ),
 ( 4, 4 ),
 ( 0.000000000000000000, 1.000000000000000000 ),
 ( 0.000000000000000000, 1.000000000000000000 ),
 .UNSPECIFIED. ) 
 GEOMETRIC_REPRESENTATION_ITEM ( )  RATIONAL_B_SPLINE_SURFACE ( (
 ( 1.000000000000000000, 0.3333333333333334259, 0.3333333333333334259, 1.000000000000000000),
 ( 0.8047378541243649375, 0.2682459513747884050, 0.2682459513747884050, 0.8047378541243649375),
 ( 0.8047378541243649375, 0.2682459513747884050, 0.2682459513747884050, 0.8047378541243649375),
 ( 1.000000000000000000, 0.3333333333333334259, 0.3333333333333334259, 1.000000000000000000) ) ) 
 REPRESENTATION_ITEM ( '' )  SURFACE ( )  );
#5892 = PRESENTATION_STYLE_ASSIGNMENT (( #4481 ) ) ;
#5893 = SURFACE_STYLE_FILL_AREA ( #7996 ) ;
#5894 = CARTESIAN_POINT ( 'NONE',  ( -2.000000000000001332, 4.000000000000002665, 23.10000000000000142 ) ) ;
#5895 = PRESENTATION_STYLE_ASSIGNMENT (( #8631 ) ) ;
#5896 = CARTESIAN_POINT ( 'NONE',  ( 1.991024127276459943, -0.2319425520477479963, 3.562213304289150173 ) ) ;
#5897 = CARTESIAN_POINT ( 'NONE',  ( 1.193545278572922586, 2.576699299235499563, 0.7666085965705949912 ) ) ;
#5898 = CARTESIAN_POINT ( 'NONE',  ( -2.413192986005300966, -1.192055098413548730, 1.944948958572229936 ) ) ;
#5899 = ORIENTED_EDGE ( 'NONE', *, *, #4854, .T. ) ;
#5900 = CARTESIAN_POINT ( 'NONE',  ( -2.379999999999999893, -0.5849999999999999645, -2.754830917718800176 ) ) ;
#5901 = CARTESIAN_POINT ( 'NONE',  ( 2.327521215986906533, 1.192016285742858450, 3.562213304289150173 ) ) ;
#5902 = CARTESIAN_POINT ( 'NONE',  ( -1.437991972547056019, 6.573091062385972627, 19.80000000000000071 ) ) ;
#5903 = CARTESIAN_POINT ( 'NONE',  ( 0.7901744029140468362, 2.372492821296373400, 23.60000000000000142 ) ) ;
#5904 = B_SPLINE_CURVE_WITH_KNOTS ( 'NONE', 3,
 ( #875, #789, #834, #4764 ),
 .UNSPECIFIED., .F., .F.,
 ( 4, 4 ),
 ( 8.741117365843378158E-19, 0.0001006785735049273866 ),
 .UNSPECIFIED. ) ;
#5905 = CARTESIAN_POINT ( 'NONE',  ( -2.003134247616209951, -1.095767915563090167, 0.7659099622955359843 ) ) ;
#5906 = ORIENTED_EDGE ( 'NONE', *, *, #6803, .F. ) ;
#5907 = AXIS2_PLACEMENT_3D ( 'NONE', #3677, #7814, #6392 ) ;
#5908 = B_SPLINE_SURFACE_WITH_KNOTS ( 'NONE', 3, 3, ( 
 ( #4087, #2077, #6792, #7506, #6838, #3462, #5509, #1445 ),
 ( #4179, #783, #2932, #6314, #3594, #868, #216, #6978 ),
 ( #6143, #841, #2231, #3611, #709, #6331, #7610, #5529 ),
 ( #2952, #1546, #49, #2271, #3517, #4993, #6857, #2754 ),
 ( #7711, #3567, #191, #2801, #3478, #6192, #4240, #8203 ),
 ( #6286, #4945, #7659, #885, #97, #2093, #4286, #4152 ),
 ( #6995, #233, #754, #8251, #7570, #1460, #6900, #315 ),
 ( #4368, #4506, #7881, #8519, #1104, #3174, #2500, #5077 ),
 ( #6504, #3043, #7080, #7934, #4323, #972, #7042, #5742 ),
 ( #926, #1012, #8478, #6369, #1672, #3742, #6456, #351 ) ),
 .UNSPECIFIED., .F., .F., .F.,
 ( 4, 3, 3, 4 ),
 ( 4, 1, 1, 1, 1, 4 ),
 ( -0.01009999999999999960, 0.000000000000000000, 1.000000000000000000, 1.010000000000000009 ),
 ( 0.000000000000000000, 0.1386939662306169996, 0.2773879324612339992, 0.5547758649224689975, 0.8321637973837030522, 0.9708577636143199685 ),
 .UNSPECIFIED. ) ;
#5909 = CARTESIAN_POINT ( 'NONE',  ( 4.409532436802678923, -8.819064873605361399, 2.979520568619147269 ) ) ;
#5910 = ORIENTED_EDGE ( 'NONE', *, *, #5929, .F. ) ;
#5911 = CARTESIAN_POINT ( 'NONE',  ( -1.169999999999999929, 2.672499999999999876, 0.1648747531013459999 ) ) ;
#5912 = PLANE ( 'NONE',  #4970 ) ;
#5913 = CARTESIAN_POINT ( 'NONE',  ( 0.4070402761698682648, 2.567283871052657318, 18.50000000000000000 ) ) ;
#5914 = ORIENTED_EDGE ( 'NONE', *, *, #166, .T. ) ;
#5915 = FILL_AREA_STYLE_COLOUR ( '', #4115 ) ;
#5916 = CARTESIAN_POINT ( 'NONE',  ( -0.8569756831737660452, 1.852421902102040052, 2.444599270131050162 ) ) ;
#5917 = EDGE_CURVE ( 'NONE', #4351, #8184, #2298, .T. ) ;
#5918 = FILL_AREA_STYLE_COLOUR ( '', #6372 ) ;
#5919 = FACE_OUTER_BOUND ( 'NONE', #517, .T. ) ;
#5920 = ORIENTED_EDGE ( 'NONE', *, *, #1030, .T. ) ;
#5921 = CARTESIAN_POINT ( 'NONE',  ( -1.169984342757793394, 2.338633519183450193, 3.462676754535161106 ) ) ;
#5922 = PRESENTATION_STYLE_ASSIGNMENT (( #8576 ) ) ;
#5923 = CARTESIAN_POINT ( 'NONE',  ( -2.083599999999999675, -1.169999999999999929, 0.1648747531013350087 ) ) ;
#5924 = AXIS2_PLACEMENT_3D ( 'NONE', #2586, #4107, #1907 ) ;
#5925 = DIRECTION ( 'NONE',  ( 0.000000000000000000, 0.000000000000000000, 1.000000000000000000 ) ) ;
#5926 = CARTESIAN_POINT ( 'NONE',  ( 0.8949128021042527248, 1.788719077116844636, 3.461860890506198274 ) ) ;
#5927 = SURFACE_STYLE_FILL_AREA ( #5796 ) ;
#5928 = CIRCLE ( 'NONE', #7667, 0.02499999999999984873 ) ;
#5929 = EDGE_CURVE ( 'NONE', #5938, #1897, #8552, .T. ) ;
#5930 = CARTESIAN_POINT ( 'NONE',  ( 2.159300647034990028, -1.079426795601579947, 3.047097973953280192 ) ) ;
#5931 = CARTESIAN_POINT ( 'NONE',  ( 2.000000000000000000, 0.000000000000000000, 18.51035533905932695 ) ) ;
#5932 = DIRECTION ( 'NONE',  ( -1.000000000000000000, 1.224646799147373422E-16, 0.000000000000000000 ) ) ;
#5933 = CARTESIAN_POINT ( 'NONE',  ( -4.409532436802680699, 5.400119784466831904E-16, 2.994165229559819341 ) ) ;
#5934 = CARTESIAN_POINT ( 'NONE',  ( -6.498375122479583155, -1.755176730644595562, 19.80000000000000071 ) ) ;
#5935 = AXIS2_PLACEMENT_3D ( 'NONE', #8511, #386, #474 ) ;
#5936 = CARTESIAN_POINT ( 'NONE',  ( 1.192162333083014447, 2.327447558801256644, 3.562213304289150173 ) ) ;
#5937 = CARTESIAN_POINT ( 'NONE',  ( -2.550642725190160220, -0.6024452589490120191, 3.562213304289150173 ) ) ;
#5938 = VERTEX_POINT ( 'NONE', #1655 ) ;
#5939 = CARTESIAN_POINT ( 'NONE',  ( 5.158701233528143248, -0.9750296006451373287, 23.60000000000000497 ) ) ;
#5940 = CARTESIAN_POINT ( 'NONE',  ( 2.672499999999999876, 0.5849999999999999645, 0.000000000000000000 ) ) ;
#5941 = STYLED_ITEM ( 'NONE', ( #781 ), #3876 ) ;
#5942 =( BOUNDED_SURFACE ( )  B_SPLINE_SURFACE ( 3, 3, ( 
 ( #3977, #8206, #3393, #4106 ),
 ( #2095, #9, #4816, #1420 ),
 ( #5389, #8779, #6811, #2663 ),
 ( #4156, #3482, #1278, #757 ) ),
 .UNSPECIFIED., .F., .F., .F. ) 
 B_SPLINE_SURFACE_WITH_KNOTS ( ( 4, 4 ),
 ( 4, 4 ),
 ( 0.000000000000000000, 1.000000000000000000 ),
 ( 0.000000000000000000, 1.000000000000000000 ),
 .UNSPECIFIED. ) 
 GEOMETRIC_REPRESENTATION_ITEM ( )  RATIONAL_B_SPLINE_SURFACE ( (
 ( 1.000000000000000000, 0.3333333333333334259, 0.3333333333333334259, 1.000000000000000000),
 ( 0.8047378541243654926, 0.2682459513747885715, 0.2682459513747885715, 0.8047378541243654926),
 ( 0.8047378541243654926, 0.2682459513747885715, 0.2682459513747885715, 0.8047378541243654926),
 ( 1.000000000000000000, 0.3333333333333334259, 0.3333333333333334259, 1.000000000000000000) ) ) 
 REPRESENTATION_ITEM ( '' )  SURFACE ( )  );
#5943 = MECHANICAL_DESIGN_GEOMETRIC_PRESENTATION_REPRESENTATION (  '', ( #8662 ), #7954 ) ;
#5944 = CARTESIAN_POINT ( 'NONE',  ( 0.4109809819331288749, 6.724967589189896344, 19.80000000000000071 ) ) ;
#5945 = FACE_OUTER_BOUND ( 'NONE', #4699, .T. ) ;
#5946 = CARTESIAN_POINT ( 'NONE',  ( -2.011543708704766953, 1.523885159939848633, 23.59999999999999787 ) ) ;
#5947 = CARTESIAN_POINT ( 'NONE',  ( -1.950268328113850202, -0.4630684881388320018, 3.391484666840950180 ) ) ;
#5948 = ORIENTED_EDGE ( 'NONE', *, *, #3750, .T. ) ;
#5949 = MECHANICAL_DESIGN_GEOMETRIC_PRESENTATION_REPRESENTATION (  '', ( #2538 ), #267 ) ;
#5950 = DIRECTION ( 'NONE',  ( 0.000000000000000000, 0.000000000000000000, 1.000000000000000000 ) ) ;
#5951 = CARTESIAN_POINT ( 'NONE',  ( 2.068842596427933778, -1.709419751725309133, 4.062213304289150173 ) ) ;
#5952 = UNCERTAINTY_MEASURE_WITH_UNIT (LENGTH_MEASURE( 1.000000000000000082E-05 ), #5011, 'distance_accuracy_value', 'NONE');
#5953 = CARTESIAN_POINT ( 'NONE',  ( 1.035999376088399981E-16, 2.672499999999999876, 0.1698237983775840176 ) ) ;
#5954 = ORIENTED_EDGE ( 'NONE', *, *, #4466, .F. ) ;
#5955 = VECTOR ( 'NONE', #4632, 1000.000000000000114 ) ;
#5956 = FILL_AREA_STYLE ('',( #2083 ) ) ;
#5957 = CARTESIAN_POINT ( 'NONE',  ( 0.9079067070190203204, -1.782062237513716285, 3.391484666840927531 ) ) ;
#5958 = VECTOR ( 'NONE', #6228, 1000.000000000000000 ) ;
#5959 = CARTESIAN_POINT ( 'NONE',  ( 1.996407488399249752, -0.2524308752719520155, 1.943675179695550037 ) ) ;
#5960 = EDGE_LOOP ( 'NONE', ( #7033, #5814, #6901, #7864 ) ) ;
#5961 = CARTESIAN_POINT ( 'NONE',  ( 2.083561000000000440, 1.169999999999999929, 0.1648747531013370071 ) ) ;
#5962 = ADVANCED_FACE ( 'NONE', ( #6396 ), #8460, .T. ) ;
#5963 = APPLICATION_CONTEXT ( 'automotive_design' ) ;
#5964 = CARTESIAN_POINT ( 'NONE',  ( -1.057234743186419967, 2.069506008863120083, 0.4031326314136419731 ) ) ;
#5965 = CARTESIAN_POINT ( 'NONE',  ( -1.124036744824800760, -2.001403842519800413, 0.7659099622496845505 ) ) ;
#5966 = CARTESIAN_POINT ( 'NONE',  ( 0.2174125788124148251, 2.379999999999999893, -3.420000000000000373 ) ) ;
#5967 = MECHANICAL_DESIGN_GEOMETRIC_PRESENTATION_REPRESENTATION (  '', ( #982 ), #8381 ) ;
#5968 = MECHANICAL_DESIGN_GEOMETRIC_PRESENTATION_REPRESENTATION (  '', ( #4414 ), #2053 ) ;
#5969 = ORIENTED_EDGE ( 'NONE', *, *, #4854, .F. ) ;
#5970 = DIRECTION ( 'NONE',  ( -0.4836800446059870140, 0.000000000000000000, -0.8752448882741049596 ) ) ;
#5971 = PLANE ( 'NONE',  #5669 ) ;
#5972 = FACE_OUTER_BOUND ( 'NONE', #2300, .T. ) ;
#5973 = COLOUR_RGB ( '',0.2862745098039215508, 0.2862745098039215508, 0.2862745098039215508 ) ;
#5974 = DIRECTION ( 'NONE',  ( -1.224646799147350002E-16, -1.000000000000000000, 0.000000000000000000 ) ) ;
#5975 = FILL_AREA_STYLE_COLOUR ( '', #4685 ) ;
#5976 = SURFACE_STYLE_FILL_AREA ( #7312 ) ;
#5977 = CARTESIAN_POINT ( 'NONE',  ( 2.000000000000000888, -4.000000000000003553, 23.10000000000000142 ) ) ;
#5978 = CARTESIAN_POINT ( 'NONE',  ( 1.788691429140879974, -0.8948985806118021635, 3.462471484495599938 ) ) ;
#5979 = CARTESIAN_POINT ( 'NONE',  ( -6.749999999999997335, 13.49999999999999467, 19.78964466094066665 ) ) ;
#5980 = CARTESIAN_POINT ( 'NONE',  ( 5.542893218813452094, 0.000000000000000000, 23.60000000000000142 ) ) ;
#5981 = CARTESIAN_POINT ( 'NONE',  ( 2.505283019429175972, 0.8344827848656498626, 0.7000000000000030642 ) ) ;
#5982 = B_SPLINE_SURFACE_WITH_KNOTS ( 'NONE', 3, 3, ( 
 ( #4987, #7704, #5736, #8384 ),
 ( #2309, #2351, #2396, #2265 ),
 ( #1007, #5071, #1585, #7833 ),
 ( #7751, #3079, #4277, #6408 ),
 ( #1623, #6324, #2224, #3735 ),
 ( #965, #4317, #309, #4361 ),
 ( #7034, #7122, #7071, #3561 ),
 ( #265, #1668, #227, #4406 ) ),
 .UNSPECIFIED., .F., .F., .F.,
 ( 4, 1, 3, 4 ),
 ( 4, 4 ),
 ( 0.000000000000000000, 0.5000000000000000000, 1.000000000000000000, 1.010000000000000009 ),
 ( -0.06149384837296600209, 0.009223932269414000448 ),
 .UNSPECIFIED. ) ;
#5983 = CARTESIAN_POINT ( 'NONE',  ( -0.8930462310545883575, -1.784988274971955891, 3.462470102094563185 ) ) ;
#5984 = ORIENTED_EDGE ( 'NONE', *, *, #7712, .T. ) ;
#5985 = CARTESIAN_POINT ( 'NONE',  ( 2.379999999999999893, 0.2174125788124139924, -3.419999999999999929 ) ) ;
#5986 = CARTESIAN_POINT ( 'NONE',  ( 2.576710918852156862, 1.193390077771710356, 0.7666085965432249960 ) ) ;
#5987 = CARTESIAN_POINT ( 'NONE',  ( -2.117786523441450797, 6.384502174152371090, 19.80000000000000071 ) ) ;
#5988 = DIRECTION ( 'NONE',  ( 0.000000000000000000, 1.000000000000000000, 0.000000000000000000 ) ) ;
#5989 =( NAMED_UNIT ( * ) PLANE_ANGLE_UNIT ( ) SI_UNIT ( $, .RADIAN. ) );
#5990 = CARTESIAN_POINT ( 'NONE',  ( -2.074660049063483669, -1.176587257026158406, 0.3536250458933549723 ) ) ;
#5991 = VERTEX_POINT ( 'NONE', #5163 ) ;
#5992 = EDGE_CURVE ( 'NONE', #5387, #2501, #8225, .T. ) ;
#5993 = PRESENTATION_STYLE_ASSIGNMENT (( #1347 ) ) ;
#5994 =( NAMED_UNIT ( * ) SI_UNIT ( $, .STERADIAN. ) SOLID_ANGLE_UNIT ( ) );
#5995 = CARTESIAN_POINT ( 'NONE',  ( 0.2958611420476520149, 2.621989014204650026, 0.7666085965705939920 ) ) ;
#5996 = VERTEX_POINT ( 'NONE', #7873 ) ;
#5997 = CARTESIAN_POINT ( 'NONE',  ( 2.334793798109913165, 1.177596227698398001, 3.562183683634090325 ) ) ;
#5998 = CARTESIAN_POINT ( 'NONE',  ( 4.349385432184959654, 0.000000000000000000, 0.7000000000000030642 ) ) ;
#5999 = CARTESIAN_POINT ( 'NONE',  ( -2.461188272504367891, -3.629335136320441801, 2.969165229559819874 ) ) ;
#6000 = CARTESIAN_POINT ( 'NONE',  ( 2.075728541113849968, -0.5790106839106079484, 0.3536250458873140268 ) ) ;
#6001 = MECHANICAL_DESIGN_GEOMETRIC_PRESENTATION_REPRESENTATION (  '', ( #745 ), #1294 ) ;
#6002 = AXIS2_PLACEMENT_3D ( 'NONE', #3964, #4374, #4593 ) ;
#6003 = ORIENTED_EDGE ( 'NONE', *, *, #8346, .T. ) ;
#6004 = CARTESIAN_POINT ( 'NONE',  ( 1.786839852056417932, 0.8939724058331952605, 3.462470793294521787 ) ) ;
#6005 = DIRECTION ( 'NONE',  ( 0.000000000000000000, 0.000000000000000000, -1.000000000000000000 ) ) ;
#6006 = CARTESIAN_POINT ( 'NONE',  ( -1.196505758254154728, 2.087499999999999911, 0.000000000000000000 ) ) ;
#6007 = PRESENTATION_LAYER_ASSIGNMENT (  '', '', ( #1303 ) ) ;
#6008 = CARTESIAN_POINT ( 'NONE',  ( -1.177070959877289935, -2.087499999999999911, 0.1698237983775840176 ) ) ;
#6009 = ORIENTED_EDGE ( 'NONE', *, *, #5433, .T. ) ;
#6010 = VECTOR ( 'NONE', #1723, 1000.000000000000114 ) ;
#6011 = CARTESIAN_POINT ( 'NONE',  ( 1.788671819618407932, 0.8948891701605475868, 3.461860776390328187 ) ) ;
#6012 = PRESENTATION_STYLE_ASSIGNMENT (( #8161 ) ) ;
#6013 = SURFACE_SIDE_STYLE ('',( #572 ) ) ;
#6014 = CARTESIAN_POINT ( 'NONE',  ( 0.8951990095995895347, 1.789099157314456567, 3.316284436627039867 ) ) ;
#6015 = CARTESIAN_POINT ( 'NONE',  ( 1.790511639302145408, -0.8973655974403259572, 3.046467857036573967 ) ) ;
#6016 = LINE ( 'NONE', #1376, #310 ) ;
#6017 = DIRECTION ( 'NONE',  ( 6.123233995736769734E-17, 1.000000000000000000, 0.000000000000000000 ) ) ;
#6018 = CARTESIAN_POINT ( 'NONE',  ( 2.124171249786870330, 1.609184675334815573, 0.7000000000000030642 ) ) ;
#6019 = AXIS2_PLACEMENT_3D ( 'NONE', #2420, #4644, #1029 ) ;
#6020 = CARTESIAN_POINT ( 'NONE',  ( 1.169984342774493369, -2.338633519216837264, 3.462676754533798196 ) ) ;
#6021 = CARTESIAN_POINT ( 'NONE',  ( 1.192199963911904081, 2.413146269410483491, 1.944948958572239928 ) ) ;
#6022 = CARTESIAN_POINT ( 'NONE',  ( -2.576699233899014452, 1.193546140054249749, 0.7666085965705797811 ) ) ;
#6023 = ORIENTED_EDGE ( 'NONE', *, *, #7, .T. ) ;
#6024 = CARTESIAN_POINT ( 'NONE',  ( -2.797081394826749445, 4.443752139780166033, 23.60000000000000497 ) ) ;
#6025 =( GEOMETRIC_REPRESENTATION_CONTEXT ( 3 ) GLOBAL_UNCERTAINTY_ASSIGNED_CONTEXT ( ( #332 ) ) GLOBAL_UNIT_ASSIGNED_CONTEXT ( ( #4364, #2139, #6327 ) ) REPRESENTATION_CONTEXT ( 'NONE', 'WORKASPACE' ) );
#6026 = CARTESIAN_POINT ( 'NONE',  ( 2.550642725194840033, -0.6024452589504289968, 3.562213304289150173 ) ) ;
#6027 = CARTESIAN_POINT ( 'NONE',  ( 4.365172639702910473, -3.801858157937350491, 19.79999999999999716 ) ) ;
#6028 = PRESENTATION_LAYER_ASSIGNMENT (  '', '', ( #5885 ) ) ;
#6029 = ADVANCED_FACE ( 'NONE', ( #306 ), #5342, .T. ) ;
#6030 = CARTESIAN_POINT ( 'NONE',  ( -1.881671994199529907, -0.6888338008216090547, 3.022064739160810198 ) ) ;
#6031 = ORIENTED_EDGE ( 'NONE', *, *, #2116, .T. ) ;
#6032 = CARTESIAN_POINT ( 'NONE',  ( 5.750000000000000888, 0.000000000000000000, 19.81035533905933121 ) ) ;
#6033 = CARTESIAN_POINT ( 'NONE',  ( -4.373642825351914176, 5.356167686681007609E-16, 0.7189519526503383995 ) ) ;
#6034 = UNCERTAINTY_MEASURE_WITH_UNIT (LENGTH_MEASURE( 1.000000000000000082E-05 ), #6220, 'distance_accuracy_value', 'NONE');
#6035 = CARTESIAN_POINT ( 'NONE',  ( -0.8962147098569599457, 2.463001231555100645, 3.562213304289150173 ) ) ;
#6036 = VERTEX_POINT ( 'NONE', #6746 ) ;
#6037 = SURFACE_STYLE_FILL_AREA ( #3337 ) ;
#6038 = SURFACE_SIDE_STYLE ('',( #2646 ) ) ;
#6039 = CARTESIAN_POINT ( 'NONE',  ( 2.672499999999999876, -6.131922949188075648E-07, 0.000000000000000000 ) ) ;
#6040 = CARTESIAN_POINT ( 'NONE',  ( -2.672499999999999876, 0.5849999999999999645, -2.754830917718800176 ) ) ;
#6041 = EDGE_CURVE ( 'NONE', #6665, #4144, #2535, .T. ) ;
#6042 = CARTESIAN_POINT ( 'NONE',  ( 2.335991320139423788, -3.711185994426126733, 2.969165229559820762 ) ) ;
#6043 = CARTESIAN_POINT ( 'NONE',  ( -1.787322331100971162, 0.8975012936773194561, 3.529096751897369266 ) ) ;
#6044 =( GEOMETRIC_REPRESENTATION_CONTEXT ( 3 ) GLOBAL_UNCERTAINTY_ASSIGNED_CONTEXT ( ( #7119 ) ) GLOBAL_UNIT_ASSIGNED_CONTEXT ( ( #3197, #7354, #3859 ) ) REPRESENTATION_CONTEXT ( 'NONE', 'WORKASPACE' ) );
#6045 = EDGE_CURVE ( 'NONE', #2308, #2638, #556, .T. ) ;
#6046 = EDGE_LOOP ( 'NONE', ( #4929, #2350 ) ) ;
#6047 = CARTESIAN_POINT ( 'NONE',  ( 2.606237980178282232, 1.170385183682452368, 0.6502686501380884332 ) ) ;
#6048 = AXIS2_PLACEMENT_3D ( 'NONE', #7594, #639, #822 ) ;
#6049 = CARTESIAN_POINT ( 'NONE',  ( 0.3080437541567889737, -2.596349520844139835, 1.944948958572229936 ) ) ;
#6050 = CARTESIAN_POINT ( 'NONE',  ( -0.9136179204887756589, 1.779174313584894307, 3.562213309405399819 ) ) ;
#6051 = CARTESIAN_POINT ( 'NONE',  ( -0.9069391144576439689, -1.781472037927738006, 3.022064739156679281 ) ) ;
#6052 = VERTEX_POINT ( 'NONE', #6705 ) ;
#6053 = FILL_AREA_STYLE ('',( #6676 ) ) ;
#6054 = CARTESIAN_POINT ( 'NONE',  ( -6.750000000000000888, 8.266365894244635319E-16, 10.25102831460725916 ) ) ;
#6055 = SURFACE_SIDE_STYLE ('',( #6859 ) ) ;
#6056 = CARTESIAN_POINT ( 'NONE',  ( 0.9469208486304283579, 1.816809316811068831, 2.444599270131050162 ) ) ;
#6057 = CARTESIAN_POINT ( 'NONE',  ( 0.000000000000000000, 0.000000000000000000, 0.000000000000000000 ) ) ;
#6058 =( NAMED_UNIT ( * ) SI_UNIT ( $, .STERADIAN. ) SOLID_ANGLE_UNIT ( ) );
#6059 = CARTESIAN_POINT ( 'NONE',  ( -1.603965714669165044, -1.858020011712210318, 4.062213270710802071 ) ) ;
#6060 = CARTESIAN_POINT ( 'NONE',  ( 2.203050862919289976, -1.091879986372839895, 2.338456865402250173 ) ) ;
#6061 = LINE ( 'NONE', #4693, #6821 ) ;
#6062 = CARTESIAN_POINT ( 'NONE',  ( 1.957613739694371358, 1.049634622620879032, 1.149667910568372031 ) ) ;
#6063 = CARTESIAN_POINT ( 'NONE',  ( 6.242797228731245873, -2.500764220175951458, 19.79999999999999716 ) ) ;
#6064 = CARTESIAN_POINT ( 'NONE',  ( 1.186001537545453122, 2.672499999999999876, 0.1698237983775840176 ) ) ;
#6065 = CARTESIAN_POINT ( 'NONE',  ( -2.625221462240479919, -1.071473790944520066E-15, 0.7666085965705800032 ) ) ;
#6066 = ORIENTED_EDGE ( 'NONE', *, *, #5148, .T. ) ;
#6067 = CARTESIAN_POINT ( 'NONE',  ( -4.345725536155860880, 2.947020279112491536, 23.60000000000000497 ) ) ;
#6068 = CARTESIAN_POINT ( 'NONE',  ( 2.603219800336350254, 0.3032597336711460034, 3.562213304289150173 ) ) ;
#6069 = ADVANCED_FACE ( 'NONE', ( #3419 ), #4025, .T. ) ;
#6070 = CARTESIAN_POINT ( 'NONE',  ( 3.325078021378545579, -4.721982547269083064, 19.80000000000000071 ) ) ;
#6071 = STYLED_ITEM ( 'NONE', ( #3961 ), #6771 ) ;
#6072 = CARTESIAN_POINT ( 'NONE',  ( -1.858984235620850134, -1.075113707106919891, 3.932358714086509721 ) ) ;
#6073 = CARTESIAN_POINT ( 'NONE',  ( -3.862436505283651567, 2.084339191823749271, 2.969165229559819874 ) ) ;
#6074 = CARTESIAN_POINT ( 'NONE',  ( 6.750000000000000000, 0.000000000000000000, 10.25306961402259986 ) ) ;
#6075 = CARTESIAN_POINT ( 'NONE',  ( -2.614955567827029537, 3.202396966051921253E-16, 0.7103553390593306816 ) ) ;
#6076 = DIRECTION ( 'NONE',  ( -1.000000000000000000, -0.000000000000000000, 0.000000000000000000 ) ) ;
#6077 = CARTESIAN_POINT ( 'NONE',  ( -2.086482911544612850, -1.169085821587803942, 0.1455093152025425662 ) ) ;
#6078 = CARTESIAN_POINT ( 'NONE',  ( -2.639955567827029892, 3.233013136030605631E-16, 0.7000000000000030642 ) ) ;
#6079 = CARTESIAN_POINT ( 'NONE',  ( 1.508087747605519890, -1.249691179614720093, 4.062213304289150173 ) ) ;
#6080 =( NAMED_UNIT ( * ) PLANE_ANGLE_UNIT ( ) SI_UNIT ( $, .RADIAN. ) );
#6081 = EDGE_CURVE ( 'NONE', #5996, #973, #1659, .T. ) ;
#6082 = CARTESIAN_POINT ( 'NONE',  ( -0.5849999999999999645, 2.672499999999999876, 0.000000000000000000 ) ) ;
#6083 = EDGE_LOOP ( 'NONE', ( #264, #6660, #3180, #7520 ) ) ;
#6084 = CARTESIAN_POINT ( 'NONE',  ( -5.166219829360232829, -0.9343993928229673562, 23.59999999999999787 ) ) ;
#6085 = STYLED_ITEM ( 'NONE', ( #6125 ), #6069 ) ;
#6086 = CARTESIAN_POINT ( 'NONE',  ( 1.079457809251219924, 2.159409603357279828, 3.044043887592430497 ) ) ;
#6087 = CARTESIAN_POINT ( 'NONE',  ( -0.2174125788124139924, 2.672499999999999876, -3.419999999999999929 ) ) ;
#6088 = CARTESIAN_POINT ( 'NONE',  ( -3.210355339059327129, 3.931551390104621498E-16, 2.969165229559819430 ) ) ;
#6089 =( GEOMETRIC_REPRESENTATION_CONTEXT ( 3 ) GLOBAL_UNCERTAINTY_ASSIGNED_CONTEXT ( ( #5334 ) ) GLOBAL_UNIT_ASSIGNED_CONTEXT ( ( #1979, #4755, #6926 ) ) REPRESENTATION_CONTEXT ( 'NONE', 'WORKASPACE' ) );
#6090 = CARTESIAN_POINT ( 'NONE',  ( -2.081649999999999778, 1.169999999999999929, 0.000000000000000000 ) ) ;
#6091 = AXIS2_PLACEMENT_3D ( 'NONE', #2693, #2791, #6845 ) ;
#6092 = VERTEX_POINT ( 'NONE', #4308 ) ;
#6093 = CARTESIAN_POINT ( 'NONE',  ( 2.393656032050456073, 1.172343600408814579, 2.338877316301400722 ) ) ;
#6094 = EDGE_CURVE ( 'NONE', #308, #184, #2783, .T. ) ;
#6095 = CARTESIAN_POINT ( 'NONE',  ( 1.084727009651530016, -2.381627594571409823, 3.562213304289150173 ) ) ;
#6096 =( NAMED_UNIT ( * ) PLANE_ANGLE_UNIT ( ) SI_UNIT ( $, .RADIAN. ) );
#6097 = CARTESIAN_POINT ( 'NONE',  ( -0.8257089790025500253, -1.823234047807470004, 3.562213304289150173 ) ) ;
#6098 = CIRCLE ( 'NONE', #7373, 3.200000000000000178 ) ;
#6099 = STYLED_ITEM ( 'NONE', ( #2774 ), #8673 ) ;
#6100 = CARTESIAN_POINT ( 'NONE',  ( -2.342543500777550580, -1.169999999999999929, 3.046333366643040108 ) ) ;
#6101 = LINE ( 'NONE', #8162, #1117 ) ;
#6102 = APPLICATION_PROTOCOL_DEFINITION ( 'draft international standard', 'automotive_design', 1998, #5963 ) ;
#6103 =( LENGTH_UNIT ( ) NAMED_UNIT ( * ) SI_UNIT ( .MILLI., .METRE. ) );
#6104 = SURFACE_SIDE_STYLE ('',( #3398 ) ) ;
#6105 = STYLED_ITEM ( 'NONE', ( #416 ), #1934 ) ;
#6106 = CARTESIAN_POINT ( 'NONE',  ( 5.597725479944639204, -3.727500085888324488, 19.80000000000000426 ) ) ;
#6107 = CARTESIAN_POINT ( 'NONE',  ( 0.000000000000000000, 0.000000000000000000, 18.50000000000000000 ) ) ;
#6108 = FACE_OUTER_BOUND ( 'NONE', #1105, .T. ) ;
#6109 = CARTESIAN_POINT ( 'NONE',  ( -2.672499999999999876, 1.627999019568430081E-16, 0.000000000000000000 ) ) ;
#6110 = VERTEX_POINT ( 'NONE', #3636 ) ;
#6111 = CARTESIAN_POINT ( 'NONE',  ( 0.000000000000000000, 0.000000000000000000, 23.10000000000000142 ) ) ;
#6112 = CARTESIAN_POINT ( 'NONE',  ( 2.672499999999999876, -0.5849999999999999645, 0.000000000000000000 ) ) ;
#6113 = STYLED_ITEM ( 'NONE', ( #895 ), #1618 ) ;
#6114 = CARTESIAN_POINT ( 'NONE',  ( -0.8985831853935968283, -5.704963427000939724, 19.80000000000000426 ) ) ;
#6115 =( GEOMETRIC_REPRESENTATION_CONTEXT ( 3 ) GLOBAL_UNCERTAINTY_ASSIGNED_CONTEXT ( ( #1401 ) ) GLOBAL_UNIT_ASSIGNED_CONTEXT ( ( #3609, #3040, #6413 ) ) REPRESENTATION_CONTEXT ( 'NONE', 'WORKASPACE' ) );
#6116 = CARTESIAN_POINT ( 'NONE',  ( -1.706197740892970049, -0.8536351487294490115, 3.461736865323250090 ) ) ;
#6117 = CARTESIAN_POINT ( 'NONE',  ( -3.358601477885873710, 2.825663160903574500, 2.969165229559820318 ) ) ;
#6118 = FACE_OUTER_BOUND ( 'NONE', #4576, .T. ) ;
#6119 = CARTESIAN_POINT ( 'NONE',  ( 2.614955567827029093, -5.229911135654059962, 0.7250000000000034195 ) ) ;
#6120 = ORIENTED_EDGE ( 'NONE', *, *, #1728, .T. ) ;
#6121 = EDGE_CURVE ( 'NONE', #6092, #1231, #7789, .T. ) ;
#6122 = UNCERTAINTY_MEASURE_WITH_UNIT (LENGTH_MEASURE( 1.000000000000000082E-05 ), #8117, 'distance_accuracy_value', 'NONE');
#6123 = CARTESIAN_POINT ( 'NONE',  ( -2.077822417588361503, -1.161058283247918599, 0.2899169004931896332 ) ) ;
#6124 = CARTESIAN_POINT ( 'NONE',  ( 3.199999999999997069, 6.399999999999991473, 23.10000000000000142 ) ) ;
#6125 = PRESENTATION_STYLE_ASSIGNMENT (( #689 ) ) ;
#6126 = CARTESIAN_POINT ( 'NONE',  ( -4.399177097743354636, -8.798354195486705720, 2.969165229559820318 ) ) ;
#6127 = UNCERTAINTY_MEASURE_WITH_UNIT (LENGTH_MEASURE( 1.000000000000000082E-05 ), #8553, 'distance_accuracy_value', 'NONE');
#6128 = CARTESIAN_POINT ( 'NONE',  ( -0.6082549803533709998, 2.558997815594679981, 1.944948958572239928 ) ) ;
#6129 = EDGE_LOOP ( 'NONE', ( #6505, #749, #813, #2072 ) ) ;
#6130 = CARTESIAN_POINT ( 'NONE',  ( -5.750000000000002665, -11.50000000000000000, 19.81035533905932766 ) ) ;
#6131 = COLOUR_RGB ( '',0.2862745098039215508, 0.2862745098039215508, 0.2862745098039215508 ) ;
#6132 = LINE ( 'NONE', #4138, #3811 ) ;
#6133 = SURFACE_STYLE_FILL_AREA ( #5956 ) ;
#6134 = CIRCLE ( 'NONE', #7705, 6.750000000000000000 ) ;
#6135 = CARTESIAN_POINT ( 'NONE',  ( -2.524826824059452690, -3.585405391891613558, 2.969165229559819874 ) ) ;
#6136 = CARTESIAN_POINT ( 'NONE',  ( 2.678350000000000453, -1.169999999999999929, 0.000000000000000000 ) ) ;
#6137 = ORIENTED_EDGE ( 'NONE', *, *, #3823, .F. ) ;
#6138 = FACE_OUTER_BOUND ( 'NONE', #3696, .T. ) ;
#6139 = CARTESIAN_POINT ( 'NONE',  ( 1.177287403413959987, -2.334133007360299938, 3.023199761058580126 ) ) ;
#6140 = CARTESIAN_POINT ( 'NONE',  ( -1.173535479938649928, -2.087499999999999911, 0.1698237983775840176 ) ) ;
#6141 = CARTESIAN_POINT ( 'NONE',  ( 2.007773820587180680, -1.675361724247733441, 4.062213304289150173 ) ) ;
#6142 = CARTESIAN_POINT ( 'NONE',  ( -1.169999999999999707, 2.087499999999999467, 0.07353699572537102103 ) ) ;
#6143 = CARTESIAN_POINT ( 'NONE',  ( 1.169999999999999929, -2.085530499999999954, 0.000000000000000000 ) ) ;
#6144 = ORIENTED_EDGE ( 'NONE', *, *, #8019, .T. ) ;
#6145 = DIRECTION ( 'NONE',  ( -1.000000000000000000, 1.836970198721029934E-16, 0.000000000000000000 ) ) ;
#6146 = SURFACE_STYLE_FILL_AREA ( #3186 ) ;
#6147 = PRESENTATION_STYLE_ASSIGNMENT (( #3352 ) ) ;
#6148 =( GEOMETRIC_REPRESENTATION_CONTEXT ( 3 ) GLOBAL_UNCERTAINTY_ASSIGNED_CONTEXT ( ( #784 ) ) GLOBAL_UNIT_ASSIGNED_CONTEXT ( ( #5266, #1158, #7990 ) ) REPRESENTATION_CONTEXT ( 'NONE', 'WORKASPACE' ) );
#6149 = FILL_AREA_STYLE_COLOUR ( '', #1815 ) ;
#6150 = FILL_AREA_STYLE_COLOUR ( '', #5107 ) ;
#6151 = PRESENTATION_STYLE_ASSIGNMENT (( #6199 ) ) ;
#6152 = PRODUCT_CONTEXT ( 'NONE', #5634, 'mechanical' ) ;
#6153 = DIRECTION ( 'NONE',  ( 0.000000000000000000, 0.000000000000000000, 1.000000000000000000 ) ) ;
#6154 =( NAMED_UNIT ( * ) PLANE_ANGLE_UNIT ( ) SI_UNIT ( $, .RADIAN. ) );
#6155 = EDGE_CURVE ( 'NONE', #3793, #6370, #2255, .T. ) ;
#6156 = CARTESIAN_POINT ( 'NONE',  ( -2.320624381392880853, -1.310362178465652061, 0.7000000000000030642 ) ) ;
#6157 = FACE_OUTER_BOUND ( 'NONE', #7974, .T. ) ;
#6158 = CARTESIAN_POINT ( 'NONE',  ( 6.724999999999999645, 0.2055781014357065672, 19.79999999999999716 ) ) ;
#6159 = CARTESIAN_POINT ( 'NONE',  ( 1.390246755813714818, 1.437780914447476022, 4.062213304289152838 ) ) ;
#6160 = SURFACE_STYLE_FILL_AREA ( #1961 ) ;
#6161 = CARTESIAN_POINT ( 'NONE',  ( -2.672499999999999876, 0.8801900240656430618, 0.1698237983775840176 ) ) ;
#6162 = ORIENTED_EDGE ( 'NONE', *, *, #4666, .T. ) ;
#6163 = CARTESIAN_POINT ( 'NONE',  ( 0.6399042074498842991, 5.220751920110851430, 23.60000000000000142 ) ) ;
#6164 = CARTESIAN_POINT ( 'NONE',  ( 2.659913825589879988, -0.2924080878998620014, 0.3537504162854430145 ) ) ;
#6165 = AXIS2_PLACEMENT_3D ( 'NONE', #2148, #4733, #4023 ) ;
#6166 = CARTESIAN_POINT ( 'NONE',  ( -1.858020011712220310, -1.603965714669165044, 4.062213270710802071 ) ) ;
#6167 = CARTESIAN_POINT ( 'NONE',  ( 2.499999999999999556, 0.3180842364212971840, 23.59999999999999432 ) ) ;
#6168 = FILL_AREA_STYLE_COLOUR ( '', #859 ) ;
#6169 = FILL_AREA_STYLE ('',( #3415 ) ) ;
#6170 = MECHANICAL_DESIGN_GEOMETRIC_PRESENTATION_REPRESENTATION (  '', ( #1190 ), #5462 ) ;
#6171 = CARTESIAN_POINT ( 'NONE',  ( -0.5849999999999999645, 2.087499999999999911, -2.754830917718800176 ) ) ;
#6172 = SURFACE_SIDE_STYLE ('',( #3460 ) ) ;
#6173 = CARTESIAN_POINT ( 'NONE',  ( -2.087499999999999911, -0.5849999999999999645, -2.754830917718800176 ) ) ;
#6174 =( LENGTH_UNIT ( ) NAMED_UNIT ( * ) SI_UNIT ( .MILLI., .METRE. ) );
#6175 = CARTESIAN_POINT ( 'NONE',  ( 1.084727213822179959, 2.381627506421760021, 3.562213304289150173 ) ) ;
#6176 = ORIENTED_EDGE ( 'NONE', *, *, #8444, .F. ) ;
#6177 = DIRECTION ( 'NONE',  ( -6.123233995736769734E-17, -1.000000000000000000, 0.000000000000000000 ) ) ;
#6178 = VECTOR ( 'NONE', #1053, 1000.000000000000000 ) ;
#6179 = DIRECTION ( 'NONE',  ( -0.000000000000000000, -0.000000000000000000, -1.000000000000000000 ) ) ;
#6180 = CARTESIAN_POINT ( 'NONE',  ( 1.151950685148906528, 2.067750543068564539, 0.3635703396121557907 ) ) ;
#6181 = CARTESIAN_POINT ( 'NONE',  ( -3.210355339059328017, -6.420710678118652481, 2.969165229559819430 ) ) ;
#6182 =( BOUNDED_CURVE ( )  B_SPLINE_CURVE ( 3, ( #6669, #7089, #6378, #282 ),
 .UNSPECIFIED., .F., .F. ) 
 B_SPLINE_CURVE_WITH_KNOTS ( ( 4, 4 ),
 ( 0.000000000000000000, 1.000000000000000000 ),
 .UNSPECIFIED. ) 
 CURVE ( )  GEOMETRIC_REPRESENTATION_ITEM ( )  RATIONAL_B_SPLINE_CURVE ( ( 1.000000000000000000, 0.3333333333333333703, 0.3333333333333333703, 1.000000000000000000 ) ) 
 REPRESENTATION_ITEM ( '' )  );
#6183 =( LENGTH_UNIT ( ) NAMED_UNIT ( * ) SI_UNIT ( .MILLI., .METRE. ) );
#6184 = CARTESIAN_POINT ( 'NONE',  ( 2.676400000000000112, -1.169999999999999929, 0.000000000000000000 ) ) ;
#6185 = SURFACE_STYLE_FILL_AREA ( #6848 ) ;
#6186 = ORIENTED_EDGE ( 'NONE', *, *, #5379, .F. ) ;
#6187 = CARTESIAN_POINT ( 'NONE',  ( 1.788691429140879974, 0.8948985806118021635, 3.462471484495039942 ) ) ;
#6188 = CARTESIAN_POINT ( 'NONE',  ( 1.079377854963410099, -2.585246332643019951, 0.7666085965705830008 ) ) ;
#6189 = CARTESIAN_POINT ( 'NONE',  ( -1.169999999999999929, 2.081589360120038368, 0.000000000000000000 ) ) ;
#6190 = CARTESIAN_POINT ( 'NONE',  ( -0.5501072345637499916, -2.029507080744529901, 0.7659099622496909898 ) ) ;
#6191 = SURFACE_STYLE_FILL_AREA ( #7076 ) ;
#6192 = CARTESIAN_POINT ( 'NONE',  ( 0.9888054282976049825, -1.975751120317989828, 2.938783810662390028 ) ) ;
#6193 = EDGE_LOOP ( 'NONE', ( #4097, #2395, #7562, #8084 ) ) ;
#6194 = CARTESIAN_POINT ( 'NONE',  ( -0.2174125788124139647, 2.672499999999999876, -3.419999999999999929 ) ) ;
#6195 = FILL_AREA_STYLE ('',( #8070 ) ) ;
#6196 = EDGE_CURVE ( 'NONE', #8566, #8016, #3238, .T. ) ;
#6197 = CARTESIAN_POINT ( 'NONE',  ( 1.858984235620850134, 1.075113707106919891, 3.932358714086509721 ) ) ;
#6198 = DIRECTION ( 'NONE',  ( 1.836970198721029934E-16, 1.000000000000000000, -0.000000000000000000 ) ) ;
#6199 = SURFACE_STYLE_USAGE ( .BOTH. , #6013 ) ;
#6200 = APPLICATION_PROTOCOL_DEFINITION ( 'draft international standard', 'automotive_design', 1998, #6425 ) ;
#6201 =( NAMED_UNIT ( * ) PLANE_ANGLE_UNIT ( ) SI_UNIT ( $, .RADIAN. ) );
#6202 = CARTESIAN_POINT ( 'NONE',  ( 1.788658612597950670, -0.8964508080759019393, 3.046464690934957531 ) ) ;
#6203 = DIRECTION ( 'NONE',  ( -0.000000000000000000, -0.000000000000000000, -1.000000000000000000 ) ) ;
#6204 = CARTESIAN_POINT ( 'NONE',  ( 2.437563335050733304, -1.013995276389541900, 0.7000000000000030642 ) ) ;
#6205 = CARTESIAN_POINT ( 'NONE',  ( 1.046424298200612446, -6.643440220090869097, 19.80000000000000426 ) ) ;
#6206 = LINE ( 'NONE', #3404, #8150 ) ;
#6207 = CARTESIAN_POINT ( 'NONE',  ( -2.672499999999999876, 1.186002410681188612, 0.1698237983775840176 ) ) ;
#6208 = ORIENTED_EDGE ( 'NONE', *, *, #4626, .T. ) ;
#6209 = CARTESIAN_POINT ( 'NONE',  ( -1.264644288245708514, -2.291413738243337495, 3.831569071829665329 ) ) ;
#6210 = EDGE_CURVE ( 'NONE', #6756, #5178, #1380, .T. ) ;
#6211 = CARTESIAN_POINT ( 'NONE',  ( 2.672499999999999876, -0.8801899148403750095, 0.1698237983775840176 ) ) ;
#6212 = SURFACE_SIDE_STYLE ('',( #6300 ) ) ;
#6213 = CARTESIAN_POINT ( 'NONE',  ( -2.338610563973460010, 1.170108468000919943, 3.619679129526180539 ) ) ;
#6214 = DIRECTION ( 'NONE',  ( 1.000000000000000000, -1.407217660367090205E-16, 7.776601838587675158E-17 ) ) ;
#6215 = CARTESIAN_POINT ( 'NONE',  ( -1.155811644262027205, 4.233860655492365233, 2.969165229559820318 ) ) ;
#6216 = CARTESIAN_POINT ( 'NONE',  ( -2.639955567827029892, 3.233013136030605631E-16, 0.7000000000000030642 ) ) ;
#6217 = DIRECTION ( 'NONE',  ( 0.000000000000000000, 0.000000000000000000, 1.000000000000000000 ) ) ;
#6218 = UNCERTAINTY_MEASURE_WITH_UNIT (LENGTH_MEASURE( 1.000000000000000082E-05 ), #8447, 'distance_accuracy_value', 'NONE');
#6219 = CARTESIAN_POINT ( 'NONE',  ( -1.180709298228109994, 2.069736196554520014, 3.932447788256479448 ) ) ;
#6220 =( LENGTH_UNIT ( ) NAMED_UNIT ( * ) SI_UNIT ( .MILLI., .METRE. ) );
#6221 = LINE ( 'NONE', #4881, #3825 ) ;
#6222 = UNCERTAINTY_MEASURE_WITH_UNIT (LENGTH_MEASURE( 1.000000000000000082E-05 ), #991, 'distance_accuracy_value', 'NONE');
#6223 = VERTEX_POINT ( 'NONE', #81 ) ;
#6224 = SURFACE_SIDE_STYLE ('',( #6037 ) ) ;
#6225 = CARTESIAN_POINT ( 'NONE',  ( 1.169999999999999929, 2.083561000000000440, 0.1648747531013440015 ) ) ;
#6226 = VECTOR ( 'NONE', #3110, 1000.000000000000000 ) ;
#6227 = FILL_AREA_STYLE ('',( #8241 ) ) ;
#6228 = DIRECTION ( 'NONE',  ( 0.000000000000000000, -0.000000000000000000, 1.000000000000000000 ) ) ;
#6229 = PRESENTATION_LAYER_ASSIGNMENT (  '', '', ( #4378 ) ) ;
#6230 = ORIENTED_EDGE ( 'NONE', *, *, #4475, .T. ) ;
#6231 = CARTESIAN_POINT ( 'NONE',  ( 2.342331309841372722, 1.171834009462587867, 3.462678160293597873 ) ) ;
#6232 = CARTESIAN_POINT ( 'NONE',  ( 1.177938271330200015, -2.577867702959829810, 0.7666085965705830008 ) ) ;
#6233 = FACE_BOUND ( 'NONE', #1096, .T. ) ;
#6234 =( BOUNDED_SURFACE ( )  B_SPLINE_SURFACE ( 3, 3, ( 
 ( #8630, #3720, #5894, #459 ),
 ( #2518, #5232, #1168, #374 ),
 ( #2426, #3062, #5764, #1740 ),
 ( #3900, #7150, #7236, #7956 ) ),
 .UNSPECIFIED., .F., .F., .F. ) 
 B_SPLINE_SURFACE_WITH_KNOTS ( ( 4, 4 ),
 ( 4, 4 ),
 ( 0.000000000000000000, 1.000000000000000000 ),
 ( 0.000000000000000000, 1.000000000000000000 ),
 .UNSPECIFIED. ) 
 GEOMETRIC_REPRESENTATION_ITEM ( )  RATIONAL_B_SPLINE_SURFACE ( (
 ( 1.000000000000000000, 0.3333333333333334259, 0.3333333333333334259, 1.000000000000000000),
 ( 0.8047378541243649375, 0.2682459513747884050, 0.2682459513747884050, 0.8047378541243649375),
 ( 0.8047378541243649375, 0.2682459513747884050, 0.2682459513747884050, 0.8047378541243649375),
 ( 1.000000000000000000, 0.3333333333333334259, 0.3333333333333334259, 1.000000000000000000) ) ) 
 REPRESENTATION_ITEM ( '' )  SURFACE ( )  );
#6235 = CARTESIAN_POINT ( 'NONE',  ( 1.180606063034020048, -2.087499999999999911, 0.1698237983775840176 ) ) ;
#6236 = FILL_AREA_STYLE ('',( #2992 ) ) ;
#6237 = STYLED_ITEM ( 'NONE', ( #32 ), #6473 ) ;
#6238 = ORIENTED_EDGE ( 'NONE', *, *, #3885, .T. ) ;
#6239 = EDGE_CURVE ( 'NONE', #8509, #732, #2931, .T. ) ;
#6240 = VERTEX_POINT ( 'NONE', #4133 ) ;
#6241 = CARTESIAN_POINT ( 'NONE',  ( -1.178070072366089960, 2.672499999999999876, 0.000000000000000000 ) ) ;
#6242 = DIRECTION ( 'NONE',  ( 1.000000000000000000, 0.000000000000000000, 0.000000000000000000 ) ) ;
#6243 = DIRECTION ( 'NONE',  ( 1.000000000000000000, 0.000000000000000000, 0.000000000000000000 ) ) ;
#6244 = CARTESIAN_POINT ( 'NONE',  ( 0.2335924706297559938, 1.990884147333239929, 3.391484670832360493 ) ) ;
#6245 = COLOUR_RGB ( '',0.2862745098039215508, 0.2862745098039215508, 0.2862745098039215508 ) ;
#6246 = CARTESIAN_POINT ( 'NONE',  ( 2.338598444053119785, 1.169995546759212246, 3.495963317641637591 ) ) ;
#6247 = CARTESIAN_POINT ( 'NONE',  ( -4.616639217989238375, 5.653752441128660543E-16, 23.59999999999999787 ) ) ;
#6248 = CARTESIAN_POINT ( 'NONE',  ( -2.165566731440912385, 1.529597713258745273, 0.7000000000000030642 ) ) ;
#6249 = CARTESIAN_POINT ( 'NONE',  ( 5.151531800551434337, -4.333874646346465020, 19.80000000000000071 ) ) ;
#6250 = VECTOR ( 'NONE', #8361, 1000.000000000000000 ) ;
#6251 = CARTESIAN_POINT ( 'NONE',  ( -4.409532436802692246, 5.400119784466844723E-16, 23.10000000000000142 ) ) ;
#6252 = DIRECTION ( 'NONE',  ( 1.000000000000000000, 0.000000000000000000, 0.000000000000000000 ) ) ;
#6253 = FILL_AREA_STYLE_COLOUR ( '', #6382 ) ;
#6254 = ORIENTED_EDGE ( 'NONE', *, *, #1715, .F. ) ;
#6255 =( LENGTH_UNIT ( ) NAMED_UNIT ( * ) SI_UNIT ( .MILLI., .METRE. ) );
#6256 = DIRECTION ( 'NONE',  ( -1.224646799147353207E-16, -1.000000000000000000, 0.000000000000000000 ) ) ;
#6257 = DIRECTION ( 'NONE',  ( 0.000000000000000000, 0.000000000000000000, -1.000000000000000000 ) ) ;
#6258 = COLOUR_RGB ( '',0.8313725490196077761, 0.8313725490196077761, 0.8313725490196077761 ) ;
#6259 = CARTESIAN_POINT ( 'NONE',  ( -1.289710414893048052, 2.956071692121776007, 2.969165229559819874 ) ) ;
#6260 = CARTESIAN_POINT ( 'NONE',  ( -2.146717887241385903, 3.823807912630738493, 2.969165229559820762 ) ) ;
#6261 = PRESENTATION_STYLE_ASSIGNMENT (( #4875 ) ) ;
#6262 = SURFACE_STYLE_USAGE ( .BOTH. , #4751 ) ;
#6263 = CARTESIAN_POINT ( 'NONE',  ( 3.196695908865792468, -0.5070683869946370770, 2.969165229559820318 ) ) ;
#6264 =( GEOMETRIC_REPRESENTATION_CONTEXT ( 3 ) GLOBAL_UNCERTAINTY_ASSIGNED_CONTEXT ( ( #869 ) ) GLOBAL_UNIT_ASSIGNED_CONTEXT ( ( #5680, #2334, #4344 ) ) REPRESENTATION_CONTEXT ( 'NONE', 'WORKASPACE' ) );
#6265 = CARTESIAN_POINT ( 'NONE',  ( -1.170108468000919943, 2.338610563973460010, 3.619679129526180539 ) ) ;
#6266 = SURFACE_SIDE_STYLE ('',( #7553 ) ) ;
#6267 = FILL_AREA_STYLE_COLOUR ( '', #4101 ) ;
#6268 = VERTEX_POINT ( 'NONE', #782 ) ;
#6269 = CARTESIAN_POINT ( 'NONE',  ( 4.186686827138403011, -3.169045174126437825, 23.60000000000000853 ) ) ;
#6270 = CARTESIAN_POINT ( 'NONE',  ( 1.169999999999999929, 2.282500000000000195, 0.000000000000000000 ) ) ;
#6271 = CIRCLE ( 'NONE', #1565, 0.02499999999999984873 ) ;
#6272 = CARTESIAN_POINT ( 'NONE',  ( -2.087499999999999911, 0.5849999999999999645, 0.000000000000000000 ) ) ;
#6273 = CARTESIAN_POINT ( 'NONE',  ( 2.074677612197130205, -1.168715583756350096, 0.3536250458873140268 ) ) ;
#6274 = CARTESIAN_POINT ( 'NONE',  ( 2.393656032050406335, -1.172343600408814579, 2.338877316301980702 ) ) ;
#6275 = EDGE_CURVE ( 'NONE', #4175, #2890, #867, .T. ) ;
#6276 = SURFACE_SIDE_STYLE ('',( #6185 ) ) ;
#6277 = ORIENTED_EDGE ( 'NONE', *, *, #8286, .F. ) ;
#6278 = SURFACE_STYLE_FILL_AREA ( #344 ) ;
#6279 = VECTOR ( 'NONE', #6203, 1000.000000000000000 ) ;
#6280 = CARTESIAN_POINT ( 'NONE',  ( -1.184844119049049738, -2.415518588966955260, 1.944948958572229936 ) ) ;
#6281 = FACE_OUTER_BOUND ( 'NONE', #8808, .T. ) ;
#6282 = CARTESIAN_POINT ( 'NONE',  ( 1.072500000000000009, -2.087499999999999911, 0.000000000000000000 ) ) ;
#6283 = MECHANICAL_DESIGN_GEOMETRIC_PRESENTATION_REPRESENTATION (  '', ( #5144 ), #5269 ) ;
#6284 = CARTESIAN_POINT ( 'NONE',  ( -1.169164115524237157, 2.086601630064129242, 0.1468878633841587678 ) ) ;
#6285 = MECHANICAL_DESIGN_GEOMETRIC_PRESENTATION_REPRESENTATION (  '', ( #4299 ), #2876 ) ;
#6286 = CARTESIAN_POINT ( 'NONE',  ( 1.169999999999999929, -2.477500000000000036, 0.000000000000000000 ) ) ;
#6287 = ORIENTED_EDGE ( 'NONE', *, *, #3013, .T. ) ;
#6288 = LINE ( 'NONE', #195, #1959 ) ;
#6289 = CARTESIAN_POINT ( 'NONE',  ( 1.180607064275640106, 2.087499999999999911, 0.1698237986199239991 ) ) ;
#6290 = CARTESIAN_POINT ( 'NONE',  ( 1.169999999999999929, -2.338664820565219848, 3.462676791579629931 ) ) ;
#6291 = CARTESIAN_POINT ( 'NONE',  ( -2.457833678804643540, 0.8186766262189527632, 18.50000000000000000 ) ) ;
#6292 = CARTESIAN_POINT ( 'NONE',  ( -2.340572336652097629, 1.170954155948612296, 3.462677503662583423 ) ) ;
#6293 = CARTESIAN_POINT ( 'NONE',  ( 4.909532436802686917, -9.819064873605379162, 23.60000000000000142 ) ) ;
#6294 = CARTESIAN_POINT ( 'NONE',  ( -2.419805117389779880, 1.055757755608497384, 0.7000000000000028422 ) ) ;
#6295 = CARTESIAN_POINT ( 'NONE',  ( -4.909532436802688693, 9.819064873605377386, 23.60000000000000142 ) ) ;
#6296 = CARTESIAN_POINT ( 'NONE',  ( 0.000000000000000000, 0.000000000000000000, 18.47500000000000142 ) ) ;
#6297 = STYLED_ITEM ( 'NONE', ( #744 ), #953 ) ;
#6298 = SURFACE_STYLE_USAGE ( .BOTH. , #1640 ) ;
#6299 = CARTESIAN_POINT ( 'NONE',  ( 2.415518688339798103, -1.184843813188642292, 1.944948958557380037 ) ) ;
#6300 = SURFACE_STYLE_FILL_AREA ( #7627 ) ;
#6301 = CARTESIAN_POINT ( 'NONE',  ( -1.390246858450351564, 1.437780815204086737, 4.062213304289150173 ) ) ;
#6302 = VECTOR ( 'NONE', #810, 1000.000000000000000 ) ;
#6303 = CARTESIAN_POINT ( 'NONE',  ( -0.8949261614074205395, 1.788745770200249607, 3.461860930160531424 ) ) ;
#6304 = CARTESIAN_POINT ( 'NONE',  ( -2.123139732273781721, 2.437751537052217365, 2.969165229559819874 ) ) ;
#6305 = CARTESIAN_POINT ( 'NONE',  ( 2.087499999999999911, 5.450790344808723015E-07, 0.000000000000000000 ) ) ;
#6306 = SURFACE_SIDE_STYLE ('',( #8320 ) ) ;
#6307 = DIRECTION ( 'NONE',  ( 0.000000000000000000, 0.000000000000000000, 1.000000000000000000 ) ) ;
#6308 = CARTESIAN_POINT ( 'NONE',  ( -1.091417640707009751, -3.034847417893169474, 2.969165229559820318 ) ) ;
#6309 = CARTESIAN_POINT ( 'NONE',  ( 2.087499999999999911, 1.180606401414060036, 0.1698237983775840176 ) ) ;
#6310 = UNCERTAINTY_MEASURE_WITH_UNIT (LENGTH_MEASURE( 1.000000000000000082E-05 ), #889, 'distance_accuracy_value', 'NONE');
#6311 = CARTESIAN_POINT ( 'NONE',  ( -1.603965714669175036, 1.858020011712220088, 4.062213270710802071 ) ) ;
#6312 = CARTESIAN_POINT ( 'NONE',  ( -1.169999999999999929, -2.338926533919969852, 3.311111815123159996 ) ) ;
#6313 = DIRECTION ( 'NONE',  ( 0.000000000000000000, -0.000000000000000000, -1.000000000000000000 ) ) ;
#6314 = CARTESIAN_POINT ( 'NONE',  ( 1.096263983979345324, -2.004069165244222184, 0.7393588648592065438 ) ) ;
#6315 = UNCERTAINTY_MEASURE_WITH_UNIT (LENGTH_MEASURE( 1.000000000000000082E-05 ), #4450, 'distance_accuracy_value', 'NONE');
#6316 = ORIENTED_EDGE ( 'NONE', *, *, #8649, .F. ) ;
#6317 = CARTESIAN_POINT ( 'NONE',  ( -3.023181031090770965, -4.293151949262787426, 23.60000000000001208 ) ) ;
#6318 = DIRECTION ( 'NONE',  ( 0.000000000000000000, 0.000000000000000000, 1.000000000000000000 ) ) ;
#6319 = EDGE_CURVE ( 'NONE', #2263, #1982, #7637, .T. ) ;
#6320 = CARTESIAN_POINT ( 'NONE',  ( 1.860959526963420041, -0.9648857519391530468, 1.943675179695550037 ) ) ;
#6321 = CARTESIAN_POINT ( 'NONE',  ( -2.087499999999999911, 1.072500000000000009, 0.000000000000000000 ) ) ;
#6322 = ORIENTED_EDGE ( 'NONE', *, *, #5820, .T. ) ;
#6323 = ORIENTED_EDGE ( 'NONE', *, *, #8092, .T. ) ;
#6324 = CARTESIAN_POINT ( 'NONE',  ( 1.601156472615409943, 1.859425216654249979, 4.062213304289159943 ) ) ;
#6325 = EDGE_CURVE ( 'NONE', #606, #1583, #7021, .T. ) ;
#6326 = CARTESIAN_POINT ( 'NONE',  ( -1.193934741176917225, -2.672499999999999876, 0.1698237983775840176 ) ) ;
#6327 =( NAMED_UNIT ( * ) SI_UNIT ( $, .STERADIAN. ) SOLID_ANGLE_UNIT ( ) );
#6328 = CARTESIAN_POINT ( 'NONE',  ( 0.8261626580634899852, -1.823002569903779957, 3.391484666840960394 ) ) ;
#6329 = DIRECTION ( 'NONE',  ( 0.000000000000000000, 0.000000000000000000, 1.000000000000000000 ) ) ;
#6330 = VECTOR ( 'NONE', #8283, 1000.000000000000000 ) ;
#6331 = CARTESIAN_POINT ( 'NONE',  ( 0.8972931098593109889, -1.790433200178671136, 2.938394951635704189 ) ) ;
#6332 = ORIENTED_EDGE ( 'NONE', *, *, #8160, .T. ) ;
#6333 = DIRECTION ( 'NONE',  ( 0.000000000000000000, 0.000000000000000000, 1.000000000000000000 ) ) ;
#6334 = CARTESIAN_POINT ( 'NONE',  ( 2.140484332542559986, 1.566195939707290208, 4.062213304289159943 ) ) ;
#6335 =( LENGTH_UNIT ( ) NAMED_UNIT ( * ) SI_UNIT ( .MILLI., .METRE. ) );
#6336 = CARTESIAN_POINT ( 'NONE',  ( 0.8646940022364070222, 2.069385513715809921, 0.4031326314136419731 ) ) ;
#6337 = CARTESIAN_POINT ( 'NONE',  ( 2.589955567827030514, 0.000000000000000000, 18.50000000000000355 ) ) ;
#6338 = CARTESIAN_POINT ( 'NONE',  ( -2.567224920253286413, 0.4071892696343839546, 18.50000000000000000 ) ) ;
#6339 = CARTESIAN_POINT ( 'NONE',  ( -2.389758048374102106, 1.170813626220215786, 2.346123327663944824 ) ) ;
#6340 = PRESENTATION_STYLE_ASSIGNMENT (( #153 ) ) ;
#6341 = CARTESIAN_POINT ( 'NONE',  ( -2.323555941397810187, 1.259619253561215846, 0.7000000000000029532 ) ) ;
#6342 = STYLED_ITEM ( 'NONE', ( #5551 ), #313 ) ;
#6343 = CARTESIAN_POINT ( 'NONE',  ( -3.942726172178524724, 4.224383413058442116, 19.80000000000000071 ) ) ;
#6344 = CARTESIAN_POINT ( 'NONE',  ( 0.000000000000000000, 0.000000000000000000, 11.28110665214460084 ) ) ;
#6345 = CARTESIAN_POINT ( 'NONE',  ( -2.576115043241126390, 1.201349488423224754, 0.7666085965705796701 ) ) ;
#6346 = PRESENTATION_STYLE_ASSIGNMENT (( #3625 ) ) ;
#6347 = DIRECTION ( 'NONE',  ( 0.000000000000000000, 0.000000000000000000, -1.000000000000000000 ) ) ;
#6348 = STYLED_ITEM ( 'NONE', ( #4127 ), #1332 ) ;
#6349 = DIRECTION ( 'NONE',  ( -1.000000000000000000, 0.000000000000000000, 0.000000000000000000 ) ) ;
#6350 = CARTESIAN_POINT ( 'NONE',  ( 0.000000000000000000, 0.000000000000000000, 23.10000000000000142 ) ) ;
#6351 = CARTESIAN_POINT ( 'NONE',  ( -0.2048749726994133213, -3.225033692639735605, 2.969165229559820318 ) ) ;
#6352 = CARTESIAN_POINT ( 'NONE',  ( 2.002287591424794400, 1.109606387767288149, 0.7659099622468721336 ) ) ;
#6353 = CARTESIAN_POINT ( 'NONE',  ( -1.169999999999999929, -2.678350000000000453, 0.1648747531013670109 ) ) ;
#6354 = DIRECTION ( 'NONE',  ( -0.000000000000000000, 1.000000000000000000, 0.000000000000000000 ) ) ;
#6355 = EDGE_CURVE ( 'NONE', #7248, #2803, #2367, .T. ) ;
#6356 = EDGE_LOOP ( 'NONE', ( #4588, #2188, #5650, #5340, #7357, #4547, #6580, #2867, #6735 ) ) ;
#6357 = CARTESIAN_POINT ( 'NONE',  ( 0.9157834400239533990, -5.169546885881970866, 23.60000000000000497 ) ) ;
#6358 =( NAMED_UNIT ( * ) PLANE_ANGLE_UNIT ( ) SI_UNIT ( $, .RADIAN. ) );
#6359 = CARTESIAN_POINT ( 'NONE',  ( 2.197608328449204951, -1.240878199728395304, 23.60000000000000142 ) ) ;
#6360 = CARTESIAN_POINT ( 'NONE',  ( 2.002736187465310014, -1.102281454976310027, 0.7659099622468721336 ) ) ;
#6361 = CARTESIAN_POINT ( 'NONE',  ( -2.087499999999999911, 1.173535484872809898, 0.000000000000000000 ) ) ;
#6362 = ORIENTED_EDGE ( 'NONE', *, *, #1494, .F. ) ;
#6363 = VERTEX_POINT ( 'NONE', #2976 ) ;
#6364 = AXIS2_PLACEMENT_3D ( 'NONE', #4446, #3028, #7158 ) ;
#6365 = CARTESIAN_POINT ( 'NONE',  ( -1.177939443345350057, -2.577867615212610097, 0.7666085965705830008 ) ) ;
#6366 = CARTESIAN_POINT ( 'NONE',  ( 0.4692762881063480274, -1.948595373499860006, 3.022064739156709923 ) ) ;
#6367 = FILL_AREA_STYLE_COLOUR ( '', #6131 ) ;
#6368 = EDGE_CURVE ( 'NONE', #1237, #7416, #3970, .T. ) ;
#6369 = CARTESIAN_POINT ( 'NONE',  ( 1.170732428475140585, -2.589376654525763488, 0.7398788488103564820 ) ) ;
#6370 = VERTEX_POINT ( 'NONE', #4797 ) ;
#6371 = CARTESIAN_POINT ( 'NONE',  ( 1.287410323902777431, -1.537217507902194802, 4.062213304289150173 ) ) ;
#6372 = COLOUR_RGB ( '',0.8313725490196077761, 0.8313725490196077761, 0.8313725490196077761 ) ;
#6373 = CARTESIAN_POINT ( 'NONE',  ( 1.706253569163250106, 0.8535235383923209795, 3.618895854957929981 ) ) ;
#6374 = STYLED_ITEM ( 'NONE', ( #5069 ), #6437 ) ;
#6375 = SURFACE_STYLE_FILL_AREA ( #6420 ) ;
#6376 = CARTESIAN_POINT ( 'NONE',  ( 0.8569756831738080116, 1.852421902101659912, 2.444599270131050162 ) ) ;
#6377 =( NAMED_UNIT ( * ) SI_UNIT ( $, .STERADIAN. ) SOLID_ANGLE_UNIT ( ) );
#6378 = CARTESIAN_POINT ( 'NONE',  ( -4.909532436802688693, 9.819064873605377386, 23.59999999999999787 ) ) ;
#6379 =( LENGTH_UNIT ( ) NAMED_UNIT ( * ) SI_UNIT ( .MILLI., .METRE. ) );
#6380 = AXIS2_PLACEMENT_3D ( 'NONE', #5655, #5030, #4897 ) ;
#6381 = EDGE_CURVE ( 'NONE', #8509, #7426, #6837, .T. ) ;
#6382 = COLOUR_RGB ( '',0.8313725490196077761, 0.8313725490196077761, 0.8313725490196077761 ) ;
#6383 = CARTESIAN_POINT ( 'NONE',  ( 4.224383413058251158, 3.942726172178878663, 19.80000000000000071 ) ) ;
#6384 = CARTESIAN_POINT ( 'NONE',  ( 2.661679749100444692, -1.170002298200246926, 0.2901052581032117494 ) ) ;
#6385 = DIRECTION ( 'NONE',  ( -1.000000000000000000, 0.000000000000000000, 0.000000000000000000 ) ) ;
#6386 = FILL_AREA_STYLE_COLOUR ( '', #3554 ) ;
#6387 = CARTESIAN_POINT ( 'NONE',  ( -0.9899685255511504467, 1.741284434136107340, 3.832390176087960842 ) ) ;
#6388 = PLANE ( 'NONE',  #5265 ) ;
#6389 = CARTESIAN_POINT ( 'NONE',  ( -1.645791719976358980, -1.501321925854832484, 4.062213373350946455 ) ) ;
#6390 = PRESENTATION_STYLE_ASSIGNMENT (( #4438 ) ) ;
#6391 =( GEOMETRIC_REPRESENTATION_CONTEXT ( 3 ) GLOBAL_UNCERTAINTY_ASSIGNED_CONTEXT ( ( #254 ) ) GLOBAL_UNIT_ASSIGNED_CONTEXT ( ( #561, #3135, #1938 ) ) REPRESENTATION_CONTEXT ( 'NONE', 'WORKASPACE' ) );
#6392 = DIRECTION ( 'NONE',  ( 0.000000000000000000, 0.4836800446059870140, 0.8752448882741049596 ) ) ;
#6393 = CARTESIAN_POINT ( 'NONE',  ( 2.087499999999999911, 0.5849999999999989653, 0.1698237983775840176 ) ) ;
#6394 = UNCERTAINTY_MEASURE_WITH_UNIT (LENGTH_MEASURE( 1.000000000000000082E-05 ), #892, 'distance_accuracy_value', 'NONE');
#6395 = CARTESIAN_POINT ( 'NONE',  ( -1.150740815877379974, -2.409839150776920125, 0.6501300892057160219 ) ) ;
#6396 = FACE_OUTER_BOUND ( 'NONE', #7660, .T. ) ;
#6397 = ORIENTED_EDGE ( 'NONE', *, *, #4497, .F. ) ;
#6398 = CARTESIAN_POINT ( 'NONE',  ( -1.246520582696280410, -5.101138939539387351, 23.60000000000000142 ) ) ;
#6399 = LINE ( 'NONE', #7696, #8781 ) ;
#6400 = CARTESIAN_POINT ( 'NONE',  ( 2.414063805987869848, -0.6590412539571246509, 23.60000000000000497 ) ) ;
#6401 = EDGE_CURVE ( 'NONE', #1799, #4756, #5378, .T. ) ;
#6402 = CARTESIAN_POINT ( 'NONE',  ( -1.821769494611209961, 0.8268570946499730345, 3.022064739160810198 ) ) ;
#6403 = ORIENTED_EDGE ( 'NONE', *, *, #1184, .F. ) ;
#6404 = PRESENTATION_LAYER_ASSIGNMENT (  '', '', ( #6965 ) ) ;
#6405 = CARTESIAN_POINT ( 'NONE',  ( -2.639955567827029892, 3.233013136030605631E-16, 0.7250000000000029754 ) ) ;
#6406 = B_SPLINE_SURFACE_WITH_KNOTS ( 'NONE', 3, 3, ( 
 ( #1911, #1327, #8211, #4647 ),
 ( #7534, #2621, #4820, #2102 ),
 ( #1426, #4159, #102, #5395 ),
 ( #6817, #3354, #8075, #6865 ),
 ( #4689, #761, #619, #4780 ),
 ( #7438, #6059, #2808, #8259 ),
 ( #1373, #2057, #5488, #7350 ),
 ( #3312, #8736, #5441, #4734 ) ),
 .UNSPECIFIED., .F., .F., .F.,
 ( 4, 1, 3, 4 ),
 ( 4, 4 ),
 ( 0.000000000000000000, 0.5000000000000000000, 1.000000000000000000, 1.010000000000000009 ),
 ( -0.06149384837296609924, 0.009223932269413849527 ),
 .UNSPECIFIED. ) ;
#6407 = EDGE_LOOP ( 'NONE', ( #1497, #8327, #5875, #4534 ) ) ;
#6408 = CARTESIAN_POINT ( 'NONE',  ( 1.249691179614720093, 1.508087747605519890, 4.062213304289150173 ) ) ;
#6409 = PRESENTATION_LAYER_ASSIGNMENT (  '', '', ( #5122 ) ) ;
#6410 = CARTESIAN_POINT ( 'NONE',  ( -1.201870247108823175, -2.658107798381227127, 0.3537504162900820814 ) ) ;
#6411 = CARTESIAN_POINT ( 'NONE',  ( -1.170810549639422549, 2.389750767788437980, 2.346123311603098838 ) ) ;
#6412 = CARTESIAN_POINT ( 'NONE',  ( 0.8973598353628240432, -1.787387250378190018, 3.562213304289150173 ) ) ;
#6413 =( NAMED_UNIT ( * ) SI_UNIT ( $, .STERADIAN. ) SOLID_ANGLE_UNIT ( ) );
#6414 = CIRCLE ( 'NONE', #1697, 0.4999999999999978351 ) ;
#6415 = CARTESIAN_POINT ( 'NONE',  ( 4.346051752873332674, 0.6894384129643705839, 2.969165229559820318 ) ) ;
#6416 = ORIENTED_EDGE ( 'NONE', *, *, #7625, .T. ) ;
#6417 = DIRECTION ( 'NONE',  ( -0.000000000000000000, -0.000000000000000000, -1.000000000000000000 ) ) ;
#6418 = FACE_OUTER_BOUND ( 'NONE', #2652, .T. ) ;
#6419 = CARTESIAN_POINT ( 'NONE',  ( 1.853873877925096947, 0.9885945679211738391, 1.943675179695550037 ) ) ;
#6420 = FILL_AREA_STYLE ('',( #4950 ) ) ;
#6421 = CARTESIAN_POINT ( 'NONE',  ( 0.9303681674612219732, 1.823412618853810008, 2.444599270131050162 ) ) ;
#6422 = CARTESIAN_POINT ( 'NONE',  ( 0.9590912064788202906, -1.917019552232661850, 3.455707020463919754 ) ) ;
#6423 = STYLED_ITEM ( 'NONE', ( #2240 ), #733 ) ;
#6424 = SURFACE_STYLE_FILL_AREA ( #3707 ) ;
#6425 = APPLICATION_CONTEXT ( 'automotive_design' ) ;
#6426 = CARTESIAN_POINT ( 'NONE',  ( 5.087376438074626250, 2.745259391120254300, 19.79999999999999716 ) ) ;
#6427 = LINE ( 'NONE', #201, #6302 ) ;
#6428 = CARTESIAN_POINT ( 'NONE',  ( 2.658153794208695242, -1.186003651263213721, 0.3537504162854430145 ) ) ;
#6429 =( LENGTH_UNIT ( ) NAMED_UNIT ( * ) SI_UNIT ( .MILLI., .METRE. ) );
#6430 = EDGE_CURVE ( 'NONE', #7989, #4144, #6221, .T. ) ;
#6431 = DIRECTION ( 'NONE',  ( 0.000000000000000000, -1.000000000000000000, 0.000000000000000000 ) ) ;
#6432 = CARTESIAN_POINT ( 'NONE',  ( 0.8500854391874743676, 3.114186531314114159, 2.969165229559819874 ) ) ;
#6433 = CARTESIAN_POINT ( 'NONE',  ( -2.124548272406754812, -1.500632558411042705, 18.50000000000000355 ) ) ;
#6434 =( NAMED_UNIT ( * ) SI_UNIT ( $, .STERADIAN. ) SOLID_ANGLE_UNIT ( ) );
#6435 = CARTESIAN_POINT ( 'NONE',  ( -1.139343852799094448, -3.017149990669347748, 2.969165229559820762 ) ) ;
#6436 = CARTESIAN_POINT ( 'NONE',  ( 1.948595373499679928, 0.4692762881063929914, 3.022064739156450131 ) ) ;
#6437 = ADVANCED_FACE ( 'NONE', ( #826 ), #2306, .F. ) ;
#6438 = CARTESIAN_POINT ( 'NONE',  ( 2.086481684166200168, -1.169071295881620287, 0.1455764897581885431 ) ) ;
#6439 = EDGE_LOOP ( 'NONE', ( #2232, #3287 ) ) ;
#6440 = CARTESIAN_POINT ( 'NONE',  ( 1.853121433972695575, -4.912252737802415226, 23.60000000000000497 ) ) ;
#6441 = PLANE ( 'NONE',  #3248 ) ;
#6442 = CIRCLE ( 'NONE', #4457, 2.000000000000000000 ) ;
#6443 = CARTESIAN_POINT ( 'NONE',  ( -2.197608328449732973, 1.240878199727798670, 23.60000000000000142 ) ) ;
#6444 = B_SPLINE_CURVE_WITH_KNOTS ( 'NONE', 3,
 ( #2279, #3171, #5299, #3661 ),
 .UNSPECIFIED., .F., .F.,
 ( 4, 4 ),
 ( 0.000000000000000000, 0.0001006777005259082490 ),
 .UNSPECIFIED. ) ;
#6445 = CARTESIAN_POINT ( 'NONE',  ( -2.087499999999999911, 6.381997448960519399E-17, 0.000000000000000000 ) ) ;
#6446 = VERTEX_POINT ( 'NONE', #4882 ) ;
#6447 = CARTESIAN_POINT ( 'NONE',  ( 1.858984235620829928, -1.075113707106909899, 3.932358714086509721 ) ) ;
#6448 = ORIENTED_EDGE ( 'NONE', *, *, #3600, .T. ) ;
#6449 = FACE_OUTER_BOUND ( 'NONE', #1746, .T. ) ;
#6450 = CARTESIAN_POINT ( 'NONE',  ( -0.8962147098106540977, -2.463001231568870075, 3.562213304289150173 ) ) ;
#6451 = CARTESIAN_POINT ( 'NONE',  ( -1.170950547979999090, 2.340565123724075214, 3.462677500970000821 ) ) ;
#6452 = CARTESIAN_POINT ( 'NONE',  ( -1.537206369288776076, 1.287421843356745033, 4.062213304289150173 ) ) ;
#6453 = COLOUR_RGB ( '',0.8313725490196077761, 0.8313725490196077761, 0.8313725490196077761 ) ;
#6454 = CARTESIAN_POINT ( 'NONE',  ( 1.823234047807190006, -0.8257089790023790510, 3.562213304289150173 ) ) ;
#6455 = CARTESIAN_POINT ( 'NONE',  ( 3.314087183397155911, 2.886525543261536431, 2.969165229559819874 ) ) ;
#6456 = CARTESIAN_POINT ( 'NONE',  ( 1.172748857509392062, -2.344426542428737381, 3.311116929660295582 ) ) ;
#6457 = ORIENTED_EDGE ( 'NONE', *, *, #7394, .T. ) ;
#6458 = DIRECTION ( 'NONE',  ( 0.000000000000000000, 0.000000000000000000, 1.000000000000000000 ) ) ;
#6459 = VECTOR ( 'NONE', #4520, 1000.000000000000000 ) ;
#6460 = CARTESIAN_POINT ( 'NONE',  ( 1.169999999999999929, 2.678350000000000453, 0.000000000000000000 ) ) ;
#6461 = ORIENTED_EDGE ( 'NONE', *, *, #2885, .F. ) ;
#6462 = PRESENTATION_LAYER_ASSIGNMENT (  '', '', ( #7455 ) ) ;
#6463 = FACE_OUTER_BOUND ( 'NONE', #1065, .T. ) ;
#6464 = SURFACE_STYLE_FILL_AREA ( #3747 ) ;
#6465 = CARTESIAN_POINT ( 'NONE',  ( -0.2319425519983140116, 1.991024127280689893, 3.562213309405399819 ) ) ;
#6466 = CARTESIAN_POINT ( 'NONE',  ( -1.204218564844467210, -2.087499999999999911, 0.000000000000000000 ) ) ;
#6467 = FILL_AREA_STYLE_COLOUR ( '', #2969 ) ;
#6468 = CARTESIAN_POINT ( 'NONE',  ( -1.830850028568822285, 0.9346340438867031253, 2.344890383919049803 ) ) ;
#6469 = CARTESIAN_POINT ( 'NONE',  ( 2.000000213338064103, -5.097163906230427243E-16, 3.562209184421840202 ) ) ;
#6470 = VECTOR ( 'NONE', #7419, 1000.000000000000000 ) ;
#6471 =( BOUNDED_CURVE ( )  B_SPLINE_CURVE ( 3, ( #8046, #1090, #6700, #4581 ),
 .UNSPECIFIED., .F., .F. ) 
 B_SPLINE_CURVE_WITH_KNOTS ( ( 4, 4 ),
 ( 0.000000000000000000, 1.000000000000000000 ),
 .UNSPECIFIED. ) 
 CURVE ( )  GEOMETRIC_REPRESENTATION_ITEM ( )  RATIONAL_B_SPLINE_CURVE ( ( 1.000000000000000000, 0.3333333333333333703, 0.3333333333333333703, 1.000000000000000000 ) ) 
 REPRESENTATION_ITEM ( '' )  );
#6472 = STYLED_ITEM ( 'NONE', ( #6672 ), #2267 ) ;
#6473 = ADVANCED_FACE ( 'NONE', ( #2784 ), #827, .T. ) ;
#6474 = SURFACE_STYLE_USAGE ( .BOTH. , #8491 ) ;
#6475 = CARTESIAN_POINT ( 'NONE',  ( -1.371150570922871959, 5.611259211573996986, 19.80000000000000426 ) ) ;
#6476 = CARTESIAN_POINT ( 'NONE',  ( -4.909532436802689581, 6.012443184040519478E-16, 23.10000000000000142 ) ) ;
#6477 = CARTESIAN_POINT ( 'NONE',  ( -1.786858184502798874, -0.8939815758805080836, 3.462470800138031546 ) ) ;
#6478 = CARTESIAN_POINT ( 'NONE',  ( 0.6238736626930773133, -1.925659206519127586, 3.562210369226110007 ) ) ;
#6479 = FILL_AREA_STYLE ('',( #1831 ) ) ;
#6480 = CARTESIAN_POINT ( 'NONE',  ( -1.177597738859649690, -2.334793036314197323, 3.562189872769800036 ) ) ;
#6481 =( NAMED_UNIT ( * ) SI_UNIT ( $, .STERADIAN. ) SOLID_ANGLE_UNIT ( ) );
#6482 = CARTESIAN_POINT ( 'NONE',  ( 3.034831887692041708, -1.091456887554034250, 2.969165229559820762 ) ) ;
#6483 = CARTESIAN_POINT ( 'NONE',  ( 1.996407488399080332, 0.2524308752719410243, 1.943675179695550037 ) ) ;
#6484 = EDGE_CURVE ( 'NONE', #6268, #6610, #8187, .T. ) ;
#6485 = ADVANCED_FACE ( 'NONE', ( #2127 ), #5908, .F. ) ;
#6486 = CARTESIAN_POINT ( 'NONE',  ( -1.169999999999999929, -2.342768637549319966, 3.047411449360819979 ) ) ;
#6487 = CARTESIAN_POINT ( 'NONE',  ( -2.672499999999999876, -1.185923872121844136, 0.000000000000000000 ) ) ;
#6488 = ORIENTED_EDGE ( 'NONE', *, *, #8345, .T. ) ;
#6489 = CARTESIAN_POINT ( 'NONE',  ( 4.489393257113663438, 2.723191309689040551, 23.60000000000000853 ) ) ;
#6490 = MECHANICAL_DESIGN_GEOMETRIC_PRESENTATION_REPRESENTATION (  '', ( #5207 ), #6044 ) ;
#6491 = DIRECTION ( 'NONE',  ( -0.000000000000000000, -1.000000000000000000, -0.000000000000000000 ) ) ;
#6492 = CARTESIAN_POINT ( 'NONE',  ( -2.700000000000000622, 1.102182119232616309E-16, 23.59999999999999787 ) ) ;
#6493 = CARTESIAN_POINT ( 'NONE',  ( 0.1587786081618634548, 2.500033684988985261, 23.60000000000000497 ) ) ;
#6494 = CARTESIAN_POINT ( 'NONE',  ( -2.018450015638300510, 0.8224655529963570411, 0.7659099622955349851 ) ) ;
#6495 = ORIENTED_EDGE ( 'NONE', *, *, #7514, .F. ) ;
#6496 =( NAMED_UNIT ( * ) PLANE_ANGLE_UNIT ( ) SI_UNIT ( $, .RADIAN. ) );
#6497 = UNCERTAINTY_MEASURE_WITH_UNIT (LENGTH_MEASURE( 1.000000000000000082E-05 ), #3953, 'distance_accuracy_value', 'NONE');
#6498 = ORIENTED_EDGE ( 'NONE', *, *, #6239, .T. ) ;
#6499 = SURFACE_STYLE_USAGE ( .BOTH. , #1712 ) ;
#6500 = CARTESIAN_POINT ( 'NONE',  ( -2.572314544547674053, -5.176971579857495342, 19.79999999999999716 ) ) ;
#6501 = CARTESIAN_POINT ( 'NONE',  ( -1.170938541466405303, 2.344783374466465453, 3.044360612420698331 ) ) ;
#6502 = CARTESIAN_POINT ( 'NONE',  ( 0.9023662117870570043, -1.784862801401009946, 3.562213304289150173 ) ) ;
#6503 = CARTESIAN_POINT ( 'NONE',  ( 4.384532436802682120, 0.2786845792732472460, 2.969165229559820762 ) ) ;
#6504 = CARTESIAN_POINT ( 'NONE',  ( 1.169999999999999929, -2.676400000000000112, 0.000000000000000000 ) ) ;
#6505 = ORIENTED_EDGE ( 'NONE', *, *, #8739, .F. ) ;
#6506 = DIRECTION ( 'NONE',  ( 0.000000000000000000, 1.000000000000000000, 0.000000000000000000 ) ) ;
#6507 = CARTESIAN_POINT ( 'NONE',  ( 1.172716265722463236, 2.348385700785439845, 3.044366767262195683 ) ) ;
#6508 = ORIENTED_EDGE ( 'NONE', *, *, #1850, .F. ) ;
#6509 = DIRECTION ( 'NONE',  ( 0.000000000000000000, 0.000000000000000000, 1.000000000000000000 ) ) ;
#6510 = CARTESIAN_POINT ( 'NONE',  ( -0.9079073103371487763, 1.782061930158497454, 3.391484670832360493 ) ) ;
#6511 = CARTESIAN_POINT ( 'NONE',  ( -0.5849999999999999645, -2.379999999999999893, 0.000000000000000000 ) ) ;
#6512 = AXIS2_PLACEMENT_3D ( 'NONE', #4948, #146, #2190 ) ;
#6513 = CARTESIAN_POINT ( 'NONE',  ( -2.477500000000000036, 1.169999999999999929, 0.1648747531013440015 ) ) ;
#6514 = SURFACE_STYLE_FILL_AREA ( #7180 ) ;
#6515 = ADVANCED_FACE ( 'NONE', ( #396 ), #5518, .T. ) ;
#6516 = FILL_AREA_STYLE ('',( #363 ) ) ;
#6517 = VECTOR ( 'NONE', #626, 1000.000000000000114 ) ;
#6518 = CARTESIAN_POINT ( 'NONE',  ( -1.142800032687243172, 5.660845304645593323, 19.79999999999999716 ) ) ;
#6519 = CARTESIAN_POINT ( 'NONE',  ( -5.250000000000000000, 6.429395695523604153E-16, 23.10000000000000142 ) ) ;
#6520 = CARTESIAN_POINT ( 'NONE',  ( -1.899815968722400106, -0.9972066184295921287, 1.610675664476090008 ) ) ;
#6521 = CARTESIAN_POINT ( 'NONE',  ( -3.272868570721299931E-16, -2.672499999999999876, -1.709999999999999964 ) ) ;
#6522 = PRESENTATION_STYLE_ASSIGNMENT (( #2514 ) ) ;
#6523 = CARTESIAN_POINT ( 'NONE',  ( -0.3120606031960053151, -1.999999976646724242, 3.562210369226109119 ) ) ;
#6524 = VECTOR ( 'NONE', #5263, 1000.000000000000000 ) ;
#6525 =( BOUNDED_SURFACE ( )  B_SPLINE_SURFACE ( 3, 3, ( 
 ( #8017, #602, #8688, #5374 ),
 ( #5472, #648, #1892, #4803 ),
 ( #6667, #1187, #3295, #3923 ),
 ( #5998, #5337, #8057, #1931 ) ),
 .UNSPECIFIED., .F., .F., .F. ) 
 B_SPLINE_SURFACE_WITH_KNOTS ( ( 4, 4 ),
 ( 4, 4 ),
 ( 0.000000000000000000, 1.000000000000000000 ),
 ( 0.000000000000000000, 1.000000000000000000 ),
 .UNSPECIFIED. ) 
 GEOMETRIC_REPRESENTATION_ITEM ( )  RATIONAL_B_SPLINE_SURFACE ( (
 ( 1.000000000000000000, 0.3333333333333334259, 0.3333333333333334259, 1.000000000000000000),
 ( 0.8586738353966426596, 0.2862246117988809790, 0.2862246117988809790, 0.8586738353966426596),
 ( 0.8586738353966426596, 0.2862246117988809790, 0.2862246117988809790, 0.8586738353966426596),
 ( 1.000000000000000000, 0.3333333333333334259, 0.3333333333333334259, 1.000000000000000000) ) ) 
 REPRESENTATION_ITEM ( '' )  SURFACE ( )  );
#6526 = CARTESIAN_POINT ( 'NONE',  ( 4.384532436802681232, -5.369503614488150484E-16, 2.969165229559820318 ) ) ;
#6527 = SURFACE_SIDE_STYLE ('',( #5893 ) ) ;
#6528 = CARTESIAN_POINT ( 'NONE',  ( -2.373973848355483973, -1.035763320414320843, 18.50000000000000000 ) ) ;
#6529 = ADVANCED_FACE ( 'NONE', ( #8766 ), #1273, .F. ) ;
#6530 = CARTESIAN_POINT ( 'NONE',  ( 1.169044167344712282, -2.086458492612395688, 0.1468313228375766055 ) ) ;
#6531 = CARTESIAN_POINT ( 'NONE',  ( -2.410843893138221450, -1.199338912744568164, 1.944948958572229936 ) ) ;
#6532 = ORIENTED_EDGE ( 'NONE', *, *, #3738, .T. ) ;
#6533 = CARTESIAN_POINT ( 'NONE',  ( 1.972032485673436142, 4.865732433572422799, 23.60000000000000142 ) ) ;
#6534 = SURFACE_STYLE_USAGE ( .BOTH. , #5323 ) ;
#6535 = AXIS2_PLACEMENT_3D ( 'NONE', #1324, #4062, #6765 ) ;
#6536 = CARTESIAN_POINT ( 'NONE',  ( 2.528217888441850025, 6.231734656045198939, 19.80000000000000071 ) ) ;
#6537 = FILL_AREA_STYLE_COLOUR ( '', #8692 ) ;
#6538 = CARTESIAN_POINT ( 'NONE',  ( 0.3928921610213455540, 2.478117792812733367, 23.60000000000000497 ) ) ;
#6539 = CARTESIAN_POINT ( 'NONE',  ( -2.087499999999999911, -0.2924999999999999822, 0.000000000000000000 ) ) ;
#6540 = ORIENTED_EDGE ( 'NONE', *, *, #799, .T. ) ;
#6541 = SURFACE_STYLE_USAGE ( .BOTH. , #7924 ) ;
#6542 = VERTEX_POINT ( 'NONE', #8481 ) ;
#6543 = B_SPLINE_CURVE_WITH_KNOTS ( 'NONE', 3,
 ( #6011, #1948, #713, #4019 ),
 .UNSPECIFIED., .F., .F.,
 ( 4, 4 ),
 ( 4.336808689942017736E-19, 0.0001006757009317622923 ),
 .UNSPECIFIED. ) ;
#6544 = CARTESIAN_POINT ( 'NONE',  ( 1.096879030481240802, -5.669920595761978710, 19.80000000000000071 ) ) ;
#6545 = CARTESIAN_POINT ( 'NONE',  ( -1.154379898764070767, 2.068627230871943112, 0.3996868087767359579 ) ) ;
#6546 = CARTESIAN_POINT ( 'NONE',  ( 1.124253940321133127, -2.001390541368568421, 0.7659099622496909898 ) ) ;
#6547 = EDGE_CURVE ( 'NONE', #3070, #1225, #2361, .T. ) ;
#6548 = CARTESIAN_POINT ( 'NONE',  ( 0.000000000000000000, 0.000000000000000000, 4.062213304289150173 ) ) ;
#6549 = ORIENTED_EDGE ( 'NONE', *, *, #5185, .F. ) ;
#6550 = DIRECTION ( 'NONE',  ( 0.000000000000000000, 0.000000000000000000, 1.000000000000000000 ) ) ;
#6551 = ORIENTED_EDGE ( 'NONE', *, *, #2616, .T. ) ;
#6552 = DIRECTION ( 'NONE',  ( 0.000000000000000000, 1.000000000000000000, 0.000000000000000000 ) ) ;
#6553 = CARTESIAN_POINT ( 'NONE',  ( -0.8278478162422380215, 1.823470714214820099, 3.121953701425990602 ) ) ;
#6554 = CARTESIAN_POINT ( 'NONE',  ( -0.5849999999999999645, -2.672499999999999876, -2.754830917718800176 ) ) ;
#6555 = COLOUR_RGB ( '',0.8313725490196077761, 0.8313725490196077761, 0.8313725490196077761 ) ;
#6556 = CARTESIAN_POINT ( 'NONE',  ( -1.787092346873600857, 0.8941979632243289844, 3.310598656537461881 ) ) ;
#6557 = DIRECTION ( 'NONE',  ( 0.000000000000000000, 0.4836800446059870140, -0.8752448882741049596 ) ) ;
#6558 = FACE_OUTER_BOUND ( 'NONE', #7938, .T. ) ;
#6559 = MECHANICAL_DESIGN_GEOMETRIC_PRESENTATION_REPRESENTATION (  '', ( #3017 ), #4579 ) ;
#6560 = CARTESIAN_POINT ( 'NONE',  ( -1.972015892948990157, -0.9865990537412021588, 3.462539920189870113 ) ) ;
#6561 = CARTESIAN_POINT ( 'NONE',  ( -0.8954627612982249962, -1.789048509053550395, 2.878197933163148203 ) ) ;
#6562 = DIRECTION ( 'NONE',  ( -1.000000000000000000, 4.690725534556966116E-17, -2.592200612862557462E-17 ) ) ;
#6563 = CARTESIAN_POINT ( 'NONE',  ( -0.5849999999999999645, 2.087499999999999911, 0.000000000000000000 ) ) ;
#6564 = CARTESIAN_POINT ( 'NONE',  ( 0.5849999999999999645, -2.087499999999999911, -2.754830917718800176 ) ) ;
#6565 = CARTESIAN_POINT ( 'NONE',  ( -2.400533504712495603, -0.9724766149051986552, 18.50000000000000000 ) ) ;
#6566 = CARTESIAN_POINT ( 'NONE',  ( -3.872041209587421928, -5.498774598083866039, 19.80000000000000071 ) ) ;
#6567 = CARTESIAN_POINT ( 'NONE',  ( -2.672499999999999876, -0.5849999999999999645, 0.1698237983775840176 ) ) ;
#6568 = ORIENTED_EDGE ( 'NONE', *, *, #7960, .F. ) ;
#6569 = CARTESIAN_POINT ( 'NONE',  ( 0.9971664572079160793, 5.154472198958613305, 23.60000000000000142 ) ) ;
#6570 = CARTESIAN_POINT ( 'NONE',  ( 2.658966281906080198, 0.8801149183120350328, 0.3537504162854430145 ) ) ;
#6571 = CARTESIAN_POINT ( 'NONE',  ( -1.122436352892438816, 6.630717038269962060, 19.79999999999999716 ) ) ;
#6572 = CARTESIAN_POINT ( 'NONE',  ( -2.291518291723539047, -0.9997911049709935494, 23.59999999999999787 ) ) ;
#6573 = CARTESIAN_POINT ( 'NONE',  ( -2.087499999999999911, -0.8774999999999989475, 0.000000000000000000 ) ) ;
#6574 = VERTEX_POINT ( 'NONE', #2761 ) ;
#6575 = LINE ( 'NONE', #5111, #586 ) ;
#6576 = VECTOR ( 'NONE', #4130, 1000.000000000000000 ) ;
#6577 =( LENGTH_UNIT ( ) NAMED_UNIT ( * ) SI_UNIT ( .MILLI., .METRE. ) );
#6578 = ADVANCED_FACE ( 'NONE', ( #2097 ), #3223, .F. ) ;
#6579 = CARTESIAN_POINT ( 'NONE',  ( -0.8801900241220309562, 2.672499999999999876, 0.1698237983775840176 ) ) ;
#6580 = ORIENTED_EDGE ( 'NONE', *, *, #3428, .F. ) ;
#6581 =( NAMED_UNIT ( * ) PLANE_ANGLE_UNIT ( ) SI_UNIT ( $, .RADIAN. ) );
#6582 = CARTESIAN_POINT ( 'NONE',  ( -1.169999999999999929, 2.342881542607920142, 3.044357363000000039 ) ) ;
#6583 =( NAMED_UNIT ( * ) SI_UNIT ( $, .STERADIAN. ) SOLID_ANGLE_UNIT ( ) );
#6584 = FACE_OUTER_BOUND ( 'NONE', #4511, .T. ) ;
#6585 = CARTESIAN_POINT ( 'NONE',  ( 2.646656609044126363, 3.496481823175566550, 2.969165229559820762 ) ) ;
#6586 = EDGE_LOOP ( 'NONE', ( #4657, #3369, #8443, #779, #2210, #3967, #135, #6137, #4838 ) ) ;
#6587 = CARTESIAN_POINT ( 'NONE',  ( 1.790511639302165392, 0.8973655974403430546, 3.046467857036093907 ) ) ;
#6588 =( NAMED_UNIT ( * ) PLANE_ANGLE_UNIT ( ) SI_UNIT ( $, .RADIAN. ) );
#6590 = CARTESIAN_POINT ( 'NONE',  ( -0.8774999999999989475, 2.087499999999999911, 0.000000000000000000 ) ) ;
#6589 = MECHANICAL_DESIGN_GEOMETRIC_PRESENTATION_REPRESENTATION (  '', ( #7162 ), #2671 ) ;
#6591 = CARTESIAN_POINT ( 'NONE',  ( -0.8948634454819685002, 1.788664213609482134, 3.495420199495470559 ) ) ;
#6592 = SURFACE_STYLE_USAGE ( .BOTH. , #3891 ) ;
#6593 =( GEOMETRIC_REPRESENTATION_CONTEXT ( 3 ) GLOBAL_UNCERTAINTY_ASSIGNED_CONTEXT ( ( #4878 ) ) GLOBAL_UNIT_ASSIGNED_CONTEXT ( ( #1203, #526, #1781 ) ) REPRESENTATION_CONTEXT ( 'NONE', 'WORKASPACE' ) );
#6594 = DIRECTION ( 'NONE',  ( 0.000000000000000000, -0.000000000000000000, -1.000000000000000000 ) ) ;
#6595 = VECTOR ( 'NONE', #677, 1000.000000000000000 ) ;
#6596 = SURFACE_STYLE_FILL_AREA ( #7269 ) ;
#6597 = CARTESIAN_POINT ( 'NONE',  ( -2.085550000000000015, -1.169999999999999929, 0.1648747531013350087 ) ) ;
#6598 =( NAMED_UNIT ( * ) SI_UNIT ( $, .STERADIAN. ) SOLID_ANGLE_UNIT ( ) );
#6599 = CARTESIAN_POINT ( 'NONE',  ( -2.207106781186548350, -4.414213562373095812, 23.59999999999999432 ) ) ;
#6600 = AXIS2_PLACEMENT_3D ( 'NONE', #1361, #1317, #6673 ) ;
#6601 = CARTESIAN_POINT ( 'NONE',  ( 2.477500000000000036, -1.169999999999999929, 0.1648747531013670109 ) ) ;
#6602 = CIRCLE ( 'NONE', #5754, 4.409532436802679811 ) ;
#6603 = DIRECTION ( 'NONE',  ( 0.000000000000000000, 0.000000000000000000, 1.000000000000000000 ) ) ;
#6604 = DIRECTION ( 'NONE',  ( -1.224646799147353207E-16, -1.000000000000000000, 0.000000000000000000 ) ) ;
#6605 = CARTESIAN_POINT ( 'NONE',  ( 1.035763320414293309, -2.373973848355511507, 18.50000000000000355 ) ) ;
#6606 = CARTESIAN_POINT ( 'NONE',  ( -6.028571416421179663, -2.995510818677903586, 19.79999999999999716 ) ) ;
#6607 = CARTESIAN_POINT ( 'NONE',  ( 1.199556614274911004, 2.410773688136090165, 1.944948958572239928 ) ) ;
#6608 = DIRECTION ( 'NONE',  ( -1.000000000000000000, 1.224646799147353947E-16, 0.000000000000000000 ) ) ;
#6609 = CARTESIAN_POINT ( 'NONE',  ( -2.672499999999999876, -1.178070071642379979, 0.000000000000000000 ) ) ;
#6610 = VERTEX_POINT ( 'NONE', #7583 ) ;
#6611 = CARTESIAN_POINT ( 'NONE',  ( 1.177596897799789932, 2.334793460323457026, 3.562185876928670503 ) ) ;
#6612 = CARTESIAN_POINT ( 'NONE',  ( 2.459574791517070036, 0.9039231421471910499, 3.023199761055439971 ) ) ;
#6613 = CARTESIAN_POINT ( 'NONE',  ( -6.575746035943383916, 1.410843221828811833, 19.80000000000000071 ) ) ;
#6614 = CARTESIAN_POINT ( 'NONE',  ( 6.750000000000000000, 0.000000000000000000, 19.77499999999999858 ) ) ;
#6615 = CARTESIAN_POINT ( 'NONE',  ( 1.058662517935725189, -2.265608056321390951, 23.59999999999999787 ) ) ;
#6616 = CARTESIAN_POINT ( 'NONE',  ( -1.784862443188619974, -0.9023669203238581238, 3.562213304289150173 ) ) ;
#6617 = ORIENTED_EDGE ( 'NONE', *, *, #2683, .F. ) ;
#6618 = EDGE_CURVE ( 'NONE', #2722, #6223, #776, .T. ) ;
#6619 = VECTOR ( 'NONE', #1690, 1000.000000000000000 ) ;
#6620 = CARTESIAN_POINT ( 'NONE',  ( 0.000000000000000000, 0.000000000000000000, 11.28110665214460084 ) ) ;
#6621 = CARTESIAN_POINT ( 'NONE',  ( -4.370751894706227603, 5.352627317719211682E-16, 0.7073570630543275506 ) ) ;
#6622 = ORIENTED_EDGE ( 'NONE', *, *, #5017, .T. ) ;
#6623 = CARTESIAN_POINT ( 'NONE',  ( 1.784801668654916851, -0.9024884340601719845, 3.562183374261257196 ) ) ;
#6624 = LINE ( 'NONE', #5297, #6470 ) ;
#6625 = CARTESIAN_POINT ( 'NONE',  ( 1.188555478460281645, -2.087499999999999911, 0.1698237983775840176 ) ) ;
#6626 = PRESENTATION_LAYER_ASSIGNMENT (  '', '', ( #3227 ) ) ;
#6627 = PRESENTATION_LAYER_ASSIGNMENT (  '', '', ( #2943 ) ) ;
#6628 = CARTESIAN_POINT ( 'NONE',  ( 1.578710891105046699, 2.083934357854724251, 18.50000000000000000 ) ) ;
#6629 = EDGE_LOOP ( 'NONE', ( #2452, #1473, #4136, #5468, #4231, #1700, #6948, #384, #6939 ) ) ;
#6630 = CARTESIAN_POINT ( 'NONE',  ( 2.087499999999999911, 1.169999999999999929, 0.1648747531013370071 ) ) ;
#6631 = CARTESIAN_POINT ( 'NONE',  ( -1.972006126821382432, -0.9865941238127813318, 3.462133157821000840 ) ) ;
#6632 = CARTESIAN_POINT ( 'NONE',  ( -0.2879656823207700223, 2.069158844672990050, 0.4031326314136419731 ) ) ;
#6633 = FILL_AREA_STYLE ('',( #5223 ) ) ;
#6634 = PLANE ( 'NONE',  #7232 ) ;
#6635 = VERTEX_POINT ( 'NONE', #4298 ) ;
#6636 = SURFACE_SIDE_STYLE ('',( #3935 ) ) ;
#6637 = CARTESIAN_POINT ( 'NONE',  ( -2.275148975111600080, -1.112402206143199956, 1.611358014328420296 ) ) ;
#6638 =( GEOMETRIC_REPRESENTATION_CONTEXT ( 3 ) GLOBAL_UNCERTAINTY_ASSIGNED_CONTEXT ( ( #8457 ) ) GLOBAL_UNIT_ASSIGNED_CONTEXT ( ( #4686, #7433, #6724 ) ) REPRESENTATION_CONTEXT ( 'NONE', 'WORKASPACE' ) );
#6639 = CARTESIAN_POINT ( 'NONE',  ( 0.000000000000000000, 0.000000000000000000, 21.44999999999999929 ) ) ;
#6640 = B_SPLINE_CURVE_WITH_KNOTS ( 'NONE', 3,
 ( #5676, #5590, #6387, #8407, #6964, #6301 ),
 .UNSPECIFIED., .F., .F.,
 ( 4, 2, 4 ),
 ( 9.199760500100243673E-19, 0.0004229805104281855505, 0.0008459610208563701252 ),
 .UNSPECIFIED. ) ;
#6641 = DIRECTION ( 'NONE',  ( 0.000000000000000000, 0.000000000000000000, 1.000000000000000000 ) ) ;
#6642 = SURFACE_SIDE_STYLE ('',( #5976 ) ) ;
#6643 = CARTESIAN_POINT ( 'NONE',  ( 1.975832656520670083, -0.9888535912031669595, 3.046784498545739961 ) ) ;
#6644 = ADVANCED_FACE ( 'NONE', ( #8403 ), #8266, .T. ) ;
#6645 = CARTESIAN_POINT ( 'NONE',  ( -5.749999999999996447, 11.49999999999999467, 23.39289321881345529 ) ) ;
#6646 =( LENGTH_UNIT ( ) NAMED_UNIT ( * ) SI_UNIT ( .MILLI., .METRE. ) );
#6647 = CARTESIAN_POINT ( 'NONE',  ( -6.169254342209850250, -2.686582815038094818, 19.79999999999999361 ) ) ;
#6648 = AXIS2_PLACEMENT_3D ( 'NONE', #6882, #2215, #256 ) ;
#6649 = DIRECTION ( 'NONE',  ( 0.000000000000000000, 0.000000000000000000, 1.000000000000000000 ) ) ;
#6650 = CARTESIAN_POINT ( 'NONE',  ( -1.169999999999999929, -2.081591500000000483, 0.1648747531013670109 ) ) ;
#6651 = CARTESIAN_POINT ( 'NONE',  ( -2.462199271591070548, -0.8982158897896950212, 3.391840585329950031 ) ) ;
#6652 = VERTEX_POINT ( 'NONE', #202 ) ;
#6653 = CARTESIAN_POINT ( 'NONE',  ( 5.186319110385877451, 0.8169485872298788420, 23.60000000000000142 ) ) ;
#6654 = VECTOR ( 'NONE', #537, 1000.000000000000000 ) ;
#6655 = AXIS2_PLACEMENT_3D ( 'NONE', #3549, #4928, #1399 ) ;
#6656 = CARTESIAN_POINT ( 'NONE',  ( 2.580748070686531115, 6.210167860569314691, 19.80000000000000071 ) ) ;
#6657 = FILL_AREA_STYLE ('',( #6537 ) ) ;
#6658 = SURFACE_STYLE_FILL_AREA ( #3367 ) ;
#6659 = CARTESIAN_POINT ( 'NONE',  ( -1.996407488399340124, -0.2524308752718840698, 1.943675179718990176 ) ) ;
#6660 = ORIENTED_EDGE ( 'NONE', *, *, #2073, .F. ) ;
#6661 = CARTESIAN_POINT ( 'NONE',  ( 1.622165068995855997, 1.175027519890643690, 4.013552861513320025 ) ) ;
#6662 = CARTESIAN_POINT ( 'NONE',  ( 1.855209601828180954, -1.609584198776694786, 4.062213203554104979 ) ) ;
#6663 = UNCERTAINTY_MEASURE_WITH_UNIT (LENGTH_MEASURE( 1.000000000000000082E-05 ), #8731, 'distance_accuracy_value', 'NONE');
#6664 = CARTESIAN_POINT ( 'NONE',  ( 0.8801897339961539668, 2.672499999999999876, 0.1698237983775840176 ) ) ;
#6665 = VERTEX_POINT ( 'NONE', #2200 ) ;
#6666 =( NAMED_UNIT ( * ) SI_UNIT ( $, .STERADIAN. ) SOLID_ANGLE_UNIT ( ) );
#6667 = CARTESIAN_POINT ( 'NONE',  ( 4.361335283428461551, 0.000000000000000000, 0.7000000000000029532 ) ) ;
#6668 = CARTESIAN_POINT ( 'NONE',  ( 2.087499999999999911, -0.2174125788124142422, -3.419999999999999929 ) ) ;
#6669 = CARTESIAN_POINT ( 'NONE',  ( 4.909532436802689581, 0.000000000000000000, 23.59999999999999787 ) ) ;
#6670 =( GEOMETRIC_REPRESENTATION_CONTEXT ( 3 ) GLOBAL_UNCERTAINTY_ASSIGNED_CONTEXT ( ( #2123 ) ) GLOBAL_UNIT_ASSIGNED_CONTEXT ( ( #7349, #7436, #3310 ) ) REPRESENTATION_CONTEXT ( 'NONE', 'WORKASPACE' ) );
#6671 = ORIENTED_EDGE ( 'NONE', *, *, #8346, .F. ) ;
#6672 = PRESENTATION_STYLE_ASSIGNMENT (( #7981 ) ) ;
#6673 = DIRECTION ( 'NONE',  ( 0.000000000000000000, -0.000000000000000000, 1.000000000000000000 ) ) ;
#6674 = EDGE_CURVE ( 'NONE', #4554, #4622, #8580, .T. ) ;
#6675 = CARTESIAN_POINT ( 'NONE',  ( -0.7357236631721489895, -1.923171929168280059, 1.943675179696910060 ) ) ;
#6676 = FILL_AREA_STYLE_COLOUR ( '', #1722 ) ;
#6677 =( NAMED_UNIT ( * ) SI_UNIT ( $, .STERADIAN. ) SOLID_ANGLE_UNIT ( ) );
#6678 = DIRECTION ( 'NONE',  ( 0.000000000000000000, 0.000000000000000000, 1.000000000000000000 ) ) ;
#6679 = ADVANCED_FACE ( 'NONE', ( #2157 ), #1621, .F. ) ;
#6680 = CARTESIAN_POINT ( 'NONE',  ( -2.338664820565210078, -1.169999999999999929, 3.462676791579640589 ) ) ;
#6681 = PRESENTATION_LAYER_ASSIGNMENT (  '', '', ( #7697 ) ) ;
#6682 = DIRECTION ( 'NONE',  ( 0.000000000000000000, 0.000000000000000000, 1.000000000000000000 ) ) ;
#6683 = SURFACE_STYLE_USAGE ( .BOTH. , #7995 ) ;
#6684 = CARTESIAN_POINT ( 'NONE',  ( 2.085530499999999954, -1.169999999999999929, 0.1648747531013670109 ) ) ;
#6685 = CARTESIAN_POINT ( 'NONE',  ( 0.000000000000000000, 0.000000000000000000, 10.25306961402259986 ) ) ;
#6686 = CARTESIAN_POINT ( 'NONE',  ( -2.087499999999999911, 1.278225096610049884E-16, -1.709999999999999964 ) ) ;
#6687 = CARTESIAN_POINT ( 'NONE',  ( 2.320624381392772051, 1.310362178465541705, 0.7000000000000032863 ) ) ;
#6688 = B_SPLINE_SURFACE_WITH_KNOTS ( 'NONE', 3, 3, ( 
 ( #7226, #2757, #2804, #5531, #4777, #7483, #8254, #1368 ),
 ( #4105, #4815, #2145, #7432, #7573, #4196, #4155, #1322 ),
 ( #6810, #6763, #3438, #52, #5485, #6903, #798, #3519 ),
 ( #6241, #2853, #1800, #3119, #5115, #4587, #2349, #1709 ),
 ( #8557, #8602, #7120, #2446, #5165, #1005, #7208, #1095 ),
 ( #5867, #6579, #3828, #7926, #436, #1142, #6748, #6035 ),
 ( #6082, #4044, #8685, #6706, #6128, #8053, #598, #4089 ),
 ( #4714, #1928, #8142, #8015, #7370, #3335, #3375, #738 ),
 ( #7415, #5953, #5294, #4628, #1981, #7331, #5370, #8761 ),
 ( #2033, #6793, #1224, #5995, #33, #4135, #6840, #644 ),
 ( #3958, #2643, #691, #2737, #8096, #7507, #5467, #1402 ),
 ( #7467, #6664, #1306, #8807, #1351, #549, #2078, #4800 ),
 ( #8721, #2605, #4669, #3464, #2785, #5511, #8234, #6175 ),
 ( #84, #3242, #3360, #1334, #6777, #3990, #1287, #7959 ),
 ( #4029, #6064, #536, #4740, #6733, #7447, #3199, #579 ),
 ( #8709, #7280, #1837, #5897, #6021, #3903, #5355, #5936 ),
 ( #6690, #4573, #8790, #7401, #6607, #1960, #5281, #8633 ) ),
 .UNSPECIFIED., .F., .F., .F.,
 ( 4, 3, 1, 1, 1, 1, 1, 1, 1, 3, 4 ),
 ( 4, 1, 1, 1, 1, 4 ),
 ( -0.01351772013232470371, -0.003448748874399209900, 0.1250000000000000000, 0.2500000000000000000, 0.3750000000000000000, 0.5000000000000000000, 0.6250000000000000000, 0.7500000000000000000, 0.8750000000000000000, 1.003448376918149920, 1.013618037888654566 ),
 ( 0.000000000000000000, 0.1428571428571429880, 0.2857142857142859760, 0.5714285714285709528, 0.8571428571428569843, 1.000000000000000000 ),
 .UNSPECIFIED. ) ;
#6689 = DIRECTION ( 'NONE',  ( 0.000000000000000000, 0.000000000000000000, 1.000000000000000000 ) ) ;
#6690 = CARTESIAN_POINT ( 'NONE',  ( 1.201866208659439605, 2.672499999999999876, 0.000000000000000000 ) ) ;
#6691 = CARTESIAN_POINT ( 'NONE',  ( -2.589955567827030514, 3.171780796073238353E-16, 18.47500000000000142 ) ) ;
#6692 = CARTESIAN_POINT ( 'NONE',  ( -2.672499999999999876, 1.193934749165447062, 0.1698237983775840176 ) ) ;
#6693 = ADVANCED_FACE ( 'NONE', ( #5972 ), #5391, .T. ) ;
#6694 = ORIENTED_EDGE ( 'NONE', *, *, #284, .F. ) ;
#6695 = CARTESIAN_POINT ( 'NONE',  ( -1.788671819704820587, 0.8948891702401090553, 3.461860776390381034 ) ) ;
#6696 = CARTESIAN_POINT ( 'NONE',  ( 2.323952854406464041, 1.199096406373254764, 3.391840585329950031 ) ) ;
#6697 = CARTESIAN_POINT ( 'NONE',  ( 3.721688888351398106, -4.423778153832327753, 19.79999999999999716 ) ) ;
#6698 = VECTOR ( 'NONE', #1060, 1000.000000000000000 ) ;
#6699 = CARTESIAN_POINT ( 'NONE',  ( -2.271596629286036784, 6.329977120918443667, 19.80000000000000071 ) ) ;
#6700 = CARTESIAN_POINT ( 'NONE',  ( -4.349385432184958766, 8.698770864369917533, 0.7000000000000030642 ) ) ;
#6701 = CARTESIAN_POINT ( 'NONE',  ( 6.750000000000000888, 0.000000000000000000, 10.25102831460725916 ) ) ;
#6702 = ADVANCED_FACE ( 'NONE', ( #1949 ), #7761, .T. ) ;
#6703 = CARTESIAN_POINT ( 'NONE',  ( -1.823234047807620328, -0.8257089790026440612, 3.562213304289159943 ) ) ;
#6704 = ORIENTED_EDGE ( 'NONE', *, *, #1989, .F. ) ;
#6705 = CARTESIAN_POINT ( 'NONE',  ( -2.087499999999999911, 0.5849999999999999645, -2.754830917718800176 ) ) ;
#6706 = CARTESIAN_POINT ( 'NONE',  ( -0.5900390149043169830, 2.612693253557739848, 0.7666085965705949912 ) ) ;
#6707 = ORIENTED_EDGE ( 'NONE', *, *, #3066, .T. ) ;
#6708 = CARTESIAN_POINT ( 'NONE',  ( -5.750000000000002665, -11.50000000000000000, 19.82499999999999929 ) ) ;
#6709 = CARTESIAN_POINT ( 'NONE',  ( 1.169999999999999929, 2.676400000000000112, 0.1648747531013440015 ) ) ;
#6710 = LINE ( 'NONE', #4631, #4902 ) ;
#6711 =( LENGTH_UNIT ( ) NAMED_UNIT ( * ) SI_UNIT ( .MILLI., .METRE. ) );
#6712 = CARTESIAN_POINT ( 'NONE',  ( -1.630112334255759077, -4.070275626908720135, 2.969165229559820318 ) ) ;
#6713 = CARTESIAN_POINT ( 'NONE',  ( -2.264930063539860150, 1.159621552603439909, 0.3997352181732399812 ) ) ;
#6714 = CIRCLE ( 'NONE', #7724, 2.000000000000000000 ) ;
#6715 = CIRCLE ( 'NONE', #8298, 4.373642825356682806 ) ;
#6716 = ORIENTED_EDGE ( 'NONE', *, *, #8345, .F. ) ;
#6717 =( LENGTH_UNIT ( ) NAMED_UNIT ( * ) SI_UNIT ( .MILLI., .METRE. ) );
#6718 = CARTESIAN_POINT ( 'NONE',  ( 1.198551493024144987, -2.323370990216798049, 3.023199761058580126 ) ) ;
#6719 = CARTESIAN_POINT ( 'NONE',  ( -0.4692762881063870517, -1.948595373499619976, 3.022064739156700153 ) ) ;
#6720 = EDGE_CURVE ( 'NONE', #5451, #5070, #8368, .T. ) ;
#6721 = EDGE_LOOP ( 'NONE', ( #7450, #7740, #3114, #4543, #2630, #8643, #655, #5807, #3087, #1300, #7649, #5104 ) ) ;
#6722 = CARTESIAN_POINT ( 'NONE',  ( 6.749751228180427276, -13.49950245636085988, 10.24900223072822847 ) ) ;
#6723 = PRESENTATION_STYLE_ASSIGNMENT (( #5347 ) ) ;
#6724 =( NAMED_UNIT ( * ) SI_UNIT ( $, .STERADIAN. ) SOLID_ANGLE_UNIT ( ) );
#6725 = SURFACE_SIDE_STYLE ('',( #8784 ) ) ;
#6726 = PLANE ( 'NONE',  #4143 ) ;
#6727 = CARTESIAN_POINT ( 'NONE',  ( 0.000000000000000000, 0.000000000000000000, 19.77499999999999858 ) ) ;
#6728 = CARTESIAN_POINT ( 'NONE',  ( -0.3353543002692508934, -2.639888194240438857, 0.7000000000000031752 ) ) ;
#6729 = CARTESIAN_POINT ( 'NONE',  ( -2.614955567827029981, -5.229911135654058185, 18.48964466094067305 ) ) ;
#6730 = PRESENTATION_LAYER_ASSIGNMENT (  '', '', ( #3909 ) ) ;
#6731 = EDGE_CURVE ( 'NONE', #4175, #1533, #1514, .T. ) ;
#6732 = CARTESIAN_POINT ( 'NONE',  ( -1.596671502086140171, -6.534333988653779457, 19.79999999999999716 ) ) ;
#6733 = CARTESIAN_POINT ( 'NONE',  ( 1.184843313548896937, 2.415518850684876817, 1.944948958572239928 ) ) ;
#6734 = CARTESIAN_POINT ( 'NONE',  ( -2.612693253559509987, 0.5900390149046520483, 0.7666085965705810024 ) ) ;
#6735 = ORIENTED_EDGE ( 'NONE', *, *, #6890, .T. ) ;
#6736 = CARTESIAN_POINT ( 'NONE',  ( -4.021598506461247169, 3.383375705897900154, 23.60000000000000142 ) ) ;
#6737 = PRESENTATION_LAYER_ASSIGNMENT (  '', '', ( #1755 ) ) ;
#6738 = CARTESIAN_POINT ( 'NONE',  ( 2.672499999999999876, -1.186002076672067140, 0.000000000000000000 ) ) ;
#6739 = CARTESIAN_POINT ( 'NONE',  ( 5.435785393496853857, -1.950681896467482135, 19.80000000000000071 ) ) ;
#6740 =( NAMED_UNIT ( * ) PLANE_ANGLE_UNIT ( ) SI_UNIT ( $, .RADIAN. ) );
#6741 = CARTESIAN_POINT ( 'NONE',  ( -0.6892893955743585321, 4.346110727201735635, 2.969165229559819430 ) ) ;
#6742 = CARTESIAN_POINT ( 'NONE',  ( -1.776411381539196199, -0.9190860425403444278, 3.391484666840950180 ) ) ;
#6743 = ADVANCED_FACE ( 'NONE', ( #4904 ), #7613, .T. ) ;
#6744 = AXIS2_PLACEMENT_3D ( 'NONE', #3853, #8581, #2587 ) ;
#6745 = UNCERTAINTY_MEASURE_WITH_UNIT (LENGTH_MEASURE( 1.000000000000000082E-05 ), #3442, 'distance_accuracy_value', 'NONE');
#6746 = CARTESIAN_POINT ( 'NONE',  ( -2.000000000000001776, 2.449293598294708880E-16, 23.10000000000000142 ) ) ;
#6747 = UNCERTAINTY_MEASURE_WITH_UNIT (LENGTH_MEASURE( 1.000000000000000082E-05 ), #4137, 'distance_accuracy_value', 'NONE');
#6748 = CARTESIAN_POINT ( 'NONE',  ( -0.8982158900288670367, 2.462199271519390109, 3.391840585329959801 ) ) ;
#6749 = ORIENTED_EDGE ( 'NONE', *, *, #7237, .F. ) ;
#6750 = CARTESIAN_POINT ( 'NONE',  ( 5.774999999999997691, -11.55000000000000071, 19.79999999999999716 ) ) ;
#6751 = CARTESIAN_POINT ( 'NONE',  ( 1.078299526870599934, 2.155340356757109888, 3.462608355884940092 ) ) ;
#6752 = CARTESIAN_POINT ( 'NONE',  ( 2.614955567827029981, 0.000000000000000000, 18.50000000000000000 ) ) ;
#6753 = CARTESIAN_POINT ( 'NONE',  ( 3.207236155961798119, -2.993455335895637504, 2.969165229559819874 ) ) ;
#6754 = CARTESIAN_POINT ( 'NONE',  ( 2.074660226804748486, -1.176507595404157502, 0.3536250458873117508 ) ) ;
#6755 = CARTESIAN_POINT ( 'NONE',  ( -2.068647375677952205, 1.154380436668177357, 0.3996868137445588887 ) ) ;
#6756 = VERTEX_POINT ( 'NONE', #400 ) ;
#6757 = CARTESIAN_POINT ( 'NONE',  ( 2.282500000000000195, 1.169999999999999929, 0.000000000000000000 ) ) ;
#6758 = AXIS2_PLACEMENT_3D ( 'NONE', #5012, #4343, #7234 ) ;
#6759 = CARTESIAN_POINT ( 'NONE',  ( 0.5849999999999989653, -2.672499999999999876, 0.000000000000000000 ) ) ;
#6760 = SURFACE_SIDE_STYLE ('',( #4056 ) ) ;
#6761 = CARTESIAN_POINT ( 'NONE',  ( -0.8873499345467810162, -1.883923240499330021, 1.943675179696910060 ) ) ;
#6762 = DIRECTION ( 'NONE',  ( 1.000000000000000000, 0.000000000000000000, -0.000000000000000000 ) ) ;
#6763 = CARTESIAN_POINT ( 'NONE',  ( -1.185923869947271836, 2.672499999999999876, 0.1698237983775839344 ) ) ;
#6764 = PRESENTATION_STYLE_ASSIGNMENT (( #3979 ) ) ;
#6765 = DIRECTION ( 'NONE',  ( 1.000000000000000000, 0.000000000000000000, 0.000000000000000000 ) ) ;
#6766 = CARTESIAN_POINT ( 'NONE',  ( 0.9190764803309537934, 1.776414646966939737, 3.562213309405399819 ) ) ;
#6767 = SHAPE_REPRESENTATION_RELATIONSHIP ( 'NONE' , 'NONE' ,  #367, #389 ) ;
#6768 = SURFACE_SIDE_STYLE ('',( #1326 ) ) ;
#6769 = SURFACE_STYLE_USAGE ( .BOTH. , #667 ) ;
#6770 = CARTESIAN_POINT ( 'NONE',  ( 1.788925683043190107, -0.8951142490607900681, 3.310600361383630563 ) ) ;
#6771 = ADVANCED_FACE ( 'NONE', ( #6418 ), #5055, .F. ) ;
#6772 = PLANE ( 'NONE',  #6805 ) ;
#6773 =( NAMED_UNIT ( * ) PLANE_ANGLE_UNIT ( ) SI_UNIT ( $, .RADIAN. ) );
#6774 = CARTESIAN_POINT ( 'NONE',  ( 2.087500000000000355, 1.170000000000000151, 0.07352654781203178669 ) ) ;
#6775 = CARTESIAN_POINT ( 'NONE',  ( 6.231734656045269993, -2.528217888441789185, 19.79999999999999716 ) ) ;
#6776 = AXIS2_PLACEMENT_3D ( 'NONE', #5746, #8522, #3294 ) ;
#6777 = CARTESIAN_POINT ( 'NONE',  ( 1.177486663185890015, 2.417891431959270143, 1.944948958572239928 ) ) ;
#6778 = FACE_OUTER_BOUND ( 'NONE', #3907, .T. ) ;
#6779 = CARTESIAN_POINT ( 'NONE',  ( -2.379895798545130337, 1.086867273958459945, 3.023199761058580126 ) ) ;
#6780 = ORIENTED_EDGE ( 'NONE', *, *, #5133, .F. ) ;
#6781 = CARTESIAN_POINT ( 'NONE',  ( -4.293151949263154243, 3.023181031090276694, 23.60000000000000853 ) ) ;
#6782 = CARTESIAN_POINT ( 'NONE',  ( 2.672499999999999876, -0.2924999999999999822, 0.000000000000000000 ) ) ;
#6783 = CARTESIAN_POINT ( 'NONE',  ( -0.7460458671308249912, -5.727819804436573570, 19.80000000000000426 ) ) ;
#6784 = PRESENTATION_LAYER_ASSIGNMENT (  '', '', ( #4537 ) ) ;
#6785 = CARTESIAN_POINT ( 'NONE',  ( -3.750831632548304650, 2.275400195347440757, 2.969165229559820762 ) ) ;
#6786 = CARTESIAN_POINT ( 'NONE',  ( 6.749257393156133489, 0.000000000000000000, 10.24702156662953278 ) ) ;
#6787 =( NAMED_UNIT ( * ) SI_UNIT ( $, .STERADIAN. ) SOLID_ANGLE_UNIT ( ) );
#6788 = FILL_AREA_STYLE_COLOUR ( '', #2022 ) ;
#6789 = CARTESIAN_POINT ( 'NONE',  ( 2.992893218813450940, 5.985786437626900103, 23.60000000000000142 ) ) ;
#6790 = VECTOR ( 'NONE', #5224, 1000.000000000000000 ) ;
#6791 = CARTESIAN_POINT ( 'NONE',  ( -4.361335283428462439, -8.722670566856921326, 0.7000000000000030642 ) ) ;
#6792 = CARTESIAN_POINT ( 'NONE',  ( 1.158802408805743367, -2.069564813873498554, 0.3468815888471843412 ) ) ;
#6793 = CARTESIAN_POINT ( 'NONE',  ( 0.2924999999999999822, 2.672499999999999876, 0.1698237983775840176 ) ) ;
#6794 = VERTEX_POINT ( 'NONE', #694 ) ;
#6795 = CARTESIAN_POINT ( 'NONE',  ( -5.131420022801290060, -1.122559083890114051, 23.59999999999999787 ) ) ;
#6796 = CARTESIAN_POINT ( 'NONE',  ( 0.8923379029763071069, 1.783370674449334503, 3.310595195700491100 ) ) ;
#6797 = SURFACE_SIDE_STYLE ('',( #6133 ) ) ;
#6798 = CARTESIAN_POINT ( 'NONE',  ( -3.200000000000001066, -6.399999999999998579, 2.979520568619147269 ) ) ;
#6799 =( BOUNDED_CURVE ( )  B_SPLINE_CURVE ( 3, ( #5203, #7968, #1751, #2487 ),
 .UNSPECIFIED., .F., .F. ) 
 B_SPLINE_CURVE_WITH_KNOTS ( ( 4, 4 ),
 ( 0.000000000000000000, 1.000000000000000000 ),
 .UNSPECIFIED. ) 
 CURVE ( )  GEOMETRIC_REPRESENTATION_ITEM ( )  RATIONAL_B_SPLINE_CURVE ( ( 1.000000000000000000, 0.3333333333333333703, 0.3333333333333333703, 1.000000000000000000 ) ) 
 REPRESENTATION_ITEM ( '' )  );
#6800 = CARTESIAN_POINT ( 'NONE',  ( 2.676400000000000112, -1.169999999999999929, 0.1648747531013670109 ) ) ;
#6801 = ORIENTED_EDGE ( 'NONE', *, *, #1763, .F. ) ;
#6802 = CARTESIAN_POINT ( 'NONE',  ( 2.342593206259148353, 1.171832571672928092, 3.311115224814277003 ) ) ;
#6803 = EDGE_CURVE ( 'NONE', #8184, #606, #6132, .T. ) ;
#6804 = CARTESIAN_POINT ( 'NONE',  ( 0.8982154961043870012, -2.462199389554479811, 3.391840585329959801 ) ) ;
#6805 = AXIS2_PLACEMENT_3D ( 'NONE', #7764, #8355, #241 ) ;
#6806 = CARTESIAN_POINT ( 'NONE',  ( -1.176508715292659435, -2.074660224305246103, 0.3536250458876650238 ) ) ;
#6807 = CIRCLE ( 'NONE', #6535, 0.02499999999999984873 ) ;
#6808 = CARTESIAN_POINT ( 'NONE',  ( -4.409532436802679811, 8.819064873605359622, 2.994165229559819785 ) ) ;
#6809 = VERTEX_POINT ( 'NONE', #3467 ) ;
#6810 = CARTESIAN_POINT ( 'NONE',  ( -1.185923869947271836, 2.672499999999999876, 0.000000000000000000 ) ) ;
#6811 = CARTESIAN_POINT ( 'NONE',  ( 3.199999999999995293, -6.399999999999991473, 23.39289321881345174 ) ) ;
#6812 =( GEOMETRIC_REPRESENTATION_CONTEXT ( 3 ) GLOBAL_UNCERTAINTY_ASSIGNED_CONTEXT ( ( #4083 ) ) GLOBAL_UNIT_ASSIGNED_CONTEXT ( ( #7852, #3760, #8405 ) ) REPRESENTATION_CONTEXT ( 'NONE', 'WORKASPACE' ) );
#6813 = CARTESIAN_POINT ( 'NONE',  ( -2.663148555473643597, -1.170073692559879808, 0.3445562512057515070 ) ) ;
#6814 = CARTESIAN_POINT ( 'NONE',  ( -5.957065901446633246E-07, -2.672499999999999876, 0.000000000000000000 ) ) ;
#6815 = CARTESIAN_POINT ( 'NONE',  ( 1.204219204092847217, 2.087499999999999911, 0.000000000000000000 ) ) ;
#6816 = CARTESIAN_POINT ( 'NONE',  ( 0.000000000000000000, 0.000000000000000000, 20.80000000000000426 ) ) ;
#6817 = CARTESIAN_POINT ( 'NONE',  ( -1.566195939707290208, -2.140484332542559986, 4.062213304289150173 ) ) ;
#6818 = CARTESIAN_POINT ( 'NONE',  ( 2.077637712506402501, 1.160759286475569141, 0.2920641396519316757 ) ) ;
#6819 = MECHANICAL_DESIGN_GEOMETRIC_PRESENTATION_REPRESENTATION (  '', ( #3698 ), #3417 ) ;
#6820 = CARTESIAN_POINT ( 'NONE',  ( 6.575746035943486945, -1.410843221828628202, 19.80000000000000426 ) ) ;
#6821 = VECTOR ( 'NONE', #576, 1000.000000000000000 ) ;
#6822 =( LENGTH_UNIT ( ) NAMED_UNIT ( * ) SI_UNIT ( .MILLI., .METRE. ) );
#6823 = CARTESIAN_POINT ( 'NONE',  ( -2.596349520814230427, 0.3080437541689109993, 1.944948958572229936 ) ) ;
#6824 = ORIENTED_EDGE ( 'NONE', *, *, #3971, .T. ) ;
#6825 = CARTESIAN_POINT ( 'NONE',  ( -5.158701233528141472, 0.9750296006451343311, 23.60000000000000142 ) ) ;
#6826 = CARTESIAN_POINT ( 'NONE',  ( 2.459574669079489961, -0.9039235437207430168, 3.023199761055439971 ) ) ;
#6827 = VECTOR ( 'NONE', #1070, 1000.000000000000227 ) ;
#6828 = CARTESIAN_POINT ( 'NONE',  ( -3.801858157939199678, -4.365172639700422685, 19.80000000000000071 ) ) ;
#6829 = FILL_AREA_STYLE ('',( #2290 ) ) ;
#6830 =( GEOMETRIC_REPRESENTATION_CONTEXT ( 3 ) GLOBAL_UNCERTAINTY_ASSIGNED_CONTEXT ( ( #7369 ) ) GLOBAL_UNIT_ASSIGNED_CONTEXT ( ( #247, #3670, #2289 ) ) REPRESENTATION_CONTEXT ( 'NONE', 'WORKASPACE' ) );
#6831 = CARTESIAN_POINT ( 'NONE',  ( -2.280490654322659960, -1.286299887497099892, 3.932538239560280591 ) ) ;
#6832 = CARTESIAN_POINT ( 'NONE',  ( 2.441490250885359536, 0.6248298277228572228, 23.60000000000000142 ) ) ;
#6833 = CARTESIAN_POINT ( 'NONE',  ( -2.087499999999999911, -1.196505901955135842, 0.1698237983775840176 ) ) ;
#6834 = EDGE_LOOP ( 'NONE', ( #7164, #2935, #6322, #6841, #7882, #1965, #8389, #4360, #1919, #1993, #8551, #3279 ) ) ;
#6835 = CARTESIAN_POINT ( 'NONE',  ( -5.760355339059327839, 7.054400727930372410E-16, 19.79999999999999716 ) ) ;
#6836 = FACE_OUTER_BOUND ( 'NONE', #514, .T. ) ;
#6837 = LINE ( 'NONE', #6173, #8236 ) ;
#6838 = CARTESIAN_POINT ( 'NONE',  ( 0.9693317937148950847, -1.866065366683329119, 1.845067178647713524 ) ) ;
#6839 = UNCERTAINTY_MEASURE_WITH_UNIT (LENGTH_MEASURE( 1.000000000000000082E-05 ), #5275, 'distance_accuracy_value', 'NONE');
#6840 = CARTESIAN_POINT ( 'NONE',  ( 0.3054169571527369786, 2.603036770859290083, 3.391840585329950031 ) ) ;
#6841 = ORIENTED_EDGE ( 'NONE', *, *, #4404, .F. ) ;
#6842 = CARTESIAN_POINT ( 'NONE',  ( 1.169999999999999929, 2.653608653365420178, 0.3998310685270680676 ) ) ;
#6843 = CARTESIAN_POINT ( 'NONE',  ( 1.169999999999999929, 2.087499999999999467, 0.07351954288616555089 ) ) ;
#6844 = CARTESIAN_POINT ( 'NONE',  ( -2.646656609045425324, -3.496481823174519832, 2.969165229559819874 ) ) ;
#6845 = DIRECTION ( 'NONE',  ( 1.000000000000000000, -1.836970198721029934E-16, 0.000000000000000000 ) ) ;
#6846 =( LENGTH_UNIT ( ) NAMED_UNIT ( * ) SI_UNIT ( .MILLI., .METRE. ) );
#6847 = EDGE_CURVE ( 'NONE', #261, #8054, #35, .T. ) ;
#6848 = FILL_AREA_STYLE ('',( #172 ) ) ;
#6849 = ORIENTED_EDGE ( 'NONE', *, *, #6121, .T. ) ;
#6850 = CARTESIAN_POINT ( 'NONE',  ( 2.499789231423194202, 1.170969578503783026, 1.343881861359971008 ) ) ;
#6851 = CARTESIAN_POINT ( 'NONE',  ( 1.184746124116688115, -2.331187582928037294, 3.562213304289150173 ) ) ;
#6852 = FACE_OUTER_BOUND ( 'NONE', #5253, .T. ) ;
#6853 = SHAPE_REPRESENTATION ( 'body', ( #7673 ), #6812 ) ;
#6854 = CARTESIAN_POINT ( 'NONE',  ( -0.6888338008218419795, -1.881671994200110110, 3.022064739156709923 ) ) ;
#6855 = DIRECTION ( 'NONE',  ( 0.000000000000000000, 0.000000000000000000, 1.000000000000000000 ) ) ;
#6856 = EDGE_CURVE ( 'NONE', #184, #3458, #2788, .T. ) ;
#6857 = CARTESIAN_POINT ( 'NONE',  ( 0.8951142490607909563, -1.788925683043190107, 3.310600361383360113 ) ) ;
#6858 = ORIENTED_EDGE ( 'NONE', *, *, #5718, .T. ) ;
#6859 = SURFACE_STYLE_FILL_AREA ( #6195 ) ;
#6860 =( GEOMETRIC_REPRESENTATION_CONTEXT ( 3 ) GLOBAL_UNCERTAINTY_ASSIGNED_CONTEXT ( ( #8720 ) ) GLOBAL_UNIT_ASSIGNED_CONTEXT ( ( #2684, #593, #2124 ) ) REPRESENTATION_CONTEXT ( 'NONE', 'WORKASPACE' ) );
#6861 = CARTESIAN_POINT ( 'NONE',  ( -2.344481542513825456, -1.172776346084485777, 3.311116980805409948 ) ) ;
#6862 = CARTESIAN_POINT ( 'NONE',  ( 2.391372301382013621, 1.169652721356150504, 2.303721347988328283 ) ) ;
#6863 = CARTESIAN_POINT ( 'NONE',  ( 0.9526312172935604838, 1.814529895651678215, 2.444599270131050162 ) ) ;
#6864 =( NAMED_UNIT ( * ) PLANE_ANGLE_UNIT ( ) SI_UNIT ( $, .RADIAN. ) );
#6865 = CARTESIAN_POINT ( 'NONE',  ( -1.249691179614730085, -1.508087747605519890, 4.062213304289150173 ) ) ;
#6866 = CARTESIAN_POINT ( 'NONE',  ( 1.786805585893756154, -0.8955360187114778103, 3.046461524833341539 ) ) ;
#6867 = CARTESIAN_POINT ( 'NONE',  ( 2.165566731441340931, -1.529597713258767477, 0.7000000000000029532 ) ) ;
#6868 = SURFACE_SIDE_STYLE ('',( #2962 ) ) ;
#6869 = CARTESIAN_POINT ( 'NONE',  ( 6.630709568591073300, 1.122476735843059625, 19.80000000000000426 ) ) ;
#6870 = CARTESIAN_POINT ( 'NONE',  ( 3.200000000000000178, 0.000000000000000000, 23.10000000000000142 ) ) ;
#6871 = CARTESIAN_POINT ( 'NONE',  ( -2.334878108695380039, 1.177428062437410272, 3.391840585329950031 ) ) ;
#6872 = ORIENTED_EDGE ( 'NONE', *, *, #4235, .T. ) ;
#6873 = CARTESIAN_POINT ( 'NONE',  ( -2.338442919088274952, 4.706350616999777081, 23.60000000000000853 ) ) ;
#6874 = CARTESIAN_POINT ( 'NONE',  ( 2.334878260672629935, -1.177427761061440092, 3.391840585329950031 ) ) ;
#6875 = CARTESIAN_POINT ( 'NONE',  ( -0.5849999999999999645, -2.672499999999999876, 0.000000000000000000 ) ) ;
#6876 = APPLICATION_CONTEXT ( 'automotive_design' ) ;
#6877 =( GEOMETRIC_REPRESENTATION_CONTEXT ( 3 ) GLOBAL_UNCERTAINTY_ASSIGNED_CONTEXT ( ( #1485 ) ) GLOBAL_UNIT_ASSIGNED_CONTEXT ( ( #1634, #4998, #6377 ) ) REPRESENTATION_CONTEXT ( 'NONE', 'WORKASPACE' ) );
#6878 = FILL_AREA_STYLE ('',( #6920 ) ) ;
#6879 = SURFACE_STYLE_FILL_AREA ( #821 ) ;
#6880 = VERTEX_POINT ( 'NONE', #3730 ) ;
#6881 = CARTESIAN_POINT ( 'NONE',  ( -1.169995617892763073, 2.338667012531526979, 3.456333897126589338 ) ) ;
#6882 = CARTESIAN_POINT ( 'NONE',  ( 0.000000000000000000, 0.000000000000000000, 23.10000000000000142 ) ) ;
#6883 = CARTESIAN_POINT ( 'NONE',  ( 0.5849999999999999645, -2.672499999999999876, -1.709999999999999964 ) ) ;
#6884 = ORIENTED_EDGE ( 'NONE', *, *, #1997, .F. ) ;
#6885 = CARTESIAN_POINT ( 'NONE',  ( -0.5849999999999999645, -2.087499999999999911, 0.000000000000000000 ) ) ;
#6886 = AXIS2_PLACEMENT_3D ( 'NONE', #6620, #5950, #3164 ) ;
#6887 = CARTESIAN_POINT ( 'NONE',  ( 1.047482370084269920, 1.954424285663149963, 1.071369376537689933 ) ) ;
#6888 = SURFACE_STYLE_FILL_AREA ( #8423 ) ;
#6889 = PRESENTATION_LAYER_ASSIGNMENT (  '', '', ( #4623 ) ) ;
#6890 = EDGE_CURVE ( 'NONE', #261, #6880, #6399, .T. ) ;
#6891 = SURFACE_STYLE_USAGE ( .BOTH. , #5427 ) ;
#6892 =( GEOMETRIC_REPRESENTATION_CONTEXT ( 3 ) GLOBAL_UNCERTAINTY_ASSIGNED_CONTEXT ( ( #183 ) ) GLOBAL_UNIT_ASSIGNED_CONTEXT ( ( #6987, #7165, #6666 ) ) REPRESENTATION_CONTEXT ( 'NONE', 'WORKASPACE' ) );
#6893 = VERTEX_POINT ( 'NONE', #1658 ) ;
#6894 = CARTESIAN_POINT ( 'NONE',  ( 2.307185139991590361, 1.121521074810839957, 1.343580126141080022 ) ) ;
#6895 = CARTESIAN_POINT ( 'NONE',  ( 1.193776473833535468, -2.672499999999999876, 0.000000000000000000 ) ) ;
#6896 = CARTESIAN_POINT ( 'NONE',  ( -1.169999999999999929, 2.083559573413358734, 0.000000000000000000 ) ) ;
#6897 = CARTESIAN_POINT ( 'NONE',  ( -8.417035595602080734E-15, -2.004825535342650067, 3.022064739156700153 ) ) ;
#6898 =( LENGTH_UNIT ( ) NAMED_UNIT ( * ) SI_UNIT ( .MILLI., .METRE. ) );
#6899 = CARTESIAN_POINT ( 'NONE',  ( -3.210355339059326241, 6.420710678118652481, 2.969165229559819430 ) ) ;
#6900 = CARTESIAN_POINT ( 'NONE',  ( 1.169999999999999929, -2.338926533919969852, 3.311111815122900648 ) ) ;
#6901 = ORIENTED_EDGE ( 'NONE', *, *, #2892, .T. ) ;
#6902 = FILL_AREA_STYLE_COLOUR ( '', #6258 ) ;
#6903 = CARTESIAN_POINT ( 'NONE',  ( -1.184376508273369710, 2.330545120014160254, 3.023199761058580126 ) ) ;
#6904 = CARTESIAN_POINT ( 'NONE',  ( 1.855209601828171184, 1.609584198776695452, 4.062213203554114749 ) ) ;
#6905 = CARTESIAN_POINT ( 'NONE',  ( 0.4071347937842407227, -2.614955664170302896, 3.562213303356069893 ) ) ;
#6906 = CARTESIAN_POINT ( 'NONE',  ( 1.163966503138019970, 2.069579617731510446, 0.4031326314136419731 ) ) ;
#6907 = SHAPE_DEFINITION_REPRESENTATION ( #357, #6853 ) ;
#6908 =( NAMED_UNIT ( * ) SI_UNIT ( $, .STERADIAN. ) SOLID_ANGLE_UNIT ( ) );
#6909 = CARTESIAN_POINT ( 'NONE',  ( -2.074660224264926800, 1.176508733300015708, 0.3536250458933549723 ) ) ;
#6910 = CARTESIAN_POINT ( 'NONE',  ( 2.069597243056520597, -1.158832602387782629, 0.3416449585976973347 ) ) ;
#6911 = CARTESIAN_POINT ( 'NONE',  ( -2.678587004907275748, 1.169999999999999929, 0.000000000000000000 ) ) ;
#6912 = CARTESIAN_POINT ( 'NONE',  ( 1.437991972548249731, -6.573091062385572059, 19.79999999999999716 ) ) ;
#6913 = CARTESIAN_POINT ( 'NONE',  ( 1.170003082324018617, -2.617316775501776327, 0.5778405311791384724 ) ) ;
#6914 = CARTESIAN_POINT ( 'NONE',  ( 2.652140308935976520, -1.170012465633253784, 0.3619400617695026079 ) ) ;
#6915 = ORIENTED_EDGE ( 'NONE', *, *, #179, .T. ) ;
#6916 = DIRECTION ( 'NONE',  ( 0.000000000000000000, 1.000000000000000000, 0.000000000000000000 ) ) ;
#6917 = CARTESIAN_POINT ( 'NONE',  ( 2.672499999999999876, 0.2924999999999989830, 0.000000000000000000 ) ) ;
#6918 = CARTESIAN_POINT ( 'NONE',  ( -5.333025741619867865, -2.216263555287505849, 19.79999999999999716 ) ) ;
#6919 = CARTESIAN_POINT ( 'NONE',  ( -1.917038065106600131, 0.9590541971901510587, 3.619160446477410531 ) ) ;
#6920 = FILL_AREA_STYLE_COLOUR ( '', #633 ) ;
#6921 = FILL_AREA_STYLE ('',( #250 ) ) ;
#6922 = CARTESIAN_POINT ( 'NONE',  ( 2.625310906886355600, -5.250621813772714752, 0.7000000000000030642 ) ) ;
#6923 = ORIENTED_EDGE ( 'NONE', *, *, #4900, .T. ) ;
#6924 = UNCERTAINTY_MEASURE_WITH_UNIT (LENGTH_MEASURE( 1.000000000000000082E-05 ), #1805, 'distance_accuracy_value', 'NONE');
#6925 = CARTESIAN_POINT ( 'NONE',  ( -1.395869085603806514, 1.434968537908001052, 4.062213304289150173 ) ) ;
#6926 =( NAMED_UNIT ( * ) SI_UNIT ( $, .STERADIAN. ) SOLID_ANGLE_UNIT ( ) );
#6927 = CARTESIAN_POINT ( 'NONE',  ( 2.672499999999999876, -4.909302856081950143E-16, -3.419999999999999929 ) ) ;
#6928 = UNCERTAINTY_MEASURE_WITH_UNIT (LENGTH_MEASURE( 1.000000000000000082E-05 ), #2364, 'distance_accuracy_value', 'NONE');
#6929 = ORIENTED_EDGE ( 'NONE', *, *, #2043, .T. ) ;
#6930 = CARTESIAN_POINT ( 'NONE',  ( -3.968313425041737119, -3.456255257060717234, 23.59999999999999432 ) ) ;
#6931 = CARTESIAN_POINT ( 'NONE',  ( 1.154275095427102160, 2.064702287991222462, 0.3996858408634675897 ) ) ;
#6932 = MECHANICAL_DESIGN_GEOMETRIC_PRESENTATION_REPRESENTATION (  '', ( #8217 ), #6638 ) ;
#6933 =( LENGTH_UNIT ( ) NAMED_UNIT ( * ) SI_UNIT ( .MILLI., .METRE. ) );
#6934 = CARTESIAN_POINT ( 'NONE',  ( 2.500000000000000000, 0.000000000000000000, 23.60000000000000142 ) ) ;
#6935 = CARTESIAN_POINT ( 'NONE',  ( 1.855732675291414280, -0.9823777813866383379, 1.943675179695550037 ) ) ;
#6936 = CARTESIAN_POINT ( 'NONE',  ( -1.169984342757793394, 2.338633519183450193, 3.462676754535161106 ) ) ;
#6937 =( GEOMETRIC_REPRESENTATION_CONTEXT ( 3 ) GLOBAL_UNCERTAINTY_ASSIGNED_CONTEXT ( ( #6127 ) ) GLOBAL_UNIT_ASSIGNED_CONTEXT ( ( #8553, #6496, #3117 ) ) REPRESENTATION_CONTEXT ( 'NONE', 'WORKASPACE' ) );
#6938 = UNCERTAINTY_MEASURE_WITH_UNIT (LENGTH_MEASURE( 1.000000000000000082E-05 ), #3655, 'distance_accuracy_value', 'NONE');
#6939 = ORIENTED_EDGE ( 'NONE', *, *, #6547, .F. ) ;
#6940 = CARTESIAN_POINT ( 'NONE',  ( 2.659083881745010203, 1.169999999999999929, 0.3417417770400589805 ) ) ;
#6941 = CARTESIAN_POINT ( 'NONE',  ( -1.177476726470890078, -2.334853567213360126, 3.562213304289150173 ) ) ;
#6942 = SURFACE_STYLE_USAGE ( .BOTH. , #8341 ) ;
#6943 = PRESENTATION_LAYER_ASSIGNMENT (  '', '', ( #3671 ) ) ;
#6944 = CARTESIAN_POINT ( 'NONE',  ( 0.2524308752719420235, -1.996407488399120078, 1.943675179696910060 ) ) ;
#6945 = CARTESIAN_POINT ( 'NONE',  ( -2.178149483378497120, -1.451067340117910165, 4.012575049164722074 ) ) ;
#6946 = PRESENTATION_LAYER_ASSIGNMENT (  '', '', ( #6237 ) ) ;
#6947 = B_SPLINE_CURVE_WITH_KNOTS ( 'NONE', 3,
 ( #4527, #7238, #4571, #1127, #462, #1835, #1170, #3196, #3902, #8156, #4772, #7480, #2800, #6284, #6142, #1417 ),
 .UNSPECIFIED., .F., .F.,
 ( 4, 2, 2, 2, 2, 2, 2, 4 ),
 ( 5.006862344455288636E-11, 0.0004357466095595051241, 0.0008714931690503867389, 0.001742986288032150185, 0.002614479407013913306, 0.003050225966504795192, 0.003268099246250235918, 0.003485972525995676644 ),
 .UNSPECIFIED. ) ;
#6948 = ORIENTED_EDGE ( 'NONE', *, *, #3470, .F. ) ;
#6949 = CARTESIAN_POINT ( 'NONE',  ( 1.648603043770910048, 1.495701609872470028, 4.062213304289150173 ) ) ;
#6950 = CARTESIAN_POINT ( 'NONE',  ( 2.672499999999999876, 1.169999999999999929, 0.000000000000000000 ) ) ;
#6951 = CARTESIAN_POINT ( 'NONE',  ( 2.922596964161519749E-17, 2.087499999999999911, 0.000000000000000000 ) ) ;
#6952 = CARTESIAN_POINT ( 'NONE',  ( 1.169993426839144535, -2.338668108514680544, 3.453162449900069042 ) ) ;
#6953 = CARTESIAN_POINT ( 'NONE',  ( -2.087499999999999911, 1.196347878077637983, 0.000000000000000000 ) ) ;
#6954 = CARTESIAN_POINT ( 'NONE',  ( 1.972006127036259659, 0.9865941238190563123, 3.462133156856046501 ) ) ;
#6955 = CARTESIAN_POINT ( 'NONE',  ( -2.674529001635758352, 1.169999999999999929, 0.1648747531013440015 ) ) ;
#6956 = FILL_AREA_STYLE ('',( #3005 ) ) ;
#6957 = CARTESIAN_POINT ( 'NONE',  ( -0.4149042224850151839, 2.616845049023194036, 0.7000000000000028422 ) ) ;
#6958 = CARTESIAN_POINT ( 'NONE',  ( 5.374970994116067935, 4.068293999428541419, 19.79999999999999716 ) ) ;
#6959 = EDGE_CURVE ( 'NONE', #1629, #5938, #8464, .T. ) ;
#6960 = CARTESIAN_POINT ( 'NONE',  ( -4.409532436802692246, 5.400119784466845709E-16, 23.39289321881345529 ) ) ;
#6961 = FILL_AREA_STYLE ('',( #4117 ) ) ;
#6962 = EDGE_LOOP ( 'NONE', ( #8801, #6448, #2795, #1754 ) ) ;
#6963 =( NAMED_UNIT ( * ) SI_UNIT ( $, .STERADIAN. ) SOLID_ANGLE_UNIT ( ) );
#6964 = CARTESIAN_POINT ( 'NONE',  ( -1.287410677409241311, 1.537217166082882613, 4.062213304289150173 ) ) ;
#6965 = STYLED_ITEM ( 'NONE', ( #1505 ), #1944 ) ;
#6966 = CARTESIAN_POINT ( 'NONE',  ( -1.648231367092749977, 0.9695199234001420363, 3.932265868843620282 ) ) ;
#6967 = CARTESIAN_POINT ( 'NONE',  ( 1.019363696014930598, 3.060508266209777339, 2.969165229559820318 ) ) ;
#6968 = SURFACE_SIDE_STYLE ('',( #7015 ) ) ;
#6969 = CARTESIAN_POINT ( 'NONE',  ( 0.000000000000000000, 0.000000000000000000, 18.50000000000000000 ) ) ;
#6970 = CARTESIAN_POINT ( 'NONE',  ( -1.965755033876375624, -2.594978643431503418, 2.969165229559820318 ) ) ;
#6971 = CARTESIAN_POINT ( 'NONE',  ( 2.004559472654449781, 1.020521043241129924E-14, 3.391484666840950180 ) ) ;
#6972 = AXIS2_PLACEMENT_3D ( 'NONE', #5800, #6604, #1874 ) ;
#6973 = EDGE_CURVE ( 'NONE', #6809, #4727, #1098, .T. ) ;
#6974 = CARTESIAN_POINT ( 'NONE',  ( -1.286299887497099892, 2.280490654322659960, 3.932538239560280591 ) ) ;
#6975 = STYLED_ITEM ( 'NONE', ( #5492 ), #1599 ) ;
#6976 = CARTESIAN_POINT ( 'NONE',  ( -1.170484789251891700, -2.497900956016952279, 1.343878903171940697 ) ) ;
#6977 = CARTESIAN_POINT ( 'NONE',  ( 2.334793193069530481, -1.177597427967119748, 3.562188365187922923 ) ) ;
#6978 = CARTESIAN_POINT ( 'NONE',  ( 0.8930462310545883575, -1.784988274971955891, 3.462470102094253654 ) ) ;
#6979 = EDGE_LOOP ( 'NONE', ( #5772, #8674 ) ) ;
#6980 = CARTESIAN_POINT ( 'NONE',  ( 1.653242189761743974, -4.984197822684009793, 23.60000000000000853 ) ) ;
#6981 = COLOUR_RGB ( '',0.2862745098039215508, 0.2862745098039215508, 0.2862745098039215508 ) ;
#6982 = CARTESIAN_POINT ( 'NONE',  ( 2.074914979827549910, -1.061689760044479902, 0.3536250458873140268 ) ) ;
#6983 = CARTESIAN_POINT ( 'NONE',  ( -2.002736122950960151, 1.102282508364099911, 0.7659099622955359843 ) ) ;
#6984 = SURFACE_STYLE_FILL_AREA ( #3557 ) ;
#6985 =( GEOMETRIC_REPRESENTATION_CONTEXT ( 3 ) GLOBAL_UNCERTAINTY_ASSIGNED_CONTEXT ( ( #5600 ) ) GLOBAL_UNIT_ASSIGNED_CONTEXT ( ( #5572, #2752, #190 ) ) REPRESENTATION_CONTEXT ( 'NONE', 'WORKASPACE' ) );
#6986 = EDGE_LOOP ( 'NONE', ( #5619, #1093, #4962, #4994 ) ) ;
#6987 =( LENGTH_UNIT ( ) NAMED_UNIT ( * ) SI_UNIT ( .MILLI., .METRE. ) );
#6988 = CARTESIAN_POINT ( 'NONE',  ( -0.6054517154056969774, -2.549932382384810126, 3.391840585329950031 ) ) ;
#6989 = SURFACE_SIDE_STYLE ('',( #4280 ) ) ;
#6990 = CARTESIAN_POINT ( 'NONE',  ( 0.8774999999999989475, -2.087499999999999911, 0.1698237983775840176 ) ) ;
#6991 = PRESENTATION_STYLE_ASSIGNMENT (( #2185 ) ) ;
#6992 = ADVANCED_FACE ( 'NONE', ( #1579 ), #6441, .T. ) ;
#6993 = ADVANCED_FACE ( 'NONE', ( #4931 ), #956, .T. ) ;
#6994 = CARTESIAN_POINT ( 'NONE',  ( -3.200000000000000178, 3.918869757271530460E-16, 2.994165229559819785 ) ) ;
#6995 = CARTESIAN_POINT ( 'NONE',  ( 1.169999999999999929, -2.672499999999999876, 0.000000000000000000 ) ) ;
#6996 = ORIENTED_EDGE ( 'NONE', *, *, #6401, .T. ) ;
#6997 = CARTESIAN_POINT ( 'NONE',  ( -2.614955567827029981, 3.202396966051921746E-16, 9.599999999999999645 ) ) ;
#6998 = CARTESIAN_POINT ( 'NONE',  ( 2.127843323546340759, 1.064543335044627170, 3.456022374636221528 ) ) ;
#6999 = CARTESIAN_POINT ( 'NONE',  ( 0.8278478162422879816, 1.823470714214509902, 3.121953701425990602 ) ) ;
#7000 = CARTESIAN_POINT ( 'NONE',  ( 1.460694369927149960, -1.929685463755230090, 4.062214983206580143 ) ) ;
#7001 = FACE_OUTER_BOUND ( 'NONE', #6629, .T. ) ;
#7002 = CARTESIAN_POINT ( 'NONE',  ( -1.705095538545937428, 1.957707271921258041, 18.50000000000000711 ) ) ;
#7003 = PRESENTATION_LAYER_ASSIGNMENT (  '', '', ( #2016 ) ) ;
#7004 = CARTESIAN_POINT ( 'NONE',  ( -2.344790593196921957, 1.170942103862227857, 3.044360624754404387 ) ) ;
#7005 = SURFACE_STYLE_USAGE ( .BOTH. , #4295 ) ;
#7006 = ADVANCED_FACE ( 'NONE', ( #3597 ), #3703, .F. ) ;
#7007 = CARTESIAN_POINT ( 'NONE',  ( -1.096879030480396144, 5.669920595762198978, 19.80000000000000071 ) ) ;
#7008 = SURFACE_SIDE_STYLE ('',( #8402 ) ) ;
#7009 = LINE ( 'NONE', #7804, #1895 ) ;
#7010 =( LENGTH_UNIT ( ) NAMED_UNIT ( * ) SI_UNIT ( .MILLI., .METRE. ) );
#7011 = FACE_OUTER_BOUND ( 'NONE', #7832, .T. ) ;
#7012 =( LENGTH_UNIT ( ) NAMED_UNIT ( * ) SI_UNIT ( .MILLI., .METRE. ) );
#7013 = EDGE_CURVE ( 'NONE', #4723, #4194, #901, .T. ) ;
#7014 = CARTESIAN_POINT ( 'NONE',  ( 2.645519150546148168, 1.868515763110536909, 2.969165229559818986 ) ) ;
#7015 = SURFACE_STYLE_FILL_AREA ( #5053 ) ;
#7016 = PRESENTATION_STYLE_ASSIGNMENT (( #907 ) ) ;
#7017 =( NAMED_UNIT ( * ) PLANE_ANGLE_UNIT ( ) SI_UNIT ( $, .RADIAN. ) );
#7018 = CARTESIAN_POINT ( 'NONE',  ( 2.087499999999999911, 0.8774999999999979483, 0.000000000000000000 ) ) ;
#7019 = UNCERTAINTY_MEASURE_WITH_UNIT (LENGTH_MEASURE( 1.000000000000000082E-05 ), #897, 'distance_accuracy_value', 'NONE');
#7020 = CARTESIAN_POINT ( 'NONE',  ( -1.172717196131952910, -2.348272677264750641, 3.047420853623045822 ) ) ;
#7021 = LINE ( 'NONE', #6927, #8088 ) ;
#7022 = ORIENTED_EDGE ( 'NONE', *, *, #1194, .T. ) ;
#7023 = CARTESIAN_POINT ( 'NONE',  ( 5.026102185066227968, -1.533601501880483386, 23.60000000000000142 ) ) ;
#7024 =( NAMED_UNIT ( * ) SI_UNIT ( $, .STERADIAN. ) SOLID_ANGLE_UNIT ( ) );
#7025 = CARTESIAN_POINT ( 'NONE',  ( -2.661595147258096539, 1.170008068846513094, 0.2909879364792684608 ) ) ;
#7026 = ADVANCED_FACE ( 'NONE', ( #289 ), #3668, .F. ) ;
#7027 = CARTESIAN_POINT ( 'NONE',  ( 1.859341495967810065, -0.9703079709684669929, 1.943675179695550037 ) ) ;
#7028 = CARTESIAN_POINT ( 'NONE',  ( -1.950268328113810012, 0.4630684881388050789, 3.391484666840950180 ) ) ;
#7029 = ORIENTED_EDGE ( 'NONE', *, *, #6674, .F. ) ;
#7030 = MECHANICAL_DESIGN_GEOMETRIC_PRESENTATION_REPRESENTATION (  '', ( #7748 ), #6593 ) ;
#7031 = VECTOR ( 'NONE', #1792, 1000.000000000000114 ) ;
#7032 = UNCERTAINTY_MEASURE_WITH_UNIT (LENGTH_MEASURE( 1.000000000000000082E-05 ), #7763, 'distance_accuracy_value', 'NONE');
#7033 = ORIENTED_EDGE ( 'NONE', *, *, #7890, .T. ) ;
#7034 = CARTESIAN_POINT ( 'NONE',  ( 1.712228061764878184, 2.067437856504117821, 4.062213304289159943 ) ) ;
#7035 = UNCERTAINTY_MEASURE_WITH_UNIT (LENGTH_MEASURE( 1.000000000000000082E-05 ), #6174, 'distance_accuracy_value', 'NONE');
#7036 = CARTESIAN_POINT ( 'NONE',  ( -0.2958611420515029899, -2.621989014197910084, 0.7666085965705830008 ) ) ;
#7038 = CARTESIAN_POINT ( 'NONE',  ( -5.750000000000000000, -11.49999999999999467, 23.10000000000000142 ) ) ;
#7037 = MECHANICAL_DESIGN_GEOMETRIC_PRESENTATION_REPRESENTATION (  '', ( #1056 ), #3341 ) ;
#7039 = CARTESIAN_POINT ( 'NONE',  ( 0.6834055635694159525, -1.884391338456210097, 3.562213304289159943 ) ) ;
#7040 = CARTESIAN_POINT ( 'NONE',  ( -2.652134876240389350, -1.170004044637286800, 0.3619784802928102674 ) ) ;
#7041 = COLOUR_RGB ( '',0.8313725490196077761, 0.8313725490196077761, 0.8313725490196077761 ) ;
#7042 = CARTESIAN_POINT ( 'NONE',  ( 1.171832571672928092, -2.342593206259148353, 3.311115224814497271 ) ) ;
#7043 = ORIENTED_EDGE ( 'NONE', *, *, #8121, .T. ) ;
#7044 =( NAMED_UNIT ( * ) PLANE_ANGLE_UNIT ( ) SI_UNIT ( $, .RADIAN. ) );
#7045 = CARTESIAN_POINT ( 'NONE',  ( 2.068842596427933778, 1.709419751725309133, 4.062213304289159943 ) ) ;
#7046 = SURFACE_SIDE_STYLE ('',( #6375 ) ) ;
#7047 = CARTESIAN_POINT ( 'NONE',  ( 0.9355001113041639949, 1.821368159129850062, 2.444599270131050162 ) ) ;
#7048 = CARTESIAN_POINT ( 'NONE',  ( -0.6474766248654982848, 2.529272992460688041, 18.50000000000000000 ) ) ;
#7049 = CARTESIAN_POINT ( 'NONE',  ( -2.348608694374925587, 1.172826311586683268, 3.044367148263273037 ) ) ;
#7050 = CARTESIAN_POINT ( 'NONE',  ( 0.9024897488793064415, 1.784801004315851314, 3.562189521568387640 ) ) ;
#7051 = CARTESIAN_POINT ( 'NONE',  ( -1.951774986365516051, 5.438419344948977496, 19.80000000000000071 ) ) ;
#7052 = CARTESIAN_POINT ( 'NONE',  ( 2.617508042106536870, -1.169983111790042773, 0.5768359697991181090 ) ) ;
#7053 = EDGE_CURVE ( 'NONE', #7703, #6036, #4300, .T. ) ;
#7054 =( GEOMETRIC_REPRESENTATION_CONTEXT ( 3 ) GLOBAL_UNCERTAINTY_ASSIGNED_CONTEXT ( ( #6497 ) ) GLOBAL_UNIT_ASSIGNED_CONTEXT ( ( #3953, #5989, #2600 ) ) REPRESENTATION_CONTEXT ( 'NONE', 'WORKASPACE' ) );
#7055 = CARTESIAN_POINT ( 'NONE',  ( 2.337289382853857678, -1.172646662978596543, 3.529364884110331335 ) ) ;
#7056 = CARTESIAN_POINT ( 'NONE',  ( -1.437780815204060092, 1.390246858450379985, 4.062213304289150173 ) ) ;
#7057 = DIRECTION ( 'NONE',  ( -1.000000000000000000, 1.224646799147373422E-16, 0.000000000000000000 ) ) ;
#7058 = SURFACE_STYLE_FILL_AREA ( #4345 ) ;
#7059 = DIRECTION ( 'NONE',  ( 1.000000000000000000, 0.000000000000000000, 0.000000000000000000 ) ) ;
#7060 = CARTESIAN_POINT ( 'NONE',  ( 1.787387210359770107, 0.8973599153520831484, 3.562213304289150173 ) ) ;
#7061 = CARTESIAN_POINT ( 'NONE',  ( -1.172748857509392062, -2.344426542428737381, 3.311116929660555375 ) ) ;
#7062 = CARTESIAN_POINT ( 'NONE',  ( 1.789048509054213199, -0.8954627612985602836, 2.878197933163184619 ) ) ;
#7063 = ORIENTED_EDGE ( 'NONE', *, *, #428, .T. ) ;
#7064 = CARTESIAN_POINT ( 'NONE',  ( 0.4000806447927999221, -5.239072500897769658, 23.59999999999999787 ) ) ;
#7065 = SURFACE_STYLE_USAGE ( .BOTH. , #8506 ) ;
#7066 = CARTESIAN_POINT ( 'NONE',  ( -2.672499999999999876, 1.170000000000000151, 0.07308479522221665581 ) ) ;
#7067 = CARTESIAN_POINT ( 'NONE',  ( -1.823002569903870107, 0.8261626580635470507, 3.391484666840950180 ) ) ;
#7068 = ORIENTED_EDGE ( 'NONE', *, *, #6856, .T. ) ;
#7069 = CARTESIAN_POINT ( 'NONE',  ( 1.706197740892970049, -0.8536351487294500107, 3.461736865323250090 ) ) ;
#7070 = EDGE_LOOP ( 'NONE', ( #5420, #8426 ) ) ;
#7071 = CARTESIAN_POINT ( 'NONE',  ( 1.501321925854822048, 1.645791719976349432, 4.062213373350946455 ) ) ;
#7072 = B_SPLINE_CURVE_WITH_KNOTS ( 'NONE', 3,
 ( #8710, #2593, #5319, #8041, #7194, #1917, #2431, #5152, #1084, #6530, #423, #8591 ),
 .UNSPECIFIED., .F., .F.,
 ( 4, 2, 2, 2, 2, 4 ),
 ( 0.000000000000000000, 0.001743087623544984028, 0.002614631435317476150, 0.003050403341203722102, 0.003268289294146845079, 0.003486175247089968055 ),
 .UNSPECIFIED. ) ;
#7073 = CARTESIAN_POINT ( 'NONE',  ( -1.201867075652150785, -2.672499999999999876, 0.000000000000000000 ) ) ;
#7074 = CARTESIAN_POINT ( 'NONE',  ( 5.749999999999998224, -1.408343819019455781E-15, 23.39289321881345174 ) ) ;
#7075 = CARTESIAN_POINT ( 'NONE',  ( 1.173535354344670045, -2.087499999999999911, 0.000000000000000000 ) ) ;
#7076 = FILL_AREA_STYLE ('',( #4366 ) ) ;
#7077 = COLOUR_RGB ( '',0.8313725490196077761, 0.8313725490196077761, 0.8313725490196077761 ) ;
#7078 = CARTESIAN_POINT ( 'NONE',  ( -6.739644660940674825, -13.47928932188134254, 19.80000000000000071 ) ) ;
#7079 = B_SPLINE_CURVE_WITH_KNOTS ( 'NONE', 3,
 ( #4139, #6843, #3715, #741, #6180, #128, #2840, #5562, #3270, #8625, #1735, #2472, #5311, #3311, #6014, #5926 ),
 .UNSPECIFIED., .F., .F.,
 ( 4, 2, 2, 2, 2, 2, 2, 4 ),
 ( 4.693411796782972708E-19, 0.0002181014421151699994, 0.0004362028842303395651, 0.0008724057684606783712, 0.001744811536921356309, 0.002617217305382034138, 0.003053420189612373811, 0.003489623073842712184 ),
 .UNSPECIFIED. ) ;
#7080 = CARTESIAN_POINT ( 'NONE',  ( 1.170073904175786161, -2.662938198572151638, 0.3469790462919438712 ) ) ;
#7081 = EDGE_CURVE ( 'NONE', #4144, #5601, #5034, .T. ) ;
#7082 = ORIENTED_EDGE ( 'NONE', *, *, #2174, .F. ) ;
#7083 = SURFACE_STYLE_USAGE ( .BOTH. , #7661 ) ;
#7084 =( GEOMETRIC_REPRESENTATION_CONTEXT ( 3 ) GLOBAL_UNCERTAINTY_ASSIGNED_CONTEXT ( ( #4004 ) ) GLOBAL_UNIT_ASSIGNED_CONTEXT ( ( #4060, #4856, #4197 ) ) REPRESENTATION_CONTEXT ( 'NONE', 'WORKASPACE' ) );
#7085 =( NAMED_UNIT ( * ) PLANE_ANGLE_UNIT ( ) SI_UNIT ( $, .RADIAN. ) );
#7086 = CARTESIAN_POINT ( 'NONE',  ( 2.074642491277708611, 1.184456526550472510, 0.3536250458873150260 ) ) ;
#7087 = CARTESIAN_POINT ( 'NONE',  ( 1.046439167351040034, 1.945862440176949981, 1.127511258060150068 ) ) ;
#7088 = CARTESIAN_POINT ( 'NONE',  ( -1.775961024828010437, 0.9177920443724009170, 3.022064739160810198 ) ) ;
#7089 = CARTESIAN_POINT ( 'NONE',  ( 4.909532436802689581, 9.819064873605377386, 23.59999999999999787 ) ) ;
#7090 = CARTESIAN_POINT ( 'NONE',  ( -2.387832639686739977, 1.169999999999999929, 2.346119080237690113 ) ) ;
#7091 = CARTESIAN_POINT ( 'NONE',  ( 1.169985756019234158, 2.617507418691645604, 0.5768363991499478871 ) ) ;
#7092 =( NAMED_UNIT ( * ) PLANE_ANGLE_UNIT ( ) SI_UNIT ( $, .RADIAN. ) );
#7093 = CARTESIAN_POINT ( 'NONE',  ( -2.439532829297295535, 5.236063115913380805, 19.79999999999999716 ) ) ;
#7094 = SURFACE_STYLE_USAGE ( .BOTH. , #854 ) ;
#7095 =( GEOMETRIC_REPRESENTATION_CONTEXT ( 3 ) GLOBAL_UNCERTAINTY_ASSIGNED_CONTEXT ( ( #1572 ) ) GLOBAL_UNIT_ASSIGNED_CONTEXT ( ( #6335, #8525, #3746 ) ) REPRESENTATION_CONTEXT ( 'NONE', 'WORKASPACE' ) );
#7096 = CARTESIAN_POINT ( 'NONE',  ( -2.327447144744348329, 1.192163141525914627, 3.562213304289150173 ) ) ;
#7097 = CARTESIAN_POINT ( 'NONE',  ( 2.658107799362566581, -1.201869912412700803, 0.3537504162854430145 ) ) ;
#7098 = SURFACE_STYLE_FILL_AREA ( #5049 ) ;
#7099 = CARTESIAN_POINT ( 'NONE',  ( -0.9903281305547132485, -1.741073841577979175, 3.832864037326286333 ) ) ;
#7100 = COLOUR_RGB ( '',0.8313725490196077761, 0.8313725490196077761, 0.8313725490196077761 ) ;
#7101 = CARTESIAN_POINT ( 'NONE',  ( 1.139343852799154178, 3.017149990669365955, 2.969165229559820762 ) ) ;
#7102 = CARTESIAN_POINT ( 'NONE',  ( -1.169992171008222837, -2.338649169638113090, 3.462676777723450172 ) ) ;
#7103 = CARTESIAN_POINT ( 'NONE',  ( 2.589955567827030514, 0.000000000000000000, 18.50000000000000355 ) ) ;
#7104 = CARTESIAN_POINT ( 'NONE',  ( -2.518180856907192400, 0.8139515996477082460, 3.562210120353219267 ) ) ;
#7105 = CARTESIAN_POINT ( 'NONE',  ( -2.838511082957367648, -1.538721566981637645, 2.969165229559820318 ) ) ;
#7106 = CARTESIAN_POINT ( 'NONE',  ( 2.087499999999999911, 1.188555814180047188, 0.000000000000000000 ) ) ;
#7107 = UNCERTAINTY_MEASURE_WITH_UNIT (LENGTH_MEASURE( 1.000000000000000082E-05 ), #8572, 'distance_accuracy_value', 'NONE');
#7108 = CARTESIAN_POINT ( 'NONE',  ( -1.169999999999999929, -2.672499999999999876, 0.000000000000000000 ) ) ;
#7109 = CARTESIAN_POINT ( 'NONE',  ( 5.333025741619288773, 2.216263555288548126, 19.80000000000000426 ) ) ;
#7110 = ORIENTED_EDGE ( 'NONE', *, *, #7081, .T. ) ;
#7111 = CARTESIAN_POINT ( 'NONE',  ( -3.383375705898885144, -4.021598506460517974, 23.60000000000000142 ) ) ;
#7112 = PRESENTATION_LAYER_ASSIGNMENT (  '', '', ( #982 ) ) ;
#7113 = CARTESIAN_POINT ( 'NONE',  ( -1.523885159940125078, -2.011543708704559563, 23.59999999999999432 ) ) ;
#7114 = CARTESIAN_POINT ( 'NONE',  ( -1.823234047807470004, 0.8257089790025511356, 3.562213304289150173 ) ) ;
#7115 = ORIENTED_EDGE ( 'NONE', *, *, #814, .T. ) ;
#7116 = MECHANICAL_DESIGN_GEOMETRIC_PRESENTATION_REPRESENTATION (  '', ( #3986 ), #3281 ) ;
#7117 = PRESENTATION_STYLE_ASSIGNMENT (( #5864 ) ) ;
#7118 = B_SPLINE_SURFACE_WITH_KNOTS ( 'NONE', 3, 3, ( 
 ( #4015, #8570, #5179, #4512, #447, #6718, #1, #793 ),
 ( #6895, #1456, #704, #5479, #2088, #1411, #7475, #2044 ),
 ( #5431, #1316, #4190, #5569, #4055, #137, #2699, #6851 ),
 ( #3432, #8153, #3513, #6232, #8200, #6139, #2848, #4768 ),
 ( #8293, #4147, #3474, #6188, #92, #1360, #3387, #6095 ),
 ( #4895, #4099, #2747, #750, #5523, #2182, #6804, #8108 ),
 ( #6759, #44, #4809, #7607, #2796, #8245, #7522, #1499 ),
 ( #2138, #607, #4725, #3348, #6049, #4849, #7564, #8771 ),
 ( #2655, #5382, #1995, #7429, #656, #1669, #3080, #7651 ),
 ( #228, #4362, #2398, #7036, #2947, #7123, #4407, #5697 ),
 ( #1008, #5653, #1624, #8339, #3736, #3606, #6988, #2353 ),
 ( #8513, #4233, #2225, #8472, #921, #7785, #4279, #6450 ),
 ( #1586, #878, #2893, #345, #7706, #5782, #966, #8385 ),
 ( #5118, #5737, #5072, #6365, #3648, #7834, #266, #6941 ),
 ( #4988, #836, #3562, #1541, #6280, #186, #5611, #5027 ),
 ( #4939, #6326, #2266, #4318, #2989, #8430, #2310, #7752 ),
 ( #7073, #3691, #6410, #311, #3037, #1713, #4702, #8560 ) ),
 .UNSPECIFIED., .F., .F., .F.,
 ( 4, 3, 1, 1, 1, 1, 1, 1, 1, 3, 4 ),
 ( 4, 1, 1, 1, 1, 4 ),
 ( -0.01351720954857370607, -0.003448239663788620069, 0.1250000000000000000, 0.2500000000000000000, 0.3750000000000000000, 0.5000000000000000000, 0.6250000000000000000, 0.7500000000000000000, 0.8750000000000000000, 1.003448748814719904, 1.013618408398352821 ),
 ( 0.000000000000000000, 0.1428571428571429880, 0.2857142857142859760, 0.5714285714285709528, 0.8571428571428569843, 1.000000000000000000 ),
 .UNSPECIFIED. ) ;
#7119 = UNCERTAINTY_MEASURE_WITH_UNIT (LENGTH_MEASURE( 1.000000000000000082E-05 ), #3197, 'distance_accuracy_value', 'NONE');
#7120 = CARTESIAN_POINT ( 'NONE',  ( -1.077870739927919930, 2.658467261771510159, 0.3537504162900840243 ) ) ;
#7121 = ORIENTED_EDGE ( 'NONE', *, *, #74, .T. ) ;
#7122 = CARTESIAN_POINT ( 'NONE',  ( 1.606774956722940351, 1.856614806770210624, 4.062213237132462851 ) ) ;
#7123 = CARTESIAN_POINT ( 'NONE',  ( -0.3115470697297350045, -2.602666462704950501, 3.023199761058580126 ) ) ;
#7124 = CARTESIAN_POINT ( 'NONE',  ( -0.9346259383903050555, 1.830830847287794994, 2.344890341605426531 ) ) ;
#7125 = DIRECTION ( 'NONE',  ( 1.000000000000000000, 0.000000000000000000, -0.000000000000000000 ) ) ;
#7126 = EDGE_CURVE ( 'NONE', #2722, #5938, #7009, .T. ) ;
#7127 = MECHANICAL_DESIGN_GEOMETRIC_PRESENTATION_REPRESENTATION (  '', ( #5280 ), #6115 ) ;
#7128 = CARTESIAN_POINT ( 'NONE',  ( 3.504425864277363356, 2.652329286702542976, 2.969165229559820318 ) ) ;
#7129 = ORIENTED_EDGE ( 'NONE', *, *, #2559, .T. ) ;
#7130 = CARTESIAN_POINT ( 'NONE',  ( -1.169999999999999929, -2.672499999999999876, 0.000000000000000000 ) ) ;
#7131 = SURFACE_STYLE_FILL_AREA ( #1549 ) ;
#7132 = ORIENTED_EDGE ( 'NONE', *, *, #6401, .F. ) ;
#7133 = CARTESIAN_POINT ( 'NONE',  ( -2.087499999999999911, -3.048214766082917412E-07, 0.000000000000000000 ) ) ;
#7134 = MECHANICAL_DESIGN_GEOMETRIC_PRESENTATION_REPRESENTATION (  '', ( #5838 ), #3293 ) ;
#7135 = CARTESIAN_POINT ( 'NONE',  ( -0.4607690719104660104, 1.950811633123330058, 3.562213309405399819 ) ) ;
#7136 = SURFACE_STYLE_USAGE ( .BOTH. , #8658 ) ;
#7137 = CARTESIAN_POINT ( 'NONE',  ( -1.828999588000324250, 0.9338520971886522526, 2.344886301871479617 ) ) ;
#7138 = LINE ( 'NONE', #1023, #7538 ) ;
#7139 = EDGE_CURVE ( 'NONE', #5991, #6794, #5064, .T. ) ;
#7140 = CARTESIAN_POINT ( 'NONE',  ( -1.609584198776705444, 1.855209601828180510, 4.062213203554104979 ) ) ;
#7141 = CARTESIAN_POINT ( 'NONE',  ( 2.572314544551859150, 5.176971579855653260, 19.80000000000000071 ) ) ;
#7142 = CARTESIAN_POINT ( 'NONE',  ( 0.2174125788124139924, 2.379999999999999893, -3.419999999999999929 ) ) ;
#7143 = CARTESIAN_POINT ( 'NONE',  ( -2.464683429440670093, -1.166351853471290001, 0.3445236556954269780 ) ) ;
#7144 = CARTESIAN_POINT ( 'NONE',  ( -1.169071295881620731, -2.086481684166154427, 0.1455764897581954820 ) ) ;
#7145 = CARTESIAN_POINT ( 'NONE',  ( -1.700352948786929953E-16, -2.379999999999999893, 0.000000000000000000 ) ) ;
#7146 = DIRECTION ( 'NONE',  ( 1.000000000000000000, 0.000000000000000000, -0.000000000000000000 ) ) ;
#7147 = CARTESIAN_POINT ( 'NONE',  ( -2.207106781186548794, 2.702926254956524206E-16, 23.59999999999999787 ) ) ;
#7148 =( NAMED_UNIT ( * ) SI_UNIT ( $, .STERADIAN. ) SOLID_ANGLE_UNIT ( ) );
#7149 = CARTESIAN_POINT ( 'NONE',  ( -1.433562399259971532, -1.398680199180519779, 4.062213304289150173 ) ) ;
#7150 = CARTESIAN_POINT ( 'NONE',  ( 2.500000000000000000, 4.999999999999999112, 23.60000000000000142 ) ) ;
#7151 = MECHANICAL_DESIGN_GEOMETRIC_PRESENTATION_REPRESENTATION (  '', ( #1589 ), #6148 ) ;
#7152 = CARTESIAN_POINT ( 'NONE',  ( 0.8061492155519516256, -3.149454923662540651, 2.969165229559819874 ) ) ;
#7153 = CARTESIAN_POINT ( 'NONE',  ( 1.967840077768449936, 0.4988717198370299366, 1.943675179695550037 ) ) ;
#7154 = CARTESIAN_POINT ( 'NONE',  ( 2.038372506336893597, -1.125109531855303713, 0.5758035039733973015 ) ) ;
#7155 = CARTESIAN_POINT ( 'NONE',  ( -2.577289208663918529, -1.185665530264926160, 0.7666085965705810024 ) ) ;
#7156 = ORIENTED_EDGE ( 'NONE', *, *, #271, .F. ) ;
#7157 = CARTESIAN_POINT ( 'NONE',  ( 5.249999999999999112, 0.1604689676040290391, 23.60000000000000142 ) ) ;
#7158 = DIRECTION ( 'NONE',  ( -1.000000000000000000, 0.000000000000000000, -0.000000000000000000 ) ) ;
#7159 = VECTOR ( 'NONE', #5584, 1000.000000000000000 ) ;
#7160 = CARTESIAN_POINT ( 'NONE',  ( -1.192851806847426976, 2.200367281571442124, 23.60000000000000497 ) ) ;
#7161 = EDGE_LOOP ( 'NONE', ( #1561, #1016, #7068, #6622, #8174, #336 ) ) ;
#7162 = STYLED_ITEM ( 'NONE', ( #7170 ), #8061 ) ;
#7163 = DIRECTION ( 'NONE',  ( 1.000000000000000000, 0.000000000000000000, 0.000000000000000000 ) ) ;
#7164 = ORIENTED_EDGE ( 'NONE', *, *, #4892, .T. ) ;
#7165 =( NAMED_UNIT ( * ) PLANE_ANGLE_UNIT ( ) SI_UNIT ( $, .RADIAN. ) );
#7166 = CARTESIAN_POINT ( 'NONE',  ( 1.142800032688851442, -5.660845304645171439, 19.80000000000000071 ) ) ;
#7167 = CARTESIAN_POINT ( 'NONE',  ( -0.8951142490607919555, 1.788925683043190107, 3.310600361383289947 ) ) ;
#7168 = EDGE_CURVE ( 'NONE', #3421, #6446, #2189, .T. ) ;
#7169 =( REPRESENTATION_RELATIONSHIP ('NONE','NONE', #1844, #6853 ) REPRESENTATION_RELATIONSHIP_WITH_TRANSFORMATION ( #57 )SHAPE_REPRESENTATION_RELATIONSHIP( ) );
#7170 = PRESENTATION_STYLE_ASSIGNMENT (( #7298 ) ) ;
#7171 = CARTESIAN_POINT ( 'NONE',  ( 0.2174125788124139924, -2.672499999999999876, -3.419999999999999929 ) ) ;
#7172 = SURFACE_STYLE_USAGE ( .BOTH. , #3128 ) ;
#7173 = ORIENTED_EDGE ( 'NONE', *, *, #166, .F. ) ;
#7174 = CARTESIAN_POINT ( 'NONE',  ( -1.169999263134741119, -2.671367173981736176, 0.1454854118213892156 ) ) ;
#7175 = MECHANICAL_DESIGN_GEOMETRIC_PRESENTATION_REPRESENTATION (  '', ( #4623 ), #6025 ) ;
#7176 = CARTESIAN_POINT ( 'NONE',  ( -1.171814583379210628, 2.069585133571343771, 0.4031326314136419731 ) ) ;
#7177 = ADVANCED_FACE ( 'NONE', ( #5794 ), #5139, .T. ) ;
#7178 = CARTESIAN_POINT ( 'NONE',  ( 2.007773820587180680, -1.675361724247733441, 4.062213304289150173 ) ) ;
#7179 = CARTESIAN_POINT ( 'NONE',  ( -2.083599999999999675, 1.169999999999999929, 0.1648747531013440015 ) ) ;
#7180 = FILL_AREA_STYLE ('',( #4377 ) ) ;
#7181 = AXIS2_PLACEMENT_3D ( 'NONE', #3939, #6682, #5888 ) ;
#7182 = COLOUR_RGB ( '',0.2862745098039215508, 0.2862745098039215508, 0.2862745098039215508 ) ;
#7183 = CARTESIAN_POINT ( 'NONE',  ( -1.064579177979189994, 2.127825394168589845, 3.619421180777630198 ) ) ;
#7184 = CARTESIAN_POINT ( 'NONE',  ( -5.580401042316440297, 1.507191981408766868, 19.80000000000000071 ) ) ;
#7185 = CARTESIAN_POINT ( 'NONE',  ( -3.225000000000000089, 3.949485927250214346E-16, 2.994165229559819785 ) ) ;
#7186 = CARTESIAN_POINT ( 'NONE',  ( -1.790328549837927774, -0.8971885093189932991, 3.045389805666334659 ) ) ;
#7187 = CARTESIAN_POINT ( 'NONE',  ( 2.024999999999999911, -4.959819536546779614E-16, 18.50000000000000000 ) ) ;
#7188 = SURFACE_SIDE_STYLE ('',( #5927 ) ) ;
#7189 =( LENGTH_UNIT ( ) NAMED_UNIT ( * ) SI_UNIT ( .MILLI., .METRE. ) );
#7190 = CARTESIAN_POINT ( 'NONE',  ( 6.750000000000000000, 0.000000000000000000, 19.77499999999999858 ) ) ;
#7191 = CARTESIAN_POINT ( 'NONE',  ( 0.9947911872546344458, -2.391396136388826754, 18.49999999999999645 ) ) ;
#7192 = CARTESIAN_POINT ( 'NONE',  ( 4.384532436802681232, 0.000000000000000000, 2.969165229559820318 ) ) ;
#7193 = CARTESIAN_POINT ( 'NONE',  ( -6.621938365669312709, -1.173108207987725748, 19.80000000000000071 ) ) ;
#7194 = CARTESIAN_POINT ( 'NONE',  ( 1.050417493427181492, -1.957539838960895784, 1.149719053877380048 ) ) ;
#7195 = CARTESIAN_POINT ( 'NONE',  ( -2.379895798693949960, -1.086867273616419993, 3.023199761058580126 ) ) ;
#7196 = ADVANCED_FACE ( 'NONE', ( #1734 ), #3269, .T. ) ;
#7197 = ORIENTED_EDGE ( 'NONE', *, *, #4744, .F. ) ;
#7198 = LINE ( 'NONE', #5900, #5470 ) ;
#7199 = CARTESIAN_POINT ( 'NONE',  ( 2.585246348307059794, 1.079377616280609908, 0.7666085965432249960 ) ) ;
#7200 = CARTESIAN_POINT ( 'NONE',  ( 3.489927614022374502, 5.753072144948311539, 19.80000000000000071 ) ) ;
#7201 = PLANE ( 'NONE',  #3850 ) ;
#7202 = CARTESIAN_POINT ( 'NONE',  ( 2.200367281571302680, 1.192851806847475604, 23.60000000000000142 ) ) ;
#7203 = CARTESIAN_POINT ( 'NONE',  ( -2.075290510432060032, -0.8686045353371799616, 0.3536250458933549723 ) ) ;
#7204 = ORIENTED_EDGE ( 'NONE', *, *, #6355, .F. ) ;
#7205 = FACE_OUTER_BOUND ( 'NONE', #6834, .T. ) ;
#7206 = FILL_AREA_STYLE ('',( #2533 ) ) ;
#7207 =( NAMED_UNIT ( * ) PLANE_ANGLE_UNIT ( ) SI_UNIT ( $, .RADIAN. ) );
#7208 = CARTESIAN_POINT ( 'NONE',  ( -1.085281752930179922, 2.381338669127449847, 3.391840585329950031 ) ) ;
#7209 = ORIENTED_EDGE ( 'NONE', *, *, #7053, .F. ) ;
#7210 = CARTESIAN_POINT ( 'NONE',  ( 2.087499999999999911, -0.5849999999999999645, -2.754830917718800176 ) ) ;
#7211 = CARTESIAN_POINT ( 'NONE',  ( 5.644557172723821736, -1.234831806951081745, 19.80000000000000426 ) ) ;
#7212 = CARTESIAN_POINT ( 'NONE',  ( -1.169999999999999929, 2.338926533919969852, 3.311111815122819824 ) ) ;
#7213 = DIRECTION ( 'NONE',  ( 0.000000000000000000, 0.000000000000000000, 1.000000000000000000 ) ) ;
#7214 = CARTESIAN_POINT ( 'NONE',  ( 2.029507080744899827, -0.5501072345637909589, 0.7659099622468710233 ) ) ;
#7215 = CARTESIAN_POINT ( 'NONE',  ( 6.750000000000000000, -1.653273178848926867E-15, 19.77499999999999858 ) ) ;
#7216 = PRESENTATION_LAYER_ASSIGNMENT (  '', '', ( #3383 ) ) ;
#7217 = ORIENTED_EDGE ( 'NONE', *, *, #5426, .F. ) ;
#7218 = LINE ( 'NONE', #7883, #5475 ) ;
#7219 = ORIENTED_EDGE ( 'NONE', *, *, #680, .F. ) ;
#7220 = SURFACE_SIDE_STYLE ('',( #5221 ) ) ;
#7221 = CARTESIAN_POINT ( 'NONE',  ( -0.8998320509956450053, 1.786143755791750110, 3.391484670832360493 ) ) ;
#7222 = CARTESIAN_POINT ( 'NONE',  ( 1.606774956722929915, -1.856614806770200188, 4.062213237132453969 ) ) ;
#7223 = CARTESIAN_POINT ( 'NONE',  ( -2.379999999999999893, -0.2174125788124139924, -3.419999999999999929 ) ) ;
#7224 = CARTESIAN_POINT ( 'NONE',  ( -2.672499999999999876, -0.2174125788124139647, -3.419999999999999929 ) ) ;
#7225 = PRESENTATION_LAYER_ASSIGNMENT (  '', '', ( #4672 ) ) ;
#7226 = CARTESIAN_POINT ( 'NONE',  ( -1.201631465109635366, 2.672499999999999876, 0.000000000000000000 ) ) ;
#7227 = FILL_AREA_STYLE_COLOUR ( '', #679 ) ;
#7228 = CARTESIAN_POINT ( 'NONE',  ( -2.087499999999999911, -1.169999999999999929, 0.000000000000000000 ) ) ;
#7229 = CARTESIAN_POINT ( 'NONE',  ( 0.000000000000000000, 0.000000000000000000, 19.82499999999999929 ) ) ;
#7230 = CARTESIAN_POINT ( 'NONE',  ( 0.000000000000000000, 0.000000000000000000, 0.000000000000000000 ) ) ;
#7231 = DIRECTION ( 'NONE',  ( 1.000000000000000000, 0.000000000000000000, 0.000000000000000000 ) ) ;
#7232 = AXIS2_PLACEMENT_3D ( 'NONE', #521, #450, #3224 ) ;
#7233 = CARTESIAN_POINT ( 'NONE',  ( -1.858020011712220310, 1.603965714669165044, 4.062213270710811841 ) ) ;
#7234 = DIRECTION ( 'NONE',  ( 1.000000000000000000, 0.000000000000000000, 0.000000000000000000 ) ) ;
#7235 = SURFACE_SIDE_STYLE ('',( #2475 ) ) ;
#7236 = CARTESIAN_POINT ( 'NONE',  ( -2.499999999999999556, 4.999999999999999112, 23.60000000000000142 ) ) ;
#7237 = EDGE_CURVE ( 'NONE', #2406, #1862, #368, .T. ) ;
#7238 = CARTESIAN_POINT ( 'NONE',  ( -0.8951989326003197966, 1.789099057586451158, 3.316325519201201111 ) ) ;
#7239 = CARTESIAN_POINT ( 'NONE',  ( -1.158832602387782629, -2.069597243056520597, 0.3416449585976973347 ) ) ;
#7240 = CARTESIAN_POINT ( 'NONE',  ( -2.381338669324870150, -1.085281752473570061, 3.391840585329950031 ) ) ;
#7241 = ORIENTED_EDGE ( 'NONE', *, *, #2944, .T. ) ;
#7242 = CARTESIAN_POINT ( 'NONE',  ( 1.101430008723213172, 5.133473875591459290, 23.60000000000000853 ) ) ;
#7243 = CARTESIAN_POINT ( 'NONE',  ( 2.323854677610555086, 1.199286784713157417, 3.562213304289150173 ) ) ;
#7244 = CARTESIAN_POINT ( 'NONE',  ( 1.248958646670327077, 6.608052656865913477, 19.80000000000000071 ) ) ;
#7245 = SURFACE_STYLE_FILL_AREA ( #6657 ) ;
#7246 = CARTESIAN_POINT ( 'NONE',  ( -2.317157034016746664, -0.9386997080410446337, 23.59999999999999787 ) ) ;
#7247 = CARTESIAN_POINT ( 'NONE',  ( -1.787387131968320109, -0.8973600720417780341, 3.562213304289150173 ) ) ;
#7248 = VERTEX_POINT ( 'NONE', #454 ) ;
#7249 = EDGE_CURVE ( 'NONE', #3078, #8599, #7878, .T. ) ;
#7250 = COLOUR_RGB ( '',0.8313725490196077761, 0.8313725490196077761, 0.8313725490196077761 ) ;
#7251 = ORIENTED_EDGE ( 'NONE', *, *, #530, .T. ) ;
#7252 = FACE_OUTER_BOUND ( 'NONE', #739, .T. ) ;
#7253 = CARTESIAN_POINT ( 'NONE',  ( 1.371150570927452295, -5.611259211572789951, 19.79999999999999716 ) ) ;
#7254 = CARTESIAN_POINT ( 'NONE',  ( -1.078299526870599934, 2.155340356757109888, 3.462608355884969846 ) ) ;
#7255 = FACE_OUTER_BOUND ( 'NONE', #2382, .T. ) ;
#7256 = DIRECTION ( 'NONE',  ( 0.000000000000000000, 0.000000000000000000, 1.000000000000000000 ) ) ;
#7257 = AXIS2_PLACEMENT_3D ( 'NONE', #5126, #6333, #2273 ) ;
#7258 = CARTESIAN_POINT ( 'NONE',  ( 2.461188272504776897, 3.629335136320243294, 2.969165229559820318 ) ) ;
#7259 =( GEOMETRIC_REPRESENTATION_CONTEXT ( 3 ) GLOBAL_UNCERTAINTY_ASSIGNED_CONTEXT ( ( #3463 ) ) GLOBAL_UNIT_ASSIGNED_CONTEXT ( ( #3899, #6773, #4783 ) ) REPRESENTATION_CONTEXT ( 'NONE', 'WORKASPACE' ) );
#7260 = ORIENTED_EDGE ( 'NONE', *, *, #7249, .T. ) ;
#7261 = CARTESIAN_POINT ( 'NONE',  ( -2.337289342495815880, 1.172646745190782491, 3.529365915096896789 ) ) ;
#7262 = CARTESIAN_POINT ( 'NONE',  ( -1.072500000000000009, 2.087499999999999911, 0.1698237986199239991 ) ) ;
#7263 = B_SPLINE_CURVE_WITH_KNOTS ( 'NONE', 3,
 ( #5889, #4608, #3762, #5843, #3271, #1077 ),
 .UNSPECIFIED., .F., .F.,
 ( 4, 2, 4 ),
 ( 0.000000000000000000, 0.0004211198653903781906, 0.0008422397307807571402 ),
 .UNSPECIFIED. ) ;
#7264 = CARTESIAN_POINT ( 'NONE',  ( 1.390246858450379985, -1.437780815204060092, 4.062213304289150173 ) ) ;
#7265 =( LENGTH_UNIT ( ) NAMED_UNIT ( * ) SI_UNIT ( .MILLI., .METRE. ) );
#7266 = CARTESIAN_POINT ( 'NONE',  ( 2.672499999999999876, 0.5849999999999999645, 0.000000000000000000 ) ) ;
#7267 = FILL_AREA_STYLE ('',( #488 ) ) ;
#7268 = COLOUR_RGB ( '',0.2862745098039215508, 0.2862745098039215508, 0.2862745098039215508 ) ;
#7269 = FILL_AREA_STYLE ('',( #7227 ) ) ;
#7270 = CARTESIAN_POINT ( 'NONE',  ( -2.005663268480644135, -1.096177388873796898, 0.7451652570959185207 ) ) ;
#7271 = FILL_AREA_STYLE_COLOUR ( '', #7306 ) ;
#7272 = CARTESIAN_POINT ( 'NONE',  ( -2.000000000000000000, 2.449293598294706414E-16, 18.52499999999999858 ) ) ;
#7273 = SURFACE_STYLE_FILL_AREA ( #7952 ) ;
#7274 = CARTESIAN_POINT ( 'NONE',  ( 2.464553096447020142, -1.166314755102719980, 0.3417098269221560125 ) ) ;
#7275 = ADVANCED_FACE ( 'NONE', ( #3851 ), #3759, .T. ) ;
#7276 = FACE_OUTER_BOUND ( 'NONE', #6129, .T. ) ;
#7277 =( NAMED_UNIT ( * ) SI_UNIT ( $, .STERADIAN. ) SOLID_ANGLE_UNIT ( ) );
#7278 = SURFACE_SIDE_STYLE ('',( #2704 ) ) ;
#7279 = CARTESIAN_POINT ( 'NONE',  ( -2.840807543175315253, -6.097424238802552132, 19.80000000000000426 ) ) ;
#7280 = CARTESIAN_POINT ( 'NONE',  ( 1.193933873102446253, 2.672499999999999876, 0.1698237983775840176 ) ) ;
#7281 = CARTESIAN_POINT ( 'NONE',  ( -1.024073587288069520, -1.927622900592866007, 1.342985500687055245 ) ) ;
#7282 = CARTESIAN_POINT ( 'NONE',  ( -2.672499999999999876, -1.201631473080772450, 0.1698237983775840176 ) ) ;
#7283 = ORIENTED_EDGE ( 'NONE', *, *, #8708, .F. ) ;
#7284 = CARTESIAN_POINT ( 'NONE',  ( 5.239044148023379144, 0.4002339464525209722, 23.60000000000000497 ) ) ;
#7285 = CARTESIAN_POINT ( 'NONE',  ( 2.331187754363258424, 1.184745786772559262, 3.562213304289150173 ) ) ;
#7286 = CARTESIAN_POINT ( 'NONE',  ( -6.534333988653711955, 1.596671502085835304, 19.80000000000000071 ) ) ;
#7287 = CARTESIAN_POINT ( 'NONE',  ( 1.240878199727664777, 2.197608328450007420, 23.60000000000000853 ) ) ;
#7288 = CARTESIAN_POINT ( 'NONE',  ( -2.002935584927259871, -1.099025580837330152, 0.7659099622955359843 ) ) ;
#7289 = VERTEX_POINT ( 'NONE', #3980 ) ;
#7290 = FILL_AREA_STYLE_COLOUR ( '', #5748 ) ;
#7291 = AXIS2_PLACEMENT_3D ( 'NONE', #8069, #6594, #490 ) ;
#7292 = CARTESIAN_POINT ( 'NONE',  ( 0.4071350161590447381, 2.614955638208544819, 3.562207955323960729 ) ) ;
#7293 = UNCERTAINTY_MEASURE_WITH_UNIT (LENGTH_MEASURE( 1.000000000000000082E-05 ), #8366, 'distance_accuracy_value', 'NONE');
#7294 = ORIENTED_EDGE ( 'NONE', *, *, #4691, .F. ) ;
#7295 = LINE ( 'NONE', #7333, #8036 ) ;
#7296 = ADVANCED_FACE ( 'NONE', ( #7435 ), #5131, .F. ) ;
#7297 = CARTESIAN_POINT ( 'NONE',  ( -1.170423330733405987, 2.525792460910607939, 1.072175318781823705 ) ) ;
#7298 = SURFACE_STYLE_USAGE ( .BOTH. , #3878 ) ;
#7299 = CARTESIAN_POINT ( 'NONE',  ( -0.5849999999999999645, -2.379999999999999893, -2.754830917718800176 ) ) ;
#7300 = ORIENTED_EDGE ( 'NONE', *, *, #4744, .T. ) ;
#7301 = CARTESIAN_POINT ( 'NONE',  ( 1.925715742432651645, 1.023583950143698962, 1.342982512916360394 ) ) ;
#7302 = PLANE ( 'NONE',  #3974 ) ;
#7303 = CARTESIAN_POINT ( 'NONE',  ( -0.9007650850057751235, 1.787255794383459939, 3.121953701425990602 ) ) ;
#7304 = CARTESIAN_POINT ( 'NONE',  ( 1.709419751725309133, -2.068842596427933778, 4.062213304289150173 ) ) ;
#7305 = CARTESIAN_POINT ( 'NONE',  ( 1.169999999999999929, 2.380000000000000338, 0.000000000000000000 ) ) ;
#7306 = COLOUR_RGB ( '',0.2862745098039215508, 0.2862745098039215508, 0.2862745098039215508 ) ;
#7307 = ORIENTED_EDGE ( 'NONE', *, *, #3932, .F. ) ;
#7308 = FILL_AREA_STYLE ('',( #4603 ) ) ;
#7309 = CARTESIAN_POINT ( 'NONE',  ( -1.896062638658507993, -0.9960546625524558939, 1.610668840977566907 ) ) ;
#7310 = SURFACE_STYLE_USAGE ( .BOTH. , #7993 ) ;
#7311 = CARTESIAN_POINT ( 'NONE',  ( 0.000000000000000000, 0.000000000000000000, 0.000000000000000000 ) ) ;
#7312 = FILL_AREA_STYLE ('',( #4476 ) ) ;
#7313 =( GEOMETRIC_REPRESENTATION_CONTEXT ( 3 ) GLOBAL_UNCERTAINTY_ASSIGNED_CONTEXT ( ( #3022 ) ) GLOBAL_UNIT_ASSIGNED_CONTEXT ( ( #2948, #7707, #4234 ) ) REPRESENTATION_CONTEXT ( 'NONE', 'WORKASPACE' ) );
#7314 = CARTESIAN_POINT ( 'NONE',  ( 2.073526764919539911, -1.158907044334707592, 0.3416456039900797603 ) ) ;
#7315 = COLOUR_RGB ( '',0.8313725490196077761, 0.8313725490196077761, 0.8313725490196077761 ) ;
#7316 = PLANE ( 'NONE',  #725 ) ;
#7317 = CARTESIAN_POINT ( 'NONE',  ( -2.010355339059327395, 2.461975231127796959E-16, 18.50000000000000000 ) ) ;
#7318 = CARTESIAN_POINT ( 'NONE',  ( 2.616786097134925715, 0.4150532170569070090, 0.7000000000000028422 ) ) ;
#7319 = CARTESIAN_POINT ( 'NONE',  ( -2.528217888441668393, -6.231734656045289533, 19.80000000000000071 ) ) ;
#7320 = CARTESIAN_POINT ( 'NONE',  ( 2.076109484917279868, -7.190699017920609249E-15, 0.3536250458873140268 ) ) ;
#7321 = CARTESIAN_POINT ( 'NONE',  ( 2.007773849016310397, 1.675361690177920249, 4.062213304289150173 ) ) ;
#7322 = CARTESIAN_POINT ( 'NONE',  ( -2.672499999999999876, -1.077880047761589966, 0.1698237983775840176 ) ) ;
#7323 = EDGE_LOOP ( 'NONE', ( #4459, #6066 ) ) ;
#7324 = CARTESIAN_POINT ( 'NONE',  ( 5.220784394729006017, -0.6397288174617478118, 23.60000000000001208 ) ) ;
#7325 = CARTESIAN_POINT ( 'NONE',  ( 2.272818534825572279, 6.333059091953485265, 19.80000000000000426 ) ) ;
#7326 = CARTESIAN_POINT ( 'NONE',  ( 5.250000000000000000, 0.000000000000000000, 23.10000000000000142 ) ) ;
#7327 = CYLINDRICAL_SURFACE ( 'NONE', #8333, 6.750000000000000000 ) ;
#7328 = CARTESIAN_POINT ( 'NONE',  ( -2.087499999999999911, -0.8774999999999989475, 0.1698237983775840176 ) ) ;
#7329 = VERTEX_POINT ( 'NONE', #4148 ) ;
#7330 = CIRCLE ( 'NONE', #3496, 2.614955567827029981 ) ;
#7331 = CARTESIAN_POINT ( 'NONE',  ( 5.881627553049269709E-12, 2.621401750084090043, 3.023199761058580126 ) ) ;
#7332 = ORIENTED_EDGE ( 'NONE', *, *, #3125, .F. ) ;
#7333 = CARTESIAN_POINT ( 'NONE',  ( 2.672499999999999876, -0.5849999999999999645, -2.754830917718800176 ) ) ;
#7334 = CARTESIAN_POINT ( 'NONE',  ( 1.169999999999999929, 2.672499999999999876, 0.000000000000000000 ) ) ;
#7335 = LINE ( 'NONE', #6087, #7452 ) ;
#7336 = FILL_AREA_STYLE_COLOUR ( '', #6245 ) ;
#7337 = CARTESIAN_POINT ( 'NONE',  ( 2.347132379120453027, 1.096751408576236875, 18.49999999999999289 ) ) ;
#7338 = EDGE_LOOP ( 'NONE', ( #960, #4005 ) ) ;
#7339 = CARTESIAN_POINT ( 'NONE',  ( -2.334793036328439264, 1.177597738831410945, 3.562189872722952177 ) ) ;
#7340 = DIRECTION ( 'NONE',  ( 1.000000000000000000, 0.000000000000000000, 0.000000000000000000 ) ) ;
#7341 = CARTESIAN_POINT ( 'NONE',  ( 5.249999999999998224, -10.50000000000000178, 23.60000000000000142 ) ) ;
#7342 = CARTESIAN_POINT ( 'NONE',  ( 1.395869085603806514, -1.434968537908001496, 4.062213304289150173 ) ) ;
#7343 = PRESENTATION_STYLE_ASSIGNMENT (( #2750 ) ) ;
#7344 = ADVANCED_FACE ( 'NONE', ( #6852 ), #5341, .T. ) ;
#7345 = ORIENTED_EDGE ( 'NONE', *, *, #1502, .T. ) ;
#7346 = CARTESIAN_POINT ( 'NONE',  ( -1.390246755813715041, -1.437780914447476244, 4.062213304289150173 ) ) ;
#7347 =( NAMED_UNIT ( * ) SI_UNIT ( $, .STERADIAN. ) SOLID_ANGLE_UNIT ( ) );
#7348 = ADVANCED_FACE ( 'NONE', ( #3349 ), #3228, .T. ) ;
#7349 =( LENGTH_UNIT ( ) NAMED_UNIT ( * ) SI_UNIT ( .MILLI., .METRE. ) );
#7350 = CARTESIAN_POINT ( 'NONE',  ( -1.395869085603806070, -1.434968537908001496, 4.062213304289150173 ) ) ;
#7351 = CARTESIAN_POINT ( 'NONE',  ( 1.786839852056417932, -0.8939724058331952605, 3.462470793295081783 ) ) ;
#7352 = CARTESIAN_POINT ( 'NONE',  ( -5.749999999999998224, 7.041719095097278907E-16, 23.10000000000000142 ) ) ;
#7353 = CARTESIAN_POINT ( 'NONE',  ( 2.639955567827030336, 0.1677622898899795989, 0.7000000000000030642 ) ) ;
#7354 =( NAMED_UNIT ( * ) PLANE_ANGLE_UNIT ( ) SI_UNIT ( $, .RADIAN. ) );
#7355 = VECTOR ( 'NONE', #5642, 1000.000000000000000 ) ;
#7356 = CARTESIAN_POINT ( 'NONE',  ( -2.558997815599060033, 0.6082549803545169720, 1.944948958572229936 ) ) ;
#7357 = ORIENTED_EDGE ( 'NONE', *, *, #2239, .F. ) ;
#7358 = CARTESIAN_POINT ( 'NONE',  ( -5.026102185066721795, 1.533601501877785767, 23.60000000000000142 ) ) ;
#7359 = CARTESIAN_POINT ( 'NONE',  ( 2.326958499136519976, 1.191463132525182544, 3.023199761055439971 ) ) ;
#7360 = COLOUR_RGB ( '',0.8313725490196077761, 0.8313725490196077761, 0.8313725490196077761 ) ;
#7361 = MECHANICAL_DESIGN_GEOMETRIC_PRESENTATION_REPRESENTATION (  '', ( #3966 ), #7510 ) ;
#7362 = CARTESIAN_POINT ( 'NONE',  ( -3.631447040525811687, 5.660522790299141960, 19.80000000000000071 ) ) ;
#7363 = CARTESIAN_POINT ( 'NONE',  ( -6.749999999999998224, 13.49999999999999645, 10.25306961402259986 ) ) ;
#7364 = CARTESIAN_POINT ( 'NONE',  ( -2.087499999999999911, -1.072500000000000009, 0.1698237983775840176 ) ) ;
#7365 = EDGE_LOOP ( 'NONE', ( #8653, #2745, #3959, #1886, #7082, #5573, #3921, #6671 ) ) ;
#7366 =( BOUNDED_CURVE ( )  B_SPLINE_CURVE ( 3, ( #1675, #3744, #2360, #887 ),
 .UNSPECIFIED., .F., .F. ) 
 B_SPLINE_CURVE_WITH_KNOTS ( ( 4, 4 ),
 ( 0.000000000000000000, 1.000000000000000000 ),
 .UNSPECIFIED. ) 
 CURVE ( )  GEOMETRIC_REPRESENTATION_ITEM ( )  RATIONAL_B_SPLINE_CURVE ( ( 1.000000000000000000, 0.3333333333333333703, 0.3333333333333333703, 1.000000000000000000 ) ) 
 REPRESENTATION_ITEM ( '' )  );
#7367 = CARTESIAN_POINT ( 'NONE',  ( 0.5849999999999999645, 2.672499999999999876, -2.754830917718800176 ) ) ;
#7368 = DIRECTION ( 'NONE',  ( -1.224646799147353207E-16, -1.000000000000000000, 0.000000000000000000 ) ) ;
#7369 = UNCERTAINTY_MEASURE_WITH_UNIT (LENGTH_MEASURE( 1.000000000000000082E-05 ), #247, 'distance_accuracy_value', 'NONE');
#7370 = CARTESIAN_POINT ( 'NONE',  ( -0.3080437541704190152, 2.596349520817979872, 1.944948958572239928 ) ) ;
#7371 = ORIENTED_EDGE ( 'NONE', *, *, #7139, .F. ) ;
#7372 = CARTESIAN_POINT ( 'NONE',  ( 1.172345840094152214, 2.393383961392234749, 2.346131326380400672 ) ) ;
#7373 = AXIS2_PLACEMENT_3D ( 'NONE', #2955, #6509, #8350 ) ;
#7374 = CARTESIAN_POINT ( 'NONE',  ( -3.200000000000000178, 3.918869757271530460E-16, 13.03458261477990021 ) ) ;
#7375 = CARTESIAN_POINT ( 'NONE',  ( -1.169999999999999929, -2.672499999999999876, 0.000000000000000000 ) ) ;
#7376 = PRESENTATION_LAYER_ASSIGNMENT (  '', '', ( #1725 ) ) ;
#7377 = CARTESIAN_POINT ( 'NONE',  ( -3.199999999999999734, 3.918869757271530460E-16, 2.979520568619146825 ) ) ;
#7378 = ADVANCED_FACE ( 'NONE', ( #6233, #6281 ), #2183, .T. ) ;
#7379 = AXIS2_PLACEMENT_3D ( 'NONE', #7145, #5189, #2421 ) ;
#7380 = ORIENTED_EDGE ( 'NONE', *, *, #8021, .T. ) ;
#7381 = CARTESIAN_POINT ( 'NONE',  ( 1.927622900592905975, 1.024073587288109488, 1.342985500686665112 ) ) ;
#7382 = COLOUR_RGB ( '',0.8313725490196077761, 0.8313725490196077761, 0.8313725490196077761 ) ;
#7383 = ADVANCED_FACE ( 'NONE', ( #5613 ), #5832, .F. ) ;
#7384 = CARTESIAN_POINT ( 'NONE',  ( -0.9763437429329837602, -1.857536824618643001, 1.943675179696910060 ) ) ;
#7385 = DIRECTION ( 'NONE',  ( 0.000000000000000000, 0.000000000000000000, 1.000000000000000000 ) ) ;
#7386 =( GEOMETRIC_REPRESENTATION_CONTEXT ( 3 ) GLOBAL_UNCERTAINTY_ASSIGNED_CONTEXT ( ( #435 ) ) GLOBAL_UNIT_ASSIGNED_CONTEXT ( ( #6379, #5184, #8441 ) ) REPRESENTATION_CONTEXT ( 'NONE', 'WORKASPACE' ) );
#7387 = CARTESIAN_POINT ( 'NONE',  ( 6.749999999999996447, -13.49999999999999822, 10.25306961402259986 ) ) ;
#7388 =( LENGTH_UNIT ( ) NAMED_UNIT ( * ) SI_UNIT ( .MILLI., .METRE. ) );
#7389 = CARTESIAN_POINT ( 'NONE',  ( -2.462815478306190187, -1.169999999999999929, 1.611699189254589992 ) ) ;
#7390 = VECTOR ( 'NONE', #1564, 1000.000000000000114 ) ;
#7391 = CARTESIAN_POINT ( 'NONE',  ( 0.9087046750729980138, 1.783272460077618193, 3.121953701425990602 ) ) ;
#7392 = CARTESIAN_POINT ( 'NONE',  ( -1.177597738859649690, -2.334793036314197323, 3.562189872769800036 ) ) ;
#7393 = DIRECTION ( 'NONE',  ( 0.000000000000000000, 1.000000000000000000, 0.000000000000000000 ) ) ;
#7394 = EDGE_CURVE ( 'NONE', #2836, #1982, #6624, .T. ) ;
#7395 = CARTESIAN_POINT ( 'NONE',  ( 1.927622900592866007, -1.024073587288069520, 1.342985500687055245 ) ) ;
#7396 = CARTESIAN_POINT ( 'NONE',  ( 2.672499999999999876, -0.5849999999999999645, 0.000000000000000000 ) ) ;
#7397 = SURFACE_SIDE_STYLE ('',( #1957 ) ) ;
#7398 = B_SPLINE_SURFACE_WITH_KNOTS ( 'NONE', 3, 3, ( 
 ( #7463, #6353, #5770, #4307, #3635, #333, #7020, #7061, #7691 ),
 ( #1530, #910, #2975, #5727, #2214, #1654, #951, #4926, #7636 ),
 ( #378, #3024, #5684, #4267, #6976, #255, #866, #5641, #4390 ),
 ( #7108, #1039, #2297, #3592, #5018, #1612, #6486, #6312, #7738 ),
 ( #2338, #4349, #2930, #6395, #299, #8371, #214, #5059, #3726 ),
 ( #2253, #7816, #8459, #7774, #4976, #995, #3068, #8502, #2380 ),
 ( #5101, #1698, #7862, #3947, #4655, #2560, #8001, #1788, #2480 ),
 ( #4574, #3991, #8634, #1838, #7281, #4486, #5850, #1172, #2522 ),
 ( #5197, #5282, #4532, #3812, #3243, #580, #8542, #3861, #5983 ),
 ( #1129, #6650, #7239, #3904, #7910, #1879, #1744, #5236, #7961 ) ),
 .UNSPECIFIED., .F., .F., .F.,
 ( 4, 3, 3, 4 ),
 ( 4, 1, 1, 1, 1, 1, 4 ),
 ( -0.01000000000000000021, 0.000000000000000000, 1.000000000000000000, 1.010099999999999998 ),
 ( 0.000000000000000000, 0.1386939662306299892, 0.2773879324612609776, 0.4160818986918909945, 0.6934698311531519721, 0.8321637973837829882, 0.9708577636144130052 ),
 .UNSPECIFIED. ) ;
#7399 = CARTESIAN_POINT ( 'NONE',  ( 2.117786523443017543, -6.384502174151845288, 19.79999999999999716 ) ) ;
#7400 =( GEOMETRIC_REPRESENTATION_CONTEXT ( 3 ) GLOBAL_UNCERTAINTY_ASSIGNED_CONTEXT ( ( #5419 ) ) GLOBAL_UNIT_ASSIGNED_CONTEXT ( ( #1080, #5802, #3239 ) ) REPRESENTATION_CONTEXT ( 'NONE', 'WORKASPACE' ) );
#7401 = CARTESIAN_POINT ( 'NONE',  ( 1.201348624221293848, 2.576115109200559417, 0.7666085965705949912 ) ) ;
#7402 = CARTESIAN_POINT ( 'NONE',  ( 0.000000000000000000, 0.000000000000000000, 13.03458261477990021 ) ) ;
#7403 = CARTESIAN_POINT ( 'NONE',  ( -2.672499999999999876, 0.8801900240656430618, 0.000000000000000000 ) ) ;
#7404 = ORIENTED_EDGE ( 'NONE', *, *, #6618, .F. ) ;
#7405 = CARTESIAN_POINT ( 'NONE',  ( -0.4000806447940423727, 5.239072500897772322, 23.60000000000001208 ) ) ;
#7406 = CARTESIAN_POINT ( 'NONE',  ( 2.603036770859989968, -0.3054169571526170190, 3.391840585329950031 ) ) ;
#7407 = CARTESIAN_POINT ( 'NONE',  ( 5.297772545143716094, -2.307043476046299890, 19.80000000000000071 ) ) ;
#7408 = CARTESIAN_POINT ( 'NONE',  ( -2.338664820565219848, -1.169999999999999929, 3.462676791579629931 ) ) ;
#7409 = CARTESIAN_POINT ( 'NONE',  ( -3.207236155961388224, 2.993455335896109570, 2.969165229559820762 ) ) ;
#7410 = SURFACE_SIDE_STYLE ('',( #6658 ) ) ;
#7411 = DIRECTION ( 'NONE',  ( 1.000000000000000000, 0.000000000000000000, 0.000000000000000000 ) ) ;
#7412 = EDGE_LOOP ( 'NONE', ( #352, #3505, #6362, #3518 ) ) ;
#7413 = CARTESIAN_POINT ( 'NONE',  ( -2.087499999999999911, 1.169999999999999929, 0.000000000000000000 ) ) ;
#7414 = CARTESIAN_POINT ( 'NONE',  ( 1.856614806770200632, -1.606774956722929915, 4.062213237132453969 ) ) ;
#7415 = CARTESIAN_POINT ( 'NONE',  ( 1.035999376088399981E-16, 2.672499999999999876, 0.000000000000000000 ) ) ;
#7416 = VERTEX_POINT ( 'NONE', #7471 ) ;
#7417 = CARTESIAN_POINT ( 'NONE',  ( -5.186319110385880116, -0.8169485872291545325, 23.60000000000000142 ) ) ;
#7418 = CARTESIAN_POINT ( 'NONE',  ( 0.9346262244197226510, 1.830831524163137214, 2.344890343098573915 ) ) ;
#7419 = DIRECTION ( 'NONE',  ( -1.000000000000000000, -0.000000000000000000, 0.000000000000000000 ) ) ;
#7420 =( NAMED_UNIT ( * ) SI_UNIT ( $, .STERADIAN. ) SOLID_ANGLE_UNIT ( ) );
#7421 = CARTESIAN_POINT ( 'NONE',  ( -2.825663160902854187, -3.358601477886591802, 2.969165229559820762 ) ) ;
#7422 =( BOUNDED_SURFACE ( )  B_SPLINE_SURFACE ( 3, 3, ( 
 ( #1017, #5038, #2321, #2410 ),
 ( #355, #8482, #3658, #3090 ),
 ( #238, #5129, #1066, #3794 ),
 ( #7842, #7664, #4291, #2276 ) ),
 .UNSPECIFIED., .F., .F., .F. ) 
 B_SPLINE_SURFACE_WITH_KNOTS ( ( 4, 4 ),
 ( 4, 4 ),
 ( 0.000000000000000000, 1.000000000000000000 ),
 ( 0.000000000000000000, 1.000000000000000000 ),
 .UNSPECIFIED. ) 
 GEOMETRIC_REPRESENTATION_ITEM ( )  RATIONAL_B_SPLINE_SURFACE ( (
 ( 1.000000000000000000, 0.3333333333333334259, 0.3333333333333334259, 1.000000000000000000),
 ( 0.8047378541243649375, 0.2682459513747884050, 0.2682459513747884050, 0.8047378541243649375),
 ( 0.8047378541243649375, 0.2682459513747884050, 0.2682459513747884050, 0.8047378541243649375),
 ( 1.000000000000000000, 0.3333333333333334259, 0.3333333333333334259, 1.000000000000000000) ) ) 
 REPRESENTATION_ITEM ( '' )  SURFACE ( )  );
#7423 = CARTESIAN_POINT ( 'NONE',  ( 1.779293210439168993, -0.9133848106592683536, 3.391484666840950180 ) ) ;
#7424 = CARTESIAN_POINT ( 'NONE',  ( -2.085550000000000015, 1.169999999999999929, 0.1648747531013440015 ) ) ;
#7425 = STYLED_ITEM ( 'NONE', ( #3267 ), #3328 ) ;
#7426 = VERTEX_POINT ( 'NONE', #2037 ) ;
#7427 = CARTESIAN_POINT ( 'NONE',  ( 2.608163458897903464, 1.170577775523678588, 0.6502700085786030648 ) ) ;
#7428 = EDGE_CURVE ( 'NONE', #1982, #2144, #7335, .T. ) ;
#7429 = CARTESIAN_POINT ( 'NONE',  ( 2.273043062272690047E-12, -2.625221462229410108, 0.7666085965705830008 ) ) ;
#7430 = CARTESIAN_POINT ( 'NONE',  ( -0.8973599244298580135, -1.787387205818190106, 3.562213304289150173 ) ) ;
#7431 = EDGE_LOOP ( 'NONE', ( #5530, #3330, #8243, #2770 ) ) ;
#7432 = CARTESIAN_POINT ( 'NONE',  ( -1.193391612768411436, 2.576710802445132842, 0.7666085965705949912 ) ) ;
#7433 =( NAMED_UNIT ( * ) PLANE_ANGLE_UNIT ( ) SI_UNIT ( $, .RADIAN. ) );
#7434 = DIRECTION ( 'NONE',  ( -1.000000000000000000, 0.000000000000000000, 0.000000000000000000 ) ) ;
#7435 = FACE_OUTER_BOUND ( 'NONE', #4001, .T. ) ;
#7436 =( NAMED_UNIT ( * ) PLANE_ANGLE_UNIT ( ) SI_UNIT ( $, .RADIAN. ) );
#7437 = FILL_AREA_STYLE ('',( #1953 ) ) ;
#7438 = CARTESIAN_POINT ( 'NONE',  ( -1.709419751725309133, -2.068842596427933778, 4.062213304289150173 ) ) ;
#7439 = CARTESIAN_POINT ( 'NONE',  ( 2.338664820565210078, -1.169999999999999929, 3.462676791580260094 ) ) ;
#7440 = APPLICATION_CONTEXT ( 'automotive_design' ) ;
#7441 = DIRECTION ( 'NONE',  ( 0.000000000000000000, 0.000000000000000000, 1.000000000000000000 ) ) ;
#7442 = CARTESIAN_POINT ( 'NONE',  ( -2.639955567827029448, 1.077671045343536772E-16, 0.7000000000000030642 ) ) ;
#7443 = CARTESIAN_POINT ( 'NONE',  ( -2.614955567827029981, 3.202396966051921746E-16, 18.47500000000000142 ) ) ;
#7444 = COLOUR_RGB ( '',0.8313725490196077761, 0.8313725490196077761, 0.8313725490196077761 ) ;
#7445 = CARTESIAN_POINT ( 'NONE',  ( 6.724999999999999645, -8.235749724265949955E-16, 19.79999999999999716 ) ) ;
#7446 = PRESENTATION_LAYER_ASSIGNMENT (  '', '', ( #479 ) ) ;
#7447 = CARTESIAN_POINT ( 'NONE',  ( 1.184446604050970464, 2.330509646760470677, 3.023199761058580126 ) ) ;
#7448 = DIRECTION ( 'NONE',  ( 0.000000000000000000, 0.000000000000000000, 1.000000000000000000 ) ) ;
#7449 = CARTESIAN_POINT ( 'NONE',  ( -2.603219800341030066, 0.3032597336731790438, 3.562213304289150173 ) ) ;
#7450 = ORIENTED_EDGE ( 'NONE', *, *, #4041, .F. ) ;
#7451 = CARTESIAN_POINT ( 'NONE',  ( -5.101138939539811901, 1.246520582694018220, 23.59999999999999432 ) ) ;
#7452 = VECTOR ( 'NONE', #8192, 1000.000000000000114 ) ;
#7453 = CARTESIAN_POINT ( 'NONE',  ( 2.672499999999999876, -1.077879829680749912, 0.1698237983775840176 ) ) ;
#7454 = CARTESIAN_POINT ( 'NONE',  ( 1.072522709387319972, -5.674573386334191838, 19.80000000000000071 ) ) ;
#7455 = STYLED_ITEM ( 'NONE', ( #1802 ), #2399 ) ;
#7456 = LINE ( 'NONE', #2023, #4920 ) ;
#7457 = CARTESIAN_POINT ( 'NONE',  ( 1.682608489848845368, 4.048861775891896109, 2.969165229559820318 ) ) ;
#7458 = CARTESIAN_POINT ( 'NONE',  ( 6.749751228180430829, 13.49950245636085633, 10.24900223072822847 ) ) ;
#7459 =( NAMED_UNIT ( * ) PLANE_ANGLE_UNIT ( ) SI_UNIT ( $, .RADIAN. ) );
#7460 = UNCERTAINTY_MEASURE_WITH_UNIT (LENGTH_MEASURE( 1.000000000000000082E-05 ), #2, 'distance_accuracy_value', 'NONE');
#7461 = EDGE_CURVE ( 'NONE', #302, #3745, #6710, .T. ) ;
#7462 = CARTESIAN_POINT ( 'NONE',  ( -2.087499999999999911, 1.278225096610049884E-16, -3.419999999999999929 ) ) ;
#7463 = CARTESIAN_POINT ( 'NONE',  ( -1.169999999999999929, -2.678350000000000453, 0.000000000000000000 ) ) ;
#7464 = CARTESIAN_POINT ( 'NONE',  ( 1.644386058079073898, -1.504132083846002832, 4.062213407881844596 ) ) ;
#7465 = FILL_AREA_STYLE ('',( #6267 ) ) ;
#7466 = UNCERTAINTY_MEASURE_WITH_UNIT (LENGTH_MEASURE( 1.000000000000000082E-05 ), #8678, 'distance_accuracy_value', 'NONE');
#7467 = CARTESIAN_POINT ( 'NONE',  ( 0.8801897339961539668, 2.672499999999999876, 0.000000000000000000 ) ) ;
#7468 = ORIENTED_EDGE ( 'NONE', *, *, #650, .T. ) ;
#7469 = CARTESIAN_POINT ( 'NONE',  ( -5.073099576310838188, -1.370147777939386913, 23.60000000000000142 ) ) ;
#7470 = CARTESIAN_POINT ( 'NONE',  ( 0.9354159905847539980, 1.832700469137320098, 2.344894465966619990 ) ) ;
#7471 = CARTESIAN_POINT ( 'NONE',  ( -2.334793036328439264, 1.177597738831410945, 3.562189872722952177 ) ) ;
#7472 = CARTESIAN_POINT ( 'NONE',  ( 2.348272677264750641, -1.172717196131952910, 3.047420853623045822 ) ) ;
#7473 = ORIENTED_EDGE ( 'NONE', *, *, #2286, .F. ) ;
#7474 = CARTESIAN_POINT ( 'NONE',  ( 1.792364666006359908, 0.8982803868047670726, 3.046471023137709899 ) ) ;
#7475 = CARTESIAN_POINT ( 'NONE',  ( 1.191873485415243517, -2.327594673673667458, 3.391840585329950031 ) ) ;
#7476 = CARTESIAN_POINT ( 'NONE',  ( -1.063184424325647637, 1.943624981662140261, 1.127511258060150068 ) ) ;
#7477 = CARTESIAN_POINT ( 'NONE',  ( -0.6834055635694321618, -1.884391338456230081, 3.562213304289150173 ) ) ;
#7478 = CARTESIAN_POINT ( 'NONE',  ( -1.214306433183760036E-16, 2.379999999999999893, 0.000000000000000000 ) ) ;
#7479 = B_SPLINE_CURVE_WITH_KNOTS ( 'NONE', 3,
 ( #4737, #4335, #2366, #3621, #2908, #7091, #4376, #4957, #938, #7722, #2324, #5042 ),
 .UNSPECIFIED., .F., .F.,
 ( 4, 2, 2, 2, 2, 4 ),
 ( 0.000000000000000000, 0.0002172907759180308100, 0.0004345815518360617285, 0.0008691631036721232401, 0.001738326207344245830, 0.003476652414688490792 ),
 .UNSPECIFIED. ) ;
#7480 = CARTESIAN_POINT ( 'NONE',  ( -1.151944254101533893, 2.067743519551795472, 0.3636253204596444077 ) ) ;
#7481 = ORIENTED_EDGE ( 'NONE', *, *, #915, .F. ) ;
#7482 = PLANE ( 'NONE',  #2140 ) ;
#7483 = CARTESIAN_POINT ( 'NONE',  ( -1.198552567130089397, 2.323370434165240805, 3.023199761058580126 ) ) ;
#7484 = CARTESIAN_POINT ( 'NONE',  ( -2.464710909988455878, -1.170581737717953708, 1.611702635121344152 ) ) ;
#7485 = CARTESIAN_POINT ( 'NONE',  ( -5.250000000000000888, 2.143131898507867311E-16, 23.59999999999999787 ) ) ;
#7486 = ITEM_DEFINED_TRANSFORMATION ( 'NONE', 'NONE', #5113,  #7673 ) ;
#7487 = FACE_OUTER_BOUND ( 'NONE', #2706, .T. ) ;
#7488 = FILL_AREA_STYLE_COLOUR ( '', #2696 ) ;
#7489 = CARTESIAN_POINT ( 'NONE',  ( 1.827336615456274238, -0.9332729227056109078, 2.337628087284061795 ) ) ;
#7490 = CARTESIAN_POINT ( 'NONE',  ( 2.379999999999999893, 0.5849999999999999645, 0.000000000000000000 ) ) ;
#7491 = CARTESIAN_POINT ( 'NONE',  ( 2.614955567827028649, -5.229911135654059073, 18.48964466094067305 ) ) ;
#7492 = CARTESIAN_POINT ( 'NONE',  ( 3.584475808338809077, -5.690375534005131186, 19.80000000000000071 ) ) ;
#7493 = PRESENTATION_LAYER_ASSIGNMENT (  '', '', ( #2379 ) ) ;
#7494 = CARTESIAN_POINT ( 'NONE',  ( 1.169999999999999929, -2.672499999999999876, 0.000000000000000000 ) ) ;
#7495 = CARTESIAN_POINT ( 'NONE',  ( -2.550642725190160220, 0.6024452589490070231, 3.562213304289150173 ) ) ;
#7496 = ORIENTED_EDGE ( 'NONE', *, *, #390, .F. ) ;
#7497 = CARTESIAN_POINT ( 'NONE',  ( -1.653242189759590142, 4.984197822684224732, 23.60000000000000853 ) ) ;
#7498 = CARTESIAN_POINT ( 'NONE',  ( 2.550642725208399852, 0.6024452589576569927, 3.562213304289150173 ) ) ;
#7499 = CARTESIAN_POINT ( 'NONE',  ( -4.778557555202259444, -3.243220551718372757, 19.79999999999999716 ) ) ;
#7500 = ADVANCED_FACE ( 'NONE', ( #4048 ), #6525, .T. ) ;
#7501 = FILL_AREA_STYLE_COLOUR ( '', #1058 ) ;
#7502 = ORIENTED_EDGE ( 'NONE', *, *, #2598, .F. ) ;
#7503 = CARTESIAN_POINT ( 'NONE',  ( -1.924837904197186811, -1.019922966550619092, 1.434971441711774931 ) ) ;
#7504 = COLOUR_RGB ( '',0.2862745098039215508, 0.2862745098039215508, 0.2862745098039215508 ) ;
#7505 = CARTESIAN_POINT ( 'NONE',  ( 0.000000000000000000, 0.000000000000000000, 18.50000000001728040 ) ) ;
#7506 = CARTESIAN_POINT ( 'NONE',  ( 1.096017399726048058, -2.002131060975078203, 0.7393571430580438975 ) ) ;
#7507 = CARTESIAN_POINT ( 'NONE',  ( 0.6139992562675380405, 2.547881943007110017, 3.023199761058580126 ) ) ;
#7508 = EDGE_LOOP ( 'NONE', ( #7922, #5853, #523, #1705 ) ) ;
#7509 = CARTESIAN_POINT ( 'NONE',  ( -5.760355339059329616, -11.52071067811865390, 19.79999999999999361 ) ) ;
#7510 =( GEOMETRIC_REPRESENTATION_CONTEXT ( 3 ) GLOBAL_UNCERTAINTY_ASSIGNED_CONTEXT ( ( #8277 ) ) GLOBAL_UNIT_ASSIGNED_CONTEXT ( ( #6183, #3342, #4141 ) ) REPRESENTATION_CONTEXT ( 'NONE', 'WORKASPACE' ) );
#7511 = CARTESIAN_POINT ( 'NONE',  ( 1.169999999999999929, 2.672499999999999876, 0.1648747531013440015 ) ) ;
#7512 =( NAMED_UNIT ( * ) SI_UNIT ( $, .STERADIAN. ) SOLID_ANGLE_UNIT ( ) );
#7513 = CARTESIAN_POINT ( 'NONE',  ( -1.852207066570241256, -3.975331849029802633, 2.969165229559819874 ) ) ;
#7514 = EDGE_CURVE ( 'NONE', #5451, #4756, #4673, .T. ) ;
#7515 = STYLED_ITEM ( 'NONE', ( #1363 ), #4209 ) ;
#7516 = CARTESIAN_POINT ( 'NONE',  ( 2.087499999999999911, -1.188476016964873372, 0.1698237983775840176 ) ) ;
#7517 = CARTESIAN_POINT ( 'NONE',  ( -1.078297990877619794, 2.155337636833949411, 3.462405167606053435 ) ) ;
#7518 =( GEOMETRIC_REPRESENTATION_CONTEXT ( 3 ) GLOBAL_UNCERTAINTY_ASSIGNED_CONTEXT ( ( #7019 ) ) GLOBAL_UNIT_ASSIGNED_CONTEXT ( ( #897, #366, #8623 ) ) REPRESENTATION_CONTEXT ( 'NONE', 'WORKASPACE' ) );
#7519 = PRESENTATION_LAYER_ASSIGNMENT (  '', '', ( #5254 ) ) ;
#7520 = ORIENTED_EDGE ( 'NONE', *, *, #3773, .T. ) ;
#7521 = CARTESIAN_POINT ( 'NONE',  ( 2.661029189597990285, 1.170036852448972597, 0.3417420965412383826 ) ) ;
#7522 = CARTESIAN_POINT ( 'NONE',  ( 0.6054517154097339704, -2.549932382395270203, 3.391840585329950031 ) ) ;
#7523 = CARTESIAN_POINT ( 'NONE',  ( -1.070033887669171291, 1.942709773865100242, 1.127511258060150068 ) ) ;
#7524 = AXIS2_PLACEMENT_3D ( 'NONE', #5836, #5183, #2508 ) ;
#7525 = CARTESIAN_POINT ( 'NONE',  ( -1.177070959877289935, -2.087499999999999911, 0.000000000000000000 ) ) ;
#7526 = CARTESIAN_POINT ( 'NONE',  ( 3.225000000000000533, 0.000000000000000000, 2.969165229559820318 ) ) ;
#7527 = ORIENTED_EDGE ( 'NONE', *, *, #7081, .F. ) ;
#7528 = CARTESIAN_POINT ( 'NONE',  ( 0.5849999999999999645, 2.672499999999999876, 0.000000000000000000 ) ) ;
#7529 = CARTESIAN_POINT ( 'NONE',  ( -2.346249395132693927, -1.171830827944105202, 3.046339698846272537 ) ) ;
#7530 = CARTESIAN_POINT ( 'NONE',  ( 0.000000000000000000, 0.000000000000000000, 0.7250000000000034195 ) ) ;
#7531 = CARTESIAN_POINT ( 'NONE',  ( 1.177596586497805520, -2.334793617258670295, 3.562185317665681694 ) ) ;
#7532 = CARTESIAN_POINT ( 'NONE',  ( 0.9196616277795280903, 1.777775298751494537, 3.121953701425990602 ) ) ;
#7533 = CARTESIAN_POINT ( 'NONE',  ( -0.2174125788124148251, -2.379999999999999893, -3.420000000000000373 ) ) ;
#7534 = CARTESIAN_POINT ( 'NONE',  ( -1.170108468000919943, -2.338610563973460010, 3.619679129526180539 ) ) ;
#7535 = CARTESIAN_POINT ( 'NONE',  ( 2.018909206332288431, -1.111638894353214502, 0.6498542850280124572 ) ) ;
#7536 = CARTESIAN_POINT ( 'NONE',  ( -2.484285686614457145, -0.8934491835001483473, 0.7000000000000029532 ) ) ;
#7537 = CARTESIAN_POINT ( 'NONE',  ( -2.446876645392829897, 0.9912508318268263841, 0.7000000000000028422 ) ) ;
#7538 = VECTOR ( 'NONE', #3754, 1000.000000000000000 ) ;
#7539 = CARTESIAN_POINT ( 'NONE',  ( 6.725000000000001421, -0.4115117433647554335, 19.80000000000000071 ) ) ;
#7540 = CARTESIAN_POINT ( 'NONE',  ( -2.379999999999999893, 0.5849999999999999645, -2.754830917718800176 ) ) ;
#7541 = CARTESIAN_POINT ( 'NONE',  ( -2.547881943076019784, 0.6139992562389430253, 3.023199761058580126 ) ) ;
#7542 = VERTEX_POINT ( 'NONE', #2575 ) ;
#7543 = CARTESIAN_POINT ( 'NONE',  ( -1.122559083889984377, 5.131420022801038705, 23.59999999999999432 ) ) ;
#7544 = CARTESIAN_POINT ( 'NONE',  ( 2.672499999999999876, -1.077879829680749912, 0.000000000000000000 ) ) ;
#7545 = EDGE_CURVE ( 'NONE', #50, #2722, #3339, .T. ) ;
#7546 = CARTESIAN_POINT ( 'NONE',  ( 0.000000000000000000, 0.000000000000000000, 19.82499999999999929 ) ) ;
#7547 = COLOUR_RGB ( '',0.8313725490196077761, 0.8313725490196077761, 0.8313725490196077761 ) ;
#7548 = CARTESIAN_POINT ( 'NONE',  ( -2.338668108514680544, -1.169993426839144535, 3.453162449900069042 ) ) ;
#7549 = CARTESIAN_POINT ( 'NONE',  ( 1.733834098657715206, 4.027451935625140145, 2.969165229559820318 ) ) ;
#7550 = DIRECTION ( 'NONE',  ( 1.000000000000000000, 0.000000000000000000, -0.000000000000000000 ) ) ;
#7551 = ORIENTED_EDGE ( 'NONE', *, *, #181, .F. ) ;
#7552 = CARTESIAN_POINT ( 'NONE',  ( 0.2174125788124139924, 2.087499999999999911, -3.419999999999999929 ) ) ;
#7553 = SURFACE_STYLE_FILL_AREA ( #8279 ) ;
#7554 = CARTESIAN_POINT ( 'NONE',  ( -2.007773820587180236, 1.675361724247734552, 4.062213304289157279 ) ) ;
#7555 = UNCERTAINTY_MEASURE_WITH_UNIT (LENGTH_MEASURE( 1.000000000000000082E-05 ), #3010, 'distance_accuracy_value', 'NONE');
#7556 = ORIENTED_EDGE ( 'NONE', *, *, #560, .T. ) ;
#7557 = CARTESIAN_POINT ( 'NONE',  ( -5.750000000000000888, 7.041719095097281866E-16, 19.82499999999999929 ) ) ;
#7558 = PRESENTATION_LAYER_ASSIGNMENT (  '', '', ( #2437 ) ) ;
#7559 = CARTESIAN_POINT ( 'NONE',  ( 1.169999999999999929, 2.087499999999999911, 0.1648747531013440015 ) ) ;
#7560 = CARTESIAN_POINT ( 'NONE',  ( 2.146717887240972455, -3.823807912630789563, 2.969165229559820762 ) ) ;
#7561 =( LENGTH_UNIT ( ) NAMED_UNIT ( * ) SI_UNIT ( .MILLI., .METRE. ) );
#7562 = ORIENTED_EDGE ( 'NONE', *, *, #2802, .T. ) ;
#7563 = CARTESIAN_POINT ( 'NONE',  ( 1.975832656520690067, 0.9888535912031780617, 3.046784498545250131 ) ) ;
#7564 = CARTESIAN_POINT ( 'NONE',  ( 0.3054169571526920701, -2.603036770858719873, 3.391840585329950031 ) ) ;
#7565 = CARTESIAN_POINT ( 'NONE',  ( -0.8923368974677416965, 1.783368662593266762, 3.310595193829666716 ) ) ;
#7566 = CARTESIAN_POINT ( 'NONE',  ( -0.8973435234441350383, -1.787395561803710065, 3.391484666840950180 ) ) ;
#7567 = FACE_OUTER_BOUND ( 'NONE', #7070, .T. ) ;
#7568 = AXIS2_PLACEMENT_3D ( 'NONE', #2615, #1824, #5884 ) ;
#7569 = VECTOR ( 'NONE', #936, 1000.000000000000000 ) ;
#7570 = CARTESIAN_POINT ( 'NONE',  ( 1.169999999999999929, -2.431424283076080162, 1.846230358748309985 ) ) ;
#7571 = EDGE_CURVE ( 'NONE', #5785, #3070, #5373, .T. ) ;
#7572 = ORIENTED_EDGE ( 'NONE', *, *, #4404, .T. ) ;
#7573 = CARTESIAN_POINT ( 'NONE',  ( -1.192055093707864666, 2.413192987519821475, 1.944948958572239928 ) ) ;
#7574 = AXIS2_PLACEMENT_3D ( 'NONE', #6476, #4518, #453 ) ;
#7575 = CARTESIAN_POINT ( 'NONE',  ( -3.604807735122649836E-16, 2.019663549645640099, 1.127511258060150068 ) ) ;
#7576 = DIRECTION ( 'NONE',  ( 0.000000000000000000, -1.000000000000000000, -0.000000000000000000 ) ) ;
#7577 = FILL_AREA_STYLE ('',( #5040 ) ) ;
#7578 = UNCERTAINTY_MEASURE_WITH_UNIT (LENGTH_MEASURE( 1.000000000000000082E-05 ), #8141, 'distance_accuracy_value', 'NONE');
#7579 = CARTESIAN_POINT ( 'NONE',  ( -2.616786097134925715, -0.4150532170565975898, 0.7000000000000029532 ) ) ;
#7580 =( LENGTH_UNIT ( ) NAMED_UNIT ( * ) SI_UNIT ( .MILLI., .METRE. ) );
#7581 = CARTESIAN_POINT ( 'NONE',  ( 0.8688101422194864920, -6.670055064617763207, 19.79999999999999716 ) ) ;
#7582 = CARTESIAN_POINT ( 'NONE',  ( 4.409532436802691358, 8.819064873605380939, 23.39289321881345174 ) ) ;
#7583 = CARTESIAN_POINT ( 'NONE',  ( 0.5849999999999999645, -2.672499999999999876, 0.000000000000000000 ) ) ;
#7584 = ORIENTED_EDGE ( 'NONE', *, *, #4475, .F. ) ;
#7585 = CARTESIAN_POINT ( 'NONE',  ( -1.565994751914557837, -2.099033718063922915, 4.062213620861533592 ) ) ;
#7586 = CARTESIAN_POINT ( 'NONE',  ( 2.672499999999999876, -4.228568883680430163E-16, 0.1698237983775840176 ) ) ;
#7587 = FACE_OUTER_BOUND ( 'NONE', #2582, .T. ) ;
#7588 =( GEOMETRIC_REPRESENTATION_CONTEXT ( 3 ) GLOBAL_UNCERTAINTY_ASSIGNED_CONTEXT ( ( #6745 ) ) GLOBAL_UNIT_ASSIGNED_CONTEXT ( ( #3442, #6864, #6908 ) ) REPRESENTATION_CONTEXT ( 'NONE', 'WORKASPACE' ) );
#7589 = CARTESIAN_POINT ( 'NONE',  ( -2.338664820565219848, 1.169999999999999929, 3.462676791579640589 ) ) ;
#7590 = CARTESIAN_POINT ( 'NONE',  ( -1.917019192793932625, -0.9590919250367133664, 3.452533472592454356 ) ) ;
#7591 = CARTESIAN_POINT ( 'NONE',  ( 0.5571988529579127158, 4.384465037570217660, 2.969165229559820318 ) ) ;
#7592 = DIRECTION ( 'NONE',  ( 1.000000000000000000, 0.000000000000000000, 0.000000000000000000 ) ) ;
#7593 = CARTESIAN_POINT ( 'NONE',  ( -2.639955567827030336, -5.279911135654058896, 0.7000000000000030642 ) ) ;
#7594 = CARTESIAN_POINT ( 'NONE',  ( 0.000000000000000000, 0.000000000000000000, 13.03458261477990021 ) ) ;
#7595 =( GEOMETRIC_REPRESENTATION_CONTEXT ( 3 ) GLOBAL_UNCERTAINTY_ASSIGNED_CONTEXT ( ( #864 ) ) GLOBAL_UNIT_ASSIGNED_CONTEXT ( ( #6255, #942, #1602 ) ) REPRESENTATION_CONTEXT ( 'NONE', 'WORKASPACE' ) );
#7596 = CARTESIAN_POINT ( 'NONE',  ( -0.8536396577870689617, 1.706195485430850978, 3.455387642142009330 ) ) ;
#7597 = CARTESIAN_POINT ( 'NONE',  ( 2.614955567827029981, 0.000000000000000000, 0.7250000000000034195 ) ) ;
#7598 = CARTESIAN_POINT ( 'NONE',  ( -4.399177097743352860, 5.387438151633740374E-16, 2.969165229559819874 ) ) ;
#7599 = ORIENTED_EDGE ( 'NONE', *, *, #5151, .T. ) ;
#7600 = CARTESIAN_POINT ( 'NONE',  ( -4.897694679898291881, -1.891297018574132016, 23.59999999999999787 ) ) ;
#7601 = CARTESIAN_POINT ( 'NONE',  ( 0.8930462310545892457, 1.784988274971955891, 3.462470102094133750 ) ) ;
#7602 = SURFACE_STYLE_FILL_AREA ( #88 ) ;
#7603 = CARTESIAN_POINT ( 'NONE',  ( 2.300000000047930371, 0.000000000000000000, 18.50000000001728040 ) ) ;
#7604 =( NAMED_UNIT ( * ) SI_UNIT ( $, .STERADIAN. ) SOLID_ANGLE_UNIT ( ) );
#7605 = ORIENTED_EDGE ( 'NONE', *, *, #8204, .F. ) ;
#7606 = CARTESIAN_POINT ( 'NONE',  ( 2.159300647035020226, 1.079426795601589939, 3.047097973952800132 ) ) ;
#7607 = CARTESIAN_POINT ( 'NONE',  ( 0.5900390149156790054, -2.612693253509359881, 0.7666085965705830008 ) ) ;
#7608 = CARTESIAN_POINT ( 'NONE',  ( 0.9648859442474779780, -1.860959470005969951, 1.943675179696910060 ) ) ;
#7609 = ADVANCED_FACE ( 'NONE', ( #3669, #7768 ), #5720, .T. ) ;
#7610 = CARTESIAN_POINT ( 'NONE',  ( 0.8941888003659622663, -1.787074013511904980, 3.310598639489103601 ) ) ;
#7611 = EDGE_LOOP ( 'NONE', ( #8359, #2340, #886, #110, #1540, #8793 ) ) ;
#7612 = FILL_AREA_STYLE ('',( #6902 ) ) ;
#7613 = PLANE ( 'NONE',  #6776 ) ;
#7614 = CARTESIAN_POINT ( 'NONE',  ( -0.4071360313752838134, -2.614955471483610960, 3.562213303356070782 ) ) ;
#7615 = CARTESIAN_POINT ( 'NONE',  ( 1.072500000000000009, 2.087499999999999911, 0.1698237986199239991 ) ) ;
#7616 = CONTEXT_DEPENDENT_SHAPE_REPRESENTATION ( #2898, #7829 ) ;
#7617 = SURFACE_SIDE_STYLE ('',( #5577 ) ) ;
#7618 = CARTESIAN_POINT ( 'NONE',  ( -2.087499999999999911, 1.196347878077637983, 0.1698237983775840176 ) ) ;
#7619 = CARTESIAN_POINT ( 'NONE',  ( 1.923808584272358013, -1.023094312999248245, 1.342979525146446029 ) ) ;
#7620 = ADVANCED_FACE ( 'NONE', ( #984 ), #3508, .F. ) ;
#7621 = CARTESIAN_POINT ( 'NONE',  ( -2.527774826140325448, 1.170849875116267480, 1.072178115003139087 ) ) ;
#7622 = CARTESIAN_POINT ( 'NONE',  ( -0.9505906467161097106, 2.462973266096311065, 0.7000000000000030642 ) ) ;
#7623 = CARTESIAN_POINT ( 'NONE',  ( 5.690375534005174707, 3.584475808338698499, 19.79999999999999716 ) ) ;
#7624 = SURFACE_STYLE_USAGE ( .BOTH. , #8357 ) ;
#7625 = EDGE_CURVE ( 'NONE', #3479, #4399, #7079, .T. ) ;
#7626 = DIRECTION ( 'NONE',  ( 0.000000000000000000, 0.000000000000000000, 1.000000000000000000 ) ) ;
#7627 = FILL_AREA_STYLE ('',( #2162 ) ) ;
#7628 = CARTESIAN_POINT ( 'NONE',  ( -2.000000426695596634, -0.3120605236020791984, 3.562207811121426371 ) ) ;
#7629 = CARTESIAN_POINT ( 'NONE',  ( -1.917020271110100094, 0.9590897693630290322, 3.462054116206850107 ) ) ;
#7630 = CARTESIAN_POINT ( 'NONE',  ( 3.149522423642112656, 0.8059787938061806489, 2.969165229559820318 ) ) ;
#7631 = CYLINDRICAL_SURFACE ( 'NONE', #8111, 2.614955567827029981 ) ;
#7632 =( LENGTH_UNIT ( ) NAMED_UNIT ( * ) SI_UNIT ( .MILLI., .METRE. ) );
#7633 = SURFACE_STYLE_USAGE ( .BOTH. , #3721 ) ;
#7634 = CARTESIAN_POINT ( 'NONE',  ( 1.210915202261107382, -2.989136792630325168, 2.969165229559820762 ) ) ;
#7635 = CARTESIAN_POINT ( 'NONE',  ( 2.074660050541814016, 1.176586594783496142, 0.3536250458873150260 ) ) ;
#7636 = CARTESIAN_POINT ( 'NONE',  ( -1.171834009462587867, -2.342331309841372722, 3.462678160294157426 ) ) ;
#7637 = LINE ( 'NONE', #8372, #3115 ) ;
#7638 = FILL_AREA_STYLE ('',( #5599 ) ) ;
#7639 = UNCERTAINTY_MEASURE_WITH_UNIT (LENGTH_MEASURE( 1.000000000000000082E-05 ), #8082, 'distance_accuracy_value', 'NONE');
#7640 = VERTEX_POINT ( 'NONE', #3147 ) ;
#7641 = CARTESIAN_POINT ( 'NONE',  ( 4.491228229381321491, -2.724513057591959608, 23.60000000000000497 ) ) ;
#7642 = SURFACE_STYLE_USAGE ( .BOTH. , #2980 ) ;
#7643 = MECHANICAL_DESIGN_GEOMETRIC_PRESENTATION_REPRESENTATION (  '', ( #2651 ), #4373 ) ;
#7644 = PRESENTATION_STYLE_ASSIGNMENT (( #1580 ) ) ;
#7645 = CARTESIAN_POINT ( 'NONE',  ( 2.003134280311139825, -1.095767377111370067, 0.7659099622468730217 ) ) ;
#7646 = CARTESIAN_POINT ( 'NONE',  ( -0.5849999999999999645, 2.672499999999999876, -1.709999999999999964 ) ) ;
#7647 = AXIS2_PLACEMENT_3D ( 'NONE', #6405, #4451, #5816 ) ;
#7648 = UNCERTAINTY_MEASURE_WITH_UNIT (LENGTH_MEASURE( 1.000000000000000082E-05 ), #3036, 'distance_accuracy_value', 'NONE');
#7649 = ORIENTED_EDGE ( 'NONE', *, *, #181, .T. ) ;
#7650 = FILL_AREA_STYLE ('',( #5696 ) ) ;
#7651 = CARTESIAN_POINT ( 'NONE',  ( 1.476846702127950021E-12, -2.620824203097099847, 3.562213304289150173 ) ) ;
#7652 = SURFACE_STYLE_FILL_AREA ( #2894 ) ;
#7653 = MECHANICAL_DESIGN_GEOMETRIC_PRESENTATION_REPRESENTATION (  '', ( #2254 ), #3824 ) ;
#7654 = EDGE_CURVE ( 'NONE', #1620, #2803, #1782, .T. ) ;
#7655 = CARTESIAN_POINT ( 'NONE',  ( 0.4630684881387899798, -1.950268328113780036, 3.391484666840960394 ) ) ;
#7656 = FACE_OUTER_BOUND ( 'NONE', #7971, .T. ) ;
#7657 =( GEOMETRIC_REPRESENTATION_CONTEXT ( 3 ) GLOBAL_UNCERTAINTY_ASSIGNED_CONTEXT ( ( #7035 ) ) GLOBAL_UNIT_ASSIGNED_CONTEXT ( ( #6174, #3503, #4837 ) ) REPRESENTATION_CONTEXT ( 'NONE', 'WORKASPACE' ) );
#7658 = CARTESIAN_POINT ( 'NONE',  ( -3.199999999999999289, 6.399999999999998579, 2.979520568619147269 ) ) ;
#7659 = CARTESIAN_POINT ( 'NONE',  ( 1.166304791210690084, -2.464518091568700164, 0.3469464571716430190 ) ) ;
#7660 = EDGE_LOOP ( 'NONE', ( #6495, #5032, #3500, #4855 ) ) ;
#7661 = SURFACE_SIDE_STYLE ('',( #4947 ) ) ;
#7662 = EDGE_CURVE ( 'NONE', #305, #8383, #4485, .T. ) ;
#7663 = FILL_AREA_STYLE_COLOUR ( '', #1794 ) ;
#7664 = CARTESIAN_POINT ( 'NONE',  ( 2.614955567827029981, 5.229911135654059962, 18.47500000000000142 ) ) ;
#7665 = CARTESIAN_POINT ( 'NONE',  ( 0.8998648263806120484, 1.786127418433389957, 3.562213309405399819 ) ) ;
#7666 = PRESENTATION_LAYER_ASSIGNMENT (  '', '', ( #8811 ) ) ;
#7667 = AXIS2_PLACEMENT_3D ( 'NONE', #5446, #3944, #5932 ) ;
#7668 = CARTESIAN_POINT ( 'NONE',  ( 1.355193710313409960, -1.718886138634690086, 4.062211577744260005 ) ) ;
#7669 = CARTESIAN_POINT ( 'NONE',  ( 2.337289508972090868, 1.172646405104454059, 3.529361652501697311 ) ) ;
#7670 = CARTESIAN_POINT ( 'NONE',  ( -1.500632558410516681, 2.124548272407280169, 18.50000000000000355 ) ) ;
#7671 =( LENGTH_UNIT ( ) NAMED_UNIT ( * ) SI_UNIT ( .MILLI., .METRE. ) );
#7672 = CARTESIAN_POINT ( 'NONE',  ( 1.169995547007906866, 2.338598443237793756, 3.495964077793963121 ) ) ;
#7673 = AXIS2_PLACEMENT_3D ( 'NONE', #7230, #455, #1603 ) ;
#7674 = CARTESIAN_POINT ( 'NONE',  ( -5.775000000000001243, 2.357445088358657223E-16, 19.79999999999999716 ) ) ;
#7675 = DIRECTION ( 'NONE',  ( 0.000000000000000000, 0.000000000000000000, 1.000000000000000000 ) ) ;
#7676 = SURFACE_STYLE_USAGE ( .BOTH. , #8358 ) ;
#7677 = ORIENTED_EDGE ( 'NONE', *, *, #1312, .F. ) ;
#7678 = EDGE_CURVE ( 'NONE', #2890, #4801, #7895, .T. ) ;
#7679 = DIRECTION ( 'NONE',  ( 1.000000000000000000, 0.000000000000000000, 0.000000000000000000 ) ) ;
#7680 = CARTESIAN_POINT ( 'NONE',  ( -4.721982547268306796, -3.325078021379596738, 19.80000000000000071 ) ) ;
#7681 = CARTESIAN_POINT ( 'NONE',  ( -1.175206485151987224, -1.622028866960082638, 4.013605495734729800 ) ) ;
#7682 = AXIS2_PLACEMENT_3D ( 'NONE', #2206, #4173, #729 ) ;
#7683 = PRESENTATION_STYLE_ASSIGNMENT (( #4215 ) ) ;
#7684 = LINE ( 'NONE', #5096, #2069 ) ;
#7685 = CARTESIAN_POINT ( 'NONE',  ( 0.8948891693965779215, -1.788671818976786509, 3.461860776389812600 ) ) ;
#7686 =( NAMED_UNIT ( * ) PLANE_ANGLE_UNIT ( ) SI_UNIT ( $, .RADIAN. ) );
#7687 = CARTESIAN_POINT ( 'NONE',  ( -1.161248266957804587, -3.008799101117104247, 2.969165229559819874 ) ) ;
#7688 = CARTESIAN_POINT ( 'NONE',  ( 1.784862680337709895, 0.9023664512478819510, 3.562213304289150173 ) ) ;
#7689 =( GEOMETRIC_REPRESENTATION_CONTEXT ( 3 ) GLOBAL_UNCERTAINTY_ASSIGNED_CONTEXT ( ( #7466 ) ) GLOBAL_UNIT_ASSIGNED_CONTEXT ( ( #8678, #4492, #3869 ) ) REPRESENTATION_CONTEXT ( 'NONE', 'WORKASPACE' ) );
#7690 = MECHANICAL_DESIGN_GEOMETRIC_PRESENTATION_REPRESENTATION (  '', ( #6975 ), #4989 ) ;
#7691 = CARTESIAN_POINT ( 'NONE',  ( -1.172751014193881947, -2.344164554479453599, 3.462678844651106314 ) ) ;
#7692 = CARTESIAN_POINT ( 'NONE',  ( -2.025000000000000355, -4.049999999999998934, 18.49999999999999645 ) ) ;
#7693 = EDGE_CURVE ( 'NONE', #302, #1237, #3347, .T. ) ;
#7694 = VERTEX_POINT ( 'NONE', #5190 ) ;
#7695 = CARTESIAN_POINT ( 'NONE',  ( 3.840338273314131357, -3.584309189322767430, 23.60000000000001208 ) ) ;
#7696 = CARTESIAN_POINT ( 'NONE',  ( -2.672499999999999876, 2.430232578015850201E-17, 0.000000000000000000 ) ) ;
#7697 = STYLED_ITEM ( 'NONE', ( #3397 ), #4677 ) ;
#7698 = CARTESIAN_POINT ( 'NONE',  ( 3.585405391891613114, -2.524826824059400732, 2.969165229559819430 ) ) ;
#7699 = CARTESIAN_POINT ( 'NONE',  ( 2.087499999999999911, -1.180605311255989998, 0.000000000000000000 ) ) ;
#7700 = CARTESIAN_POINT ( 'NONE',  ( -1.784887343227899992, 0.9023176685499789684, 3.391484666840950180 ) ) ;
#7701 = ORIENTED_EDGE ( 'NONE', *, *, #5917, .T. ) ;
#7702 = STYLED_ITEM ( 'NONE', ( #2925 ), #4848 ) ;
#7703 = VERTEX_POINT ( 'NONE', #7272 ) ;
#7704 = CARTESIAN_POINT ( 'NONE',  ( 1.064544726869470104, 2.127842627326769875, 3.462367349422950102 ) ) ;
#7705 = AXIS2_PLACEMENT_3D ( 'NONE', #6727, #3357, #8786 ) ;
#7706 = CARTESIAN_POINT ( 'NONE',  ( -1.084568693574490039, -2.447858277506870017, 1.944948958572229936 ) ) ;
#7707 =( NAMED_UNIT ( * ) PLANE_ANGLE_UNIT ( ) SI_UNIT ( $, .RADIAN. ) );
#7708 = CARTESIAN_POINT ( 'NONE',  ( 1.177070708689349932, -2.087499999999999911, 0.1698237983775840176 ) ) ;
#7709 = B_SPLINE_CURVE_WITH_KNOTS ( 'NONE', 3,
 ( #7730, #3537, #7681, #7099, #2920, #4965 ),
 .UNSPECIFIED., .F., .F.,
 ( 4, 2, 4 ),
 ( 1.407389251846247901E-10, 0.0004229937504864989895, 0.0008459873602340727992 ),
 .UNSPECIFIED. ) ;
#7710 = SURFACE_STYLE_USAGE ( .BOTH. , #8344 ) ;
#7711 = CARTESIAN_POINT ( 'NONE',  ( 1.169999999999999929, -2.282500000000000195, 0.000000000000000000 ) ) ;
#7712 = EDGE_CURVE ( 'NONE', #701, #6574, #1870, .T. ) ;
#7713 = ORIENTED_EDGE ( 'NONE', *, *, #2174, .T. ) ;
#7714 = CARTESIAN_POINT ( 'NONE',  ( -0.5849999999999997424, 2.672499999999999876, -2.754830917718800176 ) ) ;
#7715 = CARTESIAN_POINT ( 'NONE',  ( 1.917038065106619893, 0.9590541971901580531, 3.619160446477410531 ) ) ;
#7716 =( NAMED_UNIT ( * ) PLANE_ANGLE_UNIT ( ) SI_UNIT ( $, .RADIAN. ) );
#7717 = CARTESIAN_POINT ( 'NONE',  ( 0.2924999999999999822, 2.087499999999999911, 0.1698237986199239991 ) ) ;
#7718 = CARTESIAN_POINT ( 'NONE',  ( 0.8536374032582589866, -1.706196613161910403, 3.458562253732629710 ) ) ;
#7719 = CARTESIAN_POINT ( 'NONE',  ( -1.437780914447478464, 1.390246755813712154, 4.062213304289150173 ) ) ;
#7720 = CARTESIAN_POINT ( 'NONE',  ( 2.391396136388824090, 0.9947911872546311152, 18.50000000000000355 ) ) ;
#7721 = CARTESIAN_POINT ( 'NONE',  ( -2.344387368825853191, 1.172862467845836587, 3.462678927828089392 ) ) ;
#7722 = CARTESIAN_POINT ( 'NONE',  ( 1.169662509964087382, 2.391374254986635250, 2.303449337198811619 ) ) ;
#7723 = CARTESIAN_POINT ( 'NONE',  ( 1.529597713258864067, 2.165566731441242343, 0.7000000000000029532 ) ) ;
#7724 = AXIS2_PLACEMENT_3D ( 'NONE', #8139, #4754, #8050 ) ;
#7725 = CARTESIAN_POINT ( 'NONE',  ( 3.076782564055800417, 4.888133007236350913, 19.80000000000000071 ) ) ;
#7726 = PLANE ( 'NONE',  #5873 ) ;
#7727 =( NAMED_UNIT ( * ) SI_UNIT ( $, .STERADIAN. ) SOLID_ANGLE_UNIT ( ) );
#7728 = CARTESIAN_POINT ( 'NONE',  ( 2.410773525775094850, -1.199557106843946785, 1.944948958557380037 ) ) ;
#7729 = SURFACE_SIDE_STYLE ('',( #7098 ) ) ;
#7730 = CARTESIAN_POINT ( 'NONE',  ( -1.390246755813715041, -1.437780914447476244, 4.062213304289150173 ) ) ;
#7731 =( NAMED_UNIT ( * ) PLANE_ANGLE_UNIT ( ) SI_UNIT ( $, .RADIAN. ) );
#7732 = CARTESIAN_POINT ( 'NONE',  ( -3.196695908865792912, 0.5070683869943217736, 2.969165229559820318 ) ) ;
#7733 = FACE_OUTER_BOUND ( 'NONE', #4405, .T. ) ;
#7734 = DIRECTION ( 'NONE',  ( -1.224646799147353207E-16, -1.000000000000000000, 0.000000000000000000 ) ) ;
#7735 = SURFACE_STYLE_FILL_AREA ( #2926 ) ;
#7736 = CARTESIAN_POINT ( 'NONE',  ( 2.074914979826949946, 1.061689760044379982, 0.3536250458873140268 ) ) ;
#7737 = UNCERTAINTY_MEASURE_WITH_UNIT (LENGTH_MEASURE( 1.000000000000000082E-05 ), #999, 'distance_accuracy_value', 'NONE');
#7738 = CARTESIAN_POINT ( 'NONE',  ( -1.169999999999999929, -2.338664820565210078, 3.462676791580260094 ) ) ;
#7739 = CARTESIAN_POINT ( 'NONE',  ( 2.087499999999987033, -1.169999999999999929, 0.000000000000000000 ) ) ;
#7740 = ORIENTED_EDGE ( 'NONE', *, *, #6973, .F. ) ;
#7741 = CARTESIAN_POINT ( 'NONE',  ( -1.533601501880799356, -5.026102185066152472, 23.60000000000000142 ) ) ;
#7742 = COLOUR_RGB ( '',0.8313725490196077761, 0.8313725490196077761, 0.8313725490196077761 ) ;
#7743 =( LENGTH_UNIT ( ) NAMED_UNIT ( * ) SI_UNIT ( .MILLI., .METRE. ) );
#7744 = CARTESIAN_POINT ( 'NONE',  ( 3.975331849029686282, -1.852207066570502603, 2.969165229559820318 ) ) ;
#7745 = CARTESIAN_POINT ( 'NONE',  ( -2.087499999999999911, 0.5849999999999999645, 0.000000000000000000 ) ) ;
#7746 = ORIENTED_EDGE ( 'NONE', *, *, #3566, .T. ) ;
#7747 = EDGE_CURVE ( 'NONE', #4554, #6363, #456, .T. ) ;
#7748 = STYLED_ITEM ( 'NONE', ( #3188 ), #7196 ) ;
#7749 = AXIS2_PLACEMENT_3D ( 'NONE', #6111, #4658, #5359 ) ;
#7750 = VERTEX_POINT ( 'NONE', #8705 ) ;
#7751 = CARTESIAN_POINT ( 'NONE',  ( 1.566195939707290208, 2.140484332542559986, 4.062213304289159943 ) ) ;
#7752 = CARTESIAN_POINT ( 'NONE',  ( -1.192163134130605817, -2.327447148473610117, 3.562213304289150173 ) ) ;
#7754 = MECHANICAL_DESIGN_GEOMETRIC_PRESENTATION_REPRESENTATION (  '', ( #5330 ), #1319 ) ;
#7753 = CARTESIAN_POINT ( 'NONE',  ( -0.9330458340014149421, 1.827091603588764324, 2.344882092882978331 ) ) ;
#7755 = CARTESIAN_POINT ( 'NONE',  ( 1.165216321379549891, -2.074685419703719891, 0.3536250458876650238 ) ) ;
#7756 = CARTESIAN_POINT ( 'NONE',  ( -2.339245949474239250, -1.169788718647927217, 2.881457110968015378 ) ) ;
#7757 = ORIENTED_EDGE ( 'NONE', *, *, #6381, .T. ) ;
#7758 = CARTESIAN_POINT ( 'NONE',  ( -1.169652801804984765, -2.391388514312280389, 2.303452987391311435 ) ) ;
#7759 = CARTESIAN_POINT ( 'NONE',  ( 1.648231367092749977, 0.9695199234001420363, 3.932265868843620282 ) ) ;
#7760 = CARTESIAN_POINT ( 'NONE',  ( 1.173535688091879914, 2.087499999999999911, 0.000000000000000000 ) ) ;
#7761 = B_SPLINE_SURFACE_WITH_KNOTS ( 'NONE', 3, 3, ( 
 ( #4778, #5533, #4244, #2319 ),
 ( #5036, #1631, #6998, #1506 ),
 ( #4857, #8255, #3483, #3615 ),
 ( #2954, #3520, #237, #4290 ),
 ( #6373, #7715, #1463, #8391 ),
 ( #7759, #6197, #1592, #5660 ),
 ( #274, #2275, #4371, #6334 ),
 ( #100, #6949, #5620, #4327 ),
 ( #3656, #5574, #4198, #7045 ),
 ( #2900, #2234, #2998, #930 ),
 ( #8349, #5706, #6904, #8301 ) ),
 .UNSPECIFIED., .F., .F., .F.,
 ( 4, 3, 1, 3, 4 ),
 ( 4, 4 ),
 ( -0.01009999999999999960, 0.000000000000000000, 0.5000000000000000000, 1.000000000000000000, 1.010000000000000009 ),
 ( -0.07071778064237889405, 7.667471318766809727E-16 ),
 .UNSPECIFIED. ) ;
#7762 = CARTESIAN_POINT ( 'NONE',  ( 2.672499999999999876, -4.909302856081950143E-16, 0.000000000000000000 ) ) ;
#7763 =( LENGTH_UNIT ( ) NAMED_UNIT ( * ) SI_UNIT ( .MILLI., .METRE. ) );
#7764 = CARTESIAN_POINT ( 'NONE',  ( -2.379999999999999893, 2.430232578015850201E-17, 0.000000000000000000 ) ) ;
#7765 = CARTESIAN_POINT ( 'NONE',  ( -5.482611236233896790, 1.818588477992316488, 19.80000000000000426 ) ) ;
#7766 =( NAMED_UNIT ( * ) SI_UNIT ( $, .STERADIAN. ) SOLID_ANGLE_UNIT ( ) );
#7767 = CARTESIAN_POINT ( 'NONE',  ( 2.672499999999999876, -1.201866740973961400, 0.000000000000000000 ) ) ;
#7768 = FACE_OUTER_BOUND ( 'NONE', #7338, .T. ) ;
#7769 = CARTESIAN_POINT ( 'NONE',  ( -1.855209601828180954, 1.609584198776694786, 4.062213203554114749 ) ) ;
#7770 = CARTESIAN_POINT ( 'NONE',  ( -1.434968537908001052, -1.395869085603806514, 4.062213304289150173 ) ) ;
#7771 = CARTESIAN_POINT ( 'NONE',  ( -0.4070402761706918282, -2.567283871052540523, 18.50000000000000000 ) ) ;
#7772 = DIRECTION ( 'NONE',  ( 0.000000000000000000, 0.000000000000000000, 1.000000000000000000 ) ) ;
#7773 = CARTESIAN_POINT ( 'NONE',  ( 1.881671994200150078, 0.6888338008218550801, 3.022064739156450131 ) ) ;
#7774 = CARTESIAN_POINT ( 'NONE',  ( -1.131481631754760020, -2.217291278814829791, 0.6499942451542439770 ) ) ;
#7775 = CARTESIAN_POINT ( 'NONE',  ( 5.775000000000001243, 0.3534050636897360098, 19.80000000000000426 ) ) ;
#7776 = ORIENTED_EDGE ( 'NONE', *, *, #771, .F. ) ;
#7777 = CARTESIAN_POINT ( 'NONE',  ( -1.101430008723521370, -5.133473875591399782, 23.59999999999999787 ) ) ;
#7778 = CARTESIAN_POINT ( 'NONE',  ( 2.087499999999999911, -3.157682639772280494E-16, 0.000000000000000000 ) ) ;
#7779 = ADVANCED_FACE ( 'NONE', ( #1910 ), #3504, .T. ) ;
#7780 = CARTESIAN_POINT ( 'NONE',  ( 3.496481823174518055, -2.646656609045343611, 2.969165229559820762 ) ) ;
#7781 = CARTESIAN_POINT ( 'NONE',  ( -1.883778650278389977, 0.6849431702937750499, 3.391484666840950180 ) ) ;
#7782 = VERTEX_POINT ( 'NONE', #7392 ) ;
#7783 = CARTESIAN_POINT ( 'NONE',  ( 2.280490654322659960, -1.286299887497099892, 3.932538239560280591 ) ) ;
#7784 = ORIENTED_EDGE ( 'NONE', *, *, #2346, .F. ) ;
#7785 = CARTESIAN_POINT ( 'NONE',  ( -0.9039236510260389990, -2.459574636361800071, 3.023199761058580126 ) ) ;
#7786 = EDGE_CURVE ( 'NONE', #4683, #7640, #2807, .T. ) ;
#7787 = CARTESIAN_POINT ( 'NONE',  ( -1.170949802788611160, 2.340826931958486679, 3.311113582330419192 ) ) ;
#7788 = CARTESIAN_POINT ( 'NONE',  ( 0.9179545621721564297, -1.775878503021586896, 3.022064739156700153 ) ) ;
#7789 = CIRCLE ( 'NONE', #3960, 2.300000000047930371 ) ;
#7790 = CARTESIAN_POINT ( 'NONE',  ( 3.711185994426183132, 2.335991320139302996, 2.969165229559820318 ) ) ;
#7791 = ORIENTED_EDGE ( 'NONE', *, *, #5478, .T. ) ;
#7792 = CARTESIAN_POINT ( 'NONE',  ( 1.172748857509392062, 2.344426542428737381, 3.311116929660185448 ) ) ;
#7793 = CARTESIAN_POINT ( 'NONE',  ( -0.6883772751252360544, 1.883204621396110001, 3.121953701425990602 ) ) ;
#7794 = CARTESIAN_POINT ( 'NONE',  ( 1.169997808946381612, -2.338665916548373414, 3.459505344353109635 ) ) ;
#7795 = DIRECTION ( 'NONE',  ( 0.000000000000000000, 0.000000000000000000, 1.000000000000000000 ) ) ;
#7796 = CARTESIAN_POINT ( 'NONE',  ( -2.282500000000000195, 1.169999999999999929, 0.000000000000000000 ) ) ;
#7797 = CARTESIAN_POINT ( 'NONE',  ( 4.409532436802692246, -1.080023956893368945E-15, 23.10000000000000142 ) ) ;
#7798 = CARTESIAN_POINT ( 'NONE',  ( -2.007773849016310397, -1.675361690177919360, 4.062213304289150173 ) ) ;
#7799 = MECHANICAL_DESIGN_GEOMETRIC_PRESENTATION_REPRESENTATION (  '', ( #2114 ), #1389 ) ;
#7800 = CARTESIAN_POINT ( 'NONE',  ( -0.9590904879209291023, 1.917019911671391075, 3.458880568335385153 ) ) ;
#7801 = CARTESIAN_POINT ( 'NONE',  ( -4.365172639699883561, 3.801858157940055438, 19.79999999999999716 ) ) ;
#7802 = COLOUR_RGB ( '',0.8313725490196077761, 0.8313725490196077761, 0.8313725490196077761 ) ;
#7803 = CARTESIAN_POINT ( 'NONE',  ( -1.823132029905879969, -0.9266067010575870233, 2.515856723186240096 ) ) ;
#7804 = CARTESIAN_POINT ( 'NONE',  ( 2.380000000000000338, -1.169999999999999929, 0.000000000000000000 ) ) ;
#7805 =( NAMED_UNIT ( * ) SI_UNIT ( $, .STERADIAN. ) SOLID_ANGLE_UNIT ( ) );
#7806 = SURFACE_SIDE_STYLE ('',( #8450 ) ) ;
#7807 = PRESENTATION_LAYER_ASSIGNMENT (  '', '', ( #3131 ) ) ;
#7808 = CARTESIAN_POINT ( 'NONE',  ( 2.087499999999999911, 0.2174125788124139647, -3.419999999999999929 ) ) ;
#7809 = CARTESIAN_POINT ( 'NONE',  ( -1.508087747605519890, 1.249691179614720093, 4.062213304289150173 ) ) ;
#7810 = CARTESIAN_POINT ( 'NONE',  ( -1.644386058079083224, -1.504132083846013490, 4.062213407881844596 ) ) ;
#7811 = CARTESIAN_POINT ( 'NONE',  ( -5.250000000000000888, 6.429395695523605139E-16, 23.59999999999999787 ) ) ;
#7812 = STYLED_ITEM ( 'NONE', ( #8024 ), #8610 ) ;
#7813 = CARTESIAN_POINT ( 'NONE',  ( -2.334793036328439264, 1.177597738831410945, 3.562189872722952177 ) ) ;
#7814 = DIRECTION ( 'NONE',  ( 5.359329254474831771E-17, 0.8752448882741049596, -0.4836800446059870140 ) ) ;
#7815 = CARTESIAN_POINT ( 'NONE',  ( 1.786143877569599914, 0.8998318088657810687, 3.391484666840950180 ) ) ;
#7816 = CARTESIAN_POINT ( 'NONE',  ( -1.169999999999999929, -2.282500000000000195, 0.1648747531013670109 ) ) ;
#7817 = CARTESIAN_POINT ( 'NONE',  ( 5.646824983697253053, 1.211560135406117622, 19.79999999999999716 ) ) ;
#7818 = ADVANCED_FACE ( 'NONE', ( #1425 ), #1372, .F. ) ;
#7819 = ORIENTED_EDGE ( 'NONE', *, *, #7662, .T. ) ;
#7820 = CARTESIAN_POINT ( 'NONE',  ( 1.565994226693183444, 2.099034156328304146, 4.062213620863052377 ) ) ;
#7821 =( GEOMETRIC_REPRESENTATION_CONTEXT ( 3 ) GLOBAL_UNCERTAINTY_ASSIGNED_CONTEXT ( ( #5866 ) ) GLOBAL_UNIT_ASSIGNED_CONTEXT ( ( #8488, #7092, #324 ) ) REPRESENTATION_CONTEXT ( 'NONE', 'WORKASPACE' ) );
#7822 = ADVANCED_BREP_SHAPE_REPRESENTATION ( '', ( #1891, #7673 ), #6812 ) ;
#7823 = COLOUR_RGB ( '',0.2862745098039215508, 0.2862745098039215508, 0.2862745098039215508 ) ;
#7824 = CARTESIAN_POINT ( 'NONE',  ( 0.9997911049709284903, -2.291518291723605216, 23.60000000000000853 ) ) ;
#7825 = CARTESIAN_POINT ( 'NONE',  ( -2.087499999999999911, 0.8774999999999999467, 0.000000000000000000 ) ) ;
#7826 = ORIENTED_EDGE ( 'NONE', *, *, #6368, .F. ) ;
#7827 =( GEOMETRIC_REPRESENTATION_CONTEXT ( 3 ) GLOBAL_UNCERTAINTY_ASSIGNED_CONTEXT ( ( #8014 ) ) GLOBAL_UNIT_ASSIGNED_CONTEXT ( ( #7189, #7855, #7148 ) ) REPRESENTATION_CONTEXT ( 'NONE', 'WORKASPACE' ) );
#7828 = CARTESIAN_POINT ( 'NONE',  ( 1.929685463755220098, -1.460694369927149960, 4.062214983206589913 ) ) ;
#7829 = PRODUCT_DEFINITION_SHAPE ( 'NONE', 'NONE',  #8817 ) ;
#7830 =( LENGTH_UNIT ( ) NAMED_UNIT ( * ) SI_UNIT ( .MILLI., .METRE. ) );
#7831 = UNCERTAINTY_MEASURE_WITH_UNIT (LENGTH_MEASURE( 1.000000000000000082E-05 ), #977, 'distance_accuracy_value', 'NONE');
#7832 = EDGE_LOOP ( 'NONE', ( #8022, #7332, #1307, #5610 ) ) ;
#7833 = CARTESIAN_POINT ( 'NONE',  ( 0.9695199234001420363, 1.648231367092749977, 3.932265868843620282 ) ) ;
#7834 = CARTESIAN_POINT ( 'NONE',  ( -1.177288478718969911, -2.334132463002430491, 3.023199761058580126 ) ) ;
#7835 = CARTESIAN_POINT ( 'NONE',  ( -1.169999999999999929, 2.085529786706679545, 0.000000000000000000 ) ) ;
#7836 = SURFACE_STYLE_FILL_AREA ( #5120 ) ;
#7837 = CARTESIAN_POINT ( 'NONE',  ( 2.087499999999999911, -0.8774999999999999467, 0.000000000000000000 ) ) ;
#7838 = CARTESIAN_POINT ( 'NONE',  ( -6.750000000000000000, 8.266365894244634333E-16, 19.77499999999999858 ) ) ;
#7839 = SURFACE_STYLE_FILL_AREA ( #5123 ) ;
#7840 = ORIENTED_EDGE ( 'NONE', *, *, #5410, .T. ) ;
#7841 = LINE ( 'NONE', #4413, #1548 ) ;
#7842 = CARTESIAN_POINT ( 'NONE',  ( 2.614955567827029981, 0.000000000000000000, 18.47500000000000142 ) ) ;
#7843 = CARTESIAN_POINT ( 'NONE',  ( -0.9023179939658100279, 1.784887178719819945, 3.391484670832360493 ) ) ;
#7844 = CARTESIAN_POINT ( 'NONE',  ( 1.706611441685740083, -2.070247336351750178, 4.062213304289150173 ) ) ;
#7845 =( NAMED_UNIT ( * ) SI_UNIT ( $, .STERADIAN. ) SOLID_ANGLE_UNIT ( ) );
#7846 = CARTESIAN_POINT ( 'NONE',  ( -1.827149147431826215, 0.9330701504906014909, 2.344882219823909431 ) ) ;
#7847 = CARTESIAN_POINT ( 'NONE',  ( -0.8975013032705895233, -1.787322326264593197, 3.529096873716066174 ) ) ;
#7848 = ADVANCED_FACE ( 'NONE', ( #7487 ), #5536, .T. ) ;
#7849 = CARTESIAN_POINT ( 'NONE',  ( -0.8536419123158789368, 1.706194357699791331, 3.452213030551388506 ) ) ;
#7850 = CARTESIAN_POINT ( 'NONE',  ( -5.297772545143882184, 2.307043476045692376, 19.79999999999999361 ) ) ;
#7851 = CARTESIAN_POINT ( 'NONE',  ( -2.192472396255249922, -1.088868900352530256, 2.516625768025539944 ) ) ;
#7852 =( LENGTH_UNIT ( ) NAMED_UNIT ( * ) SI_UNIT ( .MILLI., .METRE. ) );
#7853 = CARTESIAN_POINT ( 'NONE',  ( 2.024999999999999023, -4.049999999999999822, 18.50000000000000000 ) ) ;
#7854 = CARTESIAN_POINT ( 'NONE',  ( 2.207106781186547462, -4.414213562373095812, 23.59999999999999432 ) ) ;
#7855 =( NAMED_UNIT ( * ) PLANE_ANGLE_UNIT ( ) SI_UNIT ( $, .RADIAN. ) );
#7856 = CARTESIAN_POINT ( 'NONE',  ( 6.750000000000000888, 13.49999999999999467, 19.78964466094066665 ) ) ;
#7857 = CARTESIAN_POINT ( 'NONE',  ( -2.024999999999999911, 2.479909768273389807E-16, 18.50000000000000000 ) ) ;
#7858 =( NAMED_UNIT ( * ) PLANE_ANGLE_UNIT ( ) SI_UNIT ( $, .RADIAN. ) );
#7859 = COLOUR_RGB ( '',0.2862745098039215508, 0.2862745098039215508, 0.2862745098039215508 ) ;
#7860 = FACE_OUTER_BOUND ( 'NONE', #8337, .T. ) ;
#7861 = PRESENTATION_LAYER_ASSIGNMENT (  '', '', ( #6297 ) ) ;
#7862 = CARTESIAN_POINT ( 'NONE',  ( -1.158944265308170074, -2.075491525851049790, 0.3416459266862709732 ) ) ;
#7863 = CARTESIAN_POINT ( 'NONE',  ( -2.576132395480495774, -1.201117705253198276, 0.7666085965705810024 ) ) ;
#7864 = ORIENTED_EDGE ( 'NONE', *, *, #1724, .T. ) ;
#7865 = CARTESIAN_POINT ( 'NONE',  ( 5.207089579758225284, 0.6783174281333789191, 23.60000000000000497 ) ) ;
#7866 = CARTESIAN_POINT ( 'NONE',  ( 2.672499999999999876, 1.077879012091019995, 0.1698237983775840176 ) ) ;
#7867 = VECTOR ( 'NONE', #1685, 1000.000000000000000 ) ;
#7868 = CARTESIAN_POINT ( 'NONE',  ( -4.427234836750692182, 5.083298838492400051, 19.80000000000000071 ) ) ;
#7869 = SURFACE_STYLE_USAGE ( .BOTH. , #3205 ) ;
#7870 = CARTESIAN_POINT ( 'NONE',  ( 1.889707849479522084, 1.645878575097206697, 23.60000000000000497 ) ) ;
#7871 = CARTESIAN_POINT ( 'NONE',  ( -1.881671994199930031, 0.6888338008215979524, 3.022064739160810198 ) ) ;
#7872 = ORIENTED_EDGE ( 'NONE', *, *, #1715, .T. ) ;
#7873 = CARTESIAN_POINT ( 'NONE',  ( 4.409532436802679811, 0.000000000000000000, 23.10000000000000142 ) ) ;
#7874 = ORIENTED_EDGE ( 'NONE', *, *, #6041, .F. ) ;
#7875 = CARTESIAN_POINT ( 'NONE',  ( 5.750000000000000000, 0.000000000000000000, 21.44999999999999929 ) ) ;
#7876 = CARTESIAN_POINT ( 'NONE',  ( 5.482611236233660534, -1.818588477992677088, 19.79999999999999716 ) ) ;
#7877 = CARTESIAN_POINT ( 'NONE',  ( -1.079457809251219924, 2.159409603357279828, 3.044043887592459807 ) ) ;
#7878 = CIRCLE ( 'NONE', #6019, 5.749999999999998224 ) ;
#7879 = CARTESIAN_POINT ( 'NONE',  ( 2.018450015638979966, -0.8224655529971039991, 0.7659099622468730217 ) ) ;
#7880 = SURFACE_SIDE_STYLE ('',( #5173 ) ) ;
#7881 = CARTESIAN_POINT ( 'NONE',  ( 1.170036952087893045, -2.660992903405450694, 0.3469787267907644690 ) ) ;
#7882 = ORIENTED_EDGE ( 'NONE', *, *, #2432, .T. ) ;
#7883 = CARTESIAN_POINT ( 'NONE',  ( 3.200000000000000178, 0.000000000000000000, 13.03458261477990021 ) ) ;
#7884 = MECHANICAL_DESIGN_GEOMETRIC_PRESENTATION_REPRESENTATION (  '', ( #8323 ), #4478 ) ;
#7885 = CARTESIAN_POINT ( 'NONE',  ( 1.170917004731294009, 2.340498065203301170, 3.462677475936779103 ) ) ;
#7886 = ORIENTED_EDGE ( 'NONE', *, *, #811, .F. ) ;
#7887 = CARTESIAN_POINT ( 'NONE',  ( 1.779174505976594656, 0.9136175456590139854, 3.562213304289150173 ) ) ;
#7888 = AXIS2_PLACEMENT_3D ( 'NONE', #8604, #8687, #1226 ) ;
#7889 = CARTESIAN_POINT ( 'NONE',  ( -0.2335924706297539954, 1.990884147333239929, 3.391484670832360493 ) ) ;
#7890 = EDGE_CURVE ( 'NONE', #3793, #8603, #4861, .T. ) ;
#7891 = CARTESIAN_POINT ( 'NONE',  ( 1.504132083846013490, -1.644386058079083224, 4.062213407881844596 ) ) ;
#7892 = FACE_OUTER_BOUND ( 'NONE', #1881, .T. ) ;
#7893 = LINE ( 'NONE', #1774, #4401 ) ;
#7894 = LINE ( 'NONE', #5790, #6827 ) ;
#7895 = CIRCLE ( 'NONE', #4054, 6.749257393156898210 ) ;
#7896 = CARTESIAN_POINT ( 'NONE',  ( -1.566195939707290208, 2.140484332542559986, 4.062213304289150173 ) ) ;
#7897 = CARTESIAN_POINT ( 'NONE',  ( -4.615713357493186564, 3.493551372773078700, 19.79999999999999361 ) ) ;
#7898 = LINE ( 'NONE', #2550, #1024 ) ;
#7899 = CARTESIAN_POINT ( 'NONE',  ( -2.087482471917000204, -1.054804412286389992, 1.611016839402249934 ) ) ;
#7900 = DIRECTION ( 'NONE',  ( 1.000000000000000000, -1.224646799147350002E-16, 0.000000000000000000 ) ) ;
#7901 = DIRECTION ( 'NONE',  ( -1.000000000000000000, 0.000000000000000000, 0.000000000000000000 ) ) ;
#7902 = ADVANCED_FACE ( 'NONE', ( #1466 ), #1313, .F. ) ;
#7903 =( NAMED_UNIT ( * ) SI_UNIT ( $, .STERADIAN. ) SOLID_ANGLE_UNIT ( ) );
#7904 = CARTESIAN_POINT ( 'NONE',  ( -2.700000000000001510, -5.400000000000000355, 23.59999999999999787 ) ) ;
#7905 = CARTESIAN_POINT ( 'NONE',  ( -1.644386058079063240, 1.504132083846002832, 4.062213407881844596 ) ) ;
#7906 =( GEOMETRIC_REPRESENTATION_CONTEXT ( 3 ) GLOBAL_UNCERTAINTY_ASSIGNED_CONTEXT ( ( #8469 ) ) GLOBAL_UNIT_ASSIGNED_CONTEXT ( ( #4040, #7459, #6787 ) ) REPRESENTATION_CONTEXT ( 'NONE', 'WORKASPACE' ) );
#7907 = CARTESIAN_POINT ( 'NONE',  ( 5.749999999999998224, 0.000000000000000000, 23.39289321881345174 ) ) ;
#7908 = CARTESIAN_POINT ( 'NONE',  ( -2.614955567827029981, 3.202396966051921746E-16, 11.28110665214460084 ) ) ;
#7909 = CARTESIAN_POINT ( 'NONE',  ( -6.329977120918348632, -2.271596629285801860, 19.80000000000000071 ) ) ;
#7910 = CARTESIAN_POINT ( 'NONE',  ( -1.023094312999248245, -1.923808584272358013, 1.342979525146446029 ) ) ;
#7911 = CARTESIAN_POINT ( 'NONE',  ( -2.547881943075970490, -0.6139992562389630093, 3.023199761058580126 ) ) ;
#7912 = APPLICATION_CONTEXT ( 'automotive_design' ) ;
#7913 = VERTEX_POINT ( 'NONE', #6337 ) ;
#7914 = LINE ( 'NONE', #5854, #7031 ) ;
#7915 = PRESENTATION_LAYER_ASSIGNMENT (  '', '', ( #6348 ) ) ;
#7916 = CARTESIAN_POINT ( 'NONE',  ( 2.658467264299139821, 1.077869703452629890, 0.3537504162854430145 ) ) ;
#7917 = B_SPLINE_CURVE_WITH_KNOTS ( 'NONE', 3,
 ( #3804, #6478, #8664, #6523, #2555, #8582 ),
 .UNSPECIFIED., .F., .F.,
 ( 4, 2, 4 ),
 ( 0.000000000000000000, 0.5000000000000000000, 1.000000000000000000 ),
 .UNSPECIFIED. ) ;
#7918 = CARTESIAN_POINT ( 'NONE',  ( -5.753072144948606415, 3.489927614022208857, 19.79999999999999716 ) ) ;
#7919 = CARTESIAN_POINT ( 'NONE',  ( 0.2174125788124139647, -2.672499999999999876, -3.419999999999999929 ) ) ;
#7920 = CARTESIAN_POINT ( 'NONE',  ( 2.291518291723553258, 0.9997911049709630182, 23.60000000000000497 ) ) ;
#7921 = CARTESIAN_POINT ( 'NONE',  ( -2.004488576375980102, -5.729482943431289771E-15, 3.562213304289150173 ) ) ;
#7922 = ORIENTED_EDGE ( 'NONE', *, *, #3470, .T. ) ;
#7923 = EDGE_CURVE ( 'NONE', #772, #50, #3617, .T. ) ;
#7924 = SURFACE_SIDE_STYLE ('',( #2391 ) ) ;
#7925 = UNCERTAINTY_MEASURE_WITH_UNIT (LENGTH_MEASURE( 1.000000000000000082E-05 ), #4523, 'distance_accuracy_value', 'NONE');
#7926 = CARTESIAN_POINT ( 'NONE',  ( -0.8842137989561309475, 2.598098636573550113, 0.7666085965705949912 ) ) ;
#7927 = ORIENTED_EDGE ( 'NONE', *, *, #5410, .F. ) ;
#7928 = FILL_AREA_STYLE_COLOUR ( '', #4480 ) ;
#7929 = CARTESIAN_POINT ( 'NONE',  ( 5.704951021424466973, -0.8986502578892677784, 19.80000000000000426 ) ) ;
#7930 = CARTESIAN_POINT ( 'NONE',  ( -1.169999999999999929, 2.282500000000000195, 0.000000000000000000 ) ) ;
#7931 = CARTESIAN_POINT ( 'NONE',  ( 0.9069931196007228191, -1.781444615668415610, 3.022064739156700153 ) ) ;
#7932 = FILL_AREA_STYLE ('',( #8439 ) ) ;
#7933 = LINE ( 'NONE', #2451, #6698 ) ;
#7934 = CARTESIAN_POINT ( 'NONE',  ( 1.170488285650093774, -2.587457739407799107, 0.7398771440567299962 ) ) ;
#7935 = EDGE_LOOP ( 'NONE', ( #4288, #3472, #3646, #3916 ) ) ;
#7936 = CARTESIAN_POINT ( 'NONE',  ( 1.785222343980619852, 0.8932633516711345756, 3.310596917594637478 ) ) ;
#7937 = ADVANCED_FACE ( 'NONE', ( #1678 ), #2348, .T. ) ;
#7938 = EDGE_LOOP ( 'NONE', ( #8131, #226, #6144, #1174 ) ) ;
#7939 = CARTESIAN_POINT ( 'NONE',  ( -2.338633517039835130, -1.169984342895092677, 3.462678155060951557 ) ) ;
#7940 = CARTESIAN_POINT ( 'NONE',  ( -0.8261626580513550255, 1.823002569910110005, 3.391484670832360493 ) ) ;
#7941 = SURFACE_SIDE_STYLE ('',( #3796 ) ) ;
#7942 =( NAMED_UNIT ( * ) PLANE_ANGLE_UNIT ( ) SI_UNIT ( $, .RADIAN. ) );
#7943 = VECTOR ( 'NONE', #5448, 1000.000000000000000 ) ;
#7944 = B_SPLINE_CURVE_WITH_KNOTS ( 'NONE', 3,
 ( #2460, #6591, #4639, #449 ),
 .UNSPECIFIED., .F., .F.,
 ( 4, 4 ),
 ( 0.000000000000000000, 0.0001006781305848893922 ),
 .UNSPECIFIED. ) ;
#7945 = CARTESIAN_POINT ( 'NONE',  ( -2.282500000000000195, 1.169999999999999929, 0.1648747531013440015 ) ) ;
#7946 = LINE ( 'NONE', #939, #708 ) ;
#7947 = MECHANICAL_DESIGN_GEOMETRIC_PRESENTATION_REPRESENTATION (  '', ( #6237 ), #401 ) ;
#7948 = DIRECTION ( 'NONE',  ( -1.000000000000000000, 0.000000000000000000, 0.000000000000000000 ) ) ;
#7949 = CARTESIAN_POINT ( 'NONE',  ( -1.788925683043190107, -0.8951142490607919555, 3.310600361383099877 ) ) ;
#7950 = FILL_AREA_STYLE_COLOUR ( '', #7444 ) ;
#7951 = CARTESIAN_POINT ( 'NONE',  ( 2.010355339059327395, -4.923950462255593918E-16, 18.50000000000000000 ) ) ;
#7952 = FILL_AREA_STYLE ('',( #371 ) ) ;
#7953 = AXIS2_PLACEMENT_3D ( 'NONE', #7478, #6855, #6762 ) ;
#7954 =( GEOMETRIC_REPRESENTATION_CONTEXT ( 3 ) GLOBAL_UNCERTAINTY_ASSIGNED_CONTEXT ( ( #6218 ) ) GLOBAL_UNIT_ASSIGNED_CONTEXT ( ( #8447, #5717, #7727 ) ) REPRESENTATION_CONTEXT ( 'NONE', 'WORKASPACE' ) );
#7955 =( LENGTH_UNIT ( ) NAMED_UNIT ( * ) SI_UNIT ( .MILLI., .METRE. ) );
#7956 = CARTESIAN_POINT ( 'NONE',  ( -2.500000000000000000, 3.061616997868383141E-16, 23.59999999999999787 ) ) ;
#7957 = CARTESIAN_POINT ( 'NONE',  ( 1.169995546943034981, -2.338598443458154819, 3.495963875053781145 ) ) ;
#7958 =( GEOMETRIC_REPRESENTATION_CONTEXT ( 3 ) GLOBAL_UNCERTAINTY_ASSIGNED_CONTEXT ( ( #3724 ) ) GLOBAL_UNIT_ASSIGNED_CONTEXT ( ( #6711, #8764, #7420 ) ) REPRESENTATION_CONTEXT ( 'NONE', 'WORKASPACE' ) );
#7959 = CARTESIAN_POINT ( 'NONE',  ( 1.177475920864990089, 2.334853973483720146, 3.562213304289150173 ) ) ;
#7960 = EDGE_CURVE ( 'NONE', #7542, #7640, #1155, .T. ) ;
#7961 = CARTESIAN_POINT ( 'NONE',  ( -0.8921200562759814545, -1.783136697887493849, 3.462469410894045030 ) ) ;
#7962 = CARTESIAN_POINT ( 'NONE',  ( -2.672499999999999876, -0.8801900238807950361, 0.1698237983775840176 ) ) ;
#7963 = ORIENTED_EDGE ( 'NONE', *, *, #7786, .F. ) ;
#7964 = CARTESIAN_POINT ( 'NONE',  ( 5.131420022800957881, 1.122559083890887210, 23.59999999999999432 ) ) ;
#7965 = CARTESIAN_POINT ( 'NONE',  ( 2.672499999999999876, 1.193776106554247596, 0.000000000000000000 ) ) ;
#7966 = MECHANICAL_DESIGN_GEOMETRIC_PRESENTATION_REPRESENTATION (  '', ( #3541 ), #4819 ) ;
#7967 = CARTESIAN_POINT ( 'NONE',  ( -2.995510818678650544, 6.028571416420480666, 19.79999999999999716 ) ) ;
#7968 = CARTESIAN_POINT ( 'NONE',  ( -2.024999999999999467, 4.049999999999998934, 18.49999999999999645 ) ) ;
#7969 = CARTESIAN_POINT ( 'NONE',  ( -2.332399654168972880, 0.9001966847907370006, 23.59999999999999787 ) ) ;
#7970 = CARTESIAN_POINT ( 'NONE',  ( -2.087499999999999911, -1.173535688087119944, 0.000000000000000000 ) ) ;
#7971 = EDGE_LOOP ( 'NONE', ( #6617, #3208, #3822, #2755 ) ) ;
#7972 = CARTESIAN_POINT ( 'NONE',  ( -6.749257393143829553, 8.265456463135200518E-16, 10.24702156663260055 ) ) ;
#7973 = MECHANICAL_DESIGN_GEOMETRIC_PRESENTATION_REPRESENTATION (  '', ( #7812 ), #6391 ) ;
#7974 = EDGE_LOOP ( 'NONE', ( #433, #1461, #2738, #7551, #7022, #8137, #2945, #8151, #912, #8011, #3690, #7204 ) ) ;
#7975 = CARTESIAN_POINT ( 'NONE',  ( -1.013610660389830054, 2.017744525987120507, 2.345302670723679928 ) ) ;
#7976 = CARTESIAN_POINT ( 'NONE',  ( 1.196504893886543019, -2.087499999999999911, 0.1698237983775840176 ) ) ;
#7977 = SURFACE_SIDE_STYLE ('',( #5215 ) ) ;
#7978 = AXIS2_PLACEMENT_3D ( 'NONE', #8409, #4124, #1521 ) ;
#7979 = MECHANICAL_DESIGN_GEOMETRIC_PRESENTATION_REPRESENTATION (  '', ( #5122 ), #2847 ) ;
#7980 = ORIENTED_EDGE ( 'NONE', *, *, #2008, .T. ) ;
#7981 = SURFACE_STYLE_USAGE ( .BOTH. , #3884 ) ;
#7982 = CARTESIAN_POINT ( 'NONE',  ( 1.390246858450352008, -1.437780815204086737, 4.062213304289150173 ) ) ;
#7983 = CARTESIAN_POINT ( 'NONE',  ( -1.177071278295970025, 2.087499999999999911, 0.000000000000000000 ) ) ;
#7984 =( NAMED_UNIT ( * ) PLANE_ANGLE_UNIT ( ) SI_UNIT ( $, .RADIAN. ) );
#7985 = CARTESIAN_POINT ( 'NONE',  ( -1.883909636717475065E-07, -2.087499999999999911, 0.000000000000000000 ) ) ;
#7986 = VECTOR ( 'NONE', #2246, 1000.000000000000114 ) ;
#7987 = CARTESIAN_POINT ( 'NONE',  ( 0.5849999999999999645, 2.087499999999999911, -2.754830917718800176 ) ) ;
#7988 = EDGE_CURVE ( 'NONE', #1853, #3362, #7944, .T. ) ;
#7989 = VERTEX_POINT ( 'NONE', #5181 ) ;
#7990 =( NAMED_UNIT ( * ) SI_UNIT ( $, .STERADIAN. ) SOLID_ANGLE_UNIT ( ) );
#7991 = AXIS2_PLACEMENT_3D ( 'NONE', #5014, #7734, #1609 ) ;
#7992 = CARTESIAN_POINT ( 'NONE',  ( -1.894185973626562047, -0.9954786846138878875, 1.610665429228305356 ) ) ;
#7993 = SURFACE_SIDE_STYLE ('',( #1828 ) ) ;
#7994 = CARTESIAN_POINT ( 'NONE',  ( -2.000000000000000444, -3.999999999999999112, 18.51035533905932340 ) ) ;
#7995 = SURFACE_SIDE_STYLE ('',( #7273 ) ) ;
#7996 = FILL_AREA_STYLE ('',( #1913 ) ) ;
#7997 = FACE_OUTER_BOUND ( 'NONE', #4358, .T. ) ;
#7998 = CARTESIAN_POINT ( 'NONE',  ( 4.399177097743353748, 8.798354195486705720, 2.969165229559820318 ) ) ;
#7999 = CARTESIAN_POINT ( 'NONE',  ( -6.725000000000000533, 2.745249908088651464E-16, 19.79999999999999716 ) ) ;
#8000 = DIRECTION ( 'NONE',  ( 0.000000000000000000, 0.000000000000000000, 1.000000000000000000 ) ) ;
#8001 = CARTESIAN_POINT ( 'NONE',  ( -0.8982803868047499751, -1.792364666006339924, 3.046471023138189960 ) ) ;
#8002 = CARTESIAN_POINT ( 'NONE',  ( -2.598098636585110199, -0.8842137987155650469, 0.7666085965705810024 ) ) ;
#8003 = ORIENTED_EDGE ( 'NONE', *, *, #6430, .T. ) ;
#8004 = CARTESIAN_POINT ( 'NONE',  ( 5.073099576310257319, 1.370147777940743383, 23.60000000000000497 ) ) ;
#8005 = CARTESIAN_POINT ( 'NONE',  ( 2.500054273716890041, 0.8985740876216959938, 1.944948958557380037 ) ) ;
#8006 = VECTOR ( 'NONE', #2415, 1000.000000000000114 ) ;
#8007 = CARTESIAN_POINT ( 'NONE',  ( -6.333059091953493258, 2.272818534824984749, 19.79999999999999361 ) ) ;
#8008 = CARTESIAN_POINT ( 'NONE',  ( -2.379999999999999893, 2.430232578015850201E-17, 0.000000000000000000 ) ) ;
#8009 = CARTESIAN_POINT ( 'NONE',  ( -2.352582858676001809, 0.8460813610436435095, 23.60000000000000142 ) ) ;
#8010 = CARTESIAN_POINT ( 'NONE',  ( -2.087499999999999911, -1.180607064261360195, 0.000000000000000000 ) ) ;
#8011 = ORIENTED_EDGE ( 'NONE', *, *, #4363, .F. ) ;
#8012 =( GEOMETRIC_REPRESENTATION_CONTEXT ( 3 ) GLOBAL_UNCERTAINTY_ASSIGNED_CONTEXT ( ( #7555 ) ) GLOBAL_UNIT_ASSIGNED_CONTEXT ( ( #3010, #3581, #7766 ) ) REPRESENTATION_CONTEXT ( 'NONE', 'WORKASPACE' ) );
#8013 = CARTESIAN_POINT ( 'NONE',  ( 4.370751894706227603, -1.070525463543842336E-15, 0.7073570630543275506 ) ) ;
#8014 = UNCERTAINTY_MEASURE_WITH_UNIT (LENGTH_MEASURE( 1.000000000000000082E-05 ), #7189, 'distance_accuracy_value', 'NONE');
#8015 = CARTESIAN_POINT ( 'NONE',  ( -0.2958611420512879953, 2.621989014197379841, 0.7666085965705939920 ) ) ;
#8016 = VERTEX_POINT ( 'NONE', #3137 ) ;
#8017 = CARTESIAN_POINT ( 'NONE',  ( 4.373642825351914176, 0.000000000000000000, 0.7189519526503383995 ) ) ;
#8018 = CARTESIAN_POINT ( 'NONE',  ( 4.368917572847630382, 0.000000000000000000, 0.7000000000000029532 ) ) ;
#8019 = EDGE_CURVE ( 'NONE', #7750, #6268, #4467, .T. ) ;
#8020 = CARTESIAN_POINT ( 'NONE',  ( 1.285538593474083058, 2.276676128838960977, 18.50000000000000000 ) ) ;
#8021 = EDGE_CURVE ( 'NONE', #4194, #8566, #4538, .T. ) ;
#8022 = ORIENTED_EDGE ( 'NONE', *, *, #7712, .F. ) ;
#8023 = CARTESIAN_POINT ( 'NONE',  ( -1.169788708795561849, -2.339245980286042581, 2.881427875159127794 ) ) ;
#8024 = PRESENTATION_STYLE_ASSIGNMENT (( #5303 ) ) ;
#8026 = CARTESIAN_POINT ( 'NONE',  ( -0.9134966267084875247, 1.779236681597174963, 3.391484670832360493 ) ) ;
#8025 =( GEOMETRIC_REPRESENTATION_CONTEXT ( 3 ) GLOBAL_UNCERTAINTY_ASSIGNED_CONTEXT ( ( #4975 ) ) GLOBAL_UNIT_ASSIGNED_CONTEXT ( ( #6103, #2620, #6058 ) ) REPRESENTATION_CONTEXT ( 'NONE', 'WORKASPACE' ) );
#8027 = CARTESIAN_POINT ( 'NONE',  ( 1.603965714669165044, -1.858020011712220088, 4.062213270710802071 ) ) ;
#8028 = CARTESIAN_POINT ( 'NONE',  ( -2.614956068872666073, -0.4071354514572939065, 3.562206936433876425 ) ) ;
#8029 = MECHANICAL_DESIGN_GEOMETRIC_PRESENTATION_REPRESENTATION (  '', ( #219 ), #1756 ) ;
#8030 = CARTESIAN_POINT ( 'NONE',  ( 0.9865941242489374430, -1.972006126700981410, 3.462133142532068941 ) ) ;
#8031 = CARTESIAN_POINT ( 'NONE',  ( -2.342367974734134162, -1.171852349557213957, 3.462678173980676899 ) ) ;
#8032 = PRESENTATION_STYLE_ASSIGNMENT (( #5228 ) ) ;
#8033 = FILL_AREA_STYLE ('',( #5975 ) ) ;
#8034 = DIRECTION ( 'NONE',  ( 0.000000000000000000, 1.000000000000000000, -0.000000000000000000 ) ) ;
#8035 = CARTESIAN_POINT ( 'NONE',  ( 2.700000000000000622, -5.400000000000000355, 23.59999999999999787 ) ) ;
#8036 = VECTOR ( 'NONE', #5296, 1000.000000000000114 ) ;
#8037 = CARTESIAN_POINT ( 'NONE',  ( -5.749999999999998224, 7.041719095097278907E-16, 23.39289321881345174 ) ) ;
#8038 = CARTESIAN_POINT ( 'NONE',  ( -2.589955567827030514, 1.057260265357748665E-16, 18.50000000000000355 ) ) ;
#8039 = CARTESIAN_POINT ( 'NONE',  ( -6.384502174152222764, -2.117786523441084423, 19.79999999999999361 ) ) ;
#8040 = CARTESIAN_POINT ( 'NONE',  ( 1.169984342774493369, -2.338633519216837264, 3.462676754533798196 ) ) ;
#8041 = CARTESIAN_POINT ( 'NONE',  ( 1.019867505645862593, -1.924578028518910910, 1.437023416934399833 ) ) ;
#8042 = CARTESIAN_POINT ( 'NONE',  ( -2.672499999999999876, -1.185923872121844136, 0.1698237983775840176 ) ) ;
#8043 = EDGE_LOOP ( 'NONE', ( #8544, #785, #217, #1810 ) ) ;
#8044 = CARTESIAN_POINT ( 'NONE',  ( 2.672499999999999876, -1.169999999999999929, 0.000000000000000000 ) ) ;
#8045 = CARTESIAN_POINT ( 'NONE',  ( 3.872041209587267829, 5.498774598083864262, 19.80000000000000426 ) ) ;
#8046 = CARTESIAN_POINT ( 'NONE',  ( 4.349385432184959654, 0.000000000000000000, 0.7000000000000030642 ) ) ;
#8047 = CARTESIAN_POINT ( 'NONE',  ( -1.884391338456260057, -0.6834055635694540332, 3.562213304289150173 ) ) ;
#8048 = ORIENTED_EDGE ( 'NONE', *, *, #1113, .T. ) ;
#8049 = VECTOR ( 'NONE', #7772, 1000.000000000000000 ) ;
#8050 = DIRECTION ( 'NONE',  ( -1.000000000000000000, 0.000000000000000000, 0.000000000000000000 ) ) ;
#8051 = CARTESIAN_POINT ( 'NONE',  ( 4.361335283428461551, -1.068219058971816251E-15, 0.7000000000000029532 ) ) ;
#8052 = ADVANCED_FACE ( 'NONE', ( #5833 ), #8484, .F. ) ;
#8053 = CARTESIAN_POINT ( 'NONE',  ( -0.6139992562377879493, 2.547881943072590083, 3.023199761058580126 ) ) ;
#8054 = VERTEX_POINT ( 'NONE', #2537 ) ;
#8055 = FILL_AREA_STYLE ('',( #7928 ) ) ;
#8056 = SURFACE_STYLE_USAGE ( .BOTH. , #6038 ) ;
#8057 = CARTESIAN_POINT ( 'NONE',  ( -4.349385432184958766, 8.698770864369917533, 0.7000000000000030642 ) ) ;
#8058 = LINE ( 'NONE', #6040, #5955 ) ;
#8059 = CARTESIAN_POINT ( 'NONE',  ( 3.224999999999998312, -6.449999999999999289, 2.969165229559819874 ) ) ;
#8060 =( BOUNDED_CURVE ( )  B_SPLINE_CURVE ( 3, ( #5312, #8035, #7904, #1783 ),
 .UNSPECIFIED., .F., .F. ) 
 B_SPLINE_CURVE_WITH_KNOTS ( ( 4, 4 ),
 ( 0.000000000000000000, 1.000000000000000000 ),
 .UNSPECIFIED. ) 
 CURVE ( )  GEOMETRIC_REPRESENTATION_ITEM ( )  RATIONAL_B_SPLINE_CURVE ( ( 1.000000000000000000, 0.3333333333333333703, 0.3333333333333333703, 1.000000000000000000 ) ) 
 REPRESENTATION_ITEM ( '' )  );
#8061 = ADVANCED_FACE ( 'NONE', ( #7255 ), #5912, .F. ) ;
#8062 = ORIENTED_EDGE ( 'NONE', *, *, #1279, .F. ) ;
#8063 = CARTESIAN_POINT ( 'NONE',  ( 1.831074697414041497, 0.9348509469809247463, 2.337636333019573964 ) ) ;
#8064 = EDGE_CURVE ( 'NONE', #308, #8282, #8650, .T. ) ;
#8065 = CARTESIAN_POINT ( 'NONE',  ( 2.334793193069530481, -1.177597427967119748, 3.562188365187922923 ) ) ;
#8066 = CARTESIAN_POINT ( 'NONE',  ( -1.179662808582821354, 2.069590649515867575, 0.4031326314136419731 ) ) ;
#8067 = CARTESIAN_POINT ( 'NONE',  ( -0.2924999999999999822, -2.087499999999999911, 0.000000000000000000 ) ) ;
#8068 = ORIENTED_EDGE ( 'NONE', *, *, #971, .T. ) ;
#8069 = CARTESIAN_POINT ( 'NONE',  ( 0.000000000000000000, 0.000000000000000000, 18.50000000001728040 ) ) ;
#8070 = FILL_AREA_STYLE_COLOUR ( '', #7504 ) ;
#8071 = CARTESIAN_POINT ( 'NONE',  ( -2.589027869547626093, -1.170743131268147330, 0.7456835533409781336 ) ) ;
#8072 = PRESENTATION_LAYER_ASSIGNMENT (  '', '', ( #8217 ) ) ;
#8073 = CARTESIAN_POINT ( 'NONE',  ( 1.188477777548042402, 2.087499999999999911, 0.1698237986199239991 ) ) ;
#8074 = SURFACE_STYLE_USAGE ( .BOTH. , #6725 ) ;
#8075 = CARTESIAN_POINT ( 'NONE',  ( -1.355193710313409960, -1.718886138634670102, 4.062211577744260005 ) ) ;
#8076 = CARTESIAN_POINT ( 'NONE',  ( 1.829205656435132887, -0.9340619348432452895, 2.337632210152107870 ) ) ;
#8077 = CARTESIAN_POINT ( 'NONE',  ( -2.672499999999999876, 0.5849999999999999645, -1.709999999999999964 ) ) ;
#8078 = CARTESIAN_POINT ( 'NONE',  ( 2.639955567827029892, -3.233013136030605138E-16, 0.7000000000000029532 ) ) ;
#8079 = CARTESIAN_POINT ( 'NONE',  ( 5.564649339036071396, -3.776726606073701031, 19.80000000000000782 ) ) ;
#8080 = MECHANICAL_DESIGN_GEOMETRIC_PRESENTATION_REPRESENTATION (  '', ( #6085 ), #5520 ) ;
#8081 = CARTESIAN_POINT ( 'NONE',  ( 1.169788907952775237, -2.339245357436309458, 2.882019117962397292 ) ) ;
#8082 =( LENGTH_UNIT ( ) NAMED_UNIT ( * ) SI_UNIT ( .MILLI., .METRE. ) );
#8083 = CARTESIAN_POINT ( 'NONE',  ( -2.672499999999999876, 0.5849999999999999645, 0.1698237983775840176 ) ) ;
#8084 = ORIENTED_EDGE ( 'NONE', *, *, #8286, .T. ) ;
#8085 = CARTESIAN_POINT ( 'NONE',  ( 1.773728327879963818, -0.9243825231004212384, 3.703046083266559041 ) ) ;
#8086 = CARTESIAN_POINT ( 'NONE',  ( 2.621989014210969859, 0.2958611420452160745, 0.7666085965432249960 ) ) ;
#8087 = CARTESIAN_POINT ( 'NONE',  ( 4.888133007236833194, -3.076782564055153824, 19.79999999999999716 ) ) ;
#8088 = VECTOR ( 'NONE', #5508, 1000.000000000000000 ) ;
#8089 = CARTESIAN_POINT ( 'NONE',  ( -0.5849999999999999645, -2.672499999999999876, 0.000000000000000000 ) ) ;
#8090 = CARTESIAN_POINT ( 'NONE',  ( -1.785465151653510052, -0.8990754102800500025, 3.022064739160810198 ) ) ;
#8091 = ORIENTED_EDGE ( 'NONE', *, *, #3096, .T. ) ;
#8092 = EDGE_CURVE ( 'NONE', #50, #1629, #5872, .T. ) ;
#8093 = CARTESIAN_POINT ( 'NONE',  ( 5.760355339059327839, 11.52071067811865390, 19.79999999999999361 ) ) ;
#8094 = CARTESIAN_POINT ( 'NONE',  ( 1.645791719976349432, -1.501321925854822048, 4.062213373350946455 ) ) ;
#8095 = UNCERTAINTY_MEASURE_WITH_UNIT (LENGTH_MEASURE( 1.000000000000000082E-05 ), #3230, 'distance_accuracy_value', 'NONE');
#8096 = CARTESIAN_POINT ( 'NONE',  ( 0.6082549803830300528, 2.558997815509860274, 1.944948958572239928 ) ) ;
#8097 = ORIENTED_EDGE ( 'NONE', *, *, #6196, .T. ) ;
#8098 = CARTESIAN_POINT ( 'NONE',  ( -5.775000000000002132, -11.54999999999999893, 19.79999999999999716 ) ) ;
#8099 = AXIS2_PLACEMENT_3D ( 'NONE', #8018, #553, #5338 ) ;
#8100 = CARTESIAN_POINT ( 'NONE',  ( -1.788671819704820587, 0.8948891702401090553, 3.461860776390381034 ) ) ;
#8101 = SURFACE_STYLE_FILL_AREA ( #3963 ) ;
#8102 = CARTESIAN_POINT ( 'NONE',  ( -3.823807912630488470, -2.146717887241603950, 2.969165229559819874 ) ) ;
#8103 = CARTESIAN_POINT ( 'NONE',  ( 2.087499999999999911, -1.204217428382640120, 0.1698237983775840176 ) ) ;
#8104 = CARTESIAN_POINT ( 'NONE',  ( -2.144224534148219785, 1.088321580056180071, 1.071637098901000007 ) ) ;
#8105 = VECTOR ( 'NONE', #7901, 1000.000000000000000 ) ;
#8106 = ORIENTED_EDGE ( 'NONE', *, *, #3278, .F. ) ;
#8107 = CARTESIAN_POINT ( 'NONE',  ( 2.672499999999999876, 1.169999999999999929, 0.000000000000000000 ) ) ;
#8108 = CARTESIAN_POINT ( 'NONE',  ( 0.8962143145743700634, -2.463001349458089795, 3.562213304289159943 ) ) ;
#8109 =( LENGTH_UNIT ( ) NAMED_UNIT ( * ) SI_UNIT ( .MILLI., .METRE. ) );
#8110 = CARTESIAN_POINT ( 'NONE',  ( -1.188477148158782359, -2.087499999999999911, 0.000000000000000000 ) ) ;
#8111 = AXIS2_PLACEMENT_3D ( 'NONE', #4968, #3630, #3586 ) ;
#8112 = VECTOR ( 'NONE', #2325, 1000.000000000000000 ) ;
#8113 = CARTESIAN_POINT ( 'NONE',  ( 2.087499999999999911, -3.834675289830150144E-16, 0.000000000000000000 ) ) ;
#8114 = PRESENTATION_LAYER_ASSIGNMENT (  '', '', ( #5280 ) ) ;
#8115 =( LENGTH_UNIT ( ) NAMED_UNIT ( * ) SI_UNIT ( .MILLI., .METRE. ) );
#8116 =( NAMED_UNIT ( * ) SI_UNIT ( $, .STERADIAN. ) SOLID_ANGLE_UNIT ( ) );
#8117 =( LENGTH_UNIT ( ) NAMED_UNIT ( * ) SI_UNIT ( .MILLI., .METRE. ) );
#8118 = DIRECTION ( 'NONE',  ( -9.381451069113966745E-17, -1.000000000000000000, -5.184401225725134028E-17 ) ) ;
#8119 = FILL_AREA_STYLE ('',( #7488 ) ) ;
#8120 = CARTESIAN_POINT ( 'NONE',  ( 2.075491525851049790, -1.158944265308170074, 0.3416459266862709732 ) ) ;
#8121 = EDGE_CURVE ( 'NONE', #4678, #6809, #4322, .T. ) ;
#8122 = LINE ( 'NONE', #2010, #21 ) ;
#8123 = CARTESIAN_POINT ( 'NONE',  ( -0.9912401794053389281, -2.446880864999622762, 0.7000000000000030642 ) ) ;
#8124 = CARTESIAN_POINT ( 'NONE',  ( 2.604600228767701697, -5.209200457535405171, 18.50000000000000355 ) ) ;
#8125 = CARTESIAN_POINT ( 'NONE',  ( 6.608050627709856073, -1.248969607156032113, 19.80000000000000071 ) ) ;
#8126 = PRESENTATION_LAYER_ASSIGNMENT (  '', '', ( #3570 ) ) ;
#8127 = CARTESIAN_POINT ( 'NONE',  ( -2.087499999999999911, 0.2174125788124139924, -3.419999999999999929 ) ) ;
#8128 =( NAMED_UNIT ( * ) PLANE_ANGLE_UNIT ( ) SI_UNIT ( $, .RADIAN. ) );
#8129 = CARTESIAN_POINT ( 'NONE',  ( -2.658467261771760182, 1.077870739815139922, 0.3537504162900810267 ) ) ;
#8130 = AXIS2_PLACEMENT_3D ( 'NONE', #6685, #7441, #575 ) ;
#8131 = ORIENTED_EDGE ( 'NONE', *, *, #710, .F. ) ;
#8132 = CARTESIAN_POINT ( 'NONE',  ( 1.622029703129225675, -1.175205345158900849, 4.013604976452583628 ) ) ;
#8133 = CARTESIAN_POINT ( 'NONE',  ( 2.602666462712599937, -0.3115470697271670031, 3.023199761055439971 ) ) ;
#8134 = CARTESIAN_POINT ( 'NONE',  ( 1.211560135406771543, -5.646824983696896894, 19.80000000000000426 ) ) ;
#8135 = CARTESIAN_POINT ( 'NONE',  ( -2.070247336351750178, -1.706611441685740083, 4.062213304289150173 ) ) ;
#8136 = CARTESIAN_POINT ( 'NONE',  ( -2.087499999999999911, -1.204455320802023666, 0.000000000000000000 ) ) ;
#8137 = ORIENTED_EDGE ( 'NONE', *, *, #2715, .F. ) ;
#8138 = AXIS2_PLACEMENT_3D ( 'NONE', #209, #2827, #7550 ) ;
#8139 = CARTESIAN_POINT ( 'NONE',  ( 0.000000000000000000, 0.000000000000000000, 4.062213304289150173 ) ) ;
#8140 = CARTESIAN_POINT ( 'NONE',  ( 2.625310906886357376, 5.250621813772713864, 0.7000000000000030642 ) ) ;
#8141 =( LENGTH_UNIT ( ) NAMED_UNIT ( * ) SI_UNIT ( .MILLI., .METRE. ) );
#8142 = CARTESIAN_POINT ( 'NONE',  ( -0.2924080879001870192, 2.659913825588370084, 0.3537504162900840243 ) ) ;
#8143 = VERTEX_POINT ( 'NONE', #6752 ) ;
#8144 = CARTESIAN_POINT ( 'NONE',  ( 1.047069894063553441, 1.952507303153450779, 1.071366672541820497 ) ) ;
#8145 = B_SPLINE_CURVE_WITH_KNOTS ( 'NONE', 3,
 ( #585, #2678, #2634, #4454, #7929, #2725, #4035, #3122, #7211, #5819, #7876, #6739, #1099, #632, #7407, #1340, #3365, #3409, #8087, #5409, #6027, #2495, #6697, #1969, #6070, #4748, #3831, #2448, #1293, #1760, #1803, #3325, #4077, #8797, #5361, #7253, #8134, #7166, #6544, #7454, #5168, #2020, #4548, #8750, #6783, #6114, #5211, #5870, #25, #440, #4501, #5454, #1055, #3168, #3784, #8605, #6500, #391, #1255, #3997, #2245, #6828, #2967, #4792, #1563, #7680, #7499, #4963, #5589, #4918, #5549, #3536, #6918, #3627, #8178, #3453, #3583, #4871, #2919, #8223, #4301, #4258, #8270, #775 ),
 .UNSPECIFIED., .F., .F.,
 ( 4, 1, 1, 1, 2, 2, 1, 1, 2, 2, 1, 2, 2, 2, 1, 1, 2, 2, 1, 1, 2, 2, 1, 1, 1, 2, 2, 2, 1, 1, 1, 2, 2, 1, 1, 2, 2, 1, 2, 2, 2, 1, 1, 2, 2, 1, 1, 2, 2, 1, 1, 1, 2, 2, 4 ),
 ( 0.000000000000000000, 0.03124999999999950734, 0.04687499999999926448, 0.05468749999999915345, 0.05859374999999910488, 0.06249999999999907019, 0.09374999999999870937, 0.1093749999999985290, 0.1171874999999984041, 0.1249999999999982792, 0.1562499999999977796, 0.1718749999999975298, 0.1874999999999972800, 0.2499999999999962808, 0.2812499999999957812, 0.2968749999999955036, 0.3046874999999953371, 0.3124999999999952260, 0.3437499999999949485, 0.3593749999999948930, 0.3671874999999948930, 0.3749999999999948375, 0.4062499999999949485, 0.4218749999999949485, 0.4296874999999949485, 0.4335937499999949485, 0.4374999999999949485, 0.4999999999999948930, 0.5312499999999948930, 0.5468749999999947820, 0.5546874999999947820, 0.5585937499999947820, 0.5624999999999946709, 0.5937499999999946709, 0.6093749999999945599, 0.6171874999999945599, 0.6249999999999945599, 0.6562499999999947820, 0.6718749999999948930, 0.6874999999999948930, 0.7499999999999953371, 0.7812499999999955591, 0.7968749999999956701, 0.8046874999999957812, 0.8124999999999958922, 0.8437499999999961142, 0.8593749999999963363, 0.8671874999999964473, 0.8749999999999965583, 0.9062499999999971134, 0.9218749999999974465, 0.9296874999999976685, 0.9335937499999977796, 0.9374999999999980016, 1.000000000000000000 ),
 .UNSPECIFIED. ) ;
#8146 = CARTESIAN_POINT ( 'NONE',  ( -1.172431648918267566, 2.393587023991853080, 2.346131774333856335 ) ) ;
#8147 = CARTESIAN_POINT ( 'NONE',  ( -3.225000000000000977, -6.449999999999999289, 2.969165229559819874 ) ) ;
#8148 = CARTESIAN_POINT ( 'NONE',  ( 2.002292094255388566, -1.109532869374787456, 0.7659099622468744650 ) ) ;
#8149 = SURFACE_SIDE_STYLE ('',( #6984 ) ) ;
#8150 = VECTOR ( 'NONE', #5544, 1000.000000000000114 ) ;
#8151 = ORIENTED_EDGE ( 'NONE', *, *, #2008, .F. ) ;
#8152 = CARTESIAN_POINT ( 'NONE',  ( 2.388104425182560053, 1.169999999999999929, 2.338865070158690163 ) ) ;
#8153 = CARTESIAN_POINT ( 'NONE',  ( 1.178068880813269992, -2.672499999999999876, 0.1698237983775840176 ) ) ;
#8154 = CARTESIAN_POINT ( 'NONE',  ( -0.6849431702937760491, -1.883778650278399969, 3.391484666840950180 ) ) ;
#8155 = LINE ( 'NONE', #1275, #832 ) ;
#8156 = CARTESIAN_POINT ( 'NONE',  ( -1.104711506139497867, 2.016699685288258159, 0.7207616292965196569 ) ) ;
#8157 = ORIENTED_EDGE ( 'NONE', *, *, #8600, .T. ) ;
#8158 =( NAMED_UNIT ( * ) PLANE_ANGLE_UNIT ( ) SI_UNIT ( $, .RADIAN. ) );
#8159 = COLOUR_RGB ( '',0.8313725490196077761, 0.8313725490196077761, 0.8313725490196077761 ) ;
#8160 = EDGE_CURVE ( 'NONE', #1337, #6574, #8058, .T. ) ;
#8161 = SURFACE_STYLE_USAGE ( .BOTH. , #5348 ) ;
#8162 = CARTESIAN_POINT ( 'NONE',  ( -2.087499999999999911, 1.278225096610049884E-16, 0.000000000000000000 ) ) ;
#8163 = FILL_AREA_STYLE ('',( #716 ) ) ;
#8164 = PRESENTATION_STYLE_ASSIGNMENT (( #6683 ) ) ;
#8165 = CARTESIAN_POINT ( 'NONE',  ( -1.096751408576065678, 2.347132379120650203, 18.50000000000000000 ) ) ;
#8166 = CARTESIAN_POINT ( 'NONE',  ( -2.087499999999999911, 0.2174125788124142700, -3.419999999999999929 ) ) ;
#8167 = CARTESIAN_POINT ( 'NONE',  ( -3.272868570721299931E-16, -2.672499999999999876, -3.419999999999999929 ) ) ;
#8168 = PRESENTATION_LAYER_ASSIGNMENT (  '', '', ( #7748 ) ) ;
#8169 = CARTESIAN_POINT ( 'NONE',  ( -1.964387820299946963, -6.438221452179652360, 19.79999999999999361 ) ) ;
#8170 =( GEOMETRIC_REPRESENTATION_CONTEXT ( 3 ) GLOBAL_UNCERTAINTY_ASSIGNED_CONTEXT ( ( #6747 ) ) GLOBAL_UNIT_ASSIGNED_CONTEXT ( ( #4137, #4046, #5513 ) ) REPRESENTATION_CONTEXT ( 'NONE', 'WORKASPACE' ) );
#8171 = CARTESIAN_POINT ( 'NONE',  ( -5.694029406485272560, 0.9639054563221708394, 19.80000000000000071 ) ) ;
#8172 = CARTESIAN_POINT ( 'NONE',  ( -1.169984342757793394, 2.338633519183450193, 3.462676754535161106 ) ) ;
#8173 = CARTESIAN_POINT ( 'NONE',  ( -2.549932382384370033, 0.6054517154057690309, 3.391840585329950031 ) ) ;
#8174 = ORIENTED_EDGE ( 'NONE', *, *, #489, .T. ) ;
#8175 = CARTESIAN_POINT ( 'NONE',  ( -0.9343993928229816781, 5.166219829360263027, 23.60000000000000142 ) ) ;
#8176 = PRESENTATION_LAYER_ASSIGNMENT (  '', '', ( #3209 ) ) ;
#8177 = CARTESIAN_POINT ( 'NONE',  ( 2.672499999999999876, -1.178069744521119899, 0.1698237983775840176 ) ) ;
#8178 = CARTESIAN_POINT ( 'NONE',  ( -5.438419344948385081, -1.951774986367626363, 19.80000000000000426 ) ) ;
#8179 =( GEOMETRIC_REPRESENTATION_CONTEXT ( 3 ) GLOBAL_UNCERTAINTY_ASSIGNED_CONTEXT ( ( #3559 ) ) GLOBAL_UNIT_ASSIGNED_CONTEXT ( ( #6717, #1106, #2613 ) ) REPRESENTATION_CONTEXT ( 'NONE', 'WORKASPACE' ) );
#8180 = CARTESIAN_POINT ( 'NONE',  ( -2.068842596427933778, -1.709419751725309133, 4.062213304289150173 ) ) ;
#8181 = CARTESIAN_POINT ( 'NONE',  ( -4.384532436802681232, 1.789834538162714856E-16, 2.969165229559820318 ) ) ;
#8182 = DIRECTION ( 'NONE',  ( 0.000000000000000000, 0.000000000000000000, 1.000000000000000000 ) ) ;
#8183 = FACE_OUTER_BOUND ( 'NONE', #726, .T. ) ;
#8184 = VERTEX_POINT ( 'NONE', #6668 ) ;
#8185 = SURFACE_STYLE_USAGE ( .BOTH. , #6266 ) ;
#8186 = CARTESIAN_POINT ( 'NONE',  ( 4.373642825351912400, -8.747285650703828352, 0.7189519526503383995 ) ) ;
#8187 = LINE ( 'NONE', #6883, #5243 ) ;
#8188 = UNCERTAINTY_MEASURE_WITH_UNIT (LENGTH_MEASURE( 1.000000000000000082E-05 ), #1183, 'distance_accuracy_value', 'NONE');
#8189 = ORIENTED_EDGE ( 'NONE', *, *, #3885, .F. ) ;
#8190 = CARTESIAN_POINT ( 'NONE',  ( -4.984197822684550694, -1.653242189759758674, 23.60000000000000142 ) ) ;
#8191 = CARTESIAN_POINT ( 'NONE',  ( 1.169999999999999929, 2.342881542607920142, 3.044357362999970285 ) ) ;
#8192 = DIRECTION ( 'NONE',  ( -0.4836800446059880687, 0.000000000000000000, 0.8752448882741042935 ) ) ;
#8193 = CARTESIAN_POINT ( 'NONE',  ( 0.6892893955750383217, -4.346110727201733859, 2.969165229559818986 ) ) ;
#8194 = CARTESIAN_POINT ( 'NONE',  ( 2.087499999999999911, -1.188476016964873372, 0.000000000000000000 ) ) ;
#8195 = CARTESIAN_POINT ( 'NONE',  ( 2.661029189597979627, -1.170036852448972819, 0.3417420965412774625 ) ) ;
#8196 = VECTOR ( 'NONE', #29, 1000.000000000000114 ) ;
#8197 = ORIENTED_EDGE ( 'NONE', *, *, #634, .F. ) ;
#8198 = CARTESIAN_POINT ( 'NONE',  ( 2.674450000000000216, 1.169999999999999929, 0.1648747531013370071 ) ) ;
#8199 = VECTOR ( 'NONE', #2292, 1000.000000000000000 ) ;
#8200 = CARTESIAN_POINT ( 'NONE',  ( 1.177486365310060235, -2.417891528061990147, 1.944948958572229936 ) ) ;
#8201 = CARTESIAN_POINT ( 'NONE',  ( -1.180606439815939934, -2.087499999999999911, 0.1698237983775840176 ) ) ;
#8202 =( NAMED_UNIT ( * ) SI_UNIT ( $, .STERADIAN. ) SOLID_ANGLE_UNIT ( ) );
#8203 = CARTESIAN_POINT ( 'NONE',  ( 0.9865990537412010486, -1.972015892948990157, 3.462539920190180087 ) ) ;
#8204 = EDGE_CURVE ( 'NONE', #8383, #305, #3266, .T. ) ;
#8205 = EDGE_LOOP ( 'NONE', ( #1259, #7886, #4090, #6568 ) ) ;
#8206 = CARTESIAN_POINT ( 'NONE',  ( -2.700000000000001510, -5.400000000000000355, 23.60000000000000142 ) ) ;
#8207 = CARTESIAN_POINT ( 'NONE',  ( -2.676438999999999790, -1.169999999999999929, 0.1648747531013350087 ) ) ;
#8208 = CARTESIAN_POINT ( 'NONE',  ( 2.339245355049083042, 1.169788908700280849, 2.882021468719920154 ) ) ;
#8209 =( NAMED_UNIT ( * ) SI_UNIT ( $, .STERADIAN. ) SOLID_ANGLE_UNIT ( ) );
#8210 = CARTESIAN_POINT ( 'NONE',  ( 1.999999999999999112, -4.000000000000000000, 18.52499999999999858 ) ) ;
#8211 = CARTESIAN_POINT ( 'NONE',  ( -0.9590897693630301424, -1.917020271110100094, 3.462054116206850107 ) ) ;
#8212 = DIRECTION ( 'NONE',  ( 1.000000000000000000, 0.000000000000000000, 0.000000000000000000 ) ) ;
#8213 = CARTESIAN_POINT ( 'NONE',  ( -1.700352948786929953E-16, -2.087499999999999911, 0.000000000000000000 ) ) ;
#8214 = CARTESIAN_POINT ( 'NONE',  ( -1.117922355261931955, -2.392446040477143931, 0.7000000000000030642 ) ) ;
#8215 = CARTESIAN_POINT ( 'NONE',  ( -1.310362178466422778, 2.320624381392403901, 0.7000000000000030642 ) ) ;
#8216 = CARTESIAN_POINT ( 'NONE',  ( 2.422650448494676478, -6.273719320253785980, 19.80000000000000426 ) ) ;
#8217 = STYLED_ITEM ( 'NONE', ( #6012 ), #6693 ) ;
#8218 = SURFACE_STYLE_USAGE ( .BOTH. , #160 ) ;
#8219 = CARTESIAN_POINT ( 'NONE',  ( -2.620824203094060056, -1.169199295871870052E-15, 3.562213304289150173 ) ) ;
#8220 = VERTEX_POINT ( 'NONE', #3296 ) ;
#8221 = CARTESIAN_POINT ( 'NONE',  ( -2.723191309689155570, 4.489393257113870384, 23.60000000000001918 ) ) ;
#8222 = CARTESIAN_POINT ( 'NONE',  ( 2.625221462221780655, 2.339663219421020170E-12, 0.7666085965432249960 ) ) ;
#8223 = CARTESIAN_POINT ( 'NONE',  ( -5.669920595762055093, -1.096879030480907957, 19.79999999999999716 ) ) ;
#8224 = CARTESIAN_POINT ( 'NONE',  ( -2.127843323546350529, 1.064543335044627170, 3.456022374636221528 ) ) ;
#8225 = CIRCLE ( 'NONE', #7647, 0.02499999999999984873 ) ;
#8226 = CARTESIAN_POINT ( 'NONE',  ( -4.409532436802679811, 5.400119784466830918E-16, 2.994165229559818897 ) ) ;
#8227 = FILL_AREA_STYLE_COLOUR ( '', #4359 ) ;
#8228 = CARTESIAN_POINT ( 'NONE',  ( -2.002287553443963919, -1.109607003980080497, 0.7659099622955359843 ) ) ;
#8229 = CARTESIAN_POINT ( 'NONE',  ( 3.225000000000000089, -0.2049601184014325506, 2.969165229559820762 ) ) ;
#8230 = ADVANCED_FACE ( 'NONE', ( #4008, #5298 ), #3379, .T. ) ;
#8231 = CARTESIAN_POINT ( 'NONE',  ( 5.750000000000000888, 11.50000000000000000, 19.82499999999999929 ) ) ;
#8232 = SURFACE_STYLE_USAGE ( .BOTH. , #6172 ) ;
#8233 = CARTESIAN_POINT ( 'NONE',  ( -2.099033718069434951, 1.565994751907951343, 4.062213620861521157 ) ) ;
#8234 = CARTESIAN_POINT ( 'NONE',  ( 1.085281203877259903, 2.381338906479880002, 3.391840585329950031 ) ) ;
#8235 = VERTEX_POINT ( 'NONE', #1932 ) ;
#8236 = VECTOR ( 'NONE', #736, 1000.000000000000000 ) ;
#8237 = CARTESIAN_POINT ( 'NONE',  ( 0.8951142490607929547, 1.788925683043190107, 3.310600361383260637 ) ) ;
#8238 = DIRECTION ( 'NONE',  ( 0.000000000000000000, 0.000000000000000000, 1.000000000000000000 ) ) ;
#8239 = CARTESIAN_POINT ( 'NONE',  ( 1.751530696466152337, -4.022228153322733313, 2.969165229559819874 ) ) ;
#8240 = COLOUR_RGB ( '',0.8313725490196077761, 0.8313725490196077761, 0.8313725490196077761 ) ;
#8241 = FILL_AREA_STYLE_COLOUR ( '', #2390 ) ;
#8242 = CARTESIAN_POINT ( 'NONE',  ( 2.340759870089558881, -1.170916285836464121, 3.311113519968958752 ) ) ;
#8243 = ORIENTED_EDGE ( 'NONE', *, *, #60, .F. ) ;
#8244 = CARTESIAN_POINT ( 'NONE',  ( 2.344164554479453599, 1.172751014193881947, 3.462678844650546317 ) ) ;
#8245 = CARTESIAN_POINT ( 'NONE',  ( 0.6139992562780940411, -2.547881942981680137, 3.023199761058570356 ) ) ;
#8246 = CARTESIAN_POINT ( 'NONE',  ( 5.542893218813452094, -1.357617287687092815E-15, 23.60000000000000142 ) ) ;
#8247 =( GEOMETRIC_REPRESENTATION_CONTEXT ( 3 ) GLOBAL_UNCERTAINTY_ASSIGNED_CONTEXT ( ( #7831 ) ) GLOBAL_UNIT_ASSIGNED_CONTEXT ( ( #977, #3004, #5041 ) ) REPRESENTATION_CONTEXT ( 'NONE', 'WORKASPACE' ) );
#8248 = CARTESIAN_POINT ( 'NONE',  ( -0.9675979886158420085, -1.860151769614170059, 1.943675179696910060 ) ) ;
#8249 = FACE_BOUND ( 'NONE', #5777, .T. ) ;
#8250 = LINE ( 'NONE', #4151, #18 ) ;
#8251 = CARTESIAN_POINT ( 'NONE',  ( 1.169999999999999929, -2.583619909171869899, 0.7398737345494770246 ) ) ;
#8252 = ORIENTED_EDGE ( 'NONE', *, *, #6094, .T. ) ;
#8253 = LINE ( 'NONE', #6997, #1978 ) ;
#8254 = CARTESIAN_POINT ( 'NONE',  ( -1.199097838709529240, 2.323952115506661809, 3.391840585329950031 ) ) ;
#8255 = CARTESIAN_POINT ( 'NONE',  ( 1.917019911671391075, 0.9590904879209291023, 3.458880568335385153 ) ) ;
#8256 = DIRECTION ( 'NONE',  ( 1.000000000000000000, 0.000000000000000000, 0.000000000000000000 ) ) ;
#8257 = DIRECTION ( 'NONE',  ( 1.000000000000000000, -1.836970198721029934E-16, 0.000000000000000000 ) ) ;
#8258 = B_SPLINE_CURVE_WITH_KNOTS ( 'NONE', 3,
 ( #7939, #2579, #6631, #4637 ),
 .UNSPECIFIED., .F., .F.,
 ( 4, 4 ),
 ( 5.691443941201259233E-05, 1.000000000000000000 ),
 .UNSPECIFIED. ) ;
#8259 = CARTESIAN_POINT ( 'NONE',  ( -1.393057972027093028, -1.436374676556030794, 4.062213304289150173 ) ) ;
#8260 = CARTESIAN_POINT ( 'NONE',  ( 0.000000000000000000, 0.000000000000000000, 0.7189519526491494616 ) ) ;
#8261 = CARTESIAN_POINT ( 'NONE',  ( -1.738010101169057409, -1.995503388395017952, 0.7000000000000030642 ) ) ;
#8262 = DIRECTION ( 'NONE',  ( 0.000000000000000000, 0.000000000000000000, 1.000000000000000000 ) ) ;
#8263 = CARTESIAN_POINT ( 'NONE',  ( 3.342292859555016094, -5.837622670095057309, 19.79999999999999716 ) ) ;
#8264 = DIRECTION ( 'NONE',  ( 1.000000000000000000, 0.000000000000000000, 0.000000000000000000 ) ) ;
#8265 = CARTESIAN_POINT ( 'NONE',  ( -0.9024896432958082748, 1.784801057687138037, 3.562189090792776458 ) ) ;
#8266 = PLANE ( 'NONE',  #2979 ) ;
#8267 = ORIENTED_EDGE ( 'NONE', *, *, #7, .F. ) ;
#8268 = DIRECTION ( 'NONE',  ( 1.000000000000000000, 0.000000000000000000, 0.000000000000000000 ) ) ;
#8269 = CARTESIAN_POINT ( 'NONE',  ( 2.658966281075580085, -0.8801153271895609809, 0.3537504162854430145 ) ) ;
#8270 = CARTESIAN_POINT ( 'NONE',  ( -5.775000000000000355, -0.3534050636921687860, 19.79999999999999716 ) ) ;
#8271 = CARTESIAN_POINT ( 'NONE',  ( -1.706194357699791331, 0.8536419123158789368, 3.452213030551388506 ) ) ;
#8272 = CIRCLE ( 'NONE', #1004, 3.200000000000000178 ) ;
#8273 = CARTESIAN_POINT ( 'NONE',  ( -1.706196613161910403, -0.8536374032582589866, 3.458562253732629710 ) ) ;
#8274 = DIRECTION ( 'NONE',  ( 0.7071067811865474617, 0.000000000000000000, 0.7071067811865474617 ) ) ;
#8275 = CARTESIAN_POINT ( 'NONE',  ( -2.614955567827029981, 3.202396966051921746E-16, 0.7250000000000034195 ) ) ;
#8276 = EDGE_LOOP ( 'NONE', ( #1151, #4715, #2223, #5020 ) ) ;
#8277 = UNCERTAINTY_MEASURE_WITH_UNIT (LENGTH_MEASURE( 1.000000000000000082E-05 ), #6183, 'distance_accuracy_value', 'NONE');
#8278 = CARTESIAN_POINT ( 'NONE',  ( -1.169993426839144535, 2.338668108514680544, 3.453162449900069042 ) ) ;
#8279 = FILL_AREA_STYLE ('',( #824 ) ) ;
#8280 = CARTESIAN_POINT ( 'NONE',  ( -1.784801026550354219, -0.9024897044282023106, 3.562188508232089212 ) ) ;
#8281 = UNCERTAINTY_MEASURE_WITH_UNIT (LENGTH_MEASURE( 1.000000000000000082E-05 ), #6822, 'distance_accuracy_value', 'NONE');
#8282 = VERTEX_POINT ( 'NONE', #7375 ) ;
#8283 = DIRECTION ( 'NONE',  ( -0.000000000000000000, -0.000000000000000000, -1.000000000000000000 ) ) ;
#8284 = AXIS2_PLACEMENT_3D ( 'NONE', #6969, #3588, #210 ) ;
#8285 = CARTESIAN_POINT ( 'NONE',  ( 1.169999999999999929, 2.282500000000000195, 0.1648747531013440015 ) ) ;
#8286 = EDGE_CURVE ( 'NONE', #2688, #2501, #4109, .T. ) ;
#8287 = CARTESIAN_POINT ( 'NONE',  ( -2.086456251151073360, 1.169163063545660020, 0.1468555020516335852 ) ) ;
#8288 = CARTESIAN_POINT ( 'NONE',  ( 1.776415293884688662, -0.9190752295840545205, 3.562213304289150173 ) ) ;
#8289 = CARTESIAN_POINT ( 'NONE',  ( 2.323791103617104614, 1.199407222467208545, 3.702454947697649157 ) ) ;
#8290 = VERTEX_POINT ( 'NONE', #758 ) ;
#8291 = CARTESIAN_POINT ( 'NONE',  ( 1.929530058753160082, 1.024563224432520236, 1.342988488456970053 ) ) ;
#8292 = EDGE_CURVE ( 'NONE', #1533, #5218, #134, .T. ) ;
#8293 = CARTESIAN_POINT ( 'NONE',  ( 1.077879253875509979, -2.672499999999999876, 0.000000000000000000 ) ) ;
#8294 = DIRECTION ( 'NONE',  ( 0.000000000000000000, 0.000000000000000000, 1.000000000000000000 ) ) ;
#8295 = CARTESIAN_POINT ( 'NONE',  ( -1.971261852770990109E-16, -2.087499999999999911, 0.1698237983775840176 ) ) ;
#8296 = DIRECTION ( 'NONE',  ( 0.000000000000000000, 0.4836800446059870140, -0.8752448882741049596 ) ) ;
#8297 = PRESENTATION_LAYER_ASSIGNMENT (  '', '', ( #1589 ) ) ;
#8298 = AXIS2_PLACEMENT_3D ( 'NONE', #8260, #2150, #8212 ) ;
#8299 = ADVANCED_FACE ( 'NONE', ( #3571 ), #4158, .T. ) ;
#8300 = ORIENTED_EDGE ( 'NONE', *, *, #157, .F. ) ;
#8301 = CARTESIAN_POINT ( 'NONE',  ( 2.066033116580301421, 1.715036371804447235, 4.062213304289159943 ) ) ;
#8302 = CARTESIAN_POINT ( 'NONE',  ( 2.338633519226885671, 1.169984342779520681, 3.462676754534867563 ) ) ;
#8303 = CARTESIAN_POINT ( 'NONE',  ( 1.160475823945540164, 2.069577164387760515, 0.4031326314136419731 ) ) ;
#8304 = CARTESIAN_POINT ( 'NONE',  ( 0.9590541971901580531, -1.917038065106619893, 3.619160446477410531 ) ) ;
#8305 = CARTESIAN_POINT ( 'NONE',  ( -2.676558003271517272, 1.169999999999999929, 0.1648747531013440015 ) ) ;
#8306 =( LENGTH_UNIT ( ) NAMED_UNIT ( * ) SI_UNIT ( .MILLI., .METRE. ) );
#8307 = CARTESIAN_POINT ( 'NONE',  ( 1.117922355261948164, 2.392446040477211433, 0.7000000000000028422 ) ) ;
#8308 = CARTESIAN_POINT ( 'NONE',  ( 5.837622670095182542, 3.342292859554705675, 19.80000000000000071 ) ) ;
#8309 = MECHANICAL_DESIGN_GEOMETRIC_PRESENTATION_REPRESENTATION (  '', ( #3610 ), #8025 ) ;
#8310 = FACE_OUTER_BOUND ( 'NONE', #5405, .T. ) ;
#8311 = PRODUCT_DEFINITION ( 'UNKNOWN', '', #2687, #5769 ) ;
#8312 = CARTESIAN_POINT ( 'NONE',  ( 2.591804231048376206, -1.169926253253799509, 0.7198272820351248047 ) ) ;
#8313 = CARTESIAN_POINT ( 'NONE',  ( -1.125109531855276845, -2.038372506336359802, 0.5758035039733740978 ) ) ;
#8314 = PLANE ( 'NONE',  #7379 ) ;
#8315 = DIRECTION ( 'NONE',  ( 1.000000000000000000, 0.000000000000000000, 0.000000000000000000 ) ) ;
#8316 = AXIS2_PLACEMENT_3D ( 'NONE', #7229, #1161, #2471 ) ;
#8317 = FACE_OUTER_BOUND ( 'NONE', #2034, .T. ) ;
#8318 = CARTESIAN_POINT ( 'NONE',  ( -2.594978643432285015, 1.965755033875415947, 2.969165229559820318 ) ) ;
#8319 = SURFACE_SIDE_STYLE ('',( #1647 ) ) ;
#8320 = SURFACE_STYLE_FILL_AREA ( #3587 ) ;
#8321 = LINE ( 'NONE', #2875, #2219 ) ;
#8322 = CARTESIAN_POINT ( 'NONE',  ( 1.990884147329390119, 0.2335924706744909873, 3.391484666840950180 ) ) ;
#8323 = STYLED_ITEM ( 'NONE', ( #5423 ), #7500 ) ;
#8324 = CARTESIAN_POINT ( 'NONE',  ( -1.606774956722940351, 1.856614806770200188, 4.062213237132453969 ) ) ;
#8325 = DIRECTION ( 'NONE',  ( 0.000000000000000000, 0.4836800446059880687, -0.8752448882741042935 ) ) ;
#8326 = EDGE_CURVE ( 'NONE', #1262, #7694, #8578, .T. ) ;
#8327 = ORIENTED_EDGE ( 'NONE', *, *, #1728, .F. ) ;
#8328 = CARTESIAN_POINT ( 'NONE',  ( -4.816164183295622792, -2.097298051702635391, 23.60000000000000497 ) ) ;
#8329 =( GEOMETRIC_REPRESENTATION_CONTEXT ( 3 ) GLOBAL_UNCERTAINTY_ASSIGNED_CONTEXT ( ( #2642 ) ) GLOBAL_UNIT_ASSIGNED_CONTEXT ( ( #3782, #6581, #438 ) ) REPRESENTATION_CONTEXT ( 'NONE', 'WORKASPACE' ) );
#8330 = CARTESIAN_POINT ( 'NONE',  ( 1.088321580056180071, 2.144224534148219785, 1.071637098901000007 ) ) ;
#8331 = DIRECTION ( 'NONE',  ( 0.000000000000000000, 0.000000000000000000, 1.000000000000000000 ) ) ;
#8332 = VECTOR ( 'NONE', #6562, 1000.000000000000000 ) ;
#8333 = AXIS2_PLACEMENT_3D ( 'NONE', #8754, #8182, #5413 ) ;
#8334 = CARTESIAN_POINT ( 'NONE',  ( 1.784863070366929927, -0.9023656797775220229, 3.562213304289150173 ) ) ;
#8335 = CARTESIAN_POINT ( 'NONE',  ( 2.662974497450959710, -1.170073704897945710, 0.3417424160424568647 ) ) ;
#8336 = EDGE_CURVE ( 'NONE', #7782, #1345, #4218, .T. ) ;
#8337 = EDGE_LOOP ( 'NONE', ( #8068, #4254, #2697, #475 ) ) ;
#8338 = SURFACE_STYLE_USAGE ( .BOTH. , #5651 ) ;
#8339 = CARTESIAN_POINT ( 'NONE',  ( -0.5900390149041939702, -2.612693253557079931, 0.7666085965705830008 ) ) ;
#8340 = UNCERTAINTY_MEASURE_WITH_UNIT (LENGTH_MEASURE( 1.000000000000000082E-05 ), #7561, 'distance_accuracy_value', 'NONE');
#8341 = SURFACE_SIDE_STYLE ('',( #7652 ) ) ;
#8342 = CARTESIAN_POINT ( 'NONE',  ( 0.4988717198370019590, -1.967840077768710172, 1.943675179696910060 ) ) ;
#8343 = CARTESIAN_POINT ( 'NONE',  ( -2.334793036590388393, -1.177597738311928488, 3.562189870456510032 ) ) ;
#8344 = SURFACE_SIDE_STYLE ('',( #3477 ) ) ;
#8345 = EDGE_CURVE ( 'NONE', #4554, #7289, #6288, .T. ) ;
#8346 = EDGE_CURVE ( 'NONE', #3384, #6610, #4732, .T. ) ;
#8347 = EDGE_LOOP ( 'NONE', ( #1367, #7819, #591, #6403 ) ) ;
#8348 = FACE_OUTER_BOUND ( 'NONE', #3163, .T. ) ;
#8349 = CARTESIAN_POINT ( 'NONE',  ( 1.433562399259972198, 1.398680199180519779, 4.062213304289150173 ) ) ;
#8350 = DIRECTION ( 'NONE',  ( 1.000000000000000000, 0.000000000000000000, 0.000000000000000000 ) ) ;
#8351 = CARTESIAN_POINT ( 'NONE',  ( 0.8257089789890880160, 1.823234047814410008, 3.562213309405399819 ) ) ;
#8352 = CARTESIAN_POINT ( 'NONE',  ( 0.9590904879209282141, -1.917019911671391075, 3.458880568335385153 ) ) ;
#8353 = CARTESIAN_POINT ( 'NONE',  ( -2.000000085341063105, 1.542159865853730487E-16, 3.562205064554832656 ) ) ;
#8354 = CARTESIAN_POINT ( 'NONE',  ( -4.409532436802679811, 5.400119784466830918E-16, 23.10000000000000142 ) ) ;
#8355 = DIRECTION ( 'NONE',  ( 0.000000000000000000, -0.000000000000000000, 1.000000000000000000 ) ) ;
#8356 = CARTESIAN_POINT ( 'NONE',  ( 0.9903289557716428160, 1.741073366909519082, 3.832865174541294717 ) ) ;
#8357 = SURFACE_SIDE_STYLE ('',( #1560 ) ) ;
#8358 = SURFACE_SIDE_STYLE ('',( #2915 ) ) ;
#8359 = ORIENTED_EDGE ( 'NONE', *, *, #8021, .F. ) ;
#8360 = CARTESIAN_POINT ( 'NONE',  ( 2.672499999999999876, -1.193934408823014381, 0.1698237983775840176 ) ) ;
#8361 = DIRECTION ( 'NONE',  ( 0.000000000000000000, 0.000000000000000000, 1.000000000000000000 ) ) ;
#8362 = LINE ( 'NONE', #206, #159 ) ;
#8363 = LINE ( 'NONE', #3673, #6619 ) ;
#8364 = SURFACE_STYLE_FILL_AREA ( #6921 ) ;
#8365 = FILL_AREA_STYLE ('',( #1649 ) ) ;
#8366 =( LENGTH_UNIT ( ) NAMED_UNIT ( * ) SI_UNIT ( .MILLI., .METRE. ) );
#8367 = CARTESIAN_POINT ( 'NONE',  ( 1.823234047807460012, 0.8257089790025440301, 3.562213304289159943 ) ) ;
#8368 = CIRCLE ( 'NONE', #2958, 3.200000000000000178 ) ;
#8369 = UNCERTAINTY_MEASURE_WITH_UNIT (LENGTH_MEASURE( 1.000000000000000082E-05 ), #5230, 'distance_accuracy_value', 'NONE');
#8370 = B_SPLINE_CURVE_WITH_KNOTS ( 'NONE', 3,
 ( #3641, #2220, #3509, #259 ),
 .UNSPECIFIED., .F., .F.,
 ( 4, 4 ),
 ( 0.5000002312855497122, 1.000000000000000000 ),
 .UNSPECIFIED. ) ;
#8371 = CARTESIAN_POINT ( 'NONE',  ( -1.091879986372839895, -2.203050862919289976, 2.338456865402250173 ) ) ;
#8372 = CARTESIAN_POINT ( 'NONE',  ( -0.2174125788124139924, 2.379999999999999893, -3.419999999999999929 ) ) ;
#8373 = EDGE_LOOP ( 'NONE', ( #3993, #8762, #4416, #7217, #2272, #3883 ) ) ;
#8374 = CARTESIAN_POINT ( 'NONE',  ( -2.495715199324094247, -4.624874844328330958, 23.60000000000000142 ) ) ;
#8375 = FILL_AREA_STYLE_COLOUR ( '', #5515 ) ;
#8376 = FACE_OUTER_BOUND ( 'NONE', #1251, .T. ) ;
#8377 = EDGE_CURVE ( 'NONE', #6756, #4629, #6807, .T. ) ;
#8378 = CARTESIAN_POINT ( 'NONE',  ( 2.087499999999999911, -1.180605311255989998, 0.1698237983775840176 ) ) ;
#8379 = CARTESIAN_POINT ( 'NONE',  ( -1.883923240498430296, 0.8873499345460840182, 1.943675179718990176 ) ) ;
#8380 = ORIENTED_EDGE ( 'NONE', *, *, #520, .T. ) ;
#8381 =( GEOMETRIC_REPRESENTATION_CONTEXT ( 3 ) GLOBAL_UNCERTAINTY_ASSIGNED_CONTEXT ( ( #4180 ) ) GLOBAL_UNIT_ASSIGNED_CONTEXT ( ( #8640, #1905, #6677 ) ) REPRESENTATION_CONTEXT ( 'NONE', 'WORKASPACE' ) );
#8382 =( NAMED_UNIT ( * ) SI_UNIT ( $, .STERADIAN. ) SOLID_ANGLE_UNIT ( ) );
#8383 = VERTEX_POINT ( 'NONE', #3394 ) ;
#8384 = CARTESIAN_POINT ( 'NONE',  ( 0.8536351487294490115, 1.706197740892970049, 3.461736865323250090 ) ) ;
#8385 = CARTESIAN_POINT ( 'NONE',  ( -1.084727767031310020, -2.381627267576440055, 3.562213304289150173 ) ) ;
#8386 = AXIS2_PLACEMENT_3D ( 'NONE', #4684, #6678, #2758 ) ;
#8387 = CARTESIAN_POINT ( 'NONE',  ( 0.8966354072015599863, -1.786698548502599904, 3.022064739156700153 ) ) ;
#8388 =( NAMED_UNIT ( * ) PLANE_ANGLE_UNIT ( ) SI_UNIT ( $, .RADIAN. ) );
#8389 = ORIENTED_EDGE ( 'NONE', *, *, #1064, .T. ) ;
#8390 = DIRECTION ( 'NONE',  ( 1.000000000000000000, 0.000000000000000000, 0.000000000000000000 ) ) ;
#8391 = CARTESIAN_POINT ( 'NONE',  ( 2.338610563973460010, 1.170108468000919943, 3.619679129526180539 ) ) ;
#8392 = SURFACE_SIDE_STYLE ('',( #5661 ) ) ;
#8393 = CARTESIAN_POINT ( 'NONE',  ( 0.4630684880765150169, 1.950268328128609951, 3.391484670832360493 ) ) ;
#8394 = VECTOR ( 'NONE', #1010, 1000.000000000000000 ) ;
#8395 = CARTESIAN_POINT ( 'NONE',  ( 0.5849999999999999645, 2.379999999999999893, -2.754830917718800176 ) ) ;
#8396 = LINE ( 'NONE', #7299, #7569 ) ;
#8397 = CARTESIAN_POINT ( 'NONE',  ( -2.342479852738975410, 1.171908311897224442, 3.462678215745336185 ) ) ;
#8398 = CARTESIAN_POINT ( 'NONE',  ( -4.409532436802692246, 5.400119784466844723E-16, 23.10000000000000142 ) ) ;
#8399 = FILL_AREA_STYLE_COLOUR ( '', #5408 ) ;
#8400 = COLOUR_RGB ( '',0.8313725490196077761, 0.8313725490196077761, 0.8313725490196077761 ) ;
#8401 = CARTESIAN_POINT ( 'NONE',  ( -3.243220551718495326, 4.778557555202058715, 19.79999999999999716 ) ) ;
#8402 = SURFACE_STYLE_FILL_AREA ( #4297 ) ;
#8403 = FACE_OUTER_BOUND ( 'NONE', #7161, .T. ) ;
#8404 = CARTESIAN_POINT ( 'NONE',  ( 2.672499999999999876, -1.201866740973961400, 0.1698237983775840176 ) ) ;
#8405 =( NAMED_UNIT ( * ) SI_UNIT ( $, .STERADIAN. ) SOLID_ANGLE_UNIT ( ) );
#8406 = EDGE_CURVE ( 'NONE', #1225, #7426, #6101, .T. ) ;
#8407 = CARTESIAN_POINT ( 'NONE',  ( -1.175028243096316372, 1.622164538532575584, 4.013553190119117708 ) ) ;
#8408 = PRESENTATION_LAYER_ASSIGNMENT (  '', '', ( #3698 ) ) ;
#8409 = CARTESIAN_POINT ( 'NONE',  ( -0.2174125788124139924, 2.379999999999999893, -3.419999999999999929 ) ) ;
#8410 = DIRECTION ( 'NONE',  ( -1.224646799147353207E-16, -1.000000000000000000, 0.000000000000000000 ) ) ;
#8411 = LINE ( 'NONE', #6305, #2863 ) ;
#8412 = CARTESIAN_POINT ( 'NONE',  ( -6.749257393156133489, 8.265456463150267762E-16, 10.24702156662953278 ) ) ;
#8413 = PLANE ( 'NONE',  #4428 ) ;
#8414 = SURFACE_SIDE_STYLE ('',( #7735 ) ) ;
#8415 = CARTESIAN_POINT ( 'NONE',  ( 1.990496523424070130, 0.2381160382631110073, 3.022064739156450131 ) ) ;
#8416 = MECHANICAL_DESIGN_GEOMETRIC_PRESENTATION_REPRESENTATION (  '', ( #3989 ), #1845 ) ;
#8417 = CARTESIAN_POINT ( 'NONE',  ( 5.528720907679538499, 1.686932225349439651, 19.79999999999999716 ) ) ;
#8418 = VERTEX_POINT ( 'NONE', #7485 ) ;
#8419 = CARTESIAN_POINT ( 'NONE',  ( 0.8168815177537526173, -5.186331514768425244, 23.60000000000000497 ) ) ;
#8420 =( NAMED_UNIT ( * ) PLANE_ANGLE_UNIT ( ) SI_UNIT ( $, .RADIAN. ) );
#8421 = PRESENTATION_LAYER_ASSIGNMENT (  '', '', ( #1000 ) ) ;
#8422 = B_SPLINE_CURVE_WITH_KNOTS ( 'NONE', 3,
 ( #669, #7353, #7318, #3274, #5981, #4652, #3985, #3316, #6687, #6018, #5353, #7723, #2105, #8307, #5581, #2909, #3577, #243, #5626, #2281, #6957, #2195, #1598, #1469, #4911, #7622, #8215, #764, #1512, #6248, #6341, #105, #6294, #5540, #7537, #849, #4336, #154 ),
 .UNSPECIFIED., .F., .F.,
 ( 4, 1, 1, 1, 2, 2, 2, 1, 1, 1, 2, 2, 2, 1, 1, 1, 2, 2, 2, 1, 1, 1, 2, 2, 4 ),
 ( 0.000000000000000000, 0.06249999999999968081, 0.09374999999999950040, 0.1093749999999994310, 0.1171874999999994033, 0.1249999999999993616, 0.2499999999999995004, 0.3124999999999995559, 0.3437499999999995559, 0.3593749999999996114, 0.3671874999999996114, 0.3749999999999996114, 0.4999999999999992228, 0.5624999999999990008, 0.5937499999999990008, 0.6093749999999988898, 0.6171874999999988898, 0.6249999999999987788, 0.7499999999999986677, 0.8124999999999986677, 0.8437499999999985567, 0.8593749999999984457, 0.8671874999999985567, 0.8749999999999986677, 1.000000000000000000 ),
 .UNSPECIFIED. ) ;
#8423 = FILL_AREA_STYLE ('',( #872 ) ) ;
#8424 = CARTESIAN_POINT ( 'NONE',  ( 1.786144134834890096, -0.8998312973472090137, 3.391484666840950180 ) ) ;
#8425 = CARTESIAN_POINT ( 'NONE',  ( -2.003134258985979965, 1.095767728305159894, 0.7659099622955359843 ) ) ;
#8426 = ORIENTED_EDGE ( 'NONE', *, *, #1482, .T. ) ;
#8427 = VERTEX_POINT ( 'NONE', #1370 ) ;
#8428 = SURFACE_STYLE_FILL_AREA ( #7650 ) ;
#8429 = PRESENTATION_LAYER_ASSIGNMENT (  '', '', ( #3575 ) ) ;
#8430 = CARTESIAN_POINT ( 'NONE',  ( -1.191606296212013083, -2.326886031284051359, 3.023199761058580126 ) ) ;
#8431 = CARTESIAN_POINT ( 'NONE',  ( 0.2756969821399469778, -2.036615122228429886, 0.7659099622496909898 ) ) ;
#8432 = CARTESIAN_POINT ( 'NONE',  ( 2.614955567827029981, 0.000000000000000000, 18.50000000000000000 ) ) ;
#8433 = CARTESIAN_POINT ( 'NONE',  ( 6.725000000000000533, -1.647149944853190188E-15, 19.79999999999999716 ) ) ;
#8434 = ORIENTED_EDGE ( 'NONE', *, *, #7988, .F. ) ;
#8435 = CARTESIAN_POINT ( 'NONE',  ( -1.170192649450155109, -2.490366596526534249, 1.438256009922484147 ) ) ;
#8436 = CARTESIAN_POINT ( 'NONE',  ( 0.000000000000000000, 0.000000000000000000, 2.994165229559819785 ) ) ;
#8437 = CARTESIAN_POINT ( 'NONE',  ( 0.8774999999999999467, 2.087499999999999911, 0.1698237986199239991 ) ) ;
#8438 = CARTESIAN_POINT ( 'NONE',  ( 0.9590897693630360266, -1.917020271110120300, 3.462054116206850107 ) ) ;
#8439 = FILL_AREA_STYLE_COLOUR ( '', #5585 ) ;
#8440 = CARTESIAN_POINT ( 'NONE',  ( -2.525799928629332669, 1.170424937558133704, 1.072175329315379511 ) ) ;
#8441 =( NAMED_UNIT ( * ) SI_UNIT ( $, .STERADIAN. ) SOLID_ANGLE_UNIT ( ) );
#8443 = ORIENTED_EDGE ( 'NONE', *, *, #1194, .F. ) ;
#8442 = CIRCLE ( 'NONE', #7291, 2.300000000047930371 ) ;
#8444 = EDGE_CURVE ( 'NONE', #1629, #2406, #3440, .T. ) ;
#8445 = CARTESIAN_POINT ( 'NONE',  ( 4.635636549518063809, 3.446637469614300286, 19.80000000000000426 ) ) ;
#8446 = FACE_OUTER_BOUND ( 'NONE', #4868, .T. ) ;
#8447 =( LENGTH_UNIT ( ) NAMED_UNIT ( * ) SI_UNIT ( .MILLI., .METRE. ) );
#8448 = CARTESIAN_POINT ( 'NONE',  ( 2.327447305541177514, -1.192162827422772908, 3.562213304289150173 ) ) ;
#8449 =( NAMED_UNIT ( * ) PLANE_ANGLE_UNIT ( ) SI_UNIT ( $, .RADIAN. ) );
#8450 = SURFACE_STYLE_FILL_AREA ( #5516 ) ;
#8451 = SURFACE_SIDE_STYLE ('',( #292 ) ) ;
#8452 = CARTESIAN_POINT ( 'NONE',  ( -1.365641244223424922, 2.922656144997576977, 2.969165229559820762 ) ) ;
#8453 = CARTESIAN_POINT ( 'NONE',  ( 1.096751408576249309, -2.347132379120467682, 18.50000000000000000 ) ) ;
#8454 = CARTESIAN_POINT ( 'NONE',  ( -2.614955818357269646, 3.305913724828181540E-17, 3.562203752529947920 ) ) ;
#8455 = CARTESIAN_POINT ( 'NONE',  ( 2.589955567827030514, 0.000000000000000000, 18.47500000000000142 ) ) ;
#8456 = CARTESIAN_POINT ( 'NONE',  ( 2.002935609757570568, 1.099025173682939949, 0.7659099622468721336 ) ) ;
#8457 = UNCERTAINTY_MEASURE_WITH_UNIT (LENGTH_MEASURE( 1.000000000000000082E-05 ), #4686, 'distance_accuracy_value', 'NONE');
#8458 = ADVANCED_FACE ( 'NONE', ( #6463 ), #7422, .F. ) ;
#8459 = CARTESIAN_POINT ( 'NONE',  ( -1.162629510205450023, -2.270022311149039851, 0.3416778768042140202 ) ) ;
#8460 = CYLINDRICAL_SURFACE ( 'NONE', #5935, 3.200000000000000178 ) ;
#8461 = VERTEX_POINT ( 'NONE', #1550 ) ;
#8462 = CARTESIAN_POINT ( 'NONE',  ( 4.021598506461263156, -3.383375705898138186, 23.60000000000000497 ) ) ;
#8463 = STYLED_ITEM ( 'NONE', ( #149 ), #7937 ) ;
#8464 = LINE ( 'NONE', #7778, #1935 ) ;
#8465 = CARTESIAN_POINT ( 'NONE',  ( 4.063860070724765627, -1.646312124713128933, 2.969165229559820762 ) ) ;
#8466 = ORIENTED_EDGE ( 'NONE', *, *, #2683, .T. ) ;
#8467 = COLOUR_RGB ( '',0.8313725490196077761, 0.8313725490196077761, 0.8313725490196077761 ) ;
#8468 = CARTESIAN_POINT ( 'NONE',  ( 1.917020271110100094, -0.9590897693630301424, 3.462054116206850107 ) ) ;
#8469 = UNCERTAINTY_MEASURE_WITH_UNIT (LENGTH_MEASURE( 1.000000000000000082E-05 ), #4040, 'distance_accuracy_value', 'NONE');
#8470 = ORIENTED_EDGE ( 'NONE', *, *, #5851, .T. ) ;
#8471 = PRESENTATION_STYLE_ASSIGNMENT (( #8338 ) ) ;
#8472 = CARTESIAN_POINT ( 'NONE',  ( -0.8842137989097940132, -2.598098636576009923, 0.7666085965705830008 ) ) ;
#8474 =( GEOMETRIC_REPRESENTATION_CONTEXT ( 3 ) GLOBAL_UNCERTAINTY_ASSIGNED_CONTEXT ( ( #2212 ) ) GLOBAL_UNIT_ASSIGNED_CONTEXT ( ( #8109, #6096, #1996 ) ) REPRESENTATION_CONTEXT ( 'NONE', 'WORKASPACE' ) );
#8473 = CARTESIAN_POINT ( 'NONE',  ( -0.8948985806118030517, 1.788691429140879974, 3.462471484495199814 ) ) ;
#8475 = CARTESIAN_POINT ( 'NONE',  ( 0.8873499345467150690, -1.883923240500499974, 1.943675179696910060 ) ) ;
#8476 = PRODUCT_RELATED_PRODUCT_CATEGORY ( 'part', '', ( #3077 ) ) ;
#8477 = CARTESIAN_POINT ( 'NONE',  ( 4.090301668379082933, 1.579521318245475037, 2.969165229559819874 ) ) ;
#8478 = CARTESIAN_POINT ( 'NONE',  ( 1.170110856263679056, -2.664883493738852138, 0.3469793657931233288 ) ) ;
#8479 = VERTEX_POINT ( 'NONE', #2362 ) ;
#8480 =( LENGTH_UNIT ( ) NAMED_UNIT ( * ) SI_UNIT ( .MILLI., .METRE. ) );
#8481 = CARTESIAN_POINT ( 'NONE',  ( 2.087499999999999911, 0.5849999999999999645, 0.000000000000000000 ) ) ;
#8482 = CARTESIAN_POINT ( 'NONE',  ( 2.604600228767702585, 5.209200457535404283, 18.50000000000000355 ) ) ;
#8483 = CARTESIAN_POINT ( 'NONE',  ( -1.129718046832569934E-15, 2.069126935362819886, 0.4031326314136419731 ) ) ;
#8484 = B_SPLINE_SURFACE_WITH_KNOTS ( 'NONE', 3, 3, ( 
 ( #6466, #8616, #3930, #5965, #8696, #2580, #404, #1903 ),
 ( #358, #3092, #5788, #4726, #3304, #1318, #4100, #5383 ),
 ( #8110, #2798, #6806, #4057, #7384, #6051, #2047, #1274 ),
 ( #705, #8201, #751, #2141, #8773, #5434, #3389, #4850 ),
 ( #7525, #6008, #5524, #658, #8248, #4017, #8730, #2090 ),
 ( #3434, #6140, #2657, #610, #3350, #2701, #7566, #7430 ),
 ( #1998, #46, #1362, #4810, #6761, #1414, #2614, #6097 ),
 ( #2749, #4149, #3972, #4, #6675, #6854, #8154, #7477 ),
 ( #3475, #564, #5343, #6190, #4770, #6719, #5480, #94 ),
 ( #8067, #1940, #4681, #3650, #3039, #2895, #2991, #1626 ),
 ( #1543, #8295, #4282, #139, #5074, #6897, #3693, #968 ),
 ( #4365, #837, #4236, #8431, #6944, #5701, #880, #2184 ),
 ( #3565, #4896, #2312, #2949, #8342, #6366, #7655, #5614 ),
 ( #2227, #6990, #5739, #1500, #3514, #5029, #314, #7039 ),
 ( #6282, #188, #4941, #230, #8475, #3608, #6328, #1588 ),
 ( #7075, #5654, #2850, #923, #7608, #8387, #2268, #6412 ),
 ( #4991, #7708, #7755, #1458, #4320, #2356, #268, #4191 ),
 ( #794, #6235, #5570, #2497, #8562, #3124, #1146, #6502 ),
 ( #5256, #6625, #2402, #1188, #3786, #7931, #5957, #1764 ),
 ( #1857, #7976, #443, #4503, #4591, #393, #5214, #3082 ),
 ( #4550, #5170, #3170, #6546, #3257, #7788, #5784, #3214 ) ),
 .UNSPECIFIED., .F., .F., .F.,
 ( 4, 3, 2, 1, 1, 1, 1, 1, 1, 1, 2, 3, 4 ),
 ( 4, 1, 1, 1, 1, 4 ),
 ( -0.01462331830958858714, -0.004532666588007609916, 0.000000000000000000, 0.1250000000000000000, 0.2500000000000000000, 0.3750000000000000000, 0.5000000000000000000, 0.6250000000000000000, 0.7500000000000000000, 0.8750000000000000000, 1.000000000000000000, 1.004532505570089995, 1.014724063808886800 ),
 ( 0.000000000000000000, 0.1428571428571429880, 0.2857142857142859760, 0.5714285714285709528, 0.8571428571428569843, 1.000000000000000000 ),
 .UNSPECIFIED. ) ;
#8485 = CARTESIAN_POINT ( 'NONE',  ( -2.379999999999999893, 0.5849999999999999645, 0.000000000000000000 ) ) ;
#8486 =( NAMED_UNIT ( * ) SI_UNIT ( $, .STERADIAN. ) SOLID_ANGLE_UNIT ( ) );
#8487 = CARTESIAN_POINT ( 'NONE',  ( -3.200000000000000178, 3.918869757271530460E-16, 2.994165229559819785 ) ) ;
#8488 =( LENGTH_UNIT ( ) NAMED_UNIT ( * ) SI_UNIT ( .MILLI., .METRE. ) );
#8489 = EDGE_CURVE ( 'NONE', #5070, #5451, #6098, .T. ) ;
#8490 = MECHANICAL_DESIGN_GEOMETRIC_PRESENTATION_REPRESENTATION (  '', ( #4214 ), #7906 ) ;
#8491 = SURFACE_SIDE_STYLE ('',( #823 ) ) ;
#8492 = CARTESIAN_POINT ( 'NONE',  ( -0.7038593203623840777, 5.742830362950128276, 19.80000000000000071 ) ) ;
#8493 = CARTESIAN_POINT ( 'NONE',  ( -2.007802213080560172, -1.007737800705059916, 2.516241245605889798 ) ) ;
#8494 = CARTESIAN_POINT ( 'NONE',  ( -2.000000000000000000, 2.449293598294706414E-16, 20.80000000000000426 ) ) ;
#8495 = PLANE ( 'NONE',  #5702 ) ;
#8496 = CARTESIAN_POINT ( 'NONE',  ( -1.434968537908001496, 1.395869085603806514, 4.062213304289150173 ) ) ;
#8497 = CARTESIAN_POINT ( 'NONE',  ( -1.210915202261090728, 2.989136792630336270, 2.969165229559820762 ) ) ;
#8498 = FACE_OUTER_BOUND ( 'NONE', #7935, .T. ) ;
#8499 = CARTESIAN_POINT ( 'NONE',  ( 2.437234029440936478, -0.8765267333414599182, 18.50000000000000000 ) ) ;
#8500 = CARTESIAN_POINT ( 'NONE',  ( -2.437751537051737305, -2.123139732274172964, 2.969165229559820762 ) ) ;
#8501 = CARTESIAN_POINT ( 'NONE',  ( 2.074693033300079925, 1.161716407912900317, 0.3536250458873150260 ) ) ;
#8502 = CARTESIAN_POINT ( 'NONE',  ( -0.9867428327071929850, -1.972259300002120019, 3.310770845963470155 ) ) ;
#8503 = CARTESIAN_POINT ( 'NONE',  ( 5.438419344948526302, 1.951774986368148390, 19.79999999999999716 ) ) ;
#8504 = ORIENTED_EDGE ( 'NONE', *, *, #2286, .T. ) ;
#8505 = CARTESIAN_POINT ( 'NONE',  ( 3.968313425042349518, 3.456255257060546260, 23.60000000000000853 ) ) ;
#8506 = SURFACE_SIDE_STYLE ('',( #4980 ) ) ;
#8507 = CARTESIAN_POINT ( 'NONE',  ( -0.6589295104371224454, -2.414108017535828932, 23.60000000000000142 ) ) ;
#8508 = CARTESIAN_POINT ( 'NONE',  ( -2.087499999999999911, 6.381997448960519399E-17, 0.1698237983775840176 ) ) ;
#8509 = VERTEX_POINT ( 'NONE', #2902 ) ;
#8510 = FACE_OUTER_BOUND ( 'NONE', #70, .T. ) ;
#8511 = CARTESIAN_POINT ( 'NONE',  ( 0.000000000000000000, 0.000000000000000000, 13.03458261477990021 ) ) ;
#8512 = ORIENTED_EDGE ( 'NONE', *, *, #6155, .T. ) ;
#8513 = CARTESIAN_POINT ( 'NONE',  ( -0.8801900240754839677, -2.672499999999999876, 0.000000000000000000 ) ) ;
#8514 = CARTESIAN_POINT ( 'NONE',  ( -1.170107580821250659, 2.657637614567247564, 0.3998320620918469070 ) ) ;
#8515 = CARTESIAN_POINT ( 'NONE',  ( -1.622032417567390805, 1.175201105304323423, 4.013600740277508905 ) ) ;
#8516 = ADVANCED_FACE ( 'NONE', ( #2999 ), #4418, .T. ) ;
#8517 = VECTOR ( 'NONE', #996, 1000.000000000000000 ) ;
#8518 =( LENGTH_UNIT ( ) NAMED_UNIT ( * ) SI_UNIT ( .MILLI., .METRE. ) );
#8519 = CARTESIAN_POINT ( 'NONE',  ( 1.170244142825046962, -2.585538824289834281, 0.7398754393031035104 ) ) ;
#8520 = EDGE_LOOP ( 'NONE', ( #42, #6704 ) ) ;
#8521 = VECTOR ( 'NONE', #569, 1000.000000000000000 ) ;
#8522 = DIRECTION ( 'NONE',  ( 6.123233995736769734E-17, 1.000000000000000000, 0.000000000000000000 ) ) ;
#8523 = VERTEX_POINT ( 'NONE', #1153 ) ;
#8524 = PRESENTATION_LAYER_ASSIGNMENT (  '', '', ( #1808 ) ) ;
#8525 =( NAMED_UNIT ( * ) PLANE_ANGLE_UNIT ( ) SI_UNIT ( $, .RADIAN. ) );
#8526 = CARTESIAN_POINT ( 'NONE',  ( -1.163966358175599902, 2.069579617626819967, 0.4031326314136419731 ) ) ;
#8527 = CARTESIAN_POINT ( 'NONE',  ( 1.393057972027093250, -1.436374676556030794, 4.062213304289150173 ) ) ;
#8528 = CARTESIAN_POINT ( 'NONE',  ( -1.832700469137320098, 0.9354159905847539980, 2.344894465966619990 ) ) ;
#8529 = CARTESIAN_POINT ( 'NONE',  ( -4.909532436802689581, 2.004147728013506000E-16, 23.59999999999999787 ) ) ;
#8530 = PRESENTATION_LAYER_ASSIGNMENT (  '', '', ( #2114 ) ) ;
#8531 = CARTESIAN_POINT ( 'NONE',  ( 2.080422815638088618, 5.387466162008593962, 19.80000000000000071 ) ) ;
#8532 = DIRECTION ( 'NONE',  ( -1.000000000000000000, 0.000000000000000000, -0.000000000000000000 ) ) ;
#8533 = AXIS2_PLACEMENT_3D ( 'NONE', #2648, #4674, #1228 ) ;
#8534 = CARTESIAN_POINT ( 'NONE',  ( -2.085550000000000015, -1.169999999999999929, 0.000000000000000000 ) ) ;
#8535 = CARTESIAN_POINT ( 'NONE',  ( -2.069030134040602764, 1.151979931348909858, 0.3637420997085697993 ) ) ;
#8536 = CARTESIAN_POINT ( 'NONE',  ( -2.000000000000001776, 2.449293598294708880E-16, 23.10000000000000142 ) ) ;
#8537 = CARTESIAN_POINT ( 'NONE',  ( -1.859425216654239987, 1.601156472615399950, 4.062213304289159943 ) ) ;
#8538 = CARTESIAN_POINT ( 'NONE',  ( -6.724999999999999645, 13.44999999999999929, 19.79999999999999716 ) ) ;
#8539 = CARTESIAN_POINT ( 'NONE',  ( 2.010355339059326951, 4.020710678118653014, 18.50000000000000000 ) ) ;
#8540 = CARTESIAN_POINT ( 'NONE',  ( 2.457833678804642208, -0.8186766262191746968, 18.50000000000000711 ) ) ;
#8541 = CARTESIAN_POINT ( 'NONE',  ( -3.149522423642111324, -0.8059787938071527602, 2.969165229559819430 ) ) ;
#8542 = CARTESIAN_POINT ( 'NONE',  ( -0.8964508080759019393, -1.788658612597950670, 3.046464690934957531 ) ) ;
#8543 = CARTESIAN_POINT ( 'NONE',  ( -2.500054170078950033, -0.8985745970063969690, 1.944948958572229936 ) ) ;
#8544 = ORIENTED_EDGE ( 'NONE', *, *, #2892, .F. ) ;
#8545 = DIRECTION ( 'NONE',  ( -0.000000000000000000, -0.000000000000000000, 1.000000000000000000 ) ) ;
#8546 = PRESENTATION_STYLE_ASSIGNMENT (( #6534 ) ) ;
#8547 =( GEOMETRIC_REPRESENTATION_CONTEXT ( 3 ) GLOBAL_UNCERTAINTY_ASSIGNED_CONTEXT ( ( #4627 ) ) GLOBAL_UNIT_ASSIGNED_CONTEXT ( ( #4059, #4775, #4242 ) ) REPRESENTATION_CONTEXT ( 'NONE', 'WORKASPACE' ) );
#8548 = CARTESIAN_POINT ( 'NONE',  ( -1.046424298199912561, 6.643440220090870874, 19.79999999999999716 ) ) ;
#8549 = CARTESIAN_POINT ( 'NONE',  ( 0.9001966847907462155, 2.332399654168956449, 23.60000000000000853 ) ) ;
#8550 = CARTESIAN_POINT ( 'NONE',  ( -2.087499999999999911, 1.180606454618420065, 0.000000000000000000 ) ) ;
#8551 = ORIENTED_EDGE ( 'NONE', *, *, #7693, .T. ) ;
#8552 = B_SPLINE_CURVE_WITH_KNOTS ( 'NONE', 3,
 ( #7739, #1699, #6438, #3025, #4442, #7154, #1040, #952, #1613, #5728, #7062, #3680 ),
 .UNSPECIFIED., .F., .F.,
 ( 4, 2, 2, 2, 2, 4 ),
 ( 1.025885483403691034E-18, 0.0002173549784295012441, 0.0004347099568590014583, 0.0008694199137180016156, 0.001738839827436002797, 0.003477679654872006029 ),
 .UNSPECIFIED. ) ;
#8553 =( LENGTH_UNIT ( ) NAMED_UNIT ( * ) SI_UNIT ( .MILLI., .METRE. ) );
#8554 = PRODUCT_DEFINITION_SHAPE ( 'NONE', 'NONE',  #8816 ) ;
#8555 = EDGE_CURVE ( 'NONE', #6574, #791, #1109, .T. ) ;
#8556 = UNCERTAINTY_MEASURE_WITH_UNIT (LENGTH_MEASURE( 1.000000000000000082E-05 ), #820, 'distance_accuracy_value', 'NONE');
#8557 = CARTESIAN_POINT ( 'NONE',  ( -1.077880048244060029, 2.672499999999999876, 0.000000000000000000 ) ) ;
#8558 = ORIENTED_EDGE ( 'NONE', *, *, #8600, .F. ) ;
#8559 = FILL_AREA_STYLE_COLOUR ( '', #3059 ) ;
#8560 = CARTESIAN_POINT ( 'NONE',  ( -1.199506337960463798, -2.323743939103735112, 3.562213304289150173 ) ) ;
#8561 = CARTESIAN_POINT ( 'NONE',  ( -1.171899605577222170, 2.342727329997003949, 3.311115349538018560 ) ) ;
#8562 = CARTESIAN_POINT ( 'NONE',  ( 0.9703085473908810155, -1.859341323577949900, 1.943675179696910060 ) ) ;
#8563 =( GEOMETRIC_REPRESENTATION_CONTEXT ( 3 ) GLOBAL_UNCERTAINTY_ASSIGNED_CONTEXT ( ( #6222 ) ) GLOBAL_UNIT_ASSIGNED_CONTEXT ( ( #991, #7686, #6434 ) ) REPRESENTATION_CONTEXT ( 'NONE', 'WORKASPACE' ) );
#8564 = CARTESIAN_POINT ( 'NONE',  ( -6.725000000000003197, -13.44999999999999929, 19.79999999999999716 ) ) ;
#8565 = EDGE_CURVE ( 'NONE', #4119, #8479, #8258, .T. ) ;
#8566 = VERTEX_POINT ( 'NONE', #8065 ) ;
#8567 = CARTESIAN_POINT ( 'NONE',  ( 2.069597243056530811, 1.158832602387792621, 0.3416449585976593650 ) ) ;
#8568 = CARTESIAN_POINT ( 'NONE',  ( 1.170103784473965458, 2.657495439263676484, 0.3998320270306062740 ) ) ;
#8569 = VERTEX_POINT ( 'NONE', #7982 ) ;
#8570 = CARTESIAN_POINT ( 'NONE',  ( 1.201630270343668316, -2.672499999999999876, 0.1698237983775840176 ) ) ;
#8571 = CARTESIAN_POINT ( 'NONE',  ( -0.9303681319083060286, 1.823412632906789899, 2.444599270131050162 ) ) ;
#8572 =( LENGTH_UNIT ( ) NAMED_UNIT ( * ) SI_UNIT ( .MILLI., .METRE. ) );
#8573 = CARTESIAN_POINT ( 'NONE',  ( -2.338926533919969852, 1.169999999999999929, 3.311111815122790070 ) ) ;
#8574 = CARTESIAN_POINT ( 'NONE',  ( -0.9695199234001420363, 1.648231367092749977, 3.932265868843620282 ) ) ;
#8575 = CARTESIAN_POINT ( 'NONE',  ( 0.4401196026741288625, 5.762976918429081330, 19.79999999999999716 ) ) ;
#8576 = SURFACE_STYLE_USAGE ( .BOTH. , #5840 ) ;
#8577 = CARTESIAN_POINT ( 'NONE',  ( -1.783191695226636453, -0.8921475664179200349, 3.462469431424133770 ) ) ;
#8578 = B_SPLINE_CURVE_WITH_KNOTS ( 'NONE', 3,
 ( #8302, #8208, #6862, #2806, #5534, #56, #715, #1464, #4108, #5439, #4905, #6950 ),
 .UNSPECIFIED., .F., .F.,
 ( 4, 2, 2, 2, 2, 4 ),
 ( 9.354672099284656149E-12, 0.001739559076257953842, 0.002609338609709594553, 0.003044228376435414909, 0.003261673259798324870, 0.003479118143161235265 ),
 .UNSPECIFIED. ) ;
#8579 = DIRECTION ( 'NONE',  ( 0.000000000000000000, 0.000000000000000000, 1.000000000000000000 ) ) ;
#8580 = LINE ( 'NONE', #5140, #8105 ) ;
#8581 = DIRECTION ( 'NONE',  ( 0.000000000000000000, 0.000000000000000000, 1.000000000000000000 ) ) ;
#8582 = CARTESIAN_POINT ( 'NONE',  ( -0.9024892937514642499, -1.784801234345668286, 3.562187324206069317 ) ) ;
#8583 = FILL_AREA_STYLE ('',( #5192 ) ) ;
#8584 = LINE ( 'NONE', #6564, #4009 ) ;
#8585 = PLANE ( 'NONE',  #1985 ) ;
#8586 = CARTESIAN_POINT ( 'NONE',  ( 2.500927198163197751, -0.6827592419726582484, 18.50000000000000355 ) ) ;
#8587 = ADVANCED_FACE ( 'NONE', ( #4597 ), #7302, .T. ) ;
#8588 = STYLED_ITEM ( 'NONE', ( #5673 ), #3386 ) ;
#8589 = CARTESIAN_POINT ( 'NONE',  ( -4.399177097743352860, 8.798354195486705720, 2.969165229559820318 ) ) ;
#8590 = FILL_AREA_STYLE_COLOUR ( '', #3639 ) ;
#8591 = CARTESIAN_POINT ( 'NONE',  ( 1.169999999999999929, -2.087499999999999911, 0.000000000000000000 ) ) ;
#8592 = CARTESIAN_POINT ( 'NONE',  ( -2.459574636418819793, -0.9039236508344270504, 3.023199761058580126 ) ) ;
#8593 = ORIENTED_EDGE ( 'NONE', *, *, #4560, .F. ) ;
#8594 = CARTESIAN_POINT ( 'NONE',  ( 1.533601501880096363, 5.026102185066284811, 23.60000000000000497 ) ) ;
#8595 = CARTESIAN_POINT ( 'NONE',  ( 2.672499999999999876, 1.077879012091019995, 0.000000000000000000 ) ) ;
#8596 = CARTESIAN_POINT ( 'NONE',  ( -5.564649339035822706, 3.776726606074036319, 19.79999999999999716 ) ) ;
#8597 = CARTESIAN_POINT ( 'NONE',  ( -2.414063805987872069, 0.6590412539566821160, 23.60000000000000853 ) ) ;
#8598 = CARTESIAN_POINT ( 'NONE',  ( -1.923171929167500016, -0.7357236631716469466, 1.943675179718990176 ) ) ;
#8599 = VERTEX_POINT ( 'NONE', #3839 ) ;
#8600 = EDGE_CURVE ( 'NONE', #2111, #5601, #1677, .T. ) ;
#8601 = DIRECTION ( 'NONE',  ( 0.000000000000000000, 1.000000000000000000, 0.000000000000000000 ) ) ;
#8602 = CARTESIAN_POINT ( 'NONE',  ( -1.077880048244060029, 2.672499999999999876, 0.1698237983775849891 ) ) ;
#8603 = VERTEX_POINT ( 'NONE', #402 ) ;
#8604 = CARTESIAN_POINT ( 'NONE',  ( 2.500000000000000000, 0.000000000000000000, 23.10000000000000142 ) ) ;
#8605 = CARTESIAN_POINT ( 'NONE',  ( -2.307043476044351671, -5.297772545144356471, 19.80000000000000426 ) ) ;
#8606 = CARTESIAN_POINT ( 'NONE',  ( -1.169999999999999929, 2.477500000000000036, 0.1648747531013459999 ) ) ;
#8607 = CARTESIAN_POINT ( 'NONE',  ( 2.379999999999999893, -0.5849999999999999645, 0.000000000000000000 ) ) ;
#8608 = CARTESIAN_POINT ( 'NONE',  ( -0.9724659623706930489, 2.400537724410600315, 18.50000000000000355 ) ) ;
#8609 = COLOUR_RGB ( '',0.8313725490196077761, 0.8313725490196077761, 0.8313725490196077761 ) ;
#8610 = ADVANCED_FACE ( 'NONE', ( #5260 ), #7118, .F. ) ;
#8611 = PRESENTATION_STYLE_ASSIGNMENT (( #3127 ) ) ;
#8612 = VERTEX_POINT ( 'NONE', #681 ) ;
#8613 = CARTESIAN_POINT ( 'NONE',  ( 1.829205656435182847, 0.9340619348432904756, 2.337632210151527890 ) ) ;
#8614 = COLOUR_RGB ( '',0.2862745098039215508, 0.2862745098039215508, 0.2862745098039215508 ) ;
#8615 = CARTESIAN_POINT ( 'NONE',  ( -0.2459567831257349624, 1.993541949378909939, 2.444599270131050162 ) ) ;
#8616 = CARTESIAN_POINT ( 'NONE',  ( -1.204218564844467210, -2.087499999999999911, 0.1698237983775840176 ) ) ;
#8617 = CARTESIAN_POINT ( 'NONE',  ( -1.783425674534422356, 0.8923653915514010437, 3.310595246845865258 ) ) ;
#8618 = DIRECTION ( 'NONE',  ( 1.000000000000000000, -1.224646799147350002E-16, 0.000000000000000000 ) ) ;
#8619 = EDGE_CURVE ( 'NONE', #2562, #8612, #8145, .T. ) ;
#8620 = CARTESIAN_POINT ( 'NONE',  ( -2.334793036590388393, -1.177597738311928488, 3.562189870456510032 ) ) ;
#8621 = CARTESIAN_POINT ( 'NONE',  ( -6.749751228180432605, -13.49950245636085633, 10.24900223072822847 ) ) ;
#8622 =( NAMED_UNIT ( * ) SI_UNIT ( $, .STERADIAN. ) SOLID_ANGLE_UNIT ( ) );
#8623 =( NAMED_UNIT ( * ) SI_UNIT ( $, .STERADIAN. ) SOLID_ANGLE_UNIT ( ) );
#8624 = SURFACE_SIDE_STYLE ('',( #1869 ) ) ;
#8625 = CARTESIAN_POINT ( 'NONE',  ( 0.9658950972166179261, 1.865749837040515446, 2.013024651106475993 ) ) ;
#8626 = PRESENTATION_STYLE_ASSIGNMENT (( #3940 ) ) ;
#8627 = CARTESIAN_POINT ( 'NONE',  ( -1.856614806770200632, 1.606774956722929915, 4.062213237132462851 ) ) ;
#8628 = FACE_OUTER_BOUND ( 'NONE', #5209, .T. ) ;
#8629 = SURFACE_STYLE_USAGE ( .BOTH. , #7235 ) ;
#8630 = CARTESIAN_POINT ( 'NONE',  ( 2.000000000000001776, 0.000000000000000000, 23.10000000000000142 ) ) ;
#8631 = SURFACE_STYLE_USAGE ( .BOTH. , #1876 ) ;
#8632 = CARTESIAN_POINT ( 'NONE',  ( -3.776726606074118919, -5.564649339035912412, 19.79999999999999716 ) ) ;
#8633 = CARTESIAN_POINT ( 'NONE',  ( 1.199505539192026626, 2.323744351460025115, 3.562213304289150173 ) ) ;
#8634 = CARTESIAN_POINT ( 'NONE',  ( -1.158907044334707592, -2.073526764919539911, 0.3416456039900797603 ) ) ;
#8635 = CARTESIAN_POINT ( 'NONE',  ( -2.381627267736739828, -1.084727766660029902, 3.562213304289150173 ) ) ;
#8636 = ORIENTED_EDGE ( 'NONE', *, *, #1064, .F. ) ;
#8637 = CARTESIAN_POINT ( 'NONE',  ( 4.912252737802456082, 1.853121433972349408, 23.60000000000000497 ) ) ;
#8638 = CARTESIAN_POINT ( 'NONE',  ( 2.577289324262003412, 1.185663996165060130, 0.7666085965432249960 ) ) ;
#8639 = CARTESIAN_POINT ( 'NONE',  ( -6.210167860569450582, 2.580748070686452955, 19.79999999999999716 ) ) ;
#8640 =( LENGTH_UNIT ( ) NAMED_UNIT ( * ) SI_UNIT ( .MILLI., .METRE. ) );
#8641 = CARTESIAN_POINT ( 'NONE',  ( 0.9386890552917741548, -2.317161253888328165, 23.60000000000000853 ) ) ;
#8642 = CARTESIAN_POINT ( 'NONE',  ( -2.087499999999999911, -1.173535688087119944, 0.1698237983775840176 ) ) ;
#8643 = ORIENTED_EDGE ( 'NONE', *, *, #1952, .T. ) ;
#8644 = FACE_OUTER_BOUND ( 'NONE', #653, .T. ) ;
#8645 = CARTESIAN_POINT ( 'NONE',  ( 2.338664820565219848, -1.169999999999999929, 3.462676791579629931 ) ) ;
#8646 = ORIENTED_EDGE ( 'NONE', *, *, #1573, .T. ) ;
#8647 = SURFACE_STYLE_USAGE ( .BOTH. , #1097 ) ;
#8648 = CARTESIAN_POINT ( 'NONE',  ( -1.170053790410625405, 2.655623133966333871, 0.3998315653094579591 ) ) ;
#8649 = EDGE_CURVE ( 'NONE', #6446, #3421, #542, .T. ) ;
#8650 = LINE ( 'NONE', #1059, #5811 ) ;
#8651 = CARTESIAN_POINT ( 'NONE',  ( 2.589955567827030958, 0.3295232034742037186, 18.50000000000000711 ) ) ;
#8652 = MECHANICAL_DESIGN_GEOMETRIC_PRESENTATION_REPRESENTATION (  '', ( #6071 ), #4943 ) ;
#8653 = ORIENTED_EDGE ( 'NONE', *, *, #5781, .F. ) ;
#8654 = CARTESIAN_POINT ( 'NONE',  ( 2.085530499999999954, 1.169999999999999929, 0.000000000000000000 ) ) ;
#8655 = PRESENTATION_STYLE_ASSIGNMENT (( #3302 ) ) ;
#8656 = CARTESIAN_POINT ( 'NONE',  ( -0.8257089789890640352, 1.823234047814370040, 3.562213309405399819 ) ) ;
#8657 = CARTESIAN_POINT ( 'NONE',  ( 1.609584198776694786, -1.855209601828180510, 4.062213203554104979 ) ) ;
#8658 = SURFACE_SIDE_STYLE ('',( #2461 ) ) ;
#8659 = PRESENTATION_STYLE_ASSIGNMENT (( #6592 ) ) ;
#8660 = MECHANICAL_DESIGN_GEOMETRIC_PRESENTATION_REPRESENTATION (  '', ( #399 ), #7084 ) ;
#8661 = FACE_OUTER_BOUND ( 'NONE', #1048, .T. ) ;
#8662 = STYLED_ITEM ( 'NONE', ( #4253 ), #6644 ) ;
#8663 = CARTESIAN_POINT ( 'NONE',  ( -2.083599999999999675, -1.169999999999999929, 0.000000000000000000 ) ) ;
#8664 = CARTESIAN_POINT ( 'NONE',  ( 0.3120603038531073459, -2.000000023353264655, 3.562210369226110007 ) ) ;
#8665 = VECTOR ( 'NONE', #1999, 1000.000000000000000 ) ;
#8666 = CARTESIAN_POINT ( 'NONE',  ( 2.217291278814829791, -1.131481631754760020, 0.6499942451542439770 ) ) ;
#8667 = CARTESIAN_POINT ( 'NONE',  ( -6.739644660940671272, 13.47928932188134254, 19.80000000000000071 ) ) ;
#8668 = CARTESIAN_POINT ( 'NONE',  ( -1.999999999999999778, 3.999999999999999556, 18.52499999999999858 ) ) ;
#8669 =( NAMED_UNIT ( * ) SI_UNIT ( $, .STERADIAN. ) SOLID_ANGLE_UNIT ( ) );
#8670 = FILL_AREA_STYLE_COLOUR ( '', #565 ) ;
#8671 = CARTESIAN_POINT ( 'NONE',  ( -6.273719320253592358, -2.422650448494973574, 19.79999999999999716 ) ) ;
#8672 = CARTESIAN_POINT ( 'NONE',  ( -2.672499999999999876, -1.193777672601308293, 0.000000000000000000 ) ) ;
#8673 = ADVANCED_FACE ( 'NONE', ( #7587 ), #899, .T. ) ;
#8674 = ORIENTED_EDGE ( 'NONE', *, *, #129, .T. ) ;
#8675 = CARTESIAN_POINT ( 'NONE',  ( 5.169542962046674184, 0.9158046558786456792, 23.59999999999999432 ) ) ;
#8676 = CARTESIAN_POINT ( 'NONE',  ( 2.672499999999999876, 0.5849999999999999645, 0.1698237983775840176 ) ) ;
#8677 = CARTESIAN_POINT ( 'NONE',  ( -2.422650448494864328, 6.273719320253690057, 19.79999999999999361 ) ) ;
#8678 =( LENGTH_UNIT ( ) NAMED_UNIT ( * ) SI_UNIT ( .MILLI., .METRE. ) );
#8679 = CARTESIAN_POINT ( 'NONE',  ( 1.645878575097128094, -1.889707849479635104, 23.59999999999999787 ) ) ;
#8680 = B_SPLINE_CURVE_WITH_KNOTS ( 'NONE', 3,
 ( #3288, #3416, #6077, #6123, #4795, #8803, #5332, #1925, #7503, #4667, #30, #5463 ),
 .UNSPECIFIED., .F., .F.,
 ( 4, 2, 2, 2, 2, 4 ),
 ( 0.000000000000000000, 0.0002172741886999783796, 0.0004345483773999567591, 0.0008690967547999135182, 0.001738193509599827904, 0.003476387019199655808 ),
 .UNSPECIFIED. ) ;
#8681 = CARTESIAN_POINT ( 'NONE',  ( -1.821769494609730033, -0.8268570946501939689, 3.022064739160810198 ) ) ;
#8682 = ORIENTED_EDGE ( 'NONE', *, *, #6618, .T. ) ;
#8683 = CARTESIAN_POINT ( 'NONE',  ( 0.5849999999999999645, 2.379999999999999893, -2.754830917718800176 ) ) ;
#8684 = CARTESIAN_POINT ( 'NONE',  ( -4.370751894706227603, -8.741503789412451653, 0.7073570630543276616 ) ) ;
#8685 = CARTESIAN_POINT ( 'NONE',  ( -0.5848728926783910431, 2.659545203571580085, 0.3537504162900830251 ) ) ;
#8686 = ORIENTED_EDGE ( 'NONE', *, *, #7747, .T. ) ;
#8687 = DIRECTION ( 'NONE',  ( 0.000000000000000000, 1.000000000000000000, 0.000000000000000000 ) ) ;
#8688 = CARTESIAN_POINT ( 'NONE',  ( -4.373642825351913288, 8.747285650703826576, 0.7189519526503383995 ) ) ;
#8689 =( NAMED_UNIT ( * ) PLANE_ANGLE_UNIT ( ) SI_UNIT ( $, .RADIAN. ) );
#8690 =( NAMED_UNIT ( * ) SI_UNIT ( $, .STERADIAN. ) SOLID_ANGLE_UNIT ( ) );
#8691 =( BOUNDED_SURFACE ( )  B_SPLINE_SURFACE ( 3, 3, ( 
 ( #8398, #323, #3049, #7797 ),
 ( #1554, #3527, #242, #1511 ),
 ( #6247, #848, #2860, #2961 ),
 ( #2194, #2280, #6293, #1976 ) ),
 .UNSPECIFIED., .F., .F., .F. ) 
 B_SPLINE_SURFACE_WITH_KNOTS ( ( 4, 4 ),
 ( 4, 4 ),
 ( 0.000000000000000000, 1.000000000000000000 ),
 ( 0.000000000000000000, 1.000000000000000000 ),
 .UNSPECIFIED. ) 
 GEOMETRIC_REPRESENTATION_ITEM ( )  RATIONAL_B_SPLINE_SURFACE ( (
 ( 1.000000000000000000, 0.3333333333333334259, 0.3333333333333334259, 1.000000000000000000),
 ( 0.8047378541243649375, 0.2682459513747884050, 0.2682459513747884050, 0.8047378541243649375),
 ( 0.8047378541243649375, 0.2682459513747884050, 0.2682459513747884050, 0.8047378541243649375),
 ( 1.000000000000000000, 0.3333333333333334259, 0.3333333333333334259, 1.000000000000000000) ) ) 
 REPRESENTATION_ITEM ( '' )  SURFACE ( )  );
#8692 = COLOUR_RGB ( '',0.8313725490196077761, 0.8313725490196077761, 0.8313725490196077761 ) ;
#8693 = EDGE_LOOP ( 'NONE', ( #3406, #7345, #5160, #4665 ) ) ;
#8694 = CARTESIAN_POINT ( 'NONE',  ( -1.169992171008222837, -2.338649169638113090, 3.462676777723450172 ) ) ;
#8695 = FILL_AREA_STYLE_COLOUR ( '', #8614 ) ;
#8696 = CARTESIAN_POINT ( 'NONE',  ( -0.9884135562254874330, -1.853927999499428658, 1.943675179696910060 ) ) ;
#8697 = LINE ( 'NONE', #5966, #8665 ) ;
#8698 = STYLED_ITEM ( 'NONE', ( #2373 ), #4392 ) ;
#8699 = ORIENTED_EDGE ( 'NONE', *, *, #1557, .T. ) ;
#8700 = PRESENTATION_STYLE_ASSIGNMENT (( #2584 ) ) ;
#8701 = CARTESIAN_POINT ( 'NONE',  ( -2.661183746835206865, -1.170036846279939979, 0.3445559285095602942 ) ) ;
#8702 = CARTESIAN_POINT ( 'NONE',  ( -0.9390417115292115646, -1.835830800875198898, 2.300208471105171348 ) ) ;
#8703 = APPLICATION_PROTOCOL_DEFINITION ( 'draft international standard', 'automotive_design', 1998, #7440 ) ;
#8704 = MECHANICAL_DESIGN_GEOMETRIC_PRESENTATION_REPRESENTATION (  '', ( #3575 ), #5001 ) ;
#8705 = CARTESIAN_POINT ( 'NONE',  ( 0.5849999999999998535, -2.087499999999999911, -2.754830917718798844 ) ) ;
#8706 = CARTESIAN_POINT ( 'NONE',  ( 3.200000000000000178, 0.000000000000000000, 2.969165229559820318 ) ) ;
#8707 = CARTESIAN_POINT ( 'NONE',  ( 2.614955567827029093, -5.229911135654059962, 18.47500000000000142 ) ) ;
#8708 = EDGE_CURVE ( 'NONE', #1345, #4723, #906, .T. ) ;
#8709 = CARTESIAN_POINT ( 'NONE',  ( 1.193933873102446253, 2.672499999999999876, 0.000000000000000000 ) ) ;
#8710 = CARTESIAN_POINT ( 'NONE',  ( 0.8948891693965779215, -1.788671818976786509, 3.461860776389812600 ) ) ;
#8711 = ORIENTED_EDGE ( 'NONE', *, *, #3905, .T. ) ;
#8712 = CARTESIAN_POINT ( 'NONE',  ( -4.865732433572358850, 1.972032485673765434, 23.60000000000000142 ) ) ;
#8713 = CARTESIAN_POINT ( 'NONE',  ( 2.415542548502922493, 1.184769838526269714, 1.944948958557380037 ) ) ;
#8714 = CARTESIAN_POINT ( 'NONE',  ( -3.584475808338451586, 5.690375534005307046, 19.80000000000000071 ) ) ;
#8715 = CARTESIAN_POINT ( 'NONE',  ( -2.006305602763490015, -6.095660229438200963E-15, 1.943675179718990176 ) ) ;
#8716 = ORIENTED_EDGE ( 'NONE', *, *, #6210, .T. ) ;
#8717 = EDGE_CURVE ( 'NONE', #7542, #308, #2869, .T. ) ;
#8718 = COLOUR_RGB ( '',0.8313725490196077761, 0.8313725490196077761, 0.8313725490196077761 ) ;
#8719 = CARTESIAN_POINT ( 'NONE',  ( -4.373642825351915064, -8.747285650703826576, 0.7189519526503383995 ) ) ;
#8720 = UNCERTAINTY_MEASURE_WITH_UNIT (LENGTH_MEASURE( 1.000000000000000082E-05 ), #2684, 'distance_accuracy_value', 'NONE');
#8721 = CARTESIAN_POINT ( 'NONE',  ( 1.077879467992310270, 2.672499999999999876, 0.000000000000000000 ) ) ;
#8722 = ORIENTED_EDGE ( 'NONE', *, *, #2885, .T. ) ;
#8723 = CARTESIAN_POINT ( 'NONE',  ( 0.000000000000000000, 0.000000000000000000, 18.49999999996043698 ) ) ;
#8724 = CARTESIAN_POINT ( 'NONE',  ( -1.172851643939997190, 2.344365730041804596, 3.462678919750282081 ) ) ;
#8725 = CARTESIAN_POINT ( 'NONE',  ( -1.095870702169042810, -4.281849796061006685, 2.969165229559819874 ) ) ;
#8726 = COLOUR_RGB ( '',0.8313725490196077761, 0.8313725490196077761, 0.8313725490196077761 ) ;
#8727 = ORIENTED_EDGE ( 'NONE', *, *, #4020, .F. ) ;
#8728 = CARTESIAN_POINT ( 'NONE',  ( 2.075491525851060448, 1.158944265308180066, 0.3416459266862330035 ) ) ;
#8729 = SURFACE_STYLE_USAGE ( .BOTH. , #3433 ) ;
#8730 = CARTESIAN_POINT ( 'NONE',  ( -0.8998318268845201251, -1.786143868507179988, 3.391484666840950180 ) ) ;
#8731 =( LENGTH_UNIT ( ) NAMED_UNIT ( * ) SI_UNIT ( .MILLI., .METRE. ) );
#8732 = PLANE ( 'NONE',  #2314 ) ;
#8733 = SURFACE_SIDE_STYLE ('',( #3307 ) ) ;
#8734 = CARTESIAN_POINT ( 'NONE',  ( -2.468501773352986817, -1.171745213153861265, 1.611709526854852692 ) ) ;
#8735 = FILL_AREA_STYLE_COLOUR ( '', #8467 ) ;
#8736 = CARTESIAN_POINT ( 'NONE',  ( -1.609584198776694786, -1.855209601828171184, 4.062213203554104979 ) ) ;
#8737 = AXIS2_PLACEMENT_3D ( 'NONE', #2849, #8294, #4940 ) ;
#8738 = CARTESIAN_POINT ( 'NONE',  ( 2.071562003988030476, -1.158869823361245111, 0.3416452812938885475 ) ) ;
#8739 = EDGE_CURVE ( 'NONE', #5178, #7703, #4403, .T. ) ;
#8740 = DIRECTION ( 'NONE',  ( -1.000000000000000000, -0.000000000000000000, 0.000000000000000000 ) ) ;
#8741 = CARTESIAN_POINT ( 'NONE',  ( -2.505283019429175972, -0.8344827848655153035, 0.7000000000000030642 ) ) ;
#8742 = CARTESIAN_POINT ( 'NONE',  ( 1.789047532856283818, 0.8954613264900932457, 2.879632222174904665 ) ) ;
#8743 = CARTESIAN_POINT ( 'NONE',  ( -6.643427812827626511, -1.046491374965353716, 19.80000000000000071 ) ) ;
#8744 = CARTESIAN_POINT ( 'NONE',  ( 1.784801264205140514, 0.9024892343483817969, 3.562186562217995789 ) ) ;
#8745 = FILL_AREA_STYLE_COLOUR ( '', #7859 ) ;
#8746 = CARTESIAN_POINT ( 'NONE',  ( -2.596349520814240197, -0.3080437541689060033, 1.944948958572229936 ) ) ;
#8747 = ORIENTED_EDGE ( 'NONE', *, *, #2161, .F. ) ;
#8748 = CARTESIAN_POINT ( 'NONE',  ( 1.741074696501522689, -0.9903266442571683204, 3.832861989076054243 ) ) ;
#8749 = CARTESIAN_POINT ( 'NONE',  ( 2.447858335058549883, -1.084568488077310100, 1.944948958557380037 ) ) ;
#8750 = CARTESIAN_POINT ( 'NONE',  ( -0.4401196026765818448, -5.762976918429079554, 19.79999999999999716 ) ) ;
#8751 = ADVANCED_FACE ( 'NONE', ( #164 ), #8314, .F. ) ;
#8752 = CARTESIAN_POINT ( 'NONE',  ( -1.706253569163250106, -0.8535235383923219787, 3.618895854957929981 ) ) ;
#8753 = FILL_AREA_STYLE_COLOUR ( '', #5973 ) ;
#8754 = CARTESIAN_POINT ( 'NONE',  ( 0.000000000000000000, 0.000000000000000000, 15.02500000000000036 ) ) ;
#8755 = CARTESIAN_POINT ( 'NONE',  ( -1.787395488447940162, -0.8973436700876189498, 3.391484666840950180 ) ) ;
#8756 = EDGE_LOOP ( 'NONE', ( #7132, #7791, #8722, #5497 ) ) ;
#8757 = PRESENTATION_LAYER_ASSIGNMENT (  '', '', ( #5207 ) ) ;
#8758 = CARTESIAN_POINT ( 'NONE',  ( 0.000000000000000000, 0.000000000000000000, 4.062213304289150173 ) ) ;
#8759 = CARTESIAN_POINT ( 'NONE',  ( 4.349385432184957878, -8.698770864369919309, 0.7000000000000030642 ) ) ;
#8760 = B_SPLINE_SURFACE_WITH_KNOTS ( 'NONE', 3, 3, ( 
 ( #6136, #8814, #2792, #5428, #3510, #6274, #7472, #3471, #2888 ),
 ( #6184, #6800, #8335, #699, #3427, #133, #89, #5519, #40 ),
 ( #2744, #2842, #8195, #4891, #2085, #4230, #4936, #8242, #1451 ),
 ( #4186, #621, #2556, #1830, #4566, #3355, #1284, #1955, #7439 ),
 ( #2009, #6601, #7274, #3313, #4690, #6060, #5930, #3941, #2667 ),
 ( #3897, #1872, #2588, #8666, #5396, #1165, #6643, #532, #4648 ),
 ( #5272, #3982, #8120, #3234, #3272, #4735, #4067, #6770, #5978 ),
 ( #4609, #6684, #7314, #1205, #7395, #5313, #6015, #1912, #7351 ),
 ( #1242, #574, #8738, #2622, #5350, #8076, #6202, #2906, #151 ),
 ( #717, #1468, #6910, #7535, #7619, #7489, #6866, #2809, #2859 ) ),
 .UNSPECIFIED., .F., .F., .F.,
 ( 4, 3, 3, 4 ),
 ( 4, 1, 1, 1, 1, 1, 4 ),
 ( -0.01000000000000000021, 0.000000000000000000, 1.000000000000000000, 1.010099999999999998 ),
 ( 0.000000000000000000, 0.1386939662306299892, 0.2773879324612609776, 0.4160818986918909945, 0.6934698311531519721, 0.8321637973837829882, 0.9708577636144130052 ),
 .UNSPECIFIED. ) ;
#8761 = CARTESIAN_POINT ( 'NONE',  ( 1.078008093646560093E-12, 2.620824203096280058, 3.562213304289150173 ) ) ;
#8762 = ORIENTED_EDGE ( 'NONE', *, *, #5386, .T. ) ;
#8763 =( NAMED_UNIT ( * ) SI_UNIT ( $, .STERADIAN. ) SOLID_ANGLE_UNIT ( ) );
#8764 =( NAMED_UNIT ( * ) PLANE_ANGLE_UNIT ( ) SI_UNIT ( $, .RADIAN. ) );
#8765 = CARTESIAN_POINT ( 'NONE',  ( 3.210355339059325352, -6.420710678118653369, 2.969165229559819430 ) ) ;
#8766 = FACE_OUTER_BOUND ( 'NONE', #6586, .T. ) ;
#8767 = CARTESIAN_POINT ( 'NONE',  ( -1.788628335116051238, 0.8948454846476264768, 3.495419487104005629 ) ) ;
#8768 = ORIENTED_EDGE ( 'NONE', *, *, #1997, .T. ) ;
#8769 = CARTESIAN_POINT ( 'NONE',  ( 2.118357599372380218, 1.073042149621679986, 1.343284307299029923 ) ) ;
#8770 = EDGE_CURVE ( 'NONE', #1897, #6223, #2082, .T. ) ;
#8771 = CARTESIAN_POINT ( 'NONE',  ( 0.3032597336715640024, -2.603219800337570167, 3.562213304289150173 ) ) ;
#8772 = CARTESIAN_POINT ( 'NONE',  ( -0.9198258802929291100, 1.777692893578617594, 3.121953701425990602 ) ) ;
#8773 = CARTESIAN_POINT ( 'NONE',  ( -0.9703088362867320349, -1.859341237178250061, 1.943675179696910060 ) ) ;
#8774 = B_SPLINE_CURVE_WITH_KNOTS ( 'NONE', 3,
 ( #504, #7820, #426, #5240, #3202, #6611 ),
 .UNSPECIFIED., .F., .F.,
 ( 4, 2, 4 ),
 ( 0.000000000000000000, 0.0004211369610870997846, 0.0008422739221741995692 ),
 .UNSPECIFIED. ) ;
#8775 = B_SPLINE_CURVE_WITH_KNOTS ( 'NONE', 3,
 ( #7103, #5801, #4569, #8586, #8540, #8499, #4439, #3807, #2376, #2335, #2476, #1125, #1833, #8453, #6605, #7191, #5147, #497, #5054, #3194, #7771, #4526, #5098, #1648, #4387, #3858, #1786, #5195, #988, #6433, #4483, #1079, #6528, #420, #6565, #3150, #5847, #8038 ),
 .UNSPECIFIED., .F., .F.,
 ( 4, 1, 1, 1, 2, 2, 2, 1, 1, 1, 2, 2, 2, 1, 1, 1, 2, 2, 2, 1, 1, 1, 2, 2, 4 ),
 ( 0.000000000000000000, 0.06250000000000013878, 0.09375000000000019429, 0.1093750000000001943, 0.1171875000000002082, 0.1250000000000001943, 0.2500000000000000000, 0.3124999999999999445, 0.3437500000000000000, 0.3593749999999999445, 0.3671874999999999445, 0.3749999999999998890, 0.4999999999999995004, 0.5624999999999992228, 0.5937499999999991118, 0.6093749999999990008, 0.6171874999999990008, 0.6249999999999990008, 0.7499999999999995559, 0.8124999999999997780, 0.8437500000000000000, 0.8593750000000000000, 0.8671875000000000000, 0.8750000000000000000, 1.000000000000000000 ),
 .UNSPECIFIED. ) ;
#8776 = EDGE_LOOP ( 'NONE', ( #4903, #8711, #7307, #1622 ) ) ;
#8777 = SURFACE_STYLE_USAGE ( .BOTH. , #3976 ) ;
#8778 = CARTESIAN_POINT ( 'NONE',  ( -6.749257393156133489, 8.265456463150267762E-16, 10.24702156662953278 ) ) ;
#8779 = CARTESIAN_POINT ( 'NONE',  ( -3.199999999999997957, -6.399999999999991473, 23.39289321881345174 ) ) ;
#8780 = CARTESIAN_POINT ( 'NONE',  ( -2.380872917130048894, -1.171638848212878781, 2.517018057798077191 ) ) ;
#8781 = VECTOR ( 'NONE', #6491, 1000.000000000000000 ) ;
#8782 = SURFACE_SIDE_STYLE ('',( #1424 ) ) ;
#8783 = DIRECTION ( 'NONE',  ( 1.000000000000000000, 0.000000000000000000, 0.000000000000000000 ) ) ;
#8784 = SURFACE_STYLE_FILL_AREA ( #8163 ) ;
#8785 = SURFACE_STYLE_FILL_AREA ( #8119 ) ;
#8786 = DIRECTION ( 'NONE',  ( 1.000000000000000000, 0.000000000000000000, 0.000000000000000000 ) ) ;
#8787 = DIRECTION ( 'NONE',  ( -0.000000000000000000, 0.000000000000000000, 1.000000000000000000 ) ) ;
#8788 = PRESENTATION_STYLE_ASSIGNMENT (( #1378 ) ) ;
#8789 = CARTESIAN_POINT ( 'NONE',  ( 6.534333988653885150, -1.596671502085517558, 19.80000000000000071 ) ) ;
#8790 = CARTESIAN_POINT ( 'NONE',  ( 1.201869380070646143, 2.658107800923751096, 0.3537504162900840243 ) ) ;
#8791 = CARTESIAN_POINT ( 'NONE',  ( -1.170346385997555361, 2.490227056369279879, 1.439107553294028730 ) ) ;
#8792 = CARTESIAN_POINT ( 'NONE',  ( -2.500054170041960067, 0.8985745971882279637, 1.944948958572229936 ) ) ;
#8793 = ORIENTED_EDGE ( 'NONE', *, *, #4497, .T. ) ;
#8794 = CARTESIAN_POINT ( 'NONE',  ( -4.760047758116164651, 2.217775750363704557, 23.60000000000000497 ) ) ;
#8795 = CARTESIAN_POINT ( 'NONE',  ( 2.672499999999999876, -1.186002076672067140, 0.1698237983775840176 ) ) ;
#8796 = PRESENTATION_LAYER_ASSIGNMENT (  '', '', ( #5797 ) ) ;
#8797 = CARTESIAN_POINT ( 'NONE',  ( 1.951774986369006148, -5.438419344948060008, 19.79999999999999716 ) ) ;
#8798 = CARTESIAN_POINT ( 'NONE',  ( -2.140484332542559986, -1.566195939707290208, 4.062213304289150173 ) ) ;
#8799 = CARTESIAN_POINT ( 'NONE',  ( -1.385918756458283552, 4.160889262732010430, 2.969165229559819874 ) ) ;
#8800 = SURFACE_STYLE_FILL_AREA ( #2729 ) ;
#8801 = ORIENTED_EDGE ( 'NONE', *, *, #6081, .T. ) ;
#8802 = UNCERTAINTY_MEASURE_WITH_UNIT (LENGTH_MEASURE( 1.000000000000000082E-05 ), #5719, 'distance_accuracy_value', 'NONE');
#8803 = CARTESIAN_POINT ( 'NONE',  ( -2.038413162169670390, -1.124881049282486556, 0.5755792696285896293 ) ) ;
#8804 = CARTESIAN_POINT ( 'NONE',  ( 2.625310906886357376, 0.000000000000000000, 0.7000000000000029532 ) ) ;
#8805 = FILL_AREA_STYLE ('',( #3289 ) ) ;
#8806 = UNCERTAINTY_MEASURE_WITH_UNIT (LENGTH_MEASURE( 1.000000000000000082E-05 ), #1954, 'distance_accuracy_value', 'NONE');
#8807 = CARTESIAN_POINT ( 'NONE',  ( 0.8842135098117170910, 2.598098650969689949, 0.7666085965705949912 ) ) ;
#8808 = EDGE_LOOP ( 'NONE', ( #2086, #4745 ) ) ;
#8809 = CARTESIAN_POINT ( 'NONE',  ( -4.941626806975979669, -1.773334280989108391, 23.60000000000000853 ) ) ;
#8810 = CARTESIAN_POINT ( 'NONE',  ( 0.9865990537412021588, 1.972015892948990157, 3.462539920190049969 ) ) ;
#8811 = STYLED_ITEM ( 'NONE', ( #1720 ), #8458 ) ;
#8812 =( NAMED_UNIT ( * ) PLANE_ANGLE_UNIT ( ) SI_UNIT ( $, .RADIAN. ) );
#8813 = CARTESIAN_POINT ( 'NONE',  ( 3.199999999999999734, -7.837739514543060920E-16, 2.979520568619146825 ) ) ;
#8814 = CARTESIAN_POINT ( 'NONE',  ( 2.678350000000000453, -1.169999999999999929, 0.1648747531013670109 ) ) ;
#8815 = CARTESIAN_POINT ( 'NONE',  ( 2.342768637549339950, 1.169999999999999929, 3.047411449360339919 ) ) ;
#8816 = NEXT_ASSEMBLY_USAGE_OCCURRENCE ( 'NAUO1', ' ', ' ', #1210, #8311, $ ) ;
#8817 = NEXT_ASSEMBLY_USAGE_OCCURRENCE ( 'NAUO2', ' ', ' ', #1210, #4654, $ ) ;
ENDSEC;
END-ISO-10303-21;
