ISO-10303-21;
HEADER;
/* Generated by software containing ST-Developer
 * from STEP Tools, Inc. (www.steptools.com) 
 */
/* OPTION: using custom renumber hook */

FILE_DESCRIPTION(
/* description */ ('STEP AP203'),
/* implementation_level */ '2;1');

FILE_NAME(
/* name */ 'CJS-1200B',
/* time_stamp */ '2026-05-02T02:11:29+02:00',
/* author */ ('License CC BY-ND 4.0'),
/* organization */ ('CADENAS'),
/* preprocessor_version */ 'ST-DEVELOPER v20',
/* originating_system */ 'PARTsolutions',
/* authorisation */ '  ');

FILE_SCHEMA (('CONFIG_CONTROL_DESIGN'));
ENDSEC;

DATA;
#10=PROPERTY_DEFINITION_REPRESENTATION(#14,#12);
#11=PROPERTY_DEFINITION_REPRESENTATION(#15,#13);
#12=REPRESENTATION('',(#16),#2881);
#13=REPRESENTATION('',(#17),#2881);
#14=PROPERTY_DEFINITION('pmi validation property','',#2890);
#15=PROPERTY_DEFINITION('pmi validation property','',#2890);
#16=VALUE_REPRESENTATION_ITEM('number of annotations',COUNT_MEASURE(0.));
#17=VALUE_REPRESENTATION_ITEM('number of views',COUNT_MEASURE(0.));
#18=ELLIPSE('',#1881,0.14142135623731,0.1);
#19=ELLIPSE('',#1882,0.141421356237309,0.0999999999999999);
#20=ELLIPSE('',#1883,0.141421356237309,0.1);
#21=ELLIPSE('',#1884,0.141421356237309,0.0999999999999998);
#22=ELLIPSE('',#1891,0.141421356237309,0.0999999999999999);
#23=ELLIPSE('',#1892,0.141421356237309,0.1);
#24=ELLIPSE('',#1893,0.141421356237309,0.0999999999999998);
#25=ELLIPSE('',#1894,0.141421356237309,0.0999999999999999);
#26=ELLIPSE('',#1896,0.141421356237309,0.1);
#27=ELLIPSE('',#1897,0.14142135623731,0.1);
#28=ELLIPSE('',#1899,0.141421356237309,0.0999999999999998);
#29=ELLIPSE('',#1900,0.141421356237309,0.0999999999999999);
#30=CONTEXT_DEPENDENT_SHAPE_REPRESENTATION(#34,#2892);
#31=CONTEXT_DEPENDENT_SHAPE_REPRESENTATION(#35,#2894);
#32=NEXT_ASSEMBLY_USAGE_OCCURRENCE('NAUO1','CJS_c_12','CJS_c_12',#2895,
#2896,'');
#33=NEXT_ASSEMBLY_USAGE_OCCURRENCE('NAUO2','CJS Slider_s',
'CJS Slider_s',#2895,#2897,'');
#34=(
REPRESENTATION_RELATIONSHIP(' ',' ',#1775,#1774)
REPRESENTATION_RELATIONSHIP_WITH_TRANSFORMATION(#36)
SHAPE_REPRESENTATION_RELATIONSHIP()
);
#35=(
REPRESENTATION_RELATIONSHIP(' ',' ',#1776,#1774)
REPRESENTATION_RELATIONSHIP_WITH_TRANSFORMATION(#37)
SHAPE_REPRESENTATION_RELATIONSHIP()
);
#36=ITEM_DEFINED_TRANSFORMATION(' ',' ',#1777,#1874);
#37=ITEM_DEFINED_TRANSFORMATION(' ',' ',#1777,#1905);
#38=SHAPE_REPRESENTATION_RELATIONSHIP('','',#1775,#40);
#39=SHAPE_REPRESENTATION_RELATIONSHIP('','',#1776,#41);
#40=ADVANCED_BREP_SHAPE_REPRESENTATION('',(#1769),#2882);
#41=ADVANCED_BREP_SHAPE_REPRESENTATION('',(#1770),#2883);
#42=CIRCLE('',#1830,0.25);
#43=CIRCLE('',#1831,0.25);
#44=CIRCLE('',#1834,0.16);
#45=CIRCLE('',#1835,0.16);
#46=CIRCLE('',#1838,0.1);
#47=CIRCLE('',#1839,0.1);
#48=CIRCLE('',#1846,0.25);
#49=CIRCLE('',#1847,0.25);
#50=CIRCLE('',#1850,0.16);
#51=CIRCLE('',#1851,0.16);
#52=CIRCLE('',#1854,0.1);
#53=CIRCLE('',#1855,0.1);
#54=CIRCLE('',#1860,0.16);
#55=CIRCLE('',#1861,0.16);
#56=CIRCLE('',#1863,0.25);
#57=CIRCLE('',#1864,0.100000000000001);
#58=CIRCLE('',#1866,0.100000000000001);
#59=CIRCLE('',#1867,0.25);
#60=CIRCLE('',#1886,0.0999999999999999);
#61=CIRCLE('',#1887,0.1);
#62=CIRCLE('',#1888,0.0999999999999999);
#63=CIRCLE('',#1889,0.1);
#64=CYLINDRICAL_SURFACE('',#1829,0.25);
#65=CYLINDRICAL_SURFACE('',#1833,0.16);
#66=CYLINDRICAL_SURFACE('',#1837,0.1);
#67=CYLINDRICAL_SURFACE('',#1845,0.25);
#68=CYLINDRICAL_SURFACE('',#1849,0.16);
#69=CYLINDRICAL_SURFACE('',#1853,0.1);
#70=CYLINDRICAL_SURFACE('',#1859,0.16);
#71=CYLINDRICAL_SURFACE('',#1868,0.25);
#72=CYLINDRICAL_SURFACE('',#1872,0.100000000000001);
#73=CYLINDRICAL_SURFACE('',#1880,0.0999999999999999);
#74=CYLINDRICAL_SURFACE('',#1890,0.0999999999999998);
#75=CYLINDRICAL_SURFACE('',#1895,0.1);
#76=CYLINDRICAL_SURFACE('',#1898,0.0999999999999997);
#77=CYLINDRICAL_SURFACE('',#1901,0.1);
#78=CYLINDRICAL_SURFACE('',#1902,0.0999999999999999);
#79=CYLINDRICAL_SURFACE('',#1903,0.1);
#80=CYLINDRICAL_SURFACE('',#1904,0.0999999999999999);
#81=ORIENTED_EDGE('',*,*,#575,.F.);
#82=ORIENTED_EDGE('',*,*,#576,.T.);
#83=ORIENTED_EDGE('',*,*,#577,.F.);
#84=ORIENTED_EDGE('',*,*,#578,.F.);
#85=ORIENTED_EDGE('',*,*,#579,.F.);
#86=ORIENTED_EDGE('',*,*,#580,.F.);
#87=ORIENTED_EDGE('',*,*,#581,.T.);
#88=ORIENTED_EDGE('',*,*,#582,.F.);
#89=ORIENTED_EDGE('',*,*,#583,.F.);
#90=ORIENTED_EDGE('',*,*,#584,.F.);
#91=ORIENTED_EDGE('',*,*,#585,.F.);
#92=ORIENTED_EDGE('',*,*,#586,.T.);
#93=ORIENTED_EDGE('',*,*,#587,.T.);
#94=ORIENTED_EDGE('',*,*,#588,.F.);
#95=ORIENTED_EDGE('',*,*,#589,.F.);
#96=ORIENTED_EDGE('',*,*,#590,.F.);
#97=ORIENTED_EDGE('',*,*,#591,.T.);
#98=ORIENTED_EDGE('',*,*,#592,.T.);
#99=ORIENTED_EDGE('',*,*,#593,.T.);
#100=ORIENTED_EDGE('',*,*,#594,.T.);
#101=ORIENTED_EDGE('',*,*,#581,.F.);
#102=ORIENTED_EDGE('',*,*,#595,.F.);
#103=ORIENTED_EDGE('',*,*,#587,.F.);
#104=ORIENTED_EDGE('',*,*,#596,.T.);
#105=ORIENTED_EDGE('',*,*,#593,.F.);
#106=ORIENTED_EDGE('',*,*,#597,.T.);
#107=ORIENTED_EDGE('',*,*,#598,.T.);
#108=ORIENTED_EDGE('',*,*,#599,.T.);
#109=ORIENTED_EDGE('',*,*,#598,.F.);
#110=ORIENTED_EDGE('',*,*,#600,.T.);
#111=ORIENTED_EDGE('',*,*,#601,.T.);
#112=ORIENTED_EDGE('',*,*,#602,.T.);
#113=ORIENTED_EDGE('',*,*,#601,.F.);
#114=ORIENTED_EDGE('',*,*,#603,.T.);
#115=ORIENTED_EDGE('',*,*,#604,.T.);
#116=ORIENTED_EDGE('',*,*,#605,.T.);
#117=ORIENTED_EDGE('',*,*,#585,.T.);
#118=ORIENTED_EDGE('',*,*,#606,.F.);
#119=ORIENTED_EDGE('',*,*,#583,.T.);
#120=ORIENTED_EDGE('',*,*,#607,.T.);
#121=ORIENTED_EDGE('',*,*,#604,.F.);
#122=ORIENTED_EDGE('',*,*,#608,.T.);
#123=ORIENTED_EDGE('',*,*,#609,.T.);
#124=ORIENTED_EDGE('',*,*,#610,.T.);
#125=ORIENTED_EDGE('',*,*,#611,.F.);
#126=ORIENTED_EDGE('',*,*,#578,.T.);
#127=ORIENTED_EDGE('',*,*,#612,.T.);
#128=ORIENTED_EDGE('',*,*,#613,.F.);
#129=ORIENTED_EDGE('',*,*,#614,.F.);
#130=ORIENTED_EDGE('',*,*,#615,.T.);
#131=ORIENTED_EDGE('',*,*,#616,.F.);
#132=ORIENTED_EDGE('',*,*,#617,.F.);
#133=ORIENTED_EDGE('',*,*,#618,.F.);
#134=ORIENTED_EDGE('',*,*,#619,.T.);
#135=ORIENTED_EDGE('',*,*,#620,.T.);
#136=ORIENTED_EDGE('',*,*,#621,.F.);
#137=ORIENTED_EDGE('',*,*,#622,.F.);
#138=ORIENTED_EDGE('',*,*,#623,.T.);
#139=ORIENTED_EDGE('',*,*,#624,.T.);
#140=ORIENTED_EDGE('',*,*,#625,.F.);
#141=ORIENTED_EDGE('',*,*,#626,.F.);
#142=ORIENTED_EDGE('',*,*,#627,.T.);
#143=ORIENTED_EDGE('',*,*,#609,.F.);
#144=ORIENTED_EDGE('',*,*,#628,.F.);
#145=ORIENTED_EDGE('',*,*,#629,.F.);
#146=ORIENTED_EDGE('',*,*,#576,.F.);
#147=ORIENTED_EDGE('',*,*,#630,.F.);
#148=ORIENTED_EDGE('',*,*,#631,.F.);
#149=ORIENTED_EDGE('',*,*,#632,.T.);
#150=ORIENTED_EDGE('',*,*,#592,.F.);
#151=ORIENTED_EDGE('',*,*,#633,.F.);
#152=ORIENTED_EDGE('',*,*,#634,.T.);
#153=ORIENTED_EDGE('',*,*,#618,.T.);
#154=ORIENTED_EDGE('',*,*,#591,.F.);
#155=ORIENTED_EDGE('',*,*,#635,.T.);
#156=ORIENTED_EDGE('',*,*,#636,.F.);
#157=ORIENTED_EDGE('',*,*,#637,.F.);
#158=ORIENTED_EDGE('',*,*,#638,.T.);
#159=ORIENTED_EDGE('',*,*,#639,.T.);
#160=ORIENTED_EDGE('',*,*,#640,.T.);
#161=ORIENTED_EDGE('',*,*,#641,.F.);
#162=ORIENTED_EDGE('',*,*,#642,.T.);
#163=ORIENTED_EDGE('',*,*,#643,.T.);
#164=ORIENTED_EDGE('',*,*,#644,.T.);
#165=ORIENTED_EDGE('',*,*,#645,.F.);
#166=ORIENTED_EDGE('',*,*,#633,.T.);
#167=ORIENTED_EDGE('',*,*,#646,.F.);
#168=ORIENTED_EDGE('',*,*,#647,.T.);
#169=ORIENTED_EDGE('',*,*,#589,.T.);
#170=ORIENTED_EDGE('',*,*,#648,.F.);
#171=ORIENTED_EDGE('',*,*,#649,.F.);
#172=ORIENTED_EDGE('',*,*,#650,.T.);
#173=ORIENTED_EDGE('',*,*,#579,.T.);
#174=ORIENTED_EDGE('',*,*,#611,.T.);
#175=ORIENTED_EDGE('',*,*,#651,.F.);
#176=ORIENTED_EDGE('',*,*,#652,.T.);
#177=ORIENTED_EDGE('',*,*,#653,.T.);
#178=ORIENTED_EDGE('',*,*,#654,.F.);
#179=ORIENTED_EDGE('',*,*,#655,.F.);
#180=ORIENTED_EDGE('',*,*,#656,.T.);
#181=ORIENTED_EDGE('',*,*,#657,.T.);
#182=ORIENTED_EDGE('',*,*,#658,.F.);
#183=ORIENTED_EDGE('',*,*,#625,.T.);
#184=ORIENTED_EDGE('',*,*,#659,.T.);
#185=ORIENTED_EDGE('',*,*,#660,.T.);
#186=ORIENTED_EDGE('',*,*,#661,.T.);
#187=ORIENTED_EDGE('',*,*,#621,.T.);
#188=ORIENTED_EDGE('',*,*,#662,.T.);
#189=ORIENTED_EDGE('',*,*,#663,.T.);
#190=ORIENTED_EDGE('',*,*,#664,.T.);
#191=ORIENTED_EDGE('',*,*,#665,.T.);
#192=ORIENTED_EDGE('',*,*,#666,.T.);
#193=ORIENTED_EDGE('',*,*,#657,.F.);
#194=ORIENTED_EDGE('',*,*,#667,.T.);
#195=ORIENTED_EDGE('',*,*,#668,.T.);
#196=ORIENTED_EDGE('',*,*,#669,.T.);
#197=ORIENTED_EDGE('',*,*,#653,.F.);
#198=ORIENTED_EDGE('',*,*,#670,.T.);
#199=ORIENTED_EDGE('',*,*,#671,.T.);
#200=ORIENTED_EDGE('',*,*,#672,.T.);
#201=ORIENTED_EDGE('',*,*,#673,.T.);
#202=ORIENTED_EDGE('',*,*,#674,.T.);
#203=ORIENTED_EDGE('',*,*,#590,.T.);
#204=ORIENTED_EDGE('',*,*,#647,.F.);
#205=ORIENTED_EDGE('',*,*,#675,.F.);
#206=ORIENTED_EDGE('',*,*,#635,.F.);
#207=ORIENTED_EDGE('',*,*,#675,.T.);
#208=ORIENTED_EDGE('',*,*,#646,.T.);
#209=ORIENTED_EDGE('',*,*,#636,.T.);
#210=ORIENTED_EDGE('',*,*,#577,.T.);
#211=ORIENTED_EDGE('',*,*,#629,.T.);
#212=ORIENTED_EDGE('',*,*,#676,.F.);
#213=ORIENTED_EDGE('',*,*,#612,.F.);
#214=ORIENTED_EDGE('',*,*,#613,.T.);
#215=ORIENTED_EDGE('',*,*,#676,.T.);
#216=ORIENTED_EDGE('',*,*,#628,.T.);
#217=ORIENTED_EDGE('',*,*,#677,.F.);
#218=ORIENTED_EDGE('',*,*,#678,.F.);
#219=ORIENTED_EDGE('',*,*,#626,.T.);
#220=ORIENTED_EDGE('',*,*,#674,.F.);
#221=ORIENTED_EDGE('',*,*,#679,.F.);
#222=ORIENTED_EDGE('',*,*,#680,.F.);
#223=ORIENTED_EDGE('',*,*,#677,.T.);
#224=ORIENTED_EDGE('',*,*,#673,.F.);
#225=ORIENTED_EDGE('',*,*,#681,.F.);
#226=ORIENTED_EDGE('',*,*,#682,.F.);
#227=ORIENTED_EDGE('',*,*,#683,.T.);
#228=ORIENTED_EDGE('',*,*,#671,.F.);
#229=ORIENTED_EDGE('',*,*,#652,.F.);
#230=ORIENTED_EDGE('',*,*,#684,.F.);
#231=ORIENTED_EDGE('',*,*,#681,.T.);
#232=ORIENTED_EDGE('',*,*,#670,.F.);
#233=ORIENTED_EDGE('',*,*,#683,.F.);
#234=ORIENTED_EDGE('',*,*,#685,.F.);
#235=ORIENTED_EDGE('',*,*,#679,.T.);
#236=ORIENTED_EDGE('',*,*,#672,.F.);
#237=ORIENTED_EDGE('',*,*,#678,.T.);
#238=ORIENTED_EDGE('',*,*,#680,.T.);
#239=ORIENTED_EDGE('',*,*,#685,.T.);
#240=ORIENTED_EDGE('',*,*,#682,.T.);
#241=ORIENTED_EDGE('',*,*,#684,.T.);
#242=ORIENTED_EDGE('',*,*,#651,.T.);
#243=ORIENTED_EDGE('',*,*,#610,.F.);
#244=ORIENTED_EDGE('',*,*,#627,.F.);
#245=ORIENTED_EDGE('',*,*,#686,.F.);
#246=ORIENTED_EDGE('',*,*,#687,.F.);
#247=ORIENTED_EDGE('',*,*,#654,.T.);
#248=ORIENTED_EDGE('',*,*,#669,.F.);
#249=ORIENTED_EDGE('',*,*,#688,.F.);
#250=ORIENTED_EDGE('',*,*,#689,.F.);
#251=ORIENTED_EDGE('',*,*,#686,.T.);
#252=ORIENTED_EDGE('',*,*,#668,.F.);
#253=ORIENTED_EDGE('',*,*,#656,.F.);
#254=ORIENTED_EDGE('',*,*,#690,.F.);
#255=ORIENTED_EDGE('',*,*,#688,.T.);
#256=ORIENTED_EDGE('',*,*,#667,.F.);
#257=ORIENTED_EDGE('',*,*,#655,.T.);
#258=ORIENTED_EDGE('',*,*,#687,.T.);
#259=ORIENTED_EDGE('',*,*,#689,.T.);
#260=ORIENTED_EDGE('',*,*,#690,.T.);
#261=ORIENTED_EDGE('',*,*,#691,.F.);
#262=ORIENTED_EDGE('',*,*,#692,.F.);
#263=ORIENTED_EDGE('',*,*,#658,.T.);
#264=ORIENTED_EDGE('',*,*,#666,.F.);
#265=ORIENTED_EDGE('',*,*,#693,.F.);
#266=ORIENTED_EDGE('',*,*,#694,.F.);
#267=ORIENTED_EDGE('',*,*,#691,.T.);
#268=ORIENTED_EDGE('',*,*,#665,.F.);
#269=ORIENTED_EDGE('',*,*,#695,.F.);
#270=ORIENTED_EDGE('',*,*,#696,.F.);
#271=ORIENTED_EDGE('',*,*,#693,.T.);
#272=ORIENTED_EDGE('',*,*,#664,.F.);
#273=ORIENTED_EDGE('',*,*,#697,.F.);
#274=ORIENTED_EDGE('',*,*,#698,.F.);
#275=ORIENTED_EDGE('',*,*,#695,.T.);
#276=ORIENTED_EDGE('',*,*,#663,.F.);
#277=ORIENTED_EDGE('',*,*,#620,.F.);
#278=ORIENTED_EDGE('',*,*,#699,.F.);
#279=ORIENTED_EDGE('',*,*,#697,.T.);
#280=ORIENTED_EDGE('',*,*,#662,.F.);
#281=ORIENTED_EDGE('',*,*,#634,.F.);
#282=ORIENTED_EDGE('',*,*,#645,.T.);
#283=ORIENTED_EDGE('',*,*,#692,.T.);
#284=ORIENTED_EDGE('',*,*,#694,.T.);
#285=ORIENTED_EDGE('',*,*,#696,.T.);
#286=ORIENTED_EDGE('',*,*,#698,.T.);
#287=ORIENTED_EDGE('',*,*,#699,.T.);
#288=ORIENTED_EDGE('',*,*,#619,.F.);
#289=ORIENTED_EDGE('',*,*,#700,.T.);
#290=ORIENTED_EDGE('',*,*,#701,.T.);
#291=ORIENTED_EDGE('',*,*,#702,.T.);
#292=ORIENTED_EDGE('',*,*,#623,.F.);
#293=ORIENTED_EDGE('',*,*,#624,.F.);
#294=ORIENTED_EDGE('',*,*,#702,.F.);
#295=ORIENTED_EDGE('',*,*,#703,.T.);
#296=ORIENTED_EDGE('',*,*,#659,.F.);
#297=ORIENTED_EDGE('',*,*,#703,.F.);
#298=ORIENTED_EDGE('',*,*,#701,.F.);
#299=ORIENTED_EDGE('',*,*,#704,.T.);
#300=ORIENTED_EDGE('',*,*,#660,.F.);
#301=ORIENTED_EDGE('',*,*,#704,.F.);
#302=ORIENTED_EDGE('',*,*,#700,.F.);
#303=ORIENTED_EDGE('',*,*,#622,.T.);
#304=ORIENTED_EDGE('',*,*,#661,.F.);
#305=ORIENTED_EDGE('',*,*,#596,.F.);
#306=ORIENTED_EDGE('',*,*,#586,.F.);
#307=ORIENTED_EDGE('',*,*,#608,.F.);
#308=ORIENTED_EDGE('',*,*,#705,.F.);
#309=ORIENTED_EDGE('',*,*,#597,.F.);
#310=ORIENTED_EDGE('',*,*,#705,.T.);
#311=ORIENTED_EDGE('',*,*,#603,.F.);
#312=ORIENTED_EDGE('',*,*,#600,.F.);
#313=ORIENTED_EDGE('',*,*,#594,.F.);
#314=ORIENTED_EDGE('',*,*,#706,.T.);
#315=ORIENTED_EDGE('',*,*,#607,.F.);
#316=ORIENTED_EDGE('',*,*,#582,.T.);
#317=ORIENTED_EDGE('',*,*,#599,.F.);
#318=ORIENTED_EDGE('',*,*,#602,.F.);
#319=ORIENTED_EDGE('',*,*,#605,.F.);
#320=ORIENTED_EDGE('',*,*,#706,.F.);
#321=ORIENTED_EDGE('',*,*,#595,.T.);
#322=ORIENTED_EDGE('',*,*,#707,.F.);
#323=ORIENTED_EDGE('',*,*,#708,.F.);
#324=ORIENTED_EDGE('',*,*,#709,.T.);
#325=ORIENTED_EDGE('',*,*,#580,.T.);
#326=ORIENTED_EDGE('',*,*,#650,.F.);
#327=ORIENTED_EDGE('',*,*,#710,.F.);
#328=ORIENTED_EDGE('',*,*,#707,.T.);
#329=ORIENTED_EDGE('',*,*,#588,.T.);
#330=ORIENTED_EDGE('',*,*,#709,.F.);
#331=ORIENTED_EDGE('',*,*,#711,.F.);
#332=ORIENTED_EDGE('',*,*,#648,.T.);
#333=ORIENTED_EDGE('',*,*,#708,.T.);
#334=ORIENTED_EDGE('',*,*,#710,.T.);
#335=ORIENTED_EDGE('',*,*,#649,.T.);
#336=ORIENTED_EDGE('',*,*,#711,.T.);
#337=ORIENTED_EDGE('',*,*,#575,.T.);
#338=ORIENTED_EDGE('',*,*,#712,.F.);
#339=ORIENTED_EDGE('',*,*,#713,.F.);
#340=ORIENTED_EDGE('',*,*,#630,.T.);
#341=ORIENTED_EDGE('',*,*,#606,.T.);
#342=ORIENTED_EDGE('',*,*,#714,.F.);
#343=ORIENTED_EDGE('',*,*,#715,.F.);
#344=ORIENTED_EDGE('',*,*,#712,.T.);
#345=ORIENTED_EDGE('',*,*,#584,.T.);
#346=ORIENTED_EDGE('',*,*,#632,.F.);
#347=ORIENTED_EDGE('',*,*,#716,.F.);
#348=ORIENTED_EDGE('',*,*,#714,.T.);
#349=ORIENTED_EDGE('',*,*,#713,.T.);
#350=ORIENTED_EDGE('',*,*,#715,.T.);
#351=ORIENTED_EDGE('',*,*,#716,.T.);
#352=ORIENTED_EDGE('',*,*,#631,.T.);
#353=ORIENTED_EDGE('',*,*,#717,.T.);
#354=ORIENTED_EDGE('',*,*,#718,.F.);
#355=ORIENTED_EDGE('',*,*,#719,.F.);
#356=ORIENTED_EDGE('',*,*,#720,.T.);
#357=ORIENTED_EDGE('',*,*,#721,.T.);
#358=ORIENTED_EDGE('',*,*,#722,.F.);
#359=ORIENTED_EDGE('',*,*,#723,.F.);
#360=ORIENTED_EDGE('',*,*,#718,.T.);
#361=ORIENTED_EDGE('',*,*,#724,.T.);
#362=ORIENTED_EDGE('',*,*,#725,.F.);
#363=ORIENTED_EDGE('',*,*,#726,.F.);
#364=ORIENTED_EDGE('',*,*,#722,.T.);
#365=ORIENTED_EDGE('',*,*,#727,.T.);
#366=ORIENTED_EDGE('',*,*,#728,.F.);
#367=ORIENTED_EDGE('',*,*,#729,.F.);
#368=ORIENTED_EDGE('',*,*,#725,.T.);
#369=ORIENTED_EDGE('',*,*,#642,.F.);
#370=ORIENTED_EDGE('',*,*,#730,.F.);
#371=ORIENTED_EDGE('',*,*,#728,.T.);
#372=ORIENTED_EDGE('',*,*,#731,.T.);
#373=ORIENTED_EDGE('',*,*,#644,.F.);
#374=ORIENTED_EDGE('',*,*,#732,.T.);
#375=ORIENTED_EDGE('',*,*,#733,.F.);
#376=ORIENTED_EDGE('',*,*,#734,.F.);
#377=ORIENTED_EDGE('',*,*,#735,.T.);
#378=ORIENTED_EDGE('',*,*,#736,.F.);
#379=ORIENTED_EDGE('',*,*,#737,.F.);
#380=ORIENTED_EDGE('',*,*,#733,.T.);
#381=ORIENTED_EDGE('',*,*,#738,.F.);
#382=ORIENTED_EDGE('',*,*,#720,.F.);
#383=ORIENTED_EDGE('',*,*,#739,.T.);
#384=ORIENTED_EDGE('',*,*,#736,.T.);
#385=ORIENTED_EDGE('',*,*,#730,.T.);
#386=ORIENTED_EDGE('',*,*,#641,.T.);
#387=ORIENTED_EDGE('',*,*,#734,.T.);
#388=ORIENTED_EDGE('',*,*,#737,.T.);
#389=ORIENTED_EDGE('',*,*,#739,.F.);
#390=ORIENTED_EDGE('',*,*,#719,.T.);
#391=ORIENTED_EDGE('',*,*,#723,.T.);
#392=ORIENTED_EDGE('',*,*,#726,.T.);
#393=ORIENTED_EDGE('',*,*,#729,.T.);
#394=ORIENTED_EDGE('',*,*,#643,.F.);
#395=ORIENTED_EDGE('',*,*,#731,.F.);
#396=ORIENTED_EDGE('',*,*,#727,.F.);
#397=ORIENTED_EDGE('',*,*,#724,.F.);
#398=ORIENTED_EDGE('',*,*,#721,.F.);
#399=ORIENTED_EDGE('',*,*,#717,.F.);
#400=ORIENTED_EDGE('',*,*,#738,.T.);
#401=ORIENTED_EDGE('',*,*,#735,.F.);
#402=ORIENTED_EDGE('',*,*,#732,.F.);
#403=ORIENTED_EDGE('',*,*,#740,.T.);
#404=ORIENTED_EDGE('',*,*,#741,.F.);
#405=ORIENTED_EDGE('',*,*,#742,.F.);
#406=ORIENTED_EDGE('',*,*,#743,.T.);
#407=ORIENTED_EDGE('',*,*,#744,.T.);
#408=ORIENTED_EDGE('',*,*,#745,.F.);
#409=ORIENTED_EDGE('',*,*,#746,.F.);
#410=ORIENTED_EDGE('',*,*,#741,.T.);
#411=ORIENTED_EDGE('',*,*,#747,.T.);
#412=ORIENTED_EDGE('',*,*,#748,.F.);
#413=ORIENTED_EDGE('',*,*,#749,.F.);
#414=ORIENTED_EDGE('',*,*,#745,.T.);
#415=ORIENTED_EDGE('',*,*,#750,.T.);
#416=ORIENTED_EDGE('',*,*,#751,.F.);
#417=ORIENTED_EDGE('',*,*,#752,.F.);
#418=ORIENTED_EDGE('',*,*,#748,.T.);
#419=ORIENTED_EDGE('',*,*,#638,.F.);
#420=ORIENTED_EDGE('',*,*,#753,.F.);
#421=ORIENTED_EDGE('',*,*,#751,.T.);
#422=ORIENTED_EDGE('',*,*,#754,.T.);
#423=ORIENTED_EDGE('',*,*,#640,.F.);
#424=ORIENTED_EDGE('',*,*,#755,.T.);
#425=ORIENTED_EDGE('',*,*,#756,.F.);
#426=ORIENTED_EDGE('',*,*,#757,.F.);
#427=ORIENTED_EDGE('',*,*,#758,.T.);
#428=ORIENTED_EDGE('',*,*,#759,.F.);
#429=ORIENTED_EDGE('',*,*,#760,.F.);
#430=ORIENTED_EDGE('',*,*,#756,.T.);
#431=ORIENTED_EDGE('',*,*,#761,.F.);
#432=ORIENTED_EDGE('',*,*,#743,.F.);
#433=ORIENTED_EDGE('',*,*,#762,.T.);
#434=ORIENTED_EDGE('',*,*,#759,.T.);
#435=ORIENTED_EDGE('',*,*,#753,.T.);
#436=ORIENTED_EDGE('',*,*,#637,.T.);
#437=ORIENTED_EDGE('',*,*,#757,.T.);
#438=ORIENTED_EDGE('',*,*,#760,.T.);
#439=ORIENTED_EDGE('',*,*,#762,.F.);
#440=ORIENTED_EDGE('',*,*,#742,.T.);
#441=ORIENTED_EDGE('',*,*,#746,.T.);
#442=ORIENTED_EDGE('',*,*,#749,.T.);
#443=ORIENTED_EDGE('',*,*,#752,.T.);
#444=ORIENTED_EDGE('',*,*,#639,.F.);
#445=ORIENTED_EDGE('',*,*,#754,.F.);
#446=ORIENTED_EDGE('',*,*,#750,.F.);
#447=ORIENTED_EDGE('',*,*,#747,.F.);
#448=ORIENTED_EDGE('',*,*,#744,.F.);
#449=ORIENTED_EDGE('',*,*,#740,.F.);
#450=ORIENTED_EDGE('',*,*,#761,.T.);
#451=ORIENTED_EDGE('',*,*,#758,.F.);
#452=ORIENTED_EDGE('',*,*,#755,.F.);
#453=ORIENTED_EDGE('',*,*,#763,.F.);
#454=ORIENTED_EDGE('',*,*,#614,.T.);
#455=ORIENTED_EDGE('',*,*,#764,.T.);
#456=ORIENTED_EDGE('',*,*,#765,.F.);
#457=ORIENTED_EDGE('',*,*,#766,.T.);
#458=ORIENTED_EDGE('',*,*,#616,.T.);
#459=ORIENTED_EDGE('',*,*,#767,.F.);
#460=ORIENTED_EDGE('',*,*,#768,.T.);
#461=ORIENTED_EDGE('',*,*,#615,.F.);
#462=ORIENTED_EDGE('',*,*,#763,.T.);
#463=ORIENTED_EDGE('',*,*,#769,.T.);
#464=ORIENTED_EDGE('',*,*,#770,.T.);
#465=ORIENTED_EDGE('',*,*,#771,.T.);
#466=ORIENTED_EDGE('',*,*,#772,.T.);
#467=ORIENTED_EDGE('',*,*,#773,.F.);
#468=ORIENTED_EDGE('',*,*,#774,.T.);
#469=ORIENTED_EDGE('',*,*,#767,.T.);
#470=ORIENTED_EDGE('',*,*,#764,.F.);
#471=ORIENTED_EDGE('',*,*,#617,.T.);
#472=ORIENTED_EDGE('',*,*,#766,.F.);
#473=ORIENTED_EDGE('',*,*,#775,.F.);
#474=ORIENTED_EDGE('',*,*,#776,.T.);
#475=ORIENTED_EDGE('',*,*,#777,.F.);
#476=ORIENTED_EDGE('',*,*,#778,.F.);
#477=ORIENTED_EDGE('',*,*,#779,.F.);
#478=ORIENTED_EDGE('',*,*,#780,.F.);
#479=ORIENTED_EDGE('',*,*,#780,.T.);
#480=ORIENTED_EDGE('',*,*,#781,.F.);
#481=ORIENTED_EDGE('',*,*,#769,.F.);
#482=ORIENTED_EDGE('',*,*,#765,.T.);
#483=ORIENTED_EDGE('',*,*,#779,.T.);
#484=ORIENTED_EDGE('',*,*,#782,.F.);
#485=ORIENTED_EDGE('',*,*,#770,.F.);
#486=ORIENTED_EDGE('',*,*,#781,.T.);
#487=ORIENTED_EDGE('',*,*,#778,.T.);
#488=ORIENTED_EDGE('',*,*,#783,.F.);
#489=ORIENTED_EDGE('',*,*,#771,.F.);
#490=ORIENTED_EDGE('',*,*,#782,.T.);
#491=ORIENTED_EDGE('',*,*,#777,.T.);
#492=ORIENTED_EDGE('',*,*,#784,.F.);
#493=ORIENTED_EDGE('',*,*,#772,.F.);
#494=ORIENTED_EDGE('',*,*,#783,.T.);
#495=ORIENTED_EDGE('',*,*,#776,.F.);
#496=ORIENTED_EDGE('',*,*,#785,.F.);
#497=ORIENTED_EDGE('',*,*,#773,.T.);
#498=ORIENTED_EDGE('',*,*,#784,.T.);
#499=ORIENTED_EDGE('',*,*,#775,.T.);
#500=ORIENTED_EDGE('',*,*,#768,.F.);
#501=ORIENTED_EDGE('',*,*,#774,.F.);
#502=ORIENTED_EDGE('',*,*,#785,.T.);
#503=ORIENTED_EDGE('',*,*,#786,.T.);
#504=ORIENTED_EDGE('',*,*,#787,.F.);
#505=ORIENTED_EDGE('',*,*,#788,.F.);
#506=ORIENTED_EDGE('',*,*,#789,.T.);
#507=ORIENTED_EDGE('',*,*,#790,.T.);
#508=ORIENTED_EDGE('',*,*,#791,.F.);
#509=ORIENTED_EDGE('',*,*,#792,.F.);
#510=ORIENTED_EDGE('',*,*,#793,.T.);
#511=ORIENTED_EDGE('',*,*,#794,.T.);
#512=ORIENTED_EDGE('',*,*,#795,.F.);
#513=ORIENTED_EDGE('',*,*,#796,.F.);
#514=ORIENTED_EDGE('',*,*,#797,.T.);
#515=ORIENTED_EDGE('',*,*,#798,.F.);
#516=ORIENTED_EDGE('',*,*,#799,.F.);
#517=ORIENTED_EDGE('',*,*,#800,.T.);
#518=ORIENTED_EDGE('',*,*,#801,.T.);
#519=ORIENTED_EDGE('',*,*,#802,.F.);
#520=ORIENTED_EDGE('',*,*,#803,.F.);
#521=ORIENTED_EDGE('',*,*,#804,.T.);
#522=ORIENTED_EDGE('',*,*,#805,.T.);
#523=ORIENTED_EDGE('',*,*,#806,.T.);
#524=ORIENTED_EDGE('',*,*,#807,.T.);
#525=ORIENTED_EDGE('',*,*,#789,.F.);
#526=ORIENTED_EDGE('',*,*,#808,.T.);
#527=ORIENTED_EDGE('',*,*,#809,.T.);
#528=ORIENTED_EDGE('',*,*,#802,.T.);
#529=ORIENTED_EDGE('',*,*,#787,.T.);
#530=ORIENTED_EDGE('',*,*,#810,.F.);
#531=ORIENTED_EDGE('',*,*,#798,.T.);
#532=ORIENTED_EDGE('',*,*,#811,.F.);
#533=ORIENTED_EDGE('',*,*,#790,.F.);
#534=ORIENTED_EDGE('',*,*,#812,.F.);
#535=ORIENTED_EDGE('',*,*,#794,.F.);
#536=ORIENTED_EDGE('',*,*,#813,.F.);
#537=ORIENTED_EDGE('',*,*,#792,.T.);
#538=ORIENTED_EDGE('',*,*,#814,.T.);
#539=ORIENTED_EDGE('',*,*,#815,.T.);
#540=ORIENTED_EDGE('',*,*,#804,.F.);
#541=ORIENTED_EDGE('',*,*,#816,.T.);
#542=ORIENTED_EDGE('',*,*,#817,.T.);
#543=ORIENTED_EDGE('',*,*,#800,.F.);
#544=ORIENTED_EDGE('',*,*,#818,.T.);
#545=ORIENTED_EDGE('',*,*,#806,.F.);
#546=ORIENTED_EDGE('',*,*,#805,.F.);
#547=ORIENTED_EDGE('',*,*,#815,.F.);
#548=ORIENTED_EDGE('',*,*,#819,.T.);
#549=ORIENTED_EDGE('',*,*,#796,.T.);
#550=ORIENTED_EDGE('',*,*,#820,.T.);
#551=ORIENTED_EDGE('',*,*,#816,.F.);
#552=ORIENTED_EDGE('',*,*,#803,.T.);
#553=ORIENTED_EDGE('',*,*,#809,.F.);
#554=ORIENTED_EDGE('',*,*,#821,.T.);
#555=ORIENTED_EDGE('',*,*,#788,.T.);
#556=ORIENTED_EDGE('',*,*,#813,.T.);
#557=ORIENTED_EDGE('',*,*,#797,.F.);
#558=ORIENTED_EDGE('',*,*,#821,.F.);
#559=ORIENTED_EDGE('',*,*,#808,.F.);
#560=ORIENTED_EDGE('',*,*,#820,.F.);
#561=ORIENTED_EDGE('',*,*,#795,.T.);
#562=ORIENTED_EDGE('',*,*,#812,.T.);
#563=ORIENTED_EDGE('',*,*,#793,.F.);
#564=ORIENTED_EDGE('',*,*,#817,.F.);
#565=ORIENTED_EDGE('',*,*,#791,.T.);
#566=ORIENTED_EDGE('',*,*,#811,.T.);
#567=ORIENTED_EDGE('',*,*,#801,.F.);
#568=ORIENTED_EDGE('',*,*,#819,.F.);
#569=ORIENTED_EDGE('',*,*,#814,.F.);
#570=ORIENTED_EDGE('',*,*,#818,.F.);
#571=ORIENTED_EDGE('',*,*,#799,.T.);
#572=ORIENTED_EDGE('',*,*,#810,.T.);
#573=ORIENTED_EDGE('',*,*,#786,.F.);
#574=ORIENTED_EDGE('',*,*,#807,.F.);
#575=EDGE_CURVE('',#822,#823,#984,.T.);
#576=EDGE_CURVE('',#822,#824,#985,.T.);
#577=EDGE_CURVE('',#825,#824,#986,.T.);
#578=EDGE_CURVE('',#826,#825,#987,.T.);
#579=EDGE_CURVE('',#827,#826,#988,.T.);
#580=EDGE_CURVE('',#828,#827,#989,.T.);
#581=EDGE_CURVE('',#828,#829,#990,.T.);
#582=EDGE_CURVE('',#830,#829,#991,.T.);
#583=EDGE_CURVE('',#823,#830,#992,.T.);
#584=EDGE_CURVE('',#831,#832,#993,.T.);
#585=EDGE_CURVE('',#833,#831,#994,.T.);
#586=EDGE_CURVE('',#833,#834,#995,.T.);
#587=EDGE_CURVE('',#834,#835,#996,.T.);
#588=EDGE_CURVE('',#836,#835,#997,.T.);
#589=EDGE_CURVE('',#837,#836,#998,.T.);
#590=EDGE_CURVE('',#838,#837,#999,.T.);
#591=EDGE_CURVE('',#838,#839,#1000,.T.);
#592=EDGE_CURVE('',#839,#832,#1001,.T.);
#593=EDGE_CURVE('',#840,#841,#1002,.T.);
#594=EDGE_CURVE('',#841,#829,#1003,.T.);
#595=EDGE_CURVE('',#835,#828,#1004,.T.);
#596=EDGE_CURVE('',#834,#840,#1005,.T.);
#597=EDGE_CURVE('',#840,#842,#1006,.T.);
#598=EDGE_CURVE('',#842,#843,#1007,.T.);
#599=EDGE_CURVE('',#843,#841,#1008,.T.);
#600=EDGE_CURVE('',#842,#844,#1009,.T.);
#601=EDGE_CURVE('',#844,#845,#1010,.T.);
#602=EDGE_CURVE('',#845,#843,#1011,.T.);
#603=EDGE_CURVE('',#844,#846,#1012,.T.);
#604=EDGE_CURVE('',#846,#847,#1013,.T.);
#605=EDGE_CURVE('',#847,#845,#1014,.T.);
#606=EDGE_CURVE('',#823,#831,#1015,.T.);
#607=EDGE_CURVE('',#830,#847,#1016,.T.);
#608=EDGE_CURVE('',#846,#833,#1017,.T.);
#609=EDGE_CURVE('',#848,#849,#1018,.T.);
#610=EDGE_CURVE('',#849,#850,#1019,.T.);
#611=EDGE_CURVE('',#826,#850,#1020,.T.);
#612=EDGE_CURVE('',#825,#851,#1021,.T.);
#613=EDGE_CURVE('',#848,#851,#1022,.T.);
#614=EDGE_CURVE('',#852,#853,#1023,.T.);
#615=EDGE_CURVE('',#852,#854,#1024,.T.);
#616=EDGE_CURVE('',#855,#854,#1025,.F.);
#617=EDGE_CURVE('',#853,#855,#1026,.T.);
#618=EDGE_CURVE('',#856,#839,#1027,.T.);
#619=EDGE_CURVE('',#856,#857,#1028,.T.);
#620=EDGE_CURVE('',#857,#858,#1029,.T.);
#621=EDGE_CURVE('',#859,#858,#1030,.T.);
#622=EDGE_CURVE('',#860,#859,#1031,.T.);
#623=EDGE_CURVE('',#860,#861,#1032,.T.);
#624=EDGE_CURVE('',#861,#862,#1033,.T.);
#625=EDGE_CURVE('',#863,#862,#1034,.T.);
#626=EDGE_CURVE('',#864,#863,#1035,.T.);
#627=EDGE_CURVE('',#864,#849,#1036,.T.);
#628=EDGE_CURVE('',#865,#848,#1037,.T.);
#629=EDGE_CURVE('',#824,#865,#1038,.T.);
#630=EDGE_CURVE('',#866,#822,#1039,.T.);
#631=EDGE_CURVE('',#867,#866,#1040,.T.);
#632=EDGE_CURVE('',#867,#832,#1041,.T.);
#633=EDGE_CURVE('',#868,#869,#1042,.T.);
#634=EDGE_CURVE('',#868,#856,#1043,.T.);
#635=EDGE_CURVE('',#838,#870,#1044,.T.);
#636=EDGE_CURVE('',#869,#870,#1045,.T.);
#637=EDGE_CURVE('',#871,#872,#1046,.T.);
#638=EDGE_CURVE('',#871,#873,#1047,.T.);
#639=EDGE_CURVE('',#873,#874,#1048,.T.);
#640=EDGE_CURVE('',#874,#872,#1049,.F.);
#641=EDGE_CURVE('',#875,#876,#1050,.T.);
#642=EDGE_CURVE('',#875,#877,#1051,.T.);
#643=EDGE_CURVE('',#877,#878,#1052,.T.);
#644=EDGE_CURVE('',#878,#876,#1053,.F.);
#645=EDGE_CURVE('',#868,#879,#1054,.T.);
#646=EDGE_CURVE('',#880,#869,#1055,.T.);
#647=EDGE_CURVE('',#880,#837,#1056,.T.);
#648=EDGE_CURVE('',#881,#836,#1057,.T.);
#649=EDGE_CURVE('',#882,#881,#1058,.T.);
#650=EDGE_CURVE('',#882,#827,#1059,.T.);
#651=EDGE_CURVE('',#883,#850,#1060,.T.);
#652=EDGE_CURVE('',#883,#884,#1061,.T.);
#653=EDGE_CURVE('',#884,#885,#1062,.T.);
#654=EDGE_CURVE('',#886,#885,#1063,.T.);
#655=EDGE_CURVE('',#887,#886,#1064,.T.);
#656=EDGE_CURVE('',#887,#888,#1065,.T.);
#657=EDGE_CURVE('',#888,#889,#1066,.T.);
#658=EDGE_CURVE('',#879,#889,#1067,.T.);
#659=EDGE_CURVE('',#862,#890,#1068,.T.);
#660=EDGE_CURVE('',#890,#891,#1069,.T.);
#661=EDGE_CURVE('',#891,#859,#1070,.T.);
#662=EDGE_CURVE('',#858,#892,#1071,.T.);
#663=EDGE_CURVE('',#892,#893,#1072,.T.);
#664=EDGE_CURVE('',#893,#894,#1073,.T.);
#665=EDGE_CURVE('',#894,#895,#1074,.T.);
#666=EDGE_CURVE('',#895,#889,#1075,.T.);
#667=EDGE_CURVE('',#888,#896,#1076,.T.);
#668=EDGE_CURVE('',#896,#897,#1077,.T.);
#669=EDGE_CURVE('',#897,#885,#1078,.T.);
#670=EDGE_CURVE('',#884,#898,#1079,.T.);
#671=EDGE_CURVE('',#898,#899,#1080,.T.);
#672=EDGE_CURVE('',#899,#900,#1081,.T.);
#673=EDGE_CURVE('',#900,#901,#1082,.T.);
#674=EDGE_CURVE('',#901,#863,#1083,.T.);
#675=EDGE_CURVE('',#870,#880,#1084,.T.);
#676=EDGE_CURVE('',#851,#865,#1085,.T.);
#677=EDGE_CURVE('',#902,#901,#1086,.T.);
#678=EDGE_CURVE('',#864,#902,#1087,.T.);
#679=EDGE_CURVE('',#903,#900,#1088,.T.);
#680=EDGE_CURVE('',#902,#903,#1089,.T.);
#681=EDGE_CURVE('',#904,#898,#1090,.T.);
#682=EDGE_CURVE('',#905,#904,#1091,.T.);
#683=EDGE_CURVE('',#905,#899,#1092,.T.);
#684=EDGE_CURVE('',#904,#883,#1093,.T.);
#685=EDGE_CURVE('',#903,#905,#1094,.T.);
#686=EDGE_CURVE('',#906,#897,#1095,.T.);
#687=EDGE_CURVE('',#886,#906,#1096,.T.);
#688=EDGE_CURVE('',#907,#896,#1097,.T.);
#689=EDGE_CURVE('',#906,#907,#1098,.T.);
#690=EDGE_CURVE('',#907,#887,#1099,.T.);
#691=EDGE_CURVE('',#908,#895,#1100,.T.);
#692=EDGE_CURVE('',#879,#908,#1101,.T.);
#693=EDGE_CURVE('',#909,#894,#1102,.T.);
#694=EDGE_CURVE('',#908,#909,#1103,.T.);
#695=EDGE_CURVE('',#910,#893,#1104,.T.);
#696=EDGE_CURVE('',#909,#910,#1105,.T.);
#697=EDGE_CURVE('',#911,#892,#1106,.T.);
#698=EDGE_CURVE('',#910,#911,#1107,.T.);
#699=EDGE_CURVE('',#911,#857,#1108,.T.);
#700=EDGE_CURVE('',#860,#912,#1109,.T.);
#701=EDGE_CURVE('',#912,#913,#1110,.T.);
#702=EDGE_CURVE('',#913,#861,#1111,.T.);
#703=EDGE_CURVE('',#913,#890,#1112,.T.);
#704=EDGE_CURVE('',#912,#891,#1113,.T.);
#705=EDGE_CURVE('',#840,#846,#1114,.T.);
#706=EDGE_CURVE('',#841,#847,#1115,.T.);
#707=EDGE_CURVE('',#914,#828,#1116,.T.);
#708=EDGE_CURVE('',#915,#914,#1117,.T.);
#709=EDGE_CURVE('',#915,#835,#1118,.T.);
#710=EDGE_CURVE('',#914,#882,#1119,.T.);
#711=EDGE_CURVE('',#881,#915,#1120,.T.);
#712=EDGE_CURVE('',#916,#823,#1121,.T.);
#713=EDGE_CURVE('',#866,#916,#1122,.T.);
#714=EDGE_CURVE('',#917,#831,#1123,.T.);
#715=EDGE_CURVE('',#916,#917,#1124,.T.);
#716=EDGE_CURVE('',#917,#867,#1125,.T.);
#717=EDGE_CURVE('',#918,#919,#1126,.T.);
#718=EDGE_CURVE('',#920,#919,#1127,.T.);
#719=EDGE_CURVE('',#921,#920,#1128,.T.);
#720=EDGE_CURVE('',#921,#918,#1129,.T.);
#721=EDGE_CURVE('',#919,#922,#1130,.T.);
#722=EDGE_CURVE('',#923,#922,#1131,.T.);
#723=EDGE_CURVE('',#920,#923,#1132,.T.);
#724=EDGE_CURVE('',#922,#924,#1133,.T.);
#725=EDGE_CURVE('',#925,#924,#1134,.T.);
#726=EDGE_CURVE('',#923,#925,#1135,.T.);
#727=EDGE_CURVE('',#924,#926,#42,.T.);
#728=EDGE_CURVE('',#927,#926,#1136,.T.);
#729=EDGE_CURVE('',#925,#927,#43,.T.);
#730=EDGE_CURVE('',#927,#875,#1137,.T.);
#731=EDGE_CURVE('',#926,#877,#1138,.T.);
#732=EDGE_CURVE('',#878,#928,#44,.T.);
#733=EDGE_CURVE('',#929,#928,#1139,.T.);
#734=EDGE_CURVE('',#876,#929,#45,.T.);
#735=EDGE_CURVE('',#928,#930,#1140,.T.);
#736=EDGE_CURVE('',#931,#930,#1141,.T.);
#737=EDGE_CURVE('',#929,#931,#1142,.T.);
#738=EDGE_CURVE('',#918,#930,#46,.T.);
#739=EDGE_CURVE('',#921,#931,#47,.T.);
#740=EDGE_CURVE('',#932,#933,#1143,.T.);
#741=EDGE_CURVE('',#934,#933,#1144,.T.);
#742=EDGE_CURVE('',#935,#934,#1145,.T.);
#743=EDGE_CURVE('',#935,#932,#1146,.T.);
#744=EDGE_CURVE('',#933,#936,#1147,.T.);
#745=EDGE_CURVE('',#937,#936,#1148,.T.);
#746=EDGE_CURVE('',#934,#937,#1149,.T.);
#747=EDGE_CURVE('',#936,#938,#1150,.T.);
#748=EDGE_CURVE('',#939,#938,#1151,.T.);
#749=EDGE_CURVE('',#937,#939,#1152,.T.);
#750=EDGE_CURVE('',#938,#940,#48,.T.);
#751=EDGE_CURVE('',#941,#940,#1153,.T.);
#752=EDGE_CURVE('',#939,#941,#49,.T.);
#753=EDGE_CURVE('',#941,#871,#1154,.T.);
#754=EDGE_CURVE('',#940,#873,#1155,.T.);
#755=EDGE_CURVE('',#874,#942,#50,.T.);
#756=EDGE_CURVE('',#943,#942,#1156,.T.);
#757=EDGE_CURVE('',#872,#943,#51,.T.);
#758=EDGE_CURVE('',#942,#944,#1157,.T.);
#759=EDGE_CURVE('',#945,#944,#1158,.T.);
#760=EDGE_CURVE('',#943,#945,#1159,.T.);
#761=EDGE_CURVE('',#932,#944,#52,.T.);
#762=EDGE_CURVE('',#935,#945,#53,.T.);
#763=EDGE_CURVE('',#852,#946,#1160,.T.);
#764=EDGE_CURVE('',#853,#947,#1161,.T.);
#765=EDGE_CURVE('',#946,#947,#1162,.T.);
#766=EDGE_CURVE('',#948,#855,#54,.T.);
#767=EDGE_CURVE('',#949,#854,#55,.T.);
#768=EDGE_CURVE('',#949,#948,#1163,.T.);
#769=EDGE_CURVE('',#946,#950,#56,.T.);
#770=EDGE_CURVE('',#950,#951,#1164,.T.);
#771=EDGE_CURVE('',#951,#952,#1165,.T.);
#772=EDGE_CURVE('',#952,#953,#1166,.T.);
#773=EDGE_CURVE('',#954,#953,#57,.T.);
#774=EDGE_CURVE('',#954,#949,#1167,.T.);
#775=EDGE_CURVE('',#955,#948,#1168,.T.);
#776=EDGE_CURVE('',#955,#956,#58,.T.);
#777=EDGE_CURVE('',#957,#956,#1169,.T.);
#778=EDGE_CURVE('',#958,#957,#1170,.T.);
#779=EDGE_CURVE('',#959,#958,#1171,.T.);
#780=EDGE_CURVE('',#947,#959,#59,.T.);
#781=EDGE_CURVE('',#950,#959,#1172,.T.);
#782=EDGE_CURVE('',#951,#958,#1173,.T.);
#783=EDGE_CURVE('',#952,#957,#1174,.T.);
#784=EDGE_CURVE('',#953,#956,#1175,.T.);
#785=EDGE_CURVE('',#954,#955,#1176,.T.);
#786=EDGE_CURVE('',#960,#961,#1177,.T.);
#787=EDGE_CURVE('',#962,#961,#1178,.T.);
#788=EDGE_CURVE('',#963,#962,#1179,.T.);
#789=EDGE_CURVE('',#963,#960,#1180,.T.);
#790=EDGE_CURVE('',#964,#965,#1181,.T.);
#791=EDGE_CURVE('',#966,#965,#1182,.T.);
#792=EDGE_CURVE('',#967,#966,#1183,.T.);
#793=EDGE_CURVE('',#967,#964,#1184,.T.);
#794=EDGE_CURVE('',#968,#969,#1185,.T.);
#795=EDGE_CURVE('',#970,#969,#1186,.T.);
#796=EDGE_CURVE('',#971,#970,#1187,.F.);
#797=EDGE_CURVE('',#971,#968,#1188,.T.);
#798=EDGE_CURVE('',#972,#973,#1189,.T.);
#799=EDGE_CURVE('',#974,#972,#1190,.T.);
#800=EDGE_CURVE('',#974,#975,#1191,.F.);
#801=EDGE_CURVE('',#975,#973,#1192,.T.);
#802=EDGE_CURVE('',#976,#977,#1193,.T.);
#803=EDGE_CURVE('',#978,#976,#1194,.T.);
#804=EDGE_CURVE('',#978,#979,#1195,.T.);
#805=EDGE_CURVE('',#979,#977,#1196,.T.);
#806=EDGE_CURVE('',#977,#980,#18,.F.);
#807=EDGE_CURVE('',#980,#960,#19,.F.);
#808=EDGE_CURVE('',#963,#981,#20,.T.);
#809=EDGE_CURVE('',#981,#976,#21,.T.);
#810=EDGE_CURVE('',#972,#961,#60,.T.);
#811=EDGE_CURVE('',#965,#973,#61,.T.);
#812=EDGE_CURVE('',#969,#964,#62,.T.);
#813=EDGE_CURVE('',#962,#968,#63,.T.);
#814=EDGE_CURVE('',#966,#982,#22,.F.);
#815=EDGE_CURVE('',#982,#979,#23,.F.);
#816=EDGE_CURVE('',#978,#983,#24,.T.);
#817=EDGE_CURVE('',#983,#967,#25,.T.);
#818=EDGE_CURVE('',#974,#980,#26,.F.);
#819=EDGE_CURVE('',#982,#975,#27,.T.);
#820=EDGE_CURVE('',#970,#983,#28,.T.);
#821=EDGE_CURVE('',#981,#971,#29,.F.);
#822=VERTEX_POINT('',#2380);
#823=VERTEX_POINT('',#2381);
#824=VERTEX_POINT('',#2383);
#825=VERTEX_POINT('',#2385);
#826=VERTEX_POINT('',#2387);
#827=VERTEX_POINT('',#2389);
#828=VERTEX_POINT('',#2391);
#829=VERTEX_POINT('',#2393);
#830=VERTEX_POINT('',#2395);
#831=VERTEX_POINT('',#2399);
#832=VERTEX_POINT('',#2400);
#833=VERTEX_POINT('',#2402);
#834=VERTEX_POINT('',#2404);
#835=VERTEX_POINT('',#2406);
#836=VERTEX_POINT('',#2408);
#837=VERTEX_POINT('',#2410);
#838=VERTEX_POINT('',#2412);
#839=VERTEX_POINT('',#2414);
#840=VERTEX_POINT('',#2418);
#841=VERTEX_POINT('',#2419);
#842=VERTEX_POINT('',#2425);
#843=VERTEX_POINT('',#2427);
#844=VERTEX_POINT('',#2431);
#845=VERTEX_POINT('',#2433);
#846=VERTEX_POINT('',#2437);
#847=VERTEX_POINT('',#2439);
#848=VERTEX_POINT('',#2447);
#849=VERTEX_POINT('',#2448);
#850=VERTEX_POINT('',#2450);
#851=VERTEX_POINT('',#2453);
#852=VERTEX_POINT('',#2457);
#853=VERTEX_POINT('',#2458);
#854=VERTEX_POINT('',#2460);
#855=VERTEX_POINT('',#2462);
#856=VERTEX_POINT('',#2465);
#857=VERTEX_POINT('',#2467);
#858=VERTEX_POINT('',#2469);
#859=VERTEX_POINT('',#2471);
#860=VERTEX_POINT('',#2473);
#861=VERTEX_POINT('',#2475);
#862=VERTEX_POINT('',#2477);
#863=VERTEX_POINT('',#2479);
#864=VERTEX_POINT('',#2481);
#865=VERTEX_POINT('',#2484);
#866=VERTEX_POINT('',#2487);
#867=VERTEX_POINT('',#2489);
#868=VERTEX_POINT('',#2493);
#869=VERTEX_POINT('',#2494);
#870=VERTEX_POINT('',#2497);
#871=VERTEX_POINT('',#2501);
#872=VERTEX_POINT('',#2502);
#873=VERTEX_POINT('',#2504);
#874=VERTEX_POINT('',#2506);
#875=VERTEX_POINT('',#2509);
#876=VERTEX_POINT('',#2510);
#877=VERTEX_POINT('',#2512);
#878=VERTEX_POINT('',#2514);
#879=VERTEX_POINT('',#2517);
#880=VERTEX_POINT('',#2519);
#881=VERTEX_POINT('',#2522);
#882=VERTEX_POINT('',#2524);
#883=VERTEX_POINT('',#2527);
#884=VERTEX_POINT('',#2529);
#885=VERTEX_POINT('',#2531);
#886=VERTEX_POINT('',#2533);
#887=VERTEX_POINT('',#2535);
#888=VERTEX_POINT('',#2537);
#889=VERTEX_POINT('',#2539);
#890=VERTEX_POINT('',#2543);
#891=VERTEX_POINT('',#2545);
#892=VERTEX_POINT('',#2548);
#893=VERTEX_POINT('',#2550);
#894=VERTEX_POINT('',#2552);
#895=VERTEX_POINT('',#2554);
#896=VERTEX_POINT('',#2557);
#897=VERTEX_POINT('',#2559);
#898=VERTEX_POINT('',#2562);
#899=VERTEX_POINT('',#2564);
#900=VERTEX_POINT('',#2566);
#901=VERTEX_POINT('',#2568);
#902=VERTEX_POINT('',#2578);
#903=VERTEX_POINT('',#2582);
#904=VERTEX_POINT('',#2586);
#905=VERTEX_POINT('',#2588);
#906=VERTEX_POINT('',#2597);
#907=VERTEX_POINT('',#2601);
#908=VERTEX_POINT('',#2608);
#909=VERTEX_POINT('',#2612);
#910=VERTEX_POINT('',#2616);
#911=VERTEX_POINT('',#2620);
#912=VERTEX_POINT('',#2627);
#913=VERTEX_POINT('',#2629);
#914=VERTEX_POINT('',#2644);
#915=VERTEX_POINT('',#2646);
#916=VERTEX_POINT('',#2655);
#917=VERTEX_POINT('',#2659);
#918=VERTEX_POINT('',#2666);
#919=VERTEX_POINT('',#2667);
#920=VERTEX_POINT('',#2669);
#921=VERTEX_POINT('',#2671);
#922=VERTEX_POINT('',#2675);
#923=VERTEX_POINT('',#2677);
#924=VERTEX_POINT('',#2681);
#925=VERTEX_POINT('',#2683);
#926=VERTEX_POINT('',#2687);
#927=VERTEX_POINT('',#2689);
#928=VERTEX_POINT('',#2696);
#929=VERTEX_POINT('',#2698);
#930=VERTEX_POINT('',#2702);
#931=VERTEX_POINT('',#2704);
#932=VERTEX_POINT('',#2713);
#933=VERTEX_POINT('',#2714);
#934=VERTEX_POINT('',#2716);
#935=VERTEX_POINT('',#2718);
#936=VERTEX_POINT('',#2722);
#937=VERTEX_POINT('',#2724);
#938=VERTEX_POINT('',#2728);
#939=VERTEX_POINT('',#2730);
#940=VERTEX_POINT('',#2734);
#941=VERTEX_POINT('',#2736);
#942=VERTEX_POINT('',#2743);
#943=VERTEX_POINT('',#2745);
#944=VERTEX_POINT('',#2749);
#945=VERTEX_POINT('',#2751);
#946=VERTEX_POINT('',#2760);
#947=VERTEX_POINT('',#2762);
#948=VERTEX_POINT('',#2766);
#949=VERTEX_POINT('',#2768);
#950=VERTEX_POINT('',#2772);
#951=VERTEX_POINT('',#2774);
#952=VERTEX_POINT('',#2776);
#953=VERTEX_POINT('',#2778);
#954=VERTEX_POINT('',#2780);
#955=VERTEX_POINT('',#2784);
#956=VERTEX_POINT('',#2786);
#957=VERTEX_POINT('',#2788);
#958=VERTEX_POINT('',#2790);
#959=VERTEX_POINT('',#2792);
#960=VERTEX_POINT('',#2808);
#961=VERTEX_POINT('',#2809);
#962=VERTEX_POINT('',#2811);
#963=VERTEX_POINT('',#2813);
#964=VERTEX_POINT('',#2817);
#965=VERTEX_POINT('',#2818);
#966=VERTEX_POINT('',#2820);
#967=VERTEX_POINT('',#2822);
#968=VERTEX_POINT('',#2826);
#969=VERTEX_POINT('',#2827);
#970=VERTEX_POINT('',#2829);
#971=VERTEX_POINT('',#2831);
#972=VERTEX_POINT('',#2835);
#973=VERTEX_POINT('',#2836);
#974=VERTEX_POINT('',#2838);
#975=VERTEX_POINT('',#2840);
#976=VERTEX_POINT('',#2844);
#977=VERTEX_POINT('',#2845);
#978=VERTEX_POINT('',#2847);
#979=VERTEX_POINT('',#2849);
#980=VERTEX_POINT('',#2853);
#981=VERTEX_POINT('',#2856);
#982=VERTEX_POINT('',#2865);
#983=VERTEX_POINT('',#2868);
#984=LINE('',#2379,#1197);
#985=LINE('',#2382,#1198);
#986=LINE('',#2384,#1199);
#987=LINE('',#2386,#1200);
#988=LINE('',#2388,#1201);
#989=LINE('',#2390,#1202);
#990=LINE('',#2392,#1203);
#991=LINE('',#2394,#1204);
#992=LINE('',#2396,#1205);
#993=LINE('',#2398,#1206);
#994=LINE('',#2401,#1207);
#995=LINE('',#2403,#1208);
#996=LINE('',#2405,#1209);
#997=LINE('',#2407,#1210);
#998=LINE('',#2409,#1211);
#999=LINE('',#2411,#1212);
#1000=LINE('',#2413,#1213);
#1001=LINE('',#2415,#1214);
#1002=LINE('',#2417,#1215);
#1003=LINE('',#2420,#1216);
#1004=LINE('',#2421,#1217);
#1005=LINE('',#2422,#1218);
#1006=LINE('',#2424,#1219);
#1007=LINE('',#2426,#1220);
#1008=LINE('',#2428,#1221);
#1009=LINE('',#2430,#1222);
#1010=LINE('',#2432,#1223);
#1011=LINE('',#2434,#1224);
#1012=LINE('',#2436,#1225);
#1013=LINE('',#2438,#1226);
#1014=LINE('',#2440,#1227);
#1015=LINE('',#2442,#1228);
#1016=LINE('',#2443,#1229);
#1017=LINE('',#2444,#1230);
#1018=LINE('',#2446,#1231);
#1019=LINE('',#2449,#1232);
#1020=LINE('',#2451,#1233);
#1021=LINE('',#2452,#1234);
#1022=LINE('',#2454,#1235);
#1023=LINE('',#2456,#1236);
#1024=LINE('',#2459,#1237);
#1025=LINE('',#2461,#1238);
#1026=LINE('',#2463,#1239);
#1027=LINE('',#2464,#1240);
#1028=LINE('',#2466,#1241);
#1029=LINE('',#2468,#1242);
#1030=LINE('',#2470,#1243);
#1031=LINE('',#2472,#1244);
#1032=LINE('',#2474,#1245);
#1033=LINE('',#2476,#1246);
#1034=LINE('',#2478,#1247);
#1035=LINE('',#2480,#1248);
#1036=LINE('',#2482,#1249);
#1037=LINE('',#2483,#1250);
#1038=LINE('',#2485,#1251);
#1039=LINE('',#2486,#1252);
#1040=LINE('',#2488,#1253);
#1041=LINE('',#2490,#1254);
#1042=LINE('',#2492,#1255);
#1043=LINE('',#2495,#1256);
#1044=LINE('',#2496,#1257);
#1045=LINE('',#2498,#1258);
#1046=LINE('',#2500,#1259);
#1047=LINE('',#2503,#1260);
#1048=LINE('',#2505,#1261);
#1049=LINE('',#2507,#1262);
#1050=LINE('',#2508,#1263);
#1051=LINE('',#2511,#1264);
#1052=LINE('',#2513,#1265);
#1053=LINE('',#2515,#1266);
#1054=LINE('',#2516,#1267);
#1055=LINE('',#2518,#1268);
#1056=LINE('',#2520,#1269);
#1057=LINE('',#2521,#1270);
#1058=LINE('',#2523,#1271);
#1059=LINE('',#2525,#1272);
#1060=LINE('',#2526,#1273);
#1061=LINE('',#2528,#1274);
#1062=LINE('',#2530,#1275);
#1063=LINE('',#2532,#1276);
#1064=LINE('',#2534,#1277);
#1065=LINE('',#2536,#1278);
#1066=LINE('',#2538,#1279);
#1067=LINE('',#2540,#1280);
#1068=LINE('',#2542,#1281);
#1069=LINE('',#2544,#1282);
#1070=LINE('',#2546,#1283);
#1071=LINE('',#2547,#1284);
#1072=LINE('',#2549,#1285);
#1073=LINE('',#2551,#1286);
#1074=LINE('',#2553,#1287);
#1075=LINE('',#2555,#1288);
#1076=LINE('',#2556,#1289);
#1077=LINE('',#2558,#1290);
#1078=LINE('',#2560,#1291);
#1079=LINE('',#2561,#1292);
#1080=LINE('',#2563,#1293);
#1081=LINE('',#2565,#1294);
#1082=LINE('',#2567,#1295);
#1083=LINE('',#2569,#1296);
#1084=LINE('',#2571,#1297);
#1085=LINE('',#2574,#1298);
#1086=LINE('',#2577,#1299);
#1087=LINE('',#2579,#1300);
#1088=LINE('',#2581,#1301);
#1089=LINE('',#2583,#1302);
#1090=LINE('',#2585,#1303);
#1091=LINE('',#2587,#1304);
#1092=LINE('',#2589,#1305);
#1093=LINE('',#2591,#1306);
#1094=LINE('',#2593,#1307);
#1095=LINE('',#2596,#1308);
#1096=LINE('',#2598,#1309);
#1097=LINE('',#2600,#1310);
#1098=LINE('',#2602,#1311);
#1099=LINE('',#2604,#1312);
#1100=LINE('',#2607,#1313);
#1101=LINE('',#2609,#1314);
#1102=LINE('',#2611,#1315);
#1103=LINE('',#2613,#1316);
#1104=LINE('',#2615,#1317);
#1105=LINE('',#2617,#1318);
#1106=LINE('',#2619,#1319);
#1107=LINE('',#2621,#1320);
#1108=LINE('',#2623,#1321);
#1109=LINE('',#2626,#1322);
#1110=LINE('',#2628,#1323);
#1111=LINE('',#2630,#1324);
#1112=LINE('',#2632,#1325);
#1113=LINE('',#2634,#1326);
#1114=LINE('',#2637,#1327);
#1115=LINE('',#2640,#1328);
#1116=LINE('',#2643,#1329);
#1117=LINE('',#2645,#1330);
#1118=LINE('',#2647,#1331);
#1119=LINE('',#2649,#1332);
#1120=LINE('',#2651,#1333);
#1121=LINE('',#2654,#1334);
#1122=LINE('',#2656,#1335);
#1123=LINE('',#2658,#1336);
#1124=LINE('',#2660,#1337);
#1125=LINE('',#2662,#1338);
#1126=LINE('',#2665,#1339);
#1127=LINE('',#2668,#1340);
#1128=LINE('',#2670,#1341);
#1129=LINE('',#2672,#1342);
#1130=LINE('',#2674,#1343);
#1131=LINE('',#2676,#1344);
#1132=LINE('',#2678,#1345);
#1133=LINE('',#2680,#1346);
#1134=LINE('',#2682,#1347);
#1135=LINE('',#2684,#1348);
#1136=LINE('',#2688,#1349);
#1137=LINE('',#2692,#1350);
#1138=LINE('',#2693,#1351);
#1139=LINE('',#2697,#1352);
#1140=LINE('',#2701,#1353);
#1141=LINE('',#2703,#1354);
#1142=LINE('',#2705,#1355);
#1143=LINE('',#2712,#1356);
#1144=LINE('',#2715,#1357);
#1145=LINE('',#2717,#1358);
#1146=LINE('',#2719,#1359);
#1147=LINE('',#2721,#1360);
#1148=LINE('',#2723,#1361);
#1149=LINE('',#2725,#1362);
#1150=LINE('',#2727,#1363);
#1151=LINE('',#2729,#1364);
#1152=LINE('',#2731,#1365);
#1153=LINE('',#2735,#1366);
#1154=LINE('',#2739,#1367);
#1155=LINE('',#2740,#1368);
#1156=LINE('',#2744,#1369);
#1157=LINE('',#2748,#1370);
#1158=LINE('',#2750,#1371);
#1159=LINE('',#2752,#1372);
#1160=LINE('',#2759,#1373);
#1161=LINE('',#2761,#1374);
#1162=LINE('',#2763,#1375);
#1163=LINE('',#2769,#1376);
#1164=LINE('',#2773,#1377);
#1165=LINE('',#2775,#1378);
#1166=LINE('',#2777,#1379);
#1167=LINE('',#2781,#1380);
#1168=LINE('',#2783,#1381);
#1169=LINE('',#2787,#1382);
#1170=LINE('',#2789,#1383);
#1171=LINE('',#2791,#1384);
#1172=LINE('',#2795,#1385);
#1173=LINE('',#2797,#1386);
#1174=LINE('',#2799,#1387);
#1175=LINE('',#2801,#1388);
#1176=LINE('',#2803,#1389);
#1177=LINE('',#2807,#1390);
#1178=LINE('',#2810,#1391);
#1179=LINE('',#2812,#1392);
#1180=LINE('',#2814,#1393);
#1181=LINE('',#2816,#1394);
#1182=LINE('',#2819,#1395);
#1183=LINE('',#2821,#1396);
#1184=LINE('',#2823,#1397);
#1185=LINE('',#2825,#1398);
#1186=LINE('',#2828,#1399);
#1187=LINE('',#2830,#1400);
#1188=LINE('',#2832,#1401);
#1189=LINE('',#2834,#1402);
#1190=LINE('',#2837,#1403);
#1191=LINE('',#2839,#1404);
#1192=LINE('',#2841,#1405);
#1193=LINE('',#2843,#1406);
#1194=LINE('',#2846,#1407);
#1195=LINE('',#2848,#1408);
#1196=LINE('',#2850,#1409);
#1197=VECTOR('',#1910,1000.);
#1198=VECTOR('',#1911,1000.);
#1199=VECTOR('',#1912,1000.);
#1200=VECTOR('',#1913,1000.);
#1201=VECTOR('',#1914,1000.);
#1202=VECTOR('',#1915,1000.);
#1203=VECTOR('',#1916,1000.);
#1204=VECTOR('',#1917,1000.);
#1205=VECTOR('',#1918,1000.);
#1206=VECTOR('',#1921,1000.);
#1207=VECTOR('',#1922,1000.);
#1208=VECTOR('',#1923,1000.);
#1209=VECTOR('',#1924,1000.);
#1210=VECTOR('',#1925,1000.);
#1211=VECTOR('',#1926,1000.);
#1212=VECTOR('',#1927,1000.);
#1213=VECTOR('',#1928,1000.);
#1214=VECTOR('',#1929,1000.);
#1215=VECTOR('',#1932,1000.);
#1216=VECTOR('',#1933,1000.);
#1217=VECTOR('',#1934,1000.);
#1218=VECTOR('',#1935,1000.);
#1219=VECTOR('',#1938,1000.);
#1220=VECTOR('',#1939,1000.);
#1221=VECTOR('',#1940,1000.);
#1222=VECTOR('',#1943,1000.);
#1223=VECTOR('',#1944,1000.);
#1224=VECTOR('',#1945,1000.);
#1225=VECTOR('',#1948,1000.);
#1226=VECTOR('',#1949,1000.);
#1227=VECTOR('',#1950,1000.);
#1228=VECTOR('',#1953,1000.);
#1229=VECTOR('',#1954,1000.);
#1230=VECTOR('',#1955,1000.);
#1231=VECTOR('',#1958,1000.);
#1232=VECTOR('',#1959,1000.);
#1233=VECTOR('',#1960,1000.);
#1234=VECTOR('',#1961,1000.);
#1235=VECTOR('',#1962,1000.);
#1236=VECTOR('',#1965,1000.);
#1237=VECTOR('',#1966,1000.);
#1238=VECTOR('',#1967,1000.);
#1239=VECTOR('',#1968,1000.);
#1240=VECTOR('',#1969,1000.);
#1241=VECTOR('',#1970,1000.);
#1242=VECTOR('',#1971,1000.);
#1243=VECTOR('',#1972,1000.);
#1244=VECTOR('',#1973,1000.);
#1245=VECTOR('',#1974,1000.);
#1246=VECTOR('',#1975,1000.);
#1247=VECTOR('',#1976,1000.);
#1248=VECTOR('',#1977,1000.);
#1249=VECTOR('',#1978,1000.);
#1250=VECTOR('',#1979,1000.);
#1251=VECTOR('',#1980,1000.);
#1252=VECTOR('',#1981,1000.);
#1253=VECTOR('',#1982,1000.);
#1254=VECTOR('',#1983,1000.);
#1255=VECTOR('',#1986,1000.);
#1256=VECTOR('',#1987,1000.);
#1257=VECTOR('',#1988,1000.);
#1258=VECTOR('',#1989,1000.);
#1259=VECTOR('',#1992,1000.);
#1260=VECTOR('',#1993,1000.);
#1261=VECTOR('',#1994,1000.);
#1262=VECTOR('',#1995,1000.);
#1263=VECTOR('',#1996,1000.);
#1264=VECTOR('',#1997,1000.);
#1265=VECTOR('',#1998,1000.);
#1266=VECTOR('',#1999,1000.);
#1267=VECTOR('',#2000,1000.);
#1268=VECTOR('',#2001,1000.);
#1269=VECTOR('',#2002,1000.);
#1270=VECTOR('',#2003,1000.);
#1271=VECTOR('',#2004,1000.);
#1272=VECTOR('',#2005,1000.);
#1273=VECTOR('',#2006,1000.);
#1274=VECTOR('',#2007,1000.);
#1275=VECTOR('',#2008,1000.);
#1276=VECTOR('',#2009,1000.);
#1277=VECTOR('',#2010,1000.);
#1278=VECTOR('',#2011,1000.);
#1279=VECTOR('',#2012,1000.);
#1280=VECTOR('',#2013,1000.);
#1281=VECTOR('',#2016,1000.);
#1282=VECTOR('',#2017,1000.);
#1283=VECTOR('',#2018,1000.);
#1284=VECTOR('',#2019,1000.);
#1285=VECTOR('',#2020,1000.);
#1286=VECTOR('',#2021,1000.);
#1287=VECTOR('',#2022,1000.);
#1288=VECTOR('',#2023,1000.);
#1289=VECTOR('',#2024,1000.);
#1290=VECTOR('',#2025,1000.);
#1291=VECTOR('',#2026,1000.);
#1292=VECTOR('',#2027,1000.);
#1293=VECTOR('',#2028,1000.);
#1294=VECTOR('',#2029,1000.);
#1295=VECTOR('',#2030,1000.);
#1296=VECTOR('',#2031,1000.);
#1297=VECTOR('',#2034,1000.);
#1298=VECTOR('',#2039,1000.);
#1299=VECTOR('',#2044,1000.);
#1300=VECTOR('',#2045,1000.);
#1301=VECTOR('',#2048,1000.);
#1302=VECTOR('',#2049,1000.);
#1303=VECTOR('',#2052,1000.);
#1304=VECTOR('',#2053,1000.);
#1305=VECTOR('',#2054,1000.);
#1306=VECTOR('',#2057,1000.);
#1307=VECTOR('',#2060,1000.);
#1308=VECTOR('',#2065,1000.);
#1309=VECTOR('',#2066,1000.);
#1310=VECTOR('',#2069,1000.);
#1311=VECTOR('',#2070,1000.);
#1312=VECTOR('',#2073,1000.);
#1313=VECTOR('',#2078,1000.);
#1314=VECTOR('',#2079,1000.);
#1315=VECTOR('',#2082,1000.);
#1316=VECTOR('',#2083,1000.);
#1317=VECTOR('',#2086,1000.);
#1318=VECTOR('',#2087,1000.);
#1319=VECTOR('',#2090,1000.);
#1320=VECTOR('',#2091,1000.);
#1321=VECTOR('',#2094,1000.);
#1322=VECTOR('',#2099,1000.);
#1323=VECTOR('',#2100,1000.);
#1324=VECTOR('',#2101,1000.);
#1325=VECTOR('',#2104,1000.);
#1326=VECTOR('',#2107,1000.);
#1327=VECTOR('',#2112,1000.);
#1328=VECTOR('',#2117,1000.);
#1329=VECTOR('',#2122,1000.);
#1330=VECTOR('',#2123,1000.);
#1331=VECTOR('',#2124,1000.);
#1332=VECTOR('',#2127,1000.);
#1333=VECTOR('',#2130,1000.);
#1334=VECTOR('',#2135,1000.);
#1335=VECTOR('',#2136,1000.);
#1336=VECTOR('',#2139,1000.);
#1337=VECTOR('',#2140,1000.);
#1338=VECTOR('',#2143,1000.);
#1339=VECTOR('',#2148,1000.);
#1340=VECTOR('',#2149,1000.);
#1341=VECTOR('',#2150,1000.);
#1342=VECTOR('',#2151,1000.);
#1343=VECTOR('',#2154,1000.);
#1344=VECTOR('',#2155,1000.);
#1345=VECTOR('',#2156,1000.);
#1346=VECTOR('',#2159,1000.);
#1347=VECTOR('',#2160,1000.);
#1348=VECTOR('',#2161,1000.);
#1349=VECTOR('',#2166,1000.);
#1350=VECTOR('',#2171,1000.);
#1351=VECTOR('',#2172,1000.);
#1352=VECTOR('',#2177,1000.);
#1353=VECTOR('',#2182,1000.);
#1354=VECTOR('',#2183,1000.);
#1355=VECTOR('',#2184,1000.);
#1356=VECTOR('',#2197,1000.);
#1357=VECTOR('',#2198,1000.);
#1358=VECTOR('',#2199,1000.);
#1359=VECTOR('',#2200,1000.);
#1360=VECTOR('',#2203,1000.);
#1361=VECTOR('',#2204,1000.);
#1362=VECTOR('',#2205,1000.);
#1363=VECTOR('',#2208,1000.);
#1364=VECTOR('',#2209,1000.);
#1365=VECTOR('',#2210,1000.);
#1366=VECTOR('',#2215,1000.);
#1367=VECTOR('',#2220,1000.);
#1368=VECTOR('',#2221,1000.);
#1369=VECTOR('',#2226,1000.);
#1370=VECTOR('',#2231,1000.);
#1371=VECTOR('',#2232,1000.);
#1372=VECTOR('',#2233,1000.);
#1373=VECTOR('',#2246,1000.);
#1374=VECTOR('',#2247,1000.);
#1375=VECTOR('',#2248,1000.);
#1376=VECTOR('',#2255,1000.);
#1377=VECTOR('',#2260,1000.);
#1378=VECTOR('',#2261,1000.);
#1379=VECTOR('',#2262,1000.);
#1380=VECTOR('',#2265,1000.);
#1381=VECTOR('',#2268,1000.);
#1382=VECTOR('',#2271,1000.);
#1383=VECTOR('',#2272,1000.);
#1384=VECTOR('',#2273,1000.);
#1385=VECTOR('',#2278,1000.);
#1386=VECTOR('',#2281,1000.);
#1387=VECTOR('',#2284,1000.);
#1388=VECTOR('',#2287,1000.);
#1389=VECTOR('',#2290,1000.);
#1390=VECTOR('',#2297,1000.);
#1391=VECTOR('',#2298,1000.);
#1392=VECTOR('',#2299,1000.);
#1393=VECTOR('',#2300,1000.);
#1394=VECTOR('',#2303,1000.);
#1395=VECTOR('',#2304,1000.);
#1396=VECTOR('',#2305,1000.);
#1397=VECTOR('',#2306,1000.);
#1398=VECTOR('',#2309,1000.);
#1399=VECTOR('',#2310,1000.);
#1400=VECTOR('',#2311,1000.);
#1401=VECTOR('',#2312,1000.);
#1402=VECTOR('',#2315,1000.);
#1403=VECTOR('',#2316,1000.);
#1404=VECTOR('',#2317,1000.);
#1405=VECTOR('',#2318,1000.);
#1406=VECTOR('',#2321,1000.);
#1407=VECTOR('',#2322,1000.);
#1408=VECTOR('',#2323,1000.);
#1409=VECTOR('',#2324,1000.);
#1410=EDGE_LOOP('',(#81,#82,#83,#84,#85,#86,#87,#88,#89));
#1411=EDGE_LOOP('',(#90,#91,#92,#93,#94,#95,#96,#97,#98));
#1412=EDGE_LOOP('',(#99,#100,#101,#102,#103,#104));
#1413=EDGE_LOOP('',(#105,#106,#107,#108));
#1414=EDGE_LOOP('',(#109,#110,#111,#112));
#1415=EDGE_LOOP('',(#113,#114,#115,#116));
#1416=EDGE_LOOP('',(#117,#118,#119,#120,#121,#122));
#1417=EDGE_LOOP('',(#123,#124,#125,#126,#127,#128));
#1418=EDGE_LOOP('',(#129,#130,#131,#132));
#1419=EDGE_LOOP('',(#133,#134,#135,#136,#137,#138,#139,#140,#141,#142,#143,
#144,#145,#146,#147,#148,#149,#150));
#1420=EDGE_LOOP('',(#151,#152,#153,#154,#155,#156));
#1421=EDGE_LOOP('',(#157,#158,#159,#160));
#1422=EDGE_LOOP('',(#161,#162,#163,#164));
#1423=EDGE_LOOP('',(#165,#166,#167,#168,#169,#170,#171,#172,#173,#174,#175,
#176,#177,#178,#179,#180,#181,#182));
#1424=EDGE_LOOP('',(#183,#184,#185,#186,#187,#188,#189,#190,#191,#192,#193,
#194,#195,#196,#197,#198,#199,#200,#201,#202));
#1425=EDGE_LOOP('',(#203,#204,#205,#206));
#1426=EDGE_LOOP('',(#207,#208,#209));
#1427=EDGE_LOOP('',(#210,#211,#212,#213));
#1428=EDGE_LOOP('',(#214,#215,#216));
#1429=EDGE_LOOP('',(#217,#218,#219,#220));
#1430=EDGE_LOOP('',(#221,#222,#223,#224));
#1431=EDGE_LOOP('',(#225,#226,#227,#228));
#1432=EDGE_LOOP('',(#229,#230,#231,#232));
#1433=EDGE_LOOP('',(#233,#234,#235,#236));
#1434=EDGE_LOOP('',(#237,#238,#239,#240,#241,#242,#243,#244));
#1435=EDGE_LOOP('',(#245,#246,#247,#248));
#1436=EDGE_LOOP('',(#249,#250,#251,#252));
#1437=EDGE_LOOP('',(#253,#254,#255,#256));
#1438=EDGE_LOOP('',(#257,#258,#259,#260));
#1439=EDGE_LOOP('',(#261,#262,#263,#264));
#1440=EDGE_LOOP('',(#265,#266,#267,#268));
#1441=EDGE_LOOP('',(#269,#270,#271,#272));
#1442=EDGE_LOOP('',(#273,#274,#275,#276));
#1443=EDGE_LOOP('',(#277,#278,#279,#280));
#1444=EDGE_LOOP('',(#281,#282,#283,#284,#285,#286,#287,#288));
#1445=EDGE_LOOP('',(#289,#290,#291,#292));
#1446=EDGE_LOOP('',(#293,#294,#295,#296));
#1447=EDGE_LOOP('',(#297,#298,#299,#300));
#1448=EDGE_LOOP('',(#301,#302,#303,#304));
#1449=EDGE_LOOP('',(#305,#306,#307,#308));
#1450=EDGE_LOOP('',(#309,#310,#311,#312));
#1451=EDGE_LOOP('',(#313,#314,#315,#316));
#1452=EDGE_LOOP('',(#317,#318,#319,#320));
#1453=EDGE_LOOP('',(#321,#322,#323,#324));
#1454=EDGE_LOOP('',(#325,#326,#327,#328));
#1455=EDGE_LOOP('',(#329,#330,#331,#332));
#1456=EDGE_LOOP('',(#333,#334,#335,#336));
#1457=EDGE_LOOP('',(#337,#338,#339,#340));
#1458=EDGE_LOOP('',(#341,#342,#343,#344));
#1459=EDGE_LOOP('',(#345,#346,#347,#348));
#1460=EDGE_LOOP('',(#349,#350,#351,#352));
#1461=EDGE_LOOP('',(#353,#354,#355,#356));
#1462=EDGE_LOOP('',(#357,#358,#359,#360));
#1463=EDGE_LOOP('',(#361,#362,#363,#364));
#1464=EDGE_LOOP('',(#365,#366,#367,#368));
#1465=EDGE_LOOP('',(#369,#370,#371,#372));
#1466=EDGE_LOOP('',(#373,#374,#375,#376));
#1467=EDGE_LOOP('',(#377,#378,#379,#380));
#1468=EDGE_LOOP('',(#381,#382,#383,#384));
#1469=EDGE_LOOP('',(#385,#386,#387,#388,#389,#390,#391,#392,#393));
#1470=EDGE_LOOP('',(#394,#395,#396,#397,#398,#399,#400,#401,#402));
#1471=EDGE_LOOP('',(#403,#404,#405,#406));
#1472=EDGE_LOOP('',(#407,#408,#409,#410));
#1473=EDGE_LOOP('',(#411,#412,#413,#414));
#1474=EDGE_LOOP('',(#415,#416,#417,#418));
#1475=EDGE_LOOP('',(#419,#420,#421,#422));
#1476=EDGE_LOOP('',(#423,#424,#425,#426));
#1477=EDGE_LOOP('',(#427,#428,#429,#430));
#1478=EDGE_LOOP('',(#431,#432,#433,#434));
#1479=EDGE_LOOP('',(#435,#436,#437,#438,#439,#440,#441,#442,#443));
#1480=EDGE_LOOP('',(#444,#445,#446,#447,#448,#449,#450,#451,#452));
#1481=EDGE_LOOP('',(#453,#454,#455,#456));
#1482=EDGE_LOOP('',(#457,#458,#459,#460));
#1483=EDGE_LOOP('',(#461,#462,#463,#464,#465,#466,#467,#468,#469));
#1484=EDGE_LOOP('',(#470,#471,#472,#473,#474,#475,#476,#477,#478));
#1485=EDGE_LOOP('',(#479,#480,#481,#482));
#1486=EDGE_LOOP('',(#483,#484,#485,#486));
#1487=EDGE_LOOP('',(#487,#488,#489,#490));
#1488=EDGE_LOOP('',(#491,#492,#493,#494));
#1489=EDGE_LOOP('',(#495,#496,#497,#498));
#1490=EDGE_LOOP('',(#499,#500,#501,#502));
#1491=EDGE_LOOP('',(#503,#504,#505,#506));
#1492=EDGE_LOOP('',(#507,#508,#509,#510));
#1493=EDGE_LOOP('',(#511,#512,#513,#514));
#1494=EDGE_LOOP('',(#515,#516,#517,#518));
#1495=EDGE_LOOP('',(#519,#520,#521,#522));
#1496=EDGE_LOOP('',(#523,#524,#525,#526,#527,#528));
#1497=EDGE_LOOP('',(#529,#530,#531,#532,#533,#534,#535,#536));
#1498=EDGE_LOOP('',(#537,#538,#539,#540,#541,#542));
#1499=EDGE_LOOP('',(#543,#544,#545,#546,#547,#548));
#1500=EDGE_LOOP('',(#549,#550,#551,#552,#553,#554));
#1501=EDGE_LOOP('',(#555,#556,#557,#558,#559));
#1502=EDGE_LOOP('',(#560,#561,#562,#563,#564));
#1503=EDGE_LOOP('',(#565,#566,#567,#568,#569));
#1504=EDGE_LOOP('',(#570,#571,#572,#573,#574));
#1505=FACE_BOUND('',#1410,.T.);
#1506=FACE_BOUND('',#1411,.T.);
#1507=FACE_BOUND('',#1412,.T.);
#1508=FACE_BOUND('',#1413,.T.);
#1509=FACE_BOUND('',#1414,.T.);
#1510=FACE_BOUND('',#1415,.T.);
#1511=FACE_BOUND('',#1416,.T.);
#1512=FACE_BOUND('',#1417,.T.);
#1513=FACE_BOUND('',#1418,.T.);
#1514=FACE_BOUND('',#1419,.T.);
#1515=FACE_BOUND('',#1420,.T.);
#1516=FACE_BOUND('',#1421,.T.);
#1517=FACE_BOUND('',#1422,.T.);
#1518=FACE_BOUND('',#1423,.T.);
#1519=FACE_BOUND('',#1424,.T.);
#1520=FACE_BOUND('',#1425,.T.);
#1521=FACE_BOUND('',#1426,.T.);
#1522=FACE_BOUND('',#1427,.T.);
#1523=FACE_BOUND('',#1428,.T.);
#1524=FACE_BOUND('',#1429,.T.);
#1525=FACE_BOUND('',#1430,.T.);
#1526=FACE_BOUND('',#1431,.T.);
#1527=FACE_BOUND('',#1432,.T.);
#1528=FACE_BOUND('',#1433,.T.);
#1529=FACE_BOUND('',#1434,.T.);
#1530=FACE_BOUND('',#1435,.T.);
#1531=FACE_BOUND('',#1436,.T.);
#1532=FACE_BOUND('',#1437,.T.);
#1533=FACE_BOUND('',#1438,.T.);
#1534=FACE_BOUND('',#1439,.T.);
#1535=FACE_BOUND('',#1440,.T.);
#1536=FACE_BOUND('',#1441,.T.);
#1537=FACE_BOUND('',#1442,.T.);
#1538=FACE_BOUND('',#1443,.T.);
#1539=FACE_BOUND('',#1444,.T.);
#1540=FACE_BOUND('',#1445,.T.);
#1541=FACE_BOUND('',#1446,.T.);
#1542=FACE_BOUND('',#1447,.T.);
#1543=FACE_BOUND('',#1448,.T.);
#1544=FACE_BOUND('',#1449,.T.);
#1545=FACE_BOUND('',#1450,.T.);
#1546=FACE_BOUND('',#1451,.T.);
#1547=FACE_BOUND('',#1452,.T.);
#1548=FACE_BOUND('',#1453,.T.);
#1549=FACE_BOUND('',#1454,.T.);
#1550=FACE_BOUND('',#1455,.T.);
#1551=FACE_BOUND('',#1456,.T.);
#1552=FACE_BOUND('',#1457,.T.);
#1553=FACE_BOUND('',#1458,.T.);
#1554=FACE_BOUND('',#1459,.T.);
#1555=FACE_BOUND('',#1460,.T.);
#1556=FACE_BOUND('',#1461,.T.);
#1557=FACE_BOUND('',#1462,.T.);
#1558=FACE_BOUND('',#1463,.T.);
#1559=FACE_BOUND('',#1464,.T.);
#1560=FACE_BOUND('',#1465,.T.);
#1561=FACE_BOUND('',#1466,.T.);
#1562=FACE_BOUND('',#1467,.T.);
#1563=FACE_BOUND('',#1468,.T.);
#1564=FACE_BOUND('',#1469,.T.);
#1565=FACE_BOUND('',#1470,.T.);
#1566=FACE_BOUND('',#1471,.T.);
#1567=FACE_BOUND('',#1472,.T.);
#1568=FACE_BOUND('',#1473,.T.);
#1569=FACE_BOUND('',#1474,.T.);
#1570=FACE_BOUND('',#1475,.T.);
#1571=FACE_BOUND('',#1476,.T.);
#1572=FACE_BOUND('',#1477,.T.);
#1573=FACE_BOUND('',#1478,.T.);
#1574=FACE_BOUND('',#1479,.T.);
#1575=FACE_BOUND('',#1480,.T.);
#1576=FACE_BOUND('',#1481,.T.);
#1577=FACE_BOUND('',#1482,.T.);
#1578=FACE_BOUND('',#1483,.T.);
#1579=FACE_BOUND('',#1484,.T.);
#1580=FACE_BOUND('',#1485,.T.);
#1581=FACE_BOUND('',#1486,.T.);
#1582=FACE_BOUND('',#1487,.T.);
#1583=FACE_BOUND('',#1488,.T.);
#1584=FACE_BOUND('',#1489,.T.);
#1585=FACE_BOUND('',#1490,.T.);
#1586=FACE_BOUND('',#1491,.T.);
#1587=FACE_BOUND('',#1492,.T.);
#1588=FACE_BOUND('',#1493,.T.);
#1589=FACE_BOUND('',#1494,.T.);
#1590=FACE_BOUND('',#1495,.T.);
#1591=FACE_BOUND('',#1496,.T.);
#1592=FACE_BOUND('',#1497,.T.);
#1593=FACE_BOUND('',#1498,.T.);
#1594=FACE_BOUND('',#1499,.T.);
#1595=FACE_BOUND('',#1500,.T.);
#1596=FACE_BOUND('',#1501,.T.);
#1597=FACE_BOUND('',#1502,.T.);
#1598=FACE_BOUND('',#1503,.T.);
#1599=FACE_BOUND('',#1504,.T.);
#1600=PLANE('',#1778);
#1601=PLANE('',#1779);
#1602=PLANE('',#1780);
#1603=PLANE('',#1781);
#1604=PLANE('',#1782);
#1605=PLANE('',#1783);
#1606=PLANE('',#1784);
#1607=PLANE('',#1785);
#1608=PLANE('',#1786);
#1609=PLANE('',#1787);
#1610=PLANE('',#1788);
#1611=PLANE('',#1789);
#1612=PLANE('',#1790);
#1613=PLANE('',#1791);
#1614=PLANE('',#1792);
#1615=PLANE('',#1793);
#1616=PLANE('',#1794);
#1617=PLANE('',#1795);
#1618=PLANE('',#1796);
#1619=PLANE('',#1797);
#1620=PLANE('',#1798);
#1621=PLANE('',#1799);
#1622=PLANE('',#1800);
#1623=PLANE('',#1801);
#1624=PLANE('',#1802);
#1625=PLANE('',#1803);
#1626=PLANE('',#1804);
#1627=PLANE('',#1805);
#1628=PLANE('',#1806);
#1629=PLANE('',#1807);
#1630=PLANE('',#1808);
#1631=PLANE('',#1809);
#1632=PLANE('',#1810);
#1633=PLANE('',#1811);
#1634=PLANE('',#1812);
#1635=PLANE('',#1813);
#1636=PLANE('',#1814);
#1637=PLANE('',#1815);
#1638=PLANE('',#1816);
#1639=PLANE('',#1817);
#1640=PLANE('',#1818);
#1641=PLANE('',#1819);
#1642=PLANE('',#1820);
#1643=PLANE('',#1821);
#1644=PLANE('',#1822);
#1645=PLANE('',#1823);
#1646=PLANE('',#1824);
#1647=PLANE('',#1825);
#1648=PLANE('',#1826);
#1649=PLANE('',#1827);
#1650=PLANE('',#1828);
#1651=PLANE('',#1832);
#1652=PLANE('',#1836);
#1653=PLANE('',#1840);
#1654=PLANE('',#1841);
#1655=PLANE('',#1842);
#1656=PLANE('',#1843);
#1657=PLANE('',#1844);
#1658=PLANE('',#1848);
#1659=PLANE('',#1852);
#1660=PLANE('',#1856);
#1661=PLANE('',#1857);
#1662=PLANE('',#1858);
#1663=PLANE('',#1862);
#1664=PLANE('',#1865);
#1665=PLANE('',#1869);
#1666=PLANE('',#1870);
#1667=PLANE('',#1871);
#1668=PLANE('',#1873);
#1669=PLANE('',#1875);
#1670=PLANE('',#1876);
#1671=PLANE('',#1877);
#1672=PLANE('',#1878);
#1673=PLANE('',#1879);
#1674=PLANE('',#1885);
#1675=ADVANCED_FACE('',(#1505),#1600,.F.);
#1676=ADVANCED_FACE('',(#1506),#1601,.F.);
#1677=ADVANCED_FACE('',(#1507),#1602,.T.);
#1678=ADVANCED_FACE('',(#1508),#1603,.T.);
#1679=ADVANCED_FACE('',(#1509),#1604,.T.);
#1680=ADVANCED_FACE('',(#1510),#1605,.T.);
#1681=ADVANCED_FACE('',(#1511),#1606,.T.);
#1682=ADVANCED_FACE('',(#1512),#1607,.F.);
#1683=ADVANCED_FACE('',(#1513,#1514),#1608,.F.);
#1684=ADVANCED_FACE('',(#1515),#1609,.F.);
#1685=ADVANCED_FACE('',(#1516,#1517,#1518),#1610,.T.);
#1686=ADVANCED_FACE('',(#1519),#1611,.F.);
#1687=ADVANCED_FACE('',(#1520),#1612,.T.);
#1688=ADVANCED_FACE('',(#1521),#1613,.T.);
#1689=ADVANCED_FACE('',(#1522),#1614,.T.);
#1690=ADVANCED_FACE('',(#1523),#1615,.F.);
#1691=ADVANCED_FACE('',(#1524),#1616,.F.);
#1692=ADVANCED_FACE('',(#1525),#1617,.F.);
#1693=ADVANCED_FACE('',(#1526),#1618,.F.);
#1694=ADVANCED_FACE('',(#1527),#1619,.F.);
#1695=ADVANCED_FACE('',(#1528),#1620,.F.);
#1696=ADVANCED_FACE('',(#1529),#1621,.F.);
#1697=ADVANCED_FACE('',(#1530),#1622,.F.);
#1698=ADVANCED_FACE('',(#1531),#1623,.F.);
#1699=ADVANCED_FACE('',(#1532),#1624,.F.);
#1700=ADVANCED_FACE('',(#1533),#1625,.F.);
#1701=ADVANCED_FACE('',(#1534),#1626,.F.);
#1702=ADVANCED_FACE('',(#1535),#1627,.F.);
#1703=ADVANCED_FACE('',(#1536),#1628,.F.);
#1704=ADVANCED_FACE('',(#1537),#1629,.F.);
#1705=ADVANCED_FACE('',(#1538),#1630,.F.);
#1706=ADVANCED_FACE('',(#1539),#1631,.F.);
#1707=ADVANCED_FACE('',(#1540),#1632,.F.);
#1708=ADVANCED_FACE('',(#1541),#1633,.F.);
#1709=ADVANCED_FACE('',(#1542),#1634,.F.);
#1710=ADVANCED_FACE('',(#1543),#1635,.F.);
#1711=ADVANCED_FACE('',(#1544),#1636,.F.);
#1712=ADVANCED_FACE('',(#1545),#1637,.F.);
#1713=ADVANCED_FACE('',(#1546),#1638,.F.);
#1714=ADVANCED_FACE('',(#1547),#1639,.F.);
#1715=ADVANCED_FACE('',(#1548),#1640,.F.);
#1716=ADVANCED_FACE('',(#1549),#1641,.F.);
#1717=ADVANCED_FACE('',(#1550),#1642,.F.);
#1718=ADVANCED_FACE('',(#1551),#1643,.T.);
#1719=ADVANCED_FACE('',(#1552),#1644,.F.);
#1720=ADVANCED_FACE('',(#1553),#1645,.F.);
#1721=ADVANCED_FACE('',(#1554),#1646,.F.);
#1722=ADVANCED_FACE('',(#1555),#1647,.T.);
#1723=ADVANCED_FACE('',(#1556),#1648,.F.);
#1724=ADVANCED_FACE('',(#1557),#1649,.F.);
#1725=ADVANCED_FACE('',(#1558),#1650,.F.);
#1726=ADVANCED_FACE('',(#1559),#64,.T.);
#1727=ADVANCED_FACE('',(#1560),#1651,.F.);
#1728=ADVANCED_FACE('',(#1561),#65,.T.);
#1729=ADVANCED_FACE('',(#1562),#1652,.F.);
#1730=ADVANCED_FACE('',(#1563),#66,.F.);
#1731=ADVANCED_FACE('',(#1564),#1653,.T.);
#1732=ADVANCED_FACE('',(#1565),#1654,.F.);
#1733=ADVANCED_FACE('',(#1566),#1655,.F.);
#1734=ADVANCED_FACE('',(#1567),#1656,.F.);
#1735=ADVANCED_FACE('',(#1568),#1657,.F.);
#1736=ADVANCED_FACE('',(#1569),#67,.T.);
#1737=ADVANCED_FACE('',(#1570),#1658,.F.);
#1738=ADVANCED_FACE('',(#1571),#68,.T.);
#1739=ADVANCED_FACE('',(#1572),#1659,.F.);
#1740=ADVANCED_FACE('',(#1573),#69,.F.);
#1741=ADVANCED_FACE('',(#1574),#1660,.T.);
#1742=ADVANCED_FACE('',(#1575),#1661,.F.);
#1743=ADVANCED_FACE('',(#1576),#1662,.F.);
#1744=ADVANCED_FACE('',(#1577),#70,.T.);
#1745=ADVANCED_FACE('',(#1578),#1663,.T.);
#1746=ADVANCED_FACE('',(#1579),#1664,.F.);
#1747=ADVANCED_FACE('',(#1580),#71,.T.);
#1748=ADVANCED_FACE('',(#1581),#1665,.F.);
#1749=ADVANCED_FACE('',(#1582),#1666,.F.);
#1750=ADVANCED_FACE('',(#1583),#1667,.F.);
#1751=ADVANCED_FACE('',(#1584),#72,.F.);
#1752=ADVANCED_FACE('',(#1585),#1668,.F.);
#1753=ADVANCED_FACE('',(#1586),#1669,.F.);
#1754=ADVANCED_FACE('',(#1587),#1670,.F.);
#1755=ADVANCED_FACE('',(#1588),#1671,.T.);
#1756=ADVANCED_FACE('',(#1589),#1672,.F.);
#1757=ADVANCED_FACE('',(#1590),#1673,.F.);
#1758=ADVANCED_FACE('',(#1591),#73,.T.);
#1759=ADVANCED_FACE('',(#1592),#1674,.F.);
#1760=ADVANCED_FACE('',(#1593),#74,.T.);
#1761=ADVANCED_FACE('',(#1594),#75,.T.);
#1762=ADVANCED_FACE('',(#1595),#76,.T.);
#1763=ADVANCED_FACE('',(#1596),#77,.T.);
#1764=ADVANCED_FACE('',(#1597),#78,.T.);
#1765=ADVANCED_FACE('',(#1598),#79,.T.);
#1766=ADVANCED_FACE('',(#1599),#80,.T.);
#1767=CLOSED_SHELL('',(#1675,#1676,#1677,#1678,#1679,#1680,#1681,#1682,
#1683,#1684,#1685,#1686,#1687,#1688,#1689,#1690,#1691,#1692,#1693,#1694,
#1695,#1696,#1697,#1698,#1699,#1700,#1701,#1702,#1703,#1704,#1705,#1706,
#1707,#1708,#1709,#1710,#1711,#1712,#1713,#1714,#1715,#1716,#1717,#1718,
#1719,#1720,#1721,#1722,#1723,#1724,#1725,#1726,#1727,#1728,#1729,#1730,
#1731,#1732,#1733,#1734,#1735,#1736,#1737,#1738,#1739,#1740,#1741,#1742,
#1743,#1744,#1745,#1746,#1747,#1748,#1749,#1750,#1751,#1752));
#1768=CLOSED_SHELL('',(#1753,#1754,#1755,#1756,#1757,#1758,#1759,#1760,
#1761,#1762,#1763,#1764,#1765,#1766));
#1769=MANIFOLD_SOLID_BREP('CJS_c_12',#1767);
#1770=MANIFOLD_SOLID_BREP('CJS Slider_s',#1768);
#1771=SHAPE_DEFINITION_REPRESENTATION(#2890,#1774);
#1772=SHAPE_DEFINITION_REPRESENTATION(#2891,#1775);
#1773=SHAPE_DEFINITION_REPRESENTATION(#2893,#1776);
#1774=SHAPE_REPRESENTATION('CJS-1200B',(#1777,#1874,#1905),#2881);
#1775=SHAPE_REPRESENTATION('CJS_c_12',(#1777),#2882);
#1776=SHAPE_REPRESENTATION('CJS Slider_s',(#1777),#2883);
#1777=AXIS2_PLACEMENT_3D('',#2377,#1906,#1907);
#1778=AXIS2_PLACEMENT_3D('',#2378,#1908,#1909);
#1779=AXIS2_PLACEMENT_3D('',#2397,#1919,#1920);
#1780=AXIS2_PLACEMENT_3D('',#2416,#1930,#1931);
#1781=AXIS2_PLACEMENT_3D('',#2423,#1936,#1937);
#1782=AXIS2_PLACEMENT_3D('',#2429,#1941,#1942);
#1783=AXIS2_PLACEMENT_3D('',#2435,#1946,#1947);
#1784=AXIS2_PLACEMENT_3D('',#2441,#1951,#1952);
#1785=AXIS2_PLACEMENT_3D('',#2445,#1956,#1957);
#1786=AXIS2_PLACEMENT_3D('',#2455,#1963,#1964);
#1787=AXIS2_PLACEMENT_3D('',#2491,#1984,#1985);
#1788=AXIS2_PLACEMENT_3D('',#2499,#1990,#1991);
#1789=AXIS2_PLACEMENT_3D('',#2541,#2014,#2015);
#1790=AXIS2_PLACEMENT_3D('',#2570,#2032,#2033);
#1791=AXIS2_PLACEMENT_3D('',#2572,#2035,#2036);
#1792=AXIS2_PLACEMENT_3D('',#2573,#2037,#2038);
#1793=AXIS2_PLACEMENT_3D('',#2575,#2040,#2041);
#1794=AXIS2_PLACEMENT_3D('',#2576,#2042,#2043);
#1795=AXIS2_PLACEMENT_3D('',#2580,#2046,#2047);
#1796=AXIS2_PLACEMENT_3D('',#2584,#2050,#2051);
#1797=AXIS2_PLACEMENT_3D('',#2590,#2055,#2056);
#1798=AXIS2_PLACEMENT_3D('',#2592,#2058,#2059);
#1799=AXIS2_PLACEMENT_3D('',#2594,#2061,#2062);
#1800=AXIS2_PLACEMENT_3D('',#2595,#2063,#2064);
#1801=AXIS2_PLACEMENT_3D('',#2599,#2067,#2068);
#1802=AXIS2_PLACEMENT_3D('',#2603,#2071,#2072);
#1803=AXIS2_PLACEMENT_3D('',#2605,#2074,#2075);
#1804=AXIS2_PLACEMENT_3D('',#2606,#2076,#2077);
#1805=AXIS2_PLACEMENT_3D('',#2610,#2080,#2081);
#1806=AXIS2_PLACEMENT_3D('',#2614,#2084,#2085);
#1807=AXIS2_PLACEMENT_3D('',#2618,#2088,#2089);
#1808=AXIS2_PLACEMENT_3D('',#2622,#2092,#2093);
#1809=AXIS2_PLACEMENT_3D('',#2624,#2095,#2096);
#1810=AXIS2_PLACEMENT_3D('',#2625,#2097,#2098);
#1811=AXIS2_PLACEMENT_3D('',#2631,#2102,#2103);
#1812=AXIS2_PLACEMENT_3D('',#2633,#2105,#2106);
#1813=AXIS2_PLACEMENT_3D('',#2635,#2108,#2109);
#1814=AXIS2_PLACEMENT_3D('',#2636,#2110,#2111);
#1815=AXIS2_PLACEMENT_3D('',#2638,#2113,#2114);
#1816=AXIS2_PLACEMENT_3D('',#2639,#2115,#2116);
#1817=AXIS2_PLACEMENT_3D('',#2641,#2118,#2119);
#1818=AXIS2_PLACEMENT_3D('',#2642,#2120,#2121);
#1819=AXIS2_PLACEMENT_3D('',#2648,#2125,#2126);
#1820=AXIS2_PLACEMENT_3D('',#2650,#2128,#2129);
#1821=AXIS2_PLACEMENT_3D('',#2652,#2131,#2132);
#1822=AXIS2_PLACEMENT_3D('',#2653,#2133,#2134);
#1823=AXIS2_PLACEMENT_3D('',#2657,#2137,#2138);
#1824=AXIS2_PLACEMENT_3D('',#2661,#2141,#2142);
#1825=AXIS2_PLACEMENT_3D('',#2663,#2144,#2145);
#1826=AXIS2_PLACEMENT_3D('',#2664,#2146,#2147);
#1827=AXIS2_PLACEMENT_3D('',#2673,#2152,#2153);
#1828=AXIS2_PLACEMENT_3D('',#2679,#2157,#2158);
#1829=AXIS2_PLACEMENT_3D('',#2685,#2162,#2163);
#1830=AXIS2_PLACEMENT_3D('',#2686,#2164,#2165);
#1831=AXIS2_PLACEMENT_3D('',#2690,#2167,#2168);
#1832=AXIS2_PLACEMENT_3D('',#2691,#2169,#2170);
#1833=AXIS2_PLACEMENT_3D('',#2694,#2173,#2174);
#1834=AXIS2_PLACEMENT_3D('',#2695,#2175,#2176);
#1835=AXIS2_PLACEMENT_3D('',#2699,#2178,#2179);
#1836=AXIS2_PLACEMENT_3D('',#2700,#2180,#2181);
#1837=AXIS2_PLACEMENT_3D('',#2706,#2185,#2186);
#1838=AXIS2_PLACEMENT_3D('',#2707,#2187,#2188);
#1839=AXIS2_PLACEMENT_3D('',#2708,#2189,#2190);
#1840=AXIS2_PLACEMENT_3D('',#2709,#2191,#2192);
#1841=AXIS2_PLACEMENT_3D('',#2710,#2193,#2194);
#1842=AXIS2_PLACEMENT_3D('',#2711,#2195,#2196);
#1843=AXIS2_PLACEMENT_3D('',#2720,#2201,#2202);
#1844=AXIS2_PLACEMENT_3D('',#2726,#2206,#2207);
#1845=AXIS2_PLACEMENT_3D('',#2732,#2211,#2212);
#1846=AXIS2_PLACEMENT_3D('',#2733,#2213,#2214);
#1847=AXIS2_PLACEMENT_3D('',#2737,#2216,#2217);
#1848=AXIS2_PLACEMENT_3D('',#2738,#2218,#2219);
#1849=AXIS2_PLACEMENT_3D('',#2741,#2222,#2223);
#1850=AXIS2_PLACEMENT_3D('',#2742,#2224,#2225);
#1851=AXIS2_PLACEMENT_3D('',#2746,#2227,#2228);
#1852=AXIS2_PLACEMENT_3D('',#2747,#2229,#2230);
#1853=AXIS2_PLACEMENT_3D('',#2753,#2234,#2235);
#1854=AXIS2_PLACEMENT_3D('',#2754,#2236,#2237);
#1855=AXIS2_PLACEMENT_3D('',#2755,#2238,#2239);
#1856=AXIS2_PLACEMENT_3D('',#2756,#2240,#2241);
#1857=AXIS2_PLACEMENT_3D('',#2757,#2242,#2243);
#1858=AXIS2_PLACEMENT_3D('',#2758,#2244,#2245);
#1859=AXIS2_PLACEMENT_3D('',#2764,#2249,#2250);
#1860=AXIS2_PLACEMENT_3D('',#2765,#2251,#2252);
#1861=AXIS2_PLACEMENT_3D('',#2767,#2253,#2254);
#1862=AXIS2_PLACEMENT_3D('',#2770,#2256,#2257);
#1863=AXIS2_PLACEMENT_3D('',#2771,#2258,#2259);
#1864=AXIS2_PLACEMENT_3D('',#2779,#2263,#2264);
#1865=AXIS2_PLACEMENT_3D('',#2782,#2266,#2267);
#1866=AXIS2_PLACEMENT_3D('',#2785,#2269,#2270);
#1867=AXIS2_PLACEMENT_3D('',#2793,#2274,#2275);
#1868=AXIS2_PLACEMENT_3D('',#2794,#2276,#2277);
#1869=AXIS2_PLACEMENT_3D('',#2796,#2279,#2280);
#1870=AXIS2_PLACEMENT_3D('',#2798,#2282,#2283);
#1871=AXIS2_PLACEMENT_3D('',#2800,#2285,#2286);
#1872=AXIS2_PLACEMENT_3D('',#2802,#2288,#2289);
#1873=AXIS2_PLACEMENT_3D('',#2804,#2291,#2292);
#1874=AXIS2_PLACEMENT_3D('',#2805,#2293,#2294);
#1875=AXIS2_PLACEMENT_3D('',#2806,#2295,#2296);
#1876=AXIS2_PLACEMENT_3D('',#2815,#2301,#2302);
#1877=AXIS2_PLACEMENT_3D('',#2824,#2307,#2308);
#1878=AXIS2_PLACEMENT_3D('',#2833,#2313,#2314);
#1879=AXIS2_PLACEMENT_3D('',#2842,#2319,#2320);
#1880=AXIS2_PLACEMENT_3D('',#2851,#2325,#2326);
#1881=AXIS2_PLACEMENT_3D('',#2852,#2327,#2328);
#1882=AXIS2_PLACEMENT_3D('',#2854,#2329,#2330);
#1883=AXIS2_PLACEMENT_3D('',#2855,#2331,#2332);
#1884=AXIS2_PLACEMENT_3D('',#2857,#2333,#2334);
#1885=AXIS2_PLACEMENT_3D('',#2858,#2335,#2336);
#1886=AXIS2_PLACEMENT_3D('',#2859,#2337,#2338);
#1887=AXIS2_PLACEMENT_3D('',#2860,#2339,#2340);
#1888=AXIS2_PLACEMENT_3D('',#2861,#2341,#2342);
#1889=AXIS2_PLACEMENT_3D('',#2862,#2343,#2344);
#1890=AXIS2_PLACEMENT_3D('',#2863,#2345,#2346);
#1891=AXIS2_PLACEMENT_3D('',#2864,#2347,#2348);
#1892=AXIS2_PLACEMENT_3D('',#2866,#2349,#2350);
#1893=AXIS2_PLACEMENT_3D('',#2867,#2351,#2352);
#1894=AXIS2_PLACEMENT_3D('',#2869,#2353,#2354);
#1895=AXIS2_PLACEMENT_3D('',#2870,#2355,#2356);
#1896=AXIS2_PLACEMENT_3D('',#2871,#2357,#2358);
#1897=AXIS2_PLACEMENT_3D('',#2872,#2359,#2360);
#1898=AXIS2_PLACEMENT_3D('',#2873,#2361,#2362);
#1899=AXIS2_PLACEMENT_3D('',#2874,#2363,#2364);
#1900=AXIS2_PLACEMENT_3D('',#2875,#2365,#2366);
#1901=AXIS2_PLACEMENT_3D('',#2876,#2367,#2368);
#1902=AXIS2_PLACEMENT_3D('',#2877,#2369,#2370);
#1903=AXIS2_PLACEMENT_3D('',#2878,#2371,#2372);
#1904=AXIS2_PLACEMENT_3D('',#2879,#2373,#2374);
#1905=AXIS2_PLACEMENT_3D('',#2880,#2375,#2376);
#1906=DIRECTION('',(0.,0.,1.));
#1907=DIRECTION('',(1.,0.,0.));
#1908=DIRECTION('',(0.,-1.,0.));
#1909=DIRECTION('',(0.,0.,-1.));
#1910=DIRECTION('',(-5.0821976835258E-17,0.,1.));
#1911=DIRECTION('',(-1.,0.,0.));
#1912=DIRECTION('',(0.707106781186548,0.,-0.707106781186547));
#1913=DIRECTION('',(0.,0.,-1.));
#1914=DIRECTION('',(-1.,0.,0.));
#1915=DIRECTION('',(-5.0821976835258E-17,0.,1.));
#1916=DIRECTION('',(-1.,0.,0.));
#1917=DIRECTION('',(0.,0.,1.));
#1918=DIRECTION('',(-1.,0.,0.));
#1919=DIRECTION('',(0.,-1.,0.));
#1920=DIRECTION('',(0.,0.,-1.));
#1921=DIRECTION('',(0.,0.,-1.));
#1922=DIRECTION('',(-1.,0.,0.));
#1923=DIRECTION('',(0.,0.,1.));
#1924=DIRECTION('',(-1.,0.,0.));
#1925=DIRECTION('',(0.,0.,-1.));
#1926=DIRECTION('',(-1.,0.,0.));
#1927=DIRECTION('',(-0.707106781186548,0.,0.707106781186548));
#1928=DIRECTION('',(0.,0.,-1.));
#1929=DIRECTION('',(-1.,0.,0.));
#1930=DIRECTION('',(0.,0.274721127897378,-0.961523947640823));
#1931=DIRECTION('',(0.,0.961523947640823,0.274721127897378));
#1932=DIRECTION('',(-1.,0.,0.));
#1933=DIRECTION('',(-0.919254719740988,0.378516649305113,0.108147614087175));
#1934=DIRECTION('',(-1.,0.,0.));
#1935=DIRECTION('',(-0.919254719740988,-0.378516649305113,-0.108147614087175));
#1936=DIRECTION('',(0.,0.,-1.));
#1937=DIRECTION('',(-1.,0.,0.));
#1938=DIRECTION('',(0.,-1.,0.));
#1939=DIRECTION('',(-1.,0.,0.));
#1940=DIRECTION('',(-2.40933816107898E-16,1.,0.));
#1941=DIRECTION('',(0.,1.,0.));
#1942=DIRECTION('',(0.,0.,1.));
#1943=DIRECTION('',(0.,0.,-1.));
#1944=DIRECTION('',(-1.,0.,0.));
#1945=DIRECTION('',(0.,0.,1.));
#1946=DIRECTION('',(0.,0.,1.));
#1947=DIRECTION('',(1.,0.,0.));
#1948=DIRECTION('',(0.,1.,0.));
#1949=DIRECTION('',(-1.,0.,0.));
#1950=DIRECTION('',(2.40933816107898E-16,-1.,0.));
#1951=DIRECTION('',(0.,0.274721127897378,0.961523947640823));
#1952=DIRECTION('',(0.,-0.961523947640823,0.274721127897378));
#1953=DIRECTION('',(1.,0.,0.));
#1954=DIRECTION('',(0.919254719740988,-0.378516649305113,0.108147614087175));
#1955=DIRECTION('',(0.919254719740988,0.378516649305113,-0.108147614087175));
#1956=DIRECTION('',(1.,0.,0.));
#1957=DIRECTION('',(0.,0.,-1.));
#1958=DIRECTION('',(0.,-1.,0.));
#1959=DIRECTION('',(0.,0.,1.));
#1960=DIRECTION('',(0.,-1.,0.));
#1961=DIRECTION('',(0.,-1.,0.));
#1962=DIRECTION('',(0.,0.,1.));
#1963=DIRECTION('',(0.,0.,1.));
#1964=DIRECTION('',(1.,0.,0.));
#1965=DIRECTION('',(-1.,0.,0.));
#1966=DIRECTION('',(0.,1.,0.));
#1967=DIRECTION('',(-1.,0.,0.));
#1968=DIRECTION('',(0.,1.,0.));
#1969=DIRECTION('',(0.,1.,0.));
#1970=DIRECTION('',(-1.,0.,0.));
#1971=DIRECTION('',(0.,-1.,0.));
#1972=DIRECTION('',(1.,0.,0.));
#1973=DIRECTION('',(0.,-1.,0.));
#1974=DIRECTION('',(-1.,0.,0.));
#1975=DIRECTION('',(0.,-1.,0.));
#1976=DIRECTION('',(1.,0.,0.));
#1977=DIRECTION('',(0.,-1.,0.));
#1978=DIRECTION('',(-1.,0.,0.));
#1979=DIRECTION('',(-1.,0.,0.));
#1980=DIRECTION('',(0.,-1.,0.));
#1981=DIRECTION('',(0.,-1.,0.));
#1982=DIRECTION('',(-1.,0.,0.));
#1983=DIRECTION('',(0.,-1.,0.));
#1984=DIRECTION('',(-1.,0.,0.));
#1985=DIRECTION('',(0.,0.,1.));
#1986=DIRECTION('',(0.,1.,0.));
#1987=DIRECTION('',(0.,0.,-1.));
#1988=DIRECTION('',(0.,-1.,0.));
#1989=DIRECTION('',(0.,0.,-1.));
#1990=DIRECTION('',(0.,0.,1.));
#1991=DIRECTION('',(1.,0.,0.));
#1992=DIRECTION('',(0.,1.,0.));
#1993=DIRECTION('',(-1.,0.,0.));
#1994=DIRECTION('',(0.,1.,0.));
#1995=DIRECTION('',(-1.,0.,0.));
#1996=DIRECTION('',(0.,1.,0.));
#1997=DIRECTION('',(-1.,0.,0.));
#1998=DIRECTION('',(0.,1.,0.));
#1999=DIRECTION('',(-1.,0.,0.));
#2000=DIRECTION('',(-1.,0.,0.));
#2001=DIRECTION('',(1.,0.,0.));
#2002=DIRECTION('',(0.,1.,0.));
#2003=DIRECTION('',(0.,-1.,0.));
#2004=DIRECTION('',(1.,0.,0.));
#2005=DIRECTION('',(0.,-1.,0.));
#2006=DIRECTION('',(-1.,0.,0.));
#2007=DIRECTION('',(0.,-1.,0.));
#2008=DIRECTION('',(1.,0.,0.));
#2009=DIRECTION('',(0.,-1.,0.));
#2010=DIRECTION('',(-1.,0.,0.));
#2011=DIRECTION('',(0.,-1.,0.));
#2012=DIRECTION('',(1.,0.,0.));
#2013=DIRECTION('',(0.,-1.,0.));
#2014=DIRECTION('',(0.,1.,0.));
#2015=DIRECTION('',(0.,0.,1.));
#2016=DIRECTION('',(3.25260651745651E-16,0.,1.));
#2017=DIRECTION('',(1.,0.,0.));
#2018=DIRECTION('',(0.,0.,-1.));
#2019=DIRECTION('',(0.,0.,1.));
#2020=DIRECTION('',(1.,0.,0.));
#2021=DIRECTION('',(0.,0.,1.));
#2022=DIRECTION('',(-1.,0.,0.));
#2023=DIRECTION('',(0.,0.,1.));
#2024=DIRECTION('',(2.16840434497101E-16,0.,-1.));
#2025=DIRECTION('',(-1.,0.,0.));
#2026=DIRECTION('',(-1.0842021724855E-16,0.,1.));
#2027=DIRECTION('',(2.16840434497101E-16,0.,-1.));
#2028=DIRECTION('',(-1.,0.,0.));
#2029=DIRECTION('',(0.,0.,-1.));
#2030=DIRECTION('',(1.,0.,0.));
#2031=DIRECTION('',(0.,0.,-1.));
#2032=DIRECTION('',(0.707106781186548,0.,0.707106781186548));
#2033=DIRECTION('',(0.707106781186548,0.,-0.707106781186548));
#2034=DIRECTION('',(-0.707106781186548,0.,0.707106781186548));
#2035=DIRECTION('',(0.,1.,0.));
#2036=DIRECTION('',(0.,0.,1.));
#2037=DIRECTION('',(-0.707106781186547,0.,-0.707106781186548));
#2038=DIRECTION('',(-0.707106781186548,0.,0.707106781186547));
#2039=DIRECTION('',(0.707106781186548,0.,-0.707106781186548));
#2040=DIRECTION('',(0.,-1.,0.));
#2041=DIRECTION('',(0.,0.,-1.));
#2042=DIRECTION('',(1.,0.,0.));
#2043=DIRECTION('',(0.,0.,-1.));
#2044=DIRECTION('',(0.,-1.,0.));
#2045=DIRECTION('',(0.,0.,1.));
#2046=DIRECTION('',(0.,0.,1.));
#2047=DIRECTION('',(1.,0.,0.));
#2048=DIRECTION('',(0.,-1.,0.));
#2049=DIRECTION('',(-1.,0.,0.));
#2050=DIRECTION('',(0.,0.,-1.));
#2051=DIRECTION('',(-1.,0.,0.));
#2052=DIRECTION('',(0.,-1.,0.));
#2053=DIRECTION('',(1.,0.,0.));
#2054=DIRECTION('',(0.,-1.,0.));
#2055=DIRECTION('',(1.,0.,2.16840434497101E-16));
#2056=DIRECTION('',(2.16840434497101E-16,0.,-1.));
#2057=DIRECTION('',(-2.16840434497101E-16,0.,1.));
#2058=DIRECTION('',(1.,0.,0.));
#2059=DIRECTION('',(0.,0.,-1.));
#2060=DIRECTION('',(0.,0.,1.));
#2061=DIRECTION('',(0.,1.,0.));
#2062=DIRECTION('',(0.,0.,1.));
#2063=DIRECTION('',(-1.,0.,-1.0842021724855E-16));
#2064=DIRECTION('',(-1.0842021724855E-16,0.,1.));
#2065=DIRECTION('',(0.,-1.,0.));
#2066=DIRECTION('',(1.0842021724855E-16,0.,-1.));
#2067=DIRECTION('',(0.,0.,-1.));
#2068=DIRECTION('',(-1.,0.,0.));
#2069=DIRECTION('',(0.,-1.,0.));
#2070=DIRECTION('',(1.,0.,0.));
#2071=DIRECTION('',(1.,0.,2.16840434497101E-16));
#2072=DIRECTION('',(2.16840434497101E-16,0.,-1.));
#2073=DIRECTION('',(-2.16840434497101E-16,0.,1.));
#2074=DIRECTION('',(0.,1.,0.));
#2075=DIRECTION('',(0.,0.,1.));
#2076=DIRECTION('',(-1.,0.,0.));
#2077=DIRECTION('',(0.,0.,1.));
#2078=DIRECTION('',(0.,-1.,0.));
#2079=DIRECTION('',(0.,0.,-1.));
#2080=DIRECTION('',(0.,0.,-1.));
#2081=DIRECTION('',(-1.,0.,0.));
#2082=DIRECTION('',(0.,-1.,0.));
#2083=DIRECTION('',(1.,0.,0.));
#2084=DIRECTION('',(-1.,0.,0.));
#2085=DIRECTION('',(0.,0.,1.));
#2086=DIRECTION('',(0.,-1.,0.));
#2087=DIRECTION('',(0.,0.,-1.));
#2088=DIRECTION('',(0.,0.,1.));
#2089=DIRECTION('',(1.,0.,0.));
#2090=DIRECTION('',(0.,-1.,0.));
#2091=DIRECTION('',(-1.,0.,0.));
#2092=DIRECTION('',(-1.,0.,0.));
#2093=DIRECTION('',(0.,0.,1.));
#2094=DIRECTION('',(0.,0.,-1.));
#2095=DIRECTION('',(0.,1.,0.));
#2096=DIRECTION('',(0.,0.,1.));
#2097=DIRECTION('',(0.,1.,0.));
#2098=DIRECTION('',(0.,0.,1.));
#2099=DIRECTION('',(0.,0.,1.));
#2100=DIRECTION('',(-1.,0.,0.));
#2101=DIRECTION('',(-3.25260651745651E-16,0.,-1.));
#2102=DIRECTION('',(-1.,0.,3.25260651745651E-16));
#2103=DIRECTION('',(3.25260651745651E-16,0.,1.));
#2104=DIRECTION('',(0.,-1.,0.));
#2105=DIRECTION('',(0.,0.,1.));
#2106=DIRECTION('',(1.,0.,0.));
#2107=DIRECTION('',(0.,-1.,0.));
#2108=DIRECTION('',(1.,0.,0.));
#2109=DIRECTION('',(0.,0.,-1.));
#2110=DIRECTION('',(0.380749805254295,-0.924678098474716,0.));
#2111=DIRECTION('',(0.924678098474716,0.380749805254295,0.));
#2112=DIRECTION('',(0.,0.,-1.));
#2113=DIRECTION('',(1.,0.,0.));
#2114=DIRECTION('',(0.,0.,-1.));
#2115=DIRECTION('',(-0.380749805254295,-0.924678098474716,0.));
#2116=DIRECTION('',(0.924678098474716,-0.380749805254295,0.));
#2117=DIRECTION('',(0.,0.,-1.));
#2118=DIRECTION('',(-1.,-2.40933816107898E-16,0.));
#2119=DIRECTION('',(2.40933816107898E-16,-1.,0.));
#2120=DIRECTION('',(0.,0.,1.));
#2121=DIRECTION('',(1.,0.,0.));
#2122=DIRECTION('',(0.,-1.,0.));
#2123=DIRECTION('',(-1.,0.,0.));
#2124=DIRECTION('',(0.,-1.,0.));
#2125=DIRECTION('',(1.,0.,5.0821976835258E-17));
#2126=DIRECTION('',(5.0821976835258E-17,0.,-1.));
#2127=DIRECTION('',(-5.0821976835258E-17,0.,1.));
#2128=DIRECTION('',(-1.,0.,0.));
#2129=DIRECTION('',(0.,0.,1.));
#2130=DIRECTION('',(0.,0.,-1.));
#2131=DIRECTION('',(0.,1.,0.));
#2132=DIRECTION('',(0.,0.,1.));
#2133=DIRECTION('',(1.,0.,5.0821976835258E-17));
#2134=DIRECTION('',(5.0821976835258E-17,0.,-1.));
#2135=DIRECTION('',(0.,-1.,0.));
#2136=DIRECTION('',(-5.0821976835258E-17,0.,1.));
#2137=DIRECTION('',(0.,0.,-1.));
#2138=DIRECTION('',(-1.,0.,0.));
#2139=DIRECTION('',(0.,-1.,0.));
#2140=DIRECTION('',(1.,0.,0.));
#2141=DIRECTION('',(-1.,0.,0.));
#2142=DIRECTION('',(0.,0.,1.));
#2143=DIRECTION('',(0.,0.,-1.));
#2144=DIRECTION('',(0.,1.,0.));
#2145=DIRECTION('',(0.,0.,1.));
#2146=DIRECTION('',(0.,-1.,0.));
#2147=DIRECTION('',(0.,0.,-1.));
#2148=DIRECTION('',(0.,0.,1.));
#2149=DIRECTION('',(-1.,0.,0.));
#2150=DIRECTION('',(0.,0.,1.));
#2151=DIRECTION('',(-1.,0.,0.));
#2152=DIRECTION('',(0.,0.,-1.));
#2153=DIRECTION('',(-1.,0.,0.));
#2154=DIRECTION('',(0.,-1.,0.));
#2155=DIRECTION('',(-1.,0.,0.));
#2156=DIRECTION('',(0.,-1.,0.));
#2157=DIRECTION('',(0.,1.,0.));
#2158=DIRECTION('',(0.,0.,1.));
#2159=DIRECTION('',(0.,0.,-1.));
#2160=DIRECTION('',(-1.,0.,0.));
#2161=DIRECTION('',(0.,0.,-1.));
#2162=DIRECTION('',(-1.,0.,0.));
#2163=DIRECTION('',(0.,0.,1.));
#2164=DIRECTION('',(1.,0.,0.));
#2165=DIRECTION('',(0.,0.,-1.));
#2166=DIRECTION('',(-1.,0.,0.));
#2167=DIRECTION('',(1.,0.,0.));
#2168=DIRECTION('',(0.,0.,-1.));
#2169=DIRECTION('',(0.,0.32160473089198,0.946874013302666));
#2170=DIRECTION('',(0.,-0.946874013302666,0.32160473089198));
#2171=DIRECTION('',(0.,0.946874013302666,-0.32160473089198));
#2172=DIRECTION('',(0.,0.946874013302666,-0.32160473089198));
#2173=DIRECTION('',(-1.,0.,0.));
#2174=DIRECTION('',(0.,0.,1.));
#2175=DIRECTION('',(1.,0.,0.));
#2176=DIRECTION('',(0.,0.,-1.));
#2177=DIRECTION('',(-1.,0.,0.));
#2178=DIRECTION('',(1.,0.,0.));
#2179=DIRECTION('',(0.,0.,-1.));
#2180=DIRECTION('',(0.,-0.321604730891979,-0.946874013302666));
#2181=DIRECTION('',(0.,0.946874013302666,-0.321604730891979));
#2182=DIRECTION('',(0.,-0.946874013302666,0.321604730891979));
#2183=DIRECTION('',(-1.,0.,0.));
#2184=DIRECTION('',(0.,-0.946874013302666,0.321604730891979));
#2185=DIRECTION('',(-1.,0.,0.));
#2186=DIRECTION('',(0.,0.,1.));
#2187=DIRECTION('',(1.,0.,0.));
#2188=DIRECTION('',(0.,0.,-1.));
#2189=DIRECTION('',(1.,0.,0.));
#2190=DIRECTION('',(0.,0.,-1.));
#2191=DIRECTION('',(1.,0.,0.));
#2192=DIRECTION('',(0.,0.,-1.));
#2193=DIRECTION('',(1.,0.,0.));
#2194=DIRECTION('',(0.,0.,-1.));
#2195=DIRECTION('',(0.,-1.,0.));
#2196=DIRECTION('',(0.,0.,-1.));
#2197=DIRECTION('',(0.,0.,1.));
#2198=DIRECTION('',(-1.,0.,0.));
#2199=DIRECTION('',(0.,0.,1.));
#2200=DIRECTION('',(-1.,0.,0.));
#2201=DIRECTION('',(0.,0.,-1.));
#2202=DIRECTION('',(-1.,0.,0.));
#2203=DIRECTION('',(0.,-1.,0.));
#2204=DIRECTION('',(-1.,0.,0.));
#2205=DIRECTION('',(0.,-1.,0.));
#2206=DIRECTION('',(0.,1.,0.));
#2207=DIRECTION('',(0.,0.,1.));
#2208=DIRECTION('',(0.,0.,-1.));
#2209=DIRECTION('',(-1.,0.,0.));
#2210=DIRECTION('',(0.,0.,-1.));
#2211=DIRECTION('',(-1.,0.,0.));
#2212=DIRECTION('',(0.,0.,1.));
#2213=DIRECTION('',(1.,0.,0.));
#2214=DIRECTION('',(0.,0.,-1.));
#2215=DIRECTION('',(-1.,0.,0.));
#2216=DIRECTION('',(1.,0.,0.));
#2217=DIRECTION('',(0.,0.,-1.));
#2218=DIRECTION('',(0.,0.32160473089198,0.946874013302666));
#2219=DIRECTION('',(0.,-0.946874013302666,0.32160473089198));
#2220=DIRECTION('',(0.,0.946874013302666,-0.32160473089198));
#2221=DIRECTION('',(0.,0.946874013302666,-0.32160473089198));
#2222=DIRECTION('',(-1.,0.,0.));
#2223=DIRECTION('',(0.,0.,1.));
#2224=DIRECTION('',(1.,0.,0.));
#2225=DIRECTION('',(0.,0.,-1.));
#2226=DIRECTION('',(-1.,0.,0.));
#2227=DIRECTION('',(1.,0.,0.));
#2228=DIRECTION('',(0.,0.,-1.));
#2229=DIRECTION('',(0.,-0.321604730891979,-0.946874013302666));
#2230=DIRECTION('',(0.,0.946874013302666,-0.321604730891979));
#2231=DIRECTION('',(0.,-0.946874013302666,0.321604730891979));
#2232=DIRECTION('',(-1.,0.,0.));
#2233=DIRECTION('',(0.,-0.946874013302666,0.321604730891979));
#2234=DIRECTION('',(-1.,0.,0.));
#2235=DIRECTION('',(0.,0.,1.));
#2236=DIRECTION('',(1.,0.,0.));
#2237=DIRECTION('',(0.,0.,-1.));
#2238=DIRECTION('',(1.,0.,0.));
#2239=DIRECTION('',(0.,0.,-1.));
#2240=DIRECTION('',(1.,0.,0.));
#2241=DIRECTION('',(0.,0.,-1.));
#2242=DIRECTION('',(1.,0.,0.));
#2243=DIRECTION('',(0.,0.,-1.));
#2244=DIRECTION('',(0.,0.321604730891974,-0.946874013302668));
#2245=DIRECTION('',(0.,0.946874013302668,0.321604730891974));
#2246=DIRECTION('',(0.,-0.946874013302668,-0.321604730891974));
#2247=DIRECTION('',(0.,-0.946874013302668,-0.321604730891974));
#2248=DIRECTION('',(-1.,0.,0.));
#2249=DIRECTION('',(-1.,0.,0.));
#2250=DIRECTION('',(0.,0.,1.));
#2251=DIRECTION('',(1.,0.,0.));
#2252=DIRECTION('',(0.,0.,-1.));
#2253=DIRECTION('',(1.,0.,0.));
#2254=DIRECTION('',(0.,0.,-1.));
#2255=DIRECTION('',(-1.,0.,0.));
#2256=DIRECTION('',(1.,0.,0.));
#2257=DIRECTION('',(0.,0.,-1.));
#2258=DIRECTION('',(1.,0.,0.));
#2259=DIRECTION('',(0.,0.,-1.));
#2260=DIRECTION('',(0.,0.,-1.));
#2261=DIRECTION('',(0.,1.,0.));
#2262=DIRECTION('',(0.,0.,1.));
#2263=DIRECTION('',(1.,0.,0.));
#2264=DIRECTION('',(0.,0.,-1.));
#2265=DIRECTION('',(0.,0.946874013302667,0.321604730891976));
#2266=DIRECTION('',(1.,0.,0.));
#2267=DIRECTION('',(0.,0.,-1.));
#2268=DIRECTION('',(0.,0.946874013302667,0.321604730891976));
#2269=DIRECTION('',(1.,0.,0.));
#2270=DIRECTION('',(0.,0.,-1.));
#2271=DIRECTION('',(0.,0.,1.));
#2272=DIRECTION('',(0.,1.,0.));
#2273=DIRECTION('',(0.,0.,-1.));
#2274=DIRECTION('',(1.,0.,0.));
#2275=DIRECTION('',(0.,0.,-1.));
#2276=DIRECTION('',(-1.,0.,0.));
#2277=DIRECTION('',(0.,0.,1.));
#2278=DIRECTION('',(-1.,0.,0.));
#2279=DIRECTION('',(0.,1.,0.));
#2280=DIRECTION('',(0.,0.,1.));
#2281=DIRECTION('',(-1.,0.,0.));
#2282=DIRECTION('',(0.,0.,1.));
#2283=DIRECTION('',(1.,0.,0.));
#2284=DIRECTION('',(-1.,0.,0.));
#2285=DIRECTION('',(0.,-1.,0.));
#2286=DIRECTION('',(0.,0.,-1.));
#2287=DIRECTION('',(-1.,0.,0.));
#2288=DIRECTION('',(-1.,0.,0.));
#2289=DIRECTION('',(0.,0.,1.));
#2290=DIRECTION('',(-1.,0.,0.));
#2291=DIRECTION('',(0.,-0.321604730891976,0.946874013302667));
#2292=DIRECTION('',(0.,-0.946874013302667,-0.321604730891976));
#2293=DIRECTION('',(0.,0.,1.));
#2294=DIRECTION('',(1.,0.,0.));
#2295=DIRECTION('',(1.,0.,0.));
#2296=DIRECTION('',(0.,0.,-1.));
#2297=DIRECTION('',(0.,-1.,0.));
#2298=DIRECTION('',(0.,0.,-1.));
#2299=DIRECTION('',(0.,-1.,0.));
#2300=DIRECTION('',(0.,0.,-1.));
#2301=DIRECTION('',(-1.,0.,0.));
#2302=DIRECTION('',(0.,0.,1.));
#2303=DIRECTION('',(0.,0.,-1.));
#2304=DIRECTION('',(0.,-1.,0.));
#2305=DIRECTION('',(0.,0.,-1.));
#2306=DIRECTION('',(0.,-1.,0.));
#2307=DIRECTION('',(0.,0.,1.));
#2308=DIRECTION('',(1.,0.,0.));
#2309=DIRECTION('',(1.,0.,0.));
#2310=DIRECTION('',(0.,-1.,0.));
#2311=DIRECTION('',(-1.,0.,0.));
#2312=DIRECTION('',(0.,-1.,0.));
#2313=DIRECTION('',(0.,0.,1.));
#2314=DIRECTION('',(1.,0.,0.));
#2315=DIRECTION('',(1.,0.,0.));
#2316=DIRECTION('',(0.,-1.,0.));
#2317=DIRECTION('',(-1.,0.,0.));
#2318=DIRECTION('',(0.,-1.,0.));
#2319=DIRECTION('',(0.,-1.,0.));
#2320=DIRECTION('',(0.,0.,-1.));
#2321=DIRECTION('',(0.,0.,-1.));
#2322=DIRECTION('',(-1.,0.,0.));
#2323=DIRECTION('',(0.,0.,-1.));
#2324=DIRECTION('',(-1.,0.,0.));
#2325=DIRECTION('',(0.,0.,-1.));
#2326=DIRECTION('',(-1.,0.,0.));
#2327=DIRECTION('',(0.707106781186547,0.,-0.707106781186547));
#2328=DIRECTION('',(-0.707106781186547,0.,-0.707106781186547));
#2329=DIRECTION('',(0.,-0.707106781186547,-0.707106781186547));
#2330=DIRECTION('',(0.,0.707106781186547,-0.707106781186547));
#2331=DIRECTION('',(0.,0.707106781186547,-0.707106781186547));
#2332=DIRECTION('',(0.,-0.707106781186547,-0.707106781186547));
#2333=DIRECTION('',(-0.707106781186547,0.,-0.707106781186547));
#2334=DIRECTION('',(0.707106781186547,0.,-0.707106781186547));
#2335=DIRECTION('',(0.,1.,0.));
#2336=DIRECTION('',(0.,0.,1.));
#2337=DIRECTION('',(0.,1.,0.));
#2338=DIRECTION('',(1.,0.,0.));
#2339=DIRECTION('',(0.,1.,0.));
#2340=DIRECTION('',(1.,0.,0.));
#2341=DIRECTION('',(0.,1.,0.));
#2342=DIRECTION('',(1.,0.,0.));
#2343=DIRECTION('',(0.,1.,0.));
#2344=DIRECTION('',(1.,0.,0.));
#2345=DIRECTION('',(0.,0.,-1.));
#2346=DIRECTION('',(-1.,0.,0.));
#2347=DIRECTION('',(0.,-0.707106781186547,-0.707106781186547));
#2348=DIRECTION('',(0.,0.707106781186547,-0.707106781186547));
#2349=DIRECTION('',(-0.707106781186547,0.,-0.707106781186547));
#2350=DIRECTION('',(0.707106781186547,0.,-0.707106781186547));
#2351=DIRECTION('',(0.707106781186547,0.,-0.707106781186547));
#2352=DIRECTION('',(-0.707106781186547,0.,-0.707106781186547));
#2353=DIRECTION('',(0.,0.707106781186547,-0.707106781186547));
#2354=DIRECTION('',(0.,-0.707106781186547,-0.707106781186547));
#2355=DIRECTION('',(-1.,0.,0.));
#2356=DIRECTION('',(0.,0.,1.));
#2357=DIRECTION('',(-0.707106781186547,-0.707106781186547,0.));
#2358=DIRECTION('',(-0.707106781186547,0.707106781186547,0.));
#2359=DIRECTION('',(-0.707106781186547,0.707106781186547,0.));
#2360=DIRECTION('',(-0.707106781186547,-0.707106781186547,0.));
#2361=DIRECTION('',(-1.,0.,0.));
#2362=DIRECTION('',(0.,0.,1.));
#2363=DIRECTION('',(-0.707106781186547,0.707106781186547,0.));
#2364=DIRECTION('',(-0.707106781186547,-0.707106781186547,0.));
#2365=DIRECTION('',(-0.707106781186547,-0.707106781186547,0.));
#2366=DIRECTION('',(-0.707106781186547,0.707106781186547,0.));
#2367=DIRECTION('',(0.,-1.,0.));
#2368=DIRECTION('',(0.,0.,-1.));
#2369=DIRECTION('',(0.,-1.,0.));
#2370=DIRECTION('',(0.,0.,-1.));
#2371=DIRECTION('',(0.,-1.,0.));
#2372=DIRECTION('',(0.,0.,-1.));
#2373=DIRECTION('',(0.,-1.,0.));
#2374=DIRECTION('',(0.,0.,-1.));
#2375=DIRECTION('',(0.,0.,1.));
#2376=DIRECTION('',(1.,0.,0.));
#2377=CARTESIAN_POINT('',(0.,0.,0.));
#2378=CARTESIAN_POINT('',(2.7,2.4,1.25));
#2379=CARTESIAN_POINT('',(0.05,2.4,-1.25));
#2380=CARTESIAN_POINT('',(0.05,2.4,-1.25));
#2381=CARTESIAN_POINT('',(0.0499999999999999,2.4,-0.45));
#2382=CARTESIAN_POINT('',(2.7,2.4,-1.25));
#2383=CARTESIAN_POINT('',(-2.2,2.4,-1.25));
#2384=CARTESIAN_POINT('',(-1.,2.4,-2.45));
#2385=CARTESIAN_POINT('',(-2.7,2.4,-0.75));
#2386=CARTESIAN_POINT('',(-2.7,2.4,1.25));
#2387=CARTESIAN_POINT('',(-2.7,2.4,1.25));
#2388=CARTESIAN_POINT('',(2.7,2.4,1.25));
#2389=CARTESIAN_POINT('',(0.05,2.4,1.25));
#2390=CARTESIAN_POINT('',(0.05,2.4,0.45));
#2391=CARTESIAN_POINT('',(0.0500000000000001,2.4,0.45));
#2392=CARTESIAN_POINT('',(1.5,2.4,0.45));
#2393=CARTESIAN_POINT('',(-1.5,2.4,0.45));
#2394=CARTESIAN_POINT('',(-1.5,2.4,1.25));
#2395=CARTESIAN_POINT('',(-1.5,2.4,-0.45));
#2396=CARTESIAN_POINT('',(1.5,2.4,-0.45));
#2397=CARTESIAN_POINT('',(2.7,2.4,1.25));
#2398=CARTESIAN_POINT('',(0.55,2.4,-0.45));
#2399=CARTESIAN_POINT('',(0.55,2.4,-0.45));
#2400=CARTESIAN_POINT('',(0.550000000000001,2.4,-1.25));
#2401=CARTESIAN_POINT('',(1.5,2.4,-0.45));
#2402=CARTESIAN_POINT('',(1.5,2.4,-0.45));
#2403=CARTESIAN_POINT('',(1.5,2.4,1.25));
#2404=CARTESIAN_POINT('',(1.5,2.4,0.45));
#2405=CARTESIAN_POINT('',(1.5,2.4,0.45));
#2406=CARTESIAN_POINT('',(0.55,2.4,0.45));
#2407=CARTESIAN_POINT('',(0.55,2.4,1.25));
#2408=CARTESIAN_POINT('',(0.550000000000001,2.4,1.25));
#2409=CARTESIAN_POINT('',(2.7,2.4,1.25));
#2410=CARTESIAN_POINT('',(2.2,2.4,1.25));
#2411=CARTESIAN_POINT('',(2.45,2.4,1.));
#2412=CARTESIAN_POINT('',(2.7,2.4,0.75));
#2413=CARTESIAN_POINT('',(2.7,2.4,1.25));
#2414=CARTESIAN_POINT('',(2.7,2.4,-1.25));
#2415=CARTESIAN_POINT('',(2.7,2.4,-1.25));
#2416=CARTESIAN_POINT('',(1.5,2.4,0.45));
#2417=CARTESIAN_POINT('',(1.5,2.05,0.35));
#2418=CARTESIAN_POINT('',(0.65,2.05,0.35));
#2419=CARTESIAN_POINT('',(-0.65,2.05,0.35));
#2420=CARTESIAN_POINT('',(1.03508771929825,1.35614035087719,0.151754385964912));
#2421=CARTESIAN_POINT('',(0.55,2.4,0.45));
#2422=CARTESIAN_POINT('',(1.5,2.4,0.45));
#2423=CARTESIAN_POINT('',(1.5,2.05,0.35));
#2424=CARTESIAN_POINT('',(0.65,2.05,0.35));
#2425=CARTESIAN_POINT('',(0.65,1.8,0.35));
#2426=CARTESIAN_POINT('',(1.5,1.8,0.35));
#2427=CARTESIAN_POINT('',(-0.65,1.8,0.35));
#2428=CARTESIAN_POINT('',(-0.65,2.05,0.35));
#2429=CARTESIAN_POINT('',(1.5,1.8,0.35));
#2430=CARTESIAN_POINT('',(0.65,1.8,0.35));
#2431=CARTESIAN_POINT('',(0.65,1.8,-0.35));
#2432=CARTESIAN_POINT('',(1.5,1.8,-0.35));
#2433=CARTESIAN_POINT('',(-0.65,1.8,-0.35));
#2434=CARTESIAN_POINT('',(-0.65,1.8,0.35));
#2435=CARTESIAN_POINT('',(1.5,1.8,-0.35));
#2436=CARTESIAN_POINT('',(0.65,1.8,-0.35));
#2437=CARTESIAN_POINT('',(0.65,2.05,-0.35));
#2438=CARTESIAN_POINT('',(1.5,2.05,-0.35));
#2439=CARTESIAN_POINT('',(-0.65,2.05,-0.35));
#2440=CARTESIAN_POINT('',(-0.65,1.8,-0.35));
#2441=CARTESIAN_POINT('',(1.5,2.05,-0.35));
#2442=CARTESIAN_POINT('',(0.05,2.4,-0.45));
#2443=CARTESIAN_POINT('',(1.16681286549708,1.30190058479532,-0.13625730994152));
#2444=CARTESIAN_POINT('',(1.36827485380117,2.34576023391813,-0.434502923976608));
#2445=CARTESIAN_POINT('',(-2.7,2.4,1.25));
#2446=CARTESIAN_POINT('',(-2.7,2.4,-1.25));
#2447=CARTESIAN_POINT('',(-2.7,2.1,-1.25));
#2448=CARTESIAN_POINT('',(-2.7,0.2,-1.25));
#2449=CARTESIAN_POINT('',(-2.7,0.2,1.25));
#2450=CARTESIAN_POINT('',(-2.7,0.2,1.25));
#2451=CARTESIAN_POINT('',(-2.7,2.4,1.25));
#2452=CARTESIAN_POINT('',(-2.7,2.7,-0.75));
#2453=CARTESIAN_POINT('',(-2.7,2.1,-0.75));
#2454=CARTESIAN_POINT('',(-2.7,2.1,-1.25));
#2455=CARTESIAN_POINT('',(0.,0.,-1.25));
#2456=CARTESIAN_POINT('',(0.,0.700826937166019,-1.25));
#2457=CARTESIAN_POINT('',(0.3,0.700826937166019,-1.25));
#2458=CARTESIAN_POINT('',(-0.3,0.700826937166019,-1.25));
#2459=CARTESIAN_POINT('',(0.3,0.,-1.25));
#2460=CARTESIAN_POINT('',(0.3,0.84985185185478,-1.25));
#2461=CARTESIAN_POINT('',(0.3,0.84985185185478,-1.25));
#2462=CARTESIAN_POINT('',(-0.3,0.84985185185478,-1.25));
#2463=CARTESIAN_POINT('',(-0.3,0.,-1.25));
#2464=CARTESIAN_POINT('',(2.7,0.,-1.25));
#2465=CARTESIAN_POINT('',(2.7,0.2,-1.25));
#2466=CARTESIAN_POINT('',(0.,0.2,-1.25));
#2467=CARTESIAN_POINT('',(1.2,0.2,-1.25));
#2468=CARTESIAN_POINT('',(1.2,0.2,-1.25));
#2469=CARTESIAN_POINT('',(1.2,0.,-1.25));
#2470=CARTESIAN_POINT('',(-2.7,0.,-1.25));
#2471=CARTESIAN_POINT('',(0.549999999999999,0.,-1.25));
#2472=CARTESIAN_POINT('',(0.55,0.2,-1.25));
#2473=CARTESIAN_POINT('',(0.55,0.2,-1.25));
#2474=CARTESIAN_POINT('',(0.,0.2,-1.25));
#2475=CARTESIAN_POINT('',(-0.55,0.2,-1.25));
#2476=CARTESIAN_POINT('',(-0.55,0.2,-1.25));
#2477=CARTESIAN_POINT('',(-0.55,0.,-1.25));
#2478=CARTESIAN_POINT('',(-2.7,0.,-1.25));
#2479=CARTESIAN_POINT('',(-1.2,0.,-1.25));
#2480=CARTESIAN_POINT('',(-1.2,0.2,-1.25));
#2481=CARTESIAN_POINT('',(-1.2,0.2,-1.25));
#2482=CARTESIAN_POINT('',(0.,0.2,-1.25));
#2483=CARTESIAN_POINT('',(-2.2,2.1,-1.25));
#2484=CARTESIAN_POINT('',(-2.2,2.1,-1.25));
#2485=CARTESIAN_POINT('',(-2.2,0.,-1.25));
#2486=CARTESIAN_POINT('',(0.05,2.42,-1.25));
#2487=CARTESIAN_POINT('',(0.05,2.42,-1.25));
#2488=CARTESIAN_POINT('',(0.55,2.42,-1.25));
#2489=CARTESIAN_POINT('',(0.55,2.42,-1.25));
#2490=CARTESIAN_POINT('',(0.55,2.42,-1.25));
#2491=CARTESIAN_POINT('',(2.7,0.,1.25));
#2492=CARTESIAN_POINT('',(2.7,0.,1.25));
#2493=CARTESIAN_POINT('',(2.7,0.2,1.25));
#2494=CARTESIAN_POINT('',(2.7,2.1,1.25));
#2495=CARTESIAN_POINT('',(2.7,0.2,1.25));
#2496=CARTESIAN_POINT('',(2.7,2.7,0.75));
#2497=CARTESIAN_POINT('',(2.7,2.1,0.75));
#2498=CARTESIAN_POINT('',(2.7,2.1,1.25));
#2499=CARTESIAN_POINT('',(0.,0.,1.25));
#2500=CARTESIAN_POINT('',(-1.45,0.,1.25));
#2501=CARTESIAN_POINT('',(-1.45,0.700826937166018,1.25));
#2502=CARTESIAN_POINT('',(-1.45,0.849851851854777,1.25));
#2503=CARTESIAN_POINT('',(0.,0.700826937166018,1.25));
#2504=CARTESIAN_POINT('',(-2.05,0.700826937166018,1.25));
#2505=CARTESIAN_POINT('',(-2.05,0.,1.25));
#2506=CARTESIAN_POINT('',(-2.05,0.849851851854777,1.25));
#2507=CARTESIAN_POINT('',(-1.45,0.849851851854777,1.25));
#2508=CARTESIAN_POINT('',(2.05,0.,1.25));
#2509=CARTESIAN_POINT('',(2.05,0.700826937166018,1.25));
#2510=CARTESIAN_POINT('',(2.05,0.849851851854777,1.25));
#2511=CARTESIAN_POINT('',(0.,0.700826937166018,1.25));
#2512=CARTESIAN_POINT('',(1.45,0.700826937166018,1.25));
#2513=CARTESIAN_POINT('',(1.45,0.,1.25));
#2514=CARTESIAN_POINT('',(1.45,0.849851851854777,1.25));
#2515=CARTESIAN_POINT('',(2.05,0.849851851854777,1.25));
#2516=CARTESIAN_POINT('',(0.,0.2,1.25));
#2517=CARTESIAN_POINT('',(1.2,0.2,1.25));
#2518=CARTESIAN_POINT('',(2.2,2.1,1.25));
#2519=CARTESIAN_POINT('',(2.2,2.1,1.25));
#2520=CARTESIAN_POINT('',(2.2,0.,1.25));
#2521=CARTESIAN_POINT('',(0.55,2.42,1.25));
#2522=CARTESIAN_POINT('',(0.55,2.42,1.25));
#2523=CARTESIAN_POINT('',(0.05,2.42,1.25));
#2524=CARTESIAN_POINT('',(0.05,2.42,1.25));
#2525=CARTESIAN_POINT('',(0.05,2.42,1.25));
#2526=CARTESIAN_POINT('',(0.,0.2,1.25));
#2527=CARTESIAN_POINT('',(-1.2,0.2,1.25));
#2528=CARTESIAN_POINT('',(-1.2,0.2,1.25));
#2529=CARTESIAN_POINT('',(-1.2,0.,1.25));
#2530=CARTESIAN_POINT('',(-2.7,0.,1.25));
#2531=CARTESIAN_POINT('',(-0.550000000000001,0.,1.25));
#2532=CARTESIAN_POINT('',(-0.55,0.2,1.25));
#2533=CARTESIAN_POINT('',(-0.55,0.2,1.25));
#2534=CARTESIAN_POINT('',(0.,0.2,1.25));
#2535=CARTESIAN_POINT('',(0.55,0.2,1.25));
#2536=CARTESIAN_POINT('',(0.55,0.2,1.25));
#2537=CARTESIAN_POINT('',(0.55,0.,1.25));
#2538=CARTESIAN_POINT('',(-2.7,0.,1.25));
#2539=CARTESIAN_POINT('',(1.2,0.,1.25));
#2540=CARTESIAN_POINT('',(1.2,0.2,1.25));
#2541=CARTESIAN_POINT('',(-2.7,0.,1.25));
#2542=CARTESIAN_POINT('',(-0.549999999999999,0.,1.25));
#2543=CARTESIAN_POINT('',(-0.55,0.,-0.25));
#2544=CARTESIAN_POINT('',(-2.7,0.,-0.25));
#2545=CARTESIAN_POINT('',(0.55,0.,-0.25));
#2546=CARTESIAN_POINT('',(0.55,0.,1.25));
#2547=CARTESIAN_POINT('',(1.2,0.,1.25));
#2548=CARTESIAN_POINT('',(1.2,0.,-0.25));
#2549=CARTESIAN_POINT('',(-2.7,0.,-0.25));
#2550=CARTESIAN_POINT('',(2.2,0.,-0.25));
#2551=CARTESIAN_POINT('',(2.2,0.,1.25));
#2552=CARTESIAN_POINT('',(2.2,0.,0.25));
#2553=CARTESIAN_POINT('',(-2.7,0.,0.25));
#2554=CARTESIAN_POINT('',(1.2,0.,0.25));
#2555=CARTESIAN_POINT('',(1.2,0.,1.25));
#2556=CARTESIAN_POINT('',(0.55,0.,1.25));
#2557=CARTESIAN_POINT('',(0.55,0.,0.25));
#2558=CARTESIAN_POINT('',(-2.7,0.,0.25));
#2559=CARTESIAN_POINT('',(-0.55,0.,0.25));
#2560=CARTESIAN_POINT('',(-0.55,0.,1.25));
#2561=CARTESIAN_POINT('',(-1.2,0.,1.25));
#2562=CARTESIAN_POINT('',(-1.2,0.,0.25));
#2563=CARTESIAN_POINT('',(-2.7,0.,0.25));
#2564=CARTESIAN_POINT('',(-2.2,0.,0.25));
#2565=CARTESIAN_POINT('',(-2.2,0.,1.25));
#2566=CARTESIAN_POINT('',(-2.2,0.,-0.25));
#2567=CARTESIAN_POINT('',(-2.7,0.,-0.25));
#2568=CARTESIAN_POINT('',(-1.2,0.,-0.25));
#2569=CARTESIAN_POINT('',(-1.2,0.,1.25));
#2570=CARTESIAN_POINT('',(2.7,2.7,0.75));
#2571=CARTESIAN_POINT('',(2.7,2.1,0.75));
#2572=CARTESIAN_POINT('',(0.,2.1,0.));
#2573=CARTESIAN_POINT('',(-2.7,2.7,-0.75));
#2574=CARTESIAN_POINT('',(-2.7,2.1,-0.75));
#2575=CARTESIAN_POINT('',(0.,2.1,0.));
#2576=CARTESIAN_POINT('',(-1.2,0.2,-1.25));
#2577=CARTESIAN_POINT('',(-1.2,0.2,-0.25));
#2578=CARTESIAN_POINT('',(-1.2,0.2,-0.25));
#2579=CARTESIAN_POINT('',(-1.2,0.2,-1.25));
#2580=CARTESIAN_POINT('',(-1.2,0.2,-0.25));
#2581=CARTESIAN_POINT('',(-2.2,0.2,-0.25));
#2582=CARTESIAN_POINT('',(-2.2,0.2,-0.25));
#2583=CARTESIAN_POINT('',(-1.2,0.2,-0.25));
#2584=CARTESIAN_POINT('',(-2.2,0.2,0.25));
#2585=CARTESIAN_POINT('',(-1.2,0.2,0.25));
#2586=CARTESIAN_POINT('',(-1.2,0.2,0.25));
#2587=CARTESIAN_POINT('',(-2.2,0.2,0.25));
#2588=CARTESIAN_POINT('',(-2.2,0.2,0.25));
#2589=CARTESIAN_POINT('',(-2.2,0.2,0.25));
#2590=CARTESIAN_POINT('',(-1.2,0.2,0.25));
#2591=CARTESIAN_POINT('',(-1.2,0.2,0.25));
#2592=CARTESIAN_POINT('',(-2.2,0.2,-0.25));
#2593=CARTESIAN_POINT('',(-2.2,0.2,-0.25));
#2594=CARTESIAN_POINT('',(0.,0.2,0.));
#2595=CARTESIAN_POINT('',(-0.55,0.2,1.25));
#2596=CARTESIAN_POINT('',(-0.55,0.2,0.25));
#2597=CARTESIAN_POINT('',(-0.55,0.2,0.25));
#2598=CARTESIAN_POINT('',(-0.55,0.2,1.25));
#2599=CARTESIAN_POINT('',(-0.55,0.2,0.25));
#2600=CARTESIAN_POINT('',(0.55,0.2,0.25));
#2601=CARTESIAN_POINT('',(0.55,0.2,0.25));
#2602=CARTESIAN_POINT('',(-0.55,0.2,0.25));
#2603=CARTESIAN_POINT('',(0.55,0.2,0.25));
#2604=CARTESIAN_POINT('',(0.55,0.2,0.25));
#2605=CARTESIAN_POINT('',(0.,0.2,0.));
#2606=CARTESIAN_POINT('',(1.2,0.2,1.25));
#2607=CARTESIAN_POINT('',(1.2,0.2,0.25));
#2608=CARTESIAN_POINT('',(1.2,0.2,0.25));
#2609=CARTESIAN_POINT('',(1.2,0.2,1.25));
#2610=CARTESIAN_POINT('',(1.2,0.2,0.25));
#2611=CARTESIAN_POINT('',(2.2,0.2,0.25));
#2612=CARTESIAN_POINT('',(2.2,0.2,0.25));
#2613=CARTESIAN_POINT('',(1.2,0.2,0.25));
#2614=CARTESIAN_POINT('',(2.2,0.2,0.25));
#2615=CARTESIAN_POINT('',(2.2,0.2,-0.25));
#2616=CARTESIAN_POINT('',(2.2,0.2,-0.25));
#2617=CARTESIAN_POINT('',(2.2,0.2,0.25));
#2618=CARTESIAN_POINT('',(2.2,0.2,-0.25));
#2619=CARTESIAN_POINT('',(1.2,0.2,-0.25));
#2620=CARTESIAN_POINT('',(1.2,0.2,-0.25));
#2621=CARTESIAN_POINT('',(2.2,0.2,-0.25));
#2622=CARTESIAN_POINT('',(1.2,0.2,-0.25));
#2623=CARTESIAN_POINT('',(1.2,0.2,-0.25));
#2624=CARTESIAN_POINT('',(0.,0.2,0.));
#2625=CARTESIAN_POINT('',(0.,0.2,0.));
#2626=CARTESIAN_POINT('',(0.55,0.2,-1.25));
#2627=CARTESIAN_POINT('',(0.55,0.2,-0.25));
#2628=CARTESIAN_POINT('',(0.55,0.2,-0.25));
#2629=CARTESIAN_POINT('',(-0.55,0.2,-0.25));
#2630=CARTESIAN_POINT('',(-0.55,0.2,-0.25));
#2631=CARTESIAN_POINT('',(-0.55,0.2,-0.25));
#2632=CARTESIAN_POINT('',(-0.55,0.2,-0.25));
#2633=CARTESIAN_POINT('',(0.55,0.2,-0.25));
#2634=CARTESIAN_POINT('',(0.55,0.2,-0.25));
#2635=CARTESIAN_POINT('',(0.55,0.2,-1.25));
#2636=CARTESIAN_POINT('',(1.5,2.4,0.45));
#2637=CARTESIAN_POINT('',(0.65,2.05,0.45));
#2638=CARTESIAN_POINT('',(0.65,2.05,0.45));
#2639=CARTESIAN_POINT('',(-0.65,2.05,0.45));
#2640=CARTESIAN_POINT('',(-0.65,2.05,0.45));
#2641=CARTESIAN_POINT('',(-0.65,1.60000000000002,0.45));
#2642=CARTESIAN_POINT('',(0.55,2.42,0.45));
#2643=CARTESIAN_POINT('',(0.05,2.42,0.45));
#2644=CARTESIAN_POINT('',(0.05,2.42,0.45));
#2645=CARTESIAN_POINT('',(0.55,2.42,0.45));
#2646=CARTESIAN_POINT('',(0.55,2.42,0.45));
#2647=CARTESIAN_POINT('',(0.55,2.42,0.45));
#2648=CARTESIAN_POINT('',(0.05,2.42,0.45));
#2649=CARTESIAN_POINT('',(0.05,2.42,0.45));
#2650=CARTESIAN_POINT('',(0.55,2.42,1.25));
#2651=CARTESIAN_POINT('',(0.55,2.42,1.25));
#2652=CARTESIAN_POINT('',(0.,2.42,0.));
#2653=CARTESIAN_POINT('',(0.05,2.42,-1.25));
#2654=CARTESIAN_POINT('',(0.05,2.42,-0.45));
#2655=CARTESIAN_POINT('',(0.05,2.42,-0.45));
#2656=CARTESIAN_POINT('',(0.05,2.42,-1.25));
#2657=CARTESIAN_POINT('',(0.05,2.42,-0.45));
#2658=CARTESIAN_POINT('',(0.55,2.42,-0.45));
#2659=CARTESIAN_POINT('',(0.55,2.42,-0.45));
#2660=CARTESIAN_POINT('',(0.05,2.42,-0.45));
#2661=CARTESIAN_POINT('',(0.55,2.42,-0.45));
#2662=CARTESIAN_POINT('',(0.55,2.42,-0.45));
#2663=CARTESIAN_POINT('',(0.,2.42,0.));
#2664=CARTESIAN_POINT('',(2.05,0.05,1.70111444911816));
#2665=CARTESIAN_POINT('',(1.45,0.05,1.70111444911816));
#2666=CARTESIAN_POINT('',(1.45,0.0499999999999998,1.70111444911816));
#2667=CARTESIAN_POINT('',(1.45,0.05,2.1));
#2668=CARTESIAN_POINT('',(2.05,0.05,2.1));
#2669=CARTESIAN_POINT('',(2.05,0.05,2.1));
#2670=CARTESIAN_POINT('',(2.05,0.05,1.70111444911816));
#2671=CARTESIAN_POINT('',(2.05,0.0499999999999998,1.70111444911816));
#2672=CARTESIAN_POINT('',(2.05,0.0499999999999998,1.70111444911816));
#2673=CARTESIAN_POINT('',(2.05,0.05,2.1));
#2674=CARTESIAN_POINT('',(1.45,0.05,2.1));
#2675=CARTESIAN_POINT('',(1.45,-0.1,2.1));
#2676=CARTESIAN_POINT('',(2.05,-0.1,2.1));
#2677=CARTESIAN_POINT('',(2.05,-0.1,2.1));
#2678=CARTESIAN_POINT('',(2.05,0.05,2.1));
#2679=CARTESIAN_POINT('',(2.05,-0.1,2.1));
#2680=CARTESIAN_POINT('',(1.45,-0.1,2.1));
#2681=CARTESIAN_POINT('',(1.45,-0.1,1.7));
#2682=CARTESIAN_POINT('',(2.05,-0.1,1.7));
#2683=CARTESIAN_POINT('',(2.05,-0.1,1.7));
#2684=CARTESIAN_POINT('',(2.05,-0.1,2.1));
#2685=CARTESIAN_POINT('',(2.05,0.15,1.7));
#2686=CARTESIAN_POINT('',(1.45,0.15,1.7));
#2687=CARTESIAN_POINT('',(1.45,0.0482114442200431,1.47166014383768));
#2688=CARTESIAN_POINT('',(2.05,0.0482114442200431,1.47166014383768));
#2689=CARTESIAN_POINT('',(2.05,0.0482114442200431,1.47166014383768));
#2690=CARTESIAN_POINT('',(2.05,0.15,1.7));
#2691=CARTESIAN_POINT('',(2.05,0.0482114442200433,1.47166014383768));
#2692=CARTESIAN_POINT('',(2.05,0.0482114442200433,1.47166014383768));
#2693=CARTESIAN_POINT('',(1.45,0.0482114442200433,1.47166014383768));
#2694=CARTESIAN_POINT('',(2.05,0.69,1.24311629034616));
#2695=CARTESIAN_POINT('',(1.45,0.69,1.24311629034616));
#2696=CARTESIAN_POINT('',(1.45,0.741456756942717,1.39461613247459));
#2697=CARTESIAN_POINT('',(2.05,0.741456756942717,1.39461613247459));
#2698=CARTESIAN_POINT('',(2.05,0.741456756942717,1.39461613247459));
#2699=CARTESIAN_POINT('',(2.05,0.69,1.24311629034616));
#2700=CARTESIAN_POINT('',(2.05,0.741456756942717,1.39461613247459));
#2701=CARTESIAN_POINT('',(1.45,0.741456756942717,1.39461613247459));
#2702=CARTESIAN_POINT('',(1.45,0.117839526910802,1.60642704778789));
#2703=CARTESIAN_POINT('',(2.05,0.117839526910802,1.60642704778789));
#2704=CARTESIAN_POINT('',(2.05,0.117839526910802,1.60642704778789));
#2705=CARTESIAN_POINT('',(2.05,0.741456756942717,1.39461613247459));
#2706=CARTESIAN_POINT('',(2.05,0.15,1.70111444911816));
#2707=CARTESIAN_POINT('',(1.45,0.15,1.70111444911816));
#2708=CARTESIAN_POINT('',(2.05,0.15,1.70111444911816));
#2709=CARTESIAN_POINT('',(2.05,0.15,1.7));
#2710=CARTESIAN_POINT('',(1.45,0.15,1.7));
#2711=CARTESIAN_POINT('',(-1.45,0.05,1.70111444911816));
#2712=CARTESIAN_POINT('',(-2.05,0.05,1.70111444911816));
#2713=CARTESIAN_POINT('',(-2.05,0.0499999999999998,1.70111444911816));
#2714=CARTESIAN_POINT('',(-2.05,0.05,2.1));
#2715=CARTESIAN_POINT('',(-1.45,0.05,2.1));
#2716=CARTESIAN_POINT('',(-1.45,0.05,2.1));
#2717=CARTESIAN_POINT('',(-1.45,0.05,1.70111444911816));
#2718=CARTESIAN_POINT('',(-1.45,0.0499999999999998,1.70111444911816));
#2719=CARTESIAN_POINT('',(-1.45,0.0499999999999998,1.70111444911816));
#2720=CARTESIAN_POINT('',(-1.45,0.05,2.1));
#2721=CARTESIAN_POINT('',(-2.05,0.05,2.1));
#2722=CARTESIAN_POINT('',(-2.05,-0.1,2.1));
#2723=CARTESIAN_POINT('',(-1.45,-0.1,2.1));
#2724=CARTESIAN_POINT('',(-1.45,-0.1,2.1));
#2725=CARTESIAN_POINT('',(-1.45,0.05,2.1));
#2726=CARTESIAN_POINT('',(-1.45,-0.1,2.1));
#2727=CARTESIAN_POINT('',(-2.05,-0.1,2.1));
#2728=CARTESIAN_POINT('',(-2.05,-0.1,1.7));
#2729=CARTESIAN_POINT('',(-1.45,-0.1,1.7));
#2730=CARTESIAN_POINT('',(-1.45,-0.1,1.7));
#2731=CARTESIAN_POINT('',(-1.45,-0.1,2.1));
#2732=CARTESIAN_POINT('',(-1.45,0.15,1.7));
#2733=CARTESIAN_POINT('',(-2.05,0.15,1.7));
#2734=CARTESIAN_POINT('',(-2.05,0.0482114442200431,1.47166014383768));
#2735=CARTESIAN_POINT('',(-1.45,0.0482114442200431,1.47166014383768));
#2736=CARTESIAN_POINT('',(-1.45,0.0482114442200431,1.47166014383768));
#2737=CARTESIAN_POINT('',(-1.45,0.15,1.7));
#2738=CARTESIAN_POINT('',(-1.45,0.0482114442200433,1.47166014383768));
#2739=CARTESIAN_POINT('',(-1.45,0.0482114442200433,1.47166014383768));
#2740=CARTESIAN_POINT('',(-2.05,0.0482114442200433,1.47166014383768));
#2741=CARTESIAN_POINT('',(-1.45,0.69,1.24311629034616));
#2742=CARTESIAN_POINT('',(-2.05,0.69,1.24311629034616));
#2743=CARTESIAN_POINT('',(-2.05,0.741456756942717,1.39461613247459));
#2744=CARTESIAN_POINT('',(-1.45,0.741456756942717,1.39461613247459));
#2745=CARTESIAN_POINT('',(-1.45,0.741456756942717,1.39461613247459));
#2746=CARTESIAN_POINT('',(-1.45,0.69,1.24311629034616));
#2747=CARTESIAN_POINT('',(-1.45,0.741456756942717,1.39461613247459));
#2748=CARTESIAN_POINT('',(-2.05,0.741456756942717,1.39461613247459));
#2749=CARTESIAN_POINT('',(-2.05,0.117839526910802,1.60642704778789));
#2750=CARTESIAN_POINT('',(-1.45,0.117839526910802,1.60642704778789));
#2751=CARTESIAN_POINT('',(-1.45,0.117839526910802,1.60642704778789));
#2752=CARTESIAN_POINT('',(-1.45,0.741456756942717,1.39461613247459));
#2753=CARTESIAN_POINT('',(-1.45,0.15,1.70111444911816));
#2754=CARTESIAN_POINT('',(-2.05,0.15,1.70111444911816));
#2755=CARTESIAN_POINT('',(-1.45,0.15,1.70111444911816));
#2756=CARTESIAN_POINT('',(-1.45,0.15,1.7));
#2757=CARTESIAN_POINT('',(-2.05,0.15,1.7));
#2758=CARTESIAN_POINT('',(0.3,0.850000000000003,-1.19933353111918));
#2759=CARTESIAN_POINT('',(0.3,0.850000000000003,-1.19933353111918));
#2760=CARTESIAN_POINT('',(0.3,0.0482114442200693,-1.47166014383766));
#2761=CARTESIAN_POINT('',(-0.3,0.850000000000003,-1.19933353111918));
#2762=CARTESIAN_POINT('',(-0.3,0.0482114442200693,-1.47166014383766));
#2763=CARTESIAN_POINT('',(0.3,0.0482114442200693,-1.47166014383766));
#2764=CARTESIAN_POINT('',(0.3,0.690000000000003,-1.24311629034616));
#2765=CARTESIAN_POINT('',(-0.3,0.690000000000003,-1.24311629034616));
#2766=CARTESIAN_POINT('',(-0.3,0.741456756942712,-1.39461613247459));
#2767=CARTESIAN_POINT('',(0.3,0.690000000000003,-1.24311629034616));
#2768=CARTESIAN_POINT('',(0.3,0.741456756942712,-1.39461613247459));
#2769=CARTESIAN_POINT('',(0.3,0.741456756942712,-1.39461613247459));
#2770=CARTESIAN_POINT('',(0.3,0.149999999999997,-1.7));
#2771=CARTESIAN_POINT('',(0.3,0.149999999999997,-1.7));
#2772=CARTESIAN_POINT('',(0.3,-0.100000000000003,-1.7));
#2773=CARTESIAN_POINT('',(0.3,-0.100000000000003,-1.7));
#2774=CARTESIAN_POINT('',(0.3,-0.100000000000003,-2.1));
#2775=CARTESIAN_POINT('',(0.3,-0.100000000000003,-2.1));
#2776=CARTESIAN_POINT('',(0.3,0.0499999999999943,-2.1));
#2777=CARTESIAN_POINT('',(0.3,0.0499999999999943,-2.1));
#2778=CARTESIAN_POINT('',(0.3,0.0499999999999943,-1.70111444911816));
#2779=CARTESIAN_POINT('',(0.3,0.149999999999995,-1.70111444911816));
#2780=CARTESIAN_POINT('',(0.3,0.117839526910799,-1.60642704778789));
#2781=CARTESIAN_POINT('',(0.3,0.117839526910799,-1.60642704778789));
#2782=CARTESIAN_POINT('',(-0.3,0.149999999999997,-1.7));
#2783=CARTESIAN_POINT('',(-0.3,0.117839526910799,-1.60642704778789));
#2784=CARTESIAN_POINT('',(-0.3,0.117839526910799,-1.60642704778789));
#2785=CARTESIAN_POINT('',(-0.3,0.149999999999995,-1.70111444911816));
#2786=CARTESIAN_POINT('',(-0.3,0.0499999999999943,-1.70111444911816));
#2787=CARTESIAN_POINT('',(-0.3,0.0499999999999943,-2.1));
#2788=CARTESIAN_POINT('',(-0.3,0.0499999999999943,-2.1));
#2789=CARTESIAN_POINT('',(-0.3,-0.100000000000003,-2.1));
#2790=CARTESIAN_POINT('',(-0.3,-0.100000000000003,-2.1));
#2791=CARTESIAN_POINT('',(-0.3,-0.100000000000003,-1.7));
#2792=CARTESIAN_POINT('',(-0.3,-0.100000000000003,-1.7));
#2793=CARTESIAN_POINT('',(-0.3,0.149999999999997,-1.7));
#2794=CARTESIAN_POINT('',(0.3,0.149999999999997,-1.7));
#2795=CARTESIAN_POINT('',(0.3,-0.100000000000003,-1.7));
#2796=CARTESIAN_POINT('',(0.3,-0.100000000000003,-1.7));
#2797=CARTESIAN_POINT('',(0.3,-0.100000000000003,-2.1));
#2798=CARTESIAN_POINT('',(0.3,-0.100000000000003,-2.1));
#2799=CARTESIAN_POINT('',(0.3,0.0499999999999943,-2.1));
#2800=CARTESIAN_POINT('',(0.3,0.0499999999999943,-2.1));
#2801=CARTESIAN_POINT('',(0.3,0.0499999999999943,-1.70111444911816));
#2802=CARTESIAN_POINT('',(0.3,0.149999999999995,-1.70111444911816));
#2803=CARTESIAN_POINT('',(0.3,0.117839526910799,-1.60642704778789));
#2804=CARTESIAN_POINT('',(0.3,0.117839526910799,-1.60642704778789));
#2805=CARTESIAN_POINT('',(0.,-2.4,-2.93915231795365E-16));
#2806=CARTESIAN_POINT('',(-0.3,0.5,0.35));
#2807=CARTESIAN_POINT('',(-0.3,1.,-0.25));
#2808=CARTESIAN_POINT('',(-0.3,0.5,-0.25));
#2809=CARTESIAN_POINT('',(-0.3,0.,-0.25));
#2810=CARTESIAN_POINT('',(-0.3,0.,0.35));
#2811=CARTESIAN_POINT('',(-0.3,0.,0.25));
#2812=CARTESIAN_POINT('',(-0.3,1.,0.25));
#2813=CARTESIAN_POINT('',(-0.3,0.5,0.25));
#2814=CARTESIAN_POINT('',(-0.3,0.5,0.35));
#2815=CARTESIAN_POINT('',(0.3,0.,0.35));
#2816=CARTESIAN_POINT('',(0.3,0.,0.35));
#2817=CARTESIAN_POINT('',(0.3,0.,0.25));
#2818=CARTESIAN_POINT('',(0.3,0.,-0.25));
#2819=CARTESIAN_POINT('',(0.3,1.,-0.25));
#2820=CARTESIAN_POINT('',(0.3,0.5,-0.25));
#2821=CARTESIAN_POINT('',(0.3,0.5,0.35));
#2822=CARTESIAN_POINT('',(0.3,0.5,0.25));
#2823=CARTESIAN_POINT('',(0.3,1.,0.25));
#2824=CARTESIAN_POINT('',(-0.2,0.5,0.35));
#2825=CARTESIAN_POINT('',(-0.3,0.,0.35));
#2826=CARTESIAN_POINT('',(-0.2,0.,0.35));
#2827=CARTESIAN_POINT('',(0.2,0.,0.35));
#2828=CARTESIAN_POINT('',(0.2,1.,0.35));
#2829=CARTESIAN_POINT('',(0.2,0.5,0.35));
#2830=CARTESIAN_POINT('',(1.,0.5,0.35));
#2831=CARTESIAN_POINT('',(-0.2,0.5,0.35));
#2832=CARTESIAN_POINT('',(-0.2,1.,0.35));
#2833=CARTESIAN_POINT('',(-0.2,0.5,-0.35));
#2834=CARTESIAN_POINT('',(-0.3,0.,-0.35));
#2835=CARTESIAN_POINT('',(-0.2,0.,-0.35));
#2836=CARTESIAN_POINT('',(0.2,0.,-0.35));
#2837=CARTESIAN_POINT('',(-0.2,1.,-0.35));
#2838=CARTESIAN_POINT('',(-0.2,0.5,-0.35));
#2839=CARTESIAN_POINT('',(1.,0.5,-0.35));
#2840=CARTESIAN_POINT('',(0.2,0.5,-0.35));
#2841=CARTESIAN_POINT('',(0.2,1.,-0.35));
#2842=CARTESIAN_POINT('',(0.2,0.6,0.35));
#2843=CARTESIAN_POINT('',(-0.2,0.6,0.35));
#2844=CARTESIAN_POINT('',(-0.2,0.6,0.25));
#2845=CARTESIAN_POINT('',(-0.2,0.6,-0.25));
#2846=CARTESIAN_POINT('',(1.,0.6,0.25));
#2847=CARTESIAN_POINT('',(0.2,0.6,0.25));
#2848=CARTESIAN_POINT('',(0.2,0.6,0.35));
#2849=CARTESIAN_POINT('',(0.2,0.6,-0.25));
#2850=CARTESIAN_POINT('',(1.,0.6,-0.25));
#2851=CARTESIAN_POINT('',(-0.2,0.5,0.35));
#2852=CARTESIAN_POINT('',(-0.2,0.5,-0.25));
#2853=CARTESIAN_POINT('',(-0.270710678118655,0.570710678118655,-0.320710678118655));
#2854=CARTESIAN_POINT('',(-0.2,0.5,-0.25));
#2855=CARTESIAN_POINT('',(-0.2,0.5,0.25));
#2856=CARTESIAN_POINT('',(-0.270710678118655,0.570710678118655,0.320710678118655));
#2857=CARTESIAN_POINT('',(-0.2,0.5,0.25));
#2858=CARTESIAN_POINT('',(-0.3,0.,0.35));
#2859=CARTESIAN_POINT('',(-0.2,0.,-0.25));
#2860=CARTESIAN_POINT('',(0.2,0.,-0.25));
#2861=CARTESIAN_POINT('',(0.2,0.,0.25));
#2862=CARTESIAN_POINT('',(-0.2,0.,0.25));
#2863=CARTESIAN_POINT('',(0.2,0.5,0.35));
#2864=CARTESIAN_POINT('',(0.2,0.5,-0.25));
#2865=CARTESIAN_POINT('',(0.270710678118655,0.570710678118655,-0.320710678118655));
#2866=CARTESIAN_POINT('',(0.2,0.5,-0.25));
#2867=CARTESIAN_POINT('',(0.2,0.5,0.25));
#2868=CARTESIAN_POINT('',(0.270710678118655,0.570710678118655,0.320710678118655));
#2869=CARTESIAN_POINT('',(0.2,0.5,0.25));
#2870=CARTESIAN_POINT('',(1.,0.5,-0.25));
#2871=CARTESIAN_POINT('',(-0.2,0.5,-0.25));
#2872=CARTESIAN_POINT('',(0.2,0.5,-0.25));
#2873=CARTESIAN_POINT('',(1.,0.5,0.25));
#2874=CARTESIAN_POINT('',(0.2,0.5,0.25));
#2875=CARTESIAN_POINT('',(-0.2,0.5,0.25));
#2876=CARTESIAN_POINT('',(-0.2,1.,0.25));
#2877=CARTESIAN_POINT('',(0.2,1.,0.25));
#2878=CARTESIAN_POINT('',(0.2,1.,-0.25));
#2879=CARTESIAN_POINT('',(-0.2,1.,-0.25));
#2880=CARTESIAN_POINT('',(0.3,-0.6,-2.93915231795365E-16));
#2881=(
GEOMETRIC_REPRESENTATION_CONTEXT(3)
GLOBAL_UNCERTAINTY_ASSIGNED_CONTEXT((#2884))
GLOBAL_UNIT_ASSIGNED_CONTEXT((#2889,#2888,#2887))
REPRESENTATION_CONTEXT('CJS-1200B','TOP_LEVEL_ASSEMBLY_PART')
);
#2882=(
GEOMETRIC_REPRESENTATION_CONTEXT(3)
GLOBAL_UNCERTAINTY_ASSIGNED_CONTEXT((#2885))
GLOBAL_UNIT_ASSIGNED_CONTEXT((#2889,#2888,#2887))
REPRESENTATION_CONTEXT('CJS_c_12','COMPONENT_PART')
);
#2883=(
GEOMETRIC_REPRESENTATION_CONTEXT(3)
GLOBAL_UNCERTAINTY_ASSIGNED_CONTEXT((#2886))
GLOBAL_UNIT_ASSIGNED_CONTEXT((#2889,#2888,#2887))
REPRESENTATION_CONTEXT('CJS Slider_s','COMPONENT_PART')
);
#2884=UNCERTAINTY_MEASURE_WITH_UNIT(LENGTH_MEASURE(1.E-5),#2889,
'DISTANCE_ACCURACY_VALUE','Maximum Tolerance applied to model');
#2885=UNCERTAINTY_MEASURE_WITH_UNIT(LENGTH_MEASURE(1.E-5),#2889,
'DISTANCE_ACCURACY_VALUE','Maximum Tolerance applied to model');
#2886=UNCERTAINTY_MEASURE_WITH_UNIT(LENGTH_MEASURE(1.E-5),#2889,
'DISTANCE_ACCURACY_VALUE','Maximum Tolerance applied to model');
#2887=(
NAMED_UNIT(*)
SI_UNIT($,.STERADIAN.)
SOLID_ANGLE_UNIT()
);
#2888=(
NAMED_UNIT(*)
PLANE_ANGLE_UNIT()
SI_UNIT($,.RADIAN.)
);
#2889=(
LENGTH_UNIT()
NAMED_UNIT(*)
SI_UNIT(.MILLI.,.METRE.)
);
#2890=PRODUCT_DEFINITION_SHAPE('','',#2895);
#2891=PRODUCT_DEFINITION_SHAPE('','',#2896);
#2892=PRODUCT_DEFINITION_SHAPE(' ','NAUO PRDDFN',#32);
#2893=PRODUCT_DEFINITION_SHAPE('','',#2897);
#2894=PRODUCT_DEFINITION_SHAPE(' ','NAUO PRDDFN',#33);
#2895=PRODUCT_DEFINITION('','',#2901,#2898);
#2896=PRODUCT_DEFINITION('','',#2902,#2899);
#2897=PRODUCT_DEFINITION('','',#2903,#2900);
#2898=DESIGN_CONTEXT('',#2917,'design');
#2899=DESIGN_CONTEXT('',#2917,'design');
#2900=DESIGN_CONTEXT('',#2917,'design');
#2901=PRODUCT_DEFINITION_FORMATION_WITH_SPECIFIED_SOURCE('','',#2907,
 .NOT_KNOWN.);
#2902=PRODUCT_DEFINITION_FORMATION_WITH_SPECIFIED_SOURCE('','',#2908,
 .NOT_KNOWN.);
#2903=PRODUCT_DEFINITION_FORMATION_WITH_SPECIFIED_SOURCE('','',#2909,
 .NOT_KNOWN.);
#2904=PRODUCT_RELATED_PRODUCT_CATEGORY('','',(#2907));
#2905=PRODUCT_RELATED_PRODUCT_CATEGORY('','',(#2908));
#2906=PRODUCT_RELATED_PRODUCT_CATEGORY('','',(#2909));
#2907=PRODUCT('CJS-1200B','CJS-1200B','CJS-1200B',(#2913));
#2908=PRODUCT('CJS_c_12','CJS_c_12','CJS_c_12',(#2914));
#2909=PRODUCT('CJS Slider_s','CJS Slider_s','CJS Slider_s',(#2915));
#2910=PRODUCT_CATEGORY('','');
#2911=PRODUCT_CATEGORY('','');
#2912=PRODUCT_CATEGORY('','');
#2913=MECHANICAL_CONTEXT('',#2917,'mechanical');
#2914=MECHANICAL_CONTEXT('',#2917,'mechanical');
#2915=MECHANICAL_CONTEXT('',#2917,'mechanical');
#2916=APPLICATION_PROTOCOL_DEFINITION('international standard',
'config_control_design',2010,#2917);
#2917=APPLICATION_CONTEXT(
'configuration controlled 3D designs of mechanical parts and assemblie
s');
ENDSEC;
END-ISO-10303-21;
