ISO-10303-21;
HEADER;
FILE_DESCRIPTION (( 'STEP AP214' ),
    '1' );
FILE_NAME ('ADXL372BCCZ-RL7.STEP',
    '2020-04-30T16:48:19',
    ( '' ),
    ( '' ),
    'SwSTEP 2.0',
    'SolidWorks 2017',
    '' );
FILE_SCHEMA (( 'AUTOMOTIVE_DESIGN' ));
ENDSEC;

DATA;
#1 = DIRECTION ( 'NONE',  ( -0.0000000000000000000, -1.000000000000000000, -0.0000000000000000000 ) ) ;
#2 = ADVANCED_FACE ( 'NONE', ( #2792 ), #2998, .F. ) ;
#3 = CARTESIAN_POINT ( 'NONE',  ( -1.524999999999994400, 0.0000000000000000000, 0.6250000000000016700 ) ) ;
#4 = VERTEX_POINT ( 'NONE', #3326 ) ;
#5 = VECTOR ( 'NONE', #4679, 1000.000000000000000 ) ;
#6 = DIRECTION ( 'NONE',  ( -8.413408858487510600E-014, 0.0000000000000000000, -1.000000000000000000 ) ) ;
#7 = DIRECTION ( 'NONE',  ( 0.0000000000000000000, 0.0000000000000000000, -1.000000000000000000 ) ) ;
#8 = ORIENTED_EDGE ( 'NONE', *, *, #4543, .F. ) ;
#9 = VECTOR ( 'NONE', #2942, 1000.000000000000000 ) ;
#10 =( GEOMETRIC_REPRESENTATION_CONTEXT ( 3 ) GLOBAL_UNCERTAINTY_ASSIGNED_CONTEXT ( ( #2847 ) ) GLOBAL_UNIT_ASSIGNED_CONTEXT ( ( #2936, #3342, #2921 ) ) REPRESENTATION_CONTEXT ( 'NONE', 'WORKASPACE' ) );
#11 = CARTESIAN_POINT ( 'NONE',  ( 1.049999999999999800, 0.0000000000000000000, -1.124999999999998000 ) ) ;
#12 = EDGE_LOOP ( 'NONE', ( #4690, #884, #2379, #4395 ) ) ;
#13 = FACE_OUTER_BOUND ( 'NONE', #3290, .T. ) ;
#14 = PLANE ( 'NONE',  #1514 ) ;
#15 = CARTESIAN_POINT ( 'NONE',  ( -0.3749999999999998900, 0.0000000000000000000, 1.050000000000000000 ) ) ;
#16 = DIRECTION ( 'NONE',  ( 0.0000000000000000000, 0.0000000000000000000, 1.000000000000000000 ) ) ;
#17 = DIRECTION ( 'NONE',  ( 0.0000000000000000000, -0.0000000000000000000, -1.000000000000000000 ) ) ;
#18 = VERTEX_POINT ( 'NONE', #1340 ) ;
#19 = ORIENTED_EDGE ( 'NONE', *, *, #2814, .F. ) ;
#20 = PLANE ( 'NONE',  #2558 ) ;
#21 = EDGE_CURVE ( 'NONE', #2546, #4927, #5033, .T. ) ;
#22 = DIRECTION ( 'NONE',  ( 1.000000000000000000, 0.0000000000000000000, 8.673617379884035500E-016 ) ) ;
#23 = STYLED_ITEM ( 'NONE', ( #5130 ), #2982 ) ;
#24 = CARTESIAN_POINT ( 'NONE',  ( 1.524999999999989300, 0.0000000000000000000, -0.1249999999999983800 ) ) ;
#25 = VERTEX_POINT ( 'NONE', #3783 ) ;
#26 = VERTEX_POINT ( 'NONE', #1741 ) ;
#27 = ORIENTED_EDGE ( 'NONE', *, *, #3118, .F. ) ;
#28 = VECTOR ( 'NONE', #487, 1000.000000000000000 ) ;
#29 = PLANE ( 'NONE',  #3550 ) ;
#30 = ADVANCED_FACE ( 'NONE', ( #3887 ), #2945, .F. ) ;
#31 = EDGE_CURVE ( 'NONE', #2782, #4686, #2171, .T. ) ;
#32 = VERTEX_POINT ( 'NONE', #3417 ) ;
#33 = VECTOR ( 'NONE', #2534, 1000.000000000000000 ) ;
#34 = LINE ( 'NONE', #2336, #2871 ) ;
#35 = UNCERTAINTY_MEASURE_WITH_UNIT (LENGTH_MEASURE( 1.000000000000000100E-005 ), #1795, 'distance_accuracy_value', 'NONE');
#36 = CARTESIAN_POINT ( 'NONE',  ( -0.3749999999999998900, 0.1000000000000000100, -1.050000000000000000 ) ) ;
#37 = DIRECTION ( 'NONE',  ( 1.000000000000000000, 0.0000000000000000000, 9.130123557772670100E-016 ) ) ;
#38 = FACE_BOUND ( 'NONE', #2176, .T. ) ;
#39 = VECTOR ( 'NONE', #4347, 1000.000000000000000 ) ;
#40 = EDGE_CURVE ( 'NONE', #538, #4228, #5170, .T. ) ;
#41 = VERTEX_POINT ( 'NONE', #3455 ) ;
#42 = VECTOR ( 'NONE', #3760, 1000.000000000000000 ) ;
#43 = DIRECTION ( 'NONE',  ( -0.0000000000000000000, 0.0000000000000000000, 1.000000000000000000 ) ) ;
#44 = ORIENTED_EDGE ( 'NONE', *, *, #1265, .F. ) ;
#45 = DIRECTION ( 'NONE',  ( 1.000000000000000000, 0.0000000000000000000, -0.0000000000000000000 ) ) ;
#46 = AXIS2_PLACEMENT_3D ( 'NONE', #4446, #2028, #5268 ) ;
#47 = CARTESIAN_POINT ( 'NONE',  ( 1.049999999999999800, 0.1000000000000000100, -1.124999999999998000 ) ) ;
#48 = CARTESIAN_POINT ( 'NONE',  ( 1.524999999999978600, 0.0000000000000000000, -0.8749999999999984500 ) ) ;
#49 = EDGE_LOOP ( 'NONE', ( #4005, #4746, #4452, #1388 ) ) ;
#50 = CARTESIAN_POINT ( 'NONE',  ( -1.524999999999984100, 0.1000000000000000100, -0.6249999999999983300 ) ) ;
#51 = VECTOR ( 'NONE', #2116, 1000.000000000000000 ) ;
#52 = CARTESIAN_POINT ( 'NONE',  ( -1.524999999999999700, 0.1000000000000000100, 1.125000000000001600 ) ) ;
#53 = EDGE_CURVE ( 'NONE', #2396, #32, #3608, .T. ) ;
#54 = VERTEX_POINT ( 'NONE', #3489 ) ;
#55 = LINE ( 'NONE', #1669, #3161 ) ;
#56 = ADVANCED_FACE ( 'NONE', ( #2114 ), #618, .F. ) ;
#57 = DIRECTION ( 'NONE',  ( 0.0000000000000000000, 0.0000000000000000000, 1.000000000000000000 ) ) ;
#58 = DIRECTION ( 'NONE',  ( 0.0000000000000000000, 0.0000000000000000000, 1.000000000000000000 ) ) ;
#59 = VECTOR ( 'NONE', #3249, 1000.000000000000000 ) ;
#60 = EDGE_CURVE ( 'NONE', #5217, #3419, #2984, .T. ) ;
#61 = AXIS2_PLACEMENT_3D ( 'NONE', #3130, #5243, #5212 ) ;
#62 = DIRECTION ( 'NONE',  ( 0.0000000000000000000, 0.0000000000000000000, 1.000000000000000000 ) ) ;
#63 = LINE ( 'NONE', #4319, #5 ) ;
#64 = CARTESIAN_POINT ( 'NONE',  ( -1.524999999999984100, -0.0000000000000000000, -0.6249999999999983300 ) ) ;
#65 = DIRECTION ( 'NONE',  ( 1.000000000000000000, 0.0000000000000000000, 0.0000000000000000000 ) ) ;
#66 = DIRECTION ( 'NONE',  ( 0.0000000000000000000, 0.0000000000000000000, 1.000000000000000000 ) ) ;
#67 = EDGE_CURVE ( 'NONE', #3909, #2729, #4905, .T. ) ;
#68 = CARTESIAN_POINT ( 'NONE',  ( -0.1249999999999998900, 0.0000000000000000000, 1.050000000000000000 ) ) ;
#69 = VERTEX_POINT ( 'NONE', #1031 ) ;
#70 = CARTESIAN_POINT ( 'NONE',  ( -0.6249999999999998900, -0.0000000000000000000, -1.050000000000000000 ) ) ;
#71 = DIRECTION ( 'NONE',  ( -0.0000000000000000000, 1.000000000000000000, 0.0000000000000000000 ) ) ;
#72 = ORIENTED_EDGE ( 'NONE', *, *, #1298, .F. ) ;
#73 = FACE_OUTER_BOUND ( 'NONE', #5195, .T. ) ;
#74 = CARTESIAN_POINT ( 'NONE',  ( -1.624999999999999800, 0.1999999999999999800, 1.500000000000000200 ) ) ;
#75 = DIRECTION ( 'NONE',  ( -0.0000000000000000000, -1.000000000000000000, -0.0000000000000000000 ) ) ;
#76 = CARTESIAN_POINT ( 'NONE',  ( -1.050000000000020700, 0.0000000000000000000, 0.8750000000000020000 ) ) ;
#77 = ORIENTED_EDGE ( 'NONE', *, *, #4629, .T. ) ;
#78 = CARTESIAN_POINT ( 'NONE',  ( 0.0000000000000000000, 0.2000000000000000100, 0.0000000000000000000 ) ) ;
#79 = ADVANCED_FACE ( 'NONE', ( #13 ), #2660, .T. ) ;
#80 = CARTESIAN_POINT ( 'NONE',  ( 1.524999999999999700, 0.1000000000000000100, 0.8750000000000016700 ) ) ;
#81 = DIRECTION ( 'NONE',  ( 0.0000000000000000000, 0.0000000000000000000, 1.000000000000000000 ) ) ;
#82 = ORIENTED_EDGE ( 'NONE', *, *, #99, .T. ) ;
#83 = CARTESIAN_POINT ( 'NONE',  ( -0.6249999999999998900, 0.1000000000000000100, 1.050000000000000000 ) ) ;
#84 = DIRECTION ( 'NONE',  ( 8.413408858487510600E-014, 0.0000000000000000000, -1.000000000000000000 ) ) ;
#85 = ORIENTED_EDGE ( 'NONE', *, *, #2937, .T. ) ;
#86 = CARTESIAN_POINT ( 'NONE',  ( 0.0000000000000000000, 0.1000000000000000100, 0.0000000000000000000 ) ) ;
#87 = LINE ( 'NONE', #4294, #3191 ) ;
#88 = EDGE_CURVE ( 'NONE', #807, #4120, #1738, .T. ) ;
#89 = LINE ( 'NONE', #1817, #3835 ) ;
#90 =( GEOMETRIC_REPRESENTATION_CONTEXT ( 3 ) GLOBAL_UNCERTAINTY_ASSIGNED_CONTEXT ( ( #4883 ) ) GLOBAL_UNIT_ASSIGNED_CONTEXT ( ( #1578, #2772, #2711 ) ) REPRESENTATION_CONTEXT ( 'NONE', 'WORKASPACE' ) );
#92 = DIRECTION ( 'NONE',  ( 1.000000000000000000, -0.0000000000000000000, 8.673617379884035500E-016 ) ) ;
#91 = DIRECTION ( 'NONE',  ( -1.000000000000000000, 0.0000000000000000000, -1.734723475976807100E-015 ) ) ;
#93 = DIRECTION ( 'NONE',  ( -0.0000000000000000000, -0.0000000000000000000, -1.000000000000000000 ) ) ;
#94 = VERTEX_POINT ( 'NONE', #1072 ) ;
#95 = FACE_OUTER_BOUND ( 'NONE', #1932, .T. ) ;
#96 = ORIENTED_EDGE ( 'NONE', *, *, #2856, .T. ) ;
#97 = ADVANCED_BREP_SHAPE_REPRESENTATION ( 'ADXL372BCCZ-RL7', ( #5219, #889, #2982, #3533, #2599, #4023, #2754, #488, #655, #2148, #1770, #3394, #171, #3298, #2216, #3146, #3083, #2696, #1204 ), #4630 ) ;
#98 = VERTEX_POINT ( 'NONE', #2649 ) ;
#99 = EDGE_CURVE ( 'NONE', #732, #54, #4584, .T. ) ;
#100 = DIRECTION ( 'NONE',  ( -1.000000000000000000, 0.0000000000000000000, -9.130123557772670100E-016 ) ) ;
#101 = VECTOR ( 'NONE', #4821, 1000.000000000000000 ) ;
#102 = VECTOR ( 'NONE', #4651, 1000.000000000000000 ) ;
#103 = DIRECTION ( 'NONE',  ( 9.130123557772670100E-016, -0.0000000000000000000, 1.000000000000000000 ) ) ;
#104 = DIRECTION ( 'NONE',  ( 8.413408858487510600E-014, 0.0000000000000000000, 1.000000000000000000 ) ) ;
#105 = VERTEX_POINT ( 'NONE', #4285 ) ;
#106 = SURFACE_STYLE_FILL_AREA ( #3309 ) ;
#107 = EDGE_CURVE ( 'NONE', #249, #3207, #1799, .T. ) ;
#108 = PLANE ( 'NONE',  #2538 ) ;
#109 = FILL_AREA_STYLE_COLOUR ( '', #181 ) ;
#110 = ADVANCED_FACE ( 'NONE', ( #2673 ), #3015, .F. ) ;
#111 = CARTESIAN_POINT ( 'NONE',  ( -1.050000000000020700, 0.0000000000000000000, 0.8750000000000020000 ) ) ;
#112 = CARTESIAN_POINT ( 'NONE',  ( -1.524999999999999700, 0.1000000000000000100, 0.8750000000000016700 ) ) ;
#113 = VERTEX_POINT ( 'NONE', #4659 ) ;
#114 = DIRECTION ( 'NONE',  ( -0.0000000000000000000, 1.000000000000000000, -0.0000000000000000000 ) ) ;
#115 = SURFACE_SIDE_STYLE ('',( #1305 ) ) ;
#116 = AXIS2_PLACEMENT_3D ( 'NONE', #1166, #771, #4793 ) ;
#117 = VERTEX_POINT ( 'NONE', #2227 ) ;
#118 = CARTESIAN_POINT ( 'NONE',  ( -0.6249999999999998900, 0.1000000000000000100, -1.399999999999999900 ) ) ;
#119 = ORIENTED_EDGE ( 'NONE', *, *, #3043, .T. ) ;
#120 = VECTOR ( 'NONE', #4727, 1000.000000000000000 ) ;
#121 = ORIENTED_EDGE ( 'NONE', *, *, #1645, .F. ) ;
#122 = CARTESIAN_POINT ( 'NONE',  ( 0.0000000000000000000, 0.1000000000000000100, 0.0000000000000000000 ) ) ;
#123 = DIRECTION ( 'NONE',  ( 8.413408858487510600E-014, 0.0000000000000000000, 1.000000000000000000 ) ) ;
#124 = VECTOR ( 'NONE', #2430, 1000.000000000000000 ) ;
#125 = EDGE_CURVE ( 'NONE', #4652, #94, #4331, .T. ) ;
#126 = ORIENTED_EDGE ( 'NONE', *, *, #3238, .T. ) ;
#127 =( GEOMETRIC_REPRESENTATION_CONTEXT ( 3 ) GLOBAL_UNCERTAINTY_ASSIGNED_CONTEXT ( ( #35 ) ) GLOBAL_UNIT_ASSIGNED_CONTEXT ( ( #1795, #4643, #4234 ) ) REPRESENTATION_CONTEXT ( 'NONE', 'WORKASPACE' ) );
#128 = DIRECTION ( 'NONE',  ( -0.0000000000000000000, -1.000000000000000000, -0.0000000000000000000 ) ) ;
#129 = DIRECTION ( 'NONE',  ( 0.0000000000000000000, 1.000000000000000000, 0.0000000000000000000 ) ) ;
#130 = VECTOR ( 'NONE', #5123, 1000.000000000000000 ) ;
#131 = EDGE_CURVE ( 'NONE', #4860, #4596, #3492, .T. ) ;
#132 = PLANE ( 'NONE',  #4898 ) ;
#133 = VERTEX_POINT ( 'NONE', #4302 ) ;
#134 = VECTOR ( 'NONE', #2377, 1000.000000000000000 ) ;
#135 = ADVANCED_FACE ( 'NONE', ( #4064 ), #4680, .F. ) ;
#136 = PLANE ( 'NONE',  #1356 ) ;
#137 = VECTOR ( 'NONE', #5233, 1000.000000000000000 ) ;
#138 = CARTESIAN_POINT ( 'NONE',  ( 1.625000000000000200, 1.139999999999999900, 1.499999999999999800 ) ) ;
#139 = EDGE_CURVE ( 'NONE', #2636, #2513, #522, .T. ) ;
#140 = CARTESIAN_POINT ( 'NONE',  ( 1.050000000000005200, 0.0000000000000000000, -0.6249999999999981100 ) ) ;
#141 =( NAMED_UNIT ( * ) SI_UNIT ( $, .STERADIAN. ) SOLID_ANGLE_UNIT ( ) );
#142 = CARTESIAN_POINT ( 'NONE',  ( -0.3749999999999998900, 0.1000000000000000100, 1.399999999999999700 ) ) ;
#143 = VERTEX_POINT ( 'NONE', #4232 ) ;
#144 = ORIENTED_EDGE ( 'NONE', *, *, #3974, .F. ) ;
#145 = ORIENTED_EDGE ( 'NONE', *, *, #5273, .T. ) ;
#146 = CARTESIAN_POINT ( 'NONE',  ( -0.6249999999999998900, 0.0000000000000000000, 1.399999999999999900 ) ) ;
#147 = FACE_OUTER_BOUND ( 'NONE', #4753, .T. ) ;
#148 = DIRECTION ( 'NONE',  ( -0.0000000000000000000, -1.000000000000000000, -0.0000000000000000000 ) ) ;
#149 = VECTOR ( 'NONE', #2046, 1000.000000000000000 ) ;
#150 = DIRECTION ( 'NONE',  ( 0.0000000000000000000, 0.0000000000000000000, 1.000000000000000000 ) ) ;
#151 = ORIENTED_EDGE ( 'NONE', *, *, #1477, .T. ) ;
#152 = ORIENTED_EDGE ( 'NONE', *, *, #3509, .F. ) ;
#153 = AXIS2_PLACEMENT_3D ( 'NONE', #768, #4048, #2006 ) ;
#154 = FACE_OUTER_BOUND ( 'NONE', #3141, .T. ) ;
#155 = CARTESIAN_POINT ( 'NONE',  ( -1.524999999999999700, 0.1000000000000000100, 1.125000000000001600 ) ) ;
#156 = CARTESIAN_POINT ( 'NONE',  ( -1.049999999999978700, 0.1000000000000000100, -0.8749999999999980000 ) ) ;
#157 = CARTESIAN_POINT ( 'NONE',  ( 0.3750000000000001100, 0.1000000000000000100, -1.399999999999999900 ) ) ;
#158 = ORIENTED_EDGE ( 'NONE', *, *, #4662, .T. ) ;
#159 = ORIENTED_EDGE ( 'NONE', *, *, #2269, .F. ) ;
#160 = VECTOR ( 'NONE', #3296, 1000.000000000000000 ) ;
#161 = VECTOR ( 'NONE', #4184, 1000.000000000000000 ) ;
#162 = PLANE ( 'NONE',  #3626 ) ;
#163 = ADVANCED_FACE ( 'NONE', ( #1929 ), #3090, .F. ) ;
#164 = CARTESIAN_POINT ( 'NONE',  ( 0.0000000000000000000, 0.1000000000000000100, 0.0000000000000000000 ) ) ;
#165 = EDGE_CURVE ( 'NONE', #2184, #4686, #1108, .T. ) ;
#166 = CARTESIAN_POINT ( 'NONE',  ( 0.0000000000000000000, 0.1000000000000000100, 0.0000000000000000000 ) ) ;
#167 = AXIS2_PLACEMENT_3D ( 'NONE', #1436, #182, #2604 ) ;
#168 = VECTOR ( 'NONE', #5244, 1000.000000000000000 ) ;
#169 = LINE ( 'NONE', #1774, #2638 ) ;
#170 = VERTEX_POINT ( 'NONE', #277 ) ;
#171 = MANIFOLD_SOLID_BREP ( 'Boss-Extrude2[11]', #4824 ) ;
#172 = EDGE_LOOP ( 'NONE', ( #220, #4644, #402, #2822 ) ) ;
#173 = PLANE ( 'NONE',  #4835 ) ;
#174 = PRESENTATION_LAYER_ASSIGNMENT (  '', '', ( #440 ) ) ;
#175 = LINE ( 'NONE', #363, #5000 ) ;
#176 = AXIS2_PLACEMENT_3D ( 'NONE', #1566, #2317, #1902 ) ;
#177 = PLANE ( 'NONE',  #2101 ) ;
#178 = VERTEX_POINT ( 'NONE', #2280 ) ;
#179 =( NAMED_UNIT ( * ) PLANE_ANGLE_UNIT ( ) SI_UNIT ( $, .RADIAN. ) );
#180 = EDGE_LOOP ( 'NONE', ( #3631, #1556, #4571, #1761 ) ) ;
#181 = COLOUR_RGB ( '',1.000000000000000000, 1.000000000000000000, 1.000000000000000000 ) ;
#182 = DIRECTION ( 'NONE',  ( 1.000000000000000000, 0.0000000000000000000, 0.0000000000000000000 ) ) ;
#183 = DIRECTION ( 'NONE',  ( -1.000000000000000000, 0.0000000000000000000, -9.130123557772670100E-016 ) ) ;
#185 = DIRECTION ( 'NONE',  ( 0.0000000000000000000, -1.000000000000000000, 0.0000000000000000000 ) ) ;
#184 = CARTESIAN_POINT ( 'NONE',  ( 1.049999999999999800, 0.0000000000000000000, -1.124999999999998000 ) ) ;
#186 = VECTOR ( 'NONE', #1333, 1000.000000000000000 ) ;
#187 = DIRECTION ( 'NONE',  ( -0.0000000000000000000, 1.000000000000000000, -0.0000000000000000000 ) ) ;
#188 = ADVANCED_FACE ( 'NONE', ( #4448 ), #3103, .F. ) ;
#189 = CARTESIAN_POINT ( 'NONE',  ( 1.050000000000020700, 0.1000000000000000100, 0.8750000000000020000 ) ) ;
#190 = LINE ( 'NONE', #1781, #3593 ) ;
#191 = CARTESIAN_POINT ( 'NONE',  ( -0.3749999999999998900, 0.0000000000000000000, -1.400000000000000400 ) ) ;
#192 = EDGE_CURVE ( 'NONE', #449, #105, #3360, .T. ) ;
#193 = AXIS2_PLACEMENT_3D ( 'NONE', #50, #1302, #66 ) ;
#194 = CARTESIAN_POINT ( 'NONE',  ( -1.050000000000015600, 0.0000000000000000000, 0.3750000000000019400 ) ) ;
#195 = PLANE ( 'NONE',  #705 ) ;
#196 = PLANE ( 'NONE',  #3408 ) ;
#197 = CARTESIAN_POINT ( 'NONE',  ( 0.6250000000000001100, 0.0000000000000000000, 1.050000000000000000 ) ) ;
#198 = VERTEX_POINT ( 'NONE', #2360 ) ;
#199 = VECTOR ( 'NONE', #2366, 1000.000000000000000 ) ;
#200 = CARTESIAN_POINT ( 'NONE',  ( 0.3750000000000001100, 0.1000000000000000100, 1.050000000000000000 ) ) ;
#201 = EDGE_CURVE ( 'NONE', #1307, #1698, #1987, .T. ) ;
#202 = AXIS2_PLACEMENT_3D ( 'NONE', #2531, #103, #3740 ) ;
#203 = ORIENTED_EDGE ( 'NONE', *, *, #2345, .F. ) ;
#204 = DIRECTION ( 'NONE',  ( -0.0000000000000000000, 1.000000000000000000, -0.0000000000000000000 ) ) ;
#205 = CARTESIAN_POINT ( 'NONE',  ( 0.0000000000000000000, 0.1000000000000000100, 0.0000000000000000000 ) ) ;
#206 = ORIENTED_EDGE ( 'NONE', *, *, #192, .F. ) ;
#207 = ORIENTED_EDGE ( 'NONE', *, *, #1645, .T. ) ;
#208 = CARTESIAN_POINT ( 'NONE',  ( -1.049999999999999800, 0.1000000000000000100, 1.125000000000002000 ) ) ;
#209 = FACE_OUTER_BOUND ( 'NONE', #4111, .T. ) ;
#210 = CARTESIAN_POINT ( 'NONE',  ( -1.049999999999978700, 0.1000000000000000100, -0.8749999999999980000 ) ) ;
#212 = VERTEX_POINT ( 'NONE', #4369 ) ;
#211 = DIRECTION ( 'NONE',  ( -0.0000000000000000000, -0.0000000000000000000, -1.000000000000000000 ) ) ;
#213 = ADVANCED_FACE ( 'NONE', ( #5106 ), #1934, .F. ) ;
#214 = DIRECTION ( 'NONE',  ( 1.000000000000000000, 0.0000000000000000000, 0.0000000000000000000 ) ) ;
#215 = DIRECTION ( 'NONE',  ( 6.847592668329805800E-016, 0.0000000000000000000, -1.000000000000000000 ) ) ;
#216 = VECTOR ( 'NONE', #4582, 1000.000000000000000 ) ;
#217 = AXIS2_PLACEMENT_3D ( 'NONE', #2860, #446, #4957 ) ;
#218 = DIRECTION ( 'NONE',  ( 0.0000000000000000000, 0.0000000000000000000, 1.000000000000000000 ) ) ;
#219 = ORIENTED_EDGE ( 'NONE', *, *, #1731, .T. ) ;
#220 = ORIENTED_EDGE ( 'NONE', *, *, #2237, .T. ) ;
#221 = VECTOR ( 'NONE', #3425, 1000.000000000000000 ) ;
#222 = FACE_OUTER_BOUND ( 'NONE', #3956, .T. ) ;
#223 = DIRECTION ( 'NONE',  ( -0.0000000000000000000, -0.0000000000000000000, -1.000000000000000000 ) ) ;
#224 = DIRECTION ( 'NONE',  ( 1.000000000000000000, 0.0000000000000000000, 6.847592668329805800E-016 ) ) ;
#225 = ORIENTED_EDGE ( 'NONE', *, *, #4868, .F. ) ;
#226 = SURFACE_STYLE_FILL_AREA ( #2132 ) ;
#227 = EDGE_CURVE ( 'NONE', #4308, #1304, #2925, .T. ) ;
#228 = VECTOR ( 'NONE', #664, 1000.000000000000000 ) ;
#229 = CARTESIAN_POINT ( 'NONE',  ( -1.524999999999999700, 0.1000000000000000100, 0.8750000000000016700 ) ) ;
#230 = ORIENTED_EDGE ( 'NONE', *, *, #2027, .F. ) ;
#231 = ORIENTED_EDGE ( 'NONE', *, *, #2492, .F. ) ;
#232 = LINE ( 'NONE', #1883, #614 ) ;
#233 = DIRECTION ( 'NONE',  ( 1.000000000000000000, 0.0000000000000000000, 6.847592668329805800E-016 ) ) ;
#234 = FACE_OUTER_BOUND ( 'NONE', #1866, .T. ) ;
#235 = ORIENTED_EDGE ( 'NONE', *, *, #720, .F. ) ;
#236 = CARTESIAN_POINT ( 'NONE',  ( -1.049999999999999800, -0.0000000000000000000, -1.124999999999998000 ) ) ;
#237 = EDGE_CURVE ( 'NONE', #2962, #1307, #4001, .T. ) ;
#238 = CARTESIAN_POINT ( 'NONE',  ( 0.0000000000000000000, 0.0000000000000000000, 0.0000000000000000000 ) ) ;
#239 = VECTOR ( 'NONE', #4533, 1000.000000000000000 ) ;
#240 = CARTESIAN_POINT ( 'NONE',  ( 0.1250000000000001100, 0.0000000000000000000, -1.050000000000000000 ) ) ;
#241 =( NAMED_UNIT ( * ) SI_UNIT ( $, .STERADIAN. ) SOLID_ANGLE_UNIT ( ) );
#242 = ORIENTED_EDGE ( 'NONE', *, *, #1229, .T. ) ;
#243 = ORIENTED_EDGE ( 'NONE', *, *, #3480, .T. ) ;
#244 = COLOUR_RGB ( '',1.000000000000000000, 1.000000000000000000, 1.000000000000000000 ) ;
#245 = ADVANCED_FACE ( 'NONE', ( #1042 ), #1953, .F. ) ;
#246 = EDGE_CURVE ( 'NONE', #4860, #3236, #4838, .T. ) ;
#247 = ORIENTED_EDGE ( 'NONE', *, *, #4961, .F. ) ;
#248 = DIRECTION ( 'NONE',  ( 1.000000000000000000, 0.0000000000000000000, 9.130123557772670100E-016 ) ) ;
#249 = VERTEX_POINT ( 'NONE', #1154 ) ;
#250 = LINE ( 'NONE', #3134, #1965 ) ;
#251 = DIRECTION ( 'NONE',  ( 8.413408858487510600E-014, 0.0000000000000000000, 1.000000000000000000 ) ) ;
#252 = CARTESIAN_POINT ( 'NONE',  ( -1.049999999999984100, 0.1000000000000000100, -0.3749999999999979500 ) ) ;
#253 = FACE_OUTER_BOUND ( 'NONE', #811, .T. ) ;
#254 =( LENGTH_UNIT ( ) NAMED_UNIT ( * ) SI_UNIT ( .MILLI., .METRE. ) );
#255 = LINE ( 'NONE', #2590, #4052 ) ;
#256 = ORIENTED_EDGE ( 'NONE', *, *, #1490, .F. ) ;
#257 = PLANE ( 'NONE',  #697 ) ;
#258 = CARTESIAN_POINT ( 'NONE',  ( 1.524999999999984100, 0.1000000000000000100, -0.3749999999999983900 ) ) ;
#259 = ORIENTED_EDGE ( 'NONE', *, *, #3918, .F. ) ;
#260 = VECTOR ( 'NONE', #606, 1000.000000000000000 ) ;
#261 = DIRECTION ( 'NONE',  ( 1.734723475976807100E-015, 0.0000000000000000000, 1.000000000000000000 ) ) ;
#262 = EDGE_CURVE ( 'NONE', #801, #3392, #1495, .T. ) ;
#263 = AXIS2_PLACEMENT_3D ( 'NONE', #4508, #3946, #1802 ) ;
#264 = VERTEX_POINT ( 'NONE', #5167 ) ;
#265 = VECTOR ( 'NONE', #3571, 1000.000000000000000 ) ;
#266 = DIRECTION ( 'NONE',  ( -1.000000000000000000, 0.0000000000000000000, -0.0000000000000000000 ) ) ;
#267 = ADVANCED_FACE ( 'NONE', ( #73 ), #692, .F. ) ;
#268 =( LENGTH_UNIT ( ) NAMED_UNIT ( * ) SI_UNIT ( .MILLI., .METRE. ) );
#269 = CARTESIAN_POINT ( 'NONE',  ( 1.050000000000010300, 0.1000000000000000100, -0.1249999999999980600 ) ) ;
#270 = VERTEX_POINT ( 'NONE', #1918 ) ;
#271 = VECTOR ( 'NONE', #760, 1000.000000000000000 ) ;
#272 = EDGE_CURVE ( 'NONE', #2698, #4925, #1553, .T. ) ;
#273 = ORIENTED_EDGE ( 'NONE', *, *, #3189, .T. ) ;
#274 = CARTESIAN_POINT ( 'NONE',  ( -1.050000000000005200, 0.0000000000000000000, -0.6249999999999981100 ) ) ;
#275 = ORIENTED_EDGE ( 'NONE', *, *, #4520, .T. ) ;
#276 = ORIENTED_EDGE ( 'NONE', *, *, #3937, .T. ) ;
#277 = CARTESIAN_POINT ( 'NONE',  ( -1.050000000000010300, 0.1000000000000000100, -0.1249999999999980600 ) ) ;
#278 = DIRECTION ( 'NONE',  ( -9.130123557772670100E-016, 0.0000000000000000000, 1.000000000000000000 ) ) ;
#279 = DIRECTION ( 'NONE',  ( -0.0000000000000000000, 1.000000000000000000, -0.0000000000000000000 ) ) ;
#280 = EDGE_CURVE ( 'NONE', #5211, #3686, #3739, .T. ) ;
#281 = VECTOR ( 'NONE', #1120, 1000.000000000000000 ) ;
#282 = ORIENTED_EDGE ( 'NONE', *, *, #3910, .F. ) ;
#283 = ORIENTED_EDGE ( 'NONE', *, *, #3541, .T. ) ;
#284 = LINE ( 'NONE', #2665, #989 ) ;
#285 = EDGE_LOOP ( 'NONE', ( #3335, #3428, #3246, #4784 ) ) ;
#286 = DIRECTION ( 'NONE',  ( -0.0000000000000000000, 1.000000000000000000, -0.0000000000000000000 ) ) ;
#287 = PLANE ( 'NONE',  #4789 ) ;
#288 = VERTEX_POINT ( 'NONE', #3237 ) ;
#289 = EDGE_LOOP ( 'NONE', ( #729, #1107, #4106, #1768 ) ) ;
#290 = VECTOR ( 'NONE', #1275, 1000.000000000000000 ) ;
#291 = AXIS2_PLACEMENT_3D ( 'NONE', #4159, #1313, #58 ) ;
#292 = FACE_OUTER_BOUND ( 'NONE', #1017, .T. ) ;
#293 = CARTESIAN_POINT ( 'NONE',  ( -0.1249999999999998900, 0.1000000000000000100, -1.050000000000000000 ) ) ;
#294 = EDGE_LOOP ( 'NONE', ( #2133, #2791, #2810, #668 ) ) ;
#295 = VECTOR ( 'NONE', #3198, 1000.000000000000000 ) ;
#296 = PLANE ( 'NONE',  #3562 ) ;
#297 = LINE ( 'NONE', #1289, #2443 ) ;
#298 = ORIENTED_EDGE ( 'NONE', *, *, #5136, .T. ) ;
#299 = ADVANCED_FACE ( 'NONE', ( #2234 ), #4886, .F. ) ;
#300 = DIRECTION ( 'NONE',  ( 1.000000000000000000, 0.0000000000000000000, -1.334402673828313300E-016 ) ) ;
#301 = ORIENTED_EDGE ( 'NONE', *, *, #3722, .F. ) ;
#302 = EDGE_CURVE ( 'NONE', #3732, #3814, #3356, .T. ) ;
#303 =( GEOMETRIC_REPRESENTATION_CONTEXT ( 3 ) GLOBAL_UNCERTAINTY_ASSIGNED_CONTEXT ( ( #1382 ) ) GLOBAL_UNIT_ASSIGNED_CONTEXT ( ( #3846, #3076, #1492 ) ) REPRESENTATION_CONTEXT ( 'NONE', 'WORKASPACE' ) );
#304 = PRESENTATION_STYLE_ASSIGNMENT (( #2161 ) ) ;
#305 = EDGE_CURVE ( 'NONE', #723, #2700, #4648, .T. ) ;
#306 = CARTESIAN_POINT ( 'NONE',  ( -1.524999999999978600, 0.0000000000000000000, -0.8749999999999984500 ) ) ;
#307 = ORIENTED_EDGE ( 'NONE', *, *, #933, .F. ) ;
#308 = ORIENTED_EDGE ( 'NONE', *, *, #1109, .T. ) ;
#309 = ORIENTED_EDGE ( 'NONE', *, *, #1942, .T. ) ;
#310 = FACE_OUTER_BOUND ( 'NONE', #2488, .T. ) ;
#311 = EDGE_CURVE ( 'NONE', #1523, #5094, #3177, .T. ) ;
#312 = DIRECTION ( 'NONE',  ( 1.000000000000000000, 0.0000000000000000000, -1.734723475976807100E-015 ) ) ;
#313 = VECTOR ( 'NONE', #7, 1000.000000000000000 ) ;
#314 = CARTESIAN_POINT ( 'NONE',  ( 0.1250000000000001100, 0.0000000000000000000, 1.050000000000000000 ) ) ;
#315 = DIRECTION ( 'NONE',  ( -0.0000000000000000000, 0.0000000000000000000, 1.000000000000000000 ) ) ;
#316 = LINE ( 'NONE', #4108, #59 ) ;
#317 = AXIS2_PLACEMENT_3D ( 'NONE', #5014, #3829, #3794 ) ;
#318 = DIRECTION ( 'NONE',  ( 0.0000000000000000000, 0.0000000000000000000, -1.000000000000000000 ) ) ;
#319 = CARTESIAN_POINT ( 'NONE',  ( -1.049999999999999800, 0.1000000000000000100, -1.124999999999998000 ) ) ;
#320 = VECTOR ( 'NONE', #2465, 1000.000000000000000 ) ;
#321 = DIRECTION ( 'NONE',  ( 8.413408858487510600E-014, 0.0000000000000000000, 1.000000000000000000 ) ) ;
#322 = ORIENTED_EDGE ( 'NONE', *, *, #2814, .T. ) ;
#323 = VECTOR ( 'NONE', #1762, 1000.000000000000000 ) ;
#324 = EDGE_CURVE ( 'NONE', #1892, #4133, #652, .T. ) ;
#325 = PLANE ( 'NONE',  #1230 ) ;
#326 = ORIENTED_EDGE ( 'NONE', *, *, #3204, .T. ) ;
#327 = EDGE_CURVE ( 'NONE', #580, #723, #5100, .T. ) ;
#328 = CARTESIAN_POINT ( 'NONE',  ( 0.0000000000000000000, 0.1000000000000000100, 0.0000000000000000000 ) ) ;
#329 = VERTEX_POINT ( 'NONE', #1634 ) ;
#330 = ORIENTED_EDGE ( 'NONE', *, *, #272, .F. ) ;
#331 = DIRECTION ( 'NONE',  ( 0.0000000000000000000, 0.0000000000000000000, 1.000000000000000000 ) ) ;
#332 = VERTEX_POINT ( 'NONE', #4831 ) ;
#333 = EDGE_CURVE ( 'NONE', #1698, #3176, #2610, .T. ) ;
#334 = LINE ( 'NONE', #4603, #4338 ) ;
#335 = CARTESIAN_POINT ( 'NONE',  ( -1.049999999999999800, 0.1000000000000000100, -1.124999999999998000 ) ) ;
#336 = EDGE_LOOP ( 'NONE', ( #3210, #5065, #1557, #1315 ) ) ;
#337 = ORIENTED_EDGE ( 'NONE', *, *, #2805, .T. ) ;
#338 = VECTOR ( 'NONE', #1147, 1000.000000000000000 ) ;
#339 = FACE_OUTER_BOUND ( 'NONE', #4198, .T. ) ;
#340 = CARTESIAN_POINT ( 'NONE',  ( 0.0000000000000000000, 0.0000000000000000000, 0.0000000000000000000 ) ) ;
#341 = AXIS2_PLACEMENT_3D ( 'NONE', #4100, #4514, #2090 ) ;
#342 = ADVANCED_FACE ( 'NONE', ( #2918 ), #1188, .F. ) ;
#343 = EDGE_LOOP ( 'NONE', ( #727, #4060, #3575, #4969 ) ) ;
#344 = LINE ( 'NONE', #860, #2940 ) ;
#345 = LINE ( 'NONE', #1218, #2941 ) ;
#346 = ORIENTED_EDGE ( 'NONE', *, *, #2843, .T. ) ;
#347 = ORIENTED_EDGE ( 'NONE', *, *, #783, .T. ) ;
#348 = DIRECTION ( 'NONE',  ( -1.000000000000000000, 0.0000000000000000000, 0.0000000000000000000 ) ) ;
#349 = DIRECTION ( 'NONE',  ( 0.0000000000000000000, 0.0000000000000000000, -1.000000000000000000 ) ) ;
#350 = EDGE_LOOP ( 'NONE', ( #549, #1440, #491, #2258 ) ) ;
#351 = VECTOR ( 'NONE', #2308, 1000.000000000000000 ) ;
#352 = ORIENTED_EDGE ( 'NONE', *, *, #1445, .F. ) ;
#353 = DIRECTION ( 'NONE',  ( -1.000000000000000000, 0.0000000000000000000, 1.334402673828313300E-016 ) ) ;
#354 = CARTESIAN_POINT ( 'NONE',  ( -0.1249999999999998900, 0.0000000000000000000, -1.399999999999999900 ) ) ;
#355 = FACE_OUTER_BOUND ( 'NONE', #3125, .T. ) ;
#356 = DIRECTION ( 'NONE',  ( 1.000000000000000000, 0.0000000000000000000, -6.847592668329805800E-016 ) ) ;
#357 = DIRECTION ( 'NONE',  ( 1.000000000000000000, -0.0000000000000000000, 6.847592668329805800E-016 ) ) ;
#358 = EDGE_CURVE ( 'NONE', #377, #1754, #383, .T. ) ;
#359 = EDGE_LOOP ( 'NONE', ( #3115, #2542, #1913, #3920 ) ) ;
#360 = VECTOR ( 'NONE', #318, 1000.000000000000000 ) ;
#361 = PLANE ( 'NONE',  #4524 ) ;
#362 = EDGE_LOOP ( 'NONE', ( #2268, #4193, #4908, #4647 ) ) ;
#363 = CARTESIAN_POINT ( 'NONE',  ( 0.6250000000000001100, 0.1000000000000000100, -1.399999999999999700 ) ) ;
#364 = ADVANCED_FACE ( 'NONE', ( #454 ), #5269, .F. ) ;
#365 = DIRECTION ( 'NONE',  ( -0.0000000000000000000, -1.000000000000000000, -0.0000000000000000000 ) ) ;
#366 = CARTESIAN_POINT ( 'NONE',  ( -1.524999999999978600, 0.0000000000000000000, -1.124999999999998400 ) ) ;
#367 = ORIENTED_EDGE ( 'NONE', *, *, #4694, .T. ) ;
#368 = FACE_OUTER_BOUND ( 'NONE', #427, .T. ) ;
#369 = EDGE_CURVE ( 'NONE', #2521, #3592, #4967, .T. ) ;
#370 = FACE_OUTER_BOUND ( 'NONE', #2858, .T. ) ;
#371 = PLANE ( 'NONE',  #3045 ) ;
#372 = EDGE_CURVE ( 'NONE', #3820, #4453, #4834, .T. ) ;
#373 = DIRECTION ( 'NONE',  ( 1.000000000000000000, 0.0000000000000000000, -1.734723475976807100E-015 ) ) ;
#374 = ORIENTED_EDGE ( 'NONE', *, *, #4794, .F. ) ;
#375 = LINE ( 'NONE', #1464, #1348 ) ;
#376 = DIRECTION ( 'NONE',  ( -1.000000000000000000, 0.0000000000000000000, -1.734723475976807100E-015 ) ) ;
#377 = VERTEX_POINT ( 'NONE', #2030 ) ;
#378 = COLOUR_RGB ( '',0.0000000000000000000, 0.7529411764705882200, 0.0000000000000000000 ) ;
#379 = DIRECTION ( 'NONE',  ( 8.413408858487510600E-014, 0.0000000000000000000, 1.000000000000000000 ) ) ;
#380 = DIRECTION ( 'NONE',  ( -9.130123557772670100E-016, 0.0000000000000000000, -1.000000000000000000 ) ) ;
#381 = PLANE ( 'NONE',  #4874 ) ;
#382 = VERTEX_POINT ( 'NONE', #1242 ) ;
#383 = LINE ( 'NONE', #2042, #137 ) ;
#384 = DIRECTION ( 'NONE',  ( 6.847592668329805800E-016, 0.0000000000000000000, 1.000000000000000000 ) ) ;
#385 = EDGE_CURVE ( 'NONE', #430, #2576, #4444, .T. ) ;
#386 = CARTESIAN_POINT ( 'NONE',  ( 1.524999999999999700, 0.1000000000000000100, 1.125000000000001600 ) ) ;
#387 = STYLED_ITEM ( 'NONE', ( #5139 ), #2599 ) ;
#388 = ORIENTED_EDGE ( 'NONE', *, *, #2937, .F. ) ;
#389 = DIRECTION ( 'NONE',  ( 0.0000000000000000000, 0.0000000000000000000, 1.000000000000000000 ) ) ;
#390 = CARTESIAN_POINT ( 'NONE',  ( -1.049999999999989400, 0.0000000000000000000, 0.1250000000000020500 ) ) ;
#391 = DIRECTION ( 'NONE',  ( 0.0000000000000000000, 0.0000000000000000000, 1.000000000000000000 ) ) ;
#392 = VERTEX_POINT ( 'NONE', #777 ) ;
#393 = ORIENTED_EDGE ( 'NONE', *, *, #2309, .T. ) ;
#394 = ORIENTED_EDGE ( 'NONE', *, *, #2380, .F. ) ;
#395 = ADVANCED_FACE ( 'NONE', ( #2667 ), #4397, .F. ) ;
#396 = EDGE_CURVE ( 'NONE', #4164, #5094, #2734, .T. ) ;
#397 = LINE ( 'NONE', #3324, #4593 ) ;
#398 = AXIS2_PLACEMENT_3D ( 'NONE', #876, #4104, #3786 ) ;
#399 = PLANE ( 'NONE',  #3229 ) ;
#400 = CARTESIAN_POINT ( 'NONE',  ( 1.524999999999984100, 0.1000000000000000100, -0.6249999999999983300 ) ) ;
#401 = ORIENTED_EDGE ( 'NONE', *, *, #3520, .F. ) ;
#402 = ORIENTED_EDGE ( 'NONE', *, *, #2598, .F. ) ;
#403 = CARTESIAN_POINT ( 'NONE',  ( -0.1249999999999998900, 0.1000000000000000100, -1.050000000000000000 ) ) ;
#404 = FACE_OUTER_BOUND ( 'NONE', #2943, .T. ) ;
#405 = LINE ( 'NONE', #1314, #2432 ) ;
#406 = EDGE_LOOP ( 'NONE', ( #4583, #1619, #2091, #3651 ) ) ;
#407 = EDGE_CURVE ( 'NONE', #288, #1370, #4263, .T. ) ;
#408 = ORIENTED_EDGE ( 'NONE', *, *, #1748, .T. ) ;
#409 = ORIENTED_EDGE ( 'NONE', *, *, #3111, .F. ) ;
#410 = LINE ( 'NONE', #4487, #3695 ) ;
#411 = LINE ( 'NONE', #2232, #3691 ) ;
#412 = ORIENTED_EDGE ( 'NONE', *, *, #2705, .T. ) ;
#413 = VECTOR ( 'NONE', #2250, 1000.000000000000000 ) ;
#414 = STYLED_ITEM ( 'NONE', ( #3597 ), #889 ) ;
#415 = FACE_OUTER_BOUND ( 'NONE', #5222, .T. ) ;
#416 = VERTEX_POINT ( 'NONE', #3731 ) ;
#417 = ORIENTED_EDGE ( 'NONE', *, *, #1167, .F. ) ;
#418 = ORIENTED_EDGE ( 'NONE', *, *, #1605, .F. ) ;
#419 = CARTESIAN_POINT ( 'NONE',  ( 1.049999999999999800, 0.1000000000000000100, -1.124999999999998000 ) ) ;
#420 = FACE_OUTER_BOUND ( 'NONE', #4945, .T. ) ;
#421 = DIRECTION ( 'NONE',  ( -1.000000000000000000, 0.0000000000000000000, 0.0000000000000000000 ) ) ;
#422 = DIRECTION ( 'NONE',  ( 1.000000000000000000, 0.0000000000000000000, 0.0000000000000000000 ) ) ;
#423 = ORIENTED_EDGE ( 'NONE', *, *, #4520, .F. ) ;
#424 = LINE ( 'NONE', #586, #4691 ) ;
#425 = CARTESIAN_POINT ( 'NONE',  ( -1.049999999999999800, 0.0000000000000000000, -1.124999999999998000 ) ) ;
#426 = CARTESIAN_POINT ( 'NONE',  ( -1.049999999999984100, 0.0000000000000000000, -0.3749999999999979500 ) ) ;
#427 = EDGE_LOOP ( 'NONE', ( #326, #4017, #1680, #3899 ) ) ;
#428 = VECTOR ( 'NONE', #611, 1000.000000000000000 ) ;
#429 = CARTESIAN_POINT ( 'NONE',  ( -1.049999999999984100, 0.1000000000000000100, -0.3749999999999979500 ) ) ;
#430 = VERTEX_POINT ( 'NONE', #1701 ) ;
#431 = AXIS2_PLACEMENT_3D ( 'NONE', #3791, #4751, #17 ) ;
#432 = DIRECTION ( 'NONE',  ( 1.000000000000000000, 0.0000000000000000000, 0.0000000000000000000 ) ) ;
#433 = CARTESIAN_POINT ( 'NONE',  ( 1.049999999999978700, 0.0000000000000000000, -0.8749999999999980000 ) ) ;
#434 = LINE ( 'NONE', #2445, #3983 ) ;
#435 = ORIENTED_EDGE ( 'NONE', *, *, #1290, .F. ) ;
#436 = CARTESIAN_POINT ( 'NONE',  ( 0.0000000000000000000, 0.1000000000000000100, 0.0000000000000000000 ) ) ;
#437 = CARTESIAN_POINT ( 'NONE',  ( -0.3749999999999998900, 0.0000000000000000000, 1.050000000000000000 ) ) ;
#438 = CARTESIAN_POINT ( 'NONE',  ( -0.6249999999999998900, 0.0000000000000000000, 1.399999999999999900 ) ) ;
#439 = EDGE_CURVE ( 'NONE', #54, #2388, #1610, .T. ) ;
#440 = STYLED_ITEM ( 'NONE', ( #2368 ), #5219 ) ;
#441 = FACE_OUTER_BOUND ( 'NONE', #2094, .T. ) ;
#442 = VERTEX_POINT ( 'NONE', #3657 ) ;
#443 = CARTESIAN_POINT ( 'NONE',  ( -1.049999999999999800, 0.1000000000000000100, -1.124999999999998000 ) ) ;
#444 = CARTESIAN_POINT ( 'NONE',  ( 1.524999999999984100, 0.1000000000000000100, -0.6249999999999983300 ) ) ;
#445 = LINE ( 'NONE', #3598, #1354 ) ;
#446 = DIRECTION ( 'NONE',  ( 9.130123557772670100E-016, 0.0000000000000000000, -1.000000000000000000 ) ) ;
#447 = AXIS2_PLACEMENT_3D ( 'NONE', #4429, #4450, #2413 ) ;
#448 = DIRECTION ( 'NONE',  ( -1.000000000000000000, 0.0000000000000000000, 0.0000000000000000000 ) ) ;
#449 = VERTEX_POINT ( 'NONE', #849 ) ;
#450 = LINE ( 'NONE', #2869, #5095 ) ;
#451 = ADVANCED_FACE ( 'NONE', ( #584 ), #3272, .F. ) ;
#452 = DIRECTION ( 'NONE',  ( 0.0000000000000000000, -0.0000000000000000000, -1.000000000000000000 ) ) ;
#453 = ORIENTED_EDGE ( 'NONE', *, *, #1028, .T. ) ;
#454 = FACE_OUTER_BOUND ( 'NONE', #285, .T. ) ;
#455 = PLANE ( 'NONE',  #398 ) ;
#456 =( LENGTH_UNIT ( ) NAMED_UNIT ( * ) SI_UNIT ( .MILLI., .METRE. ) );
#457 = DIRECTION ( 'NONE',  ( 1.000000000000000000, 0.0000000000000000000, -6.847592668329805800E-016 ) ) ;
#458 = ORIENTED_EDGE ( 'NONE', *, *, #4066, .F. ) ;
#459 = VERTEX_POINT ( 'NONE', #1263 ) ;
#460 = DIRECTION ( 'NONE',  ( -0.0000000000000000000, -0.0000000000000000000, 1.000000000000000000 ) ) ;
#461 = EDGE_CURVE ( 'NONE', #2753, #1499, #2543, .T. ) ;
#462 = VECTOR ( 'NONE', #776, 1000.000000000000000 ) ;
#463 = ORIENTED_EDGE ( 'NONE', *, *, #4379, .T. ) ;
#464 = CLOSED_SHELL ( 'NONE', ( #3828, #782, #1820, #2971, #2781, #2263 ) ) ;
#465 = VECTOR ( 'NONE', #2501, 1000.000000000000000 ) ;
#466 = PLANE ( 'NONE',  #3753 ) ;
#467 = EDGE_CURVE ( 'NONE', #4925, #5211, #3673, .T. ) ;
#468 = LINE ( 'NONE', #3257, #2496 ) ;
#469 = LINE ( 'NONE', #5096, #4351 ) ;
#470 = CARTESIAN_POINT ( 'NONE',  ( 1.524999999999999700, 0.0000000000000000000, 0.8750000000000016700 ) ) ;
#471 = CARTESIAN_POINT ( 'NONE',  ( -1.524999999999984100, 0.1000000000000000100, -0.3749999999999983900 ) ) ;
#472 = CARTESIAN_POINT ( 'NONE',  ( -0.3749999999999998900, 0.0000000000000000000, -1.400000000000000400 ) ) ;
#473 = ORIENTED_EDGE ( 'NONE', *, *, #809, .F. ) ;
#474 = FACE_OUTER_BOUND ( 'NONE', #3094, .T. ) ;
#475 = VECTOR ( 'NONE', #3282, 1000.000000000000000 ) ;
#476 = ORIENTED_EDGE ( 'NONE', *, *, #3164, .T. ) ;
#477 = EDGE_CURVE ( 'NONE', #2073, #3838, #3048, .T. ) ;
#478 = PLANE ( 'NONE',  #4175 ) ;
#479 = ORIENTED_EDGE ( 'NONE', *, *, #262, .F. ) ;
#480 = ADVANCED_FACE ( 'NONE', ( #2356 ), #4072, .F. ) ;
#481 = VERTEX_POINT ( 'NONE', #505 ) ;
#482 = ORIENTED_EDGE ( 'NONE', *, *, #4764, .T. ) ;
#483 = VECTOR ( 'NONE', #5019, 1000.000000000000000 ) ;
#484 = DIRECTION ( 'NONE',  ( 6.847592668329805800E-016, 0.0000000000000000000, 1.000000000000000000 ) ) ;
#485 = ORIENTED_EDGE ( 'NONE', *, *, #5115, .T. ) ;
#486 = PLANE ( 'NONE',  #1759 ) ;
#487 = DIRECTION ( 'NONE',  ( 0.0000000000000000000, 0.0000000000000000000, 1.000000000000000000 ) ) ;
#488 = MANIFOLD_SOLID_BREP ( 'Boss-Extrude2[6]', #3984 ) ;
#489 = LINE ( 'NONE', #2437, #3458 ) ;
#490 = DIRECTION ( 'NONE',  ( 0.0000000000000000000, 0.0000000000000000000, 1.000000000000000000 ) ) ;
#491 = ORIENTED_EDGE ( 'NONE', *, *, #1399, .F. ) ;
#492 = CARTESIAN_POINT ( 'NONE',  ( 1.050000000000020700, 0.0000000000000000000, 0.8750000000000020000 ) ) ;
#493 = PLANE ( 'NONE',  #2796 ) ;
#494 = ORIENTED_EDGE ( 'NONE', *, *, #407, .F. ) ;
#495 = VECTOR ( 'NONE', #4708, 1000.000000000000000 ) ;
#496 = DIRECTION ( 'NONE',  ( 0.0000000000000000000, -0.0000000000000000000, -1.000000000000000000 ) ) ;
#497 = EDGE_CURVE ( 'NONE', #2662, #4670, #5228, .T. ) ;
#498 = ORIENTED_EDGE ( 'NONE', *, *, #2147, .F. ) ;
#499 = DIRECTION ( 'NONE',  ( -0.0000000000000000000, 1.000000000000000000, -0.0000000000000000000 ) ) ;
#500 = CARTESIAN_POINT ( 'NONE',  ( -1.524999999999994400, 0.0000000000000000000, 0.3750000000000016100 ) ) ;
#501 = ORIENTED_EDGE ( 'NONE', *, *, #4280, .T. ) ;
#502 = LINE ( 'NONE', #1756, #1782 ) ;
#503 = PLANE ( 'NONE',  #3510 ) ;
#504 = ORIENTED_EDGE ( 'NONE', *, *, #3555, .F. ) ;
#505 = CARTESIAN_POINT ( 'NONE',  ( -1.050000000000020700, 0.1000000000000000100, 0.8750000000000020000 ) ) ;
#506 = VERTEX_POINT ( 'NONE', #1734 ) ;
#507 = CARTESIAN_POINT ( 'NONE',  ( 0.6250000000000001100, 0.0000000000000000000, 1.050000000000000000 ) ) ;
#508 = VECTOR ( 'NONE', #2951, 1000.000000000000000 ) ;
#509 = EDGE_CURVE ( 'NONE', #1970, #2800, #3999, .T. ) ;
#510 = DIRECTION ( 'NONE',  ( -0.0000000000000000000, -1.000000000000000000, -0.0000000000000000000 ) ) ;
#511 = ADVANCED_FACE ( 'NONE', ( #4517 ), #4158, .F. ) ;
#512 = LINE ( 'NONE', #3885, #3221 ) ;
#513 = ORIENTED_EDGE ( 'NONE', *, *, #1776, .T. ) ;
#514 = LINE ( 'NONE', #2357, #3413 ) ;
#515 = DIRECTION ( 'NONE',  ( 1.000000000000000000, 0.0000000000000000000, 0.0000000000000000000 ) ) ;
#516 = DIRECTION ( 'NONE',  ( 0.0000000000000000000, 0.0000000000000000000, -1.000000000000000000 ) ) ;
#517 = ORIENTED_EDGE ( 'NONE', *, *, #1477, .F. ) ;
#519 = CARTESIAN_POINT ( 'NONE',  ( -0.3749999999999998900, 0.1000000000000000100, 1.050000000000000000 ) ) ;
#518 = CARTESIAN_POINT ( 'NONE',  ( -0.6249999999999998900, 0.0000000000000000000, 1.050000000000000000 ) ) ;
#520 = DIRECTION ( 'NONE',  ( 8.413408858487510600E-014, 0.0000000000000000000, 1.000000000000000000 ) ) ;
#521 = ORIENTED_EDGE ( 'NONE', *, *, #3727, .T. ) ;
#522 = LINE ( 'NONE', #1121, #271 ) ;
#523 = CARTESIAN_POINT ( 'NONE',  ( -0.3749999999999998900, 0.0000000000000000000, 1.400000000000000400 ) ) ;
#524 = CARTESIAN_POINT ( 'NONE',  ( 1.524999999999994400, 0.0000000000000000000, 0.6250000000000016700 ) ) ;
#525 = ORIENTED_EDGE ( 'NONE', *, *, #2107, .T. ) ;
#526 = DIRECTION ( 'NONE',  ( -1.334402673828313300E-016, 0.0000000000000000000, -1.000000000000000000 ) ) ;
#527 = ORIENTED_EDGE ( 'NONE', *, *, #192, .T. ) ;
#528 = VERTEX_POINT ( 'NONE', #1755 ) ;
#529 = CARTESIAN_POINT ( 'NONE',  ( -1.524999999999978600, 0.1000000000000000100, -0.8749999999999984500 ) ) ;
#530 = VECTOR ( 'NONE', #2578, 1000.000000000000000 ) ;
#531 = CARTESIAN_POINT ( 'NONE',  ( -0.1249999999999998900, 0.1000000000000000100, 1.399999999999999900 ) ) ;
#532 =( LENGTH_UNIT ( ) NAMED_UNIT ( * ) SI_UNIT ( .MILLI., .METRE. ) );
#533 = ORIENTED_EDGE ( 'NONE', *, *, #3799, .F. ) ;
#534 = ADVANCED_FACE ( 'NONE', ( #4385 ), #3341, .F. ) ;
#535 = DIRECTION ( 'NONE',  ( -0.0000000000000000000, -1.000000000000000000, -0.0000000000000000000 ) ) ;
#536 = EDGE_CURVE ( 'NONE', #4208, #1597, #3231, .T. ) ;
#537 = VECTOR ( 'NONE', #1707, 1000.000000000000000 ) ;
#538 = VERTEX_POINT ( 'NONE', #4344 ) ;
#539 = AXIS2_PLACEMENT_3D ( 'NONE', #644, #348, #4806 ) ;
#540 = ORIENTED_EDGE ( 'NONE', *, *, #2333, .T. ) ;
#541 = CARTESIAN_POINT ( 'NONE',  ( 0.3750000000000001100, 0.0000000000000000000, -1.050000000000000000 ) ) ;
#542 = ORIENTED_EDGE ( 'NONE', *, *, #1273, .T. ) ;
#543 = LINE ( 'NONE', #3665, #160 ) ;
#544 = VECTOR ( 'NONE', #4646, 1000.000000000000000 ) ;
#545 = EDGE_LOOP ( 'NONE', ( #4010, #1389, #3743, #2886 ) ) ;
#546 = ORIENTED_EDGE ( 'NONE', *, *, #3118, .T. ) ;
#547 = PRODUCT_RELATED_PRODUCT_CATEGORY ( 'part', '', ( #2900 ) ) ;
#548 = CARTESIAN_POINT ( 'NONE',  ( -0.1249999999999998900, 0.1000000000000000100, 1.399999999999999900 ) ) ;
#549 = ORIENTED_EDGE ( 'NONE', *, *, #3568, .T. ) ;
#550 = FACE_OUTER_BOUND ( 'NONE', #610, .T. ) ;
#551 = VECTOR ( 'NONE', #3690, 1000.000000000000000 ) ;
#552 = ORIENTED_EDGE ( 'NONE', *, *, #1966, .T. ) ;
#553 = DIRECTION ( 'NONE',  ( -0.0000000000000000000, -1.000000000000000000, -0.0000000000000000000 ) ) ;
#554 = ORIENTED_EDGE ( 'NONE', *, *, #2477, .F. ) ;
#555 = VECTOR ( 'NONE', #830, 1000.000000000000000 ) ;
#556 = EDGE_CURVE ( 'NONE', #734, #3859, #2105, .T. ) ;
#557 = CARTESIAN_POINT ( 'NONE',  ( 0.1250000000000001100, 0.0000000000000000000, 1.050000000000000000 ) ) ;
#558 = PLANE ( 'NONE',  #431 ) ;
#559 = ORIENTED_EDGE ( 'NONE', *, *, #4930, .T. ) ;
#560 = CARTESIAN_POINT ( 'NONE',  ( 1.625000000000000200, 0.1999999999999999800, 1.499999999999999800 ) ) ;
#561 = DIRECTION ( 'NONE',  ( 0.0000000000000000000, 0.0000000000000000000, 1.000000000000000000 ) ) ;
#562 = FACE_OUTER_BOUND ( 'NONE', #2247, .T. ) ;
#563 = VERTEX_POINT ( 'NONE', #2002 ) ;
#564 = CARTESIAN_POINT ( 'NONE',  ( -1.624999999999999800, 1.139999999999999900, 1.500000000000000200 ) ) ;
#565 = PRESENTATION_LAYER_ASSIGNMENT (  '', '', ( #4456 ) ) ;
#566 = CARTESIAN_POINT ( 'NONE',  ( -1.524999999999999700, 0.1000000000000000100, 1.125000000000001600 ) ) ;
#567 = ORIENTED_EDGE ( 'NONE', *, *, #4201, .F. ) ;
#568 = LINE ( 'NONE', #2182, #3397 ) ;
#569 = ADVANCED_FACE ( 'NONE', ( #4127 ), #361, .F. ) ;
#570 = DIRECTION ( 'NONE',  ( 0.0000000000000000000, 0.0000000000000000000, 1.000000000000000000 ) ) ;
#571 = CARTESIAN_POINT ( 'NONE',  ( 1.524999999999999700, 0.0000000000000000000, 0.8750000000000016700 ) ) ;
#572 = VECTOR ( 'NONE', #2864, 1000.000000000000000 ) ;
#573 = DIRECTION ( 'NONE',  ( -0.0000000000000000000, -1.000000000000000000, -0.0000000000000000000 ) ) ;
#574 = CARTESIAN_POINT ( 'NONE',  ( 0.6250000000000001100, 0.1000000000000000100, -1.400000000000000400 ) ) ;
#575 = FACE_OUTER_BOUND ( 'NONE', #669, .T. ) ;
#576 = CARTESIAN_POINT ( 'NONE',  ( -1.050000000000005200, 0.1000000000000000100, -0.6249999999999981100 ) ) ;
#577 = CARTESIAN_POINT ( 'NONE',  ( 1.524999999999978600, 0.0000000000000000000, -1.124999999999998400 ) ) ;
#578 = EDGE_CURVE ( 'NONE', #2416, #1813, #5226, .T. ) ;
#579 = CARTESIAN_POINT ( 'NONE',  ( 0.6250000000000001100, 0.0000000000000000000, 1.050000000000000000 ) ) ;
#580 = VERTEX_POINT ( 'NONE', #3719 ) ;
#581 = VECTOR ( 'NONE', #593, 1000.000000000000000 ) ;
#582 = EDGE_CURVE ( 'NONE', #2513, #264, #2730, .T. ) ;
#583 = VERTEX_POINT ( 'NONE', #2072 ) ;
#584 = FACE_OUTER_BOUND ( 'NONE', #343, .T. ) ;
#585 = DIRECTION ( 'NONE',  ( -1.000000000000000000, 0.0000000000000000000, 0.0000000000000000000 ) ) ;
#586 = CARTESIAN_POINT ( 'NONE',  ( 1.049999999999994500, 0.0000000000000000000, 0.6250000000000021100 ) ) ;
#587 = ADVANCED_FACE ( 'NONE', ( #2351 ), #1337, .F. ) ;
#588 = DIRECTION ( 'NONE',  ( -1.000000000000000000, 0.0000000000000000000, 9.130123557772670100E-016 ) ) ;
#589 = ORIENTED_EDGE ( 'NONE', *, *, #3105, .T. ) ;
#590 = EDGE_LOOP ( 'NONE', ( #2857, #3040, #3316, #1205 ) ) ;
#591 = CARTESIAN_POINT ( 'NONE',  ( -1.524999999999989300, 0.1000000000000000100, 0.1250000000000016400 ) ) ;
#592 = DIRECTION ( 'NONE',  ( 1.000000000000000000, 0.0000000000000000000, 0.0000000000000000000 ) ) ;
#593 = DIRECTION ( 'NONE',  ( 0.0000000000000000000, 0.0000000000000000000, 1.000000000000000000 ) ) ;
#594 = VERTEX_POINT ( 'NONE', #47 ) ;
#595 = CLOSED_SHELL ( 'NONE', ( #587, #643, #2528, #4257, #4607, #213 ) ) ;
#596 = CARTESIAN_POINT ( 'NONE',  ( -1.524999999999999700, 0.1000000000000000100, 0.8750000000000016700 ) ) ;
#597 = VECTOR ( 'NONE', #3106, 1000.000000000000000 ) ;
#598 = DIRECTION ( 'NONE',  ( 0.0000000000000000000, 0.0000000000000000000, -1.000000000000000000 ) ) ;
#599 = EDGE_CURVE ( 'NONE', #264, #1604, #450, .T. ) ;
#600 = CARTESIAN_POINT ( 'NONE',  ( -1.524999999999999700, 0.1000000000000000100, 0.8750000000000016700 ) ) ;
#601 = VECTOR ( 'NONE', #2220, 1000.000000000000000 ) ;
#602 = LINE ( 'NONE', #3330, #3383 ) ;
#603 = CARTESIAN_POINT ( 'NONE',  ( -0.3749999999999998900, 0.0000000000000000000, -1.400000000000000400 ) ) ;
#604 = PLANE ( 'NONE',  #3537 ) ;
#605 = DIRECTION ( 'NONE',  ( 0.0000000000000000000, -1.000000000000000000, 0.0000000000000000000 ) ) ;
#606 = DIRECTION ( 'NONE',  ( -0.0000000000000000000, -1.000000000000000000, -0.0000000000000000000 ) ) ;
#607 = ORIENTED_EDGE ( 'NONE', *, *, #1202, .F. ) ;
#608 = VECTOR ( 'NONE', #4790, 1000.000000000000000 ) ;
#609 = ORIENTED_EDGE ( 'NONE', *, *, #439, .T. ) ;
#610 = EDGE_LOOP ( 'NONE', ( #5083, #2365, #1303, #4990 ) ) ;
#611 = DIRECTION ( 'NONE',  ( -0.0000000000000000000, -1.000000000000000000, -0.0000000000000000000 ) ) ;
#612 = ORIENTED_EDGE ( 'NONE', *, *, #3339, .T. ) ;
#613 = ORIENTED_EDGE ( 'NONE', *, *, #1875, .T. ) ;
#614 = VECTOR ( 'NONE', #3091, 1000.000000000000000 ) ;
#615 = CARTESIAN_POINT ( 'NONE',  ( 1.049999999999984100, 0.1000000000000000100, -0.3749999999999979500 ) ) ;
#616 = ADVANCED_FACE ( 'NONE', ( #1672 ), #873, .F. ) ;
#617 = EDGE_CURVE ( 'NONE', #3914, #3495, #3291, .T. ) ;
#618 = PLANE ( 'NONE',  #1650 ) ;
#619 = EDGE_LOOP ( 'NONE', ( #4928, #504, #3436, #2948 ) ) ;
#620 = ORIENTED_EDGE ( 'NONE', *, *, #2677, .T. ) ;
#621 = PLANE ( 'NONE',  #1505 ) ;
#622 = DIRECTION ( 'NONE',  ( 1.000000000000000000, 0.0000000000000000000, -9.130123557772670100E-016 ) ) ;
#623 = LINE ( 'NONE', #2824, #4936 ) ;
#624 = PRESENTATION_LAYER_ASSIGNMENT (  '', '', ( #3320 ) ) ;
#625 = VERTEX_POINT ( 'NONE', #890 ) ;
#626 = DIRECTION ( 'NONE',  ( 0.0000000000000000000, -1.000000000000000000, 0.0000000000000000000 ) ) ;
#627 = EDGE_LOOP ( 'NONE', ( #485, #2119, #3848, #609 ) ) ;
#628 = FACE_OUTER_BOUND ( 'NONE', #2020, .T. ) ;
#629 = DIRECTION ( 'NONE',  ( -0.0000000000000000000, -1.000000000000000000, -0.0000000000000000000 ) ) ;
#630 = PLANE ( 'NONE',  #3004 ) ;
#631 = ORIENTED_EDGE ( 'NONE', *, *, #5277, .T. ) ;
#632 = EDGE_LOOP ( 'NONE', ( #3047, #4233, #4290, #1884 ) ) ;
#633 = VECTOR ( 'NONE', #2481, 1000.000000000000000 ) ;
#634 = ORIENTED_EDGE ( 'NONE', *, *, #783, .F. ) ;
#635 = CARTESIAN_POINT ( 'NONE',  ( -1.050000000000010300, 0.1000000000000000100, -0.1249999999999980600 ) ) ;
#636 = VECTOR ( 'NONE', #3929, 1000.000000000000000 ) ;
#637 = DIRECTION ( 'NONE',  ( -0.0000000000000000000, 1.000000000000000000, -0.0000000000000000000 ) ) ;
#638 = DIRECTION ( 'NONE',  ( 0.0000000000000000000, -0.0000000000000000000, 1.000000000000000000 ) ) ;
#639 = LINE ( 'NONE', #1912, #130 ) ;
#640 = EDGE_CURVE ( 'NONE', #2765, #2389, #2230, .T. ) ;
#641 = AXIS2_PLACEMENT_3D ( 'NONE', #660, #1056, #5082 ) ;
#642 = DIRECTION ( 'NONE',  ( 0.0000000000000000000, 0.0000000000000000000, 1.000000000000000000 ) ) ;
#643 = ADVANCED_FACE ( 'NONE', ( #1160 ), #3361, .F. ) ;
#644 = CARTESIAN_POINT ( 'NONE',  ( 0.6250000000000001100, 0.0000000000000000000, 1.050000000000000000 ) ) ;
#645 = DIRECTION ( 'NONE',  ( 0.0000000000000000000, -0.0000000000000000000, -1.000000000000000000 ) ) ;
#646 = EDGE_LOOP ( 'NONE', ( #3461, #3117, #1329, #159 ) ) ;
#647 = VECTOR ( 'NONE', #1318, 1000.000000000000000 ) ;
#648 = EDGE_CURVE ( 'NONE', #5259, #2330, #1923, .T. ) ;
#649 = PRODUCT_DEFINITION ( 'UNKNOWN', '', #4732, #3574 ) ;
#650 = CARTESIAN_POINT ( 'NONE',  ( -1.050000000000005200, 0.1000000000000000100, -0.6249999999999981100 ) ) ;
#651 = VERTEX_POINT ( 'NONE', #4078 ) ;
#652 = LINE ( 'NONE', #1995, #1165 ) ;
#653 = DIRECTION ( 'NONE',  ( 1.000000000000000000, -0.0000000000000000000, 6.847592668329805800E-016 ) ) ;
#654 = CARTESIAN_POINT ( 'NONE',  ( -1.524999999999984100, 0.0000000000000000000, -0.3749999999999983900 ) ) ;
#655 = MANIFOLD_SOLID_BREP ( 'Boss-Extrude2[7]', #3149 ) ;
#656 = CARTESIAN_POINT ( 'NONE',  ( -1.524999999999978600, 0.0000000000000000000, -1.124999999999998400 ) ) ;
#657 = ORIENTED_EDGE ( 'NONE', *, *, #4968, .F. ) ;
#658 = EDGE_CURVE ( 'NONE', #2703, #3059, #2911, .T. ) ;
#659 = CARTESIAN_POINT ( 'NONE',  ( -1.524999999999984100, -0.0000000000000000000, -0.6249999999999983300 ) ) ;
#660 = CARTESIAN_POINT ( 'NONE',  ( 1.049999999999978700, 0.1000000000000000100, -0.8749999999999980000 ) ) ;
#661 = VERTEX_POINT ( 'NONE', #2596 ) ;
#662 = CARTESIAN_POINT ( 'NONE',  ( -1.049999999999984100, 0.1000000000000000100, -0.3749999999999979500 ) ) ;
#663 = ORIENTED_EDGE ( 'NONE', *, *, #1769, .T. ) ;
#664 = DIRECTION ( 'NONE',  ( -0.0000000000000000000, 1.000000000000000000, -0.0000000000000000000 ) ) ;
#665 = CARTESIAN_POINT ( 'NONE',  ( 0.1250000000000001100, 0.1000000000000000100, -1.399999999999999700 ) ) ;
#666 = LINE ( 'NONE', #4059, #3561 ) ;
#667 = AXIS2_PLACEMENT_3D ( 'NONE', #2716, #1206, #4016 ) ;
#668 = ORIENTED_EDGE ( 'NONE', *, *, #1124, .T. ) ;
#669 = EDGE_LOOP ( 'NONE', ( #1552, #3580, #409, #1920 ) ) ;
#670 = PRODUCT_CONTEXT ( 'NONE', #3911, 'mechanical' ) ;
#671 = LINE ( 'NONE', #3056, #3962 ) ;
#672 = VECTOR ( 'NONE', #2749, 1000.000000000000000 ) ;
#673 = ORIENTED_EDGE ( 'NONE', *, *, #2373, .F. ) ;
#674 = CARTESIAN_POINT ( 'NONE',  ( -1.524999999999978600, 0.1000000000000000100, -0.8749999999999984500 ) ) ;
#675 = ADVANCED_FACE ( 'NONE', ( #844 ), #1393, .F. ) ;
#676 = DIRECTION ( 'NONE',  ( 1.000000000000000000, 0.0000000000000000000, 0.0000000000000000000 ) ) ;
#677 = ORIENTED_EDGE ( 'NONE', *, *, #201, .F. ) ;
#678 = EDGE_CURVE ( 'NONE', #2893, #4858, #1979, .T. ) ;
#679 = FACE_OUTER_BOUND ( 'NONE', #1641, .T. ) ;
#680 = FACE_BOUND ( 'NONE', #3950, .T. ) ;
#681 = DIRECTION ( 'NONE',  ( -0.0000000000000000000, 1.000000000000000000, -0.0000000000000000000 ) ) ;
#682 = VECTOR ( 'NONE', #1925, 1000.000000000000000 ) ;
#683 = VERTEX_POINT ( 'NONE', #118 ) ;
#684 = DIRECTION ( 'NONE',  ( -0.0000000000000000000, -1.000000000000000000, -0.0000000000000000000 ) ) ;
#685 = ORIENTED_EDGE ( 'NONE', *, *, #3897, .T. ) ;
#686 = EDGE_CURVE ( 'NONE', #1152, #416, #4645, .T. ) ;
#687 = ORIENTED_EDGE ( 'NONE', *, *, #2865, .T. ) ;
#688 = DIRECTION ( 'NONE',  ( -0.0000000000000000000, -1.000000000000000000, -0.0000000000000000000 ) ) ;
#689 = FACE_OUTER_BOUND ( 'NONE', #4333, .T. ) ;
#690 = DIRECTION ( 'NONE',  ( -1.000000000000000000, 0.0000000000000000000, 8.413408858487510600E-014 ) ) ;
#691 = EDGE_CURVE ( 'NONE', #392, #4053, #4964, .T. ) ;
#692 = PLANE ( 'NONE',  #4707 ) ;
#693 = ORIENTED_EDGE ( 'NONE', *, *, #2464, .T. ) ;
#694 = DIRECTION ( 'NONE',  ( 9.130123557772670100E-016, -0.0000000000000000000, 1.000000000000000000 ) ) ;
#695 = ORIENTED_EDGE ( 'NONE', *, *, #3577, .T. ) ;
#696 = VECTOR ( 'NONE', #4150, 1000.000000000000000 ) ;
#697 = AXIS2_PLACEMENT_3D ( 'NONE', #4699, #4735, #3066 ) ;
#698 = PLANE ( 'NONE',  #2567 ) ;
#699 = ADVANCED_FACE ( 'NONE', ( #1859 ), #2979, .T. ) ;
#700 = CARTESIAN_POINT ( 'NONE',  ( -1.049999999999994500, 0.0000000000000000000, 0.6250000000000021100 ) ) ;
#701 = VECTOR ( 'NONE', #2499, 1000.000000000000000 ) ;
#702 = DIRECTION ( 'NONE',  ( 1.000000000000000000, 0.0000000000000000000, 0.0000000000000000000 ) ) ;
#703 = CARTESIAN_POINT ( 'NONE',  ( 0.3750000000000001100, 0.1000000000000000100, -1.399999999999999900 ) ) ;
#704 = FACE_OUTER_BOUND ( 'NONE', #2903, .T. ) ;
#705 = AXIS2_PLACEMENT_3D ( 'NONE', #1023, #4650, #3058 ) ;
#706 = DIRECTION ( 'NONE',  ( 0.0000000000000000000, 1.000000000000000000, 0.0000000000000000000 ) ) ;
#707 = DIRECTION ( 'NONE',  ( 1.000000000000000000, 0.0000000000000000000, 0.0000000000000000000 ) ) ;
#708 = CARTESIAN_POINT ( 'NONE',  ( -0.3749999999999998900, 0.1000000000000000100, -1.050000000000000000 ) ) ;
#709 = LINE ( 'NONE', #3523, #134 ) ;
#710 = DIRECTION ( 'NONE',  ( -0.0000000000000000000, -1.000000000000000000, -0.0000000000000000000 ) ) ;
#711 = EDGE_CURVE ( 'NONE', #3789, #4414, #4828, .T. ) ;
#712 = ORIENTED_EDGE ( 'NONE', *, *, #4731, .F. ) ;
#713 = FACE_OUTER_BOUND ( 'NONE', #3062, .T. ) ;
#714 = CARTESIAN_POINT ( 'NONE',  ( -1.049999999999989400, 0.0000000000000000000, 0.1250000000000020500 ) ) ;
#715 = DIRECTION ( 'NONE',  ( -0.0000000000000000000, -1.000000000000000000, -0.0000000000000000000 ) ) ;
#716 = CARTESIAN_POINT ( 'NONE',  ( 1.524999999999984100, 0.0000000000000000000, -0.3749999999999983900 ) ) ;
#717 = SURFACE_STYLE_USAGE ( .BOTH. , #4807 ) ;
#718 = VERTEX_POINT ( 'NONE', #5017 ) ;
#719 = CARTESIAN_POINT ( 'NONE',  ( 0.6250000000000001100, 0.1000000000000000100, -1.050000000000000000 ) ) ;
#720 = EDGE_CURVE ( 'NONE', #580, #2372, #1102, .T. ) ;
#721 = SURFACE_SIDE_STYLE ('',( #1417 ) ) ;
#722 = UNCERTAINTY_MEASURE_WITH_UNIT (LENGTH_MEASURE( 1.000000000000000100E-005 ), #456, 'distance_accuracy_value', 'NONE');
#723 = VERTEX_POINT ( 'NONE', #3384 ) ;
#724 = CARTESIAN_POINT ( 'NONE',  ( 1.625000000000000200, 0.1999999999999999800, 1.499999999999999800 ) ) ;
#725 = CARTESIAN_POINT ( 'NONE',  ( 1.049999999999984100, 0.1000000000000000100, -0.3749999999999979500 ) ) ;
#726 = AXIS2_PLACEMENT_3D ( 'NONE', #4958, #4940, #1278 ) ;
#727 = ORIENTED_EDGE ( 'NONE', *, *, #107, .T. ) ;
#728 = ORIENTED_EDGE ( 'NONE', *, *, #4937, .F. ) ;
#729 = ORIENTED_EDGE ( 'NONE', *, *, #3880, .T. ) ;
#730 = VECTOR ( 'NONE', #4716, 1000.000000000000000 ) ;
#731 = CARTESIAN_POINT ( 'NONE',  ( 0.3750000000000001100, 0.0000000000000000000, 1.399999999999999900 ) ) ;
#732 = VERTEX_POINT ( 'NONE', #566 ) ;
#733 = FACE_OUTER_BOUND ( 'NONE', #3941, .T. ) ;
#734 = VERTEX_POINT ( 'NONE', #2646 ) ;
#735 = VECTOR ( 'NONE', #4266, 1000.000000000000000 ) ;
#736 = PLANE ( 'NONE',  #5098 ) ;
#737 =( LENGTH_UNIT ( ) NAMED_UNIT ( * ) SI_UNIT ( .MILLI., .METRE. ) );
#738 = LINE ( 'NONE', #2854, #2070 ) ;
#739 = ORIENTED_EDGE ( 'NONE', *, *, #2340, .F. ) ;
#740 =( NAMED_UNIT ( * ) PLANE_ANGLE_UNIT ( ) SI_UNIT ( $, .RADIAN. ) );
#741 = EDGE_LOOP ( 'NONE', ( #3359, #423, #1720, #5077 ) ) ;
#742 = DIRECTION ( 'NONE',  ( 0.0000000000000000000, 0.0000000000000000000, -1.000000000000000000 ) ) ;
#743 = EDGE_CURVE ( 'NONE', #416, #2075, #774, .T. ) ;
#744 = STYLED_ITEM ( 'NONE', ( #1626 ), #3394 ) ;
#745 = DIRECTION ( 'NONE',  ( -1.000000000000000000, 0.0000000000000000000, 0.0000000000000000000 ) ) ;
#746 = LINE ( 'NONE', #258, #4933 ) ;
#747 = ORIENTED_EDGE ( 'NONE', *, *, #4848, .T. ) ;
#748 = DIRECTION ( 'NONE',  ( 0.0000000000000000000, -0.0000000000000000000, -1.000000000000000000 ) ) ;
#749 = LINE ( 'NONE', #5260, #3148 ) ;
#750 = ADVANCED_FACE ( 'NONE', ( #3545 ), #3891, .T. ) ;
#751 = CARTESIAN_POINT ( 'NONE',  ( -0.6249999999999998900, 0.0000000000000000000, 1.050000000000000000 ) ) ;
#752 = EDGE_CURVE ( 'NONE', #4526, #170, #2476, .T. ) ;
#753 = DIRECTION ( 'NONE',  ( 0.0000000000000000000, -0.0000000000000000000, -1.000000000000000000 ) ) ;
#754 = VERTEX_POINT ( 'NONE', #2245 ) ;
#755 = ORIENTED_EDGE ( 'NONE', *, *, #131, .T. ) ;
#756 = VERTEX_POINT ( 'NONE', #3033 ) ;
#757 = ADVANCED_FACE ( 'NONE', ( #4513 ), #3926, .F. ) ;
#758 = CARTESIAN_POINT ( 'NONE',  ( -0.6249999999999998900, 0.1000000000000000100, 1.050000000000000000 ) ) ;
#759 = EDGE_CURVE ( 'NONE', #4596, #2337, #3108, .T. ) ;
#760 = DIRECTION ( 'NONE',  ( 0.0000000000000000000, 0.0000000000000000000, -1.000000000000000000 ) ) ;
#761 = VERTEX_POINT ( 'NONE', #5090 ) ;
#762 = LINE ( 'NONE', #1997, #4814 ) ;
#763 = ORIENTED_EDGE ( 'NONE', *, *, #3669, .T. ) ;
#764 = CARTESIAN_POINT ( 'NONE',  ( -0.3749999999999998900, 0.1000000000000000100, 1.399999999999999700 ) ) ;
#765 = VECTOR ( 'NONE', #2983, 1000.000000000000000 ) ;
#766 = AXIS2_PLACEMENT_3D ( 'NONE', #2331, #702, #2690 ) ;
#767 = CLOSED_SHELL ( 'NONE', ( #1024, #3158, #3576, #1104, #2185, #837 ) ) ;
#768 = CARTESIAN_POINT ( 'NONE',  ( 1.625000000000000200, 1.139999999999999900, 1.499999999999999800 ) ) ;
#769 = CARTESIAN_POINT ( 'NONE',  ( 1.049999999999984100, 0.0000000000000000000, -0.3749999999999979500 ) ) ;
#770 = LINE ( 'NONE', #4640, #2160 ) ;
#771 = DIRECTION ( 'NONE',  ( -6.847592668329805800E-016, 0.0000000000000000000, -1.000000000000000000 ) ) ;
#772 = CARTESIAN_POINT ( 'NONE',  ( 1.049999999999999800, 0.1000000000000000100, -1.124999999999998000 ) ) ;
#773 = EDGE_LOOP ( 'NONE', ( #3738, #3170, #5049, #3503 ) ) ;
#774 = LINE ( 'NONE', #3414, #3942 ) ;
#775 = EDGE_CURVE ( 'NONE', #2782, #919, #4061, .T. ) ;
#776 = DIRECTION ( 'NONE',  ( -0.0000000000000000000, -1.000000000000000000, -0.0000000000000000000 ) ) ;
#777 = CARTESIAN_POINT ( 'NONE',  ( 1.524999999999994400, 0.0000000000000000000, 0.3750000000000016100 ) ) ;
#778 = DIRECTION ( 'NONE',  ( 0.0000000000000000000, 0.0000000000000000000, 1.000000000000000000 ) ) ;
#779 = DIRECTION ( 'NONE',  ( 1.000000000000000000, 0.0000000000000000000, 6.847592668329805800E-016 ) ) ;
#780 = ORIENTED_EDGE ( 'NONE', *, *, #3138, .F. ) ;
#781 = SURFACE_STYLE_FILL_AREA ( #2898 ) ;
#782 = ADVANCED_FACE ( 'NONE', ( #713 ), #257, .F. ) ;
#783 = EDGE_CURVE ( 'NONE', #4228, #1575, #63, .T. ) ;
#784 = PLANE ( 'NONE',  #3889 ) ;
#785 = ORIENTED_EDGE ( 'NONE', *, *, #3821, .T. ) ;
#786 = VECTOR ( 'NONE', #3174, 1000.000000000000000 ) ;
#787 = CARTESIAN_POINT ( 'NONE',  ( -1.049999999999999800, 0.1000000000000000100, 1.125000000000002000 ) ) ;
#788 = ORIENTED_EDGE ( 'NONE', *, *, #2677, .F. ) ;
#789 = ORIENTED_EDGE ( 'NONE', *, *, #4994, .F. ) ;
#790 = ORIENTED_EDGE ( 'NONE', *, *, #1569, .F. ) ;
#791 = EDGE_CURVE ( 'NONE', #4203, #1448, #1921, .T. ) ;
#792 = DIRECTION ( 'NONE',  ( -0.0000000000000000000, -1.000000000000000000, -0.0000000000000000000 ) ) ;
#793 = DIRECTION ( 'NONE',  ( 0.0000000000000000000, 0.0000000000000000000, 1.000000000000000000 ) ) ;
#794 = ORIENTED_EDGE ( 'NONE', *, *, #509, .F. ) ;
#795 = LINE ( 'NONE', #3603, #4854 ) ;
#796 = PLANE ( 'NONE',  #1944 ) ;
#797 = MECHANICAL_DESIGN_GEOMETRIC_PRESENTATION_REPRESENTATION (  '', ( #3320 ), #1078 ) ;
#798 = ORIENTED_EDGE ( 'NONE', *, *, #1547, .F. ) ;
#799 = VECTOR ( 'NONE', #2478, 1000.000000000000000 ) ;
#800 = LINE ( 'NONE', #1962, #608 ) ;
#801 = VERTEX_POINT ( 'NONE', #615 ) ;
#802 = CARTESIAN_POINT ( 'NONE',  ( -0.3749999999999998900, 0.0000000000000000000, 1.050000000000000000 ) ) ;
#803 = VERTEX_POINT ( 'NONE', #1030 ) ;
#804 = CARTESIAN_POINT ( 'NONE',  ( -1.524999999999994400, 0.1000000000000000100, 0.6250000000000016700 ) ) ;
#805 = DIRECTION ( 'NONE',  ( -1.000000000000000000, 0.0000000000000000000, 9.130123557772670100E-016 ) ) ;
#806 = ORIENTED_EDGE ( 'NONE', *, *, #5220, .F. ) ;
#807 = VERTEX_POINT ( 'NONE', #674 ) ;
#808 = LINE ( 'NONE', #3490, #735 ) ;
#809 = EDGE_CURVE ( 'NONE', #288, #929, #4254, .T. ) ;
#810 = VECTOR ( 'NONE', #460, 1000.000000000000000 ) ;
#811 = EDGE_LOOP ( 'NONE', ( #5004, #1319, #4786, #4392 ) ) ;
#812 = ORIENTED_EDGE ( 'NONE', *, *, #1364, .T. ) ;
#813 = CARTESIAN_POINT ( 'NONE',  ( -0.3749999999999998900, 0.0000000000000000000, 1.050000000000000000 ) ) ;
#814 = ADVANCED_FACE ( 'NONE', ( #4893 ), #3487, .F. ) ;
#815 = EDGE_LOOP ( 'NONE', ( #4475, #1646, #2788, #1010 ) ) ;
#816 = DIRECTION ( 'NONE',  ( 0.0000000000000000000, 0.0000000000000000000, -1.000000000000000000 ) ) ;
#817 = DIRECTION ( 'NONE',  ( -1.000000000000000000, 0.0000000000000000000, 0.0000000000000000000 ) ) ;
#818 = ORIENTED_EDGE ( 'NONE', *, *, #3488, .T. ) ;
#819 = DIRECTION ( 'NONE',  ( -1.000000000000000000, 0.0000000000000000000, 0.0000000000000000000 ) ) ;
#820 = EDGE_CURVE ( 'NONE', #1754, #1247, #2470, .T. ) ;
#821 = CARTESIAN_POINT ( 'NONE',  ( 0.0000000000000000000, 0.0000000000000000000, 0.0000000000000000000 ) ) ;
#822 = VECTOR ( 'NONE', #5210, 1000.000000000000000 ) ;
#823 = ORIENTED_EDGE ( 'NONE', *, *, #3449, .F. ) ;
#824 = ORIENTED_EDGE ( 'NONE', *, *, #933, .T. ) ;
#825 = LINE ( 'NONE', #2970, #51 ) ;
#826 = EDGE_CURVE ( 'NONE', #4927, #5274, #3169, .T. ) ;
#827 = CARTESIAN_POINT ( 'NONE',  ( 1.524999999999999700, 0.0000000000000000000, 0.8750000000000016700 ) ) ;
#828 =( GEOMETRIC_REPRESENTATION_CONTEXT ( 3 ) GLOBAL_UNCERTAINTY_ASSIGNED_CONTEXT ( ( #4485 ) ) GLOBAL_UNIT_ASSIGNED_CONTEXT ( ( #1424, #3087, #3032 ) ) REPRESENTATION_CONTEXT ( 'NONE', 'WORKASPACE' ) );
#829 = VECTOR ( 'NONE', #921, 1000.000000000000000 ) ;
#830 = DIRECTION ( 'NONE',  ( 8.413408858487510600E-014, 0.0000000000000000000, 1.000000000000000000 ) ) ;
#831 = ADVANCED_FACE ( 'NONE', ( #1156 ), #2718, .F. ) ;
#832 = EDGE_CURVE ( 'NONE', #2330, #69, #2601, .T. ) ;
#833 = CARTESIAN_POINT ( 'NONE',  ( -0.1249999999999998900, 0.0000000000000000000, -1.399999999999999900 ) ) ;
#834 = PLANE ( 'NONE',  #905 ) ;
#835 = LINE ( 'NONE', #1097, #5223 ) ;
#836 = DIRECTION ( 'NONE',  ( 0.0000000000000000000, -0.0000000000000000000, 1.000000000000000000 ) ) ;
#837 = ADVANCED_FACE ( 'NONE', ( #3939 ), #296, .F. ) ;
#838 = LINE ( 'NONE', #4847, #1487 ) ;
#839 = MECHANICAL_DESIGN_GEOMETRIC_PRESENTATION_REPRESENTATION (  '', ( #4456 ), #1115 ) ;
#840 = CARTESIAN_POINT ( 'NONE',  ( -1.524999999999978600, -0.0000000000000000000, -1.124999999999998400 ) ) ;
#841 = CARTESIAN_POINT ( 'NONE',  ( 1.524999999999994400, 0.1000000000000000100, 0.3750000000000016100 ) ) ;
#842 = CARTESIAN_POINT ( 'NONE',  ( 1.049999999999989400, 0.1000000000000000100, 0.1250000000000020500 ) ) ;
#843 = ORIENTED_EDGE ( 'NONE', *, *, #2477, .T. ) ;
#844 = FACE_OUTER_BOUND ( 'NONE', #4757, .T. ) ;
#845 = DIRECTION ( 'NONE',  ( 1.000000000000000000, 0.0000000000000000000, -6.847592668329805800E-016 ) ) ;
#846 = EDGE_CURVE ( 'NONE', #2576, #1148, #514, .T. ) ;
#847 = AXIS2_PLACEMENT_3D ( 'NONE', #4649, #5062, #3020 ) ;
#848 = EDGE_LOOP ( 'NONE', ( #1131, #4568, #3432, #2068 ) ) ;
#849 = CARTESIAN_POINT ( 'NONE',  ( -0.6249999999999998900, 0.0000000000000000000, 1.050000000000000000 ) ) ;
#850 = CARTESIAN_POINT ( 'NONE',  ( 0.1250000000000001100, 0.0000000000000000000, -1.400000000000000400 ) ) ;
#851 = EDGE_LOOP ( 'NONE', ( #2435, #3677, #3511, #4938 ) ) ;
#852 = EDGE_CURVE ( 'NONE', #3678, #3350, #4572, .T. ) ;
#853 = DIRECTION ( 'NONE',  ( -1.000000000000000000, 0.0000000000000000000, 0.0000000000000000000 ) ) ;
#854 = LINE ( 'NONE', #2989, #4655 ) ;
#855 = ORIENTED_EDGE ( 'NONE', *, *, #2895, .T. ) ;
#856 = CARTESIAN_POINT ( 'NONE',  ( 0.3750000000000001100, 0.1000000000000000100, -1.399999999999999900 ) ) ;
#857 = VERTEX_POINT ( 'NONE', #758 ) ;
#858 = LINE ( 'NONE', #1571, #2124 ) ;
#859 = EDGE_CURVE ( 'NONE', #661, #2513, #709, .T. ) ;
#860 = CARTESIAN_POINT ( 'NONE',  ( 0.1250000000000001100, 0.0000000000000000000, 1.050000000000000000 ) ) ;
#861 = ORIENTED_EDGE ( 'NONE', *, *, #358, .F. ) ;
#862 = ADVANCED_FACE ( 'NONE', ( #2226 ), #1169, .F. ) ;
#863 = CARTESIAN_POINT ( 'NONE',  ( -0.6249999999999998900, 0.0000000000000000000, -1.050000000000000000 ) ) ;
#864 = VECTOR ( 'NONE', #4687, 1000.000000000000000 ) ;
#865 = LINE ( 'NONE', #3761, #1125 ) ;
#866 = CARTESIAN_POINT ( 'NONE',  ( -0.3749999999999998900, 0.0000000000000000000, 1.050000000000000000 ) ) ;
#867 = CARTESIAN_POINT ( 'NONE',  ( 1.625000000000000200, 0.1999999999999999800, 1.499999999999999800 ) ) ;
#868 = DIRECTION ( 'NONE',  ( -6.847592668329805800E-016, 0.0000000000000000000, -1.000000000000000000 ) ) ;
#869 = VECTOR ( 'NONE', #3096, 1000.000000000000000 ) ;
#870 = AXIS2_PLACEMENT_3D ( 'NONE', #716, #4748, #4298 ) ;
#871 = VECTOR ( 'NONE', #1974, 1000.000000000000000 ) ;
#872 = VERTEX_POINT ( 'NONE', #2761 ) ;
#873 = PLANE ( 'NONE',  #341 ) ;
#874 = EDGE_LOOP ( 'NONE', ( #1796, #999, #3916, #2560 ) ) ;
#875 = LINE ( 'NONE', #2282, #1580 ) ;
#876 = CARTESIAN_POINT ( 'NONE',  ( 0.1250000000000001100, 0.0000000000000000000, -1.050000000000000000 ) ) ;
#877 = CARTESIAN_POINT ( 'NONE',  ( 0.6250000000000001100, 0.1000000000000000100, 1.399999999999999700 ) ) ;
#878 = PLANE ( 'NONE',  #2044 ) ;
#879 = ORIENTED_EDGE ( 'NONE', *, *, #4635, .F. ) ;
#880 = VECTOR ( 'NONE', #4498, 1000.000000000000000 ) ;
#881 = EDGE_LOOP ( 'NONE', ( #207, #4011, #940, #4541 ) ) ;
#882 = DIRECTION ( 'NONE',  ( 1.000000000000000000, -0.0000000000000000000, -0.0000000000000000000 ) ) ;
#883 = VERTEX_POINT ( 'NONE', #3988 ) ;
#884 = ORIENTED_EDGE ( 'NONE', *, *, #3406, .F. ) ;
#885 = FACE_OUTER_BOUND ( 'NONE', #3422, .T. ) ;
#886 = CARTESIAN_POINT ( 'NONE',  ( 1.524999999999994400, 0.1000000000000000100, 0.6250000000000016700 ) ) ;
#887 = AXIS2_PLACEMENT_3D ( 'NONE', #86, #71, #4131 ) ;
#888 = DIRECTION ( 'NONE',  ( 0.0000000000000000000, 0.0000000000000000000, 1.000000000000000000 ) ) ;
#889 = MANIFOLD_SOLID_BREP ( 'Cut-Extrude1', #1366 ) ;
#890 = CARTESIAN_POINT ( 'NONE',  ( 1.524999999999989300, 0.1000000000000000100, 0.1250000000000016400 ) ) ;
#891 = ORIENTED_EDGE ( 'NONE', *, *, #4146, .F. ) ;
#892 = ADVANCED_FACE ( 'NONE', ( #1790 ), #4092, .F. ) ;
#893 = CARTESIAN_POINT ( 'NONE',  ( 0.1250000000000001100, 0.1000000000000000100, 1.399999999999999700 ) ) ;
#894 = CARTESIAN_POINT ( 'NONE',  ( 1.524999999999999700, 0.1000000000000000100, 1.125000000000001600 ) ) ;
#895 = EDGE_CURVE ( 'NONE', #1117, #288, #2663, .T. ) ;
#896 = FACE_OUTER_BOUND ( 'NONE', #4348, .T. ) ;
#897 = DIRECTION ( 'NONE',  ( 0.0000000000000000000, 0.0000000000000000000, 1.000000000000000000 ) ) ;
#898 = VECTOR ( 'NONE', #4012, 1000.000000000000000 ) ;
#899 = EDGE_CURVE ( 'NONE', #3856, #212, #1099, .T. ) ;
#900 = ORIENTED_EDGE ( 'NONE', *, *, #4486, .F. ) ;
#901 = CARTESIAN_POINT ( 'NONE',  ( 1.625000000000000200, 0.1999999999999999800, 1.499999999999999800 ) ) ;
#902 = CARTESIAN_POINT ( 'NONE',  ( -0.3749999999999998900, 0.0000000000000000000, 1.050000000000000000 ) ) ;
#903 = ORIENTED_EDGE ( 'NONE', *, *, #3085, .T. ) ;
#904 = VECTOR ( 'NONE', #1791, 1000.000000000000000 ) ;
#905 = AXIS2_PLACEMENT_3D ( 'NONE', #4430, #3640, #4056 ) ;
#906 = SURFACE_SIDE_STYLE ('',( #106 ) ) ;
#907 = ORIENTED_EDGE ( 'NONE', *, *, #3652, .T. ) ;
#908 = SURFACE_SIDE_STYLE ('',( #1062 ) ) ;
#909 = DIRECTION ( 'NONE',  ( 0.0000000000000000000, 1.000000000000000000, -0.0000000000000000000 ) ) ;
#910 = ORIENTED_EDGE ( 'NONE', *, *, #5107, .F. ) ;
#911 = VECTOR ( 'NONE', #5133, 1000.000000000000000 ) ;
#912 = CARTESIAN_POINT ( 'NONE',  ( -1.049999999999994500, 0.0000000000000000000, 0.6250000000000021100 ) ) ;
#913 = ADVANCED_FACE ( 'NONE', ( #4772 ), #3219, .F. ) ;
#914 = CARTESIAN_POINT ( 'NONE',  ( 0.6250000000000001100, 0.1000000000000000100, -1.050000000000000000 ) ) ;
#915 = EDGE_CURVE ( 'NONE', #3053, #3387, #1546, .T. ) ;
#916 = PRESENTATION_LAYER_ASSIGNMENT (  '', '', ( #4545 ) ) ;
#917 = CARTESIAN_POINT ( 'NONE',  ( 1.049999999999994500, 0.1000000000000000100, 0.6250000000000021100 ) ) ;
#918 = VECTOR ( 'NONE', #516, 1000.000000000000000 ) ;
#919 = VERTEX_POINT ( 'NONE', #4507 ) ;
#920 = EDGE_LOOP ( 'NONE', ( #5165, #2475, #790, #4292 ) ) ;
#921 = DIRECTION ( 'NONE',  ( 0.0000000000000000000, 0.0000000000000000000, 1.000000000000000000 ) ) ;
#922 = CARTESIAN_POINT ( 'NONE',  ( -0.6249999999999998900, 0.0000000000000000000, -1.050000000000000000 ) ) ;
#923 = ORIENTED_EDGE ( 'NONE', *, *, #1976, .F. ) ;
#924 = EDGE_CURVE ( 'NONE', #803, #2109, #3351, .T. ) ;
#925 = LINE ( 'NONE', #5101, #864 ) ;
#926 = FACE_OUTER_BOUND ( 'NONE', #1806, .T. ) ;
#927 = DIRECTION ( 'NONE',  ( -0.0000000000000000000, 0.0000000000000000000, -1.000000000000000000 ) ) ;
#928 = DIRECTION ( 'NONE',  ( -1.000000000000000000, -0.0000000000000000000, 9.130123557772670100E-016 ) ) ;
#929 = VERTEX_POINT ( 'NONE', #2427 ) ;
#930 = COLOUR_RGB ( '',1.000000000000000000, 1.000000000000000000, 1.000000000000000000 ) ;
#931 = VECTOR ( 'NONE', #4820, 1000.000000000000000 ) ;
#932 = ORIENTED_EDGE ( 'NONE', *, *, #2644, .T. ) ;
#933 = EDGE_CURVE ( 'NONE', #3973, #332, #445, .T. ) ;
#934 = DIRECTION ( 'NONE',  ( 0.0000000000000000000, -1.000000000000000000, 0.0000000000000000000 ) ) ;
#935 = ORIENTED_EDGE ( 'NONE', *, *, #4270, .T. ) ;
#936 = PLANE ( 'NONE',  #887 ) ;
#937 = COLOUR_RGB ( '',1.000000000000000000, 1.000000000000000000, 1.000000000000000000 ) ;
#938 = CARTESIAN_POINT ( 'NONE',  ( 0.1250000000000001100, 0.0000000000000000000, -1.400000000000000400 ) ) ;
#939 = VECTOR ( 'NONE', #57, 1000.000000000000000 ) ;
#940 = ORIENTED_EDGE ( 'NONE', *, *, #775, .F. ) ;
#941 = ORIENTED_EDGE ( 'NONE', *, *, #4291, .F. ) ;
#942 = DIRECTION ( 'NONE',  ( -1.000000000000000000, 0.0000000000000000000, 0.0000000000000000000 ) ) ;
#943 = CARTESIAN_POINT ( 'NONE',  ( 1.049999999999999800, 0.1000000000000000100, 1.125000000000002000 ) ) ;
#944 = COLOUR_RGB ( '',1.000000000000000000, 1.000000000000000000, 1.000000000000000000 ) ;
#945 = SURFACE_SIDE_STYLE ('',( #3877 ) ) ;
#946 = ADVANCED_FACE ( 'NONE', ( #2978 ), #2846, .F. ) ;
#947 = EDGE_LOOP ( 'NONE', ( #3876, #1572, #412, #3672 ) ) ;
#948 = SURFACE_SIDE_STYLE ('',( #5200 ) ) ;
#949 = LINE ( 'NONE', #3948, #4811 ) ;
#950 = EDGE_CURVE ( 'NONE', #3202, #2396, #4323, .T. ) ;
#951 = AXIS2_PLACEMENT_3D ( 'NONE', #1283, #927, #1251 ) ;
#952 = ORIENTED_EDGE ( 'NONE', *, *, #2980, .F. ) ;
#953 = VECTOR ( 'NONE', #1648, 1000.000000000000000 ) ;
#954 = CARTESIAN_POINT ( 'NONE',  ( -0.6249999999999998900, 0.1000000000000000100, -1.050000000000000000 ) ) ;
#955 = CARTESIAN_POINT ( 'NONE',  ( -1.050000000000015600, 0.0000000000000000000, 0.3750000000000019400 ) ) ;
#956 = LINE ( 'NONE', #4601, #4496 ) ;
#957 = EDGE_CURVE ( 'NONE', #1750, #2753, #4641, .T. ) ;
#958 = DIRECTION ( 'NONE',  ( -1.000000000000000000, 0.0000000000000000000, -9.130123557772670100E-016 ) ) ;
#959 = ORIENTED_EDGE ( 'NONE', *, *, #3312, .T. ) ;
#960 = LINE ( 'NONE', #4442, #5018 ) ;
#961 = CARTESIAN_POINT ( 'NONE',  ( 0.6250000000000001100, 0.1000000000000000100, 1.050000000000000000 ) ) ;
#962 = DIRECTION ( 'NONE',  ( -0.0000000000000000000, -1.000000000000000000, -0.0000000000000000000 ) ) ;
#963 = EDGE_CURVE ( 'NONE', #2307, #4549, #3483, .T. ) ;
#964 = DIRECTION ( 'NONE',  ( -1.000000000000000000, 0.0000000000000000000, -9.130123557772670100E-016 ) ) ;
#965 = VECTOR ( 'NONE', #1858, 1000.000000000000000 ) ;
#966 = CARTESIAN_POINT ( 'NONE',  ( 1.625000000000000200, 0.0000000000000000000, 1.499999999999999800 ) ) ;
#967 = CARTESIAN_POINT ( 'NONE',  ( 1.524999999999984100, 0.1000000000000000100, -0.6249999999999983300 ) ) ;
#968 = ADVANCED_FACE ( 'NONE', ( #5162 ), #2224, .F. ) ;
#969 = CARTESIAN_POINT ( 'NONE',  ( 1.049999999999999800, 0.0000000000000000000, 1.125000000000002000 ) ) ;
#970 = VERTEX_POINT ( 'NONE', #4920 ) ;
#971 = AXIS2_PLACEMENT_3D ( 'NONE', #2745, #1583, #3139 ) ;
#973 = DIRECTION ( 'NONE',  ( -1.000000000000000000, -0.0000000000000000000, 9.130123557772670100E-016 ) ) ;
#972 = DIRECTION ( 'NONE',  ( -0.0000000000000000000, 1.000000000000000000, -0.0000000000000000000 ) ) ;
#974 = CARTESIAN_POINT ( 'NONE',  ( 1.524999999999978600, 0.1000000000000000100, -1.124999999999998400 ) ) ;
#975 = VECTOR ( 'NONE', #4387, 1000.000000000000000 ) ;
#976 = DIRECTION ( 'NONE',  ( 1.000000000000000000, 0.0000000000000000000, -6.847592668329805800E-016 ) ) ;
#977 = MECHANICAL_DESIGN_GEOMETRIC_PRESENTATION_REPRESENTATION (  '', ( #1794 ), #4332 ) ;
#978 = EDGE_CURVE ( 'NONE', #2576, #3914, #4383, .T. ) ;
#979 = ORIENTED_EDGE ( 'NONE', *, *, #1542, .T. ) ;
#980 = ORIENTED_EDGE ( 'NONE', *, *, #924, .F. ) ;
#981 = PLANE ( 'NONE',  #3127 ) ;
#982 = CARTESIAN_POINT ( 'NONE',  ( 1.050000000000010300, 0.1000000000000000100, -0.1249999999999980600 ) ) ;
#983 = LINE ( 'NONE', #2522, #1869 ) ;
#984 = DIRECTION ( 'NONE',  ( -6.847592668329805800E-016, 0.0000000000000000000, 1.000000000000000000 ) ) ;
#985 = EDGE_LOOP ( 'NONE', ( #4472, #494, #3005, #3459 ) ) ;
#986 = CARTESIAN_POINT ( 'NONE',  ( -1.049999999999984100, 0.0000000000000000000, -0.3749999999999979500 ) ) ;
#987 = EDGE_CURVE ( 'NONE', #4447, #4173, #4506, .T. ) ;
#988 = CARTESIAN_POINT ( 'NONE',  ( -1.050000000000020700, 0.0000000000000000000, 0.8750000000000020000 ) ) ;
#989 = VECTOR ( 'NONE', #4773, 1000.000000000000000 ) ;
#990 = VERTEX_POINT ( 'NONE', #1039 ) ;
#991 = DIRECTION ( 'NONE',  ( 0.0000000000000000000, -1.000000000000000000, 0.0000000000000000000 ) ) ;
#992 = VECTOR ( 'NONE', #251, 1000.000000000000000 ) ;
#993 = LINE ( 'NONE', #2146, #3192 ) ;
#994 = ADVANCED_FACE ( 'NONE', ( #3540 ), #1841, .F. ) ;
#995 = EDGE_CURVE ( 'NONE', #3448, #4899, #2597, .T. ) ;
#996 = ORIENTED_EDGE ( 'NONE', *, *, #4683, .F. ) ;
#997 = FACE_BOUND ( 'NONE', #1338, .T. ) ;
#998 = LINE ( 'NONE', #3647, #1316 ) ;
#999 = ORIENTED_EDGE ( 'NONE', *, *, #4432, .F. ) ;
#1000 = DIRECTION ( 'NONE',  ( -0.0000000000000000000, -1.000000000000000000, -0.0000000000000000000 ) ) ;
#1001 = ORIENTED_EDGE ( 'NONE', *, *, #4782, .T. ) ;
#1002 = ORIENTED_EDGE ( 'NONE', *, *, #3636, .T. ) ;
#1003 = AXIS2_PLACEMENT_3D ( 'NONE', #5186, #707, #4356 ) ;
#1004 = ORIENTED_EDGE ( 'NONE', *, *, #2107, .F. ) ;
#1005 = CARTESIAN_POINT ( 'NONE',  ( -1.050000000000010300, 0.0000000000000000000, -0.1249999999999980600 ) ) ;
#1006 = DIRECTION ( 'NONE',  ( 1.000000000000000000, 0.0000000000000000000, 8.413408858487510600E-014 ) ) ;
#1007 = VECTOR ( 'NONE', #2840, 1000.000000000000000 ) ;
#1009 = CARTESIAN_POINT ( 'NONE',  ( 0.0000000000000000000, 0.0000000000000000000, 0.0000000000000000000 ) ) ;
#1008 = PLANE ( 'NONE',  #2362 ) ;
#1010 = ORIENTED_EDGE ( 'NONE', *, *, #3873, .F. ) ;
#1011 = AXIS2_PLACEMENT_3D ( 'NONE', #4076, #1654, #448 ) ;
#1012 = VERTEX_POINT ( 'NONE', #197 ) ;
#1013 =( NAMED_UNIT ( * ) SI_UNIT ( $, .STERADIAN. ) SOLID_ANGLE_UNIT ( ) );
#1014 = VECTOR ( 'NONE', #321, 1000.000000000000000 ) ;
#1015 = CARTESIAN_POINT ( 'NONE',  ( 1.049999999999978700, 0.0000000000000000000, -0.8749999999999980000 ) ) ;
#1016 = PLANE ( 'NONE',  #1847 ) ;
#1017 = EDGE_LOOP ( 'NONE', ( #4476, #3685, #206, #1617 ) ) ;
#1018 = ORIENTED_EDGE ( 'NONE', *, *, #2795, .T. ) ;
#1019 = FACE_OUTER_BOUND ( 'NONE', #4942, .T. ) ;
#1020 = EDGE_CURVE ( 'NONE', #2003, #25, #4318, .T. ) ;
#1021 = PRESENTATION_LAYER_ASSIGNMENT (  '', '', ( #744 ) ) ;
#1022 = DIRECTION ( 'NONE',  ( 0.0000000000000000000, 0.0000000000000000000, 1.000000000000000000 ) ) ;
#1023 = CARTESIAN_POINT ( 'NONE',  ( 1.524999999999989300, 0.0000000000000000000, 0.1250000000000016400 ) ) ;
#1024 = ADVANCED_FACE ( 'NONE', ( #1856 ), #5085, .F. ) ;
#1025 = VECTOR ( 'NONE', #1360, 1000.000000000000000 ) ;
#1026 = CARTESIAN_POINT ( 'NONE',  ( -1.050000000000015600, 0.0000000000000000000, 0.3750000000000019400 ) ) ;
#1027 = DIRECTION ( 'NONE',  ( 1.000000000000000000, 0.0000000000000000000, 0.0000000000000000000 ) ) ;
#1028 = EDGE_CURVE ( 'NONE', #4214, #2434, #375, .T. ) ;
#1029 = FACE_OUTER_BOUND ( 'NONE', #5060, .T. ) ;
#1030 = CARTESIAN_POINT ( 'NONE',  ( 0.3750000000000001100, 0.0000000000000000000, -1.050000000000000000 ) ) ;
#1031 = CARTESIAN_POINT ( 'NONE',  ( -1.049999999999984100, -0.0000000000000000000, -0.3749999999999979500 ) ) ;
#1032 = CARTESIAN_POINT ( 'NONE',  ( -1.049999999999978700, 0.1000000000000000100, -0.8749999999999980000 ) ) ;
#1033 = ORIENTED_EDGE ( 'NONE', *, *, #2464, .F. ) ;
#1034 = DIRECTION ( 'NONE',  ( 0.0000000000000000000, 0.0000000000000000000, 1.000000000000000000 ) ) ;
#1035 = VERTEX_POINT ( 'NONE', #1821 ) ;
#1036 = VECTOR ( 'NONE', #4525, 1000.000000000000000 ) ;
#1037 = DIRECTION ( 'NONE',  ( 8.413408858487510600E-014, 0.0000000000000000000, 1.000000000000000000 ) ) ;
#1038 = DIRECTION ( 'NONE',  ( 1.000000000000000000, 0.0000000000000000000, -0.0000000000000000000 ) ) ;
#1039 = CARTESIAN_POINT ( 'NONE',  ( 1.625000000000000200, 1.139999999999999900, -1.500000000000000200 ) ) ;
#1040 = CARTESIAN_POINT ( 'NONE',  ( -0.6249999999999998900, 0.0000000000000000000, 1.399999999999999900 ) ) ;
#1041 = ORIENTED_EDGE ( 'NONE', *, *, #2760, .F. ) ;
#1042 = FACE_OUTER_BOUND ( 'NONE', #3775, .T. ) ;
#1043 = LINE ( 'NONE', #1208, #4970 ) ;
#1044 = ORIENTED_EDGE ( 'NONE', *, *, #1780, .F. ) ;
#1045 = ORIENTED_EDGE ( 'NONE', *, *, #536, .T. ) ;
#1046 = ADVANCED_FACE ( 'NONE', ( #2405 ), #4242, .F. ) ;
#1047 = DIRECTION ( 'NONE',  ( 1.000000000000000000, 0.0000000000000000000, 9.130123557772670100E-016 ) ) ;
#1048 = LINE ( 'NONE', #4944, #465 ) ;
#1049 = DIRECTION ( 'NONE',  ( 0.0000000000000000000, -1.000000000000000000, 0.0000000000000000000 ) ) ;
#1050 = EDGE_CURVE ( 'NONE', #4674, #481, #255, .T. ) ;
#1051 = CARTESIAN_POINT ( 'NONE',  ( 1.049999999999994500, 0.0000000000000000000, 0.6250000000000021100 ) ) ;
#1052 = ORIENTED_EDGE ( 'NONE', *, *, #2248, .T. ) ;
#1053 = LINE ( 'NONE', #4255, #2623 ) ;
#1054 = LINE ( 'NONE', #1193, #672 ) ;
#1055 = ORIENTED_EDGE ( 'NONE', *, *, #2309, .F. ) ;
#1056 = DIRECTION ( 'NONE',  ( 9.130123557772670100E-016, -0.0000000000000000000, 1.000000000000000000 ) ) ;
#1057 = DIRECTION ( 'NONE',  ( -0.0000000000000000000, 1.000000000000000000, -0.0000000000000000000 ) ) ;
#1058 = EDGE_CURVE ( 'NONE', #4173, #5259, #4567, .T. ) ;
#1059 = CARTESIAN_POINT ( 'NONE',  ( 1.524999999999984100, 0.0000000000000000000, -0.6249999999999983300 ) ) ;
#1060 = AXIS2_PLACEMENT_3D ( 'NONE', #340, #4434, #2818 ) ;
#1061 = VERTEX_POINT ( 'NONE', #988 ) ;
#1062 = SURFACE_STYLE_FILL_AREA ( #2872 ) ;
#1063 = FACE_OUTER_BOUND ( 'NONE', #1431, .T. ) ;
#1064 = EDGE_LOOP ( 'NONE', ( #861, #4166, #2879, #4744 ) ) ;
#1065 = ORIENTED_EDGE ( 'NONE', *, *, #3669, .F. ) ;
#1066 = DIRECTION ( 'NONE',  ( -0.0000000000000000000, -1.000000000000000000, -0.0000000000000000000 ) ) ;
#1067 = FACE_OUTER_BOUND ( 'NONE', #1164, .T. ) ;
#1068 = CARTESIAN_POINT ( 'NONE',  ( -1.049999999999978700, 0.0000000000000000000, -0.8749999999999980000 ) ) ;
#1069 = FACE_OUTER_BOUND ( 'NONE', #4870, .T. ) ;
#1070 = VERTEX_POINT ( 'NONE', #5068 ) ;
#1071 = EDGE_CURVE ( 'NONE', #1970, #2765, #770, .T. ) ;
#1072 = CARTESIAN_POINT ( 'NONE',  ( 1.049999999999989400, 0.0000000000000000000, 0.1250000000000020500 ) ) ;
#1073 = ORIENTED_EDGE ( 'NONE', *, *, #4128, .T. ) ;
#1074 = DIRECTION ( 'NONE',  ( -1.000000000000000000, 0.0000000000000000000, -9.130123557772670100E-016 ) ) ;
#1075 = DIRECTION ( 'NONE',  ( 1.000000000000000000, 0.0000000000000000000, 0.0000000000000000000 ) ) ;
#1076 = LINE ( 'NONE', #802, #2762 ) ;
#1077 = EDGE_LOOP ( 'NONE', ( #546, #4578, #352, #1001 ) ) ;
#1078 =( GEOMETRIC_REPRESENTATION_CONTEXT ( 3 ) GLOBAL_UNCERTAINTY_ASSIGNED_CONTEXT ( ( #4196 ) ) GLOBAL_UNIT_ASSIGNED_CONTEXT ( ( #3782, #5052, #1013 ) ) REPRESENTATION_CONTEXT ( 'NONE', 'WORKASPACE' ) );
#1079 = FILL_AREA_STYLE ('',( #3881 ) ) ;
#1080 = CARTESIAN_POINT ( 'NONE',  ( 0.0000000000000000000, 0.1000000000000000100, 0.0000000000000000000 ) ) ;
#1081 = VECTOR ( 'NONE', #4665, 1000.000000000000000 ) ;
#1082 = ADVANCED_FACE ( 'NONE', ( #1917 ), #3444, .F. ) ;
#1083 = DIRECTION ( 'NONE',  ( 0.0000000000000000000, 0.0000000000000000000, -1.000000000000000000 ) ) ;
#1084 = CARTESIAN_POINT ( 'NONE',  ( -0.1249999999999998900, 0.1000000000000000100, -1.050000000000000000 ) ) ;
#1085 = PLANE ( 'NONE',  #5126 ) ;
#1086 = ORIENTED_EDGE ( 'NONE', *, *, #3011, .F. ) ;
#1087 = LINE ( 'NONE', #5070, #4107 ) ;
#1088 = ORIENTED_EDGE ( 'NONE', *, *, #1907, .T. ) ;
#1089 = LINE ( 'NONE', #3386, #1025 ) ;
#1090 = CARTESIAN_POINT ( 'NONE',  ( 1.050000000000015600, 0.0000000000000000000, 0.3750000000000019400 ) ) ;
#1091 = DIRECTION ( 'NONE',  ( 8.413408858487510600E-014, 0.0000000000000000000, -1.000000000000000000 ) ) ;
#1092 = CARTESIAN_POINT ( 'NONE',  ( -1.050000000000005200, 0.1000000000000000100, -0.6249999999999981100 ) ) ;
#1093 = LINE ( 'NONE', #3082, #4825 ) ;
#1094 = AXIS2_PLACEMENT_3D ( 'NONE', #1005, #1385, #3808 ) ;
#1095 = CARTESIAN_POINT ( 'NONE',  ( -1.049999999999999800, 0.0000000000000000000, -1.124999999999998000 ) ) ;
#1096 = CARTESIAN_POINT ( 'NONE',  ( 0.0000000000000000000, 0.1000000000000000100, 0.0000000000000000000 ) ) ;
#1097 = CARTESIAN_POINT ( 'NONE',  ( -1.049999999999999800, 0.0000000000000000000, 1.125000000000002000 ) ) ;
#1098 = ORIENTED_EDGE ( 'NONE', *, *, #578, .T. ) ;
#1099 = LINE ( 'NONE', #3173, #4709 ) ;
#1100 = EDGE_CURVE ( 'NONE', #1122, #734, #3346, .T. ) ;
#1101 = ORIENTED_EDGE ( 'NONE', *, *, #5002, .F. ) ;
#1102 = LINE ( 'NONE', #1411, #9 ) ;
#1103 = DIRECTION ( 'NONE',  ( 0.0000000000000000000, -0.0000000000000000000, -1.000000000000000000 ) ) ;
#1104 = ADVANCED_FACE ( 'NONE', ( #2906 ), #1513, .F. ) ;
#1105 = CARTESIAN_POINT ( 'NONE',  ( -0.6249999999999998900, 0.0000000000000000000, -1.399999999999999900 ) ) ;
#1106 = DIRECTION ( 'NONE',  ( 8.673617379884035500E-016, -0.0000000000000000000, 1.000000000000000000 ) ) ;
#1107 = ORIENTED_EDGE ( 'NONE', *, *, #5067, .F. ) ;
#1108 = LINE ( 'NONE', #335, #3945 ) ;
#1109 = EDGE_CURVE ( 'NONE', #1523, #4963, #5156, .T. ) ;
#1110 = ORIENTED_EDGE ( 'NONE', *, *, #2585, .T. ) ;
#1111 = DIRECTION ( 'NONE',  ( 8.413408858487514400E-014, 0.0000000000000000000, -1.000000000000000000 ) ) ;
#1112 = ORIENTED_EDGE ( 'NONE', *, *, #1854, .F. ) ;
#1113 = CARTESIAN_POINT ( 'NONE',  ( 1.524999999999989300, 0.1000000000000000100, -0.1249999999999983800 ) ) ;
#1114 = CARTESIAN_POINT ( 'NONE',  ( 1.049999999999994500, 0.0000000000000000000, 0.6250000000000021100 ) ) ;
#1115 =( GEOMETRIC_REPRESENTATION_CONTEXT ( 3 ) GLOBAL_UNCERTAINTY_ASSIGNED_CONTEXT ( ( #2912 ) ) GLOBAL_UNIT_ASSIGNED_CONTEXT ( ( #532, #5026, #2569 ) ) REPRESENTATION_CONTEXT ( 'NONE', 'WORKASPACE' ) );
#1116 = FACE_OUTER_BOUND ( 'NONE', #4275, .T. ) ;
#1117 = VERTEX_POINT ( 'NONE', #2290 ) ;
#1118 = ORIENTED_EDGE ( 'NONE', *, *, #4379, .F. ) ;
#1119 = LINE ( 'NONE', #5224, #4788 ) ;
#1120 = DIRECTION ( 'NONE',  ( 0.0000000000000000000, 0.0000000000000000000, 1.000000000000000000 ) ) ;
#1121 = CARTESIAN_POINT ( 'NONE',  ( -1.524999999999984100, 0.1000000000000000100, -0.3749999999999983900 ) ) ;
#1122 = VERTEX_POINT ( 'NONE', #3904 ) ;
#1123 = FACE_OUTER_BOUND ( 'NONE', #2614, .T. ) ;
#1124 = EDGE_CURVE ( 'NONE', #3554, #3299, #4888, .T. ) ;
#1125 = VECTOR ( 'NONE', #1711, 1000.000000000000000 ) ;
#1126 = AXIS2_PLACEMENT_3D ( 'NONE', #3905, #2691, #4669 ) ;
#1127 = PLANE ( 'NONE',  #5031 ) ;
#1128 = EDGE_LOOP ( 'NONE', ( #4030, #2899, #2332, #959 ) ) ;
#1129 = LINE ( 'NONE', #2785, #3006 ) ;
#1130 = FACE_OUTER_BOUND ( 'NONE', #5172, .T. ) ;
#1131 = ORIENTED_EDGE ( 'NONE', *, *, #899, .T. ) ;
#1132 = DIRECTION ( 'NONE',  ( 0.0000000000000000000, 0.0000000000000000000, 1.000000000000000000 ) ) ;
#1133 = ORIENTED_EDGE ( 'NONE', *, *, #3618, .F. ) ;
#1134 = DIRECTION ( 'NONE',  ( 8.673617379884035500E-016, -0.0000000000000000000, 1.000000000000000000 ) ) ;
#1135 = EDGE_CURVE ( 'NONE', #2003, #382, #5279, .T. ) ;
#1136 = CARTESIAN_POINT ( 'NONE',  ( 1.050000000000020700, 0.1000000000000000100, 0.8750000000000020000 ) ) ;
#1137 = LINE ( 'NONE', #524, #483 ) ;
#1138 = ORIENTED_EDGE ( 'NONE', *, *, #1257, .F. ) ;
#1139 = DIRECTION ( 'NONE',  ( 0.0000000000000000000, 0.0000000000000000000, -1.000000000000000000 ) ) ;
#1140 = ORIENTED_EDGE ( 'NONE', *, *, #2129, .T. ) ;
#1141 = FACE_OUTER_BOUND ( 'NONE', #1286, .T. ) ;
#1142 = AXIS2_PLACEMENT_3D ( 'NONE', #5178, #5146, #3498 ) ;
#1143 = CARTESIAN_POINT ( 'NONE',  ( -0.6249999999999998900, 0.1000000000000000100, 1.050000000000000000 ) ) ;
#1144 = DIRECTION ( 'NONE',  ( 8.673617379884035500E-016, 0.0000000000000000000, -1.000000000000000000 ) ) ;
#1145 = ORIENTED_EDGE ( 'NONE', *, *, #467, .T. ) ;
#1146 = LINE ( 'NONE', #2205, #1656 ) ;
#1147 = DIRECTION ( 'NONE',  ( 0.0000000000000000000, 0.0000000000000000000, -1.000000000000000000 ) ) ;
#1148 = VERTEX_POINT ( 'NONE', #5104 ) ;
#1149 = ORIENTED_EDGE ( 'NONE', *, *, #125, .T. ) ;
#1150 = VECTOR ( 'NONE', #2178, 1000.000000000000000 ) ;
#1151 = EDGE_CURVE ( 'NONE', #2827, #3961, #639, .T. ) ;
#1152 = VERTEX_POINT ( 'NONE', #4765 ) ;
#1153 = ADVANCED_FACE ( 'NONE', ( #2285 ), #3465, .F. ) ;
#1154 = CARTESIAN_POINT ( 'NONE',  ( 1.050000000000020700, 0.1000000000000000100, 0.8750000000000020000 ) ) ;
#1155 = ORIENTED_EDGE ( 'NONE', *, *, #2950, .F. ) ;
#1156 = FACE_OUTER_BOUND ( 'NONE', #362, .T. ) ;
#1157 = CARTESIAN_POINT ( 'NONE',  ( 1.625000000000000200, 1.139999999999999900, -1.500000000000000200 ) ) ;
#1158 = AXIS2_PLACEMENT_3D ( 'NONE', #1730, #2859, #4562 ) ;
#1159 = ORIENTED_EDGE ( 'NONE', *, *, #2904, .T. ) ;
#1160 = FACE_OUTER_BOUND ( 'NONE', #2799, .T. ) ;
#1161 = CARTESIAN_POINT ( 'NONE',  ( -1.524999999999999700, 0.0000000000000000000, 0.8750000000000016700 ) ) ;
#1162 = PLANE ( 'NONE',  #4433 ) ;
#1163 = CARTESIAN_POINT ( 'NONE',  ( 1.049999999999978700, 0.1000000000000000100, -0.8749999999999980000 ) ) ;
#1164 = EDGE_LOOP ( 'NONE', ( #1052, #3447, #417, #4780 ) ) ;
#1165 = VECTOR ( 'NONE', #2832, 1000.000000000000000 ) ;
#1166 = CARTESIAN_POINT ( 'NONE',  ( 1.050000000000010300, 0.1000000000000000100, -0.1249999999999980600 ) ) ;
#1167 = EDGE_CURVE ( 'NONE', #2757, #3573, #512, .T. ) ;
#1168 = DIRECTION ( 'NONE',  ( -1.000000000000000000, 0.0000000000000000000, 8.673617379884035500E-016 ) ) ;
#1169 = PLANE ( 'NONE',  #3851 ) ;
#1170 = ORIENTED_EDGE ( 'NONE', *, *, #978, .F. ) ;
#1171 = VECTOR ( 'NONE', #223, 1000.000000000000000 ) ;
#1172 = ORIENTED_EDGE ( 'NONE', *, *, #5183, .T. ) ;
#1173 = MECHANICAL_DESIGN_GEOMETRIC_PRESENTATION_REPRESENTATION (  '', ( #4360 ), #2154 ) ;
#1174 = EDGE_LOOP ( 'NONE', ( #2502, #1574, #5044, #2081 ) ) ;
#1175 = DIRECTION ( 'NONE',  ( -0.0000000000000000000, -1.000000000000000000, -0.0000000000000000000 ) ) ;
#1176 = ADVANCED_FACE ( 'NONE', ( #704 ), #2710, .F. ) ;
#1177 = CARTESIAN_POINT ( 'NONE',  ( -0.3749999999999998900, 0.1000000000000000100, -1.399999999999999700 ) ) ;
#1178 = PLANE ( 'NONE',  #1732 ) ;
#1179 = ORIENTED_EDGE ( 'NONE', *, *, #2767, .F. ) ;
#1180 = ORIENTED_EDGE ( 'NONE', *, *, #1100, .F. ) ;
#1181 = DIRECTION ( 'NONE',  ( -0.0000000000000000000, -1.000000000000000000, -0.0000000000000000000 ) ) ;
#1182 = LINE ( 'NONE', #191, #1310 ) ;
#1183 = ADVANCED_FACE ( 'NONE', ( #4190 ), #2275, .F. ) ;
#1184 = CARTESIAN_POINT ( 'NONE',  ( 1.050000000000020700, 0.0000000000000000000, 0.8750000000000020000 ) ) ;
#1185 = DIRECTION ( 'NONE',  ( -1.000000000000000000, -0.0000000000000000000, 0.0000000000000000000 ) ) ;
#1186 = VECTOR ( 'NONE', #3563, 1000.000000000000000 ) ;
#1187 = ORIENTED_EDGE ( 'NONE', *, *, #2732, .F. ) ;
#1188 = PLANE ( 'NONE',  #447 ) ;
#1189 = ORIENTED_EDGE ( 'NONE', *, *, #957, .T. ) ;
#1190 = EDGE_LOOP ( 'NONE', ( #3443, #3373, #3412, #2197 ) ) ;
#1191 = EDGE_CURVE ( 'NONE', #1117, #2889, #835, .T. ) ;
#1192 = MECHANICAL_DESIGN_GEOMETRIC_PRESENTATION_REPRESENTATION (  '', ( #4545 ), #5241 ) ;
#1193 = CARTESIAN_POINT ( 'NONE',  ( -0.3749999999999998900, 0.0000000000000000000, -1.050000000000000000 ) ) ;
#1194 = ORIENTED_EDGE ( 'NONE', *, *, #53, .T. ) ;
#1195 = VECTOR ( 'NONE', #224, 1000.000000000000000 ) ;
#1196 = LINE ( 'NONE', #2166, #1891 ) ;
#1197 = ORIENTED_EDGE ( 'NONE', *, *, #3583, .T. ) ;
#1198 = DIRECTION ( 'NONE',  ( 0.0000000000000000000, -0.0000000000000000000, -1.000000000000000000 ) ) ;
#1199 = VECTOR ( 'NONE', #286, 1000.000000000000000 ) ;
#1200 = CARTESIAN_POINT ( 'NONE',  ( 0.1250000000000001100, 0.1000000000000000100, -1.399999999999999700 ) ) ;
#1201 = FILL_AREA_STYLE_COLOUR ( '', #937 ) ;
#1202 = EDGE_CURVE ( 'NONE', #5225, #2307, #1662, .T. ) ;
#1203 = ORIENTED_EDGE ( 'NONE', *, *, #2585, .F. ) ;
#1204 = AXIS2_PLACEMENT_3D ( 'NONE', #2208, #3012, #592 ) ;
#1205 = ORIENTED_EDGE ( 'NONE', *, *, #3416, .T. ) ;
#1206 = DIRECTION ( 'NONE',  ( 0.0000000000000000000, 1.000000000000000000, 0.0000000000000000000 ) ) ;
#1207 = VERTEX_POINT ( 'NONE', #269 ) ;
#1208 = CARTESIAN_POINT ( 'NONE',  ( 0.1250000000000001100, 0.1000000000000000100, 1.050000000000000000 ) ) ;
#1209 = EDGE_CURVE ( 'NONE', #3607, #377, #4956, .T. ) ;
#1210 = CARTESIAN_POINT ( 'NONE',  ( 1.524999999999984100, 0.0000000000000000000, -0.3749999999999983900 ) ) ;
#1211 = VECTOR ( 'NONE', #3888, 1000.000000000000000 ) ;
#1212 = CARTESIAN_POINT ( 'NONE',  ( -0.3749999999999998900, 0.1000000000000000100, -1.050000000000000000 ) ) ;
#1213 = CARTESIAN_POINT ( 'NONE',  ( 0.0000000000000000000, 0.1000000000000000100, 0.0000000000000000000 ) ) ;
#1214 = DIRECTION ( 'NONE',  ( -0.0000000000000000000, -1.000000000000000000, -0.0000000000000000000 ) ) ;
#1215 = LINE ( 'NONE', #4415, #124 ) ;
#1216 = ADVANCED_FACE ( 'NONE', ( #2031 ), #1876, .T. ) ;
#1217 = CARTESIAN_POINT ( 'NONE',  ( -1.524999999999984100, 0.1000000000000000100, -0.6249999999999983300 ) ) ;
#1218 = CARTESIAN_POINT ( 'NONE',  ( -1.524999999999989300, 0.0000000000000000000, -0.1249999999999983800 ) ) ;
#1219 = CARTESIAN_POINT ( 'NONE',  ( 1.050000000000005200, 0.0000000000000000000, -0.6249999999999981100 ) ) ;
#1220 = VECTOR ( 'NONE', #4364, 1000.000000000000000 ) ;
#1221 = PLANE ( 'NONE',  #5275 ) ;
#1222 = ORIENTED_EDGE ( 'NONE', *, *, #3601, .T. ) ;
#1223 = VECTOR ( 'NONE', #1349, 1000.000000000000000 ) ;
#1224 = EDGE_CURVE ( 'NONE', #430, #212, #2973, .T. ) ;
#1225 = STYLED_ITEM ( 'NONE', ( #4480 ), #2754 ) ;
#1226 = DIRECTION ( 'NONE',  ( 8.413408858487510600E-014, 0.0000000000000000000, -1.000000000000000000 ) ) ;
#1227 = ORIENTED_EDGE ( 'NONE', *, *, #2039, .F. ) ;
#1228 = VECTOR ( 'NONE', #4736, 1000.000000000000000 ) ;
#1229 = EDGE_CURVE ( 'NONE', #919, #4626, #3658, .T. ) ;
#1230 = AXIS2_PLACEMENT_3D ( 'NONE', #1213, #4832, #391 ) ;
#1231 = CARTESIAN_POINT ( 'NONE',  ( 1.524999999999978600, 0.1000000000000000100, -1.124999999999998400 ) ) ;
#1232 = ORIENTED_EDGE ( 'NONE', *, *, #5040, .F. ) ;
#1233 = SURFACE_STYLE_FILL_AREA ( #3960 ) ;
#1234 = DIRECTION ( 'NONE',  ( -1.000000000000000000, 0.0000000000000000000, -1.734723475976807100E-015 ) ) ;
#1235 = DIRECTION ( 'NONE',  ( 0.0000000000000000000, 0.0000000000000000000, 1.000000000000000000 ) ) ;
#1236 = VERTEX_POINT ( 'NONE', #1059 ) ;
#1237 = ORIENTED_EDGE ( 'NONE', *, *, #2795, .F. ) ;
#1238 = ORIENTED_EDGE ( 'NONE', *, *, #1350, .T. ) ;
#1239 = EDGE_CURVE ( 'NONE', #2219, #3299, #1093, .T. ) ;
#1240 = ADVANCED_FACE ( 'NONE', ( #3101 ), #381, .F. ) ;
#1241 = DIRECTION ( 'NONE',  ( -1.000000000000000000, 0.0000000000000000000, -8.413408858487515700E-014 ) ) ;
#1242 = CARTESIAN_POINT ( 'NONE',  ( 0.6250000000000001100, 0.0000000000000000000, -1.050000000000000000 ) ) ;
#1243 = ORIENTED_EDGE ( 'NONE', *, *, #1804, .T. ) ;
#1244 = ORIENTED_EDGE ( 'NONE', *, *, #2059, .F. ) ;
#1245 = CARTESIAN_POINT ( 'NONE',  ( -1.524999999999994400, 0.1000000000000000100, 0.3750000000000016100 ) ) ;
#1246 = VECTOR ( 'NONE', #4471, 1000.000000000000000 ) ;
#1247 = VERTEX_POINT ( 'NONE', #2739 ) ;
#1248 = ORIENTED_EDGE ( 'NONE', *, *, #1907, .F. ) ;
#1249 = PRESENTATION_STYLE_ASSIGNMENT (( #2111 ) ) ;
#1250 = VECTOR ( 'NONE', #1693, 1000.000000000000000 ) ;
#1251 = DIRECTION ( 'NONE',  ( -1.000000000000000000, 0.0000000000000000000, 0.0000000000000000000 ) ) ;
#1252 = CARTESIAN_POINT ( 'NONE',  ( -0.6249999999999998900, 0.0000000000000000000, -1.399999999999999900 ) ) ;
#1253 =( LENGTH_UNIT ( ) NAMED_UNIT ( * ) SI_UNIT ( .MILLI., .METRE. ) );
#1254 = AXIS2_PLACEMENT_3D ( 'NONE', #436, #4909, #452 ) ;
#1255 = EDGE_LOOP ( 'NONE', ( #145, #2457, #2733, #322 ) ) ;
#1256 = LINE ( 'NONE', #3995, #168 ) ;
#1257 = EDGE_CURVE ( 'NONE', #1148, #3495, #3933, .T. ) ;
#1258 = LINE ( 'NONE', #3287, #551 ) ;
#1259 = ORIENTED_EDGE ( 'NONE', *, *, #1429, .F. ) ;
#1260 = VERTEX_POINT ( 'NONE', #2353 ) ;
#1261 = CARTESIAN_POINT ( 'NONE',  ( 1.625000000000000200, 0.0000000000000000000, 1.499999999999999800 ) ) ;
#1262 = LINE ( 'NONE', #2507, #3452 ) ;
#1263 = CARTESIAN_POINT ( 'NONE',  ( 1.524999999999999700, 0.1000000000000000100, 1.125000000000001600 ) ) ;
#1264 = ORIENTED_EDGE ( 'NONE', *, *, #4591, .T. ) ;
#1265 = EDGE_CURVE ( 'NONE', #3592, #661, #2099, .T. ) ;
#1266 = AXIS2_PLACEMENT_3D ( 'NONE', #3254, #3616, #4445 ) ;
#1267 = ADVANCED_FACE ( 'NONE', ( #575 ), #5214, .F. ) ;
#1268 = ORIENTED_EDGE ( 'NONE', *, *, #1846, .F. ) ;
#1269 = PLANE ( 'NONE',  #3280 ) ;
#1270 = CARTESIAN_POINT ( 'NONE',  ( 1.050000000000010300, 0.1000000000000000100, -0.1249999999999980600 ) ) ;
#1271 = ORIENTED_EDGE ( 'NONE', *, *, #4754, .T. ) ;
#1272 = LINE ( 'NONE', #3010, #4424 ) ;
#1273 = EDGE_CURVE ( 'NONE', #3814, #94, #3730, .T. ) ;
#1274 = DIRECTION ( 'NONE',  ( -1.000000000000000000, -0.0000000000000000000, 9.130123557772670100E-016 ) ) ;
#1275 = DIRECTION ( 'NONE',  ( 1.000000000000000000, -0.0000000000000000000, 9.130123557773074400E-016 ) ) ;
#1276 = LINE ( 'NONE', #886, #2894 ) ;
#1277 = CARTESIAN_POINT ( 'NONE',  ( 0.1250000000000001100, 0.0000000000000000000, 1.050000000000000000 ) ) ;
#1278 = DIRECTION ( 'NONE',  ( 0.0000000000000000000, -0.0000000000000000000, -1.000000000000000000 ) ) ;
#1279 = LINE ( 'NONE', #1342, #3284 ) ;
#1280 = CARTESIAN_POINT ( 'NONE',  ( -1.524999999999984100, 0.0000000000000000000, -0.6249999999999983300 ) ) ;
#1281 = CARTESIAN_POINT ( 'NONE',  ( -0.3749999999999998900, 0.1000000000000000100, 1.050000000000000000 ) ) ;
#1282 = VECTOR ( 'NONE', #4354, 1000.000000000000000 ) ;
#1283 = CARTESIAN_POINT ( 'NONE',  ( -0.3749999999999998900, 0.0000000000000000000, -1.050000000000000000 ) ) ;
#1284 = PLANE ( 'NONE',  #3900 ) ;
#1285 = CARTESIAN_POINT ( 'NONE',  ( -0.1249999999999998900, 0.0000000000000000000, -1.050000000000000000 ) ) ;
#1286 = EDGE_LOOP ( 'NONE', ( #1651, #1872, #4730, #1451 ) ) ;
#1287 = VECTOR ( 'NONE', #976, 1000.000000000000000 ) ;
#1288 = ADVANCED_FACE ( 'NONE', ( #1029 ), #1608, .F. ) ;
#1289 = CARTESIAN_POINT ( 'NONE',  ( -1.524999999999994400, 0.1000000000000000100, 0.3750000000000016100 ) ) ;
#1290 = EDGE_CURVE ( 'NONE', #1991, #4036, #3041, .T. ) ;
#1291 = ORIENTED_EDGE ( 'NONE', *, *, #3312, .F. ) ;
#1292 = VECTOR ( 'NONE', #3220, 1000.000000000000000 ) ;
#1293 = DIRECTION ( 'NONE',  ( 0.0000000000000000000, -1.000000000000000000, 0.0000000000000000000 ) ) ;
#1294 = DIRECTION ( 'NONE',  ( -1.000000000000000000, 0.0000000000000000000, 6.847592668329805800E-016 ) ) ;
#1295 = ORIENTED_EDGE ( 'NONE', *, *, #372, .F. ) ;
#1296 = ORIENTED_EDGE ( 'NONE', *, *, #2664, .F. ) ;
#1297 = CARTESIAN_POINT ( 'NONE',  ( 0.1250000000000001100, 0.0000000000000000000, -1.050000000000000000 ) ) ;
#1298 = EDGE_CURVE ( 'NONE', #178, #2962, #3990, .T. ) ;
#1299 = AXIS2_PLACEMENT_3D ( 'NONE', #3932, #315, #1075 ) ;
#1300 = CARTESIAN_POINT ( 'NONE',  ( -0.6249999999999998900, -0.0000000000000000000, -1.050000000000000000 ) ) ;
#1301 = DIRECTION ( 'NONE',  ( 0.0000000000000000000, 0.0000000000000000000, 1.000000000000000000 ) ) ;
#1302 = DIRECTION ( 'NONE',  ( -1.000000000000000000, 0.0000000000000000000, 0.0000000000000000000 ) ) ;
#1303 = ORIENTED_EDGE ( 'NONE', *, *, #3285, .F. ) ;
#1304 = VERTEX_POINT ( 'NONE', #472 ) ;
#1305 = SURFACE_STYLE_FILL_AREA ( #4160 ) ;
#1306 = EDGE_CURVE ( 'NONE', #2151, #3207, #1602, .T. ) ;
#1307 = VERTEX_POINT ( 'NONE', #4482 ) ;
#1308 = PLANE ( 'NONE',  #1438 ) ;
#1309 = LINE ( 'NONE', #5009, #5188 ) ;
#1310 = VECTOR ( 'NONE', #1034, 1000.000000000000000 ) ;
#1311 = CARTESIAN_POINT ( 'NONE',  ( 1.050000000000020700, 0.0000000000000000000, 0.8750000000000020000 ) ) ;
#1313 = DIRECTION ( 'NONE',  ( -0.0000000000000000000, 1.000000000000000000, 0.0000000000000000000 ) ) ;
#1312 = CARTESIAN_POINT ( 'NONE',  ( 1.524999999999984100, 0.1000000000000000100, -0.3749999999999983900 ) ) ;
#1314 = CARTESIAN_POINT ( 'NONE',  ( 0.6250000000000001100, 0.1000000000000000100, 1.399999999999999700 ) ) ;
#1315 = ORIENTED_EDGE ( 'NONE', *, *, #3145, .T. ) ;
#1316 = VECTOR ( 'NONE', #2076, 1000.000000000000000 ) ;
#1317 = ORIENTED_EDGE ( 'NONE', *, *, #3145, .F. ) ;
#1318 = DIRECTION ( 'NONE',  ( -1.000000000000000000, -0.0000000000000000000, 9.130123557772670100E-016 ) ) ;
#1319 = ORIENTED_EDGE ( 'NONE', *, *, #759, .F. ) ;
#1320 = ADVANCED_FACE ( 'NONE', ( #2536 ), #4897, .F. ) ;
#1321 = VECTOR ( 'NONE', #3670, 1000.000000000000000 ) ;
#1322 = DIRECTION ( 'NONE',  ( -1.000000000000000000, 0.0000000000000000000, 1.334402673828313300E-016 ) ) ;
#1323 = CARTESIAN_POINT ( 'NONE',  ( -1.049999999999989400, 0.1000000000000000100, 0.1250000000000020500 ) ) ;
#1324 = CARTESIAN_POINT ( 'NONE',  ( -1.050000000000020700, 0.0000000000000000000, 0.8750000000000020000 ) ) ;
#1325 = EDGE_LOOP ( 'NONE', ( #3655, #3663, #4031, #1705 ) ) ;
#1326 = EDGE_CURVE ( 'NONE', #2929, #2219, #960, .T. ) ;
#1327 = LINE ( 'NONE', #2384, #3205 ) ;
#1328 =( LENGTH_UNIT ( ) NAMED_UNIT ( * ) SI_UNIT ( .MILLI., .METRE. ) );
#1329 = ORIENTED_EDGE ( 'NONE', *, *, #4662, .F. ) ;
#1330 = CARTESIAN_POINT ( 'NONE',  ( -1.524999999999989300, 0.1000000000000000100, -0.1249999999999983800 ) ) ;
#1331 = DIRECTION ( 'NONE',  ( 1.000000000000000000, 0.0000000000000000000, 9.130123557772670100E-016 ) ) ;
#1332 = ORIENTED_EDGE ( 'NONE', *, *, #3873, .T. ) ;
#1333 = DIRECTION ( 'NONE',  ( -0.0000000000000000000, 1.000000000000000000, -0.0000000000000000000 ) ) ;
#1334 = EDGE_CURVE ( 'NONE', #801, #3909, #3472, .T. ) ;
#1335 = AXIS2_PLACEMENT_3D ( 'NONE', #1396, #2650, #638 ) ;
#1336 = FILL_AREA_STYLE_COLOUR ( '', #4726 ) ;
#1337 = PLANE ( 'NONE',  #2084 ) ;
#1338 = EDGE_LOOP ( 'NONE', ( #4279, #1055, #282, #3278 ) ) ;
#1339 = VECTOR ( 'NONE', #2407, 1000.000000000000000 ) ;
#1340 = CARTESIAN_POINT ( 'NONE',  ( -0.3749999999999998900, 0.1000000000000000100, 1.400000000000000400 ) ) ;
#1341 = EDGE_CURVE ( 'NONE', #2398, #4238, #2223, .T. ) ;
#1342 = CARTESIAN_POINT ( 'NONE',  ( 0.3750000000000001100, 0.1000000000000000100, 1.050000000000000000 ) ) ;
#1343 = FACE_OUTER_BOUND ( 'NONE', #1361, .T. ) ;
#1344 = CARTESIAN_POINT ( 'NONE',  ( 1.524999999999999700, 0.1000000000000000100, 0.8750000000000016700 ) ) ;
#1345 = CARTESIAN_POINT ( 'NONE',  ( 1.049999999999989400, 0.0000000000000000000, 0.1250000000000020500 ) ) ;
#1346 = ADVANCED_FACE ( 'NONE', ( #896 ), #878, .F. ) ;
#1347 = CARTESIAN_POINT ( 'NONE',  ( 0.6250000000000001100, 0.0000000000000000000, 1.400000000000000400 ) ) ;
#1348 = VECTOR ( 'NONE', #561, 1000.000000000000000 ) ;
#1349 = DIRECTION ( 'NONE',  ( -0.0000000000000000000, -1.000000000000000000, -0.0000000000000000000 ) ) ;
#1350 = EDGE_CURVE ( 'NONE', #3825, #392, #3099, .T. ) ;
#1351 = DIRECTION ( 'NONE',  ( 1.000000000000000000, 0.0000000000000000000, -1.334402673828313300E-016 ) ) ;
#1352 = DIRECTION ( 'NONE',  ( 0.0000000000000000000, 0.0000000000000000000, -1.000000000000000000 ) ) ;
#1353 = ORIENTED_EDGE ( 'NONE', *, *, #1364, .F. ) ;
#1354 = VECTOR ( 'NONE', #2447, 1000.000000000000000 ) ;
#1355 = CARTESIAN_POINT ( 'NONE',  ( 0.6250000000000001100, 0.1000000000000000100, 1.050000000000000000 ) ) ;
#1356 = AXIS2_PLACEMENT_3D ( 'NONE', #4183, #5005, #2965 ) ;
#1357 = DIRECTION ( 'NONE',  ( 0.0000000000000000000, 0.0000000000000000000, -1.000000000000000000 ) ) ;
#1358 = ORIENTED_EDGE ( 'NONE', *, *, #2492, .T. ) ;
#1359 = EDGE_CURVE ( 'NONE', #459, #5225, #316, .T. ) ;
#1360 = DIRECTION ( 'NONE',  ( -1.000000000000000000, 0.0000000000000000000, 9.130123557772670100E-016 ) ) ;
#1361 = EDGE_LOOP ( 'NONE', ( #2140, #3123, #2697, #695 ) ) ;
#1362 = VECTOR ( 'NONE', #1428, 1000.000000000000000 ) ;
#1363 = SURFACE_SIDE_STYLE ('',( #226 ) ) ;
#1364 = EDGE_CURVE ( 'NONE', #2434, #4652, #3726, .T. ) ;
#1365 = DIRECTION ( 'NONE',  ( 0.0000000000000000000, 0.0000000000000000000, -1.000000000000000000 ) ) ;
#1366 = CLOSED_SHELL ( 'NONE', ( #1288, #4553, #4039, #4929, #2997, #3965, #3596, #4181, #267, #2676, #1873, #4839, #616, #3266, #5064, #814, #342, #4231, #1320, #2235, #4692, #1183, #675, #4435, #4089, #2051, #5121, #4458, #4062, #5091, #3769, #3679, #3286, #511, #3654, #1739, #1240, #4714, #3497, #3337, #1510, #3362, #245, #3883, #2551, #364, #1564, #135, #3547, #569, #1427, #2158, #3442, #2391, #3798, #1153, #4034, #2469, #3415, #3079, #2885, #2777, #3709, #1267, #1488, #2288, #3049, #4312, #3470, #1082, #2, #1536, #2944, #4336, #299, #4523, #5013, #4637, #4055, #2019, #4875, #4658, #110, #3525, #1046, #750 ) ) ;
#1367 = EDGE_LOOP ( 'NONE', ( #552, #2977, #4516, #3469 ) ) ;
#1368 = DIRECTION ( 'NONE',  ( -0.0000000000000000000, -0.0000000000000000000, -1.000000000000000000 ) ) ;
#1369 = CARTESIAN_POINT ( 'NONE',  ( 0.0000000000000000000, 0.1000000000000000100, 0.0000000000000000000 ) ) ;
#1370 = VERTEX_POINT ( 'NONE', #52 ) ;
#1371 = ORIENTED_EDGE ( 'NONE', *, *, #3271, .F. ) ;
#1372 = ADVANCED_FACE ( 'NONE', ( #4639 ), #2473, .F. ) ;
#1373 = EDGE_CURVE ( 'NONE', #98, #807, #2155, .T. ) ;
#1374 =( GEOMETRIC_REPRESENTATION_CONTEXT ( 3 ) GLOBAL_UNCERTAINTY_ASSIGNED_CONTEXT ( ( #3869 ) ) GLOBAL_UNIT_ASSIGNED_CONTEXT ( ( #4551, #1736, #1777 ) ) REPRESENTATION_CONTEXT ( 'NONE', 'WORKASPACE' ) );
#1375 = COLOUR_RGB ( '',1.000000000000000000, 1.000000000000000000, 1.000000000000000000 ) ;
#1376 = FACE_OUTER_BOUND ( 'NONE', #4844, .T. ) ;
#1377 = ORIENTED_EDGE ( 'NONE', *, *, #31, .F. ) ;
#1378 = CARTESIAN_POINT ( 'NONE',  ( -1.524999999999978600, 0.1000000000000000100, -1.124999999999998400 ) ) ;
#1379 = ORIENTED_EDGE ( 'NONE', *, *, #915, .F. ) ;
#1380 = LINE ( 'NONE', #4500, #4162 ) ;
#1381 = LINE ( 'NONE', #2251, #4739 ) ;
#1382 = UNCERTAINTY_MEASURE_WITH_UNIT (LENGTH_MEASURE( 1.000000000000000100E-005 ), #3846, 'distance_accuracy_value', 'NONE');
#1383 = EDGE_CURVE ( 'NONE', #1307, #4858, #3035, .T. ) ;
#1384 = CARTESIAN_POINT ( 'NONE',  ( 1.524999999999999700, 0.0000000000000000000, 0.8750000000000016700 ) ) ;
#1385 = DIRECTION ( 'NONE',  ( -1.000000000000000000, 0.0000000000000000000, 8.413408858487510600E-014 ) ) ;
#1386 = LINE ( 'NONE', #5141, #5193 ) ;
#1387 = COLOUR_RGB ( '',1.000000000000000000, 1.000000000000000000, 1.000000000000000000 ) ;
#1388 = ORIENTED_EDGE ( 'NONE', *, *, #1952, .T. ) ;
#1389 = ORIENTED_EDGE ( 'NONE', *, *, #3762, .F. ) ;
#1390 = DIRECTION ( 'NONE',  ( 0.0000000000000000000, 0.0000000000000000000, -1.000000000000000000 ) ) ;
#1391 = AXIS2_PLACEMENT_3D ( 'NONE', #3162, #1106, #2320 ) ;
#1392 = LINE ( 'NONE', #2074, #3637 ) ;
#1393 = PLANE ( 'NONE',  #3735 ) ;
#1394 = DIRECTION ( 'NONE',  ( 0.0000000000000000000, 1.000000000000000000, -0.0000000000000000000 ) ) ;
#1395 = CARTESIAN_POINT ( 'NONE',  ( 1.524999999999994400, 0.0000000000000000000, 0.6250000000000016700 ) ) ;
#1396 = CARTESIAN_POINT ( 'NONE',  ( 0.0000000000000000000, 0.1000000000000000100, 0.0000000000000000000 ) ) ;
#1397 = CARTESIAN_POINT ( 'NONE',  ( 0.0000000000000000000, 0.1000000000000000100, 0.0000000000000000000 ) ) ;
#1398 = ORIENTED_EDGE ( 'NONE', *, *, #1151, .F. ) ;
#1399 = EDGE_CURVE ( 'NONE', #2151, #2827, #3538, .T. ) ;
#1400 = AXIS2_PLACEMENT_3D ( 'NONE', #4065, #1678, #2459 ) ;
#1401 = ORIENTED_EDGE ( 'NONE', *, *, #820, .T. ) ;
#1402 = ORIENTED_EDGE ( 'NONE', *, *, #4961, .T. ) ;
#1403 = LINE ( 'NONE', #293, #1211 ) ;
#1404 = ADVANCED_FACE ( 'NONE', ( #4117 ), #981, .F. ) ;
#1405 = DIRECTION ( 'NONE',  ( -0.0000000000000000000, 1.000000000000000000, -0.0000000000000000000 ) ) ;
#1406 = DIRECTION ( 'NONE',  ( 0.0000000000000000000, -1.000000000000000000, 0.0000000000000000000 ) ) ;
#1407 = VECTOR ( 'NONE', #4960, 1000.000000000000000 ) ;
#1408 = EDGE_CURVE ( 'NONE', #2675, #377, #1089, .T. ) ;
#1409 = AXIS2_PLACEMENT_3D ( 'NONE', #1603, #4416, #1226 ) ;
#1410 = SURFACE_STYLE_USAGE ( .BOTH. , #115 ) ;
#1411 = CARTESIAN_POINT ( 'NONE',  ( -0.1249999999999998900, 0.0000000000000000000, -1.399999999999999900 ) ) ;
#1412 = CARTESIAN_POINT ( 'NONE',  ( 0.3750000000000001100, 0.0000000000000000000, -1.050000000000000000 ) ) ;
#1413 = VECTOR ( 'NONE', #1661, 1000.000000000000000 ) ;
#1414 = PLANE ( 'NONE',  #1989 ) ;
#1415 = DIRECTION ( 'NONE',  ( -0.0000000000000000000, 1.000000000000000000, -0.0000000000000000000 ) ) ;
#1416 = EDGE_CURVE ( 'NONE', #4, #2703, #5276, .T. ) ;
#1417 = SURFACE_STYLE_FILL_AREA ( #2776 ) ;
#1418 = DIRECTION ( 'NONE',  ( -0.0000000000000000000, 1.000000000000000000, -0.0000000000000000000 ) ) ;
#1419 = DIRECTION ( 'NONE',  ( 0.0000000000000000000, 0.0000000000000000000, 1.000000000000000000 ) ) ;
#1420 = PLANE ( 'NONE',  #3795 ) ;
#1421 = VECTOR ( 'NONE', #5034, 1000.000000000000000 ) ;
#1423 = CARTESIAN_POINT ( 'NONE',  ( -1.524999999999994400, 0.0000000000000000000, 0.6250000000000016700 ) ) ;
#1422 = DIRECTION ( 'NONE',  ( -0.0000000000000000000, -1.000000000000000000, -0.0000000000000000000 ) ) ;
#1424 =( LENGTH_UNIT ( ) NAMED_UNIT ( * ) SI_UNIT ( .MILLI., .METRE. ) );
#1425 = ORIENTED_EDGE ( 'NONE', *, *, #4241, .T. ) ;
#1426 = CARTESIAN_POINT ( 'NONE',  ( -1.624999999999999800, 0.0000000000000000000, 1.500000000000000200 ) ) ;
#1427 = ADVANCED_FACE ( 'NONE', ( #2025 ), #1715, .F. ) ;
#1428 = DIRECTION ( 'NONE',  ( -0.0000000000000000000, 1.000000000000000000, -0.0000000000000000000 ) ) ;
#1429 = EDGE_CURVE ( 'NONE', #3838, #563, #1541, .T. ) ;
#1430 = VERTEX_POINT ( 'NONE', #4536 ) ;
#1431 = EDGE_LOOP ( 'NONE', ( #2689, #4365, #1248, #1855 ) ) ;
#1432 = VECTOR ( 'NONE', #573, 1000.000000000000000 ) ;
#1433 = DIRECTION ( 'NONE',  ( 1.000000000000000000, 0.0000000000000000000, -0.0000000000000000000 ) ) ;
#1435 = EDGE_LOOP ( 'NONE', ( #3635, #1811, #3071, #1045 ) ) ;
#1434 = PLANE ( 'NONE',  #2239 ) ;
#1436 = CARTESIAN_POINT ( 'NONE',  ( 1.524999999999994400, 0.1000000000000000100, 0.3750000000000016100 ) ) ;
#1437 = VECTOR ( 'NONE', #958, 1000.000000000000000 ) ;
#1438 = AXIS2_PLACEMENT_3D ( 'NONE', #2082, #2479, #4542 ) ;
#1439 = EDGE_LOOP ( 'NONE', ( #1018, #2104, #2877, #5039 ) ) ;
#1440 = ORIENTED_EDGE ( 'NONE', *, *, #4830, .F. ) ;
#1441 = CARTESIAN_POINT ( 'NONE',  ( -1.524999999999994400, 0.1000000000000000100, 0.3750000000000016100 ) ) ;
#1442 = COLOUR_RGB ( '',1.000000000000000000, 1.000000000000000000, 1.000000000000000000 ) ;
#1443 = LINE ( 'NONE', #5006, #2376 ) ;
#1444 = DIRECTION ( 'NONE',  ( 0.0000000000000000000, 0.0000000000000000000, -1.000000000000000000 ) ) ;
#1445 = EDGE_CURVE ( 'NONE', #4907, #4, #1279, .T. ) ;
#1446 = DIRECTION ( 'NONE',  ( -0.0000000000000000000, -1.000000000000000000, -0.0000000000000000000 ) ) ;
#1447 = CARTESIAN_POINT ( 'NONE',  ( -1.624999999999999800, 0.1999999999999999800, -1.499999999999999800 ) ) ;
#1448 = VERTEX_POINT ( 'NONE', #4147 ) ;
#1449 = LINE ( 'NONE', #443, #290 ) ;
#1450 = VECTOR ( 'NONE', #1234, 1000.000000000000000 ) ;
#1451 = ORIENTED_EDGE ( 'NONE', *, *, #4683, .T. ) ;
#1452 = UNCERTAINTY_MEASURE_WITH_UNIT (LENGTH_MEASURE( 1.000000000000000100E-005 ), #1253, 'distance_accuracy_value', 'NONE');
#1453 = CARTESIAN_POINT ( 'NONE',  ( -1.049999999999984100, 0.0000000000000000000, -0.3749999999999979500 ) ) ;
#1454 = EDGE_LOOP ( 'NONE', ( #2276, #1243, #243, #2816 ) ) ;
#1455 = SURFACE_STYLE_FILL_AREA ( #2265 ) ;
#1456 = AXIS2_PLACEMENT_3D ( 'NONE', #2395, #1981, #2793 ) ;
#1457 = SURFACE_STYLE_USAGE ( .BOTH. , #5120 ) ;
#1458 = LINE ( 'NONE', #2688, #351 ) ;
#1459 = DIRECTION ( 'NONE',  ( 8.413408858487510600E-014, 0.0000000000000000000, -1.000000000000000000 ) ) ;
#1460 = ADVANCED_FACE ( 'NONE', ( #441 ), #2930, .F. ) ;
#1461 = ORIENTED_EDGE ( 'NONE', *, *, #1050, .T. ) ;
#1462 = CARTESIAN_POINT ( 'NONE',  ( -1.524999999999978600, 0.0000000000000000000, -0.8749999999999984500 ) ) ;
#1463 = ORIENTED_EDGE ( 'NONE', *, *, #5136, .F. ) ;
#1464 = CARTESIAN_POINT ( 'NONE',  ( 1.524999999999989300, 0.1000000000000000100, -0.1249999999999983800 ) ) ;
#1465 = VECTOR ( 'NONE', #5173, 1000.000000000000000 ) ;
#1466 = CARTESIAN_POINT ( 'NONE',  ( -1.050000000000020700, 0.0000000000000000000, 0.8750000000000020000 ) ) ;
#1467 = ORIENTED_EDGE ( 'NONE', *, *, #4138, .T. ) ;
#1468 = MECHANICAL_DESIGN_GEOMETRIC_PRESENTATION_REPRESENTATION (  '', ( #387 ), #3501 ) ;
#1469 = ORIENTED_EDGE ( 'NONE', *, *, #1209, .F. ) ;
#1470 = ORIENTED_EDGE ( 'NONE', *, *, #4815, .T. ) ;
#1471 = CARTESIAN_POINT ( 'NONE',  ( 0.0000000000000000000, 0.0000000000000000000, 0.0000000000000000000 ) ) ;
#1472 = CARTESIAN_POINT ( 'NONE',  ( 0.0000000000000000000, 0.0000000000000000000, 0.0000000000000000000 ) ) ;
#1473 = CARTESIAN_POINT ( 'NONE',  ( 1.049999999999999800, 0.0000000000000000000, 1.125000000000002000 ) ) ;
#1474 = PLANE ( 'NONE',  #2466 ) ;
#1475 = ORIENTED_EDGE ( 'NONE', *, *, #3050, .F. ) ;
#1476 = FACE_OUTER_BOUND ( 'NONE', #4808, .T. ) ;
#1477 = EDGE_CURVE ( 'NONE', #1957, #1236, #4502, .T. ) ;
#1478 = ORIENTED_EDGE ( 'NONE', *, *, #5055, .T. ) ;
#1479 =( NAMED_UNIT ( * ) SI_UNIT ( $, .STERADIAN. ) SOLID_ANGLE_UNIT ( ) );
#1480 = DIRECTION ( 'NONE',  ( -1.000000000000000000, 0.0000000000000000000, 0.0000000000000000000 ) ) ;
#1481 = LINE ( 'NONE', #314, #2400 ) ;
#1482 = DIRECTION ( 'NONE',  ( -0.0000000000000000000, 1.000000000000000000, -0.0000000000000000000 ) ) ;
#1483 = PLANE ( 'NONE',  #1126 ) ;
#1484 = EDGE_LOOP ( 'NONE', ( #3293, #2381, #4760, #747 ) ) ;
#1485 = EDGE_CURVE ( 'NONE', #143, #872, #5216, .T. ) ;
#1486 = FILL_AREA_STYLE_COLOUR ( '', #2121 ) ;
#1487 = VECTOR ( 'NONE', #4018, 1000.000000000000000 ) ;
#1488 = ADVANCED_FACE ( 'NONE', ( #370 ), #2112, .F. ) ;
#1489 = CARTESIAN_POINT ( 'NONE',  ( -1.049999999999999800, 0.1000000000000000100, 1.125000000000002000 ) ) ;
#1490 = EDGE_CURVE ( 'NONE', #2398, #133, #190, .T. ) ;
#1491 = ORIENTED_EDGE ( 'NONE', *, *, #1341, .F. ) ;
#1492 =( NAMED_UNIT ( * ) SI_UNIT ( $, .STERADIAN. ) SOLID_ANGLE_UNIT ( ) );
#1493 = DIRECTION ( 'NONE',  ( 1.000000000000000000, 0.0000000000000000000, 9.130123557772670100E-016 ) ) ;
#1494 = ORIENTED_EDGE ( 'NONE', *, *, #1636, .T. ) ;
#1495 = LINE ( 'NONE', #1968, #1228 ) ;
#1496 = DIRECTION ( 'NONE',  ( -1.000000000000000000, 0.0000000000000000000, -1.734723475976807100E-015 ) ) ;
#1497 = ORIENTED_EDGE ( 'NONE', *, *, #1740, .F. ) ;
#1498 = EDGE_LOOP ( 'NONE', ( #4262, #1475, #247, #1149 ) ) ;
#1499 = VERTEX_POINT ( 'NONE', #2545 ) ;
#1500 = FILL_AREA_STYLE_COLOUR ( '', #4204 ) ;
#1501 = CARTESIAN_POINT ( 'NONE',  ( 1.050000000000010300, 0.0000000000000000000, -0.1249999999999980600 ) ) ;
#1502 = VECTOR ( 'NONE', #510, 1000.000000000000000 ) ;
#1503 = CARTESIAN_POINT ( 'NONE',  ( -1.049999999999989400, 0.0000000000000000000, 0.1250000000000020500 ) ) ;
#1504 = EDGE_CURVE ( 'NONE', #2073, #3273, #3985, .T. ) ;
#1505 = AXIS2_PLACEMENT_3D ( 'NONE', #1472, #1049, #3435 ) ;
#1506 = CARTESIAN_POINT ( 'NONE',  ( -1.624999999999999800, 0.0000000000000000000, 1.500000000000000200 ) ) ;
#1507 = ORIENTED_EDGE ( 'NONE', *, *, #2715, .F. ) ;
#1508 = EDGE_LOOP ( 'NONE', ( #367, #1073, #1640, #5134 ) ) ;
#1509 = DIRECTION ( 'NONE',  ( -1.000000000000000000, 0.0000000000000000000, -1.734723475976807100E-015 ) ) ;
#1510 = ADVANCED_FACE ( 'NONE', ( #2468 ), #3741, .F. ) ;
#1511 = CARTESIAN_POINT ( 'NONE',  ( 1.625000000000000200, 0.0000000000000000000, 1.499999999999999800 ) ) ;
#1512 = EDGE_CURVE ( 'NONE', #3949, #2591, #4250, .T. ) ;
#1513 = PLANE ( 'NONE',  #870 ) ;
#1514 = AXIS2_PLACEMENT_3D ( 'NONE', #437, #421, #1622 ) ;
#1515 = EDGE_LOOP ( 'NONE', ( #2526, #3429, #144, #1878 ) ) ;
#1516 = FACE_OUTER_BOUND ( 'NONE', #4916, .T. ) ;
#1517 = LINE ( 'NONE', #4534, #4081 ) ;
#1518 = FACE_BOUND ( 'NONE', #3713, .T. ) ;
#1519 = DIRECTION ( 'NONE',  ( 8.413408858487510600E-014, 0.0000000000000000000, 1.000000000000000000 ) ) ;
#1520 = FACE_OUTER_BOUND ( 'NONE', #4729, .T. ) ;
#1521 = EDGE_LOOP ( 'NONE', ( #3305, #1589, #3755, #1259 ) ) ;
#1522 = EDGE_CURVE ( 'NONE', #4526, #4419, #3165, .T. ) ;
#1523 = VERTEX_POINT ( 'NONE', #1281 ) ;
#1524 = VECTOR ( 'NONE', #3875, 1000.000000000000000 ) ;
#1525 = CARTESIAN_POINT ( 'NONE',  ( 1.524999999999984100, 0.1000000000000000100, -0.6249999999999983300 ) ) ;
#1526 = ORIENTED_EDGE ( 'NONE', *, *, #139, .F. ) ;
#1527 = PLANE ( 'NONE',  #2029 ) ;
#1528 = LINE ( 'NONE', #1801, #2707 ) ;
#1529 = CARTESIAN_POINT ( 'NONE',  ( 1.625000000000000200, 1.139999999999999900, 1.499999999999999800 ) ) ;
#1530 = DIRECTION ( 'NONE',  ( 0.0000000000000000000, 0.0000000000000000000, 1.000000000000000000 ) ) ;
#1531 = ORIENTED_EDGE ( 'NONE', *, *, #1191, .F. ) ;
#1532 = EDGE_LOOP ( 'NONE', ( #5111, #4357, #3505, #3029 ) ) ;
#1533 = LINE ( 'NONE', #4710, #120 ) ;
#1534 = EDGE_CURVE ( 'NONE', #2587, #5217, #2533, .T. ) ;
#1535 = CARTESIAN_POINT ( 'NONE',  ( -1.050000000000020700, 0.1000000000000000100, 0.8750000000000020000 ) ) ;
#1536 = ADVANCED_FACE ( 'NONE', ( #253 ), #5250, .F. ) ;
#1537 = VECTOR ( 'NONE', #218, 1000.000000000000000 ) ;
#1539 = ORIENTED_EDGE ( 'NONE', *, *, #5273, .F. ) ;
#1538 = CARTESIAN_POINT ( 'NONE',  ( -0.6249999999999998900, 0.1000000000000000100, -1.050000000000000000 ) ) ;
#1540 = DIRECTION ( 'NONE',  ( 1.000000000000000000, 0.0000000000000000000, 0.0000000000000000000 ) ) ;
#1541 = LINE ( 'NONE', #1324, #4702 ) ;
#1542 = EDGE_CURVE ( 'NONE', #3387, #249, #1851, .T. ) ;
#1543 = DIRECTION ( 'NONE',  ( -0.0000000000000000000, -1.000000000000000000, -0.0000000000000000000 ) ) ;
#1544 = PLANE ( 'NONE',  #4511 ) ;
#1545 = DIRECTION ( 'NONE',  ( -0.0000000000000000000, -1.000000000000000000, -0.0000000000000000000 ) ) ;
#1546 = LINE ( 'NONE', #386, #320 ) ;
#1547 = EDGE_CURVE ( 'NONE', #3506, #113, #1599, .T. ) ;
#1548 = ORIENTED_EDGE ( 'NONE', *, *, #4889, .T. ) ;
#1549 = VECTOR ( 'NONE', #3660, 1000.000000000000000 ) ;
#1550 = DIRECTION ( 'NONE',  ( 8.413408858487510600E-014, 0.0000000000000000000, 1.000000000000000000 ) ) ;
#1551 = CARTESIAN_POINT ( 'NONE',  ( -1.624999999999999800, 0.1999999999999999800, 1.500000000000000200 ) ) ;
#1552 = ORIENTED_EDGE ( 'NONE', *, *, #372, .T. ) ;
#1553 = LINE ( 'NONE', #2297, #2789 ) ;
#1554 = AXIS2_PLACEMENT_3D ( 'NONE', #1471, #4701, #1850 ) ;
#1555 = CARTESIAN_POINT ( 'NONE',  ( -0.6249999999999998900, 0.1000000000000000100, -1.399999999999999900 ) ) ;
#1556 = ORIENTED_EDGE ( 'NONE', *, *, #2931, .F. ) ;
#1557 = ORIENTED_EDGE ( 'NONE', *, *, #1797, .F. ) ;
#1558 = DIRECTION ( 'NONE',  ( 0.0000000000000000000, 0.0000000000000000000, -1.000000000000000000 ) ) ;
#1559 = AXIS2_PLACEMENT_3D ( 'NONE', #4451, #3600, #4494 ) ;
#1560 = LINE ( 'NONE', #4666, #2993 ) ;
#1561 = CLOSED_SHELL ( 'NONE', ( #4845, #3617, #1633, #2656, #1792, #2367 ) ) ;
#1562 = ORIENTED_EDGE ( 'NONE', *, *, #305, .T. ) ;
#1563 = DIRECTION ( 'NONE',  ( 8.413408858487510600E-014, -0.0000000000000000000, -1.000000000000000000 ) ) ;
#1564 = ADVANCED_FACE ( 'NONE', ( #2097 ), #1955, .F. ) ;
#1565 = LINE ( 'NONE', #4980, #1502 ) ;
#1566 = CARTESIAN_POINT ( 'NONE',  ( 1.049999999999994500, 0.1000000000000000100, 0.6250000000000021100 ) ) ;
#1567 = DIRECTION ( 'NONE',  ( -0.0000000000000000000, -0.0000000000000000000, 1.000000000000000000 ) ) ;
#1568 = VECTOR ( 'NONE', #2270, 1000.000000000000000 ) ;
#1569 = EDGE_CURVE ( 'NONE', #1837, #580, #1721, .T. ) ;
#1570 = FACE_OUTER_BOUND ( 'NONE', #5116, .T. ) ;
#1571 = CARTESIAN_POINT ( 'NONE',  ( 0.1250000000000001100, 0.1000000000000000100, 1.050000000000000000 ) ) ;
#1572 = ORIENTED_EDGE ( 'NONE', *, *, #1020, .T. ) ;
#1573 = LINE ( 'NONE', #3535, #5127 ) ;
#1574 = ORIENTED_EDGE ( 'NONE', *, *, #4968, .T. ) ;
#1575 = VERTEX_POINT ( 'NONE', #5221 ) ;
#1576 = DIRECTION ( 'NONE',  ( 1.000000000000000000, 0.0000000000000000000, -6.847592668329805800E-016 ) ) ;
#1577 = EDGE_CURVE ( 'NONE', #5175, #329, #4817, .T. ) ;
#1578 =( LENGTH_UNIT ( ) NAMED_UNIT ( * ) SI_UNIT ( .MILLI., .METRE. ) );
#1579 = AXIS2_PLACEMENT_3D ( 'NONE', #3348, #1724, #2544 ) ;
#1580 = VECTOR ( 'NONE', #5135, 1000.000000000000000 ) ;
#1581 = VECTOR ( 'NONE', #5066, 1000.000000000000000 ) ;
#1582 = ORIENTED_EDGE ( 'NONE', *, *, #3217, .F. ) ;
#1583 = DIRECTION ( 'NONE',  ( 9.130123557772670100E-016, 0.0000000000000000000, -1.000000000000000000 ) ) ;
#1584 = LINE ( 'NONE', #1642, #2204 ) ;
#1585 = ADVANCED_FACE ( 'NONE', ( #3867 ), #2835, .F. ) ;
#1586 = EDGE_CURVE ( 'NONE', #2139, #2219, #1481, .T. ) ;
#1587 = ORIENTED_EDGE ( 'NONE', *, *, #2008, .F. ) ;
#1588 = DIRECTION ( 'NONE',  ( 1.000000000000000000, 0.0000000000000000000, -1.334402673828313300E-016 ) ) ;
#1589 = ORIENTED_EDGE ( 'NONE', *, *, #4591, .F. ) ;
#1590 = ORIENTED_EDGE ( 'NONE', *, *, #4038, .F. ) ;
#1591 = VECTOR ( 'NONE', #4361, 1000.000000000000000 ) ;
#1592 = ADVANCED_FACE ( 'NONE', ( #1343 ), #4887, .F. ) ;
#1593 = AXIS2_PLACEMENT_3D ( 'NONE', #238, #2256, #645 ) ;
#1594 = CARTESIAN_POINT ( 'NONE',  ( 1.050000000000015600, 0.1000000000000000100, 0.3750000000000019400 ) ) ;
#1595 = DIRECTION ( 'NONE',  ( -0.0000000000000000000, -1.000000000000000000, -0.0000000000000000000 ) ) ;
#1596 = CARTESIAN_POINT ( 'NONE',  ( 1.049999999999978700, 0.1000000000000000100, -0.8749999999999980000 ) ) ;
#1597 = VERTEX_POINT ( 'NONE', #1615 ) ;
#1598 = FACE_OUTER_BOUND ( 'NONE', #2170, .T. ) ;
#1599 = LINE ( 'NONE', #1538, #4427 ) ;
#1600 = EDGE_CURVE ( 'NONE', #2337, #4491, #1215, .T. ) ;
#1601 = CARTESIAN_POINT ( 'NONE',  ( -0.6249999999999998900, 0.0000000000000000000, 1.399999999999999900 ) ) ;
#1602 = LINE ( 'NONE', #827, #3595 ) ;
#1603 = CARTESIAN_POINT ( 'NONE',  ( 1.049999999999994500, 0.0000000000000000000, 0.6250000000000021100 ) ) ;
#1604 = VERTEX_POINT ( 'NONE', #429 ) ;
#1605 = EDGE_CURVE ( 'NONE', #4656, #133, #55, .T. ) ;
#1606 = PLANE ( 'NONE',  #61 ) ;
#1607 = PLANE ( 'NONE',  #3785 ) ;
#1608 = PLANE ( 'NONE',  #3028 ) ;
#1609 = ORIENTED_EDGE ( 'NONE', *, *, #2732, .T. ) ;
#1610 = LINE ( 'NONE', #112, #1036 ) ;
#1611 = EDGE_CURVE ( 'NONE', #1709, #3506, #3928, .T. ) ;
#1612 = PLANE ( 'NONE',  #2867 ) ;
#1613 = ORIENTED_EDGE ( 'NONE', *, *, #2142, .F. ) ;
#1614 = VECTOR ( 'NONE', #3034, 1000.000000000000000 ) ;
#1615 = CARTESIAN_POINT ( 'NONE',  ( -1.050000000000010300, 0.1000000000000000100, -0.1249999999999980600 ) ) ;
#1616 = DIRECTION ( 'NONE',  ( 1.334402673828313300E-016, -0.0000000000000000000, 1.000000000000000000 ) ) ;
#1617 = ORIENTED_EDGE ( 'NONE', *, *, #3175, .T. ) ;
#1618 = EDGE_LOOP ( 'NONE', ( #855, #567, #4827, #935 ) ) ;
#1619 = ORIENTED_EDGE ( 'NONE', *, *, #987, .T. ) ;
#1620 = LINE ( 'NONE', #2169, #530 ) ;
#1621 = CARTESIAN_POINT ( 'NONE',  ( -1.050000000000005200, 0.1000000000000000100, -0.6249999999999981100 ) ) ;
#1622 = DIRECTION ( 'NONE',  ( 0.0000000000000000000, 0.0000000000000000000, 1.000000000000000000 ) ) ;
#1623 = CARTESIAN_POINT ( 'NONE',  ( 1.524999999999978600, 0.0000000000000000000, -0.8749999999999984500 ) ) ;
#1624 = ORIENTED_EDGE ( 'NONE', *, *, #2408, .F. ) ;
#1625 = VERTEX_POINT ( 'NONE', #390 ) ;
#1626 = PRESENTATION_STYLE_ASSIGNMENT (( #717 ) ) ;
#1627 = AXIS2_PLACEMENT_3D ( 'NONE', #205, #5093, #1919 ) ;
#1628 = VECTOR ( 'NONE', #376, 1000.000000000000000 ) ;
#1629 = ORIENTED_EDGE ( 'NONE', *, *, #2380, .T. ) ;
#1630 = LINE ( 'NONE', #3311, #4796 ) ;
#1631 = FACE_OUTER_BOUND ( 'NONE', #2229, .T. ) ;
#1632 = ORIENTED_EDGE ( 'NONE', *, *, #1780, .T. ) ;
#1633 = ADVANCED_FACE ( 'NONE', ( #1845 ), #2451, .F. ) ;
#1634 = CARTESIAN_POINT ( 'NONE',  ( -0.3749999999999998900, 0.1000000000000000100, -1.050000000000000000 ) ) ;
#1635 = ORIENTED_EDGE ( 'NONE', *, *, #1674, .F. ) ;
#1636 = EDGE_CURVE ( 'NONE', #5211, #3448, #2092, .T. ) ;
#1637 = CARTESIAN_POINT ( 'NONE',  ( -0.3749999999999998900, 0.1000000000000000100, -1.050000000000000000 ) ) ;
#1638 = ORIENTED_EDGE ( 'NONE', *, *, #3002, .F. ) ;
#1639 = FACE_OUTER_BOUND ( 'NONE', #3701, .T. ) ;
#1640 = ORIENTED_EDGE ( 'NONE', *, *, #1399, .T. ) ;
#1641 = EDGE_LOOP ( 'NONE', ( #4947, #4069, #2622, #3333 ) ) ;
#1642 = CARTESIAN_POINT ( 'NONE',  ( -1.050000000000015600, 0.0000000000000000000, 0.3750000000000019400 ) ) ;
#1643 = DIRECTION ( 'NONE',  ( -0.0000000000000000000, -0.0000000000000000000, 1.000000000000000000 ) ) ;
#1644 = FILL_AREA_STYLE ('',( #1201 ) ) ;
#1645 = EDGE_CURVE ( 'NONE', #4686, #143, #762, .T. ) ;
#1646 = ORIENTED_EDGE ( 'NONE', *, *, #4654, .F. ) ;
#1647 = LINE ( 'NONE', #2550, #2453 ) ;
#1648 = DIRECTION ( 'NONE',  ( -1.000000000000000000, 0.0000000000000000000, 1.334402673828313300E-016 ) ) ;
#1649 = DIRECTION ( 'NONE',  ( -1.000000000000000000, 0.0000000000000000000, -9.130123557772670100E-016 ) ) ;
#1650 = AXIS2_PLACEMENT_3D ( 'NONE', #4265, #5053, #4642 ) ;
#1651 = ORIENTED_EDGE ( 'NONE', *, *, #3248, .T. ) ;
#1652 = ORIENTED_EDGE ( 'NONE', *, *, #227, .T. ) ;
#1653 = VECTOR ( 'NONE', #4619, 1000.000000000000000 ) ;
#1654 = DIRECTION ( 'NONE',  ( -0.0000000000000000000, 0.0000000000000000000, -1.000000000000000000 ) ) ;
#1655 = CARTESIAN_POINT ( 'NONE',  ( -1.524999999999999700, 0.0000000000000000000, 1.125000000000001600 ) ) ;
#1656 = VECTOR ( 'NONE', #973, 1000.000000000000000 ) ;
#1657 = ORIENTED_EDGE ( 'NONE', *, *, #2218, .T. ) ;
#1658 =( LENGTH_UNIT ( ) NAMED_UNIT ( * ) SI_UNIT ( .MILLI., .METRE. ) );
#1659 = DIRECTION ( 'NONE',  ( 1.000000000000000000, 0.0000000000000000000, 6.847592668329805800E-016 ) ) ;
#1660 = DIRECTION ( 'NONE',  ( -0.0000000000000000000, -1.000000000000000000, -0.0000000000000000000 ) ) ;
#1661 = DIRECTION ( 'NONE',  ( 1.000000000000000000, 0.0000000000000000000, -6.847592668329805800E-016 ) ) ;
#1662 = LINE ( 'NONE', #1136, #1220 ) ;
#1663 = CARTESIAN_POINT ( 'NONE',  ( -1.524999999999989300, 0.0000000000000000000, -0.1249999999999983800 ) ) ;
#1664 = ADVANCED_FACE ( 'NONE', ( #1598 ), #834, .F. ) ;
#1665 = CARTESIAN_POINT ( 'NONE',  ( 1.050000000000015600, 0.0000000000000000000, 0.3750000000000019400 ) ) ;
#1666 = EDGE_CURVE ( 'NONE', #4810, #4491, #3721, .T. ) ;
#1667 = AXIS2_PLACEMENT_3D ( 'NONE', #1926, #4779, #753 ) ;
#1668 = CARTESIAN_POINT ( 'NONE',  ( 1.524999999999984100, 0.0000000000000000000, -0.6249999999999983300 ) ) ;
#1669 = CARTESIAN_POINT ( 'NONE',  ( 1.049999999999989400, 0.1000000000000000100, 0.1250000000000020500 ) ) ;
#1670 = DIRECTION ( 'NONE',  ( -1.000000000000000000, 0.0000000000000000000, -8.413408858487510600E-014 ) ) ;
#1671 = EDGE_LOOP ( 'NONE', ( #4791, #1807, #2444, #1425 ) ) ;
#1672 = FACE_OUTER_BOUND ( 'NONE', #2775, .T. ) ;
#1673 = UNCERTAINTY_MEASURE_WITH_UNIT (LENGTH_MEASURE( 1.000000000000000100E-005 ), #254, 'distance_accuracy_value', 'NONE');
#1674 = EDGE_CURVE ( 'NONE', #3789, #5258, #5213, .T. ) ;
#1675 = CARTESIAN_POINT ( 'NONE',  ( -1.049999999999999800, 0.1000000000000000100, -1.124999999999998000 ) ) ;
#1676 = VECTOR ( 'NONE', #882, 1000.000000000000000 ) ;
#1677 = DIRECTION ( 'NONE',  ( 0.0000000000000000000, -1.000000000000000000, 0.0000000000000000000 ) ) ;
#1678 = DIRECTION ( 'NONE',  ( 0.0000000000000000000, 1.000000000000000000, 0.0000000000000000000 ) ) ;
#1679 = ORIENTED_EDGE ( 'NONE', *, *, #3474, .F. ) ;
#1680 = ORIENTED_EDGE ( 'NONE', *, *, #3369, .F. ) ;
#1681 = DIRECTION ( 'NONE',  ( -0.0000000000000000000, 1.000000000000000000, -0.0000000000000000000 ) ) ;
#1682 = SURFACE_STYLE_FILL_AREA ( #2446 ) ;
#1683 = ORIENTED_EDGE ( 'NONE', *, *, #4848, .F. ) ;
#1684 = ORIENTED_EDGE ( 'NONE', *, *, #1522, .F. ) ;
#1685 = PLANE ( 'NONE',  #2018 ) ;
#1686 = LINE ( 'NONE', #3624, #1628 ) ;
#1687 = AXIS2_PLACEMENT_3D ( 'NONE', #1277, #4904, #793 ) ;
#1688 = ORIENTED_EDGE ( 'NONE', *, *, #2431, .T. ) ;
#1689 = ADVANCED_FACE ( 'NONE', ( #3588 ), #486, .F. ) ;
#1690 = LINE ( 'NONE', #2163, #4281 ) ;
#1691 = LINE ( 'NONE', #1744, #4219 ) ;
#1692 = PLANE ( 'NONE',  #3064 ) ;
#1693 = DIRECTION ( 'NONE',  ( 1.000000000000000000, 0.0000000000000000000, -6.847592668329805800E-016 ) ) ;
#1694 = ORIENTED_EDGE ( 'NONE', *, *, #2950, .T. ) ;
#1695 = EDGE_CURVE ( 'NONE', #1986, #4800, #1276, .T. ) ;
#1696 = FACE_OUTER_BOUND ( 'NONE', #1454, .T. ) ;
#1697 = ORIENTED_EDGE ( 'NONE', *, *, #3438, .T. ) ;
#1698 = VERTEX_POINT ( 'NONE', #901 ) ;
#1699 = DIRECTION ( 'NONE',  ( 1.000000000000000000, 0.0000000000000000000, -1.734723475976807100E-015 ) ) ;
#1700 = ORIENTED_EDGE ( 'NONE', *, *, #88, .F. ) ;
#1701 = CARTESIAN_POINT ( 'NONE',  ( 0.1250000000000001100, 0.1000000000000000100, -1.399999999999999700 ) ) ;
#1702 = FACE_OUTER_BOUND ( 'NONE', #3009, .T. ) ;
#1703 = EDGE_LOOP ( 'NONE', ( #4993, #5174, #4301, #1172 ) ) ;
#1704 = SURFACE_STYLE_USAGE ( .BOTH. , #4978 ) ;
#1705 = ORIENTED_EDGE ( 'NONE', *, *, #1359, .T. ) ;
#1706 = AXIS2_PLACEMENT_3D ( 'NONE', #164, #605, #1840 ) ;
#1707 = DIRECTION ( 'NONE',  ( -1.000000000000000000, 0.0000000000000000000, 0.0000000000000000000 ) ) ;
#1708 = FACE_OUTER_BOUND ( 'NONE', #2306, .T. ) ;
#1709 = VERTEX_POINT ( 'NONE', #1212 ) ;
#1710 = EDGE_LOOP ( 'NONE', ( #2981, #4941, #3073, #4462 ) ) ;
#1711 = DIRECTION ( 'NONE',  ( -0.0000000000000000000, 1.000000000000000000, -0.0000000000000000000 ) ) ;
#1712 = ORIENTED_EDGE ( 'NONE', *, *, #3164, .F. ) ;
#1713 = VECTOR ( 'NONE', #1419, 1000.000000000000000 ) ;
#1714 = EDGE_CURVE ( 'NONE', #2695, #249, #3402, .T. ) ;
#1715 = PLANE ( 'NONE',  #3924 ) ;
#1716 = ORIENTED_EDGE ( 'NONE', *, *, #2237, .F. ) ;
#1717 = ADVANCED_FACE ( 'NONE', ( #1019 ), #1685, .T. ) ;
#1718 = CARTESIAN_POINT ( 'NONE',  ( -1.050000000000020700, 0.1000000000000000100, 0.8750000000000020000 ) ) ;
#1719 = PRESENTATION_LAYER_ASSIGNMENT (  '', '', ( #4360 ) ) ;
#1720 = ORIENTED_EDGE ( 'NONE', *, *, #3085, .F. ) ;
#1721 = LINE ( 'NONE', #5187, #636 ) ;
#1722 = DIRECTION ( 'NONE',  ( -8.413408858487510600E-014, 0.0000000000000000000, 1.000000000000000000 ) ) ;
#1723 = VECTOR ( 'NONE', #688, 1000.000000000000000 ) ;
#1724 = DIRECTION ( 'NONE',  ( -1.000000000000000000, 0.0000000000000000000, 0.0000000000000000000 ) ) ;
#1725 = PLANE ( 'NONE',  #193 ) ;
#1726 = ORIENTED_EDGE ( 'NONE', *, *, #3742, .T. ) ;
#1727 = VECTOR ( 'NONE', #150, 1000.000000000000000 ) ;
#1728 = CARTESIAN_POINT ( 'NONE',  ( 0.6250000000000001100, 0.0000000000000000000, -1.400000000000000400 ) ) ;
#1729 = DIRECTION ( 'NONE',  ( 1.000000000000000000, 0.0000000000000000000, 8.413408858487510600E-014 ) ) ;
#1730 = CARTESIAN_POINT ( 'NONE',  ( 1.049999999999978700, 0.0000000000000000000, -0.8749999999999980000 ) ) ;
#1731 = EDGE_CURVE ( 'NONE', #857, #1523, #4946, .T. ) ;
#1732 = AXIS2_PLACEMENT_3D ( 'NONE', #1623, #380, #805 ) ;
#1733 = VECTOR ( 'NONE', #4002, 1000.000000000000000 ) ;
#1734 = CARTESIAN_POINT ( 'NONE',  ( 1.524999999999978600, 0.1000000000000000100, -0.8749999999999984500 ) ) ;
#1735 = CARTESIAN_POINT ( 'NONE',  ( -0.6249999999999998900, 0.1000000000000000100, -1.050000000000000000 ) ) ;
#1736 =( NAMED_UNIT ( * ) PLANE_ANGLE_UNIT ( ) SI_UNIT ( $, .RADIAN. ) );
#1737 = ORIENTED_EDGE ( 'NONE', *, *, #3345, .F. ) ;
#1738 = LINE ( 'NONE', #5092, #3054 ) ;
#1739 = ADVANCED_FACE ( 'NONE', ( #3863 ), #3716, .F. ) ;
#1740 = EDGE_CURVE ( 'NONE', #2546, #18, #502, .T. ) ;
#1741 = CARTESIAN_POINT ( 'NONE',  ( -1.049999999999989400, 0.1000000000000000100, 0.1250000000000020500 ) ) ;
#1742 = AXIS2_PLACEMENT_3D ( 'NONE', #1369, #991, #3393 ) ;
#1743 = ORIENTED_EDGE ( 'NONE', *, *, #5030, .T. ) ;
#1744 = CARTESIAN_POINT ( 'NONE',  ( -1.524999999999984100, 0.1000000000000000100, -0.3749999999999983900 ) ) ;
#1745 = ORIENTED_EDGE ( 'NONE', *, *, #3449, .T. ) ;
#1746 = DIRECTION ( 'NONE',  ( 0.0000000000000000000, -1.000000000000000000, 0.0000000000000000000 ) ) ;
#1747 = LINE ( 'NONE', #3733, #1437 ) ;
#1748 = EDGE_CURVE ( 'NONE', #4742, #2996, #2462, .T. ) ;
#1749 = FILL_AREA_STYLE_COLOUR ( '', #930 ) ;
#1750 = VERTEX_POINT ( 'NONE', #2141 ) ;
#1751 = ORIENTED_EDGE ( 'NONE', *, *, #324, .T. ) ;
#1752 = LINE ( 'NONE', #4381, #4597 ) ;
#1753 = FACE_OUTER_BOUND ( 'NONE', #359, .T. ) ;
#1754 = VERTEX_POINT ( 'NONE', #4579 ) ;
#1755 = CARTESIAN_POINT ( 'NONE',  ( 1.524999999999978600, 0.0000000000000000000, -1.124999999999998400 ) ) ;
#1756 = CARTESIAN_POINT ( 'NONE',  ( -0.3749999999999998900, 0.0000000000000000000, 1.400000000000000400 ) ) ;
#1757 = ORIENTED_EDGE ( 'NONE', *, *, #1350, .F. ) ;
#1758 = LINE ( 'NONE', #841, #4991 ) ;
#1759 = AXIS2_PLACEMENT_3D ( 'NONE', #4550, #4097, #2539 ) ;
#1760 = VECTOR ( 'NONE', #2021, 1000.000000000000000 ) ;
#1761 = ORIENTED_EDGE ( 'NONE', *, *, #3011, .T. ) ;
#1762 = DIRECTION ( 'NONE',  ( -0.0000000000000000000, -0.0000000000000000000, 1.000000000000000000 ) ) ;
#1763 = ORIENTED_EDGE ( 'NONE', *, *, #4186, .F. ) ;
#1764 = EDGE_LOOP ( 'NONE', ( #2575, #673, #1737, #1632 ) ) ;
#1765 = LINE ( 'NONE', #2186, #1581 ) ;
#1766 = ORIENTED_EDGE ( 'NONE', *, *, #333, .T. ) ;
#1767 = DIRECTION ( 'NONE',  ( -0.0000000000000000000, 1.000000000000000000, -0.0000000000000000000 ) ) ;
#1768 = ORIENTED_EDGE ( 'NONE', *, *, #1257, .T. ) ;
#1769 = EDGE_CURVE ( 'NONE', #18, #5274, #3653, .T. ) ;
#1770 = MANIFOLD_SOLID_BREP ( 'Boss-Extrude2[9]', #1861 ) ;
#1771 = AXIS2_PLACEMENT_3D ( 'NONE', #4215, #1357, #2215 ) ;
#1772 = ADVANCED_FACE ( 'NONE', ( #4047 ), #4137, .F. ) ;
#1773 = ORIENTED_EDGE ( 'NONE', *, *, #3050, .T. ) ;
#1774 = CARTESIAN_POINT ( 'NONE',  ( 0.6250000000000001100, 0.0000000000000000000, 1.400000000000000400 ) ) ;
#1775 = LINE ( 'NONE', #1143, #2828 ) ;
#1776 = EDGE_CURVE ( 'NONE', #1499, #3707, #2653, .T. ) ;
#1777 =( NAMED_UNIT ( * ) SI_UNIT ( $, .STERADIAN. ) SOLID_ANGLE_UNIT ( ) );
#1778 = VECTOR ( 'NONE', #4575, 1000.000000000000000 ) ;
#1779 = CARTESIAN_POINT ( 'NONE',  ( -1.524999999999994400, 0.0000000000000000000, 0.3750000000000016100 ) ) ;
#1780 = EDGE_CURVE ( 'NONE', #3969, #2075, #4697, .T. ) ;
#1781 = CARTESIAN_POINT ( 'NONE',  ( 1.050000000000010300, 0.0000000000000000000, -0.1249999999999980600 ) ) ;
#1782 = VECTOR ( 'NONE', #114, 1000.000000000000000 ) ;
#1783 = CARTESIAN_POINT ( 'NONE',  ( -0.3749999999999998900, 0.1000000000000000100, 1.050000000000000000 ) ) ;
#1784 =( NAMED_UNIT ( * ) SI_UNIT ( $, .STERADIAN. ) SOLID_ANGLE_UNIT ( ) );
#1785 = CARTESIAN_POINT ( 'NONE',  ( 1.050000000000005200, 0.1000000000000000100, -0.6249999999999981100 ) ) ;
#1786 = VECTOR ( 'NONE', #1530, 1000.000000000000000 ) ;
#1787 = CARTESIAN_POINT ( 'NONE',  ( -1.049999999999999800, 0.0000000000000000000, 1.125000000000002000 ) ) ;
#1788 = PLANE ( 'NONE',  #2992 ) ;
#1789 = CARTESIAN_POINT ( 'NONE',  ( 0.3750000000000001100, 0.0000000000000000000, -1.399999999999999900 ) ) ;
#1790 = FACE_OUTER_BOUND ( 'NONE', #4404, .T. ) ;
#1791 = DIRECTION ( 'NONE',  ( -0.0000000000000000000, -0.0000000000000000000, 1.000000000000000000 ) ) ;
#1792 = ADVANCED_FACE ( 'NONE', ( #1476 ), #2556, .T. ) ;
#1793 = DIRECTION ( 'NONE',  ( 0.0000000000000000000, 0.0000000000000000000, 1.000000000000000000 ) ) ;
#1794 = STYLED_ITEM ( 'NONE', ( #4418 ), #2216 ) ;
#1795 =( LENGTH_UNIT ( ) NAMED_UNIT ( * ) SI_UNIT ( .MILLI., .METRE. ) );
#1796 = ORIENTED_EDGE ( 'NONE', *, *, #1326, .F. ) ;
#1797 = EDGE_CURVE ( 'NONE', #2681, #3202, #956, .T. ) ;
#1798 = ORIENTED_EDGE ( 'NONE', *, *, #3345, .T. ) ;
#1799 = LINE ( 'NONE', #189, #2547 ) ;
#1800 = DIRECTION ( 'NONE',  ( 1.000000000000000000, 0.0000000000000000000, -6.847592668329805800E-016 ) ) ;
#1801 = CARTESIAN_POINT ( 'NONE',  ( 0.3750000000000001100, 0.0000000000000000000, -1.050000000000000000 ) ) ;
#1802 = DIRECTION ( 'NONE',  ( 0.0000000000000000000, 0.0000000000000000000, 1.000000000000000000 ) ) ;
#1803 = CARTESIAN_POINT ( 'NONE',  ( 1.049999999999999800, 0.0000000000000000000, 1.125000000000002000 ) ) ;
#1804 = EDGE_CURVE ( 'NONE', #883, #3750, #1911, .T. ) ;
#1805 = DIRECTION ( 'NONE',  ( 1.000000000000000000, 0.0000000000000000000, 6.847592668329805800E-016 ) ) ;
#1806 = EDGE_LOOP ( 'NONE', ( #1402, #4244, #453, #812 ) ) ;
#1807 = ORIENTED_EDGE ( 'NONE', *, *, #3636, .F. ) ;
#1808 = DIRECTION ( 'NONE',  ( 0.0000000000000000000, -0.0000000000000000000, -1.000000000000000000 ) ) ;
#1809 =( LENGTH_UNIT ( ) NAMED_UNIT ( * ) SI_UNIT ( .MILLI., .METRE. ) );
#1810 = VECTOR ( 'NONE', #4269, 1000.000000000000000 ) ;
#1811 = ORIENTED_EDGE ( 'NONE', *, *, #5151, .F. ) ;
#1812 = EDGE_LOOP ( 'NONE', ( #3764, #3770, #2260, #4492 ) ) ;
#1813 = VERTEX_POINT ( 'NONE', #3378 ) ;
#1814 = EDGE_CURVE ( 'NONE', #583, #2928, #1146, .T. ) ;
#1815 = CARTESIAN_POINT ( 'NONE',  ( -1.049999999999989400, 0.1000000000000000100, 0.1250000000000020500 ) ) ;
#1816 = FACE_OUTER_BOUND ( 'NONE', #1671, .T. ) ;
#1817 = CARTESIAN_POINT ( 'NONE',  ( -1.050000000000015600, 0.1000000000000000100, 0.3750000000000019400 ) ) ;
#1818 = SURFACE_STYLE_FILL_AREA ( #1079 ) ;
#1819 = VECTOR ( 'NONE', #4267, 1000.000000000000000 ) ;
#1820 = ADVANCED_FACE ( 'NONE', ( #2594 ), #5048, .F. ) ;
#1821 = CARTESIAN_POINT ( 'NONE',  ( -0.3749999999999998900, 0.1000000000000000100, -1.400000000000000400 ) ) ;
#1822 = ORIENTED_EDGE ( 'NONE', *, *, #3722, .T. ) ;
#1823 = VECTOR ( 'NONE', #1, 1000.000000000000000 ) ;
#1824 = LINE ( 'NONE', #787, #931 ) ;
#1825 = ORIENTED_EDGE ( 'NONE', *, *, #5239, .F. ) ;
#1826 = VERTEX_POINT ( 'NONE', #591 ) ;
#1827 = DIRECTION ( 'NONE',  ( 0.0000000000000000000, -0.0000000000000000000, -1.000000000000000000 ) ) ;
#1828 = PRESENTATION_LAYER_ASSIGNMENT (  '', '', ( #2293 ) ) ;
#1829 = LINE ( 'NONE', #3052, #3388 ) ;
#1830 = CARTESIAN_POINT ( 'NONE',  ( 1.050000000000005200, 0.1000000000000000100, -0.6249999999999981100 ) ) ;
#1831 = ORIENTED_EDGE ( 'NONE', *, *, #3568, .F. ) ;
#1832 = PLANE ( 'NONE',  #1627 ) ;
#1833 = VECTOR ( 'NONE', #3606, 1000.000000000000000 ) ;
#1834 = CLOSED_SHELL ( 'NONE', ( #1346, #913, #1977, #188, #3226, #480 ) ) ;
#1835 = EDGE_CURVE ( 'NONE', #3909, #1957, #2838, .T. ) ;
#1836 = CARTESIAN_POINT ( 'NONE',  ( -1.524999999999994400, 0.0000000000000000000, 0.3750000000000016100 ) ) ;
#1837 = VERTEX_POINT ( 'NONE', #3030 ) ;
#1838 = DIRECTION ( 'NONE',  ( -0.0000000000000000000, -1.000000000000000000, -0.0000000000000000000 ) ) ;
#1839 = ORIENTED_EDGE ( 'NONE', *, *, #4091, .F. ) ;
#1840 = DIRECTION ( 'NONE',  ( 0.0000000000000000000, -0.0000000000000000000, -1.000000000000000000 ) ) ;
#1841 = PLANE ( 'NONE',  #2751 ) ;
#1842 = DIRECTION ( 'NONE',  ( -0.0000000000000000000, 1.000000000000000000, -0.0000000000000000000 ) ) ;
#1843 = ORIENTED_EDGE ( 'NONE', *, *, #3438, .F. ) ;
#1844 = ORIENTED_EDGE ( 'NONE', *, *, #950, .T. ) ;
#1845 = FACE_OUTER_BOUND ( 'NONE', #2823, .T. ) ;
#1846 = EDGE_CURVE ( 'NONE', #2800, #1986, #2968, .T. ) ;
#1847 = AXIS2_PLACEMENT_3D ( 'NONE', #4684, #4235, #622 ) ;
#1848 = CARTESIAN_POINT ( 'NONE',  ( -1.524999999999994400, 0.1000000000000000100, 0.6250000000000016700 ) ) ;
#1849 = ADVANCED_FACE ( 'NONE', ( #4634 ), #2242, .F. ) ;
#1850 = DIRECTION ( 'NONE',  ( 0.0000000000000000000, -0.0000000000000000000, -1.000000000000000000 ) ) ;
#1851 = LINE ( 'NONE', #5203, #4951 ) ;
#1852 =( LENGTH_UNIT ( ) NAMED_UNIT ( * ) SI_UNIT ( .MILLI., .METRE. ) );
#1853 = DIRECTION ( 'NONE',  ( -0.0000000000000000000, -0.0000000000000000000, -1.000000000000000000 ) ) ;
#1854 = EDGE_CURVE ( 'NONE', #113, #1035, #1272, .T. ) ;
#1855 = ORIENTED_EDGE ( 'NONE', *, *, #1915, .F. ) ;
#1856 = FACE_OUTER_BOUND ( 'NONE', #180, .T. ) ;
#1857 = PLANE ( 'NONE',  #3822 ) ;
#1858 = DIRECTION ( 'NONE',  ( -0.0000000000000000000, -0.0000000000000000000, -1.000000000000000000 ) ) ;
#1859 = FACE_OUTER_BOUND ( 'NONE', #2304, .T. ) ;
#1860 = SURFACE_STYLE_USAGE ( .BOTH. , #3411 ) ;
#1861 = CLOSED_SHELL ( 'NONE', ( #395, #3233, #831, #1849, #3857, #3915 ) ) ;
#1862 = VECTOR ( 'NONE', #4042, 1000.000000000000000 ) ;
#1863 = CARTESIAN_POINT ( 'NONE',  ( -1.049999999999978700, 0.0000000000000000000, -0.8749999999999980000 ) ) ;
#1864 = EDGE_CURVE ( 'NONE', #69, #3949, #3531, .T. ) ;
#1865 = CARTESIAN_POINT ( 'NONE',  ( -1.524999999999994400, 0.1000000000000000100, 0.6250000000000016700 ) ) ;
#1866 = EDGE_LOOP ( 'NONE', ( #1332, #4171, #1268, #2128 ) ) ;
#1867 = VECTOR ( 'NONE', #312, 1000.000000000000000 ) ;
#1868 = PLANE ( 'NONE',  #641 ) ;
#1869 = VECTOR ( 'NONE', #91, 1000.000000000000000 ) ;
#1870 = FILL_AREA_STYLE_COLOUR ( '', #244 ) ;
#1871 = EDGE_LOOP ( 'NONE', ( #3841, #4000, #5236, #3451 ) ) ;
#1872 = ORIENTED_EDGE ( 'NONE', *, *, #536, .F. ) ;
#1873 = ADVANCED_FACE ( 'NONE', ( #2152 ), #3811, .T. ) ;
#1874 = SURFACE_SIDE_STYLE ('',( #5257 ) ) ;
#1875 = EDGE_CURVE ( 'NONE', #3113, #3567, #1087, .T. ) ;
#1876 = PLANE ( 'NONE',  #1593 ) ;
#1877 = LINE ( 'NONE', #4711, #3186 ) ;
#1878 = ORIENTED_EDGE ( 'NONE', *, *, #5002, .T. ) ;
#1879 = CARTESIAN_POINT ( 'NONE',  ( 0.6250000000000001100, 0.1000000000000000100, -1.400000000000000400 ) ) ;
#1880 = FACE_OUTER_BOUND ( 'NONE', #2011, .T. ) ;
#1881 = CARTESIAN_POINT ( 'NONE',  ( 0.0000000000000000000, 0.1000000000000000100, 0.0000000000000000000 ) ) ;
#1882 = EDGE_CURVE ( 'NONE', #4, #651, #4309, .T. ) ;
#1883 = CARTESIAN_POINT ( 'NONE',  ( -1.049999999999999800, 0.1000000000000000100, 1.125000000000002000 ) ) ;
#1884 = ORIENTED_EDGE ( 'NONE', *, *, #2198, .T. ) ;
#1885 = LINE ( 'NONE', #1270, #5249 ) ;
#1886 = LINE ( 'NONE', #236, #39 ) ;
#1887 = ORIENTED_EDGE ( 'NONE', *, *, #2167, .T. ) ;
#1888 = ORIENTED_EDGE ( 'NONE', *, *, #3400, .T. ) ;
#1889 = ORIENTED_EDGE ( 'NONE', *, *, #467, .F. ) ;
#1890 = CARTESIAN_POINT ( 'NONE',  ( -0.6249999999999998900, 0.1000000000000000100, -1.050000000000000000 ) ) ;
#1891 = VECTOR ( 'NONE', #3427, 1000.000000000000000 ) ;
#1892 = VERTEX_POINT ( 'NONE', #4260 ) ;
#1893 = PLANE ( 'NONE',  #4574 ) ;
#1894 = ORIENTED_EDGE ( 'NONE', *, *, #2843, .F. ) ;
#1895 = DIRECTION ( 'NONE',  ( 0.0000000000000000000, -0.0000000000000000000, 1.000000000000000000 ) ) ;
#1896 = DIRECTION ( 'NONE',  ( -0.0000000000000000000, 1.000000000000000000, -0.0000000000000000000 ) ) ;
#1897 = LINE ( 'NONE', #1909, #4412 ) ;
#1898 = ORIENTED_EDGE ( 'NONE', *, *, #4859, .T. ) ;
#1899 = DIRECTION ( 'NONE',  ( 0.0000000000000000000, -1.000000000000000000, 0.0000000000000000000 ) ) ;
#1900 = LINE ( 'NONE', #731, #822 ) ;
#1901 = ADVANCED_FACE ( 'NONE', ( #368 ), #173, .F. ) ;
#1902 = DIRECTION ( 'NONE',  ( 1.000000000000000000, 0.0000000000000000000, -9.130123557772670100E-016 ) ) ;
#1903 = VERTEX_POINT ( 'NONE', #955 ) ;
#1904 = CARTESIAN_POINT ( 'NONE',  ( 1.049999999999999800, 0.1000000000000000100, 1.125000000000002000 ) ) ;
#1905 = ORIENTED_EDGE ( 'NONE', *, *, #556, .T. ) ;
#1906 = VECTOR ( 'NONE', #5010, 1000.000000000000000 ) ;
#1907 = EDGE_CURVE ( 'NONE', #5196, #1499, #3216, .T. ) ;
#1908 = PLANE ( 'NONE',  #2423 ) ;
#1909 = CARTESIAN_POINT ( 'NONE',  ( 0.6250000000000001100, 0.0000000000000000000, 1.050000000000000000 ) ) ;
#1910 = DIRECTION ( 'NONE',  ( 1.000000000000000000, 0.0000000000000000000, 9.130123557773074400E-016 ) ) ;
#1911 = LINE ( 'NONE', #507, #829 ) ;
#1912 = CARTESIAN_POINT ( 'NONE',  ( 1.524999999999999700, 0.0000000000000000000, 1.125000000000001600 ) ) ;
#1913 = ORIENTED_EDGE ( 'NONE', *, *, #2167, .F. ) ;
#1914 = CARTESIAN_POINT ( 'NONE',  ( 1.050000000000005200, 0.0000000000000000000, -0.6249999999999981100 ) ) ;
#1915 = EDGE_CURVE ( 'NONE', #3720, #5196, #3275, .T. ) ;
#1916 = PRESENTATION_LAYER_ASSIGNMENT (  '', '', ( #2174 ) ) ;
#1917 = FACE_OUTER_BOUND ( 'NONE', #2717, .T. ) ;
#1918 = CARTESIAN_POINT ( 'NONE',  ( -1.049999999999978700, -0.0000000000000000000, -0.8749999999999980000 ) ) ;
#1919 = DIRECTION ( 'NONE',  ( 0.0000000000000000000, -0.0000000000000000000, -1.000000000000000000 ) ) ;
#1920 = ORIENTED_EDGE ( 'NONE', *, *, #2172, .T. ) ;
#1921 = LINE ( 'NONE', #2296, #3806 ) ;
#1922 = ORIENTED_EDGE ( 'NONE', *, *, #1740, .T. ) ;
#1923 = LINE ( 'NONE', #4230, #1421 ) ;
#1924 = ADVANCED_FACE ( 'NONE', ( #2211 ), #1788, .F. ) ;
#1925 = DIRECTION ( 'NONE',  ( 1.000000000000000000, -0.0000000000000000000, -1.334402673828313300E-016 ) ) ;
#1926 = CARTESIAN_POINT ( 'NONE',  ( 0.0000000000000000000, 0.1000000000000000100, 0.0000000000000000000 ) ) ;
#1927 = UNCERTAINTY_MEASURE_WITH_UNIT (LENGTH_MEASURE( 1.000000000000000100E-005 ), #1658, 'distance_accuracy_value', 'NONE');
#1928 = ORIENTED_EDGE ( 'NONE', *, *, #4822, .F. ) ;
#1929 = FACE_OUTER_BOUND ( 'NONE', #1938, .T. ) ;
#1930 = DIRECTION ( 'NONE',  ( -1.000000000000000000, 0.0000000000000000000, 0.0000000000000000000 ) ) ;
#1931 = DIRECTION ( 'NONE',  ( 1.000000000000000000, 0.0000000000000000000, -8.413408858487510600E-014 ) ) ;
#1932 = EDGE_LOOP ( 'NONE', ( #979, #2122, #4366, #126 ) ) ;
#1933 = ORIENTED_EDGE ( 'NONE', *, *, #4372, .T. ) ;
#1934 = PLANE ( 'NONE',  #2418 ) ;
#1935 = EDGE_CURVE ( 'NONE', #1148, #4728, #1403, .T. ) ;
#1936 = MECHANICAL_DESIGN_GEOMETRIC_PRESENTATION_REPRESENTATION (  '', ( #744 ), #90 ) ;
#1937 = FACE_OUTER_BOUND ( 'NONE', #646, .T. ) ;
#1938 = EDGE_LOOP ( 'NONE', ( #3970, #4863, #2505, #4287 ) ) ;
#1939 = VECTOR ( 'NONE', #745, 1000.000000000000000 ) ;
#1940 = DIRECTION ( 'NONE',  ( 0.0000000000000000000, 1.000000000000000000, -0.0000000000000000000 ) ) ;
#1941 = DIRECTION ( 'NONE',  ( 1.000000000000000000, 0.0000000000000000000, -8.673617379884035500E-016 ) ) ;
#1942 = EDGE_CURVE ( 'NONE', #4557, #1837, #3153, .T. ) ;
#1943 = DIRECTION ( 'NONE',  ( -8.413408858487510600E-014, 0.0000000000000000000, 1.000000000000000000 ) ) ;
#1944 = AXIS2_PLACEMENT_3D ( 'NONE', #1157, #1616, #1588 ) ;
#1945 = VECTOR ( 'NONE', #2985, 1000.000000000000000 ) ;
#1946 = LINE ( 'NONE', #3365, #2748 ) ;
#1947 = ORIENTED_EDGE ( 'NONE', *, *, #1028, .F. ) ;
#1948 = FACE_OUTER_BOUND ( 'NONE', #3864, .T. ) ;
#1949 = DIRECTION ( 'NONE',  ( 0.0000000000000000000, -1.000000000000000000, 0.0000000000000000000 ) ) ;
#1950 = VECTOR ( 'NONE', #331, 1000.000000000000000 ) ;
#1951 = ORIENTED_EDGE ( 'NONE', *, *, #40, .F. ) ;
#1952 = EDGE_CURVE ( 'NONE', #459, #2335, #5012, .T. ) ;
#1953 = PLANE ( 'NONE',  #176 ) ;
#1954 = ORIENTED_EDGE ( 'NONE', *, *, #3285, .T. ) ;
#1955 = PLANE ( 'NONE',  #1391 ) ;
#1956 = CARTESIAN_POINT ( 'NONE',  ( 0.3750000000000001100, 0.0000000000000000000, 1.050000000000000000 ) ) ;
#1957 = VERTEX_POINT ( 'NONE', #1914 ) ;
#1958 = VECTOR ( 'NONE', #4586, 1000.000000000000000 ) ;
#1959 = EDGE_LOOP ( 'NONE', ( #613, #2480, #2035, #2007 ) ) ;
#1960 = AXIS2_PLACEMENT_3D ( 'NONE', #3131, #3517, #4316 ) ;
#1961 = FACE_OUTER_BOUND ( 'NONE', #1508, .T. ) ;
#1962 = CARTESIAN_POINT ( 'NONE',  ( 1.049999999999978700, 0.1000000000000000100, -0.8749999999999980000 ) ) ;
#1963 = ORIENTED_EDGE ( 'NONE', *, *, #1935, .T. ) ;
#1964 = ORIENTED_EDGE ( 'NONE', *, *, #5229, .F. ) ;
#1965 = VECTOR ( 'NONE', #3954, 1000.000000000000000 ) ;
#1966 = EDGE_CURVE ( 'NONE', #4419, #5105, #1533, .T. ) ;
#1967 = CARTESIAN_POINT ( 'NONE',  ( 0.0000000000000000000, 0.1000000000000000100, 0.0000000000000000000 ) ) ;
#1968 = CARTESIAN_POINT ( 'NONE',  ( 1.049999999999984100, 0.1000000000000000100, -0.3749999999999979500 ) ) ;
#1969 = ORIENTED_EDGE ( 'NONE', *, *, #497, .F. ) ;
#1970 = VERTEX_POINT ( 'NONE', #2712 ) ;
#1971 = CARTESIAN_POINT ( 'NONE',  ( -1.049999999999994500, 0.1000000000000000100, 0.6250000000000021100 ) ) ;
#1972 = VECTOR ( 'NONE', #2127, 1000.000000000000000 ) ;
#1973 = CARTESIAN_POINT ( 'NONE',  ( 1.524999999999984100, 0.1000000000000000100, -0.3749999999999983900 ) ) ;
#1974 = DIRECTION ( 'NONE',  ( 1.000000000000000000, 0.0000000000000000000, -9.130123557773074400E-016 ) ) ;
#1975 = VECTOR ( 'NONE', #3952, 1000.000000000000000 ) ;
#1976 = EDGE_CURVE ( 'NONE', #1122, #718, #4628, .T. ) ;
#1977 = ADVANCED_FACE ( 'NONE', ( #2963 ), #1085, .F. ) ;
#1978 = EDGE_LOOP ( 'NONE', ( #4676, #1271, #4795, #4738 ) ) ;
#1979 = LINE ( 'NONE', #1426, #904 ) ;
#1980 = DIRECTION ( 'NONE',  ( 0.0000000000000000000, -0.0000000000000000000, 1.000000000000000000 ) ) ;
#1981 = DIRECTION ( 'NONE',  ( -6.847592668329805800E-016, 0.0000000000000000000, 1.000000000000000000 ) ) ;
#1982 = DIRECTION ( 'NONE',  ( 0.0000000000000000000, 0.0000000000000000000, -1.000000000000000000 ) ) ;
#1983 = EDGE_LOOP ( 'NONE', ( #1613, #3697, #4614, #225 ) ) ;
#1984 = PRESENTATION_STYLE_ASSIGNMENT (( #2882 ) ) ;
#1985 = DIRECTION ( 'NONE',  ( -6.847592668329805800E-016, 0.0000000000000000000, -1.000000000000000000 ) ) ;
#1986 = VERTEX_POINT ( 'NONE', #5163 ) ;
#1987 = LINE ( 'NONE', #724, #3744 ) ;
#1988 = DIRECTION ( 'NONE',  ( -0.0000000000000000000, -1.000000000000000000, -0.0000000000000000000 ) ) ;
#1989 = AXIS2_PLACEMENT_3D ( 'NONE', #1395, #3801, #5054 ) ;
#1990 = VECTOR ( 'NONE', #1022, 1000.000000000000000 ) ;
#1991 = VERTEX_POINT ( 'NONE', #703 ) ;
#1992 = ORIENTED_EDGE ( 'NONE', *, *, #1605, .T. ) ;
#1993 = LINE ( 'NONE', #2868, #2491 ) ;
#1994 = PLANE ( 'NONE',  #1266 ) ;
#1995 = CARTESIAN_POINT ( 'NONE',  ( 0.3750000000000001100, 0.0000000000000000000, -1.399999999999999900 ) ) ;
#1996 = EDGE_LOOP ( 'NONE', ( #1088, #513, #4723, #4862 ) ) ;
#1997 = CARTESIAN_POINT ( 'NONE',  ( -1.049999999999978700, 0.1000000000000000100, -0.8749999999999980000 ) ) ;
#1998 = LINE ( 'NONE', #1783, #33 ) ;
#1999 = EDGE_CURVE ( 'NONE', #1061, #1117, #3650, .T. ) ;
#2000 = LINE ( 'NONE', #3072, #2743 ) ;
#2001 = DIRECTION ( 'NONE',  ( 1.000000000000000000, 0.0000000000000000000, -9.130123557773074400E-016 ) ) ;
#2002 = CARTESIAN_POINT ( 'NONE',  ( -1.049999999999999800, 0.0000000000000000000, 1.125000000000002000 ) ) ;
#2003 = VERTEX_POINT ( 'NONE', #719 ) ;
#2004 = VECTOR ( 'NONE', #3110, 1000.000000000000000 ) ;
#2005 = ORIENTED_EDGE ( 'NONE', *, *, #2895, .F. ) ;
#2006 = DIRECTION ( 'NONE',  ( 0.0000000000000000000, 0.0000000000000000000, 1.000000000000000000 ) ) ;
#2007 = ORIENTED_EDGE ( 'NONE', *, *, #4794, .T. ) ;
#2008 = EDGE_CURVE ( 'NONE', #4750, #4203, #250, .T. ) ;
#2009 = LINE ( 'NONE', #4035, #101 ) ;
#2010 = VECTOR ( 'NONE', #1405, 1000.000000000000000 ) ;
#2011 = EDGE_LOOP ( 'NONE', ( #559, #4976, #5199, #2964 ) ) ;
#2012 = ORIENTED_EDGE ( 'NONE', *, *, #3611, .T. ) ;
#2013 = CARTESIAN_POINT ( 'NONE',  ( 1.524999999999989300, 0.0000000000000000000, -0.1249999999999983800 ) ) ;
#2014 = SURFACE_SIDE_STYLE ('',( #1682 ) ) ;
#2015 = VECTOR ( 'NONE', #1681, 1000.000000000000000 ) ;
#2016 = DIRECTION ( 'NONE',  ( 1.000000000000000000, -0.0000000000000000000, 0.0000000000000000000 ) ) ;
#2017 = LINE ( 'NONE', #2342, #2959 ) ;
#2018 = AXIS2_PLACEMENT_3D ( 'NONE', #3302, #1293, #4509 ) ;
#2019 = ADVANCED_FACE ( 'NONE', ( #885 ), #4809, .F. ) ;
#2020 = EDGE_LOOP ( 'NONE', ( #663, #4461, #2520, #1922 ) ) ;
#2021 = DIRECTION ( 'NONE',  ( 0.0000000000000000000, 0.0000000000000000000, -1.000000000000000000 ) ) ;
#2022 = DIRECTION ( 'NONE',  ( 0.0000000000000000000, 1.000000000000000000, -0.0000000000000000000 ) ) ;
#2023 = ORIENTED_EDGE ( 'NONE', *, *, #305, .F. ) ;
#2024 = PRESENTATION_STYLE_ASSIGNMENT (( #2955 ) ) ;
#2025 = FACE_OUTER_BOUND ( 'NONE', #3521, .T. ) ;
#2026 = CARTESIAN_POINT ( 'NONE',  ( 1.625000000000000200, 1.139999999999999900, -1.500000000000000200 ) ) ;
#2027 = EDGE_CURVE ( 'NONE', #3678, #1070, #2397, .T. ) ;
#2028 = DIRECTION ( 'NONE',  ( 0.0000000000000000000, -1.000000000000000000, 0.0000000000000000000 ) ) ;
#2029 = AXIS2_PLACEMENT_3D ( 'NONE', #3097, #5142, #1509 ) ;
#2030 = CARTESIAN_POINT ( 'NONE',  ( 1.049999999999994500, 0.1000000000000000100, 0.6250000000000021100 ) ) ;
#2031 = FACE_OUTER_BOUND ( 'NONE', #4595, .T. ) ;
#2032 = CARTESIAN_POINT ( 'NONE',  ( -0.3749999999999998900, 0.1000000000000000100, 1.399999999999999700 ) ) ;
#2033 = EDGE_CURVE ( 'NONE', #4208, #2757, #2087, .T. ) ;
#2034 = AXIS2_PLACEMENT_3D ( 'NONE', #1453, #3000, #2632 ) ;
#2035 = ORIENTED_EDGE ( 'NONE', *, *, #4896, .F. ) ;
#2036 = VECTOR ( 'NONE', #4191, 1000.000000000000000 ) ;
#2037 = CARTESIAN_POINT ( 'NONE',  ( 1.524999999999978600, 0.0000000000000000000, -0.8749999999999984500 ) ) ;
#2038 = ORIENTED_EDGE ( 'NONE', *, *, #5075, .F. ) ;
#2039 = EDGE_CURVE ( 'NONE', #4040, #723, #2834, .T. ) ;
#2040 = DIRECTION ( 'NONE',  ( 1.000000000000000000, 0.0000000000000000000, -6.847592668329805800E-016 ) ) ;
#2041 = EDGE_LOOP ( 'NONE', ( #3809, #1377, #1296, #96 ) ) ;
#2042 = CARTESIAN_POINT ( 'NONE',  ( 1.049999999999994500, 0.1000000000000000100, 0.6250000000000021100 ) ) ;
#2043 = DIRECTION ( 'NONE',  ( -1.000000000000000000, 0.0000000000000000000, 0.0000000000000000000 ) ) ;
#2044 = AXIS2_PLACEMENT_3D ( 'NONE', #68, #2892, #422 ) ;
#2045 = EDGE_LOOP ( 'NONE', ( #824, #1317, #910, #276 ) ) ;
#2046 = DIRECTION ( 'NONE',  ( -0.0000000000000000000, -1.000000000000000000, -0.0000000000000000000 ) ) ;
#2047 = UNCERTAINTY_MEASURE_WITH_UNIT (LENGTH_MEASURE( 1.000000000000000100E-005 ), #1328, 'distance_accuracy_value', 'NONE');
#2048 = ORIENTED_EDGE ( 'NONE', *, *, #1569, .T. ) ;
#2049 = ORIENTED_EDGE ( 'NONE', *, *, #1731, .F. ) ;
#2050 = CARTESIAN_POINT ( 'NONE',  ( -0.1249999999999998900, 0.1000000000000000100, 1.050000000000000000 ) ) ;
#2051 = ADVANCED_FACE ( 'NONE', ( #3336 ), #4733, .F. ) ;
#2052 = LINE ( 'NONE', #76, #3242 ) ;
#2053 = DIRECTION ( 'NONE',  ( -1.000000000000000000, 0.0000000000000000000, 8.673617379884035500E-016 ) ) ;
#2054 = FACE_OUTER_BOUND ( 'NONE', #3160, .T. ) ;
#2055 = DIRECTION ( 'NONE',  ( -1.000000000000000000, 0.0000000000000000000, 0.0000000000000000000 ) ) ;
#2056 = ORIENTED_EDGE ( 'NONE', *, *, #2218, .F. ) ;
#2057 = ORIENTED_EDGE ( 'NONE', *, *, #963, .T. ) ;
#2058 = LINE ( 'NONE', #2301, #3250 ) ;
#2059 = EDGE_CURVE ( 'NONE', #5094, #117, #3925, .T. ) ;
#2060 = DIRECTION ( 'NONE',  ( 0.0000000000000000000, 0.0000000000000000000, 1.000000000000000000 ) ) ;
#2061 = ORIENTED_EDGE ( 'NONE', *, *, #859, .F. ) ;
#2062 = LINE ( 'NONE', #1040, #338 ) ;
#2063 = LINE ( 'NONE', #3310, #4792 ) ;
#2064 = DIRECTION ( 'NONE',  ( 0.0000000000000000000, 0.0000000000000000000, 1.000000000000000000 ) ) ;
#2065 = CARTESIAN_POINT ( 'NONE',  ( 1.524999999999994400, 0.0000000000000000000, 0.3750000000000016100 ) ) ;
#2066 = EDGE_CURVE ( 'NONE', #3392, #1957, #2278, .T. ) ;
#2067 = PRESENTATION_LAYER_ASSIGNMENT (  '', '', ( #2433 ) ) ;
#2068 = ORIENTED_EDGE ( 'NONE', *, *, #5067, .T. ) ;
#2069 = SURFACE_STYLE_FILL_AREA ( #1644 ) ;
#2070 = VECTOR ( 'NONE', #1643, 1000.000000000000000 ) ;
#2071 = ORIENTED_EDGE ( 'NONE', *, *, #4654, .T. ) ;
#2072 = CARTESIAN_POINT ( 'NONE',  ( 1.524999999999978600, 0.1000000000000000100, -0.8749999999999984500 ) ) ;
#2073 = VERTEX_POINT ( 'NONE', #4088 ) ;
#2074 = CARTESIAN_POINT ( 'NONE',  ( -1.524999999999994400, 0.1000000000000000100, 0.3750000000000016100 ) ) ;
#2075 = VERTEX_POINT ( 'NONE', #70 ) ;
#2076 = DIRECTION ( 'NONE',  ( 0.0000000000000000000, 0.0000000000000000000, 1.000000000000000000 ) ) ;
#2077 = EDGE_CURVE ( 'NONE', #756, #2893, #2589, .T. ) ;
#2078 = DIRECTION ( 'NONE',  ( -0.0000000000000000000, 1.000000000000000000, -0.0000000000000000000 ) ) ;
#2079 = ORIENTED_EDGE ( 'NONE', *, *, #1334, .T. ) ;
#2080 = ADVANCED_FACE ( 'NONE', ( #1141 ), #20, .F. ) ;
#2081 = ORIENTED_EDGE ( 'NONE', *, *, #3799, .T. ) ;
#2082 = CARTESIAN_POINT ( 'NONE',  ( 0.0000000000000000000, 0.0000000000000000000, 0.0000000000000000000 ) ) ;
#2083 = SURFACE_STYLE_USAGE ( .BOTH. , #2014 ) ;
#2084 = AXIS2_PLACEMENT_3D ( 'NONE', #78, #4165, #4981 ) ;
#2085 = DIRECTION ( 'NONE',  ( -0.0000000000000000000, 1.000000000000000000, -0.0000000000000000000 ) ) ;
#2086 = ORIENTED_EDGE ( 'NONE', *, *, #743, .T. ) ;
#2087 = LINE ( 'NONE', #5265, #3023 ) ;
#2088 = ORIENTED_EDGE ( 'NONE', *, *, #3833, .F. ) ;
#2089 = PLANE ( 'NONE',  #4931 ) ;
#2090 = DIRECTION ( 'NONE',  ( -1.000000000000000000, 0.0000000000000000000, -8.673617379884035500E-016 ) ) ;
#2091 = ORIENTED_EDGE ( 'NONE', *, *, #1058, .T. ) ;
#2092 = LINE ( 'NONE', #2414, #572 ) ;
#2093 = CARTESIAN_POINT ( 'NONE',  ( -1.050000000000020700, 0.1000000000000000100, 0.8750000000000020000 ) ) ;
#2094 = EDGE_LOOP ( 'NONE', ( #3022, #1133, #4527, #1964 ) ) ;
#2095 = MECHANICAL_DESIGN_GEOMETRIC_PRESENTATION_REPRESENTATION (  '', ( #2293 ), #10 ) ;
#2096 =( NAMED_UNIT ( * ) SI_UNIT ( $, .STERADIAN. ) SOLID_ANGLE_UNIT ( ) );
#2097 = FACE_OUTER_BOUND ( 'NONE', #2045, .T. ) ;
#2098 = CARTESIAN_POINT ( 'NONE',  ( 1.524999999999989300, 0.0000000000000000000, 0.1250000000000016400 ) ) ;
#2099 = LINE ( 'NONE', #4778, #898 ) ;
#2100 = EDGE_CURVE ( 'NONE', #4443, #2398, #825, .T. ) ;
#2101 = AXIS2_PLACEMENT_3D ( 'NONE', #603, #585, #3403 ) ;
#2102 = DIRECTION ( 'NONE',  ( 1.000000000000000000, 0.0000000000000000000, -6.847592668329805800E-016 ) ) ;
#2103 = DIRECTION ( 'NONE',  ( -0.0000000000000000000, 1.000000000000000000, -0.0000000000000000000 ) ) ;
#2104 = ORIENTED_EDGE ( 'NONE', *, *, #3674, .T. ) ;
#2105 = LINE ( 'NONE', #3544, #199 ) ;
#2106 = ADVANCED_FACE ( 'NONE', ( #3095 ), #162, .T. ) ;
#2107 = EDGE_CURVE ( 'NONE', #1070, #5263, #5149, .T. ) ;
#2108 = DIRECTION ( 'NONE',  ( 1.000000000000000000, 0.0000000000000000000, 6.847592668329805800E-016 ) ) ;
#2109 = VERTEX_POINT ( 'NONE', #2914 ) ;
#2110 = VECTOR ( 'NONE', #5253, 1000.000000000000000 ) ;
#2111 = SURFACE_STYLE_USAGE ( .BOTH. , #908 ) ;
#2112 = PLANE ( 'NONE',  #2887 ) ;
#2113 = ORIENTED_EDGE ( 'NONE', *, *, #1504, .T. ) ;
#2114 = FACE_OUTER_BOUND ( 'NONE', #3061, .T. ) ;
#2115 = EDGE_CURVE ( 'NONE', #4343, #3448, #4493, .T. ) ;
#2116 = DIRECTION ( 'NONE',  ( 8.413408858487510600E-014, 0.0000000000000000000, -1.000000000000000000 ) ) ;
#2117 = DIRECTION ( 'NONE',  ( -1.000000000000000000, 0.0000000000000000000, 8.413408858487515700E-014 ) ) ;
#2118 = VECTOR ( 'NONE', #816, 1000.000000000000000 ) ;
#2119 = ORIENTED_EDGE ( 'NONE', *, *, #477, .F. ) ;
#2120 = DIRECTION ( 'NONE',  ( -1.000000000000000000, 0.0000000000000000000, -6.847592668329805800E-016 ) ) ;
#2121 = COLOUR_RGB ( '',0.7921568627450980000, 0.8196078431372548800, 0.9333333333333333500 ) ;
#2122 = ORIENTED_EDGE ( 'NONE', *, *, #1714, .F. ) ;
#2123 = LINE ( 'NONE', #1728, #1945 ) ;
#2124 = VECTOR ( 'NONE', #4856, 1000.000000000000000 ) ;
#2125 = DIRECTION ( 'NONE',  ( -0.0000000000000000000, -1.000000000000000000, -0.0000000000000000000 ) ) ;
#2126 = PLANE ( 'NONE',  #1400 ) ;
#2127 = DIRECTION ( 'NONE',  ( 1.000000000000000000, 0.0000000000000000000, -6.847592668329805800E-016 ) ) ;
#2128 = ORIENTED_EDGE ( 'NONE', *, *, #2548, .T. ) ;
#2129 = EDGE_CURVE ( 'NONE', #170, #538, #4044, .T. ) ;
#2130 = LINE ( 'NONE', #319, #4992 ) ;
#2131 = ORIENTED_EDGE ( 'NONE', *, *, #1100, .T. ) ;
#2132 = FILL_AREA_STYLE ('',( #1749 ) ) ;
#2133 = ORIENTED_EDGE ( 'NONE', *, *, #4919, .T. ) ;
#2134 = CARTESIAN_POINT ( 'NONE',  ( 1.049999999999978700, 0.1000000000000000100, -0.8749999999999980000 ) ) ;
#2135 = ADVANCED_FACE ( 'NONE', ( #310 ), #2515, .F. ) ;
#2136 = CARTESIAN_POINT ( 'NONE',  ( 1.524999999999978600, 0.1000000000000000100, -0.8749999999999984500 ) ) ;
#2137 = LINE ( 'NONE', #4406, #2326 ) ;
#2138 = FACE_OUTER_BOUND ( 'NONE', #4144, .T. ) ;
#2139 = VERTEX_POINT ( 'NONE', #557 ) ;
#2140 = ORIENTED_EDGE ( 'NONE', *, *, #2980, .T. ) ;
#2141 = CARTESIAN_POINT ( 'NONE',  ( 1.625000000000000200, 0.1999999999999999800, -1.500000000000000200 ) ) ;
#2142 = EDGE_CURVE ( 'NONE', #3419, #594, #3790, .T. ) ;
#2143 = CARTESIAN_POINT ( 'NONE',  ( 1.049999999999978700, 0.0000000000000000000, -0.8749999999999980000 ) ) ;
#2144 = VECTOR ( 'NONE', #353, 1000.000000000000000 ) ;
#2145 = ORIENTED_EDGE ( 'NONE', *, *, #2839, .T. ) ;
#2146 = CARTESIAN_POINT ( 'NONE',  ( 1.524999999999999700, 0.1000000000000000100, 0.8750000000000016700 ) ) ;
#2147 = EDGE_CURVE ( 'NONE', #2962, #2893, #568, .T. ) ;
#2148 = MANIFOLD_SOLID_BREP ( 'Boss-Extrude2[8]', #5045 ) ;
#2149 = PLANE ( 'NONE',  #3074 ) ;
#2150 = DIRECTION ( 'NONE',  ( -0.0000000000000000000, -1.000000000000000000, -0.0000000000000000000 ) ) ;
#2151 = VERTEX_POINT ( 'NONE', #1384 ) ;
#2152 = FACE_OUTER_BOUND ( 'NONE', #2852, .T. ) ;
#2153 = CARTESIAN_POINT ( 'NONE',  ( 0.3750000000000001100, 0.0000000000000000000, -1.399999999999999900 ) ) ;
#2154 =( GEOMETRIC_REPRESENTATION_CONTEXT ( 3 ) GLOBAL_UNCERTAINTY_ASSIGNED_CONTEXT ( ( #3466 ) ) GLOBAL_UNIT_ASSIGNED_CONTEXT ( ( #2334, #740, #3977 ) ) REPRESENTATION_CONTEXT ( 'NONE', 'WORKASPACE' ) );
#2155 = LINE ( 'NONE', #156, #2346 ) ;
#2156 = DIRECTION ( 'NONE',  ( 1.000000000000000000, 0.0000000000000000000, 0.0000000000000000000 ) ) ;
#2157 = DIRECTION ( 'NONE',  ( -1.000000000000000000, 0.0000000000000000000, -8.673617379884035500E-016 ) ) ;
#2158 = ADVANCED_FACE ( 'NONE', ( #4880 ), #4972, .F. ) ;
#2159 = CARTESIAN_POINT ( 'NONE',  ( 0.0000000000000000000, 0.1000000000000000100, 0.0000000000000000000 ) ) ;
#2160 = VECTOR ( 'NONE', #629, 1000.000000000000000 ) ;
#2161 = SURFACE_STYLE_USAGE ( .BOTH. , #948 ) ;
#2162 = LINE ( 'NONE', #2136, #2339 ) ;
#2163 = CARTESIAN_POINT ( 'NONE',  ( 0.1250000000000001100, 0.0000000000000000000, -1.400000000000000400 ) ) ;
#2164 = FILL_AREA_STYLE ('',( #109 ) ) ;
#2165 = CARTESIAN_POINT ( 'NONE',  ( 0.1250000000000001100, 0.1000000000000000100, 1.050000000000000000 ) ) ;
#2166 = CARTESIAN_POINT ( 'NONE',  ( -1.050000000000010300, -0.0000000000000000000, -0.1249999999999980600 ) ) ;
#2167 = EDGE_CURVE ( 'NONE', #3607, #3825, #424, .T. ) ;
#2168 = VECTOR ( 'NONE', #187, 1000.000000000000000 ) ;
#2169 = CARTESIAN_POINT ( 'NONE',  ( 1.524999999999989300, 0.1000000000000000100, 0.1250000000000016400 ) ) ;
#2170 = EDGE_LOOP ( 'NONE', ( #1726, #374, #1041, #2924 ) ) ;
#2171 = LINE ( 'NONE', #1863, #1362 ) ;
#2172 = EDGE_CURVE ( 'NONE', #4563, #3820, #1647, .T. ) ;
#2173 = CARTESIAN_POINT ( 'NONE',  ( 0.0000000000000000000, 0.1000000000000000100, 0.0000000000000000000 ) ) ;
#2174 = STYLED_ITEM ( 'NONE', ( #4071 ), #97 ) ;
#2175 = ORIENTED_EDGE ( 'NONE', *, *, #1373, .T. ) ;
#2176 = EDGE_LOOP ( 'NONE', ( #517, #4114, #3628, #3456 ) ) ;
#2177 = ORIENTED_EDGE ( 'NONE', *, *, #987, .F. ) ;
#2178 = DIRECTION ( 'NONE',  ( 0.0000000000000000000, 0.0000000000000000000, 1.000000000000000000 ) ) ;
#2179 = FACE_OUTER_BOUND ( 'NONE', #4466, .T. ) ;
#2180 = CARTESIAN_POINT ( 'NONE',  ( -0.1249999999999998900, 0.1000000000000000100, 1.050000000000000000 ) ) ;
#2181 = LINE ( 'NONE', #518, #2485 ) ;
#2182 = CARTESIAN_POINT ( 'NONE',  ( -1.624999999999999800, 1.139999999999999900, -1.499999999999999800 ) ) ;
#2184 = VERTEX_POINT ( 'NONE', #4274 ) ;
#2183 = CARTESIAN_POINT ( 'NONE',  ( -0.6249999999999998900, 0.1000000000000000100, 1.399999999999999900 ) ) ;
#2185 = ADVANCED_FACE ( 'NONE', ( #3332 ), #604, .T. ) ;
#2186 = CARTESIAN_POINT ( 'NONE',  ( -1.524999999999989300, 0.0000000000000000000, 0.1250000000000016400 ) ) ;
#2187 = CARTESIAN_POINT ( 'NONE',  ( 1.524999999999984100, 0.1000000000000000100, -0.3749999999999983900 ) ) ;
#2188 = LINE ( 'NONE', #725, #4914 ) ;
#2189 = ORIENTED_EDGE ( 'NONE', *, *, #1942, .F. ) ;
#2190 = DIRECTION ( 'NONE',  ( 1.000000000000000000, -0.0000000000000000000, -0.0000000000000000000 ) ) ;
#2191 = ORIENTED_EDGE ( 'NONE', *, *, #4859, .F. ) ;
#2192 = FACE_OUTER_BOUND ( 'NONE', #1255, .T. ) ;
#2193 = CARTESIAN_POINT ( 'NONE',  ( 1.050000000000020700, 0.0000000000000000000, 0.8750000000000020000 ) ) ;
#2194 = FACE_OUTER_BOUND ( 'NONE', #590, .T. ) ;
#2195 = ORIENTED_EDGE ( 'NONE', *, *, #3211, .F. ) ;
#2196 = DIRECTION ( 'NONE',  ( 8.413408858487510600E-014, 0.0000000000000000000, -1.000000000000000000 ) ) ;
#2197 = ORIENTED_EDGE ( 'NONE', *, *, #3339, .F. ) ;
#2198 = EDGE_CURVE ( 'NONE', #2420, #69, #2891, .T. ) ;
#2199 = COLOUR_RGB ( '',1.000000000000000000, 1.000000000000000000, 1.000000000000000000 ) ;
#2200 = CARTESIAN_POINT ( 'NONE',  ( 1.524999999999989300, 0.1000000000000000100, 0.1250000000000016400 ) ) ;
#2201 = FILL_AREA_STYLE ('',( #1870 ) ) ;
#2202 = ORIENTED_EDGE ( 'NONE', *, *, #2142, .T. ) ;
#2203 = CARTESIAN_POINT ( 'NONE',  ( 0.1250000000000001100, 0.0000000000000000000, -1.050000000000000000 ) ) ;
#2204 = VECTOR ( 'NONE', #4836, 1000.000000000000000 ) ;
#2205 = CARTESIAN_POINT ( 'NONE',  ( 1.049999999999978700, 0.1000000000000000100, -0.8749999999999980000 ) ) ;
#2206 = EDGE_CURVE ( 'NONE', #98, #270, #2390, .T. ) ;
#2207 = AXIS2_PLACEMENT_3D ( 'NONE', #656, #2284, #5138 ) ;
#2208 = CARTESIAN_POINT ( 'NONE',  ( 0.0000000000000000000, 0.0000000000000000000, 0.0000000000000000000 ) ) ;
#2209 = ORIENTED_EDGE ( 'NONE', *, *, #4020, .F. ) ;
#2210 = FILL_AREA_STYLE_COLOUR ( '', #3668 ) ;
#2211 = FACE_OUTER_BOUND ( 'NONE', #2680, .T. ) ;
#2212 = ADVANCED_FACE ( 'NONE', ( #562 ), #195, .F. ) ;
#2213 = CARTESIAN_POINT ( 'NONE',  ( 0.1250000000000001100, 0.0000000000000000000, 1.050000000000000000 ) ) ;
#2214 = ORIENTED_EDGE ( 'NONE', *, *, #4741, .T. ) ;
#2215 = DIRECTION ( 'NONE',  ( -1.000000000000000000, 0.0000000000000000000, -0.0000000000000000000 ) ) ;
#2216 = MANIFOLD_SOLID_BREP ( 'Boss-Extrude2[13]', #2482 ) ;
#2217 = PLANE ( 'NONE',  #4478 ) ;
#2218 = EDGE_CURVE ( 'NONE', #442, #2587, #5074, .T. ) ;
#2219 = VERTEX_POINT ( 'NONE', #4296 ) ;
#2220 = DIRECTION ( 'NONE',  ( -1.000000000000000000, 0.0000000000000000000, -9.130123557772670100E-016 ) ) ;
#2221 = CARTESIAN_POINT ( 'NONE',  ( 0.1250000000000001100, 0.1000000000000000100, -1.050000000000000000 ) ) ;
#2222 =( NAMED_UNIT ( * ) PLANE_ANGLE_UNIT ( ) SI_UNIT ( $, .RADIAN. ) );
#2223 = LINE ( 'NONE', #3268, #5084 ) ;
#2224 = PLANE ( 'NONE',  #2923 ) ;
#2225 = CARTESIAN_POINT ( 'NONE',  ( -1.049999999999984100, -0.0000000000000000000, -0.3749999999999979500 ) ) ;
#2226 = FACE_OUTER_BOUND ( 'NONE', #2995, .T. ) ;
#2227 = CARTESIAN_POINT ( 'NONE',  ( -0.3749999999999998900, 0.0000000000000000000, 1.399999999999999700 ) ) ;
#2228 = SURFACE_SIDE_STYLE ('',( #1455 ) ) ;
#2229 = EDGE_LOOP ( 'NONE', ( #755, #3967, #3223, #1954 ) ) ;
#2230 = LINE ( 'NONE', #3836, #1287 ) ;
#2231 = EDGE_CURVE ( 'NONE', #803, #1892, #1528, .T. ) ;
#2232 = CARTESIAN_POINT ( 'NONE',  ( -1.524999999999999700, 0.0000000000000000000, 0.8750000000000016700 ) ) ;
#2233 = ORIENTED_EDGE ( 'NONE', *, *, #5183, .F. ) ;
#2234 = FACE_OUTER_BOUND ( 'NONE', #1532, .T. ) ;
#2235 = ADVANCED_FACE ( 'NONE', ( #4623 ), #3902, .F. ) ;
#2236 = DIRECTION ( 'NONE',  ( -1.000000000000000000, -0.0000000000000000000, 9.130123557772670100E-016 ) ) ;
#2237 = EDGE_CURVE ( 'NONE', #4384, #3779, #3641, .T. ) ;
#2238 = DIRECTION ( 'NONE',  ( 0.0000000000000000000, -0.0000000000000000000, -1.000000000000000000 ) ) ;
#2239 = AXIS2_PLACEMENT_3D ( 'NONE', #2165, #2570, #3426 ) ;
#2240 = ORIENTED_EDGE ( 'NONE', *, *, #617, .T. ) ;
#2241 = VECTOR ( 'NONE', #2678, 1000.000000000000000 ) ;
#2242 = PLANE ( 'NONE',  #2727 ) ;
#2243 =( NAMED_UNIT ( * ) PLANE_ANGLE_UNIT ( ) SI_UNIT ( $, .RADIAN. ) );
#2244 = PRESENTATION_STYLE_ASSIGNMENT (( #2083 ) ) ;
#2245 = CARTESIAN_POINT ( 'NONE',  ( -1.050000000000005200, 0.0000000000000000000, -0.6249999999999981100 ) ) ;
#2246 = ORIENTED_EDGE ( 'NONE', *, *, #4320, .F. ) ;
#2247 = EDGE_LOOP ( 'NONE', ( #4074, #394, #4837, #4608 ) ) ;
#2248 = EDGE_CURVE ( 'NONE', #26, #1826, #5266, .T. ) ;
#2249 = VECTOR ( 'NONE', #2190, 1000.000000000000000 ) ;
#2250 = DIRECTION ( 'NONE',  ( -0.0000000000000000000, 1.000000000000000000, -0.0000000000000000000 ) ) ;
#2251 = CARTESIAN_POINT ( 'NONE',  ( -1.524999999999989300, 0.0000000000000000000, -0.1249999999999983800 ) ) ;
#2252 = LINE ( 'NONE', #4636, #3063 ) ;
#2253 = FACE_OUTER_BOUND ( 'NONE', #3766, .T. ) ;
#2254 = DIRECTION ( 'NONE',  ( 1.000000000000000000, 0.0000000000000000000, 6.847592668329805800E-016 ) ) ;
#2255 = PLANE ( 'NONE',  #4622 ) ;
#2256 = DIRECTION ( 'NONE',  ( 0.0000000000000000000, -1.000000000000000000, 0.0000000000000000000 ) ) ;
#2257 = LINE ( 'NONE', #4777, #871 ) ;
#2258 = ORIENTED_EDGE ( 'NONE', *, *, #1306, .T. ) ;
#2259 = ORIENTED_EDGE ( 'NONE', *, *, #846, .T. ) ;
#2260 = ORIENTED_EDGE ( 'NONE', *, *, #832, .F. ) ;
#2261 = FACE_BOUND ( 'NONE', #3475, .T. ) ;
#2262 = VECTOR ( 'NONE', #1699, 1000.000000000000000 ) ;
#2263 = ADVANCED_FACE ( 'NONE', ( #4176 ), #3042, .F. ) ;
#2264 = ORIENTED_EDGE ( 'NONE', *, *, #4138, .F. ) ;
#2265 = FILL_AREA_STYLE ('',( #4321 ) ) ;
#2266 = PLANE ( 'NONE',  #2207 ) ;
#2267 = FACE_OUTER_BOUND ( 'NONE', #773, .T. ) ;
#2268 = ORIENTED_EDGE ( 'NONE', *, *, #3687, .T. ) ;
#2269 = EDGE_CURVE ( 'NONE', #2889, #1370, #3089, .T. ) ;
#2270 = DIRECTION ( 'NONE',  ( -1.000000000000000000, -0.0000000000000000000, 9.130123557772670100E-016 ) ) ;
#2271 = ORIENTED_EDGE ( 'NONE', *, *, #2394, .F. ) ;
#2272 = DIRECTION ( 'NONE',  ( 0.0000000000000000000, -1.000000000000000000, 0.0000000000000000000 ) ) ;
#2273 = LINE ( 'NONE', #2517, #2015 ) ;
#2274 = CARTESIAN_POINT ( 'NONE',  ( -1.049999999999999800, 0.1000000000000000100, -1.124999999999998000 ) ) ;
#2275 = PLANE ( 'NONE',  #1960 ) ;
#2276 = ORIENTED_EDGE ( 'NONE', *, *, #4896, .T. ) ;
#2277 = CARTESIAN_POINT ( 'NONE',  ( 1.524999999999999700, 0.1000000000000000100, 1.125000000000001600 ) ) ;
#2278 = LINE ( 'NONE', #4368, #2460 ) ;
#2279 = DIRECTION ( 'NONE',  ( 8.413408858487510600E-014, 0.0000000000000000000, 1.000000000000000000 ) ) ;
#2280 = CARTESIAN_POINT ( 'NONE',  ( 1.625000000000000200, 0.1999999999999999800, -1.500000000000000200 ) ) ;
#2281 = FACE_OUTER_BOUND ( 'NONE', #1710, .T. ) ;
#2282 = CARTESIAN_POINT ( 'NONE',  ( 1.050000000000020700, 0.1000000000000000100, 0.8750000000000020000 ) ) ;
#2283 = ORIENTED_EDGE ( 'NONE', *, *, #4109, .T. ) ;
#2284 = DIRECTION ( 'NONE',  ( -9.130123557773074400E-016, 0.0000000000000000000, 1.000000000000000000 ) ) ;
#2285 = FACE_OUTER_BOUND ( 'NONE', #4070, .T. ) ;
#2286 = CARTESIAN_POINT ( 'NONE',  ( -1.050000000000015600, 0.1000000000000000100, 0.3750000000000019400 ) ) ;
#2287 = DIRECTION ( 'NONE',  ( 0.0000000000000000000, 0.0000000000000000000, -1.000000000000000000 ) ) ;
#2288 = ADVANCED_FACE ( 'NONE', ( #4943 ), #698, .F. ) ;
#2289 = FILL_AREA_STYLE_COLOUR ( '', #1387 ) ;
#2290 = CARTESIAN_POINT ( 'NONE',  ( -1.049999999999999800, 0.0000000000000000000, 1.125000000000002000 ) ) ;
#2291 = CARTESIAN_POINT ( 'NONE',  ( 1.524999999999989300, 0.0000000000000000000, 0.1250000000000016400 ) ) ;
#2292 = ORIENTED_EDGE ( 'NONE', *, *, #4930, .F. ) ;
#2293 = STYLED_ITEM ( 'NONE', ( #3536 ), #1770 ) ;
#2294 = ORIENTED_EDGE ( 'NONE', *, *, #1797, .T. ) ;
#2295 = VECTOR ( 'NONE', #3712, 1000.000000000000000 ) ;
#2296 = CARTESIAN_POINT ( 'NONE',  ( 0.6250000000000001100, 0.0000000000000000000, -1.050000000000000000 ) ) ;
#2297 = CARTESIAN_POINT ( 'NONE',  ( 1.050000000000005200, 0.0000000000000000000, -0.6249999999999981100 ) ) ;
#2298 = CARTESIAN_POINT ( 'NONE',  ( 1.524999999999994400, 0.1000000000000000100, 0.3750000000000016100 ) ) ;
#2299 = EDGE_CURVE ( 'NONE', #5217, #3491, #949, .T. ) ;
#2300 = MECHANICAL_DESIGN_GEOMETRIC_PRESENTATION_REPRESENTATION (  '', ( #1225 ), #5264 ) ;
#2301 = CARTESIAN_POINT ( 'NONE',  ( 1.524999999999999700, 0.0000000000000000000, 1.125000000000001600 ) ) ;
#2302 = ORIENTED_EDGE ( 'NONE', *, *, #1167, .T. ) ;
#2303 = VECTOR ( 'NONE', #2626, 1000.000000000000000 ) ;
#2304 = EDGE_LOOP ( 'NONE', ( #3327, #1898, #903, #1652 ) ) ;
#2305 = CARTESIAN_POINT ( 'NONE',  ( -1.524999999999994400, 0.0000000000000000000, 0.6250000000000016700 ) ) ;
#2306 = EDGE_LOOP ( 'NONE', ( #298, #712, #2763, #4423 ) ) ;
#2307 = VERTEX_POINT ( 'NONE', #3546 ) ;
#2308 = DIRECTION ( 'NONE',  ( -0.0000000000000000000, -1.000000000000000000, -0.0000000000000000000 ) ) ;
#2309 = EDGE_CURVE ( 'NONE', #1625, #1575, #3524, .T. ) ;
#2310 = AXIS2_PLACEMENT_3D ( 'NONE', #3121, #261, #3092 ) ;
#2311 = VECTOR ( 'NONE', #357, 1000.000000000000000 ) ;
#2312 = ORIENTED_EDGE ( 'NONE', *, *, #3618, .T. ) ;
#2313 = ORIENTED_EDGE ( 'NONE', *, *, #1586, .T. ) ;
#2314 = FACE_OUTER_BOUND ( 'NONE', #1190, .T. ) ;
#2315 = LINE ( 'NONE', #3222, #1939 ) ;
#2316 = ADVANCED_FACE ( 'NONE', ( #628 ), #1527, .F. ) ;
#2317 = DIRECTION ( 'NONE',  ( 9.130123557772670100E-016, -0.0000000000000000000, 1.000000000000000000 ) ) ;
#2318 = EDGE_LOOP ( 'NONE', ( #2325, #283, #3212, #1140 ) ) ;
#2319 = CARTESIAN_POINT ( 'NONE',  ( -1.524999999999989300, 0.0000000000000000000, 0.1250000000000016400 ) ) ;
#2320 = DIRECTION ( 'NONE',  ( 1.000000000000000000, 0.0000000000000000000, -8.673617379884035500E-016 ) ) ;
#2321 = ORIENTED_EDGE ( 'NONE', *, *, #1611, .T. ) ;
#2322 = LINE ( 'NONE', #15, #799 ) ;
#2323 = LINE ( 'NONE', #5114, #5189 ) ;
#2324 = CARTESIAN_POINT ( 'NONE',  ( 1.049999999999999800, 0.1000000000000000100, -1.124999999999998000 ) ) ;
#2325 = ORIENTED_EDGE ( 'NONE', *, *, #40, .T. ) ;
#2326 = VECTOR ( 'NONE', #349, 1000.000000000000000 ) ;
#2327 = FACE_OUTER_BOUND ( 'NONE', #1435, .T. ) ;
#2328 = EDGE_LOOP ( 'NONE', ( #72, #521, #2392, #498 ) ) ;
#2329 = DIRECTION ( 'NONE',  ( 0.0000000000000000000, 0.0000000000000000000, 1.000000000000000000 ) ) ;
#2330 = VERTEX_POINT ( 'NONE', #4377 ) ;
#2331 = CARTESIAN_POINT ( 'NONE',  ( -1.524999999999984100, 0.0000000000000000000, -0.3749999999999983900 ) ) ;
#2332 = ORIENTED_EDGE ( 'NONE', *, *, #3674, .F. ) ;
#2333 = EDGE_CURVE ( 'NONE', #2808, #857, #2017, .T. ) ;
#2334 =( LENGTH_UNIT ( ) NAMED_UNIT ( * ) SI_UNIT ( .MILLI., .METRE. ) );
#2335 = VERTEX_POINT ( 'NONE', #4346 ) ;
#2336 = CARTESIAN_POINT ( 'NONE',  ( 1.625000000000000200, 0.1999999999999999800, 1.499999999999999800 ) ) ;
#2337 = VERTEX_POINT ( 'NONE', #2305 ) ;
#2338 = ORIENTED_EDGE ( 'NONE', *, *, #4020, .T. ) ;
#2339 = VECTOR ( 'NONE', #4090, 1000.000000000000000 ) ;
#2340 = EDGE_CURVE ( 'NONE', #5148, #4742, #2648, .T. ) ;
#2341 = AXIS2_PLACEMENT_3D ( 'NONE', #1529, #1480, #4693 ) ;
#2342 = CARTESIAN_POINT ( 'NONE',  ( -0.6249999999999998900, 0.1000000000000000100, 1.050000000000000000 ) ) ;
#2343 = CARTESIAN_POINT ( 'NONE',  ( -1.524999999999989300, 0.1000000000000000100, 0.1250000000000016400 ) ) ;
#2344 = VECTOR ( 'NONE', #75, 1000.000000000000000 ) ;
#2345 = EDGE_CURVE ( 'NONE', #857, #4164, #1775, .T. ) ;
#2346 = VECTOR ( 'NONE', #964, 1000.000000000000000 ) ;
#2347 = VECTOR ( 'NONE', #4490, 1000.000000000000000 ) ;
#2348 = PLANE ( 'NONE',  #1409 ) ;
#2349 = AXIS2_PLACEMENT_3D ( 'NONE', #938, #3747, #4389 ) ;
#2350 = ORIENTED_EDGE ( 'NONE', *, *, #1814, .F. ) ;
#2351 = FACE_OUTER_BOUND ( 'NONE', #2682, .T. ) ;
#2352 = PLANE ( 'NONE',  #4609 ) ;
#2353 = CARTESIAN_POINT ( 'NONE',  ( 0.3750000000000001100, 0.1000000000000000100, 1.399999999999999900 ) ) ;
#2354 = AXIS2_PLACEMENT_3D ( 'NONE', #1009, #185, #1808 ) ;
#2355 = ORIENTED_EDGE ( 'NONE', *, *, #4449, .T. ) ;
#2356 = FACE_OUTER_BOUND ( 'NONE', #874, .T. ) ;
#2357 = CARTESIAN_POINT ( 'NONE',  ( 0.1250000000000001100, 0.1000000000000000100, -1.050000000000000000 ) ) ;
#2358 = ORIENTED_EDGE ( 'NONE', *, *, #599, .F. ) ;
#2359 = VERTEX_POINT ( 'NONE', #3147 ) ;
#2360 = CARTESIAN_POINT ( 'NONE',  ( 1.050000000000005200, 0.1000000000000000100, -0.6249999999999981100 ) ) ;
#2361 = EDGE_CURVE ( 'NONE', #4015, #1260, #1900, .T. ) ;
#2362 = AXIS2_PLACEMENT_3D ( 'NONE', #5047, #2920, #3802 ) ;
#2363 = VECTOR ( 'NONE', #1214, 1000.000000000000000 ) ;
#2364 = ORIENTED_EDGE ( 'NONE', *, *, #4635, .T. ) ;
#2365 = ORIENTED_EDGE ( 'NONE', *, *, #246, .F. ) ;
#2366 = DIRECTION ( 'NONE',  ( 8.413408858487510600E-014, 0.0000000000000000000, 1.000000000000000000 ) ) ;
#2367 = ADVANCED_FACE ( 'NONE', ( #4552 ), #2352, .F. ) ;
#2368 = PRESENTATION_STYLE_ASSIGNMENT (( #1410 ) ) ;
#2369 = UNCERTAINTY_MEASURE_WITH_UNIT (LENGTH_MEASURE( 1.000000000000000100E-005 ), #1809, 'distance_accuracy_value', 'NONE');
#2370 = CARTESIAN_POINT ( 'NONE',  ( -1.524999999999978600, 0.1000000000000000100, -1.124999999999998400 ) ) ;
#2371 = CARTESIAN_POINT ( 'NONE',  ( -1.050000000000015600, 0.1000000000000000100, 0.3750000000000019400 ) ) ;
#2372 = VERTEX_POINT ( 'NONE', #2687 ) ;
#2373 = EDGE_CURVE ( 'NONE', #683, #4783, #2643, .T. ) ;
#2374 = CARTESIAN_POINT ( 'NONE',  ( -1.049999999999999800, 0.1000000000000000100, -1.124999999999998000 ) ) ;
#2375 = LINE ( 'NONE', #2463, #3622 ) ;
#2376 = VECTOR ( 'NONE', #65, 1000.000000000000000 ) ;
#2377 = DIRECTION ( 'NONE',  ( -0.0000000000000000000, 1.000000000000000000, -0.0000000000000000000 ) ) ;
#2378 = VECTOR ( 'NONE', #365, 1000.000000000000000 ) ;
#2379 = ORIENTED_EDGE ( 'NONE', *, *, #2705, .F. ) ;
#2380 = EDGE_CURVE ( 'NONE', #4443, #4656, #4805, .T. ) ;
#2381 = ORIENTED_EDGE ( 'NONE', *, *, #895, .T. ) ;
#2382 = VECTOR ( 'NONE', #535, 1000.000000000000000 ) ;
#2383 = ORIENTED_EDGE ( 'NONE', *, *, #3037, .T. ) ;
#2384 = CARTESIAN_POINT ( 'NONE',  ( -1.049999999999984100, 0.1000000000000000100, -0.3749999999999979500 ) ) ;
#2385 = LINE ( 'NONE', #1675, #239 ) ;
#2386 = CARTESIAN_POINT ( 'NONE',  ( 1.049999999999999800, 0.1000000000000000100, -1.124999999999998000 ) ) ;
#2387 = CARTESIAN_POINT ( 'NONE',  ( -1.624999999999999800, 0.1999999999999999800, -1.499999999999999800 ) ) ;
#2388 = VERTEX_POINT ( 'NONE', #1161 ) ;
#2389 = VERTEX_POINT ( 'NONE', #4311 ) ;
#2390 = LINE ( 'NONE', #210, #3715 ) ;
#2391 = ADVANCED_FACE ( 'NONE', ( #1708 ), #1893, .F. ) ;
#2392 = ORIENTED_EDGE ( 'NONE', *, *, #2077, .T. ) ;
#2393 = PLANE ( 'NONE',  #5171 ) ;
#2394 = EDGE_CURVE ( 'NONE', #1012, #4384, #1897, .T. ) ;
#2395 = CARTESIAN_POINT ( 'NONE',  ( -1.524999999999994400, 0.0000000000000000000, 0.3750000000000016100 ) ) ;
#2396 = VERTEX_POINT ( 'NONE', #4761 ) ;
#2397 = LINE ( 'NONE', #3151, #1339 ) ;
#2398 = VERTEX_POINT ( 'NONE', #2723 ) ;
#2399 = DIRECTION ( 'NONE',  ( 0.0000000000000000000, -1.000000000000000000, 0.0000000000000000000 ) ) ;
#2400 = VECTOR ( 'NONE', #5272, 1000.000000000000000 ) ;
#2401 = EDGE_CURVE ( 'NONE', #506, #3419, #3578, .T. ) ;
#2402 = AXIS2_PLACEMENT_3D ( 'NONE', #4460, #1677, #2438 ) ;
#2403 = ORIENTED_EDGE ( 'NONE', *, *, #4868, .T. ) ;
#2404 = CARTESIAN_POINT ( 'NONE',  ( -0.3749999999999998900, 0.0000000000000000000, 1.400000000000000400 ) ) ;
#2405 = FACE_OUTER_BOUND ( 'NONE', #627, .T. ) ;
#2406 = ORIENTED_EDGE ( 'NONE', *, *, #2565, .F. ) ;
#2407 = DIRECTION ( 'NONE',  ( 0.0000000000000000000, 0.0000000000000000000, -1.000000000000000000 ) ) ;
#2408 = EDGE_CURVE ( 'NONE', #105, #2546, #1076, .T. ) ;
#2409 = DIRECTION ( 'NONE',  ( -8.413408858487515700E-014, 0.0000000000000000000, 1.000000000000000000 ) ) ;
#2410 = ORIENTED_EDGE ( 'NONE', *, *, #3974, .T. ) ;
#2411 = VECTOR ( 'NONE', #4885, 1000.000000000000000 ) ;
#2412 = CARTESIAN_POINT ( 'NONE',  ( 0.3750000000000001100, 0.0000000000000000000, -1.050000000000000000 ) ) ;
#2413 = DIRECTION ( 'NONE',  ( 0.0000000000000000000, 0.0000000000000000000, -1.000000000000000000 ) ) ;
#2414 = CARTESIAN_POINT ( 'NONE',  ( 1.524999999999984100, 0.0000000000000000000, -0.3749999999999983900 ) ) ;
#2415 = DIRECTION ( 'NONE',  ( 0.0000000000000000000, -0.0000000000000000000, -1.000000000000000000 ) ) ;
#2416 = VERTEX_POINT ( 'NONE', #2037 ) ;
#2417 = VECTOR ( 'NONE', #373, 1000.000000000000000 ) ;
#2418 = AXIS2_PLACEMENT_3D ( 'NONE', #2701, #4337, #3556 ) ;
#2419 = CARTESIAN_POINT ( 'NONE',  ( 1.524999999999989300, 0.1000000000000000100, -0.1249999999999983800 ) ) ;
#2420 = VERTEX_POINT ( 'NONE', #3981 ) ;
#2421 = VECTOR ( 'NONE', #3051, 1000.000000000000000 ) ;
#2422 = DIRECTION ( 'NONE',  ( -0.0000000000000000000, 1.000000000000000000, -0.0000000000000000000 ) ) ;
#2423 = AXIS2_PLACEMENT_3D ( 'NONE', #3921, #2022, #1235 ) ;
#2424 = ORIENTED_EDGE ( 'NONE', *, *, #4248, .T. ) ;
#2425 = ORIENTED_EDGE ( 'NONE', *, *, #1109, .F. ) ;
#2426 = DIRECTION ( 'NONE',  ( -0.0000000000000000000, 1.000000000000000000, -0.0000000000000000000 ) ) ;
#2427 = CARTESIAN_POINT ( 'NONE',  ( -1.524999999999999700, 0.0000000000000000000, 0.8750000000000016700 ) ) ;
#2428 = ORIENTED_EDGE ( 'NONE', *, *, #2715, .T. ) ;
#2429 = ORIENTED_EDGE ( 'NONE', *, *, #1835, .T. ) ;
#2430 = DIRECTION ( 'NONE',  ( -0.0000000000000000000, -0.0000000000000000000, -1.000000000000000000 ) ) ;
#2431 = EDGE_CURVE ( 'NONE', #807, #4563, #3708, .T. ) ;
#2432 = VECTOR ( 'NONE', #2883, 1000.000000000000000 ) ;
#2433 = STYLED_ITEM ( 'NONE', ( #2758 ), #4023 ) ;
#2434 = VERTEX_POINT ( 'NONE', #4007 ) ;
#2435 = ORIENTED_EDGE ( 'NONE', *, *, #4182, .F. ) ;
#2436 = LINE ( 'NONE', #3861, #544 ) ;
#2437 = CARTESIAN_POINT ( 'NONE',  ( 0.1250000000000001100, 0.0000000000000000000, -1.050000000000000000 ) ) ;
#2438 = DIRECTION ( 'NONE',  ( 0.0000000000000000000, -0.0000000000000000000, -1.000000000000000000 ) ) ;
#2439 = DIRECTION ( 'NONE',  ( 1.000000000000000000, 0.0000000000000000000, -1.734723475976807100E-015 ) ) ;
#2440 = EDGE_CURVE ( 'NONE', #2928, #761, #4033, .T. ) ;
#2441 = DIRECTION ( 'NONE',  ( 1.000000000000000000, -0.0000000000000000000, 8.673617379884035500E-016 ) ) ;
#2442 = LINE ( 'NONE', #3796, #4612 ) ;
#2443 = VECTOR ( 'NONE', #4113, 1000.000000000000000 ) ;
#2444 = ORIENTED_EDGE ( 'NONE', *, *, #1577, .F. ) ;
#2445 = CARTESIAN_POINT ( 'NONE',  ( -1.049999999999999800, 0.0000000000000000000, 1.125000000000002000 ) ) ;
#2446 = FILL_AREA_STYLE ('',( #4768 ) ) ;
#2447 = DIRECTION ( 'NONE',  ( -1.000000000000000000, 0.0000000000000000000, 8.673617379884035500E-016 ) ) ;
#2448 = FACE_OUTER_BOUND ( 'NONE', #2759, .T. ) ;
#2449 = MECHANICAL_DESIGN_GEOMETRIC_PRESENTATION_REPRESENTATION (  '', ( #2721 ), #2958 ) ;
#2450 = ORIENTED_EDGE ( 'NONE', *, *, #4315, .T. ) ;
#2451 = PLANE ( 'NONE',  #4749 ) ;
#2452 = CARTESIAN_POINT ( 'NONE',  ( 1.050000000000005200, 0.1000000000000000100, -0.6249999999999981100 ) ) ;
#2453 = VECTOR ( 'NONE', #3826, 1000.000000000000000 ) ;
#2454 = CARTESIAN_POINT ( 'NONE',  ( -1.524999999999984100, 0.1000000000000000100, -0.6249999999999983300 ) ) ;
#2455 = ORIENTED_EDGE ( 'NONE', *, *, #3154, .F. ) ;
#2456 = AXIS2_PLACEMENT_3D ( 'NONE', #4188, #2588, #4689 ) ;
#2457 = ORIENTED_EDGE ( 'NONE', *, *, #3400, .F. ) ;
#2458 = CARTESIAN_POINT ( 'NONE',  ( -1.050000000000010300, 0.1000000000000000100, -0.1249999999999980600 ) ) ;
#2459 = DIRECTION ( 'NONE',  ( 0.0000000000000000000, -0.0000000000000000000, 1.000000000000000000 ) ) ;
#2460 = VECTOR ( 'NONE', #1563, 1000.000000000000000 ) ;
#2461 = DIRECTION ( 'NONE',  ( -0.0000000000000000000, -0.0000000000000000000, -1.000000000000000000 ) ) ;
#2462 = LINE ( 'NONE', #4564, #4112 ) ;
#2463 = CARTESIAN_POINT ( 'NONE',  ( -1.049999999999994500, 0.1000000000000000100, 0.6250000000000021100 ) ) ;
#2464 = EDGE_CURVE ( 'NONE', #4557, #41, #489, .T. ) ;
#2465 = DIRECTION ( 'NONE',  ( -1.000000000000000000, 0.0000000000000000000, 9.130123557772670100E-016 ) ) ;
#2466 = AXIS2_PLACEMENT_3D ( 'NONE', #1092, #4307, #3919 ) ;
#2467 = CARTESIAN_POINT ( 'NONE',  ( -1.050000000000020700, 0.1000000000000000100, 0.8750000000000020000 ) ) ;
#2468 = FACE_OUTER_BOUND ( 'NONE', #1325, .T. ) ;
#2469 = ADVANCED_FACE ( 'NONE', ( #2267 ), #784, .F. ) ;
#2470 = LINE ( 'NONE', #3188, #1282 ) ;
#2471 = CARTESIAN_POINT ( 'NONE',  ( -1.050000000000005200, 0.1000000000000000100, -0.6249999999999981100 ) ) ;
#2472 = DIRECTION ( 'NONE',  ( 0.0000000000000000000, -1.000000000000000000, 0.0000000000000000000 ) ) ;
#2473 = PLANE ( 'NONE',  #2592 ) ;
#2474 = CARTESIAN_POINT ( 'NONE',  ( -1.524999999999984100, 0.0000000000000000000, -0.3749999999999983900 ) ) ;
#2475 = ORIENTED_EDGE ( 'NONE', *, *, #327, .F. ) ;
#2476 = LINE ( 'NONE', #635, #5029 ) ;
#2477 = EDGE_CURVE ( 'NONE', #3491, #442, #4685, .T. ) ;
#2478 = DIRECTION ( 'NONE',  ( -0.0000000000000000000, 1.000000000000000000, -0.0000000000000000000 ) ) ;
#2479 = DIRECTION ( 'NONE',  ( 0.0000000000000000000, -1.000000000000000000, 0.0000000000000000000 ) ) ;
#2480 = ORIENTED_EDGE ( 'NONE', *, *, #5097, .F. ) ;
#2481 = DIRECTION ( 'NONE',  ( 1.000000000000000000, -0.0000000000000000000, -0.0000000000000000000 ) ) ;
#2482 = CLOSED_SHELL ( 'NONE', ( #4205, #451, #2603, #1924, #2494, #1404 ) ) ;
#2483 = ORIENTED_EDGE ( 'NONE', *, *, #582, .F. ) ;
#2484 = PLANE ( 'NONE',  #951 ) ;
#2485 = VECTOR ( 'NONE', #2607, 1000.000000000000000 ) ;
#2486 = CARTESIAN_POINT ( 'NONE',  ( -1.524999999999978600, 0.1000000000000000100, -1.124999999999998400 ) ) ;
#2487 = DIRECTION ( 'NONE',  ( 0.0000000000000000000, -0.0000000000000000000, -1.000000000000000000 ) ) ;
#2488 = EDGE_LOOP ( 'NONE', ( #1992, #256, #4436, #1629 ) ) ;
#2489 = ORIENTED_EDGE ( 'NONE', *, *, #2746, .F. ) ;
#2490 = DIRECTION ( 'NONE',  ( 1.000000000000000000, 0.0000000000000000000, 0.0000000000000000000 ) ) ;
#2491 = VECTOR ( 'NONE', #2103, 1000.000000000000000 ) ;
#2492 = EDGE_CURVE ( 'NONE', #4120, #3820, #2953, .T. ) ;
#2493 = ORIENTED_EDGE ( 'NONE', *, *, #1383, .T. ) ;
#2494 = ADVANCED_FACE ( 'NONE', ( #1961 ), #4457, .T. ) ;
#2495 = VERTEX_POINT ( 'NONE', #1973 ) ;
#2496 = VECTOR ( 'NONE', #1842, 1000.000000000000000 ) ;
#2497 = CARTESIAN_POINT ( 'NONE',  ( -0.1249999999999998900, 0.1000000000000000100, 1.050000000000000000 ) ) ;
#2498 = FACE_OUTER_BOUND ( 'NONE', #12, .T. ) ;
#2499 = DIRECTION ( 'NONE',  ( -1.000000000000000000, 0.0000000000000000000, -1.734723475976807100E-015 ) ) ;
#2500 = EDGE_CURVE ( 'NONE', #3825, #1754, #749, .T. ) ;
#2501 = DIRECTION ( 'NONE',  ( -1.000000000000000000, 0.0000000000000000000, 8.673617379884035500E-016 ) ) ;
#2502 = ORIENTED_EDGE ( 'NONE', *, *, #2008, .T. ) ;
#2503 = COLOUR_RGB ( '',1.000000000000000000, 1.000000000000000000, 1.000000000000000000 ) ;
#2504 = LINE ( 'NONE', #4518, #1450 ) ;
#2505 = ORIENTED_EDGE ( 'NONE', *, *, #2231, .F. ) ;
#2506 = VERTEX_POINT ( 'NONE', #1231 ) ;
#2507 = CARTESIAN_POINT ( 'NONE',  ( -1.049999999999999800, 0.0000000000000000000, -1.124999999999998000 ) ) ;
#2508 = LINE ( 'NONE', #4167, #2637 ) ;
#2509 = FACE_OUTER_BOUND ( 'NONE', #632, .T. ) ;
#2510 = CARTESIAN_POINT ( 'NONE',  ( -1.050000000000015600, 0.0000000000000000000, 0.3750000000000019400 ) ) ;
#2511 = EDGE_CURVE ( 'NONE', #3720, #2753, #623, .T. ) ;
#2512 = ORIENTED_EDGE ( 'NONE', *, *, #3687, .F. ) ;
#2513 = VERTEX_POINT ( 'NONE', #1217 ) ;
#2514 = FACE_OUTER_BOUND ( 'NONE', #5081, .T. ) ;
#2515 = PLANE ( 'NONE',  #5016 ) ;
#2516 = ORIENTED_EDGE ( 'NONE', *, *, #5145, .F. ) ;
#2517 = CARTESIAN_POINT ( 'NONE',  ( -1.524999999999989300, 0.0000000000000000000, 0.1250000000000016400 ) ) ;
#2518 = PRESENTATION_LAYER_ASSIGNMENT (  '', '', ( #2721 ) ) ;
#2519 =( NAMED_UNIT ( * ) SI_UNIT ( $, .STERADIAN. ) SOLID_ANGLE_UNIT ( ) );
#2520 = ORIENTED_EDGE ( 'NONE', *, *, #21, .F. ) ;
#2521 = VERTEX_POINT ( 'NONE', #4438 ) ;
#2522 = CARTESIAN_POINT ( 'NONE',  ( 0.6250000000000001100, 0.0000000000000000000, 1.400000000000000400 ) ) ;
#2523 = ORIENTED_EDGE ( 'NONE', *, *, #3406, .T. ) ;
#2524 = CARTESIAN_POINT ( 'NONE',  ( 1.524999999999984100, 0.0000000000000000000, -0.3749999999999983900 ) ) ;
#2525 = ORIENTED_EDGE ( 'NONE', *, *, #2738, .F. ) ;
#2526 = ORIENTED_EDGE ( 'NONE', *, *, #3509, .T. ) ;
#2527 = SURFACE_STYLE_FILL_AREA ( #4116 ) ;
#2528 = ADVANCED_FACE ( 'NONE', ( #355 ), #3178, .F. ) ;
#2529 = PRESENTATION_LAYER_ASSIGNMENT (  '', '', ( #3666 ) ) ;
#2530 = ORIENTED_EDGE ( 'NONE', *, *, #461, .F. ) ;
#2531 = CARTESIAN_POINT ( 'NONE',  ( 1.049999999999984100, 0.1000000000000000100, -0.3749999999999979500 ) ) ;
#2532 = DIRECTION ( 'NONE',  ( 0.0000000000000000000, 0.0000000000000000000, 1.000000000000000000 ) ) ;
#2533 = LINE ( 'NONE', #3927, #4565 ) ;
#2534 = DIRECTION ( 'NONE',  ( 0.0000000000000000000, 0.0000000000000000000, 1.000000000000000000 ) ) ;
#2535 = CARTESIAN_POINT ( 'NONE',  ( 1.050000000000015600, 0.0000000000000000000, 0.3750000000000019400 ) ) ;
#2536 = FACE_OUTER_BOUND ( 'NONE', #289, .T. ) ;
#2537 = EDGE_CURVE ( 'NONE', #1903, #3236, #1584, .T. ) ;
#2538 = AXIS2_PLACEMENT_3D ( 'NONE', #2954, #3353, #4187 ) ;
#2539 = DIRECTION ( 'NONE',  ( 1.000000000000000000, 0.0000000000000000000, 0.0000000000000000000 ) ) ;
#2540 = CARTESIAN_POINT ( 'NONE',  ( 1.050000000000005200, 0.1000000000000000100, -0.6249999999999981100 ) ) ;
#2541 = CARTESIAN_POINT ( 'NONE',  ( 1.524999999999994400, 0.1000000000000000100, 0.6250000000000016700 ) ) ;
#2542 = ORIENTED_EDGE ( 'NONE', *, *, #2500, .F. ) ;
#2543 = LINE ( 'NONE', #74, #4781 ) ;
#2544 = DIRECTION ( 'NONE',  ( 0.0000000000000000000, 0.0000000000000000000, 1.000000000000000000 ) ) ;
#2545 = CARTESIAN_POINT ( 'NONE',  ( -1.624999999999999800, 0.1999999999999999800, 1.500000000000000200 ) ) ;
#2546 = VERTEX_POINT ( 'NONE', #2404 ) ;
#2547 = VECTOR ( 'NONE', #5076, 1000.000000000000000 ) ;
#2548 = EDGE_CURVE ( 'NONE', #2800, #2389, #4299, .T. ) ;
#2549 = DIRECTION ( 'NONE',  ( 0.0000000000000000000, 0.0000000000000000000, 1.000000000000000000 ) ) ;
#2550 = CARTESIAN_POINT ( 'NONE',  ( -1.524999999999978600, 0.1000000000000000100, -1.124999999999998400 ) ) ;
#2551 = ADVANCED_FACE ( 'NONE', ( #2514 ), #399, .F. ) ;
#2552 = CARTESIAN_POINT ( 'NONE',  ( 0.3750000000000001100, 0.1000000000000000100, 1.050000000000000000 ) ) ;
#2553 = ORIENTED_EDGE ( 'NONE', *, *, #3105, .F. ) ;
#2554 = ORIENTED_EDGE ( 'NONE', *, *, #107, .F. ) ;
#2555 = EDGE_LOOP ( 'NONE', ( #82, #1197, #2113, #1609 ) ) ;
#2556 = PLANE ( 'NONE',  #2354 ) ;
#2557 = VECTOR ( 'NONE', #3450, 1000.000000000000000 ) ;
#2558 = AXIS2_PLACEMENT_3D ( 'NONE', #1663, #984, #3390 ) ;
#2559 = DIRECTION ( 'NONE',  ( 0.0000000000000000000, -0.0000000000000000000, -1.000000000000000000 ) ) ;
#2560 = ORIENTED_EDGE ( 'NONE', *, *, #1239, .F. ) ;
#2561 = VECTOR ( 'NONE', #62, 1000.000000000000000 ) ;
#2562 = ORIENTED_EDGE ( 'NONE', *, *, #60, .F. ) ;
#2563 = DIRECTION ( 'NONE',  ( -0.0000000000000000000, 1.000000000000000000, 0.0000000000000000000 ) ) ;
#2564 = VERTEX_POINT ( 'NONE', #2419 ) ;
#2565 = EDGE_CURVE ( 'NONE', #4036, #2996, #175, .T. ) ;
#2566 = LINE ( 'NONE', #4911, #1250 ) ;
#2567 = AXIS2_PLACEMENT_3D ( 'NONE', #1096, #1940, #1132 ) ;
#2568 =( NAMED_UNIT ( * ) PLANE_ANGLE_UNIT ( ) SI_UNIT ( $, .RADIAN. ) );
#2569 =( NAMED_UNIT ( * ) SI_UNIT ( $, .STERADIAN. ) SOLID_ANGLE_UNIT ( ) );
#2570 = DIRECTION ( 'NONE',  ( 0.0000000000000000000, 0.0000000000000000000, -1.000000000000000000 ) ) ;
#2571 = CARTESIAN_POINT ( 'NONE',  ( -1.524999999999984100, 0.0000000000000000000, -0.3749999999999983900 ) ) ;
#2572 = DIRECTION ( 'NONE',  ( 9.130123557772670100E-016, 0.0000000000000000000, -1.000000000000000000 ) ) ;
#2573 = FACE_BOUND ( 'NONE', #3906, .T. ) ;
#2574 = LINE ( 'NONE', #142, #3200 ) ;
#2575 = ORIENTED_EDGE ( 'NONE', *, *, #2651, .T. ) ;
#2576 = VERTEX_POINT ( 'NONE', #3681 ) ;
#2577 = EDGE_CURVE ( 'NONE', #1604, #2636, #1327, .T. ) ;
#2578 = DIRECTION ( 'NONE',  ( -0.0000000000000000000, -1.000000000000000000, -0.0000000000000000000 ) ) ;
#2579 = VECTOR ( 'NONE', #637, 1000.000000000000000 ) ;
#2580 = CARTESIAN_POINT ( 'NONE',  ( -0.3749999999999998900, -0.0000000000000000000, -1.050000000000000000 ) ) ;
#2581 = ADVANCED_FACE ( 'NONE', ( #4099 ), #2484, .F. ) ;
#2582 = EDGE_LOOP ( 'NONE', ( #1098, #4465, #2350, #5209 ) ) ;
#2583 = CARTESIAN_POINT ( 'NONE',  ( 1.524999999999978600, 0.1000000000000000100, -1.124999999999998400 ) ) ;
#2584 = PLANE ( 'NONE',  #2034 ) ;
#2585 = EDGE_CURVE ( 'NONE', #4025, #98, #2385, .T. ) ;
#2586 = DIRECTION ( 'NONE',  ( 0.0000000000000000000, -1.000000000000000000, 0.0000000000000000000 ) ) ;
#2587 = VERTEX_POINT ( 'NONE', #48 ) ;
#2588 = DIRECTION ( 'NONE',  ( 8.673617379884035500E-016, -0.0000000000000000000, 1.000000000000000000 ) ) ;
#2589 = LINE ( 'NONE', #3232, #953 ) ;
#2590 = CARTESIAN_POINT ( 'NONE',  ( -1.524999999999999700, 0.1000000000000000100, 0.8750000000000016700 ) ) ;
#2591 = VERTEX_POINT ( 'NONE', #64 ) ;
#2592 = AXIS2_PLACEMENT_3D ( 'NONE', #1285, #4521, #4200 ) ;
#2593 = DIRECTION ( 'NONE',  ( 1.000000000000000000, 0.0000000000000000000, 0.0000000000000000000 ) ) ;
#2594 = FACE_OUTER_BOUND ( 'NONE', #3754, .T. ) ;
#2595 = CARTESIAN_POINT ( 'NONE',  ( 0.3750000000000001100, 0.0000000000000000000, 1.050000000000000000 ) ) ;
#2596 = CARTESIAN_POINT ( 'NONE',  ( -1.524999999999984100, 0.0000000000000000000, -0.6249999999999983300 ) ) ;
#2597 = LINE ( 'NONE', #2187, #3800 ) ;
#2598 = EDGE_CURVE ( 'NONE', #3059, #4907, #5261, .T. ) ;
#2599 = MANIFOLD_SOLID_BREP ( 'Boss-Extrude2[3]', #4251 ) ;
#2600 = DIRECTION ( 'NONE',  ( 0.0000000000000000000, 0.0000000000000000000, -1.000000000000000000 ) ) ;
#2601 = LINE ( 'NONE', #5230, #3661 ) ;
#2602 = CARTESIAN_POINT ( 'NONE',  ( -1.524999999999989300, 0.0000000000000000000, -0.1249999999999983800 ) ) ;
#2603 = ADVANCED_FACE ( 'NONE', ( #5201 ), #1692, .F. ) ;
#2604 = DIRECTION ( 'NONE',  ( 0.0000000000000000000, 0.0000000000000000000, -1.000000000000000000 ) ) ;
#2605 = EDGE_CURVE ( 'NONE', #3686, #2698, #3019, .T. ) ;
#2606 = PRESENTATION_STYLE_ASSIGNMENT (( #4585 ) ) ;
#2608 = DIRECTION ( 'NONE',  ( -0.0000000000000000000, -1.000000000000000000, -0.0000000000000000000 ) ) ;
#2607 = DIRECTION ( 'NONE',  ( -0.0000000000000000000, -0.0000000000000000000, -1.000000000000000000 ) ) ;
#2609 = ORIENTED_EDGE ( 'NONE', *, *, #3204, .F. ) ;
#2610 = LINE ( 'NONE', #3190, #265 ) ;
#2611 = DIRECTION ( 'NONE',  ( 8.673617379884035500E-016, 0.0000000000000000000, -1.000000000000000000 ) ) ;
#2612 = EDGE_CURVE ( 'NONE', #94, #3572, #3852, .T. ) ;
#2613 = EDGE_LOOP ( 'NONE', ( #4915, #4225, #3152, #3374 ) ) ;
#2614 = EDGE_LOOP ( 'NONE', ( #1822, #2233, #2525, #2057 ) ) ;
#2615 = CARTESIAN_POINT ( 'NONE',  ( -1.050000000000005200, 0.0000000000000000000, -0.6249999999999981100 ) ) ;
#2616 = FACE_OUTER_BOUND ( 'NONE', #1367, .T. ) ;
#2617 = ORIENTED_EDGE ( 'NONE', *, *, #556, .F. ) ;
#2618 = ORIENTED_EDGE ( 'NONE', *, *, #385, .T. ) ;
#2619 = PLANE ( 'NONE',  #1094 ) ;
#2620 = VECTOR ( 'NONE', #3209, 1000.000000000000000 ) ;
#2621 = DIRECTION ( 'NONE',  ( 1.000000000000000000, 0.0000000000000000000, 0.0000000000000000000 ) ) ;
#2622 = ORIENTED_EDGE ( 'NONE', *, *, #3591, .F. ) ;
#2623 = VECTOR ( 'NONE', #3214, 1000.000000000000000 ) ;
#2624 = FACE_OUTER_BOUND ( 'NONE', #49, .T. ) ;
#2625 = ADVANCED_FACE ( 'NONE', ( #420 ), #3292, .F. ) ;
#2626 = DIRECTION ( 'NONE',  ( -0.0000000000000000000, -1.000000000000000000, -0.0000000000000000000 ) ) ;
#2627 = EDGE_LOOP ( 'NONE', ( #1401, #3355, #1757, #3895 ) ) ;
#2628 =( NAMED_UNIT ( * ) SI_UNIT ( $, .STERADIAN. ) SOLID_ANGLE_UNIT ( ) );
#2629 = CLOSED_SHELL ( 'NONE', ( #1772, #1585, #163, #5252, #3024, #3391 ) ) ;
#2630 = LINE ( 'NONE', #3884, #3007 ) ;
#2631 = ORIENTED_EDGE ( 'NONE', *, *, #1999, .F. ) ;
#2632 = DIRECTION ( 'NONE',  ( -1.000000000000000000, 0.0000000000000000000, -9.130123557772670100E-016 ) ) ;
#2633 = ORIENTED_EDGE ( 'NONE', *, *, #302, .T. ) ;
#2634 = ORIENTED_EDGE ( 'NONE', *, *, #1504, .F. ) ;
#2635 = EDGE_CURVE ( 'NONE', #392, #1247, #4359, .T. ) ;
#2636 = VERTEX_POINT ( 'NONE', #4965 ) ;
#2637 = VECTOR ( 'NONE', #3473, 1000.000000000000000 ) ;
#2638 = VECTOR ( 'NONE', #4206, 1000.000000000000000 ) ;
#2639 = DIRECTION ( 'NONE',  ( -1.000000000000000000, 0.0000000000000000000, -9.130123557772670100E-016 ) ) ;
#2640 = EDGE_LOOP ( 'NONE', ( #3240, #203, #5161, #4022 ) ) ;
#2641 = PLANE ( 'NONE',  #2341 ) ;
#2642 = CARTESIAN_POINT ( 'NONE',  ( 1.049999999999984100, 0.0000000000000000000, -0.3749999999999979500 ) ) ;
#2643 = LINE ( 'NONE', #1555, #2884 ) ;
#2644 = EDGE_CURVE ( 'NONE', #5263, #734, #1392, .T. ) ;
#2645 = VERTEX_POINT ( 'NONE', #893 ) ;
#2646 = CARTESIAN_POINT ( 'NONE',  ( -1.050000000000015600, 0.1000000000000000100, 0.3750000000000019400 ) ) ;
#2647 = EDGE_LOOP ( 'NONE', ( #4798, #1497, #1624, #4801 ) ) ;
#2648 = LINE ( 'NONE', #3534, #360 ) ;
#2649 = CARTESIAN_POINT ( 'NONE',  ( -1.049999999999978700, 0.1000000000000000100, -0.8749999999999980000 ) ) ;
#2650 = DIRECTION ( 'NONE',  ( -0.0000000000000000000, 1.000000000000000000, 0.0000000000000000000 ) ) ;
#2651 = EDGE_CURVE ( 'NONE', #2075, #4783, #3267, .T. ) ;
#2652 = VERTEX_POINT ( 'NONE', #80 ) ;
#2653 = LINE ( 'NONE', #867, #5015 ) ;
#2654 = VERTEX_POINT ( 'NONE', #2907 ) ;
#2655 = DIRECTION ( 'NONE',  ( -1.000000000000000000, 0.0000000000000000000, 0.0000000000000000000 ) ) ;
#2656 = ADVANCED_FACE ( 'NONE', ( #689 ), #1414, .F. ) ;
#2657 = PLANE ( 'NONE',  #4695 ) ;
#2658 = VECTOR ( 'NONE', #1567, 1000.000000000000000 ) ;
#2659 = LINE ( 'NONE', #3203, #5153 ) ;
#2660 = PLANE ( 'NONE',  #1554 ) ;
#2661 = CARTESIAN_POINT ( 'NONE',  ( 0.3750000000000001100, 0.0000000000000000000, 1.399999999999999900 ) ) ;
#2662 = VERTEX_POINT ( 'NONE', #4987 ) ;
#2663 = LINE ( 'NONE', #3671, #2347 ) ;
#2664 = EDGE_CURVE ( 'NONE', #2359, #2782, #1262, .T. ) ;
#2665 = CARTESIAN_POINT ( 'NONE',  ( 1.524999999999984100, 0.0000000000000000000, -0.6249999999999983300 ) ) ;
#2666 = ORIENTED_EDGE ( 'NONE', *, *, #1875, .F. ) ;
#2667 = FACE_OUTER_BOUND ( 'NONE', #5028, .T. ) ;
#2668 = DIRECTION ( 'NONE',  ( -1.000000000000000000, 0.0000000000000000000, -9.130123557772670100E-016 ) ) ;
#2669 = DIRECTION ( 'NONE',  ( 0.0000000000000000000, 0.0000000000000000000, -1.000000000000000000 ) ) ;
#2670 = FILL_AREA_STYLE ('',( #2289 ) ) ;
#2671 = EDGE_CURVE ( 'NONE', #5207, #506, #3781, .T. ) ;
#2672 = ORIENTED_EDGE ( 'NONE', *, *, #3279, .F. ) ;
#2673 = FACE_OUTER_BOUND ( 'NONE', #3314, .T. ) ;
#2674 = EDGE_LOOP ( 'NONE', ( #941, #2246, #4681, #739 ) ) ;
#2675 = VERTEX_POINT ( 'NONE', #2541 ) ;
#2676 = ADVANCED_FACE ( 'NONE', ( #3519 ), #3017, .F. ) ;
#2677 = EDGE_CURVE ( 'NONE', #4053, #3607, #1137, .T. ) ;
#2678 = DIRECTION ( 'NONE',  ( -0.0000000000000000000, 1.000000000000000000, -0.0000000000000000000 ) ) ;
#2679 = DIRECTION ( 'NONE',  ( 0.0000000000000000000, 0.0000000000000000000, 1.000000000000000000 ) ) ;
#2680 = EDGE_LOOP ( 'NONE', ( #3784, #3340, #1398, #3514 ) ) ;
#2681 = VERTEX_POINT ( 'NONE', #548 ) ;
#2682 = EDGE_LOOP ( 'NONE', ( #3486, #4696, #5140, #2530 ) ) ;
#2683 = VECTOR ( 'NONE', #5041, 1000.000000000000000 ) ;
#2684 = LINE ( 'NONE', #3557, #537 ) ;
#2685 = AXIS2_PLACEMENT_3D ( 'NONE', #2815, #3638, #2778 ) ;
#2686 = PLANE ( 'NONE',  #5164 ) ;
#2687 = CARTESIAN_POINT ( 'NONE',  ( 0.1250000000000001100, 0.0000000000000000000, -1.400000000000000400 ) ) ;
#2688 = CARTESIAN_POINT ( 'NONE',  ( 1.524999999999978600, 0.1000000000000000100, -1.124999999999998400 ) ) ;
#2689 = ORIENTED_EDGE ( 'NONE', *, *, #2511, .T. ) ;
#2690 = DIRECTION ( 'NONE',  ( 0.0000000000000000000, 0.0000000000000000000, -1.000000000000000000 ) ) ;
#2691 = DIRECTION ( 'NONE',  ( -1.000000000000000000, 0.0000000000000000000, -8.413408858487510600E-014 ) ) ;
#2692 = VERTEX_POINT ( 'NONE', #4632 ) ;
#2693 = VECTOR ( 'NONE', #2439, 1000.000000000000000 ) ;
#2694 = FACE_OUTER_BOUND ( 'NONE', #4833, .T. ) ;
#2695 = VERTEX_POINT ( 'NONE', #2193 ) ;
#2696 = MANIFOLD_SOLID_BREP ( 'Boss-Extrude2[16]', #3532 ) ;
#2697 = ORIENTED_EDGE ( 'NONE', *, *, #3189, .F. ) ;
#2698 = VERTEX_POINT ( 'NONE', #3418 ) ;
#2699 = LINE ( 'NONE', #1219, #869 ) ;
#2700 = VERTEX_POINT ( 'NONE', #5036 ) ;
#2701 = CARTESIAN_POINT ( 'NONE',  ( 1.625000000000000200, 1.139999999999999900, 1.499999999999999800 ) ) ;
#2702 = EDGE_LOOP ( 'NONE', ( #4872, #2562, #3667, #1745 ) ) ;
#2703 = VERTEX_POINT ( 'NONE', #961 ) ;
#2704 = PLANE ( 'NONE',  #4426 ) ;
#2705 = EDGE_CURVE ( 'NONE', #25, #1991, #3014, .T. ) ;
#2706 = DIRECTION ( 'NONE',  ( -0.0000000000000000000, -0.0000000000000000000, -1.000000000000000000 ) ) ;
#2707 = VECTOR ( 'NONE', #2669, 1000.000000000000000 ) ;
#2708 = ADVANCED_FACE ( 'NONE', ( #2448 ), #136, .F. ) ;
#2709 = DIRECTION ( 'NONE',  ( 0.0000000000000000000, 0.0000000000000000000, -1.000000000000000000 ) ) ;
#2710 = PLANE ( 'NONE',  #766 ) ;
#2711 =( NAMED_UNIT ( * ) SI_UNIT ( $, .STERADIAN. ) SOLID_ANGLE_UNIT ( ) );
#2712 = CARTESIAN_POINT ( 'NONE',  ( 1.050000000000015600, 0.1000000000000000100, 0.3750000000000019400 ) ) ;
#2713 = VERTEX_POINT ( 'NONE', #4610 ) ;
#2714 = VECTOR ( 'NONE', #3156, 1000.000000000000000 ) ;
#2715 = EDGE_CURVE ( 'NONE', #2495, #801, #2508, .T. ) ;
#2716 = CARTESIAN_POINT ( 'NONE',  ( 0.0000000000000000000, 0.1000000000000000100, 0.0000000000000000000 ) ) ;
#2717 = EDGE_LOOP ( 'NONE', ( #1548, #1684, #4717, #347 ) ) ;
#2718 = PLANE ( 'NONE',  #971 ) ;
#2719 = CARTESIAN_POINT ( 'NONE',  ( -0.3749999999999998900, 0.1000000000000000100, 1.050000000000000000 ) ) ;
#2720 = CARTESIAN_POINT ( 'NONE',  ( 0.6250000000000001100, 0.0000000000000000000, -1.400000000000000400 ) ) ;
#2721 = STYLED_ITEM ( 'NONE', ( #1984 ), #488 ) ;
#2722 = VECTOR ( 'NONE', #3407, 1000.000000000000000 ) ;
#2723 = CARTESIAN_POINT ( 'NONE',  ( 1.050000000000010300, 0.0000000000000000000, -0.1249999999999980600 ) ) ;
#2724 = DIRECTION ( 'NONE',  ( 0.0000000000000000000, -0.0000000000000000000, -1.000000000000000000 ) ) ;
#2725 = DIRECTION ( 'NONE',  ( -1.000000000000000000, 0.0000000000000000000, -9.130123557772670100E-016 ) ) ;
#2726 = ORIENTED_EDGE ( 'NONE', *, *, #67, .F. ) ;
#2727 = AXIS2_PLACEMENT_3D ( 'NONE', #1423, #2593, #1390 ) ;
#2728 = CARTESIAN_POINT ( 'NONE',  ( 0.1250000000000001100, 0.0000000000000000000, 1.400000000000000400 ) ) ;
#2729 = VERTEX_POINT ( 'NONE', #5078 ) ;
#2730 = LINE ( 'NONE', #2454, #1549 ) ;
#2731 = DIRECTION ( 'NONE',  ( 0.0000000000000000000, -0.0000000000000000000, -1.000000000000000000 ) ) ;
#2732 = EDGE_CURVE ( 'NONE', #3273, #732, #232, .T. ) ;
#2733 = ORIENTED_EDGE ( 'NONE', *, *, #4573, .F. ) ;
#2734 = LINE ( 'NONE', #866, #1676 ) ;
#2735 = DIRECTION ( 'NONE',  ( 0.0000000000000000000, -0.0000000000000000000, -1.000000000000000000 ) ) ;
#2736 = ORIENTED_EDGE ( 'NONE', *, *, #791, .F. ) ;
#2737 = EDGE_LOOP ( 'NONE', ( #4043, #4169, #1889, #3516 ) ) ;
#2738 = EDGE_CURVE ( 'NONE', #2307, #2652, #875, .T. ) ;
#2739 = CARTESIAN_POINT ( 'NONE',  ( 1.524999999999994400, 0.1000000000000000100, 0.3750000000000016100 ) ) ;
#2740 = AXIS2_PLACEMENT_3D ( 'NONE', #1655, #432, #3304 ) ;
#2741 = COLOUR_RGB ( '',1.000000000000000000, 1.000000000000000000, 1.000000000000000000 ) ;
#2742 = ORIENTED_EDGE ( 'NONE', *, *, #2059, .T. ) ;
#2743 = VECTOR ( 'NONE', #3476, 1000.000000000000000 ) ;
#2744 = CARTESIAN_POINT ( 'NONE',  ( -0.3749999999999998900, 0.0000000000000000000, 1.399999999999999700 ) ) ;
#2745 = CARTESIAN_POINT ( 'NONE',  ( -1.049999999999994500, 0.0000000000000000000, 0.6250000000000021100 ) ) ;
#2746 = EDGE_CURVE ( 'NONE', #3592, #2636, #2880, .T. ) ;
#2747 = DIRECTION ( 'NONE',  ( 1.000000000000000000, 0.0000000000000000000, 0.0000000000000000000 ) ) ;
#2748 = VECTOR ( 'NONE', #2966, 1000.000000000000000 ) ;
#2749 = DIRECTION ( 'NONE',  ( -1.000000000000000000, 0.0000000000000000000, 0.0000000000000000000 ) ) ;
#2750 = FACE_BOUND ( 'NONE', #5008, .T. ) ;
#2751 = AXIS2_PLACEMENT_3D ( 'NONE', #166, #4668, #2238 ) ;
#2752 = VECTOR ( 'NONE', #379, 1000.000000000000000 ) ;
#2753 = VERTEX_POINT ( 'NONE', #1447 ) ;
#2754 = MANIFOLD_SOLID_BREP ( 'Boss-Extrude2[5]', #4589 ) ;
#2755 = ORIENTED_EDGE ( 'NONE', *, *, #165, .F. ) ;
#2756 = CARTESIAN_POINT ( 'NONE',  ( 1.524999999999989300, 0.1000000000000000100, -0.1249999999999983800 ) ) ;
#2757 = VERTEX_POINT ( 'NONE', #1503 ) ;
#2758 = PRESENTATION_STYLE_ASSIGNMENT (( #3903 ) ) ;
#2759 = EDGE_LOOP ( 'NONE', ( #401, #2023, #1227, #728 ) ) ;
#2760 = EDGE_CURVE ( 'NONE', #4015, #5215, #4095, .T. ) ;
#2761 = CARTESIAN_POINT ( 'NONE',  ( -1.524999999999978600, 0.1000000000000000100, -1.124999999999998400 ) ) ;
#2762 = VECTOR ( 'NONE', #2802, 1000.000000000000000 ) ;
#2763 = ORIENTED_EDGE ( 'NONE', *, *, #1416, .F. ) ;
#2764 = CARTESIAN_POINT ( 'NONE',  ( -0.6249999999999998900, 0.0000000000000000000, 1.399999999999999900 ) ) ;
#2765 = VERTEX_POINT ( 'NONE', #1090 ) ;
#2766 = CARTESIAN_POINT ( 'NONE',  ( -1.050000000000010300, 0.0000000000000000000, -0.1249999999999980600 ) ) ;
#2767 = EDGE_CURVE ( 'NONE', #2495, #1430, #746, .T. ) ;
#2768 = CARTESIAN_POINT ( 'NONE',  ( 1.524999999999994400, 0.1000000000000000100, 0.3750000000000016100 ) ) ;
#2769 = CARTESIAN_POINT ( 'NONE',  ( 0.6250000000000001100, 0.0000000000000000000, -1.050000000000000000 ) ) ;
#2770 = DIRECTION ( 'NONE',  ( 1.734723475976807100E-015, 0.0000000000000000000, -1.000000000000000000 ) ) ;
#2771 = ORIENTED_EDGE ( 'NONE', *, *, #88, .T. ) ;
#2772 =( NAMED_UNIT ( * ) PLANE_ANGLE_UNIT ( ) SI_UNIT ( $, .RADIAN. ) );
#2773 = EDGE_CURVE ( 'NONE', #718, #3678, #1829, .T. ) ;
#2774 = LINE ( 'NONE', #3584, #3343 ) ;
#2775 = EDGE_LOOP ( 'NONE', ( #482, #3862, #3086, #5169 ) ) ;
#2776 = FILL_AREA_STYLE ('',( #5185 ) ) ;
#2777 = ADVANCED_FACE ( 'NONE', ( #4407 ), #4303, .F. ) ;
#2778 = DIRECTION ( 'NONE',  ( 0.0000000000000000000, 0.0000000000000000000, 1.000000000000000000 ) ) ;
#2779 = VECTOR ( 'NONE', #4207, 1000.000000000000000 ) ;
#2780 = AXIS2_PLACEMENT_3D ( 'NONE', #3816, #4606, #2994 ) ;
#2781 = ADVANCED_FACE ( 'NONE', ( #5061 ), #621, .T. ) ;
#2782 = VERTEX_POINT ( 'NONE', #3894 ) ;
#2783 = DIRECTION ( 'NONE',  ( -0.0000000000000000000, -0.0000000000000000000, 1.000000000000000000 ) ) ;
#2784 = CARTESIAN_POINT ( 'NONE',  ( -1.624999999999999800, 1.139999999999999900, 1.500000000000000200 ) ) ;
#2785 = CARTESIAN_POINT ( 'NONE',  ( 1.524999999999978600, 0.0000000000000000000, -1.124999999999998400 ) ) ;
#2786 = CARTESIAN_POINT ( 'NONE',  ( 1.050000000000020700, 0.1000000000000000100, 0.8750000000000020000 ) ) ;
#2787 = PRESENTATION_LAYER_ASSIGNMENT (  '', '', ( #387 ) ) ;
#2788 = ORIENTED_EDGE ( 'NONE', *, *, #4372, .F. ) ;
#2789 = VECTOR ( 'NONE', #356, 1000.000000000000000 ) ;
#2790 = CARTESIAN_POINT ( 'NONE',  ( 0.1250000000000001100, 0.1000000000000000100, 1.050000000000000000 ) ) ;
#2791 = ORIENTED_EDGE ( 'NONE', *, *, #711, .F. ) ;
#2792 = FACE_OUTER_BOUND ( 'NONE', #2318, .T. ) ;
#2793 = DIRECTION ( 'NONE',  ( 1.000000000000000000, 0.0000000000000000000, 6.847592668329805800E-016 ) ) ;
#2794 = DIRECTION ( 'NONE',  ( -1.000000000000000000, 0.0000000000000000000, -9.130123557772670100E-016 ) ) ;
#2795 = EDGE_CURVE ( 'NONE', #661, #754, #3075, .T. ) ;
#2796 = AXIS2_PLACEMENT_3D ( 'NONE', #1323, #4519, #37 ) ;
#2797 = CARTESIAN_POINT ( 'NONE',  ( -1.524999999999989300, -0.0000000000000000000, -0.1249999999999983800 ) ) ;
#2798 = ORIENTED_EDGE ( 'NONE', *, *, #4952, .T. ) ;
#2799 = EDGE_LOOP ( 'NONE', ( #1694, #1189, #4611, #1065 ) ) ;
#2800 = VERTEX_POINT ( 'NONE', #2298 ) ;
#2801 = LINE ( 'NONE', #4118, #4278 ) ;
#2802 = DIRECTION ( 'NONE',  ( 0.0000000000000000000, 0.0000000000000000000, 1.000000000000000000 ) ) ;
#2803 = CARTESIAN_POINT ( 'NONE',  ( 0.6250000000000001100, 0.0000000000000000000, -1.050000000000000000 ) ) ;
#2804 = ORIENTED_EDGE ( 'NONE', *, *, #678, .F. ) ;
#2805 = EDGE_CURVE ( 'NONE', #3554, #3789, #808, .T. ) ;
#2806 = PRESENTATION_STYLE_ASSIGNMENT (( #1457 ) ) ;
#2807 = LINE ( 'NONE', #2324, #597 ) ;
#2808 = VERTEX_POINT ( 'NONE', #4286 ) ;
#2809 = ADVANCED_FACE ( 'NONE', ( #1067 ), #2704, .F. ) ;
#2810 = ORIENTED_EDGE ( 'NONE', *, *, #2805, .F. ) ;
#2811 = VECTOR ( 'NONE', #128, 1000.000000000000000 ) ;
#2812 = VECTOR ( 'NONE', #4439, 1000.000000000000000 ) ;
#2813 = ORIENTED_EDGE ( 'NONE', *, *, #3369, .T. ) ;
#2814 = EDGE_CURVE ( 'NONE', #1304, #1035, #4168, .T. ) ;
#2815 = CARTESIAN_POINT ( 'NONE',  ( 0.0000000000000000000, 0.1000000000000000100, 0.0000000000000000000 ) ) ;
#2816 = ORIENTED_EDGE ( 'NONE', *, *, #2760, .T. ) ;
#2817 = DIRECTION ( 'NONE',  ( 8.413408858487510600E-014, 0.0000000000000000000, -1.000000000000000000 ) ) ;
#2818 = DIRECTION ( 'NONE',  ( 0.0000000000000000000, -0.0000000000000000000, -1.000000000000000000 ) ) ;
#2819 = ORIENTED_EDGE ( 'NONE', *, *, #3271, .T. ) ;
#2820 = VECTOR ( 'NONE', #3228, 1000.000000000000000 ) ;
#2821 = LINE ( 'NONE', #560, #102 ) ;
#2822 = ORIENTED_EDGE ( 'NONE', *, *, #5040, .T. ) ;
#2823 = EDGE_LOOP ( 'NONE', ( #2383, #5080, #4722, #3377 ) ) ;
#2824 = CARTESIAN_POINT ( 'NONE',  ( -1.624999999999999800, 1.139999999999999900, -1.499999999999999800 ) ) ;
#2825 = CARTESIAN_POINT ( 'NONE',  ( -1.050000000000005200, -0.0000000000000000000, -0.6249999999999981100 ) ) ;
#2826 = CARTESIAN_POINT ( 'NONE',  ( 0.6250000000000001100, 0.1000000000000000100, -1.399999999999999700 ) ) ;
#2827 = VERTEX_POINT ( 'NONE', #3837 ) ;
#2828 = VECTOR ( 'NONE', #1543, 1000.000000000000000 ) ;
#2829 = DIRECTION ( 'NONE',  ( -8.413408858487515700E-014, 0.0000000000000000000, -1.000000000000000000 ) ) ;
#2830 = STYLED_ITEM ( 'NONE', ( #3194 ), #3146 ) ;
#2831 = ADVANCED_FACE ( 'NONE', ( #1948 ), #1832, .F. ) ;
#2832 = DIRECTION ( 'NONE',  ( -0.0000000000000000000, 1.000000000000000000, -0.0000000000000000000 ) ) ;
#2833 = EDGE_LOOP ( 'NONE', ( #4522, #1379, #1831, #2554 ) ) ;
#2834 = LINE ( 'NONE', #3581, #4180 ) ;
#2835 = PLANE ( 'NONE',  #1011 ) ;
#2836 = EDGE_LOOP ( 'NONE', ( #4537, #4712, #3323, #4276 ) ) ;
#2837 = CARTESIAN_POINT ( 'NONE',  ( 0.6250000000000001100, 0.1000000000000000100, 1.050000000000000000 ) ) ;
#2838 = LINE ( 'NONE', #3778, #4763 ) ;
#2839 = EDGE_CURVE ( 'NONE', #5225, #4602, #4085, .T. ) ;
#2840 = DIRECTION ( 'NONE',  ( -0.0000000000000000000, -0.0000000000000000000, -1.000000000000000000 ) ) ;
#2841 = CARTESIAN_POINT ( 'NONE',  ( -0.1249999999999998900, 0.1000000000000000100, 1.399999999999999900 ) ) ;
#2842 = VECTOR ( 'NONE', #1181, 1000.000000000000000 ) ;
#2843 = EDGE_CURVE ( 'NONE', #212, #3914, #2442, .T. ) ;
#2844 = CARTESIAN_POINT ( 'NONE',  ( -1.524999999999999700, 0.0000000000000000000, 0.8750000000000016700 ) ) ;
#2845 = EDGE_LOOP ( 'NONE', ( #4335, #1086, #5099, #1494 ) ) ;
#2846 = PLANE ( 'NONE',  #217 ) ;
#2847 = UNCERTAINTY_MEASURE_WITH_UNIT (LENGTH_MEASURE( 1.000000000000000100E-005 ), #2936, 'distance_accuracy_value', 'NONE');
#2848 = CARTESIAN_POINT ( 'NONE',  ( -1.524999999999984100, 0.1000000000000000100, -0.6249999999999983300 ) ) ;
#2849 = ORIENTED_EDGE ( 'NONE', *, *, #3843, .F. ) ;
#2850 = VECTOR ( 'NONE', #3088, 1000.000000000000000 ) ;
#2851 = CARTESIAN_POINT ( 'NONE',  ( 0.6250000000000001100, 0.1000000000000000100, 1.399999999999999700 ) ) ;
#2852 = EDGE_LOOP ( 'NONE', ( #540, #219, #308, #2410 ) ) ;
#2853 = PRESENTATION_STYLE_ASSIGNMENT (( #3119 ) ) ;
#2854 = CARTESIAN_POINT ( 'NONE',  ( 0.6250000000000001100, 0.0000000000000000000, -1.050000000000000000 ) ) ;
#2855 = AXIS2_PLACEMENT_3D ( 'NONE', #1032, #278, #248 ) ;
#2856 = EDGE_CURVE ( 'NONE', #2359, #2184, #3771, .T. ) ;
#2857 = ORIENTED_EDGE ( 'NONE', *, *, #3910, .T. ) ;
#2858 = EDGE_LOOP ( 'NONE', ( #1358, #3987, #4803, #2771 ) ) ;
#2859 = DIRECTION ( 'NONE',  ( 1.000000000000000000, 0.0000000000000000000, 8.413408858487515700E-014 ) ) ;
#2860 = CARTESIAN_POINT ( 'NONE',  ( -1.049999999999978700, 0.0000000000000000000, -0.8749999999999980000 ) ) ;
#2861 = FILL_AREA_STYLE_COLOUR ( '', #3423 ) ;
#2862 = ORIENTED_EDGE ( 'NONE', *, *, #396, .F. ) ;
#2863 = ORIENTED_EDGE ( 'NONE', *, *, #4320, .T. ) ;
#2864 = DIRECTION ( 'NONE',  ( -0.0000000000000000000, 1.000000000000000000, -0.0000000000000000000 ) ) ;
#2865 = EDGE_CURVE ( 'NONE', #3364, #4443, #2009, .T. ) ;
#2866 = LINE ( 'NONE', #850, #2561 ) ;
#2867 = AXIS2_PLACEMENT_3D ( 'NONE', #4902, #3187, #2829 ) ;
#2868 = CARTESIAN_POINT ( 'NONE',  ( 0.6250000000000001100, 0.0000000000000000000, 1.050000000000000000 ) ) ;
#2869 = CARTESIAN_POINT ( 'NONE',  ( -1.050000000000005200, 0.1000000000000000100, -0.6249999999999981100 ) ) ;
#2870 = FACE_OUTER_BOUND ( 'NONE', #2582, .T. ) ;
#2871 = VECTOR ( 'NONE', #1139, 1000.000000000000000 ) ;
#2872 = FILL_AREA_STYLE ('',( #4124 ) ) ;
#2873 = EDGE_CURVE ( 'NONE', #2109, #4133, #2137, .T. ) ;
#2874 = FACE_BOUND ( 'NONE', #851, .T. ) ;
#2875 = LINE ( 'NONE', #36, #4861 ) ;
#2876 = ORIENTED_EDGE ( 'NONE', *, *, #3642, .F. ) ;
#2877 = ORIENTED_EDGE ( 'NONE', *, *, #369, .T. ) ;
#2878 = CARTESIAN_POINT ( 'NONE',  ( -1.049999999999994500, 0.1000000000000000100, 0.6250000000000021100 ) ) ;
#2879 = ORIENTED_EDGE ( 'NONE', *, *, #3037, .F. ) ;
#2880 = LINE ( 'NONE', #654, #2579 ) ;
#2881 = AXIS2_PLACEMENT_3D ( 'NONE', #4974, #3773, #1365 ) ;
#2882 = SURFACE_STYLE_USAGE ( .BOTH. , #4923 ) ;
#2883 = DIRECTION ( 'NONE',  ( -0.0000000000000000000, -1.000000000000000000, -0.0000000000000000000 ) ) ;
#2884 = VECTOR ( 'NONE', #684, 1000.000000000000000 ) ;
#2885 = ADVANCED_FACE ( 'NONE', ( #3512 ), #1908, .F. ) ;
#2886 = ORIENTED_EDGE ( 'NONE', *, *, #4032, .T. ) ;
#2887 = AXIS2_PLACEMENT_3D ( 'NONE', #1378, #4592, #2532 ) ;
#2888 = CARTESIAN_POINT ( 'NONE',  ( 1.050000000000010300, 0.0000000000000000000, -0.1249999999999980600 ) ) ;
#2889 = VERTEX_POINT ( 'NONE', #4865 ) ;
#2890 = DIRECTION ( 'NONE',  ( -0.0000000000000000000, 1.000000000000000000, -0.0000000000000000000 ) ) ;
#2891 = LINE ( 'NONE', #662, #495 ) ;
#2892 = DIRECTION ( 'NONE',  ( -0.0000000000000000000, 0.0000000000000000000, 1.000000000000000000 ) ) ;
#2893 = VERTEX_POINT ( 'NONE', #3610 ) ;
#2894 = VECTOR ( 'NONE', #4528, 1000.000000000000000 ) ;
#2895 = EDGE_CURVE ( 'NONE', #1813, #3067, #4473, .T. ) ;
#2896 = ORIENTED_EDGE ( 'NONE', *, *, #311, .T. ) ;
#2897 = PRESENTATION_LAYER_ASSIGNMENT (  '', '', ( #4816 ) ) ;
#2898 = FILL_AREA_STYLE ('',( #2861 ) ) ;
#2899 = ORIENTED_EDGE ( 'NONE', *, *, #3996, .F. ) ;
#2900 = PRODUCT ( 'ADXL372BCCZ-RL7', 'ADXL372BCCZ-RL7', '', ( #670 ) ) ;
#2901 = VECTOR ( 'NONE', #4950, 1000.000000000000000 ) ;
#2902 = DIRECTION ( 'NONE',  ( 1.000000000000000000, -0.0000000000000000000, 6.847592668329805800E-016 ) ) ;
#2903 = EDGE_LOOP ( 'NONE', ( #4737, #2061, #44, #5124 ) ) ;
#2904 = EDGE_CURVE ( 'NONE', #2591, #2330, #5255, .T. ) ;
#2905 = MECHANICAL_DESIGN_GEOMETRIC_PRESENTATION_REPRESENTATION (  '', ( #440 ), #1374 ) ;
#2906 = FACE_OUTER_BOUND ( 'NONE', #2845, .T. ) ;
#2907 = CARTESIAN_POINT ( 'NONE',  ( -0.3749999999999998900, 0.0000000000000000000, -1.050000000000000000 ) ) ;
#2908 = PLANE ( 'NONE',  #1579 ) ;
#2909 = CARTESIAN_POINT ( 'NONE',  ( 0.6250000000000001100, 0.1000000000000000100, 1.050000000000000000 ) ) ;
#2910 = ORIENTED_EDGE ( 'NONE', *, *, #5220, .T. ) ;
#2911 = LINE ( 'NONE', #1355, #581 ) ;
#2912 = UNCERTAINTY_MEASURE_WITH_UNIT (LENGTH_MEASURE( 1.000000000000000100E-005 ), #532, 'distance_accuracy_value', 'NONE');
#2913 = EDGE_CURVE ( 'NONE', #442, #5207, #1129, .T. ) ;
#2914 = CARTESIAN_POINT ( 'NONE',  ( 0.3750000000000001100, 0.1000000000000000100, -1.050000000000000000 ) ) ;
#2915 = ADVANCED_FACE ( 'NONE', ( #3262 ), #1607, .F. ) ;
#2916 = CARTESIAN_POINT ( 'NONE',  ( -0.1249999999999998900, 0.0000000000000000000, 1.399999999999999900 ) ) ;
#2917 = EDGE_LOOP ( 'NONE', ( #2618, #2259, #1963, #77 ) ) ;
#2918 = FACE_OUTER_BOUND ( 'NONE', #4322, .T. ) ;
#2919 = CARTESIAN_POINT ( 'NONE',  ( 1.050000000000015600, 0.1000000000000000100, 0.3750000000000019400 ) ) ;
#2921 =( NAMED_UNIT ( * ) SI_UNIT ( $, .STERADIAN. ) SOLID_ANGLE_UNIT ( ) );
#2920 = DIRECTION ( 'NONE',  ( 1.000000000000000000, 0.0000000000000000000, 0.0000000000000000000 ) ) ;
#2922 = PLANE ( 'NONE',  #3998 ) ;
#2923 = AXIS2_PLACEMENT_3D ( 'NONE', #1787, #2572, #183 ) ;
#2924 = ORIENTED_EDGE ( 'NONE', *, *, #2361, .T. ) ;
#2925 = LINE ( 'NONE', #1105, #1867 ) ;
#2926 = LINE ( 'NONE', #4802, #149 ) ;
#2927 = CARTESIAN_POINT ( 'NONE',  ( 0.1250000000000001100, 0.0000000000000000000, -1.050000000000000000 ) ) ;
#2928 = VERTEX_POINT ( 'NONE', #1596 ) ;
#2929 = VERTEX_POINT ( 'NONE', #4878 ) ;
#2930 = PLANE ( 'NONE',  #5198 ) ;
#2931 = EDGE_CURVE ( 'NONE', #2698, #198, #2699, .T. ) ;
#2932 = DIRECTION ( 'NONE',  ( -0.0000000000000000000, 1.000000000000000000, -0.0000000000000000000 ) ) ;
#2933 = SURFACE_SIDE_STYLE ('',( #4367 ) ) ;
#2934 = ORIENTED_EDGE ( 'NONE', *, *, #3930, .F. ) ;
#2935 = LINE ( 'NONE', #4324, #3898 ) ;
#2936 =( LENGTH_UNIT ( ) NAMED_UNIT ( * ) SI_UNIT ( .MILLI., .METRE. ) );
#2937 = EDGE_CURVE ( 'NONE', #4214, #3732, #1386, .T. ) ;
#2938 = CARTESIAN_POINT ( 'NONE',  ( -0.6249999999999998900, 0.1000000000000000100, 1.399999999999999900 ) ) ;
#2939 = ORIENTED_EDGE ( 'NONE', *, *, #3966, .T. ) ;
#2940 = VECTOR ( 'NONE', #2060, 1000.000000000000000 ) ;
#2941 = VECTOR ( 'NONE', #1659, 1000.000000000000000 ) ;
#2942 = DIRECTION ( 'NONE',  ( 1.000000000000000000, 0.0000000000000000000, -1.734723475976807100E-015 ) ) ;
#2943 = EDGE_LOOP ( 'NONE', ( #1159, #3559, #4349, #3496 ) ) ;
#2944 = ADVANCED_FACE ( 'NONE', ( #550 ), #2686, .F. ) ;
#2945 = PLANE ( 'NONE',  #3055 ) ;
#2946 = DIRECTION ( 'NONE',  ( 8.413408858487514400E-014, 0.0000000000000000000, 1.000000000000000000 ) ) ;
#2947 = LINE ( 'NONE', #1718, #4613 ) ;
#2948 = ORIENTED_EDGE ( 'NONE', *, *, #1135, .T. ) ;
#2949 = DIRECTION ( 'NONE',  ( 1.000000000000000000, -0.0000000000000000000, -1.334402673828313300E-016 ) ) ;
#2950 = EDGE_CURVE ( 'NONE', #990, #1750, #3839, .T. ) ;
#2951 = DIRECTION ( 'NONE',  ( -0.0000000000000000000, -1.000000000000000000, -0.0000000000000000000 ) ) ;
#2952 = ORIENTED_EDGE ( 'NONE', *, *, #497, .T. ) ;
#2953 = LINE ( 'NONE', #840, #1833 ) ;
#2954 = CARTESIAN_POINT ( 'NONE',  ( 1.050000000000005200, 0.0000000000000000000, -0.6249999999999981100 ) ) ;
#2955 = SURFACE_STYLE_USAGE ( .BOTH. , #2933 ) ;
#2956 = ORIENTED_EDGE ( 'NONE', *, *, #846, .F. ) ;
#2957 = CARTESIAN_POINT ( 'NONE',  ( 0.1250000000000001100, 0.1000000000000000100, 1.399999999999999700 ) ) ;
#2958 =( GEOMETRIC_REPRESENTATION_CONTEXT ( 3 ) GLOBAL_UNCERTAINTY_ASSIGNED_CONTEXT ( ( #4755 ) ) GLOBAL_UNIT_ASSIGNED_CONTEXT ( ( #3693, #4115, #2519 ) ) REPRESENTATION_CONTEXT ( 'NONE', 'WORKASPACE' ) );
#2959 = VECTOR ( 'NONE', #2706, 1000.000000000000000 ) ;
#2960 = CARTESIAN_POINT ( 'NONE',  ( -1.050000000000020700, 0.0000000000000000000, 0.8750000000000020000 ) ) ;
#2961 = CARTESIAN_POINT ( 'NONE',  ( 1.524999999999994400, 0.0000000000000000000, 0.3750000000000016100 ) ) ;
#2962 = VERTEX_POINT ( 'NONE', #2387 ) ;
#2963 = FACE_OUTER_BOUND ( 'NONE', #294, .T. ) ;
#2964 = ORIENTED_EDGE ( 'NONE', *, *, #2974, .T. ) ;
#2965 = DIRECTION ( 'NONE',  ( 0.0000000000000000000, -0.0000000000000000000, -1.000000000000000000 ) ) ;
#2966 = DIRECTION ( 'NONE',  ( 0.0000000000000000000, 0.0000000000000000000, -1.000000000000000000 ) ) ;
#2967 = DIRECTION ( 'NONE',  ( 0.0000000000000000000, 0.0000000000000000000, 1.000000000000000000 ) ) ;
#2968 = LINE ( 'NONE', #4192, #1537 ) ;
#2969 = DIRECTION ( 'NONE',  ( 0.0000000000000000000, 0.0000000000000000000, -1.000000000000000000 ) ) ;
#2970 = CARTESIAN_POINT ( 'NONE',  ( 1.049999999999989400, 0.0000000000000000000, 0.1250000000000020500 ) ) ;
#2971 = ADVANCED_FACE ( 'NONE', ( #3199 ), #1178, .F. ) ;
#2972 = DIRECTION ( 'NONE',  ( -1.000000000000000000, 0.0000000000000000000, 8.673617379884035500E-016 ) ) ;
#2973 = LINE ( 'NONE', #665, #4767 ) ;
#2974 = EDGE_CURVE ( 'NONE', #4626, #872, #3137, .T. ) ;
#2975 = CARTESIAN_POINT ( 'NONE',  ( -1.050000000000020700, 0.1000000000000000100, 0.8750000000000020000 ) ) ;
#2976 = ORIENTED_EDGE ( 'NONE', *, *, #1383, .F. ) ;
#2977 = ORIENTED_EDGE ( 'NONE', *, *, #3416, .F. ) ;
#2978 = FACE_OUTER_BOUND ( 'NONE', #881, .T. ) ;
#2979 = PLANE ( 'NONE',  #3947 ) ;
#2980 = EDGE_CURVE ( 'NONE', #2564, #625, #1256, .T. ) ;
#2981 = ORIENTED_EDGE ( 'NONE', *, *, #4216, .T. ) ;
#2982 = MANIFOLD_SOLID_BREP ( 'Boss-Extrude2[1]', #1834 ) ;
#2983 = DIRECTION ( 'NONE',  ( 1.000000000000000000, -0.0000000000000000000, -0.0000000000000000000 ) ) ;
#2984 = LINE ( 'NONE', #1015, #2241 ) ;
#2985 = DIRECTION ( 'NONE',  ( -0.0000000000000000000, 1.000000000000000000, -0.0000000000000000000 ) ) ;
#2986 = CARTESIAN_POINT ( 'NONE',  ( -0.6249999999999998900, 0.0000000000000000000, -1.050000000000000000 ) ) ;
#2987 = EDGE_LOOP ( 'NONE', ( #4103, #2876, #1635, #4221 ) ) ;
#2988 = ORIENTED_EDGE ( 'NONE', *, *, #99, .F. ) ;
#2990 = CARTESIAN_POINT ( 'NONE',  ( -1.624999999999999800, 1.139999999999999900, 1.500000000000000200 ) ) ;
#2989 = CARTESIAN_POINT ( 'NONE',  ( 1.524999999999989300, 0.0000000000000000000, -0.1249999999999983800 ) ) ;
#2991 = CARTESIAN_POINT ( 'NONE',  ( -0.3749999999999998900, 0.1000000000000000100, -1.399999999999999700 ) ) ;
#2992 = AXIS2_PLACEMENT_3D ( 'NONE', #4227, #3114, #3484 ) ;
#2993 = VECTOR ( 'NONE', #211, 1000.000000000000000 ) ;
#2994 = DIRECTION ( 'NONE',  ( 1.000000000000000000, 0.0000000000000000000, -1.334402673828313300E-016 ) ) ;
#2995 = EDGE_LOOP ( 'NONE', ( #1562, #1712, #235, #4110 ) ) ;
#2996 = VERTEX_POINT ( 'NONE', #4009 ) ;
#2997 = ADVANCED_FACE ( 'NONE', ( #4222, #2874, #3912, #997, #4926, #3319, #680, #2261, #4743, #2573, #1518, #38, #3255, #4467, #4671, #2750, #3382 ), #2126, .F. ) ;
#2998 = PLANE ( 'NONE',  #3528 ) ;
#2999 = FACE_OUTER_BOUND ( 'NONE', #2328, .T. ) ;
#3000 = DIRECTION ( 'NONE',  ( 9.130123557772670100E-016, 0.0000000000000000000, -1.000000000000000000 ) ) ;
#3001 = LINE ( 'NONE', #1890, #221 ) ;
#3002 = EDGE_CURVE ( 'NONE', #2662, #1970, #1380, .T. ) ;
#3003 = VECTOR ( 'NONE', #2600, 1000.000000000000000 ) ;
#3004 = AXIS2_PLACEMENT_3D ( 'NONE', #3868, #1540, #3357 ) ;
#3005 = ORIENTED_EDGE ( 'NONE', *, *, #895, .F. ) ;
#3006 = VECTOR ( 'NONE', #2422, 1000.000000000000000 ) ;
#3007 = VECTOR ( 'NONE', #1910, 1000.000000000000000 ) ;
#3008 = EDGE_LOOP ( 'NONE', ( #1905, #1590, #923, #2131 ) ) ;
#3009 = EDGE_LOOP ( 'NONE', ( #2312, #996, #3385, #4063 ) ) ;
#3010 = CARTESIAN_POINT ( 'NONE',  ( -0.6249999999999998900, 0.1000000000000000100, -1.399999999999999900 ) ) ;
#3011 = EDGE_CURVE ( 'NONE', #3686, #4899, #543, .T. ) ;
#3012 = DIRECTION ( 'NONE',  ( 0.0000000000000000000, 0.0000000000000000000, 1.000000000000000000 ) ) ;
#3013 = EDGE_LOOP ( 'NONE', ( #4975, #1894, #5038, #3643 ) ) ;
#3014 = LINE ( 'NONE', #3737, #4678 ) ;
#3015 = PLANE ( 'NONE',  #3692 ) ;
#3016 = EDGE_LOOP ( 'NONE', ( #2283, #4813, #4855, #242 ) ) ;
#3017 = PLANE ( 'NONE',  #1771 ) ;
#3018 = CARTESIAN_POINT ( 'NONE',  ( 1.049999999999989400, 0.1000000000000000100, 0.1250000000000020500 ) ) ;
#3019 = LINE ( 'NONE', #3662, #880 ) ;
#3020 = DIRECTION ( 'NONE',  ( -1.000000000000000000, 0.0000000000000000000, 6.847592668329805800E-016 ) ) ;
#3021 = ORIENTED_EDGE ( 'NONE', *, *, #4396, .F. ) ;
#3022 = ORIENTED_EDGE ( 'NONE', *, *, #3248, .F. ) ;
#3023 = VECTOR ( 'NONE', #2279, 1000.000000000000000 ) ;
#3024 = ADVANCED_FACE ( 'NONE', ( #5125 ), #1284, .T. ) ;
#3025 = DIRECTION ( 'NONE',  ( 0.0000000000000000000, 0.0000000000000000000, -1.000000000000000000 ) ) ;
#3026 = DIRECTION ( 'NONE',  ( 1.000000000000000000, -0.0000000000000000000, 6.847592668329805800E-016 ) ) ;
#3027 = VERTEX_POINT ( 'NONE', #438 ) ;
#3028 = AXIS2_PLACEMENT_3D ( 'NONE', #4380, #3706, #4051 ) ;
#3029 = ORIENTED_EDGE ( 'NONE', *, *, #759, .T. ) ;
#3030 = CARTESIAN_POINT ( 'NONE',  ( -0.1249999999999998900, 0.0000000000000000000, -1.050000000000000000 ) ) ;
#3031 = EDGE_LOOP ( 'NONE', ( #2175, #1688, #3646, #1110 ) ) ;
#3032 =( NAMED_UNIT ( * ) SI_UNIT ( $, .STERADIAN. ) SOLID_ANGLE_UNIT ( ) );
#3033 = CARTESIAN_POINT ( 'NONE',  ( 1.625000000000000200, 0.0000000000000000000, -1.500000000000000200 ) ) ;
#3034 = DIRECTION ( 'NONE',  ( 1.000000000000000000, 0.0000000000000000000, -6.847592668329805800E-016 ) ) ;
#3035 = LINE ( 'NONE', #5007, #508 ) ;
#3036 = SURFACE_STYLE_USAGE ( .BOTH. , #2228 ) ;
#3037 = EDGE_CURVE ( 'NONE', #1247, #2675, #1758, .T. ) ;
#3038 = ORIENTED_EDGE ( 'NONE', *, *, #1915, .T. ) ;
#3039 = CARTESIAN_POINT ( 'NONE',  ( 1.049999999999989400, 0.1000000000000000100, 0.1250000000000020500 ) ) ;
#3040 = ORIENTED_EDGE ( 'NONE', *, *, #5246, .F. ) ;
#3041 = LINE ( 'NONE', #2826, #5088 ) ;
#3042 = PLANE ( 'NONE',  #5137 ) ;
#3043 = EDGE_CURVE ( 'NONE', #4133, #3975, #4350, .T. ) ;
#3044 = DIRECTION ( 'NONE',  ( -1.000000000000000000, 0.0000000000000000000, -6.847592668329805800E-016 ) ) ;
#3045 = AXIS2_PLACEMENT_3D ( 'NONE', #772, #1241, #2409 ) ;
#3046 = DIRECTION ( 'NONE',  ( 1.734723475976807100E-015, 0.0000000000000000000, -1.000000000000000000 ) ) ;
#3047 = ORIENTED_EDGE ( 'NONE', *, *, #1864, .T. ) ;
#3048 = LINE ( 'NONE', #2467, #2295 ) ;
#3049 = ADVANCED_FACE ( 'NONE', ( #474 ), #493, .F. ) ;
#3050 = EDGE_CURVE ( 'NONE', #1207, #3572, #1885, .T. ) ;
#3051 = DIRECTION ( 'NONE',  ( -1.000000000000000000, 0.0000000000000000000, -9.130123557772670100E-016 ) ) ;
#3052 = CARTESIAN_POINT ( 'NONE',  ( -1.049999999999994500, 0.0000000000000000000, 0.6250000000000021100 ) ) ;
#3053 = VERTEX_POINT ( 'NONE', #894 ) ;
#3054 = VECTOR ( 'NONE', #1446, 1000.000000000000000 ) ;
#3055 = AXIS2_PLACEMENT_3D ( 'NONE', #2159, #5003, #4249 ) ;
#3056 = CARTESIAN_POINT ( 'NONE',  ( -1.049999999999978700, -0.0000000000000000000, -0.8749999999999980000 ) ) ;
#3057 = VECTOR ( 'NONE', #1168, 1000.000000000000000 ) ;
#3058 = DIRECTION ( 'NONE',  ( -1.000000000000000000, 0.0000000000000000000, 9.130123557772670100E-016 ) ) ;
#3059 = VERTEX_POINT ( 'NONE', #877 ) ;
#3060 = CARTESIAN_POINT ( 'NONE',  ( -0.3749999999999998900, 0.1000000000000000100, 1.050000000000000000 ) ) ;
#3061 = EDGE_LOOP ( 'NONE', ( #685, #1531, #2631, #4497 ) ) ;
#3062 = EDGE_LOOP ( 'NONE', ( #2403, #4253, #554, #4075 ) ) ;
#3063 = VECTOR ( 'NONE', #499, 1000.000000000000000 ) ;
#3064 = AXIS2_PLACEMENT_3D ( 'NONE', #470, #853, #490 ) ;
#3065 = LINE ( 'NONE', #2848, #3758 ) ;
#3066 = DIRECTION ( 'NONE',  ( 1.000000000000000000, 0.0000000000000000000, -9.130123557773074400E-016 ) ) ;
#3067 = VERTEX_POINT ( 'NONE', #4083 ) ;
#3068 = DIRECTION ( 'NONE',  ( 9.130123557772670100E-016, 0.0000000000000000000, -1.000000000000000000 ) ) ;
#3069 = FACE_OUTER_BOUND ( 'NONE', #3136, .T. ) ;
#3070 = LINE ( 'NONE', #700, #228 ) ;
#3071 = ORIENTED_EDGE ( 'NONE', *, *, #2033, .F. ) ;
#3072 = CARTESIAN_POINT ( 'NONE',  ( 0.3750000000000001100, 0.0000000000000000000, 1.050000000000000000 ) ) ;
#3073 = ORIENTED_EDGE ( 'NONE', *, *, #4754, .F. ) ;
#3074 = AXIS2_PLACEMENT_3D ( 'NONE', #4149, #515, #5025 ) ;
#3075 = LINE ( 'NONE', #4715, #1195 ) ;
#3076 =( NAMED_UNIT ( * ) PLANE_ANGLE_UNIT ( ) SI_UNIT ( $, .RADIAN. ) );
#3077 = LINE ( 'NONE', #986, #2010 ) ;
#3078 = ORIENTED_EDGE ( 'NONE', *, *, #4304, .F. ) ;
#3079 = ADVANCED_FACE ( 'NONE', ( #4019 ), #1725, .F. ) ;
#3080 = EDGE_LOOP ( 'NONE', ( #4300, #3467, #2512, #2617 ) ) ;
#3081 = DIRECTION ( 'NONE',  ( -9.130123557772670100E-016, 0.0000000000000000000, 1.000000000000000000 ) ) ;
#3082 = CARTESIAN_POINT ( 'NONE',  ( 0.1250000000000001100, 0.1000000000000000100, 1.050000000000000000 ) ) ;
#3083 = MANIFOLD_SOLID_BREP ( 'Boss-Extrude2[15]', #767 ) ;
#3084 = VECTOR ( 'NONE', #1175, 1000.000000000000000 ) ;
#3085 = EDGE_CURVE ( 'NONE', #3923, #4308, #1630, .T. ) ;
#3086 = ORIENTED_EDGE ( 'NONE', *, *, #4057, .F. ) ;
#3087 =( NAMED_UNIT ( * ) PLANE_ANGLE_UNIT ( ) SI_UNIT ( $, .RADIAN. ) );
#3088 = DIRECTION ( 'NONE',  ( -0.0000000000000000000, -1.000000000000000000, -0.0000000000000000000 ) ) ;
#3089 = LINE ( 'NONE', #3109, #4558 ) ;
#3090 = PLANE ( 'NONE',  #3424 ) ;
#3091 = DIRECTION ( 'NONE',  ( -1.000000000000000000, 0.0000000000000000000, -9.130123557772670100E-016 ) ) ;
#3092 = DIRECTION ( 'NONE',  ( 1.000000000000000000, 0.0000000000000000000, -1.734723475976807100E-015 ) ) ;
#3093 = EDGE_CURVE ( 'NONE', #105, #4101, #2322, .T. ) ;
#3094 = EDGE_LOOP ( 'NONE', ( #393, #634, #1951, #3499 ) ) ;
#3095 = FACE_OUTER_BOUND ( 'NONE', #1439, .T. ) ;
#3096 = DIRECTION ( 'NONE',  ( -0.0000000000000000000, 1.000000000000000000, -0.0000000000000000000 ) ) ;
#3097 = CARTESIAN_POINT ( 'NONE',  ( -0.3749999999999998900, 0.0000000000000000000, 1.400000000000000400 ) ) ;
#3098 =( NAMED_UNIT ( * ) PLANE_ANGLE_UNIT ( ) SI_UNIT ( $, .RADIAN. ) );
#3099 = LINE ( 'NONE', #4067, #1413 ) ;
#3100 = CARTESIAN_POINT ( 'NONE',  ( 0.6250000000000001100, 0.1000000000000000100, -1.050000000000000000 ) ) ;
#3101 = FACE_OUTER_BOUND ( 'NONE', #4483, .T. ) ;
#3102 = ADVANCED_FACE ( 'NONE', ( #1516 ), #478, .F. ) ;
#3103 = PLANE ( 'NONE',  #1003 ) ;
#3104 = CARTESIAN_POINT ( 'NONE',  ( -1.049999999999989400, 0.0000000000000000000, 0.1250000000000020500 ) ) ;
#3105 = EDGE_CURVE ( 'NONE', #2139, #3554, #344, .T. ) ;
#3106 = DIRECTION ( 'NONE',  ( 1.000000000000000000, 0.0000000000000000000, -9.130123557773074400E-016 ) ) ;
#3107 = ORIENTED_EDGE ( 'NONE', *, *, #407, .T. ) ;
#3108 = LINE ( 'NONE', #1848, #2850 ) ;
#3109 = CARTESIAN_POINT ( 'NONE',  ( -1.049999999999999800, 0.1000000000000000100, 1.125000000000002000 ) ) ;
#3110 = DIRECTION ( 'NONE',  ( 1.000000000000000000, -0.0000000000000000000, 8.673617379884035500E-016 ) ) ;
#3111 = EDGE_CURVE ( 'NONE', #4563, #4025, #1449, .T. ) ;
#3112 = CARTESIAN_POINT ( 'NONE',  ( 0.1250000000000001100, 0.0000000000000000000, 1.400000000000000400 ) ) ;
#3113 = VERTEX_POINT ( 'NONE', #4570 ) ;
#3114 = DIRECTION ( 'NONE',  ( -9.130123557772670100E-016, 0.0000000000000000000, -1.000000000000000000 ) ) ;
#3115 = ORIENTED_EDGE ( 'NONE', *, *, #358, .T. ) ;
#3116 = ORIENTED_EDGE ( 'NONE', *, *, #385, .F. ) ;
#3117 = ORIENTED_EDGE ( 'NONE', *, *, #1050, .F. ) ;
#3118 = EDGE_CURVE ( 'NONE', #3779, #651, #410, .T. ) ;
#3119 = SURFACE_STYLE_USAGE ( .BOTH. , #3142 ) ;
#3120 = VECTOR ( 'NONE', #3812, 1000.000000000000000 ) ;
#3121 = CARTESIAN_POINT ( 'NONE',  ( -0.6249999999999998900, 0.0000000000000000000, -1.399999999999999900 ) ) ;
#3122 = VECTOR ( 'NONE', #972, 1000.000000000000000 ) ;
#3123 = ORIENTED_EDGE ( 'NONE', *, *, #4468, .F. ) ;
#3124 = ORIENTED_EDGE ( 'NONE', *, *, #3996, .T. ) ;
#3125 = EDGE_LOOP ( 'NONE', ( #818, #2214, #1155, #879 ) ) ;
#3126 = FACE_OUTER_BOUND ( 'NONE', #4851, .T. ) ;
#3127 = AXIS2_PLACEMENT_3D ( 'NONE', #3763, #2586, #3313 ) ;
#3128 = CARTESIAN_POINT ( 'NONE',  ( 0.6250000000000001100, 0.1000000000000000100, 1.050000000000000000 ) ) ;
#3129 = ADVANCED_FACE ( 'NONE', ( #3907 ), #2149, .F. ) ;
#3130 = CARTESIAN_POINT ( 'NONE',  ( 1.049999999999999800, 0.0000000000000000000, 1.125000000000002000 ) ) ;
#3131 = CARTESIAN_POINT ( 'NONE',  ( 0.6250000000000001100, 0.1000000000000000100, -1.050000000000000000 ) ) ;
#3132 = VECTOR ( 'NONE', #1418, 1000.000000000000000 ) ;
#3133 = LINE ( 'NONE', #2510, #4532 ) ;
#3134 = CARTESIAN_POINT ( 'NONE',  ( 0.6250000000000001100, 0.0000000000000000000, -1.400000000000000400 ) ) ;
#3135 = AXIS2_PLACEMENT_3D ( 'NONE', #5242, #3645, #1198 ) ;
#3136 = EDGE_LOOP ( 'NONE', ( #4653, #3494, #330, #5181 ) ) ;
#3137 = LINE ( 'NONE', #366, #295 ) ;
#3138 = EDGE_CURVE ( 'NONE', #1207, #4214, #4288, .T. ) ;
#3139 = DIRECTION ( 'NONE',  ( -1.000000000000000000, 0.0000000000000000000, -9.130123557772670100E-016 ) ) ;
#3140 = FACE_OUTER_BOUND ( 'NONE', #848, .T. ) ;
#3141 = EDGE_LOOP ( 'NONE', ( #3553, #1291, #1237, #3253 ) ) ;
#3142 = SURFACE_SIDE_STYLE ('',( #1233 ) ) ;
#3143 = CARTESIAN_POINT ( 'NONE',  ( -0.6249999999999998900, -0.0000000000000000000, -1.399999999999999900 ) ) ;
#3144 = ORIENTED_EDGE ( 'NONE', *, *, #3991, .F. ) ;
#3145 = EDGE_CURVE ( 'NONE', #2681, #332, #3446, .T. ) ;
#3146 = MANIFOLD_SOLID_BREP ( 'Boss-Extrude2[14]', #1561 ) ;
#3147 = CARTESIAN_POINT ( 'NONE',  ( -1.049999999999999800, 0.0000000000000000000, -1.124999999999998000 ) ) ;
#3148 = VECTOR ( 'NONE', #4420, 1000.000000000000000 ) ;
#3149 = CLOSED_SHELL ( 'NONE', ( #2135, #4284, #1592, #2212, #79, #994 ) ) ;
#3150 = ORIENTED_EDGE ( 'NONE', *, *, #439, .F. ) ;
#3151 = CARTESIAN_POINT ( 'NONE',  ( -1.524999999999994400, 0.0000000000000000000, 0.6250000000000016700 ) ) ;
#3152 = ORIENTED_EDGE ( 'NONE', *, *, #4764, .F. ) ;
#3153 = LINE ( 'NONE', #240, #3468 ) ;
#3154 = EDGE_CURVE ( 'NONE', #4750, #3975, #2123, .T. ) ;
#3155 = MECHANICAL_DESIGN_GEOMETRIC_PRESENTATION_REPRESENTATION (  '', ( #2174 ), #828 ) ;
#3156 = DIRECTION ( 'NONE',  ( 0.0000000000000000000, 0.0000000000000000000, 1.000000000000000000 ) ) ;
#3157 = CARTESIAN_POINT ( 'NONE',  ( -1.524999999999994400, 0.0000000000000000000, 0.6250000000000016700 ) ) ;
#3158 = ADVANCED_FACE ( 'NONE', ( #3069 ), #108, .F. ) ;
#3159 = CARTESIAN_POINT ( 'NONE',  ( -1.049999999999994500, 0.1000000000000000100, 0.6250000000000021100 ) ) ;
#3160 = EDGE_LOOP ( 'NONE', ( #1194, #4027, #4217, #1844 ) ) ;
#3161 = VECTOR ( 'NONE', #2817, 1000.000000000000000 ) ;
#3162 = CARTESIAN_POINT ( 'NONE',  ( 0.1250000000000001100, 0.1000000000000000100, 1.399999999999999700 ) ) ;
#3163 = DIRECTION ( 'NONE',  ( -0.0000000000000000000, -0.0000000000000000000, -1.000000000000000000 ) ) ;
#3164 = EDGE_CURVE ( 'NONE', #2372, #2700, #1690, .T. ) ;
#3165 = LINE ( 'NONE', #4989, #4376 ) ;
#3166 = DIRECTION ( 'NONE',  ( -1.000000000000000000, 0.0000000000000000000, -9.130123557772670100E-016 ) ) ;
#3167 = DIRECTION ( 'NONE',  ( -0.0000000000000000000, -1.000000000000000000, -0.0000000000000000000 ) ) ;
#3168 = ORIENTED_EDGE ( 'NONE', *, *, #578, .F. ) ;
#3169 = LINE ( 'NONE', #1601, #4437 ) ;
#3170 = ORIENTED_EDGE ( 'NONE', *, *, #2198, .F. ) ;
#3171 = VECTOR ( 'NONE', #5238, 1000.000000000000000 ) ;
#3172 = CARTESIAN_POINT ( 'NONE',  ( 0.1250000000000001100, 0.1000000000000000100, -1.400000000000000400 ) ) ;
#3173 = CARTESIAN_POINT ( 'NONE',  ( 0.1250000000000001100, 0.0000000000000000000, -1.399999999999999700 ) ) ;
#3174 = DIRECTION ( 'NONE',  ( -0.0000000000000000000, 0.0000000000000000000, 1.000000000000000000 ) ) ;
#3175 = EDGE_CURVE ( 'NONE', #449, #3993, #2252, .T. ) ;
#3176 = VERTEX_POINT ( 'NONE', #966 ) ;
#3177 = LINE ( 'NONE', #4024, #2110 ) ;
#3178 = PLANE ( 'NONE',  #153 ) ;
#3179 = ORIENTED_EDGE ( 'NONE', *, *, #791, .T. ) ;
#3180 = CARTESIAN_POINT ( 'NONE',  ( -1.050000000000010300, 0.0000000000000000000, -0.1249999999999980600 ) ) ;
#3181 = CARTESIAN_POINT ( 'NONE',  ( 1.625000000000000200, 1.139999999999999900, -1.500000000000000200 ) ) ;
#3182 = EDGE_CURVE ( 'NONE', #3993, #4101, #4154, .T. ) ;
#3183 = DIRECTION ( 'NONE',  ( -1.000000000000000000, 0.0000000000000000000, -9.130123557773074400E-016 ) ) ;
#3184 = LINE ( 'NONE', #1261, #2118 ) ;
#3185 = ORIENTED_EDGE ( 'NONE', *, *, #3154, .T. ) ;
#3186 = VECTOR ( 'NONE', #5108, 1000.000000000000000 ) ;
#3187 = DIRECTION ( 'NONE',  ( 1.000000000000000000, 0.0000000000000000000, -8.413408858487515700E-014 ) ) ;
#3188 = CARTESIAN_POINT ( 'NONE',  ( 1.050000000000015600, 0.1000000000000000100, 0.3750000000000019400 ) ) ;
#3189 = EDGE_CURVE ( 'NONE', #4238, #3364, #3896, .T. ) ;
#3190 = CARTESIAN_POINT ( 'NONE',  ( 1.625000000000000200, 1.139999999999999900, 1.499999999999999800 ) ) ;
#3191 = VECTOR ( 'NONE', #2254, 1000.000000000000000 ) ;
#3192 = VECTOR ( 'NONE', #81, 1000.000000000000000 ) ;
#3193 = CARTESIAN_POINT ( 'NONE',  ( 0.3750000000000001100, 0.1000000000000000100, 1.399999999999999900 ) ) ;
#3194 = PRESENTATION_STYLE_ASSIGNMENT (( #3389 ) ) ;
#3195 = LINE ( 'NONE', #4840, #3315 ) ;
#3196 = EDGE_LOOP ( 'NONE', ( #4209, #789, #2177, #2355 ) ) ;
#3197 = ORIENTED_EDGE ( 'NONE', *, *, #3727, .F. ) ;
#3198 = DIRECTION ( 'NONE',  ( -0.0000000000000000000, 1.000000000000000000, -0.0000000000000000000 ) ) ;
#3199 = FACE_OUTER_BOUND ( 'NONE', #2702, .T. ) ;
#3200 = VECTOR ( 'NONE', #2972, 1000.000000000000000 ) ;
#3201 = EDGE_LOOP ( 'NONE', ( #2240, #1138, #2956, #3252 ) ) ;
#3202 = VERTEX_POINT ( 'NONE', #2180 ) ;
#3203 = CARTESIAN_POINT ( 'NONE',  ( 1.625000000000000200, 1.139999999999999900, -1.500000000000000200 ) ) ;
#3204 = EDGE_CURVE ( 'NONE', #5274, #3993, #1309, .T. ) ;
#3205 = VECTOR ( 'NONE', #100, 1000.000000000000000 ) ;
#3206 = DIRECTION ( 'NONE',  ( -0.0000000000000000000, -0.0000000000000000000, 1.000000000000000000 ) ) ;
#3207 = VERTEX_POINT ( 'NONE', #3317 ) ;
#3208 = CARTESIAN_POINT ( 'NONE',  ( -0.1249999999999998900, 0.0000000000000000000, 1.399999999999999900 ) ) ;
#3209 = DIRECTION ( 'NONE',  ( 1.000000000000000000, 0.0000000000000000000, 0.0000000000000000000 ) ) ;
#3210 = ORIENTED_EDGE ( 'NONE', *, *, #5239, .T. ) ;
#3211 = EDGE_CURVE ( 'NONE', #625, #4656, #5117, .T. ) ;
#3212 = ORIENTED_EDGE ( 'NONE', *, *, #752, .T. ) ;
#3213 = DIRECTION ( 'NONE',  ( 8.413408858487514400E-014, -0.0000000000000000000, -1.000000000000000000 ) ) ;
#3214 = DIRECTION ( 'NONE',  ( -1.000000000000000000, 0.0000000000000000000, 0.0000000000000000000 ) ) ;
#3215 = ORIENTED_EDGE ( 'NONE', *, *, #53, .F. ) ;
#3216 = LINE ( 'NONE', #2990, #428 ) ;
#3217 = EDGE_CURVE ( 'NONE', #4101, #18, #1998, .T. ) ;
#3218 = VECTOR ( 'NONE', #1274, 1000.000000000000000 ) ;
#3219 = PLANE ( 'NONE',  #1687 ) ;
#3220 = DIRECTION ( 'NONE',  ( -0.0000000000000000000, 1.000000000000000000, -0.0000000000000000000 ) ) ;
#3221 = VECTOR ( 'NONE', #2725, 1000.000000000000000 ) ;
#3222 = CARTESIAN_POINT ( 'NONE',  ( 0.1250000000000001100, 0.1000000000000000100, -1.050000000000000000 ) ) ;
#3223 = ORIENTED_EDGE ( 'NONE', *, *, #3591, .T. ) ;
#3224 = VECTOR ( 'NONE', #2040, 1000.000000000000000 ) ;
#3225 = DIRECTION ( 'NONE',  ( -8.413408858487510600E-014, 0.0000000000000000000, -1.000000000000000000 ) ) ;
#3226 = ADVANCED_FACE ( 'NONE', ( #4530 ), #4971, .T. ) ;
#3227 = PLANE ( 'NONE',  #3938 ) ;
#3228 = DIRECTION ( 'NONE',  ( 1.000000000000000000, -0.0000000000000000000, 6.847592668329805800E-016 ) ) ;
#3229 = AXIS2_PLACEMENT_3D ( 'NONE', #1594, #1985, #4819 ) ;
#3230 = ORIENTED_EDGE ( 'NONE', *, *, #3182, .F. ) ;
#3231 = LINE ( 'NONE', #2766, #3171 ) ;
#3232 = CARTESIAN_POINT ( 'NONE',  ( 1.625000000000000200, 0.0000000000000000000, -1.500000000000000200 ) ) ;
#3233 = ADVANCED_FACE ( 'NONE', ( #4080 ), #4664, .F. ) ;
#3234 = DIRECTION ( 'NONE',  ( 0.0000000000000000000, 0.0000000000000000000, -1.000000000000000000 ) ) ;
#3235 = UNCERTAINTY_MEASURE_WITH_UNIT (LENGTH_MEASURE( 1.000000000000000100E-005 ), #737, 'distance_accuracy_value', 'NONE');
#3236 = VERTEX_POINT ( 'NONE', #912 ) ;
#3237 = CARTESIAN_POINT ( 'NONE',  ( -1.524999999999999700, 0.0000000000000000000, 1.125000000000001600 ) ) ;
#3238 = EDGE_CURVE ( 'NONE', #3961, #3387, #925, .T. ) ;
#3239 = CARTESIAN_POINT ( 'NONE',  ( 1.050000000000010300, 0.1000000000000000100, -0.1249999999999980600 ) ) ;
#3240 = ORIENTED_EDGE ( 'NONE', *, *, #3474, .T. ) ;
#3241 = ORIENTED_EDGE ( 'NONE', *, *, #4771, .F. ) ;
#3242 = VECTOR ( 'NONE', #2902, 1000.000000000000000 ) ;
#3243 = DIRECTION ( 'NONE',  ( 1.000000000000000000, 0.0000000000000000000, -9.130123557773074400E-016 ) ) ;
#3244 = LINE ( 'NONE', #1344, #1990 ) ;
#3245 = DIRECTION ( 'NONE',  ( -8.413408858487510600E-014, 0.0000000000000000000, -1.000000000000000000 ) ) ;
#3246 = ORIENTED_EDGE ( 'NONE', *, *, #1846, .T. ) ;
#3247 = EDGE_LOOP ( 'NONE', ( #3625, #4977, #2813, #527 ) ) ;
#3248 = EDGE_CURVE ( 'NONE', #3819, #1597, #87, .T. ) ;
#3249 = DIRECTION ( 'NONE',  ( -1.000000000000000000, -0.0000000000000000000, 9.130123557772670100E-016 ) ) ;
#3250 = VECTOR ( 'NONE', #5155, 1000.000000000000000 ) ;
#3251 = CARTESIAN_POINT ( 'NONE',  ( 0.1250000000000001100, 0.0000000000000000000, 1.400000000000000400 ) ) ;
#3252 = ORIENTED_EDGE ( 'NONE', *, *, #978, .T. ) ;
#3253 = ORIENTED_EDGE ( 'NONE', *, *, #859, .T. ) ;
#3254 = CARTESIAN_POINT ( 'NONE',  ( 1.049999999999999800, 0.1000000000000000100, -1.124999999999998000 ) ) ;
#3255 = FACE_BOUND ( 'NONE', #2674, .T. ) ;
#3256 = VECTOR ( 'NONE', #2949, 1000.000000000000000 ) ;
#3257 = CARTESIAN_POINT ( 'NONE',  ( 1.524999999999984100, 0.0000000000000000000, -0.6249999999999983300 ) ) ;
#3258 = AXIS2_PLACEMENT_3D ( 'NONE', #3817, #676, #3893 ) ;
#3259 = DIRECTION ( 'NONE',  ( 1.000000000000000000, -0.0000000000000000000, 9.130123557773074400E-016 ) ) ;
#3260 = DIRECTION ( 'NONE',  ( -8.413408858487510600E-014, 0.0000000000000000000, 1.000000000000000000 ) ) ;
#3261 = ORIENTED_EDGE ( 'NONE', *, *, #3918, .T. ) ;
#3262 = FACE_OUTER_BOUND ( 'NONE', #3855, .T. ) ;
#3263 = FACE_OUTER_BOUND ( 'NONE', #4161, .T. ) ;
#3264 = EDGE_LOOP ( 'NONE', ( #2450, #1004, #230, #3379 ) ) ;
#3265 = CLOSED_SHELL ( 'NONE', ( #5035, #757, #4576, #1176, #2106, #30 ) ) ;
#3266 = ADVANCED_FACE ( 'NONE', ( #4918 ), #1857, .F. ) ;
#3267 = LINE ( 'NONE', #1300, #42 ) ;
#3268 = CARTESIAN_POINT ( 'NONE',  ( 1.050000000000010300, 0.0000000000000000000, -0.1249999999999980600 ) ) ;
#3269 = VERTEX_POINT ( 'NONE', #2602 ) ;
#3270 = CARTESIAN_POINT ( 'NONE',  ( 0.3750000000000001100, 0.1000000000000000100, 1.399999999999999900 ) ) ;
#3271 = EDGE_CURVE ( 'NONE', #270, #4120, #671, .T. ) ;
#3272 = PLANE ( 'NONE',  #5256 ) ;
#3273 = VERTEX_POINT ( 'NONE', #208 ) ;
#3274 = ORIENTED_EDGE ( 'NONE', *, *, #1239, .T. ) ;
#3275 = LINE ( 'NONE', #4210, #4759 ) ;
#3276 = FILL_AREA_STYLE_COLOUR ( '', #4371 ) ;
#3277 = PLANE ( 'NONE',  #3834 ) ;
#3278 = ORIENTED_EDGE ( 'NONE', *, *, #1966, .F. ) ;
#3279 = EDGE_CURVE ( 'NONE', #1070, #1122, #4663, .T. ) ;
#3280 = AXIS2_PLACEMENT_3D ( 'NONE', #2458, #3609, #3245 ) ;
#3281 = EDGE_LOOP ( 'NONE', ( #158, #3530, #473, #3107 ) ) ;
#3282 = DIRECTION ( 'NONE',  ( -1.000000000000000000, -0.0000000000000000000, 9.130123557772670100E-016 ) ) ;
#3283 = DIRECTION ( 'NONE',  ( 8.413408858487510600E-014, -0.0000000000000000000, -1.000000000000000000 ) ) ;
#3284 = VECTOR ( 'NONE', #4616, 1000.000000000000000 ) ;
#3285 = EDGE_CURVE ( 'NONE', #970, #4860, #4013, .T. ) ;
#3286 = ADVANCED_FACE ( 'NONE', ( #2870 ), #1868, .F. ) ;
#3287 = CARTESIAN_POINT ( 'NONE',  ( -0.1249999999999998900, -0.0000000000000000000, -1.050000000000000000 ) ) ;
#3288 = CARTESIAN_POINT ( 'NONE',  ( 1.050000000000020700, 0.0000000000000000000, 0.8750000000000020000 ) ) ;
#3289 = DIRECTION ( 'NONE',  ( -0.0000000000000000000, -1.000000000000000000, -0.0000000000000000000 ) ) ;
#3290 = EDGE_LOOP ( 'NONE', ( #3748, #5254, #273, #687 ) ) ;
#3291 = LINE ( 'NONE', #1297, #5166 ) ;
#3292 = PLANE ( 'NONE',  #1254 ) ;
#3293 = ORIENTED_EDGE ( 'NONE', *, *, #1999, .T. ) ;
#3294 = VECTOR ( 'NONE', #4547, 1000.000000000000000 ) ;
#3295 = CARTESIAN_POINT ( 'NONE',  ( -1.524999999999999700, 0.0000000000000000000, 0.8750000000000016700 ) ) ;
#3296 = DIRECTION ( 'NONE',  ( -0.0000000000000000000, 1.000000000000000000, -0.0000000000000000000 ) ) ;
#3297 = EDGE_CURVE ( 'NONE', #3236, #2337, #3307, .T. ) ;
#3298 = MANIFOLD_SOLID_BREP ( 'Boss-Extrude2[12]', #2629 ) ;
#3299 = VERTEX_POINT ( 'NONE', #4310 ) ;
#3300 = ORIENTED_EDGE ( 'NONE', *, *, #1445, .T. ) ;
#3302 = CARTESIAN_POINT ( 'NONE',  ( 0.0000000000000000000, 0.0000000000000000000, 0.0000000000000000000 ) ) ;
#3301 = CARTESIAN_POINT ( 'NONE',  ( -1.050000000000010300, 0.1000000000000000100, -0.1249999999999980600 ) ) ;
#3303 = EDGE_CURVE ( 'NONE', #1986, #2662, #4984, .T. ) ;
#3304 = DIRECTION ( 'NONE',  ( 0.0000000000000000000, 0.0000000000000000000, -1.000000000000000000 ) ) ;
#3305 = ORIENTED_EDGE ( 'NONE', *, *, #5115, .F. ) ;
#3306 = ADVANCED_FACE ( 'NONE', ( #2192 ), #177, .F. ) ;
#3307 = LINE ( 'NONE', #3460, #601 ) ;
#3308 = VECTOR ( 'NONE', #2196, 1000.000000000000000 ) ;
#3309 = FILL_AREA_STYLE ('',( #4894 ) ) ;
#3310 = CARTESIAN_POINT ( 'NONE',  ( 1.050000000000020700, 0.0000000000000000000, 0.8750000000000020000 ) ) ;
#3311 = CARTESIAN_POINT ( 'NONE',  ( -0.6249999999999998900, 0.0000000000000000000, -1.050000000000000000 ) ) ;
#3312 = EDGE_CURVE ( 'NONE', #754, #264, #4218, .T. ) ;
#3313 = DIRECTION ( 'NONE',  ( 0.0000000000000000000, -0.0000000000000000000, -1.000000000000000000 ) ) ;
#3314 = EDGE_LOOP ( 'NONE', ( #907, #5235, #1187, #1467 ) ) ;
#3315 = VECTOR ( 'NONE', #3951, 1000.000000000000000 ) ;
#3316 = ORIENTED_EDGE ( 'NONE', *, *, #2129, .F. ) ;
#3317 = CARTESIAN_POINT ( 'NONE',  ( 1.524999999999999700, 0.1000000000000000100, 0.8750000000000016700 ) ) ;
#3318 = ORIENTED_EDGE ( 'NONE', *, *, #60, .T. ) ;
#3319 = FACE_BOUND ( 'NONE', #1812, .T. ) ;
#3320 = STYLED_ITEM ( 'NONE', ( #2606 ), #655 ) ;
#3321 = DIRECTION ( 'NONE',  ( 1.000000000000000000, 0.0000000000000000000, -6.847592668329805800E-016 ) ) ;
#3322 = LINE ( 'NONE', #2957, #2382 ) ;
#3323 = ORIENTED_EDGE ( 'NONE', *, *, #1334, .F. ) ;
#3324 = CARTESIAN_POINT ( 'NONE',  ( -1.050000000000010300, 0.1000000000000000100, -0.1249999999999980600 ) ) ;
#3325 = VECTOR ( 'NONE', #3243, 1000.000000000000000 ) ;
#3326 = CARTESIAN_POINT ( 'NONE',  ( 0.3750000000000001100, 0.1000000000000000100, 1.050000000000000000 ) ) ;
#3327 = ORIENTED_EDGE ( 'NONE', *, *, #4573, .T. ) ;
#3328 = PRESENTATION_LAYER_ASSIGNMENT (  '', '', ( #1225 ) ) ;
#3329 = EDGE_LOOP ( 'NONE', ( #542, #3714, #1353, #2910 ) ) ;
#3330 = CARTESIAN_POINT ( 'NONE',  ( 1.049999999999984100, 0.0000000000000000000, -0.3749999999999979500 ) ) ;
#3331 = ORIENTED_EDGE ( 'NONE', *, *, #3991, .T. ) ;
#3332 = FACE_OUTER_BOUND ( 'NONE', #4342, .T. ) ;
#3333 = ORIENTED_EDGE ( 'NONE', *, *, #1666, .T. ) ;
#3334 = CARTESIAN_POINT ( 'NONE',  ( 0.0000000000000000000, 0.0000000000000000000, 0.0000000000000000000 ) ) ;
#3335 = ORIENTED_EDGE ( 'NONE', *, *, #3002, .T. ) ;
#3336 = FACE_OUTER_BOUND ( 'NONE', #947, .T. ) ;
#3337 = ADVANCED_FACE ( 'NONE', ( #1123 ), #3823, .F. ) ;
#3338 = CARTESIAN_POINT ( 'NONE',  ( 1.524999999999994400, 0.0000000000000000000, 0.6250000000000016700 ) ) ;
#3339 = EDGE_CURVE ( 'NONE', #1448, #2109, #1053, .T. ) ;
#3340 = ORIENTED_EDGE ( 'NONE', *, *, #3238, .F. ) ;
#3341 = PLANE ( 'NONE',  #2349 ) ;
#3342 =( NAMED_UNIT ( * ) PLANE_ANGLE_UNIT ( ) SI_UNIT ( $, .RADIAN. ) );
#3343 = VECTOR ( 'NONE', #2426, 1000.000000000000000 ) ;
#3344 = PLANE ( 'NONE',  #5147 ) ;
#3345 = EDGE_CURVE ( 'NONE', #3969, #683, #3001, .T. ) ;
#3346 = LINE ( 'NONE', #1026, #2779 ) ;
#3347 = FILL_AREA_STYLE ('',( #3363 ) ) ;
#3348 = CARTESIAN_POINT ( 'NONE',  ( 0.3750000000000001100, 0.1000000000000000100, -1.050000000000000000 ) ) ;
#3349 = CARTESIAN_POINT ( 'NONE',  ( 0.0000000000000000000, 0.1000000000000000100, 0.0000000000000000000 ) ) ;
#3350 = VERTEX_POINT ( 'NONE', #4259 ) ;
#3351 = LINE ( 'NONE', #2412, #2411 ) ;
#3352 = EDGE_CURVE ( 'NONE', #4925, #4343, #468, .T. ) ;
#3353 = DIRECTION ( 'NONE',  ( 6.847592668329805800E-016, 0.0000000000000000000, 1.000000000000000000 ) ) ;
#3354 = DIRECTION ( 'NONE',  ( 0.0000000000000000000, -0.0000000000000000000, 1.000000000000000000 ) ) ;
#3355 = ORIENTED_EDGE ( 'NONE', *, *, #2635, .F. ) ;
#3356 = LINE ( 'NONE', #24, #4326 ) ;
#3358 = DIRECTION ( 'NONE',  ( 0.0000000000000000000, 0.0000000000000000000, -1.000000000000000000 ) ) ;
#3357 = DIRECTION ( 'NONE',  ( 0.0000000000000000000, 0.0000000000000000000, -1.000000000000000000 ) ) ;
#3359 = ORIENTED_EDGE ( 'NONE', *, *, #1547, .T. ) ;
#3360 = LINE ( 'NONE', #4799, #975 ) ;
#3361 = PLANE ( 'NONE',  #2780 ) ;
#3362 = ADVANCED_FACE ( 'NONE', ( #3565 ), #1483, .F. ) ;
#3363 = FILL_AREA_STYLE_COLOUR ( '', #2199 ) ;
#3364 = VERTEX_POINT ( 'NONE', #2291 ) ;
#3365 = CARTESIAN_POINT ( 'NONE',  ( -0.1249999999999998900, 0.1000000000000000100, 1.399999999999999900 ) ) ;
#3366 = ORIENTED_EDGE ( 'NONE', *, *, #396, .T. ) ;
#3367 = ORIENTED_EDGE ( 'NONE', *, *, #4304, .T. ) ;
#3368 = DIRECTION ( 'NONE',  ( -9.130123557772670100E-016, 0.0000000000000000000, 1.000000000000000000 ) ) ;
#3369 = EDGE_CURVE ( 'NONE', #4927, #449, #2062, .T. ) ;
#3370 = MECHANICAL_DESIGN_GEOMETRIC_PRESENTATION_REPRESENTATION (  '', ( #23 ), #3602 ) ;
#3371 = LINE ( 'NONE', #1525, #2363 ) ;
#3372 = CARTESIAN_POINT ( 'NONE',  ( -1.050000000000010300, 0.1000000000000000100, -0.1249999999999980600 ) ) ;
#3373 = ORIENTED_EDGE ( 'NONE', *, *, #3043, .F. ) ;
#3374 = ORIENTED_EDGE ( 'NONE', *, *, #2651, .F. ) ;
#3375 = DIRECTION ( 'NONE',  ( 8.413408858487510600E-014, 0.0000000000000000000, -1.000000000000000000 ) ) ;
#3376 = LINE ( 'NONE', #3978, #4156 ) ;
#3377 = ORIENTED_EDGE ( 'NONE', *, *, #2635, .T. ) ;
#3378 = CARTESIAN_POINT ( 'NONE',  ( 1.049999999999978700, 0.0000000000000000000, -0.8749999999999980000 ) ) ;
#3379 = ORIENTED_EDGE ( 'NONE', *, *, #852, .T. ) ;
#3380 = EDGE_CURVE ( 'NONE', #3689, #32, #1752, .T. ) ;
#3381 = AXIS2_PLACEMENT_3D ( 'NONE', #600, #3842, #570 ) ;
#3382 = FACE_OUTER_BOUND ( 'NONE', #4213, .T. ) ;
#3383 = VECTOR ( 'NONE', #928, 1000.000000000000000 ) ;
#3384 = CARTESIAN_POINT ( 'NONE',  ( -0.1249999999999998900, 0.1000000000000000100, -1.399999999999999900 ) ) ;
#3385 = ORIENTED_EDGE ( 'NONE', *, *, #3966, .F. ) ;
#3386 = CARTESIAN_POINT ( 'NONE',  ( 1.524999999999994400, 0.1000000000000000100, 0.6250000000000016700 ) ) ;
#3387 = VERTEX_POINT ( 'NONE', #3579 ) ;
#3388 = VECTOR ( 'NONE', #1074, 1000.000000000000000 ) ;
#3389 = SURFACE_STYLE_USAGE ( .BOTH. , #1363 ) ;
#3390 = DIRECTION ( 'NONE',  ( 1.000000000000000000, 0.0000000000000000000, 6.847592668329805800E-016 ) ) ;
#3391 = ADVANCED_FACE ( 'NONE', ( #2314 ), #3972, .F. ) ;
#3392 = VERTEX_POINT ( 'NONE', #769 ) ;
#3393 = DIRECTION ( 'NONE',  ( 0.0000000000000000000, -0.0000000000000000000, -1.000000000000000000 ) ) ;
#3394 = MANIFOLD_SOLID_BREP ( 'Boss-Extrude2[10]', #464 ) ;
#3395 = CARTESIAN_POINT ( 'NONE',  ( 0.0000000000000000000, 0.0000000000000000000, 0.0000000000000000000 ) ) ;
#3396 = ORIENTED_EDGE ( 'NONE', *, *, #237, .T. ) ;
#3397 = VECTOR ( 'NONE', #2150, 1000.000000000000000 ) ;
#3398 = PRESENTATION_LAYER_ASSIGNMENT (  '', '', ( #1794 ) ) ;
#3399 = EDGE_LOOP ( 'NONE', ( #3980, #589, #337, #3477 ) ) ;
#3400 = EDGE_CURVE ( 'NONE', #2654, #1709, #4003, .T. ) ;
#3401 = CARTESIAN_POINT ( 'NONE',  ( 0.1250000000000001100, 0.1000000000000000100, -1.399999999999999700 ) ) ;
#3402 = LINE ( 'NONE', #3288, #186 ) ;
#3403 = DIRECTION ( 'NONE',  ( 0.0000000000000000000, 0.0000000000000000000, 1.000000000000000000 ) ) ;
#3404 = DIRECTION ( 'NONE',  ( 1.000000000000000000, 0.0000000000000000000, 0.0000000000000000000 ) ) ;
#3405 = VECTOR ( 'NONE', #104, 1000.000000000000000 ) ;
#3406 = EDGE_CURVE ( 'NONE', #1991, #4742, #4910, .T. ) ;
#3407 = DIRECTION ( 'NONE',  ( -1.000000000000000000, 0.0000000000000000000, 0.0000000000000000000 ) ) ;
#3408 = AXIS2_PLACEMENT_3D ( 'NONE', #4667, #3404, #3025 ) ;
#3410 = CARTESIAN_POINT ( 'NONE',  ( 0.0000000000000000000, 0.1000000000000000100, 0.0000000000000000000 ) ) ;
#3409 = CARTESIAN_POINT ( 'NONE',  ( -0.1249999999999998900, -0.0000000000000000000, -1.050000000000000000 ) ) ;
#3411 = SURFACE_SIDE_STYLE ('',( #3680 ) ) ;
#3412 = ORIENTED_EDGE ( 'NONE', *, *, #2873, .F. ) ;
#3413 = VECTOR ( 'NONE', #1185, 1000.000000000000000 ) ;
#3414 = CARTESIAN_POINT ( 'NONE',  ( -0.3749999999999998900, -0.0000000000000000000, -1.050000000000000000 ) ) ;
#3415 = ADVANCED_FACE ( 'NONE', ( #404 ), #1474, .F. ) ;
#3416 = EDGE_CURVE ( 'NONE', #170, #5105, #2926, .T. ) ;
#3417 = CARTESIAN_POINT ( 'NONE',  ( 0.1250000000000001100, 0.0000000000000000000, 1.050000000000000000 ) ) ;
#3418 = CARTESIAN_POINT ( 'NONE',  ( 1.050000000000005200, 0.0000000000000000000, -0.6249999999999981100 ) ) ;
#3419 = VERTEX_POINT ( 'NONE', #1163 ) ;
#3420 = VECTOR ( 'NONE', #3234, 1000.000000000000000 ) ;
#3421 = DIRECTION ( 'NONE',  ( 8.413408858487510600E-014, -0.0000000000000000000, -1.000000000000000000 ) ) ;
#3422 = EDGE_LOOP ( 'NONE', ( #5192, #388, #780, #1773 ) ) ;
#3423 = COLOUR_RGB ( '',1.000000000000000000, 1.000000000000000000, 1.000000000000000000 ) ;
#3424 = AXIS2_PLACEMENT_3D ( 'NONE', #1412, #3943, #5152 ) ;
#3425 = DIRECTION ( 'NONE',  ( 0.0000000000000000000, 0.0000000000000000000, -1.000000000000000000 ) ) ;
#3426 = DIRECTION ( 'NONE',  ( -1.000000000000000000, 0.0000000000000000000, -0.0000000000000000000 ) ) ;
#3427 = DIRECTION ( 'NONE',  ( 8.413408858487510600E-014, 0.0000000000000000000, 1.000000000000000000 ) ) ;
#3428 = ORIENTED_EDGE ( 'NONE', *, *, #509, .T. ) ;
#3429 = ORIENTED_EDGE ( 'NONE', *, *, #3549, .F. ) ;
#3430 = VECTOR ( 'NONE', #653, 1000.000000000000000 ) ;
#3431 = CARTESIAN_POINT ( 'NONE',  ( 0.0000000000000000000, 0.1000000000000000100, 0.0000000000000000000 ) ) ;
#3432 = ORIENTED_EDGE ( 'NONE', *, *, #4629, .F. ) ;
#3433 = DIRECTION ( 'NONE',  ( -1.000000000000000000, 0.0000000000000000000, -9.130123557772670100E-016 ) ) ;
#3434 = SHAPE_DEFINITION_REPRESENTATION ( #4954, #97 ) ;
#3435 = DIRECTION ( 'NONE',  ( 0.0000000000000000000, -0.0000000000000000000, -1.000000000000000000 ) ) ;
#3436 = ORIENTED_EDGE ( 'NONE', *, *, #1020, .F. ) ;
#3437 = LINE ( 'NONE', #3270, #918 ) ;
#3438 = EDGE_CURVE ( 'NONE', #2729, #1236, #3371, .T. ) ;
#3439 = LINE ( 'NONE', #138, #3256 ) ;
#3440 = PRESENTATION_LAYER_ASSIGNMENT (  '', '', ( #3992 ) ) ;
#3441 = DIRECTION ( 'NONE',  ( 0.0000000000000000000, 0.0000000000000000000, 1.000000000000000000 ) ) ;
#3442 = ADVANCED_FACE ( 'NONE', ( #1116 ), #630, .F. ) ;
#3443 = ORIENTED_EDGE ( 'NONE', *, *, #5277, .F. ) ;
#3444 = PLANE ( 'NONE',  #317 ) ;
#3445 = ORIENTED_EDGE ( 'NONE', *, *, #4216, .F. ) ;
#3446 = LINE ( 'NONE', #531, #2811 ) ;
#3447 = ORIENTED_EDGE ( 'NONE', *, *, #3752, .F. ) ;
#3448 = VERTEX_POINT ( 'NONE', #1312 ) ;
#3449 = EDGE_CURVE ( 'NONE', #2587, #506, #5109, .T. ) ;
#3450 = DIRECTION ( 'NONE',  ( 0.0000000000000000000, 0.0000000000000000000, 1.000000000000000000 ) ) ;
#3451 = ORIENTED_EDGE ( 'NONE', *, *, #3380, .T. ) ;
#3452 = VECTOR ( 'NONE', #2946, 1000.000000000000000 ) ;
#3453 = DIRECTION ( 'NONE',  ( -1.000000000000000000, 0.0000000000000000000, 0.0000000000000000000 ) ) ;
#3454 = FACE_OUTER_BOUND ( 'NONE', #1077, .T. ) ;
#3455 = CARTESIAN_POINT ( 'NONE',  ( 0.1250000000000001100, 0.1000000000000000100, -1.050000000000000000 ) ) ;
#3456 = ORIENTED_EDGE ( 'NONE', *, *, #4815, .F. ) ;
#3457 = CARTESIAN_POINT ( 'NONE',  ( 1.050000000000015600, 0.0000000000000000000, 0.3750000000000019400 ) ) ;
#3458 = VECTOR ( 'NONE', #4876, 1000.000000000000000 ) ;
#3459 = ORIENTED_EDGE ( 'NONE', *, *, #1191, .T. ) ;
#3460 = CARTESIAN_POINT ( 'NONE',  ( -1.049999999999994500, 0.0000000000000000000, 0.6250000000000021100 ) ) ;
#3461 = ORIENTED_EDGE ( 'NONE', *, *, #3897, .F. ) ;
#3462 = ORIENTED_EDGE ( 'NONE', *, *, #1586, .F. ) ;
#3463 = VECTOR ( 'NONE', #2639, 1000.000000000000000 ) ;
#3464 = PLANE ( 'NONE',  #4243 ) ;
#3465 = PLANE ( 'NONE',  #1142 ) ;
#3466 = UNCERTAINTY_MEASURE_WITH_UNIT (LENGTH_MEASURE( 1.000000000000000100E-005 ), #2334, 'distance_accuracy_value', 'NONE');
#3467 = ORIENTED_EDGE ( 'NONE', *, *, #4315, .F. ) ;
#3468 = VECTOR ( 'NONE', #1930, 1000.000000000000000 ) ;
#3469 = ORIENTED_EDGE ( 'NONE', *, *, #1522, .T. ) ;
#3470 = ADVANCED_FACE ( 'NONE', ( #2616 ), #4959, .F. ) ;
#3471 = CARTESIAN_POINT ( 'NONE',  ( -1.049999999999994500, 0.1000000000000000100, 0.6250000000000021100 ) ) ;
#3472 = LINE ( 'NONE', #4866, #4185 ) ;
#3473 = DIRECTION ( 'NONE',  ( -1.000000000000000000, -0.0000000000000000000, 9.130123557772670100E-016 ) ) ;
#3474 = EDGE_CURVE ( 'NONE', #3027, #4164, #2181, .T. ) ;
#3475 = EDGE_LOOP ( 'NONE', ( #1825, #307, #3241, #3215 ) ) ;
#3476 = DIRECTION ( 'NONE',  ( -0.0000000000000000000, 1.000000000000000000, -0.0000000000000000000 ) ) ;
#3477 = ORIENTED_EDGE ( 'NONE', *, *, #1674, .T. ) ;
#3478 = VECTOR ( 'NONE', #3026, 1000.000000000000000 ) ;
#3479 = CARTESIAN_POINT ( 'NONE',  ( 0.6250000000000001100, 0.1000000000000000100, -1.050000000000000000 ) ) ;
#3480 = EDGE_CURVE ( 'NONE', #3750, #4015, #983, .T. ) ;
#3481 = DIRECTION ( 'NONE',  ( 0.0000000000000000000, 0.0000000000000000000, -1.000000000000000000 ) ) ;
#3482 = ORIENTED_EDGE ( 'NONE', *, *, #1577, .T. ) ;
#3483 = LINE ( 'NONE', #4544, #4054 ) ;
#3484 = DIRECTION ( 'NONE',  ( -1.000000000000000000, 0.0000000000000000000, 9.130123557772670100E-016 ) ) ;
#3485 = APPLICATION_PROTOCOL_DEFINITION ( 'draft international standard', 'automotive_design', 1998, #4229 ) ;
#3486 = ORIENTED_EDGE ( 'NONE', *, *, #957, .F. ) ;
#3487 = PLANE ( 'NONE',  #5157 ) ;
#3488 = EDGE_CURVE ( 'NONE', #2713, #3707, #5234, .T. ) ;
#3489 = CARTESIAN_POINT ( 'NONE',  ( -1.524999999999999700, 0.1000000000000000100, 0.8750000000000016700 ) ) ;
#3490 = CARTESIAN_POINT ( 'NONE',  ( 0.1250000000000001100, 0.0000000000000000000, 1.400000000000000400 ) ) ;
#3491 = VERTEX_POINT ( 'NONE', #184 ) ;
#3492 = LINE ( 'NONE', #3471, #4141 ) ;
#3493 = AXIS2_PLACEMENT_3D ( 'NONE', #274, #690, #1519 ) ;
#3494 = ORIENTED_EDGE ( 'NONE', *, *, #3352, .F. ) ;
#3495 = VERTEX_POINT ( 'NONE', #3409 ) ;
#3496 = ORIENTED_EDGE ( 'NONE', *, *, #4994, .T. ) ;
#3497 = ADVANCED_FACE ( 'NONE', ( #5180 ), #1008, .F. ) ;
#3498 = DIRECTION ( 'NONE',  ( 0.0000000000000000000, 0.0000000000000000000, 1.000000000000000000 ) ) ;
#3499 = ORIENTED_EDGE ( 'NONE', *, *, #5246, .T. ) ;
#3500 = SURFACE_STYLE_FILL_AREA ( #5179 ) ;
#3501 =( GEOMETRIC_REPRESENTATION_CONTEXT ( 3 ) GLOBAL_UNCERTAINTY_ASSIGNED_CONTEXT ( ( #1927 ) ) GLOBAL_UNIT_ASSIGNED_CONTEXT ( ( #1658, #4479, #2096 ) ) REPRESENTATION_CONTEXT ( 'NONE', 'WORKASPACE' ) );
#3502 = VECTOR ( 'NONE', #4873, 1000.000000000000000 ) ;
#3503 = ORIENTED_EDGE ( 'NONE', *, *, #648, .T. ) ;
#3504 = DIRECTION ( 'NONE',  ( 0.0000000000000000000, 0.0000000000000000000, -1.000000000000000000 ) ) ;
#3505 = ORIENTED_EDGE ( 'NONE', *, *, #3860, .F. ) ;
#3506 = VERTEX_POINT ( 'NONE', #3522 ) ;
#3507 = VECTOR ( 'NONE', #5079, 1000.000000000000000 ) ;
#3508 = CARTESIAN_POINT ( 'NONE',  ( -1.524999999999978600, 0.0000000000000000000, -0.8749999999999984500 ) ) ;
#3509 = EDGE_CURVE ( 'NONE', #117, #3027, #4341, .T. ) ;
#3510 = AXIS2_PLACEMENT_3D ( 'NONE', #2552, #4955, #4577 ) ;
#3511 = ORIENTED_EDGE ( 'NONE', *, *, #1273, .F. ) ;
#3512 = FACE_OUTER_BOUND ( 'NONE', #406, .T. ) ;
#3513 = LINE ( 'NONE', #1511, #682 ) ;
#3514 = ORIENTED_EDGE ( 'NONE', *, *, #4830, .T. ) ;
#3515 = CARTESIAN_POINT ( 'NONE',  ( 1.524999999999984100, 0.1000000000000000100, -0.6249999999999983300 ) ) ;
#3516 = ORIENTED_EDGE ( 'NONE', *, *, #3352, .T. ) ;
#3517 = DIRECTION ( 'NONE',  ( 1.000000000000000000, -0.0000000000000000000, 0.0000000000000000000 ) ) ;
#3518 = FILL_AREA_STYLE_COLOUR ( '', #1375 ) ;
#3519 = FACE_OUTER_BOUND ( 'NONE', #4618, .T. ) ;
#3520 = EDGE_CURVE ( 'NONE', #2700, #41, #3824, .T. ) ;
#3521 = EDGE_LOOP ( 'NONE', ( #4236, #2294, #2012, #2798 ) ) ;
#3522 = CARTESIAN_POINT ( 'NONE',  ( -0.6249999999999998900, 0.1000000000000000100, -1.050000000000000000 ) ) ;
#3523 = CARTESIAN_POINT ( 'NONE',  ( -1.524999999999984100, 0.0000000000000000000, -0.6249999999999983300 ) ) ;
#3524 = LINE ( 'NONE', #714, #1591 ) ;
#3525 = ADVANCED_FACE ( 'NONE', ( #3682 ), #736, .F. ) ;
#3526 = ORIENTED_EDGE ( 'NONE', *, *, #1071, .F. ) ;
#3527 = CARTESIAN_POINT ( 'NONE',  ( -0.3749999999999998900, -0.0000000000000000000, -1.399999999999999700 ) ) ;
#3528 = AXIS2_PLACEMENT_3D ( 'NONE', #2173, #1394, #1793 ) ;
#3529 = ORIENTED_EDGE ( 'NONE', *, *, #1416, .T. ) ;
#3530 = ORIENTED_EDGE ( 'NONE', *, *, #4510, .F. ) ;
#3531 = LINE ( 'NONE', #2225, #4239 ) ;
#3532 = CLOSED_SHELL ( 'NONE', ( #3306, #2581, #5176, #4818, #699, #5150 ) ) ;
#3533 = MANIFOLD_SOLID_BREP ( 'Boss-Extrude2[2]', #4617 ) ;
#3534 = CARTESIAN_POINT ( 'NONE',  ( 0.3750000000000001100, 0.0000000000000000000, -1.050000000000000000 ) ) ;
#3535 = CARTESIAN_POINT ( 'NONE',  ( 1.050000000000010300, 0.1000000000000000100, -0.1249999999999980600 ) ) ;
#3536 = PRESENTATION_STYLE_ASSIGNMENT (( #1704 ) ) ;
#3537 = AXIS2_PLACEMENT_3D ( 'NONE', #5063, #2272, #4220 ) ;
#3538 = LINE ( 'NONE', #571, #1150 ) ;
#3539 = DIRECTION ( 'NONE',  ( 8.413408858487514400E-014, 0.0000000000000000000, 1.000000000000000000 ) ) ;
#3540 = FACE_OUTER_BOUND ( 'NONE', #4758, .T. ) ;
#3541 = EDGE_CURVE ( 'NONE', #4228, #4526, #1560, .T. ) ;
#3542 = AXIS2_PLACEMENT_3D ( 'NONE', #3301, #4136, #2120 ) ;
#3543 = CARTESIAN_POINT ( 'NONE',  ( 0.3750000000000001100, 0.0000000000000000000, -1.399999999999999900 ) ) ;
#3544 = CARTESIAN_POINT ( 'NONE',  ( -1.050000000000015600, 0.1000000000000000100, 0.3750000000000019400 ) ) ;
#3545 = FACE_OUTER_BOUND ( 'NONE', #2555, .T. ) ;
#3546 = CARTESIAN_POINT ( 'NONE',  ( 1.050000000000020700, 0.1000000000000000100, 0.8750000000000020000 ) ) ;
#3547 = ADVANCED_FACE ( 'NONE', ( #2054 ), #1434, .F. ) ;
#3548 = DIRECTION ( 'NONE',  ( 1.000000000000000000, -0.0000000000000000000, 0.0000000000000000000 ) ) ;
#3549 = EDGE_CURVE ( 'NONE', #2808, #3027, #4273, .T. ) ;
#3550 = AXIS2_PLACEMENT_3D ( 'NONE', #3239, #1670, #3260 ) ;
#3551 = ADVANCED_FACE ( 'NONE', ( #1937 ), #558, .F. ) ;
#3552 =( NAMED_UNIT ( * ) PLANE_ANGLE_UNIT ( ) SI_UNIT ( $, .RADIAN. ) );
#3553 = ORIENTED_EDGE ( 'NONE', *, *, #582, .T. ) ;
#3554 = VERTEX_POINT ( 'NONE', #3251 ) ;
#3555 = EDGE_CURVE ( 'NONE', #25, #5148, #4459, .T. ) ;
#3556 = DIRECTION ( 'NONE',  ( -1.000000000000000000, 0.0000000000000000000, 1.334402673828313300E-016 ) ) ;
#3557 = CARTESIAN_POINT ( 'NONE',  ( 0.6250000000000001100, 0.0000000000000000000, -1.050000000000000000 ) ) ;
#3558 = FACE_OUTER_BOUND ( 'NONE', #2640, .T. ) ;
#3559 = ORIENTED_EDGE ( 'NONE', *, *, #648, .F. ) ;
#3560 = ORIENTED_EDGE ( 'NONE', *, *, #201, .T. ) ;
#3561 = VECTOR ( 'NONE', #888, 1000.000000000000000 ) ;
#3562 = AXIS2_PLACEMENT_3D ( 'NONE', #1967, #1949, #2731 ) ;
#3563 = DIRECTION ( 'NONE',  ( 1.000000000000000000, 0.0000000000000000000, -6.847592668329805800E-016 ) ) ;
#3564 = ORIENTED_EDGE ( 'NONE', *, *, #369, .F. ) ;
#3565 = FACE_OUTER_BOUND ( 'NONE', #4850, .T. ) ;
#3566 = LINE ( 'NONE', #155, #3003 ) ;
#3567 = VERTEX_POINT ( 'NONE', #3128 ) ;
#3568 = EDGE_CURVE ( 'NONE', #3207, #3053, #3244, .T. ) ;
#3569 = LINE ( 'NONE', #804, #1760 ) ;
#3570 = ORIENTED_EDGE ( 'NONE', *, *, #3480, .F. ) ;
#3571 = DIRECTION ( 'NONE',  ( -0.0000000000000000000, -1.000000000000000000, -0.0000000000000000000 ) ) ;
#3572 = VERTEX_POINT ( 'NONE', #1501 ) ;
#3573 = VERTEX_POINT ( 'NONE', #2319 ) ;
#3574 = PRODUCT_DEFINITION_CONTEXT ( 'detailed design', #4229, 'design' ) ;
#3575 = ORIENTED_EDGE ( 'NONE', *, *, #4128, .F. ) ;
#3576 = ADVANCED_FACE ( 'NONE', ( #5042 ), #4484, .F. ) ;
#3577 = EDGE_CURVE ( 'NONE', #4238, #2564, #854, .T. ) ;
#3578 = LINE ( 'NONE', #5158, #1465 ) ;
#3579 = CARTESIAN_POINT ( 'NONE',  ( 1.049999999999999800, 0.1000000000000000100, 1.125000000000002000 ) ) ;
#3580 = ORIENTED_EDGE ( 'NONE', *, *, #4248, .F. ) ;
#3581 = CARTESIAN_POINT ( 'NONE',  ( -0.1249999999999998900, 0.1000000000000000100, -1.050000000000000000 ) ) ;
#3582 = ORIENTED_EDGE ( 'NONE', *, *, #4057, .T. ) ;
#3583 = EDGE_CURVE ( 'NONE', #54, #2073, #4212, .T. ) ;
#3584 = CARTESIAN_POINT ( 'NONE',  ( -0.1249999999999998900, 0.0000000000000000000, 1.050000000000000000 ) ) ;
#3585 = DIRECTION ( 'NONE',  ( -0.0000000000000000000, 1.000000000000000000, -0.0000000000000000000 ) ) ;
#3586 = DIRECTION ( 'NONE',  ( 0.0000000000000000000, 0.0000000000000000000, 1.000000000000000000 ) ) ;
#3587 = ORIENTED_EDGE ( 'NONE', *, *, #2671, .T. ) ;
#3588 = FACE_OUTER_BOUND ( 'NONE', #1959, .T. ) ;
#3589 = ORIENTED_EDGE ( 'NONE', *, *, #237, .F. ) ;
#3590 = PLANE ( 'NONE',  #1060 ) ;
#3591 = EDGE_CURVE ( 'NONE', #4810, #970, #4394, .T. ) ;
#3592 = VERTEX_POINT ( 'NONE', #2474 ) ;
#3593 = VECTOR ( 'NONE', #1767, 1000.000000000000000 ) ;
#3594 = CARTESIAN_POINT ( 'NONE',  ( 0.6250000000000001100, 0.0000000000000000000, 1.400000000000000400 ) ) ;
#3595 = VECTOR ( 'NONE', #2078, 1000.000000000000000 ) ;
#3596 = ADVANCED_FACE ( 'NONE', ( #3558 ), #3989, .F. ) ;
#3597 = PRESENTATION_STYLE_ASSIGNMENT (( #3959 ) ) ;
#3598 = CARTESIAN_POINT ( 'NONE',  ( 0.1250000000000001100, 0.0000000000000000000, 1.399999999999999700 ) ) ;
#3599 = CARTESIAN_POINT ( 'NONE',  ( 0.1250000000000001100, 0.1000000000000000100, -1.050000000000000000 ) ) ;
#3600 = DIRECTION ( 'NONE',  ( -1.000000000000000000, 0.0000000000000000000, 0.0000000000000000000 ) ) ;
#3601 = EDGE_CURVE ( 'NONE', #3176, #756, #3184, .T. ) ;
#3602 =( GEOMETRIC_REPRESENTATION_CONTEXT ( 3 ) GLOBAL_UNCERTAINTY_ASSIGNED_CONTEXT ( ( #1452 ) ) GLOBAL_UNIT_ASSIGNED_CONTEXT ( ( #1253, #4535, #4481 ) ) REPRESENTATION_CONTEXT ( 'NONE', 'WORKASPACE' ) );
#3603 = CARTESIAN_POINT ( 'NONE',  ( -1.524999999999978600, 0.1000000000000000100, -1.124999999999998400 ) ) ;
#3604 = EDGE_LOOP ( 'NONE', ( #3482, #3367, #1798, #3582 ) ) ;
#3605 = VECTOR ( 'NONE', #3259, 1000.000000000000000 ) ;
#3606 = DIRECTION ( 'NONE',  ( -0.0000000000000000000, -0.0000000000000000000, -1.000000000000000000 ) ) ;
#3607 = VERTEX_POINT ( 'NONE', #4428 ) ;
#3608 = LINE ( 'NONE', #2213, #911 ) ;
#3609 = DIRECTION ( 'NONE',  ( 1.000000000000000000, 0.0000000000000000000, -8.413408858487510600E-014 ) ) ;
#3610 = CARTESIAN_POINT ( 'NONE',  ( -1.624999999999999800, 0.0000000000000000000, -1.499999999999999800 ) ) ;
#3611 = EDGE_CURVE ( 'NONE', #3202, #3689, #1043, .T. ) ;
#3612 = DIRECTION ( 'NONE',  ( -1.000000000000000000, 0.0000000000000000000, -8.413408858487510600E-014 ) ) ;
#3613 = EDGE_LOOP ( 'NONE', ( #2863, #4966, #4268, #5073 ) ) ;
#3614 = ORIENTED_EDGE ( 'NONE', *, *, #4066, .T. ) ;
#3615 = VECTOR ( 'NONE', #93, 1000.000000000000000 ) ;
#3616 = DIRECTION ( 'NONE',  ( -9.130123557773074400E-016, 0.0000000000000000000, -1.000000000000000000 ) ) ;
#3617 = ADVANCED_FACE ( 'NONE', ( #4143 ), #2393, .F. ) ;
#3618 = EDGE_CURVE ( 'NONE', #1826, #3819, #4775, .T. ) ;
#3619 = CARTESIAN_POINT ( 'NONE',  ( -1.524999999999994400, 0.1000000000000000100, 0.3750000000000016100 ) ) ;
#3620 = ORIENTED_EDGE ( 'NONE', *, *, #2548, .F. ) ;
#3621 = ORIENTED_EDGE ( 'NONE', *, *, #5023, .F. ) ;
#3622 = VECTOR ( 'NONE', #1649, 1000.000000000000000 ) ;
#3623 = LINE ( 'NONE', #2032, #1246 ) ;
#3624 = CARTESIAN_POINT ( 'NONE',  ( 0.1250000000000001100, 0.1000000000000000100, 1.400000000000000400 ) ) ;
#3625 = ORIENTED_EDGE ( 'NONE', *, *, #2408, .T. ) ;
#3626 = AXIS2_PLACEMENT_3D ( 'NONE', #3728, #3807, #4594 ) ;
#3627 = LINE ( 'NONE', #3401, #3507 ) ;
#3628 = ORIENTED_EDGE ( 'NONE', *, *, #4441, .F. ) ;
#3629 = CARTESIAN_POINT ( 'NONE',  ( 1.049999999999994500, 0.0000000000000000000, 0.6250000000000021100 ) ) ;
#3630 = DIRECTION ( 'NONE',  ( -1.000000000000000000, 0.0000000000000000000, -1.734723475976807100E-015 ) ) ;
#3631 = ORIENTED_EDGE ( 'NONE', *, *, #4822, .T. ) ;
#3632 = VECTOR ( 'NONE', #1988, 1000.000000000000000 ) ;
#3633 = LINE ( 'NONE', #4939, #4996 ) ;
#3634 = ORIENTED_EDGE ( 'NONE', *, *, #2537, .F. ) ;
#3635 = ORIENTED_EDGE ( 'NONE', *, *, #5229, .T. ) ;
#3636 = EDGE_CURVE ( 'NONE', #329, #416, #838, .T. ) ;
#3637 = VECTOR ( 'NONE', #2108, 1000.000000000000000 ) ;
#3638 = DIRECTION ( 'NONE',  ( -0.0000000000000000000, 1.000000000000000000, 0.0000000000000000000 ) ) ;
#3639 = ORIENTED_EDGE ( 'NONE', *, *, #658, .F. ) ;
#3640 = DIRECTION ( 'NONE',  ( 1.000000000000000000, 0.0000000000000000000, 0.0000000000000000000 ) ) ;
#3641 = LINE ( 'NONE', #4256, #1081 ) ;
#3642 = EDGE_CURVE ( 'NONE', #5258, #2929, #2774, .T. ) ;
#3643 = ORIENTED_EDGE ( 'NONE', *, *, #3880, .F. ) ;
#3644 = AXIS2_PLACEMENT_3D ( 'NONE', #1904, #694, #4305 ) ;
#3645 = DIRECTION ( 'NONE',  ( 0.0000000000000000000, -1.000000000000000000, 0.0000000000000000000 ) ) ;
#3646 = ORIENTED_EDGE ( 'NONE', *, *, #3111, .T. ) ;
#3647 = CARTESIAN_POINT ( 'NONE',  ( 1.524999999999978600, 0.1000000000000000100, -1.124999999999998400 ) ) ;
#3648 = DIRECTION ( 'NONE',  ( 0.0000000000000000000, 0.0000000000000000000, -1.000000000000000000 ) ) ;
#3649 = EDGE_LOOP ( 'NONE', ( #612, #980, #657, #3179 ) ) ;
#3650 = LINE ( 'NONE', #1466, #1014 ) ;
#3651 = ORIENTED_EDGE ( 'NONE', *, *, #4352, .T. ) ;
#3652 = EDGE_CURVE ( 'NONE', #563, #2692, #434, .T. ) ;
#3653 = LINE ( 'NONE', #4999, #701 ) ;
#3654 = ADVANCED_FACE ( 'NONE', ( #2281 ), #1994, .F. ) ;
#3655 = ORIENTED_EDGE ( 'NONE', *, *, #1202, .T. ) ;
#3656 = DIRECTION ( 'NONE',  ( -1.000000000000000000, 0.0000000000000000000, -9.130123557772670100E-016 ) ) ;
#3657 = CARTESIAN_POINT ( 'NONE',  ( 1.524999999999978600, 0.0000000000000000000, -1.124999999999998400 ) ) ;
#3658 = LINE ( 'NONE', #306, #4706 ) ;
#3659 = PLANE ( 'NONE',  #2740 ) ;
#3660 = DIRECTION ( 'NONE',  ( 1.000000000000000000, 0.0000000000000000000, 6.847592668329805800E-016 ) ) ;
#3661 = VECTOR ( 'NONE', #1550, 1000.000000000000000 ) ;
#3662 = CARTESIAN_POINT ( 'NONE',  ( 1.049999999999984100, 0.0000000000000000000, -0.3749999999999979500 ) ) ;
#3663 = ORIENTED_EDGE ( 'NONE', *, *, #2738, .T. ) ;
#3664 = DIRECTION ( 'NONE',  ( 6.847592668329805800E-016, 0.0000000000000000000, 1.000000000000000000 ) ) ;
#3665 = CARTESIAN_POINT ( 'NONE',  ( 1.049999999999984100, 0.0000000000000000000, -0.3749999999999979500 ) ) ;
#3666 = STYLED_ITEM ( 'NONE', ( #304 ), #2696 ) ;
#3667 = ORIENTED_EDGE ( 'NONE', *, *, #1534, .F. ) ;
#3668 = COLOUR_RGB ( '',1.000000000000000000, 1.000000000000000000, 1.000000000000000000 ) ;
#3669 = EDGE_CURVE ( 'NONE', #990, #3720, #3787, .T. ) ;
#3670 = DIRECTION ( 'NONE',  ( -0.0000000000000000000, 1.000000000000000000, -0.0000000000000000000 ) ) ;
#3671 = CARTESIAN_POINT ( 'NONE',  ( -1.049999999999999800, 0.0000000000000000000, 1.125000000000002000 ) ) ;
#3672 = ORIENTED_EDGE ( 'NONE', *, *, #1290, .T. ) ;
#3673 = LINE ( 'NONE', #1668, #4713 ) ;
#3674 = EDGE_CURVE ( 'NONE', #754, #2521, #3845, .T. ) ;
#3675 =( GEOMETRIC_REPRESENTATION_CONTEXT ( 3 ) GLOBAL_UNCERTAINTY_ASSIGNED_CONTEXT ( ( #3934 ) ) GLOBAL_UNIT_ASSIGNED_CONTEXT ( ( #268, #3098, #4762 ) ) REPRESENTATION_CONTEXT ( 'NONE', 'WORKASPACE' ) );
#3676 = CARTESIAN_POINT ( 'NONE',  ( -1.050000000000010300, -0.0000000000000000000, -0.1249999999999980600 ) ) ;
#3677 = ORIENTED_EDGE ( 'NONE', *, *, #2612, .F. ) ;
#3678 = VERTEX_POINT ( 'NONE', #3 ) ;
#3679 = ADVANCED_FACE ( 'NONE', ( #5143 ), #371, .F. ) ;
#3680 = SURFACE_STYLE_FILL_AREA ( #4261 ) ;
#3681 = CARTESIAN_POINT ( 'NONE',  ( 0.1250000000000001100, 0.1000000000000000100, -1.050000000000000000 ) ) ;
#3682 = FACE_OUTER_BOUND ( 'NONE', #3776, .T. ) ;
#3683 = CARTESIAN_POINT ( 'NONE',  ( -1.050000000000015600, 0.1000000000000000100, 0.3750000000000019400 ) ) ;
#3684 =( NAMED_UNIT ( * ) SI_UNIT ( $, .STERADIAN. ) SOLID_ANGLE_UNIT ( ) );
#3685 = ORIENTED_EDGE ( 'NONE', *, *, #3093, .F. ) ;
#3686 = VERTEX_POINT ( 'NONE', #5248 ) ;
#3687 = EDGE_CURVE ( 'NONE', #3859, #3350, #2375, .T. ) ;
#3688 = LINE ( 'NONE', #2797, #5118 ) ;
#3689 = VERTEX_POINT ( 'NONE', #2790 ) ;
#3690 = DIRECTION ( 'NONE',  ( 0.0000000000000000000, 0.0000000000000000000, -1.000000000000000000 ) ) ;
#3691 = VECTOR ( 'NONE', #1853, 1000.000000000000000 ) ;
#3692 = AXIS2_PLACEMENT_3D ( 'NONE', #1489, #3858, #1047 ) ;
#3693 =( LENGTH_UNIT ( ) NAMED_UNIT ( * ) SI_UNIT ( .MILLI., .METRE. ) );
#3694 = EDGE_LOOP ( 'NONE', ( #4879, #843, #1657, #4997 ) ) ;
#3695 = VECTOR ( 'NONE', #2461, 1000.000000000000000 ) ;
#3696 = FACE_OUTER_BOUND ( 'NONE', #1515, .T. ) ;
#3697 = ORIENTED_EDGE ( 'NONE', *, *, #2401, .F. ) ;
#3698 = ORIENTED_EDGE ( 'NONE', *, *, #1485, .F. ) ;
#3699 = AXIS2_PLACEMENT_3D ( 'NONE', #3410, #1406, #1827 ) ;
#3700 = DIRECTION ( 'NONE',  ( -0.0000000000000000000, 1.000000000000000000, -0.0000000000000000000 ) ) ;
#3701 = EDGE_LOOP ( 'NONE', ( #2079, #3710, #4657, #2428 ) ) ;
#3702 = COLOUR_RGB ( '',1.000000000000000000, 1.000000000000000000, 1.000000000000000000 ) ;
#3703 = LINE ( 'NONE', #2153, #2262 ) ;
#3704 = CARTESIAN_POINT ( 'NONE',  ( -1.524999999999989300, -0.0000000000000000000, -0.1249999999999983800 ) ) ;
#3705 = DIRECTION ( 'NONE',  ( 0.0000000000000000000, 0.0000000000000000000, 1.000000000000000000 ) ) ;
#3706 = DIRECTION ( 'NONE',  ( 1.000000000000000000, -0.0000000000000000000, 0.0000000000000000000 ) ) ;
#3707 = VERTEX_POINT ( 'NONE', #4041 ) ;
#3708 = LINE ( 'NONE', #2370, #1007 ) ;
#3709 = ADVANCED_FACE ( 'NONE', ( #209 ), #1612, .F. ) ;
#3710 = ORIENTED_EDGE ( 'NONE', *, *, #67, .T. ) ;
#3711 = AXIS2_PLACEMENT_3D ( 'NONE', #194, #3865, #1037 ) ;
#3712 = DIRECTION ( 'NONE',  ( -0.0000000000000000000, -1.000000000000000000, -0.0000000000000000000 ) ) ;
#3713 = EDGE_LOOP ( 'NONE', ( #3445, #2005, #3168, #891 ) ) ;
#3714 = ORIENTED_EDGE ( 'NONE', *, *, #125, .F. ) ;
#3715 = VECTOR ( 'NONE', #1838, 1000.000000000000000 ) ;
#3716 = PLANE ( 'NONE',  #291 ) ;
#3717 = EDGE_LOOP ( 'NONE', ( #3274, #5071, #2553, #2313 ) ) ;
#3718 = DIRECTION ( 'NONE',  ( 1.000000000000000000, 0.0000000000000000000, 6.847592668329805800E-016 ) ) ;
#3719 = CARTESIAN_POINT ( 'NONE',  ( -0.1249999999999998900, 0.0000000000000000000, -1.399999999999999900 ) ) ;
#3720 = VERTEX_POINT ( 'NONE', #4826 ) ;
#3721 = LINE ( 'NONE', #1245, #2344 ) ;
#3722 = EDGE_CURVE ( 'NONE', #4549, #4698, #3810, .T. ) ;
#3723 = CARTESIAN_POINT ( 'NONE',  ( -1.524999999999989300, 0.1000000000000000100, -0.1249999999999983800 ) ) ;
#3724 = SURFACE_STYLE_USAGE ( .BOTH. , #4105 ) ;
#3725 = DIRECTION ( 'NONE',  ( 0.0000000000000000000, 0.0000000000000000000, 1.000000000000000000 ) ) ;
#3726 = LINE ( 'NONE', #842, #3218 ) ;
#3727 = EDGE_CURVE ( 'NONE', #178, #756, #2659, .T. ) ;
#3728 = CARTESIAN_POINT ( 'NONE',  ( 0.0000000000000000000, 0.0000000000000000000, 0.0000000000000000000 ) ) ;
#3729 = DIRECTION ( 'NONE',  ( -0.0000000000000000000, 1.000000000000000000, -0.0000000000000000000 ) ) ;
#3730 = LINE ( 'NONE', #4425, #4123 ) ;
#3731 = CARTESIAN_POINT ( 'NONE',  ( -0.3749999999999998900, 0.0000000000000000000, -1.050000000000000000 ) ) ;
#3732 = VERTEX_POINT ( 'NONE', #2013 ) ;
#3733 = CARTESIAN_POINT ( 'NONE',  ( -1.049999999999984100, 0.1000000000000000100, -0.3749999999999979500 ) ) ;
#3734 = VECTOR ( 'NONE', #3321, 1000.000000000000000 ) ;
#3735 = AXIS2_PLACEMENT_3D ( 'NONE', #3797, #2611, #2157 ) ;
#3736 = ADVANCED_FACE ( 'NONE', ( #4388 ), #1221, .F. ) ;
#3737 = CARTESIAN_POINT ( 'NONE',  ( 0.3750000000000001100, 0.1000000000000000100, -1.050000000000000000 ) ) ;
#3738 = ORIENTED_EDGE ( 'NONE', *, *, #832, .T. ) ;
#3739 = LINE ( 'NONE', #1210, #1733 ) ;
#3740 = DIRECTION ( 'NONE',  ( 1.000000000000000000, 0.0000000000000000000, -9.130123557772670100E-016 ) ) ;
#3741 = PLANE ( 'NONE',  #5089 ) ;
#3742 = EDGE_CURVE ( 'NONE', #1260, #3113, #3437, .T. ) ;
#3743 = ORIENTED_EDGE ( 'NONE', *, *, #4386, .F. ) ;
#3744 = VECTOR ( 'NONE', #300, 1000.000000000000000 ) ;
#3745 = DIRECTION ( 'NONE',  ( 0.0000000000000000000, -0.0000000000000000000, -1.000000000000000000 ) ) ;
#3746 = DIRECTION ( 'NONE',  ( -0.0000000000000000000, -1.000000000000000000, -0.0000000000000000000 ) ) ;
#3747 = DIRECTION ( 'NONE',  ( -1.000000000000000000, 0.0000000000000000000, 0.0000000000000000000 ) ) ;
#3748 = ORIENTED_EDGE ( 'NONE', *, *, #2100, .T. ) ;
#3749 = ORIENTED_EDGE ( 'NONE', *, *, #4510, .T. ) ;
#3750 = VERTEX_POINT ( 'NONE', #1347 ) ;
#3751 = DIRECTION ( 'NONE',  ( 0.0000000000000000000, 0.0000000000000000000, 1.000000000000000000 ) ) ;
#3752 = EDGE_CURVE ( 'NONE', #3573, #1826, #2273, .T. ) ;
#3753 = AXIS2_PLACEMENT_3D ( 'NONE', #2452, #868, #1294 ) ;
#3754 = EDGE_LOOP ( 'NONE', ( #3587, #823, #2056, #4477 ) ) ;
#3755 = ORIENTED_EDGE ( 'NONE', *, *, #3652, .F. ) ;
#3756 = DIRECTION ( 'NONE',  ( -1.000000000000000000, 0.0000000000000000000, -1.734723475976807100E-015 ) ) ;
#3757 = VECTOR ( 'NONE', #2549, 1000.000000000000000 ) ;
#3758 = VECTOR ( 'NONE', #4098, 1000.000000000000000 ) ;
#3759 = ORIENTED_EDGE ( 'NONE', *, *, #2115, .F. ) ;
#3760 = DIRECTION ( 'NONE',  ( 0.0000000000000000000, 0.0000000000000000000, -1.000000000000000000 ) ) ;
#3761 = CARTESIAN_POINT ( 'NONE',  ( 1.524999999999989300, 0.0000000000000000000, 0.1250000000000016400 ) ) ;
#3762 = EDGE_CURVE ( 'NONE', #583, #2416, #2162, .T. ) ;
#3763 = CARTESIAN_POINT ( 'NONE',  ( 0.0000000000000000000, 0.1000000000000000100, 0.0000000000000000000 ) ) ;
#3764 = ORIENTED_EDGE ( 'NONE', *, *, #1512, .F. ) ;
#3765 = FACE_OUTER_BOUND ( 'NONE', #2647, .T. ) ;
#3766 = EDGE_LOOP ( 'NONE', ( #4505, #479, #1507, #4087 ) ) ;
#3767 = CARTESIAN_POINT ( 'NONE',  ( 1.524999999999989300, 0.0000000000000000000, -0.1249999999999983800 ) ) ;
#3768 = EDGE_LOOP ( 'NONE', ( #2321, #2088, #2191, #1888 ) ) ;
#3769 = ADVANCED_FACE ( 'NONE', ( #1639 ), #936, .F. ) ;
#3770 = ORIENTED_EDGE ( 'NONE', *, *, #1864, .F. ) ;
#3771 = LINE ( 'NONE', #1095, #4293 ) ;
#3772 = MECHANICAL_DESIGN_GEOMETRIC_PRESENTATION_REPRESENTATION (  '', ( #414 ), #4006 ) ;
#3773 = DIRECTION ( 'NONE',  ( 1.000000000000000000, 0.0000000000000000000, 0.0000000000000000000 ) ) ;
#3774 = LINE ( 'NONE', #444, #939 ) ;
#3775 = EDGE_LOOP ( 'NONE', ( #1933, #1969, #4867, #4720 ) ) ;
#3776 = EDGE_LOOP ( 'NONE', ( #4604, #2264, #2634, #5231 ) ) ;
#3778 = CARTESIAN_POINT ( 'NONE',  ( 1.050000000000005200, 0.1000000000000000100, -0.6249999999999981100 ) ) ;
#3777 = CARTESIAN_POINT ( 'NONE',  ( 1.524999999999978600, 0.0000000000000000000, -0.8749999999999984500 ) ) ;
#3779 = VERTEX_POINT ( 'NONE', #4973 ) ;
#3780 = PLANE ( 'NONE',  #1742 ) ;
#3781 = LINE ( 'NONE', #2583, #1958 ) ;
#3782 =( LENGTH_UNIT ( ) NAMED_UNIT ( * ) SI_UNIT ( .MILLI., .METRE. ) );
#3783 = CARTESIAN_POINT ( 'NONE',  ( 0.3750000000000001100, 0.1000000000000000100, -1.050000000000000000 ) ) ;
#3784 = ORIENTED_EDGE ( 'NONE', *, *, #915, .T. ) ;
#3785 = AXIS2_PLACEMENT_3D ( 'NONE', #3594, #2770, #3630 ) ;
#3786 = DIRECTION ( 'NONE',  ( -1.000000000000000000, 0.0000000000000000000, 0.0000000000000000000 ) ) ;
#3787 = LINE ( 'NONE', #2026, #2144 ) ;
#3788 = DIRECTION ( 'NONE',  ( 1.000000000000000000, 0.0000000000000000000, 0.0000000000000000000 ) ) ;
#3789 = VERTEX_POINT ( 'NONE', #2916 ) ;
#3790 = LINE ( 'NONE', #2134, #1653 ) ;
#3791 = CARTESIAN_POINT ( 'NONE',  ( 0.0000000000000000000, 0.1000000000000000100, 0.0000000000000000000 ) ) ;
#3792 = CARTESIAN_POINT ( 'NONE',  ( -0.6249999999999998900, 0.1000000000000000100, 1.050000000000000000 ) ) ;
#3793 = EDGE_CURVE ( 'NONE', #4036, #2003, #4029, .T. ) ;
#3794 = DIRECTION ( 'NONE',  ( 0.0000000000000000000, 0.0000000000000000000, 1.000000000000000000 ) ) ;
#3795 = AXIS2_PLACEMENT_3D ( 'NONE', #4240, #129, #3354 ) ;
#3796 = CARTESIAN_POINT ( 'NONE',  ( 0.1250000000000001100, 0.0000000000000000000, -1.050000000000000000 ) ) ;
#3797 = CARTESIAN_POINT ( 'NONE',  ( 0.6250000000000001100, 0.1000000000000000100, -1.399999999999999700 ) ) ;
#3798 = ADVANCED_FACE ( 'NONE', ( #3454 ), #503, .F. ) ;
#3799 = EDGE_CURVE ( 'NONE', #1892, #4750, #3703, .T. ) ;
#3800 = VECTOR ( 'NONE', #588, 1000.000000000000000 ) ;
#3801 = DIRECTION ( 'NONE',  ( -9.130123557772670100E-016, 0.0000000000000000000, -1.000000000000000000 ) ) ;
#3802 = DIRECTION ( 'NONE',  ( 0.0000000000000000000, 0.0000000000000000000, -1.000000000000000000 ) ) ;
#3803 = CARTESIAN_POINT ( 'NONE',  ( 1.524999999999999700, 0.0000000000000000000, 0.8750000000000016700 ) ) ;
#3804 = CARTESIAN_POINT ( 'NONE',  ( 0.0000000000000000000, 0.1000000000000000100, 0.0000000000000000000 ) ) ;
#3805 = ORIENTED_EDGE ( 'NONE', *, *, #2361, .F. ) ;
#3806 = VECTOR ( 'NONE', #204, 1000.000000000000000 ) ;
#3807 = DIRECTION ( 'NONE',  ( 0.0000000000000000000, -1.000000000000000000, 0.0000000000000000000 ) ) ;
#3808 = DIRECTION ( 'NONE',  ( 8.413408858487510600E-014, 0.0000000000000000000, 1.000000000000000000 ) ) ;
#3809 = ORIENTED_EDGE ( 'NONE', *, *, #165, .T. ) ;
#3810 = LINE ( 'NONE', #1184, #3224 ) ;
#3811 = PLANE ( 'NONE',  #3699 ) ;
#3812 = DIRECTION ( 'NONE',  ( -0.0000000000000000000, 1.000000000000000000, -0.0000000000000000000 ) ) ;
#3813 = AXIS2_PLACEMENT_3D ( 'NONE', #4621, #3368, #1331 ) ;
#3814 = VERTEX_POINT ( 'NONE', #2098 ) ;
#3815 = VECTOR ( 'NONE', #3206, 1000.000000000000000 ) ;
#3816 = CARTESIAN_POINT ( 'NONE',  ( 1.625000000000000200, 1.139999999999999900, -1.500000000000000200 ) ) ;
#3817 = CARTESIAN_POINT ( 'NONE',  ( 0.1250000000000001100, 0.1000000000000000100, 1.050000000000000000 ) ) ;
#3818 = CARTESIAN_POINT ( 'NONE',  ( -1.524999999999978600, 0.0000000000000000000, -1.124999999999998400 ) ) ;
#3819 = VERTEX_POINT ( 'NONE', #1330 ) ;
#3820 = VERTEX_POINT ( 'NONE', #4504 ) ;
#3821 = EDGE_CURVE ( 'NONE', #4053, #2675, #4548, .T. ) ;
#3822 = AXIS2_PLACEMENT_3D ( 'NONE', #3901, #2655, #642 ) ;
#3823 = PLANE ( 'NONE',  #847 ) ;
#3824 = LINE ( 'NONE', #3172, #281 ) ;
#3825 = VERTEX_POINT ( 'NONE', #2535 ) ;
#3826 = DIRECTION ( 'NONE',  ( -0.0000000000000000000, -1.000000000000000000, -0.0000000000000000000 ) ) ;
#3827 = ORIENTED_EDGE ( 'NONE', *, *, #1804, .F. ) ;
#3828 = ADVANCED_FACE ( 'NONE', ( #2138 ), #4153, .F. ) ;
#3829 = DIRECTION ( 'NONE',  ( -1.000000000000000000, 0.0000000000000000000, 0.0000000000000000000 ) ) ;
#3830 = LINE ( 'NONE', #3527, #730 ) ;
#3831 = DIRECTION ( 'NONE',  ( 1.000000000000000000, 0.0000000000000000000, -1.734723475976807100E-015 ) ) ;
#3832 = ORIENTED_EDGE ( 'NONE', *, *, #5097, .T. ) ;
#3833 = EDGE_CURVE ( 'NONE', #3923, #3506, #5131, .T. ) ;
#3834 = AXIS2_PLACEMENT_3D ( 'NONE', #1280, #4512, #3718 ) ;
#3835 = VECTOR ( 'NONE', #1000, 1000.000000000000000 ) ;
#3836 = CARTESIAN_POINT ( 'NONE',  ( 1.050000000000015600, 0.0000000000000000000, 0.3750000000000019400 ) ) ;
#3837 = CARTESIAN_POINT ( 'NONE',  ( 1.524999999999999700, 0.0000000000000000000, 1.125000000000001600 ) ) ;
#3838 = VERTEX_POINT ( 'NONE', #111 ) ;
#3839 = LINE ( 'NONE', #3181, #3632 ) ;
#3840 = LINE ( 'NONE', #2471, #2752 ) ;
#3841 = ORIENTED_EDGE ( 'NONE', *, *, #4771, .T. ) ;
#3842 = DIRECTION ( 'NONE',  ( -1.000000000000000000, 0.0000000000000000000, 0.0000000000000000000 ) ) ;
#3843 = EDGE_CURVE ( 'NONE', #2729, #2495, #3774, .T. ) ;
#3844 = ORIENTED_EDGE ( 'NONE', *, *, #2206, .T. ) ;
#3845 = LINE ( 'NONE', #4489, #555 ) ;
#3846 =( LENGTH_UNIT ( ) NAMED_UNIT ( * ) SI_UNIT ( .MILLI., .METRE. ) );
#3847 = DIRECTION ( 'NONE',  ( 0.0000000000000000000, -0.0000000000000000000, 1.000000000000000000 ) ) ;
#3848 = ORIENTED_EDGE ( 'NONE', *, *, #3583, .F. ) ;
#3849 = DIRECTION ( 'NONE',  ( 8.413408858487510600E-014, 0.0000000000000000000, 1.000000000000000000 ) ) ;
#3850 = CARTESIAN_POINT ( 'NONE',  ( 0.1250000000000001100, 0.1000000000000000100, -1.050000000000000000 ) ) ;
#3851 = AXIS2_PLACEMENT_3D ( 'NONE', #354, #4829, #5218 ) ;
#3852 = LINE ( 'NONE', #2888, #5069 ) ;
#3853 = DIRECTION ( 'NONE',  ( -0.0000000000000000000, -1.000000000000000000, -0.0000000000000000000 ) ) ;
#3854 = ORIENTED_EDGE ( 'NONE', *, *, #2773, .T. ) ;
#3855 = EDGE_LOOP ( 'NONE', ( #463, #3805, #3570, #3331 ) ) ;
#3856 = VERTEX_POINT ( 'NONE', #4917 ) ;
#3857 = ADVANCED_FACE ( 'NONE', ( #415 ), #1308, .T. ) ;
#3858 = DIRECTION ( 'NONE',  ( -9.130123557772670100E-016, 0.0000000000000000000, 1.000000000000000000 ) ) ;
#3859 = VERTEX_POINT ( 'NONE', #2878 ) ;
#3860 = EDGE_CURVE ( 'NONE', #4596, #4810, #297, .T. ) ;
#3861 = CARTESIAN_POINT ( 'NONE',  ( 1.625000000000000200, 1.139999999999999900, 1.499999999999999800 ) ) ;
#3862 = ORIENTED_EDGE ( 'NONE', *, *, #4241, .F. ) ;
#3863 = FACE_OUTER_BOUND ( 'NONE', #1978, .T. ) ;
#3864 = EDGE_LOOP ( 'NONE', ( #1582, #3230, #2609, #4995 ) ) ;
#3865 = DIRECTION ( 'NONE',  ( -1.000000000000000000, 0.0000000000000000000, 8.413408858487510600E-014 ) ) ;
#3866 = SURFACE_SIDE_STYLE ('',( #4037 ) ) ;
#3867 = FACE_OUTER_BOUND ( 'NONE', #3649, .T. ) ;
#3868 = CARTESIAN_POINT ( 'NONE',  ( 0.6250000000000001100, 0.1000000000000000100, 1.050000000000000000 ) ) ;
#3869 = UNCERTAINTY_MEASURE_WITH_UNIT (LENGTH_MEASURE( 1.000000000000000100E-005 ), #4551, 'distance_accuracy_value', 'NONE');
#3870 = DIRECTION ( 'NONE',  ( 8.413408858487510600E-014, 0.0000000000000000000, 1.000000000000000000 ) ) ;
#3871 = VECTOR ( 'NONE', #4501, 1000.000000000000000 ) ;
#3872 = DIRECTION ( 'NONE',  ( 1.000000000000000000, -0.0000000000000000000, 6.847592668329805800E-016 ) ) ;
#3873 = EDGE_CURVE ( 'NONE', #2389, #4800, #3633, .T. ) ;
#3874 = CARTESIAN_POINT ( 'NONE',  ( 1.049999999999989400, 0.1000000000000000100, 0.1250000000000020500 ) ) ;
#3875 = DIRECTION ( 'NONE',  ( 0.0000000000000000000, 0.0000000000000000000, -1.000000000000000000 ) ) ;
#3876 = ORIENTED_EDGE ( 'NONE', *, *, #3793, .T. ) ;
#3877 = SURFACE_STYLE_FILL_AREA ( #4627 ) ;
#3878 = PLANE ( 'NONE',  #1335 ) ;
#3879 = ORIENTED_EDGE ( 'NONE', *, *, #4559, .F. ) ;
#3880 = EDGE_CURVE ( 'NONE', #3495, #3856, #1258, .T. ) ;
#3881 = FILL_AREA_STYLE_COLOUR ( '', #1442 ) ;
#3882 = CARTESIAN_POINT ( 'NONE',  ( 1.524999999999978600, 0.0000000000000000000, -1.124999999999998400 ) ) ;
#3883 = ADVANCED_FACE ( 'NONE', ( #234 ), #4638, .F. ) ;
#3884 = CARTESIAN_POINT ( 'NONE',  ( -1.524999999999978600, 0.0000000000000000000, -1.124999999999998400 ) ) ;
#3885 = CARTESIAN_POINT ( 'NONE',  ( -1.049999999999989400, 0.0000000000000000000, 0.1250000000000020500 ) ) ;
#3886 = EDGE_LOOP ( 'NONE', ( #631, #2736, #1587, #3185 ) ) ;
#3887 = FACE_OUTER_BOUND ( 'NONE', #4224, .T. ) ;
#3888 = DIRECTION ( 'NONE',  ( 0.0000000000000000000, 0.0000000000000000000, -1.000000000000000000 ) ) ;
#3889 = AXIS2_PLACEMENT_3D ( 'NONE', #1621, #4391, #3225 ) ;
#3890 = ORIENTED_EDGE ( 'NONE', *, *, #3297, .F. ) ;
#3891 = PLANE ( 'NONE',  #4327 ) ;
#3892 = ORIENTED_EDGE ( 'NONE', *, *, #2394, .T. ) ;
#3893 = DIRECTION ( 'NONE',  ( 0.0000000000000000000, 0.0000000000000000000, -1.000000000000000000 ) ) ;
#3894 = CARTESIAN_POINT ( 'NONE',  ( -1.049999999999978700, 0.0000000000000000000, -0.8749999999999980000 ) ) ;
#3895 = ORIENTED_EDGE ( 'NONE', *, *, #2500, .T. ) ;
#3896 = LINE ( 'NONE', #3767, #3757 ) ;
#3897 = EDGE_CURVE ( 'NONE', #481, #2889, #2947, .T. ) ;
#3898 = VECTOR ( 'NONE', #5190, 1000.000000000000000 ) ;
#3899 = ORIENTED_EDGE ( 'NONE', *, *, #826, .T. ) ;
#3900 = AXIS2_PLACEMENT_3D ( 'NONE', #4949, #2472, #2487 ) ;
#3901 = CARTESIAN_POINT ( 'NONE',  ( -0.6249999999999998900, 0.1000000000000000100, -1.050000000000000000 ) ) ;
#3902 = PLANE ( 'NONE',  #4985 ) ;
#3903 = SURFACE_STYLE_USAGE ( .BOTH. , #1874 ) ;
#3904 = CARTESIAN_POINT ( 'NONE',  ( -1.050000000000015600, 0.0000000000000000000, 0.3750000000000019400 ) ) ;
#3905 = CARTESIAN_POINT ( 'NONE',  ( 1.050000000000015600, 0.1000000000000000100, 0.3750000000000019400 ) ) ;
#3906 = EDGE_LOOP ( 'NONE', ( #301, #3879, #2934, #2038 ) ) ;
#3907 = FACE_OUTER_BOUND ( 'NONE', #4398, .T. ) ;
#3908 = LINE ( 'NONE', #3936, #2004 ) ;
#3909 = VERTEX_POINT ( 'NONE', #1785 ) ;
#3910 = EDGE_CURVE ( 'NONE', #5105, #1625, #1196, .T. ) ;
#3911 = APPLICATION_CONTEXT ( 'automotive_design' ) ;
#3912 = FACE_BOUND ( 'NONE', #4546, .T. ) ;
#3913 = LINE ( 'NONE', #969, #4295 ) ;
#3914 = VERTEX_POINT ( 'NONE', #2203 ) ;
#3915 = ADVANCED_FACE ( 'NONE', ( #4474 ), #4258, .F. ) ;
#3916 = ORIENTED_EDGE ( 'NONE', *, *, #4919, .F. ) ;
#3917 = CARTESIAN_POINT ( 'NONE',  ( 0.6250000000000001100, 0.1000000000000000100, 1.400000000000000400 ) ) ;
#3918 = EDGE_CURVE ( 'NONE', #1698, #178, #2821, .T. ) ;
#3919 = DIRECTION ( 'NONE',  ( -1.000000000000000000, 0.0000000000000000000, -6.847592668329805800E-016 ) ) ;
#3920 = ORIENTED_EDGE ( 'NONE', *, *, #1209, .T. ) ;
#3921 = CARTESIAN_POINT ( 'NONE',  ( 0.0000000000000000000, 0.1000000000000000100, 0.0000000000000000000 ) ) ;
#3922 = DIRECTION ( 'NONE',  ( 0.0000000000000000000, -1.000000000000000000, 0.0000000000000000000 ) ) ;
#3923 = VERTEX_POINT ( 'NONE', #2986 ) ;
#3924 = AXIS2_PLACEMENT_3D ( 'NONE', #3804, #909, #3725 ) ;
#3925 = LINE ( 'NONE', #813, #2714 ) ;
#3926 = PLANE ( 'NONE',  #3493 ) ;
#3927 = CARTESIAN_POINT ( 'NONE',  ( 1.524999999999978600, 0.0000000000000000000, -0.8749999999999984500 ) ) ;
#3928 = LINE ( 'NONE', #4045, #4246 ) ;
#3929 = DIRECTION ( 'NONE',  ( 0.0000000000000000000, 0.0000000000000000000, -1.000000000000000000 ) ) ;
#3930 = EDGE_CURVE ( 'NONE', #2335, #4602, #3913, .T. ) ;
#3931 = MECHANICAL_DESIGN_GEOMETRIC_PRESENTATION_REPRESENTATION (  '', ( #2830 ), #4922 ) ;
#3932 = CARTESIAN_POINT ( 'NONE',  ( -0.6249999999999998900, 0.0000000000000000000, 1.050000000000000000 ) ) ;
#3933 = LINE ( 'NONE', #1084, #2842 ) ;
#3934 = UNCERTAINTY_MEASURE_WITH_UNIT (LENGTH_MEASURE( 1.000000000000000100E-005 ), #268, 'distance_accuracy_value', 'NONE');
#3935 = ADVANCED_FACE ( 'NONE', ( #1702 ), #196, .F. ) ;
#3936 = CARTESIAN_POINT ( 'NONE',  ( -0.3749999999999998900, 0.1000000000000000100, -1.399999999999999700 ) ) ;
#3937 = EDGE_CURVE ( 'NONE', #2645, #3973, #3322, .T. ) ;
#3938 = AXIS2_PLACEMENT_3D ( 'NONE', #5262, #3664, #4895 ) ;
#3939 = FACE_OUTER_BOUND ( 'NONE', #5129, .T. ) ;
#3940 = CARTESIAN_POINT ( 'NONE',  ( -1.050000000000015600, 0.0000000000000000000, 0.3750000000000019400 ) ) ;
#3941 = EDGE_LOOP ( 'NONE', ( #1264, #3150, #2988, #1743 ) ) ;
#3942 = VECTOR ( 'NONE', #3453, 1000.000000000000000 ) ;
#3943 = DIRECTION ( 'NONE',  ( 1.000000000000000000, 0.0000000000000000000, 0.0000000000000000000 ) ) ;
#3944 = DIRECTION ( 'NONE',  ( -0.0000000000000000000, 1.000000000000000000, -0.0000000000000000000 ) ) ;
#3945 = VECTOR ( 'NONE', #3539, 1000.000000000000000 ) ;
#3946 = DIRECTION ( 'NONE',  ( -1.000000000000000000, 0.0000000000000000000, 0.0000000000000000000 ) ) ;
#3947 = AXIS2_PLACEMENT_3D ( 'NONE', #3395, #5001, #2559 ) ;
#3948 = CARTESIAN_POINT ( 'NONE',  ( 1.049999999999978700, 0.0000000000000000000, -0.8749999999999980000 ) ) ;
#3949 = VERTEX_POINT ( 'NONE', #2571 ) ;
#3950 = EDGE_LOOP ( 'NONE', ( #27, #1716, #2271, #1463 ) ) ;
#3951 = DIRECTION ( 'NONE',  ( 1.000000000000000000, 0.0000000000000000000, -6.847592668329805800E-016 ) ) ;
#3952 = DIRECTION ( 'NONE',  ( -0.0000000000000000000, 1.000000000000000000, -0.0000000000000000000 ) ) ;
#3953 = VECTOR ( 'NONE', #5160, 1000.000000000000000 ) ;
#3954 = DIRECTION ( 'NONE',  ( 0.0000000000000000000, 0.0000000000000000000, 1.000000000000000000 ) ) ;
#3955 = ORIENTED_EDGE ( 'NONE', *, *, #3642, .T. ) ;
#3956 = EDGE_LOOP ( 'NONE', ( #4330, #2489, #3564, #3124 ) ) ;
#3957 = MECHANICAL_DESIGN_GEOMETRIC_PRESENTATION_REPRESENTATION (  '', ( #3666 ), #127 ) ;
#3958 = VECTOR ( 'NONE', #4139, 1000.000000000000000 ) ;
#3959 = SURFACE_STYLE_USAGE ( .BOTH. , #721 ) ;
#3960 = FILL_AREA_STYLE ('',( #1500 ) ) ;
#3961 = VERTEX_POINT ( 'NONE', #1803 ) ;
#3962 = VECTOR ( 'NONE', #2668, 1000.000000000000000 ) ;
#3963 = LINE ( 'NONE', #3295, #161 ) ;
#3964 = CARTESIAN_POINT ( 'NONE',  ( -0.1249999999999998900, 0.1000000000000000100, -1.399999999999999900 ) ) ;
#3965 = ADVANCED_FACE ( 'NONE', ( #1520 ), #1420, .T. ) ;
#3966 = EDGE_CURVE ( 'NONE', #3573, #3269, #1765, .T. ) ;
#3967 = ORIENTED_EDGE ( 'NONE', *, *, #3860, .T. ) ;
#3968 = LINE ( 'NONE', #1177, #5251 ) ;
#3969 = VERTEX_POINT ( 'NONE', #954 ) ;
#3970 = ORIENTED_EDGE ( 'NONE', *, *, #2873, .T. ) ;
#3971 = DIRECTION ( 'NONE',  ( 0.0000000000000000000, -1.000000000000000000, 0.0000000000000000000 ) ) ;
#3972 = PLANE ( 'NONE',  #1667 ) ;
#3973 = VERTEX_POINT ( 'NONE', #4189 ) ;
#3974 = EDGE_CURVE ( 'NONE', #4963, #2808, #2574, .T. ) ;
#3975 = VERTEX_POINT ( 'NONE', #574 ) ;
#3976 = VECTOR ( 'NONE', #3213, 1000.000000000000000 ) ;
#3977 =( NAMED_UNIT ( * ) SI_UNIT ( $, .STERADIAN. ) SOLID_ANGLE_UNIT ( ) );
#3978 = CARTESIAN_POINT ( 'NONE',  ( -1.524999999999999700, 0.0000000000000000000, 0.8750000000000016700 ) ) ;
#3979 = ORIENTED_EDGE ( 'NONE', *, *, #2147, .T. ) ;
#3980 = ORIENTED_EDGE ( 'NONE', *, *, #4486, .T. ) ;
#3981 = CARTESIAN_POINT ( 'NONE',  ( -1.049999999999984100, 0.1000000000000000100, -0.3749999999999979500 ) ) ;
#3982 = ORIENTED_EDGE ( 'NONE', *, *, #2206, .F. ) ;
#3983 = VECTOR ( 'NONE', #3656, 1000.000000000000000 ) ;
#3984 = CLOSED_SHELL ( 'NONE', ( #1689, #4122, #2915, #1664, #4152, #892 ) ) ;
#3985 = LINE ( 'NONE', #5021, #3405 ) ;
#3986 = ADVANCED_FACE ( 'NONE', ( #2327 ), #2619, .F. ) ;
#3987 = ORIENTED_EDGE ( 'NONE', *, *, #2172, .F. ) ;
#3988 = CARTESIAN_POINT ( 'NONE',  ( 0.6250000000000001100, 0.0000000000000000000, 1.050000000000000000 ) ) ;
#3989 = PLANE ( 'NONE',  #4400 ) ;
#3990 = LINE ( 'NONE', #4125, #3871 ) ;
#3991 = EDGE_CURVE ( 'NONE', #3750, #4787, #169, .T. ) ;
#3992 = STYLED_ITEM ( 'NONE', ( #1249 ), #3083 ) ;
#3993 = VERTEX_POINT ( 'NONE', #3792 ) ;
#3994 = CARTESIAN_POINT ( 'NONE',  ( 1.050000000000010300, 0.0000000000000000000, -0.1249999999999980600 ) ) ;
#3995 = CARTESIAN_POINT ( 'NONE',  ( 1.524999999999989300, 0.1000000000000000100, -0.1249999999999983800 ) ) ;
#3996 = EDGE_CURVE ( 'NONE', #2521, #1604, #3077, .T. ) ;
#3997 = DIRECTION ( 'NONE',  ( -1.000000000000000000, -0.0000000000000000000, 9.130123557772670100E-016 ) ) ;
#3998 = AXIS2_PLACEMENT_3D ( 'NONE', #922, #2156, #1352 ) ;
#3999 = LINE ( 'NONE', #2919, #3734 ) ;
#4000 = ORIENTED_EDGE ( 'NONE', *, *, #3937, .F. ) ;
#4001 = LINE ( 'NONE', #1551, #786 ) ;
#4002 = DIRECTION ( 'NONE',  ( -1.000000000000000000, 0.0000000000000000000, 9.130123557772670100E-016 ) ) ;
#4003 = LINE ( 'NONE', #4393, #3953 ) ;
#4004 = ORIENTED_EDGE ( 'NONE', *, *, #640, .T. ) ;
#4005 = ORIENTED_EDGE ( 'NONE', *, *, #3930, .T. ) ;
#4006 =( GEOMETRIC_REPRESENTATION_CONTEXT ( 3 ) GLOBAL_UNCERTAINTY_ASSIGNED_CONTEXT ( ( #3235 ) ) GLOBAL_UNIT_ASSIGNED_CONTEXT ( ( #737, #3552, #4849 ) ) REPRESENTATION_CONTEXT ( 'NONE', 'WORKASPACE' ) );
#4007 = CARTESIAN_POINT ( 'NONE',  ( 1.524999999999989300, 0.1000000000000000100, 0.1250000000000016400 ) ) ;
#4008 = CARTESIAN_POINT ( 'NONE',  ( 1.524999999999989300, 0.0000000000000000000, -0.1249999999999983800 ) ) ;
#4009 = CARTESIAN_POINT ( 'NONE',  ( 0.6250000000000001100, 0.0000000000000000000, -1.399999999999999700 ) ) ;
#4010 = ORIENTED_EDGE ( 'NONE', *, *, #4146, .T. ) ;
#4011 = ORIENTED_EDGE ( 'NONE', *, *, #4719, .F. ) ;
#4012 = DIRECTION ( 'NONE',  ( 0.0000000000000000000, 0.0000000000000000000, -1.000000000000000000 ) ) ;
#4013 = LINE ( 'NONE', #2286, #992 ) ;
#4014 = FACE_OUTER_BOUND ( 'NONE', #3016, .T. ) ;
#4015 = VERTEX_POINT ( 'NONE', #4620 ) ;
#4016 = DIRECTION ( 'NONE',  ( 0.0000000000000000000, -0.0000000000000000000, 1.000000000000000000 ) ) ;
#4017 = ORIENTED_EDGE ( 'NONE', *, *, #3175, .F. ) ;
#4018 = DIRECTION ( 'NONE',  ( -0.0000000000000000000, -1.000000000000000000, -0.0000000000000000000 ) ) ;
#4019 = FACE_OUTER_BOUND ( 'NONE', #3196, .T. ) ;
#4020 = EDGE_CURVE ( 'NONE', #4858, #3176, #3513, .T. ) ;
#4021 = LINE ( 'NONE', #2386, #2378 ) ;
#4022 = ORIENTED_EDGE ( 'NONE', *, *, #3549, .T. ) ;
#4023 = MANIFOLD_SOLID_BREP ( 'Boss-Extrude2[4]', #3265 ) ;
#4024 = CARTESIAN_POINT ( 'NONE',  ( -0.3749999999999998900, 0.1000000000000000100, 1.050000000000000000 ) ) ;
#4025 = VERTEX_POINT ( 'NONE', #2274 ) ;
#4026 = CARTESIAN_POINT ( 'NONE',  ( 1.524999999999984100, 0.0000000000000000000, -0.6249999999999983300 ) ) ;
#4027 = ORIENTED_EDGE ( 'NONE', *, *, #3380, .F. ) ;
#4028 = VECTOR ( 'NONE', #4328, 1000.000000000000000 ) ;
#4029 = LINE ( 'NONE', #914, #810 ) ;
#4030 = ORIENTED_EDGE ( 'NONE', *, *, #599, .T. ) ;
#4031 = ORIENTED_EDGE ( 'NONE', *, *, #4503, .T. ) ;
#4032 = EDGE_CURVE ( 'NONE', #2506, #528, #1458, .T. ) ;
#4033 = LINE ( 'NONE', #419, #3976 ) ;
#4034 = ADVANCED_FACE ( 'NONE', ( #2509 ), #2657, .F. ) ;
#4035 = CARTESIAN_POINT ( 'NONE',  ( 1.524999999999989300, 0.0000000000000000000, 0.1250000000000016400 ) ) ;
#4036 = VERTEX_POINT ( 'NONE', #5103 ) ;
#4037 = SURFACE_STYLE_FILL_AREA ( #2201 ) ;
#4038 = EDGE_CURVE ( 'NONE', #718, #3859, #3070, .T. ) ;
#4039 = ADVANCED_FACE ( 'NONE', ( #1069 ), #2641, .F. ) ;
#4040 = VERTEX_POINT ( 'NONE', #5144 ) ;
#4041 = CARTESIAN_POINT ( 'NONE',  ( 1.625000000000000200, 0.1999999999999999800, 1.499999999999999800 ) ) ;
#4042 = DIRECTION ( 'NONE',  ( -1.000000000000000000, 0.0000000000000000000, -9.130123557772670100E-016 ) ) ;
#4043 = ORIENTED_EDGE ( 'NONE', *, *, #2115, .T. ) ;
#4044 = LINE ( 'NONE', #3372, #1778 ) ;
#4045 = CARTESIAN_POINT ( 'NONE',  ( -0.3749999999999998900, 0.1000000000000000100, -1.050000000000000000 ) ) ;
#4046 = DIRECTION ( 'NONE',  ( 1.000000000000000000, 0.0000000000000000000, 9.130123557773074400E-016 ) ) ;
#4047 = FACE_OUTER_BOUND ( 'NONE', #3886, .T. ) ;
#4048 = DIRECTION ( 'NONE',  ( -1.000000000000000000, 0.0000000000000000000, 0.0000000000000000000 ) ) ;
#4049 = CARTESIAN_POINT ( 'NONE',  ( 0.6250000000000001100, 0.0000000000000000000, 1.399999999999999700 ) ) ;
#4050 = DIRECTION ( 'NONE',  ( -0.0000000000000000000, -1.000000000000000000, -0.0000000000000000000 ) ) ;
#4051 = DIRECTION ( 'NONE',  ( 0.0000000000000000000, 0.0000000000000000000, -1.000000000000000000 ) ) ;
#4052 = VECTOR ( 'NONE', #1805, 1000.000000000000000 ) ;
#4053 = VERTEX_POINT ( 'NONE', #4313 ) ;
#4054 = VECTOR ( 'NONE', #3746, 1000.000000000000000 ) ;
#4055 = ADVANCED_FACE ( 'NONE', ( #1130 ), #2255, .F. ) ;
#4056 = DIRECTION ( 'NONE',  ( 0.0000000000000000000, 0.0000000000000000000, -1.000000000000000000 ) ) ;
#4057 = EDGE_CURVE ( 'NONE', #683, #5175, #3908, .T. ) ;
#4058 = MECHANICAL_DESIGN_GEOMETRIC_PRESENTATION_REPRESENTATION (  '', ( #2433 ), #3675 ) ;
#4059 = CARTESIAN_POINT ( 'NONE',  ( 1.524999999999999700, 0.0000000000000000000, 0.8750000000000016700 ) ) ;
#4060 = ORIENTED_EDGE ( 'NONE', *, *, #1306, .F. ) ;
#4061 = LINE ( 'NONE', #1068, #4900 ) ;
#4062 = ADVANCED_FACE ( 'NONE', ( #4401 ), #3464, .F. ) ;
#4063 = ORIENTED_EDGE ( 'NONE', *, *, #3752, .T. ) ;
#4064 = FACE_OUTER_BOUND ( 'NONE', #1871, .T. ) ;
#4065 = CARTESIAN_POINT ( 'NONE',  ( 0.0000000000000000000, 0.0000000000000000000, 0.0000000000000000000 ) ) ;
#4066 = EDGE_CURVE ( 'NONE', #4453, #270, #1886, .T. ) ;
#4067 = CARTESIAN_POINT ( 'NONE',  ( 1.050000000000015600, 0.0000000000000000000, 0.3750000000000019400 ) ) ;
#4068 = DIRECTION ( 'NONE',  ( -1.000000000000000000, 0.0000000000000000000, 0.0000000000000000000 ) ) ;
#4069 = ORIENTED_EDGE ( 'NONE', *, *, #4580, .F. ) ;
#4070 = EDGE_LOOP ( 'NONE', ( #4881, #3300, #3529, #4464 ) ) ;
#4071 = PRESENTATION_STYLE_ASSIGNMENT (( #1860 ) ) ;
#4072 = PLANE ( 'NONE',  #726 ) ;
#4073 = VECTOR ( 'NONE', #1422, 1000.000000000000000 ) ;
#4074 = ORIENTED_EDGE ( 'NONE', *, *, #3211, .T. ) ;
#4075 = ORIENTED_EDGE ( 'NONE', *, *, #4700, .T. ) ;
#4076 = CARTESIAN_POINT ( 'NONE',  ( 0.6250000000000001100, 0.0000000000000000000, -1.050000000000000000 ) ) ;
#4077 = LINE ( 'NONE', #1956, #2620 ) ;
#4078 = CARTESIAN_POINT ( 'NONE',  ( 0.3750000000000001100, 0.0000000000000000000, 1.050000000000000000 ) ) ;
#4079 = ORIENTED_EDGE ( 'NONE', *, *, #4719, .T. ) ;
#4080 = FACE_OUTER_BOUND ( 'NONE', #3008, .T. ) ;
#4081 = VECTOR ( 'NONE', #2890, 1000.000000000000000 ) ;
#4082 = DIRECTION ( 'NONE',  ( -1.000000000000000000, 0.0000000000000000000, -6.847592668329805800E-016 ) ) ;
#4083 = CARTESIAN_POINT ( 'NONE',  ( 1.049999999999999800, 0.0000000000000000000, -1.124999999999998000 ) ) ;
#4084 = EDGE_LOOP ( 'NONE', ( #4145, #4454, #1491, #4998 ) ) ;
#4085 = LINE ( 'NONE', #4130, #1823 ) ;
#4086 = VECTOR ( 'NONE', #1057, 1000.000000000000000 ) ;
#4087 = ORIENTED_EDGE ( 'NONE', *, *, #2767, .T. ) ;
#4088 = CARTESIAN_POINT ( 'NONE',  ( -1.050000000000020700, 0.1000000000000000100, 0.8750000000000020000 ) ) ;
#4089 = ADVANCED_FACE ( 'NONE', ( #5194 ), #287, .F. ) ;
#4090 = DIRECTION ( 'NONE',  ( -0.0000000000000000000, -1.000000000000000000, -0.0000000000000000000 ) ) ;
#4091 = EDGE_CURVE ( 'NONE', #1837, #4040, #4289, .T. ) ;
#4092 = PLANE ( 'NONE',  #46 ) ;
#4093 = PRESENTATION_LAYER_ASSIGNMENT (  '', '', ( #23 ) ) ;
#4094 = ORIENTED_EDGE ( 'NONE', *, *, #4731, .T. ) ;
#4095 = LINE ( 'NONE', #2661, #1524 ) ;
#4096 = ORIENTED_EDGE ( 'NONE', *, *, #3742, .F. ) ;
#4097 = DIRECTION ( 'NONE',  ( -0.0000000000000000000, 0.0000000000000000000, 1.000000000000000000 ) ) ;
#4098 = DIRECTION ( 'NONE',  ( -0.0000000000000000000, -1.000000000000000000, -0.0000000000000000000 ) ) ;
#4099 = FACE_OUTER_BOUND ( 'NONE', #3768, .T. ) ;
#4100 = CARTESIAN_POINT ( 'NONE',  ( -0.3749999999999998900, 0.1000000000000000100, -1.399999999999999700 ) ) ;
#4101 = VERTEX_POINT ( 'NONE', #3060 ) ;
#4102 = AXIS2_PLACEMENT_3D ( 'NONE', #122, #4615, #1301 ) ;
#4103 = ORIENTED_EDGE ( 'NONE', *, *, #4432, .T. ) ;
#4104 = DIRECTION ( 'NONE',  ( -0.0000000000000000000, 0.0000000000000000000, -1.000000000000000000 ) ) ;
#4105 = SURFACE_SIDE_STYLE ('',( #2069 ) ) ;
#4106 = ORIENTED_EDGE ( 'NONE', *, *, #1935, .F. ) ;
#4107 = VECTOR ( 'NONE', #2621, 1000.000000000000000 ) ;
#4108 = CARTESIAN_POINT ( 'NONE',  ( 1.049999999999999800, 0.1000000000000000100, 1.125000000000002000 ) ) ;
#4109 = EDGE_CURVE ( 'NONE', #4626, #2359, #2630, .T. ) ;
#4110 = ORIENTED_EDGE ( 'NONE', *, *, #327, .T. ) ;
#4111 = EDGE_LOOP ( 'NONE', ( #3614, #3982, #1203, #2424 ) ) ;
#4112 = VECTOR ( 'NONE', #92, 1000.000000000000000 ) ;
#4113 = DIRECTION ( 'NONE',  ( -0.0000000000000000000, -0.0000000000000000000, -1.000000000000000000 ) ) ;
#4114 = ORIENTED_EDGE ( 'NONE', *, *, #2066, .F. ) ;
#4115 =( NAMED_UNIT ( * ) PLANE_ANGLE_UNIT ( ) SI_UNIT ( $, .RADIAN. ) );
#4116 = FILL_AREA_STYLE ('',( #3276 ) ) ;
#4117 = FACE_OUTER_BOUND ( 'NONE', #2833, .T. ) ;
#4118 = CARTESIAN_POINT ( 'NONE',  ( -0.1249999999999998900, 0.1000000000000000100, -1.399999999999999900 ) ) ;
#4119 = AXIS2_PLACEMENT_3D ( 'NONE', #403, #5278, #16 ) ;
#4120 = VERTEX_POINT ( 'NONE', #1462 ) ;
#4121 = DIRECTION ( 'NONE',  ( 8.413408858487510600E-014, 0.0000000000000000000, 1.000000000000000000 ) ) ;
#4122 = ADVANCED_FACE ( 'NONE', ( #3263 ), #4747, .F. ) ;
#4123 = VECTOR ( 'NONE', #3997, 1000.000000000000000 ) ;
#4124 = FILL_AREA_STYLE_COLOUR ( '', #2503 ) ;
#4125 = CARTESIAN_POINT ( 'NONE',  ( 1.625000000000000200, 0.1999999999999999800, -1.500000000000000200 ) ) ;
#4126 = ORIENTED_EDGE ( 'NONE', *, *, #1854, .T. ) ;
#4127 = FACE_OUTER_BOUND ( 'NONE', #336, .T. ) ;
#4128 = EDGE_CURVE ( 'NONE', #2695, #2151, #3195, .T. ) ;
#4129 = DIRECTION ( 'NONE',  ( -6.847592668329805800E-016, 0.0000000000000000000, 1.000000000000000000 ) ) ;
#4130 = CARTESIAN_POINT ( 'NONE',  ( 1.049999999999999800, 0.1000000000000000100, 1.125000000000002000 ) ) ;
#4131 = DIRECTION ( 'NONE',  ( 0.0000000000000000000, 0.0000000000000000000, 1.000000000000000000 ) ) ;
#4132 = CARTESIAN_POINT ( 'NONE',  ( 1.625000000000000200, 0.1999999999999999800, -1.500000000000000200 ) ) ;
#4133 = VERTEX_POINT ( 'NONE', #5122 ) ;
#4134 = VECTOR ( 'NONE', #2085, 1000.000000000000000 ) ;
#4135 = CARTESIAN_POINT ( 'NONE',  ( -1.524999999999999700, 0.0000000000000000000, 1.125000000000001600 ) ) ;
#4137 = PLANE ( 'NONE',  #4195 ) ;
#4136 = DIRECTION ( 'NONE',  ( 6.847592668329805800E-016, 0.0000000000000000000, -1.000000000000000000 ) ) ;
#4138 = EDGE_CURVE ( 'NONE', #3273, #563, #1824, .T. ) ;
#4139 = DIRECTION ( 'NONE',  ( 8.413408858487510600E-014, -0.0000000000000000000, -1.000000000000000000 ) ) ;
#4140 = ORIENTED_EDGE ( 'NONE', *, *, #4559, .T. ) ;
#4141 = VECTOR ( 'NONE', #3433, 1000.000000000000000 ) ;
#4142 = DIRECTION ( 'NONE',  ( -1.000000000000000000, -0.0000000000000000000, 0.0000000000000000000 ) ) ;
#4143 = FACE_OUTER_BOUND ( 'NONE', #2627, .T. ) ;
#4144 = EDGE_LOOP ( 'NONE', ( #2202, #5087, #5270, #3318 ) ) ;
#4145 = ORIENTED_EDGE ( 'NONE', *, *, #4186, .T. ) ;
#4146 = EDGE_CURVE ( 'NONE', #528, #2416, #5056, .T. ) ;
#4147 = CARTESIAN_POINT ( 'NONE',  ( 0.6250000000000001100, 0.1000000000000000100, -1.050000000000000000 ) ) ;
#4148 = LINE ( 'NONE', #2960, #216 ) ;
#4149 = CARTESIAN_POINT ( 'NONE',  ( -1.524999999999978600, 0.0000000000000000000, -0.8749999999999984500 ) ) ;
#4150 = DIRECTION ( 'NONE',  ( 0.0000000000000000000, 0.0000000000000000000, 1.000000000000000000 ) ) ;
#4151 = ORIENTED_EDGE ( 'NONE', *, *, #1976, .T. ) ;
#4152 = ADVANCED_FACE ( 'NONE', ( #1696 ), #1544, .T. ) ;
#4153 = PLANE ( 'NONE',  #1158 ) ;
#4154 = LINE ( 'NONE', #83, #4853 ) ;
#4155 = CARTESIAN_POINT ( 'NONE',  ( -1.524999999999984100, 0.1000000000000000100, -0.6249999999999983300 ) ) ;
#4156 = VECTOR ( 'NONE', #779, 1000.000000000000000 ) ;
#4157 = ORIENTED_EDGE ( 'NONE', *, *, #1373, .F. ) ;
#4158 = PLANE ( 'NONE',  #2881 ) ;
#4159 = CARTESIAN_POINT ( 'NONE',  ( 0.0000000000000000000, 0.1000000000000000100, 0.0000000000000000000 ) ) ;
#4160 = FILL_AREA_STYLE ('',( #1336 ) ) ;
#4161 = EDGE_LOOP ( 'NONE', ( #1478, #3144, #3827, #3832 ) ) ;
#4162 = VECTOR ( 'NONE', #4912, 1000.000000000000000 ) ;
#4163 = FACE_OUTER_BOUND ( 'NONE', #4084, .T. ) ;
#4164 = VERTEX_POINT ( 'NONE', #751 ) ;
#4165 = DIRECTION ( 'NONE',  ( 0.0000000000000000000, 1.000000000000000000, 0.0000000000000000000 ) ) ;
#4166 = ORIENTED_EDGE ( 'NONE', *, *, #1408, .F. ) ;
#4167 = CARTESIAN_POINT ( 'NONE',  ( 1.049999999999984100, 0.1000000000000000100, -0.3749999999999979500 ) ) ;
#4168 = LINE ( 'NONE', #4703, #413 ) ;
#4169 = ORIENTED_EDGE ( 'NONE', *, *, #1636, .F. ) ;
#4170 = CARTESIAN_POINT ( 'NONE',  ( 1.049999999999989400, 0.0000000000000000000, 0.1250000000000020500 ) ) ;
#4171 = ORIENTED_EDGE ( 'NONE', *, *, #1695, .F. ) ;
#4172 = VECTOR ( 'NONE', #2053, 1000.000000000000000 ) ;
#4173 = VERTEX_POINT ( 'NONE', #4363 ) ;
#4174 = DIRECTION ( 'NONE',  ( 8.413408858487515700E-014, 0.0000000000000000000, 1.000000000000000000 ) ) ;
#4175 = AXIS2_PLACEMENT_3D ( 'NONE', #2844, #4129, #4884 ) ;
#4176 = FACE_OUTER_BOUND ( 'NONE', #1983, .T. ) ;
#4177 = CARTESIAN_POINT ( 'NONE',  ( 0.6250000000000001100, 0.0000000000000000000, -1.400000000000000400 ) ) ;
#4178 = CARTESIAN_POINT ( 'NONE',  ( -0.1249999999999998900, 0.0000000000000000000, 1.050000000000000000 ) ) ;
#4179 = ORIENTED_EDGE ( 'NONE', *, *, #4554, .T. ) ;
#4180 = VECTOR ( 'NONE', #4409, 1000.000000000000000 ) ;
#4181 = ADVANCED_FACE ( 'NONE', ( #3696 ), #5177, .F. ) ;
#4182 = EDGE_CURVE ( 'NONE', #3572, #3732, #4223, .T. ) ;
#4183 = CARTESIAN_POINT ( 'NONE',  ( 0.0000000000000000000, 0.1000000000000000100, 0.0000000000000000000 ) ) ;
#4184 = DIRECTION ( 'NONE',  ( -0.0000000000000000000, 1.000000000000000000, -0.0000000000000000000 ) ) ;
#4185 = VECTOR ( 'NONE', #3283, 1000.000000000000000 ) ;
#4186 = EDGE_CURVE ( 'NONE', #133, #2564, #1573, .T. ) ;
#4187 = DIRECTION ( 'NONE',  ( 1.000000000000000000, 0.0000000000000000000, -6.847592668329805800E-016 ) ) ;
#4188 = CARTESIAN_POINT ( 'NONE',  ( 0.6250000000000001100, 0.1000000000000000100, 1.399999999999999700 ) ) ;
#4189 = CARTESIAN_POINT ( 'NONE',  ( 0.1250000000000001100, 0.0000000000000000000, 1.399999999999999700 ) ) ;
#4190 = FACE_OUTER_BOUND ( 'NONE', #3613, .T. ) ;
#4191 = DIRECTION ( 'NONE',  ( -1.000000000000000000, 0.0000000000000000000, 1.334402673828313300E-016 ) ) ;
#4192 = CARTESIAN_POINT ( 'NONE',  ( 1.524999999999994400, 0.1000000000000000100, 0.3750000000000016100 ) ) ;
#4193 = ORIENTED_EDGE ( 'NONE', *, *, #852, .F. ) ;
#4194 = VECTOR ( 'NONE', #1444, 1000.000000000000000 ) ;
#4195 = AXIS2_PLACEMENT_3D ( 'NONE', #4177, #942, #3751 ) ;
#4196 = UNCERTAINTY_MEASURE_WITH_UNIT (LENGTH_MEASURE( 1.000000000000000100E-005 ), #3782, 'distance_accuracy_value', 'NONE');
#4197 = CARTESIAN_POINT ( 'NONE',  ( -0.1249999999999998900, 0.0000000000000000000, 1.399999999999999900 ) ) ;
#4198 = EDGE_LOOP ( 'NONE', ( #4935, #1839, #2189, #693 ) ) ;
#4199 = PLANE ( 'NONE',  #4102 ) ;
#4200 = DIRECTION ( 'NONE',  ( 0.0000000000000000000, 0.0000000000000000000, -1.000000000000000000 ) ) ;
#4201 = EDGE_CURVE ( 'NONE', #761, #3067, #4021, .T. ) ;
#4202 = AXIS2_PLACEMENT_3D ( 'NONE', #3334, #934, #3745 ) ;
#4203 = VERTEX_POINT ( 'NONE', #2769 ) ;
#4204 = COLOUR_RGB ( '',1.000000000000000000, 1.000000000000000000, 1.000000000000000000 ) ;
#4205 = ADVANCED_FACE ( 'NONE', ( #95 ), #1606, .F. ) ;
#4206 = DIRECTION ( 'NONE',  ( -0.0000000000000000000, 1.000000000000000000, -0.0000000000000000000 ) ) ;
#4207 = DIRECTION ( 'NONE',  ( -0.0000000000000000000, 1.000000000000000000, -0.0000000000000000000 ) ) ;
#4208 = VERTEX_POINT ( 'NONE', #3180 ) ;
#4209 = ORIENTED_EDGE ( 'NONE', *, *, #1512, .T. ) ;
#4210 = CARTESIAN_POINT ( 'NONE',  ( -1.624999999999999800, 1.139999999999999900, 1.500000000000000200 ) ) ;
#4211 = CARTESIAN_POINT ( 'NONE',  ( -0.1249999999999998900, 0.0000000000000000000, 1.050000000000000000 ) ) ;
#4212 = LINE ( 'NONE', #2093, #3430 ) ;
#4213 = EDGE_LOOP ( 'NONE', ( #2804, #5119, #5132, #2209 ) ) ;
#4214 = VERTEX_POINT ( 'NONE', #2756 ) ;
#4215 = CARTESIAN_POINT ( 'NONE',  ( -0.3749999999999998900, 0.1000000000000000100, 1.050000000000000000 ) ) ;
#4216 = EDGE_CURVE ( 'NONE', #3067, #528, #2257, .T. ) ;
#4217 = ORIENTED_EDGE ( 'NONE', *, *, #3611, .F. ) ;
#4218 = LINE ( 'NONE', #2615, #3132 ) ;
#4219 = VECTOR ( 'NONE', #962, 1000.000000000000000 ) ;
#4220 = DIRECTION ( 'NONE',  ( 0.0000000000000000000, -0.0000000000000000000, -1.000000000000000000 ) ) ;
#4221 = ORIENTED_EDGE ( 'NONE', *, *, #711, .T. ) ;
#4222 = FACE_BOUND ( 'NONE', #1521, .T. ) ;
#4223 = LINE ( 'NONE', #3994, #1186 ) ;
#4224 = EDGE_LOOP ( 'NONE', ( #2483, #1526, #5182, #2358 ) ) ;
#4225 = ORIENTED_EDGE ( 'NONE', *, *, #686, .F. ) ;
#4227 = CARTESIAN_POINT ( 'NONE',  ( 1.524999999999999700, 0.0000000000000000000, 1.125000000000001600 ) ) ;
#4226 = CARTESIAN_POINT ( 'NONE',  ( 1.625000000000000200, 1.139999999999999900, 1.499999999999999800 ) ) ;
#4228 = VERTEX_POINT ( 'NONE', #2343 ) ;
#4229 = APPLICATION_CONTEXT ( 'automotive_design' ) ;
#4230 = CARTESIAN_POINT ( 'NONE',  ( -1.050000000000005200, 0.1000000000000000100, -0.6249999999999981100 ) ) ;
#4231 = ADVANCED_FACE ( 'NONE', ( #3140 ), #1162, .F. ) ;
#4232 = CARTESIAN_POINT ( 'NONE',  ( -1.524999999999978600, 0.1000000000000000100, -0.8749999999999984500 ) ) ;
#4233 = ORIENTED_EDGE ( 'NONE', *, *, #4449, .F. ) ;
#4234 =( NAMED_UNIT ( * ) SI_UNIT ( $, .STERADIAN. ) SOLID_ANGLE_UNIT ( ) );
#4235 = DIRECTION ( 'NONE',  ( 9.130123557772670100E-016, -0.0000000000000000000, 1.000000000000000000 ) ) ;
#4236 = ORIENTED_EDGE ( 'NONE', *, *, #5107, .T. ) ;
#4237 =( LENGTH_UNIT ( ) NAMED_UNIT ( * ) SI_UNIT ( .MILLI., .METRE. ) );
#4238 = VERTEX_POINT ( 'NONE', #4008 ) ;
#4239 = VECTOR ( 'NONE', #4245, 1000.000000000000000 ) ;
#4240 = CARTESIAN_POINT ( 'NONE',  ( 0.0000000000000000000, 0.2000000000000000100, 0.0000000000000000000 ) ) ;
#4241 = EDGE_CURVE ( 'NONE', #5175, #1152, #3968, .T. ) ;
#4242 = PLANE ( 'NONE',  #4600 ) ;
#4243 = AXIS2_PLACEMENT_3D ( 'NONE', #3515, #214, #1083 ) ;
#4244 = ORIENTED_EDGE ( 'NONE', *, *, #3138, .T. ) ;
#4245 = DIRECTION ( 'NONE',  ( -1.000000000000000000, 0.0000000000000000000, -9.130123557772670100E-016 ) ) ;
#4246 = VECTOR ( 'NONE', #819, 1000.000000000000000 ) ;
#4247 = APPLICATION_PROTOCOL_DEFINITION ( 'draft international standard', 'automotive_design', 1998, #3911 ) ;
#4248 = EDGE_CURVE ( 'NONE', #4025, #4453, #2130, .T. ) ;
#4249 = DIRECTION ( 'NONE',  ( 0.0000000000000000000, -0.0000000000000000000, -1.000000000000000000 ) ) ;
#4250 = LINE ( 'NONE', #659, #4314 ) ;
#4251 = CLOSED_SHELL ( 'NONE', ( #4770, #3736, #946, #3129, #4901, #2625 ) ) ;
#4252 = CARTESIAN_POINT ( 'NONE',  ( -1.049999999999978700, 0.1000000000000000100, -0.8749999999999980000 ) ) ;
#4253 = ORIENTED_EDGE ( 'NONE', *, *, #2913, .F. ) ;
#4254 = LINE ( 'NONE', #4752, #4194 ) ;
#4255 = CARTESIAN_POINT ( 'NONE',  ( 0.6250000000000001100, 0.1000000000000000100, -1.050000000000000000 ) ) ;
#4256 = CARTESIAN_POINT ( 'NONE',  ( 0.6250000000000001100, 0.0000000000000000000, 1.399999999999999700 ) ) ;
#4257 = ADVANCED_FACE ( 'NONE', ( #1063 ), #4405, .F. ) ;
#4258 = PLANE ( 'NONE',  #1706 ) ;
#4259 = CARTESIAN_POINT ( 'NONE',  ( -1.524999999999994400, 0.1000000000000000100, 0.6250000000000016700 ) ) ;
#4260 = CARTESIAN_POINT ( 'NONE',  ( 0.3750000000000001100, 0.0000000000000000000, -1.399999999999999900 ) ) ;
#4261 = FILL_AREA_STYLE ('',( #1486 ) ) ;
#4262 = ORIENTED_EDGE ( 'NONE', *, *, #2612, .T. ) ;
#4263 = LINE ( 'NONE', #4135, #4134 ) ;
#4264 = DIRECTION ( 'NONE',  ( -1.000000000000000000, 0.0000000000000000000, 9.130123557772670100E-016 ) ) ;
#4265 = CARTESIAN_POINT ( 'NONE',  ( -1.050000000000020700, 0.0000000000000000000, 0.8750000000000020000 ) ) ;
#4266 = DIRECTION ( 'NONE',  ( -1.000000000000000000, 0.0000000000000000000, -1.734723475976807100E-015 ) ) ;
#4267 = DIRECTION ( 'NONE',  ( 8.413408858487510600E-014, -0.0000000000000000000, -1.000000000000000000 ) ) ;
#4268 = ORIENTED_EDGE ( 'NONE', *, *, #3793, .F. ) ;
#4269 = DIRECTION ( 'NONE',  ( -0.0000000000000000000, -1.000000000000000000, -0.0000000000000000000 ) ) ;
#4270 = EDGE_CURVE ( 'NONE', #2928, #1813, #800, .T. ) ;
#4271 = MECHANICAL_DESIGN_GEOMETRIC_PRESENTATION_REPRESENTATION (  '', ( #3992 ), #4373 ) ;
#4272 = CARTESIAN_POINT ( 'NONE',  ( 1.049999999999994500, 0.1000000000000000100, 0.6250000000000021100 ) ) ;
#4273 = LINE ( 'NONE', #2183, #1432 ) ;
#4274 = CARTESIAN_POINT ( 'NONE',  ( -1.049999999999999800, 0.1000000000000000100, -1.124999999999998000 ) ) ;
#4275 = EDGE_LOOP ( 'NONE', ( #3892, #1232, #3639, #4094 ) ) ;
#4276 = ORIENTED_EDGE ( 'NONE', *, *, #262, .T. ) ;
#4277 = CARTESIAN_POINT ( 'NONE',  ( -0.1249999999999998900, 0.0000000000000000000, -1.050000000000000000 ) ) ;
#4278 = VECTOR ( 'NONE', #3289, 1000.000000000000000 ) ;
#4279 = ORIENTED_EDGE ( 'NONE', *, *, #4889, .F. ) ;
#4280 = EDGE_CURVE ( 'NONE', #3269, #4208, #345, .T. ) ;
#4281 = VECTOR ( 'NONE', #2932, 1000.000000000000000 ) ;
#4282 = FACE_OUTER_BOUND ( 'NONE', #2917, .T. ) ;
#4283 = DIRECTION ( 'NONE',  ( -1.000000000000000000, 0.0000000000000000000, -9.130123557772670100E-016 ) ) ;
#4284 = ADVANCED_FACE ( 'NONE', ( #4163 ), #3227, .F. ) ;
#4285 = CARTESIAN_POINT ( 'NONE',  ( -0.3749999999999998900, 0.0000000000000000000, 1.050000000000000000 ) ) ;
#4286 = CARTESIAN_POINT ( 'NONE',  ( -0.6249999999999998900, 0.1000000000000000100, 1.399999999999999900 ) ) ;
#4287 = ORIENTED_EDGE ( 'NONE', *, *, #924, .T. ) ;
#4288 = LINE ( 'NONE', #982, #4538 ) ;
#4289 = LINE ( 'NONE', #4277, #4086 ) ;
#4290 = ORIENTED_EDGE ( 'NONE', *, *, #5204, .F. ) ;
#4291 = EDGE_CURVE ( 'NONE', #382, #5148, #4673, .T. ) ;
#4292 = ORIENTED_EDGE ( 'NONE', *, *, #4091, .T. ) ;
#4293 = VECTOR ( 'NONE', #681, 1000.000000000000000 ) ;
#4294 = CARTESIAN_POINT ( 'NONE',  ( -1.524999999999989300, 0.1000000000000000100, -0.1249999999999983800 ) ) ;
#4295 = VECTOR ( 'NONE', #2236, 1000.000000000000000 ) ;
#4296 = CARTESIAN_POINT ( 'NONE',  ( 0.1250000000000001100, 0.1000000000000000100, 1.050000000000000000 ) ) ;
#4297 = ORIENTED_EDGE ( 'NONE', *, *, #5023, .T. ) ;
#4298 = DIRECTION ( 'NONE',  ( -1.000000000000000000, 0.0000000000000000000, 9.130123557772670100E-016 ) ) ;
#4299 = LINE ( 'NONE', #2768, #3084 ) ;
#4300 = ORIENTED_EDGE ( 'NONE', *, *, #2644, .F. ) ;
#4301 = ORIENTED_EDGE ( 'NONE', *, *, #4503, .F. ) ;
#4302 = CARTESIAN_POINT ( 'NONE',  ( 1.050000000000010300, 0.1000000000000000100, -0.1249999999999980600 ) ) ;
#4303 = PLANE ( 'NONE',  #2855 ) ;
#4304 = EDGE_CURVE ( 'NONE', #329, #3969, #2875, .T. ) ;
#4305 = DIRECTION ( 'NONE',  ( 1.000000000000000000, 0.0000000000000000000, -9.130123557772670100E-016 ) ) ;
#4306 = ORIENTED_EDGE ( 'NONE', *, *, #678, .T. ) ;
#4307 = DIRECTION ( 'NONE',  ( 6.847592668329805800E-016, 0.0000000000000000000, -1.000000000000000000 ) ) ;
#4308 = VERTEX_POINT ( 'NONE', #1252 ) ;
#4309 = LINE ( 'NONE', #200, #5208 ) ;
#4310 = CARTESIAN_POINT ( 'NONE',  ( 0.1250000000000001100, 0.1000000000000000100, 1.400000000000000400 ) ) ;
#4311 = CARTESIAN_POINT ( 'NONE',  ( 1.524999999999994400, 0.0000000000000000000, 0.3750000000000016100 ) ) ;
#4312 = ADVANCED_FACE ( 'NONE', ( #2194 ), #1269, .F. ) ;
#4313 = CARTESIAN_POINT ( 'NONE',  ( 1.524999999999994400, 0.0000000000000000000, 0.6250000000000016700 ) ) ;
#4314 = VECTOR ( 'NONE', #4375, 1000.000000000000000 ) ;
#4315 = EDGE_CURVE ( 'NONE', #3350, #5263, #3569, .T. ) ;
#4316 = DIRECTION ( 'NONE',  ( 0.0000000000000000000, 0.0000000000000000000, -1.000000000000000000 ) ) ;
#4317 = AXIS2_PLACEMENT_3D ( 'NONE', #2784, #3548, #1558 ) ;
#4318 = LINE ( 'NONE', #5027, #2722 ) ;
#4319 = CARTESIAN_POINT ( 'NONE',  ( -1.524999999999989300, 0.1000000000000000100, 0.1250000000000016400 ) ) ;
#4320 = EDGE_CURVE ( 'NONE', #2996, #382, #738, .T. ) ;
#4321 = FILL_AREA_STYLE_COLOUR ( '', #3702 ) ;
#4322 = EDGE_LOOP ( 'NONE', ( #346, #1170, #3116, #5128 ) ) ;
#4323 = LINE ( 'NONE', #2497, #1223 ) ;
#4324 = CARTESIAN_POINT ( 'NONE',  ( 0.3750000000000001100, 0.1000000000000000100, 1.399999999999999900 ) ) ;
#4325 = ORIENTED_EDGE ( 'NONE', *, *, #720, .T. ) ;
#4326 = VECTOR ( 'NONE', #3586, 1000.000000000000000 ) ;
#4327 = AXIS2_PLACEMENT_3D ( 'NONE', #3431, #1899, #1103 ) ;
#4328 = DIRECTION ( 'NONE',  ( 8.413408858487514400E-014, -0.0000000000000000000, -1.000000000000000000 ) ) ;
#4329 = CARTESIAN_POINT ( 'NONE',  ( 1.049999999999989400, 0.0000000000000000000, 0.1250000000000020500 ) ) ;
#4330 = ORIENTED_EDGE ( 'NONE', *, *, #2577, .T. ) ;
#4331 = LINE ( 'NONE', #3874, #2303 ) ;
#4332 =( GEOMETRIC_REPRESENTATION_CONTEXT ( 3 ) GLOBAL_UNCERTAINTY_ASSIGNED_CONTEXT ( ( #4812 ) ) GLOBAL_UNIT_ASSIGNED_CONTEXT ( ( #4237, #179, #1479 ) ) REPRESENTATION_CONTEXT ( 'NONE', 'WORKASPACE' ) );
#4333 = EDGE_LOOP ( 'NONE', ( #4774, #1469, #788, #785 ) ) ;
#4334 = ORIENTED_EDGE ( 'NONE', *, *, #5055, .F. ) ;
#4335 = ORIENTED_EDGE ( 'NONE', *, *, #995, .T. ) ;
#4336 = ADVANCED_FACE ( 'NONE', ( #679 ), #4499, .F. ) ;
#4337 = DIRECTION ( 'NONE',  ( -1.334402673828313300E-016, 0.0000000000000000000, -1.000000000000000000 ) ) ;
#4338 = VECTOR ( 'NONE', #148, 1000.000000000000000 ) ;
#4339 = DIRECTION ( 'NONE',  ( 8.413408858487510600E-014, 0.0000000000000000000, -1.000000000000000000 ) ) ;
#4340 = PLANE ( 'NONE',  #3644 ) ;
#4341 = LINE ( 'NONE', #2744, #3057 ) ;
#4342 = EDGE_LOOP ( 'NONE', ( #4488, #4587, #1145, #4843 ) ) ;
#4343 = VERTEX_POINT ( 'NONE', #400 ) ;
#4344 = CARTESIAN_POINT ( 'NONE',  ( -1.049999999999989400, 0.1000000000000000100, 0.1250000000000020500 ) ) ;
#4345 = VECTOR ( 'NONE', #2679, 1000.000000000000000 ) ;
#4346 = CARTESIAN_POINT ( 'NONE',  ( 1.524999999999999700, 0.0000000000000000000, 1.125000000000001600 ) ) ;
#4347 = DIRECTION ( 'NONE',  ( 8.413408858487514400E-014, 0.0000000000000000000, 1.000000000000000000 ) ) ;
#4348 = EDGE_LOOP ( 'NONE', ( #5011, #3462, #900, #3955 ) ) ;
#4349 = ORIENTED_EDGE ( 'NONE', *, *, #1058, .F. ) ;
#4350 = LINE ( 'NONE', #856, #2693 ) ;
#4351 = VECTOR ( 'NONE', #3944, 1000.000000000000000 ) ;
#4352 = EDGE_CURVE ( 'NONE', #5259, #2420, #3840, .T. ) ;
#4353 = CARTESIAN_POINT ( 'NONE',  ( -0.6249999999999998900, 0.1000000000000000100, 1.050000000000000000 ) ) ;
#4354 = DIRECTION ( 'NONE',  ( 1.000000000000000000, 0.0000000000000000000, -6.847592668329805800E-016 ) ) ;
#4355 = EDGE_LOOP ( 'NONE', ( #4410, #1033, #3621, #476 ) ) ;
#4356 = DIRECTION ( 'NONE',  ( 0.0000000000000000000, 0.0000000000000000000, -1.000000000000000000 ) ) ;
#4357 = ORIENTED_EDGE ( 'NONE', *, *, #1666, .F. ) ;
#4358 = UNCERTAINTY_MEASURE_WITH_UNIT (LENGTH_MEASURE( 1.000000000000000100E-005 ), #1852, 'distance_accuracy_value', 'NONE');
#4359 = LINE ( 'NONE', #4932, #4871 ) ;
#4360 = STYLED_ITEM ( 'NONE', ( #2853 ), #171 ) ;
#4361 = DIRECTION ( 'NONE',  ( -1.000000000000000000, 0.0000000000000000000, -9.130123557772670100E-016 ) ) ;
#4362 = ADVANCED_FACE ( 'NONE', ( #3765 ), #14, .F. ) ;
#4363 = CARTESIAN_POINT ( 'NONE',  ( -1.524999999999984100, 0.1000000000000000100, -0.6249999999999983300 ) ) ;
#4364 = DIRECTION ( 'NONE',  ( 8.413408858487510600E-014, -0.0000000000000000000, -1.000000000000000000 ) ) ;
#4365 = ORIENTED_EDGE ( 'NONE', *, *, #461, .T. ) ;
#4366 = ORIENTED_EDGE ( 'NONE', *, *, #4694, .F. ) ;
#4367 = SURFACE_STYLE_FILL_AREA ( #2164 ) ;
#4368 = CARTESIAN_POINT ( 'NONE',  ( 1.050000000000005200, 0.0000000000000000000, -0.6249999999999981100 ) ) ;
#4369 = CARTESIAN_POINT ( 'NONE',  ( 0.1250000000000001100, 0.0000000000000000000, -1.399999999999999700 ) ) ;
#4370 = EDGE_LOOP ( 'NONE', ( #231, #1371, #458, #1295 ) ) ;
#4371 = COLOUR_RGB ( '',1.000000000000000000, 1.000000000000000000, 1.000000000000000000 ) ;
#4372 = EDGE_CURVE ( 'NONE', #4800, #4670, #4797, .T. ) ;
#4373 =( GEOMETRIC_REPRESENTATION_CONTEXT ( 3 ) GLOBAL_UNCERTAINTY_ASSIGNED_CONTEXT ( ( #722 ) ) GLOBAL_UNIT_ASSIGNED_CONTEXT ( ( #456, #4556, #3684 ) ) REPRESENTATION_CONTEXT ( 'NONE', 'WORKASPACE' ) );
#4374 = PLANE ( 'NONE',  #1299 ) ;
#4375 = DIRECTION ( 'NONE',  ( -0.0000000000000000000, -0.0000000000000000000, -1.000000000000000000 ) ) ;
#4376 = VECTOR ( 'NONE', #553, 1000.000000000000000 ) ;
#4377 = CARTESIAN_POINT ( 'NONE',  ( -1.050000000000005200, -0.0000000000000000000, -0.6249999999999981100 ) ) ;
#4378 = CARTESIAN_POINT ( 'NONE',  ( 0.0000000000000000000, 0.0000000000000000000, 0.0000000000000000000 ) ) ;
#4379 = EDGE_CURVE ( 'NONE', #4787, #1260, #2504, .T. ) ;
#4380 = CARTESIAN_POINT ( 'NONE',  ( -1.624999999999999800, 1.139999999999999900, 1.500000000000000200 ) ) ;
#4381 = CARTESIAN_POINT ( 'NONE',  ( 0.1250000000000001100, 0.1000000000000000100, 1.050000000000000000 ) ) ;
#4382 = AXIS2_PLACEMENT_3D ( 'NONE', #4588, #526, #1322 ) ;
#4383 = LINE ( 'NONE', #3850, #260 ) ;
#4384 = VERTEX_POINT ( 'NONE', #4049 ) ;
#4385 = FACE_OUTER_BOUND ( 'NONE', #4355, .T. ) ;
#4386 = EDGE_CURVE ( 'NONE', #2506, #583, #998, .T. ) ;
#4387 = DIRECTION ( 'NONE',  ( 1.000000000000000000, 0.0000000000000000000, 0.0000000000000000000 ) ) ;
#4388 = FACE_OUTER_BOUND ( 'NONE', #2041, .T. ) ;
#4389 = DIRECTION ( 'NONE',  ( 0.0000000000000000000, 0.0000000000000000000, 1.000000000000000000 ) ) ;
#4390 = ADVANCED_FACE ( 'NONE', ( #4539 ), #4877, .T. ) ;
#4391 = DIRECTION ( 'NONE',  ( 1.000000000000000000, 0.0000000000000000000, -8.413408858487510600E-014 ) ) ;
#4392 = ORIENTED_EDGE ( 'NONE', *, *, #246, .T. ) ;
#4393 = CARTESIAN_POINT ( 'NONE',  ( -0.3749999999999998900, 0.0000000000000000000, -1.050000000000000000 ) ) ;
#4394 = LINE ( 'NONE', #4852, #2311 ) ;
#4395 = ORIENTED_EDGE ( 'NONE', *, *, #3555, .T. ) ;
#4396 = EDGE_CURVE ( 'NONE', #198, #4343, #2566, .T. ) ;
#4397 = PLANE ( 'NONE',  #1456 ) ;
#4398 = EDGE_LOOP ( 'NONE', ( #5237, #4631, #4590, #4079 ) ) ;
#4399 = LINE ( 'NONE', #4633, #3308 ) ;
#4400 = AXIS2_PLACEMENT_3D ( 'NONE', #4353, #4068, #3441 ) ;
#4401 = FACE_OUTER_BOUND ( 'NONE', #4982, .T. ) ;
#4402 = EDGE_LOOP ( 'NONE', ( #119, #2455, #533, #1751 ) ) ;
#4403 = ADVANCED_FACE ( 'NONE', ( #339 ), #455, .F. ) ;
#4404 = EDGE_LOOP ( 'NONE', ( #2666, #4096, #1118, #4334 ) ) ;
#4405 = PLANE ( 'NONE',  #4317 ) ;
#4406 = CARTESIAN_POINT ( 'NONE',  ( 0.3750000000000001100, 0.1000000000000000100, -1.050000000000000000 ) ) ;
#4407 = FACE_OUTER_BOUND ( 'NONE', #4599, .T. ) ;
#4408 = VECTOR ( 'NONE', #3729, 1000.000000000000000 ) ;
#4409 = DIRECTION ( 'NONE',  ( 0.0000000000000000000, 0.0000000000000000000, -1.000000000000000000 ) ) ;
#4410 = ORIENTED_EDGE ( 'NONE', *, *, #3520, .T. ) ;
#4411 = CARTESIAN_POINT ( 'NONE',  ( -1.524999999999989300, 0.1000000000000000100, 0.1250000000000016400 ) ) ;
#4412 = VECTOR ( 'NONE', #2329, 1000.000000000000000 ) ;
#4413 = CARTESIAN_POINT ( 'NONE',  ( -0.1249999999999998900, 0.1000000000000000100, -1.399999999999999900 ) ) ;
#4414 = VERTEX_POINT ( 'NONE', #2841 ) ;
#4415 = CARTESIAN_POINT ( 'NONE',  ( -1.524999999999994400, 0.0000000000000000000, 0.3750000000000016100 ) ) ;
#4416 = DIRECTION ( 'NONE',  ( 1.000000000000000000, 0.0000000000000000000, 8.413408858487510600E-014 ) ) ;
#4417 = ORIENTED_EDGE ( 'NONE', *, *, #3279, .T. ) ;
#4418 = PRESENTATION_STYLE_ASSIGNMENT (( #5102 ) ) ;
#4419 = VERTEX_POINT ( 'NONE', #3704 ) ;
#4420 = DIRECTION ( 'NONE',  ( -0.0000000000000000000, 1.000000000000000000, -0.0000000000000000000 ) ) ;
#4421 = CARTESIAN_POINT ( 'NONE',  ( -0.3749999999999998900, 0.1000000000000000100, 1.399999999999999700 ) ) ;
#4422 = DIRECTION ( 'NONE',  ( 1.000000000000000000, 0.0000000000000000000, -8.413408858487510600E-014 ) ) ;
#4423 = ORIENTED_EDGE ( 'NONE', *, *, #1882, .T. ) ;
#4424 = VECTOR ( 'NONE', #3831, 1000.000000000000000 ) ;
#4425 = CARTESIAN_POINT ( 'NONE',  ( 1.049999999999989400, 0.0000000000000000000, 0.1250000000000020500 ) ) ;
#4426 = AXIS2_PLACEMENT_3D ( 'NONE', #3104, #3068, #4682 ) ;
#4427 = VECTOR ( 'NONE', #742, 1000.000000000000000 ) ;
#4428 = CARTESIAN_POINT ( 'NONE',  ( 1.049999999999994500, 0.0000000000000000000, 0.6250000000000021100 ) ) ;
#4429 = CARTESIAN_POINT ( 'NONE',  ( 0.1250000000000001100, 0.1000000000000000100, -1.050000000000000000 ) ) ;
#4430 = CARTESIAN_POINT ( 'NONE',  ( 0.3750000000000001100, 0.0000000000000000000, 1.399999999999999900 ) ) ;
#4431 = VECTOR ( 'NONE', #1896, 1000.000000000000000 ) ;
#4432 = EDGE_CURVE ( 'NONE', #4414, #2929, #1946, .T. ) ;
#4433 = AXIS2_PLACEMENT_3D ( 'NONE', #1200, #1144, #5197 ) ;
#4434 = DIRECTION ( 'NONE',  ( 0.0000000000000000000, -1.000000000000000000, 0.0000000000000000000 ) ) ;
#4435 = ADVANCED_FACE ( 'NONE', ( #2498 ), #2908, .F. ) ;
#4436 = ORIENTED_EDGE ( 'NONE', *, *, #2100, .F. ) ;
#4437 = VECTOR ( 'NONE', #3585, 1000.000000000000000 ) ;
#4438 = CARTESIAN_POINT ( 'NONE',  ( -1.049999999999984100, 0.0000000000000000000, -0.3749999999999979500 ) ) ;
#4439 = DIRECTION ( 'NONE',  ( -1.000000000000000000, 0.0000000000000000000, 0.0000000000000000000 ) ) ;
#4440 = DIRECTION ( 'NONE',  ( -8.413408858487510600E-014, 0.0000000000000000000, -1.000000000000000000 ) ) ;
#4441 = EDGE_CURVE ( 'NONE', #1430, #3392, #602, .T. ) ;
#4442 = CARTESIAN_POINT ( 'NONE',  ( -0.1249999999999998900, 0.1000000000000000100, 1.050000000000000000 ) ) ;
#4443 = VERTEX_POINT ( 'NONE', #4170 ) ;
#4444 = LINE ( 'NONE', #3599, #3815 ) ;
#4445 = DIRECTION ( 'NONE',  ( -1.000000000000000000, 0.0000000000000000000, 9.130123557773074400E-016 ) ) ;
#4446 = CARTESIAN_POINT ( 'NONE',  ( 0.0000000000000000000, 0.1000000000000000100, 0.0000000000000000000 ) ) ;
#4447 = VERTEX_POINT ( 'NONE', #471 ) ;
#4448 = FACE_OUTER_BOUND ( 'NONE', #2987, .T. ) ;
#4449 = EDGE_CURVE ( 'NONE', #4447, #3949, #1691, .T. ) ;
#4450 = DIRECTION ( 'NONE',  ( 1.000000000000000000, -0.0000000000000000000, 0.0000000000000000000 ) ) ;
#4451 = CARTESIAN_POINT ( 'NONE',  ( 1.524999999999989300, 0.0000000000000000000, -0.1249999999999983800 ) ) ;
#4452 = ORIENTED_EDGE ( 'NONE', *, *, #1359, .F. ) ;
#4453 = VERTEX_POINT ( 'NONE', #4569 ) ;
#4454 = ORIENTED_EDGE ( 'NONE', *, *, #3577, .F. ) ;
#4455 = LINE ( 'NONE', #4211, #3615 ) ;
#4456 = STYLED_ITEM ( 'NONE', ( #2024 ), #2148 ) ;
#4457 = PLANE ( 'NONE',  #3135 ) ;
#4458 = ADVANCED_FACE ( 'NONE', ( #2253 ), #4948, .F. ) ;
#4459 = LINE ( 'NONE', #4903, #462 ) ;
#4460 = CARTESIAN_POINT ( 'NONE',  ( 0.0000000000000000000, 0.0000000000000000000, 0.0000000000000000000 ) ) ;
#4461 = ORIENTED_EDGE ( 'NONE', *, *, #826, .F. ) ;
#4462 = ORIENTED_EDGE ( 'NONE', *, *, #4201, .T. ) ;
#4463 = LINE ( 'NONE', #2837, #28 ) ;
#4464 = ORIENTED_EDGE ( 'NONE', *, *, #658, .T. ) ;
#4465 = ORIENTED_EDGE ( 'NONE', *, *, #4270, .F. ) ;
#4466 = EDGE_LOOP ( 'NONE', ( #151, #1843, #2726, #2429 ) ) ;
#4467 = FACE_BOUND ( 'NONE', #3013, .T. ) ;
#4468 = EDGE_CURVE ( 'NONE', #3364, #625, #865, .T. ) ;
#4469 = LINE ( 'NONE', #3457, #1819 ) ;
#4470 = CARTESIAN_POINT ( 'NONE',  ( -1.049999999999999800, -0.0000000000000000000, -1.124999999999998000 ) ) ;
#4471 = DIRECTION ( 'NONE',  ( -0.0000000000000000000, -1.000000000000000000, -0.0000000000000000000 ) ) ;
#4472 = ORIENTED_EDGE ( 'NONE', *, *, #2269, .T. ) ;
#4473 = LINE ( 'NONE', #4841, #4028 ) ;
#4474 = FACE_OUTER_BOUND ( 'NONE', #3080, .T. ) ;
#4475 = ORIENTED_EDGE ( 'NONE', *, *, #640, .F. ) ;
#4476 = ORIENTED_EDGE ( 'NONE', *, *, #3182, .T. ) ;
#4477 = ORIENTED_EDGE ( 'NONE', *, *, #2913, .T. ) ;
#4478 = AXIS2_PLACEMENT_3D ( 'NONE', #4661, #5037, #5058 ) ;
#4479 =( NAMED_UNIT ( * ) PLANE_ANGLE_UNIT ( ) SI_UNIT ( $, .RADIAN. ) );
#4480 = PRESENTATION_STYLE_ASSIGNMENT (( #3036 ) ) ;
#4481 =( NAMED_UNIT ( * ) SI_UNIT ( $, .STERADIAN. ) SOLID_ANGLE_UNIT ( ) );
#4482 = CARTESIAN_POINT ( 'NONE',  ( -1.624999999999999800, 0.1999999999999999800, 1.500000000000000200 ) ) ;
#4483 = EDGE_LOOP ( 'NONE', ( #4140, #5059, #607, #2145 ) ) ;
#4484 = PLANE ( 'NONE',  #263 ) ;
#4485 = UNCERTAINTY_MEASURE_WITH_UNIT (LENGTH_MEASURE( 1.000000000000000100E-005 ), #1424, 'distance_accuracy_value', 'NONE');
#4486 = EDGE_CURVE ( 'NONE', #5258, #2139, #1443, .T. ) ;
#4487 = CARTESIAN_POINT ( 'NONE',  ( 0.3750000000000001100, 0.0000000000000000000, 1.050000000000000000 ) ) ;
#4488 = ORIENTED_EDGE ( 'NONE', *, *, #2605, .T. ) ;
#4489 = CARTESIAN_POINT ( 'NONE',  ( -1.050000000000005200, 0.0000000000000000000, -0.6249999999999981100 ) ) ;
#4490 = DIRECTION ( 'NONE',  ( -1.000000000000000000, 0.0000000000000000000, -9.130123557772670100E-016 ) ) ;
#4491 = VERTEX_POINT ( 'NONE', #1779 ) ;
#4492 = ORIENTED_EDGE ( 'NONE', *, *, #2904, .F. ) ;
#4493 = LINE ( 'NONE', #967, #696 ) ;
#4494 = DIRECTION ( 'NONE',  ( 0.0000000000000000000, 0.0000000000000000000, 1.000000000000000000 ) ) ;
#4495 = ORIENTED_EDGE ( 'NONE', *, *, #2033, .T. ) ;
#4496 = VECTOR ( 'NONE', #1368, 1000.000000000000000 ) ;
#4497 = ORIENTED_EDGE ( 'NONE', *, *, #5145, .T. ) ;
#4498 = DIRECTION ( 'NONE',  ( 8.413408858487510600E-014, 0.0000000000000000000, -1.000000000000000000 ) ) ;
#4499 = PLANE ( 'NONE',  #4766 ) ;
#4500 = CARTESIAN_POINT ( 'NONE',  ( 1.050000000000015600, 0.1000000000000000100, 0.3750000000000019400 ) ) ;
#4501 = DIRECTION ( 'NONE',  ( -1.000000000000000000, 0.0000000000000000000, 1.334402673828313300E-016 ) ) ;
#4502 = LINE ( 'NONE', #140, #1972 ) ;
#4503 = EDGE_CURVE ( 'NONE', #2652, #459, #993, .T. ) ;
#4504 = CARTESIAN_POINT ( 'NONE',  ( -1.524999999999978600, -0.0000000000000000000, -1.124999999999998400 ) ) ;
#4505 = ORIENTED_EDGE ( 'NONE', *, *, #4441, .T. ) ;
#4506 = LINE ( 'NONE', #4155, #965 ) ;
#4507 = CARTESIAN_POINT ( 'NONE',  ( -1.524999999999978600, 0.0000000000000000000, -0.8749999999999984500 ) ) ;
#4508 = CARTESIAN_POINT ( 'NONE',  ( 1.524999999999984100, 0.0000000000000000000, -0.6249999999999983300 ) ) ;
#4509 = DIRECTION ( 'NONE',  ( 0.0000000000000000000, -0.0000000000000000000, -1.000000000000000000 ) ) ;
#4510 = EDGE_CURVE ( 'NONE', #929, #4674, #3963, .T. ) ;
#4511 = AXIS2_PLACEMENT_3D ( 'NONE', #4378, #3971, #2724 ) ;
#4512 = DIRECTION ( 'NONE',  ( -6.847592668329805800E-016, 0.0000000000000000000, 1.000000000000000000 ) ) ;
#4513 = FACE_OUTER_BOUND ( 'NONE', #1128, .T. ) ;
#4514 = DIRECTION ( 'NONE',  ( 8.673617379884035500E-016, 0.0000000000000000000, -1.000000000000000000 ) ) ;
#4515 = DIRECTION ( 'NONE',  ( 8.413408858487510600E-014, -0.0000000000000000000, -1.000000000000000000 ) ) ;
#4516 = ORIENTED_EDGE ( 'NONE', *, *, #752, .F. ) ;
#4517 = FACE_OUTER_BOUND ( 'NONE', #545, .T. ) ;
#4518 = CARTESIAN_POINT ( 'NONE',  ( 0.6250000000000001100, 0.1000000000000000100, 1.400000000000000400 ) ) ;
#4519 = DIRECTION ( 'NONE',  ( -9.130123557772670100E-016, 0.0000000000000000000, 1.000000000000000000 ) ) ;
#4520 = EDGE_CURVE ( 'NONE', #4308, #113, #1517, .T. ) ;
#4521 = DIRECTION ( 'NONE',  ( 1.000000000000000000, 0.0000000000000000000, 0.0000000000000000000 ) ) ;
#4522 = ORIENTED_EDGE ( 'NONE', *, *, #1542, .F. ) ;
#4523 = ADVANCED_FACE ( 'NONE', ( #1631 ), #4199, .F. ) ;
#4524 = AXIS2_PLACEMENT_3D ( 'NONE', #2050, #4857, #4892 ) ;
#4525 = DIRECTION ( 'NONE',  ( -0.0000000000000000000, -1.000000000000000000, -0.0000000000000000000 ) ) ;
#4526 = VERTEX_POINT ( 'NONE', #3723 ) ;
#4527 = ORIENTED_EDGE ( 'NONE', *, *, #2248, .F. ) ;
#4528 = DIRECTION ( 'NONE',  ( -0.0000000000000000000, -1.000000000000000000, -0.0000000000000000000 ) ) ;
#4529 = FACE_OUTER_BOUND ( 'NONE', #4402, .T. ) ;
#4530 = FACE_OUTER_BOUND ( 'NONE', #3399, .T. ) ;
#4531 = AXIS2_PLACEMENT_3D ( 'NONE', #577, #5086, #4675 ) ;
#4532 = VECTOR ( 'NONE', #4988, 1000.000000000000000 ) ;
#4533 = DIRECTION ( 'NONE',  ( 8.413408858487514400E-014, 0.0000000000000000000, 1.000000000000000000 ) ) ;
#4534 = CARTESIAN_POINT ( 'NONE',  ( -0.6249999999999998900, 0.0000000000000000000, -1.399999999999999900 ) ) ;
#4535 =( NAMED_UNIT ( * ) PLANE_ANGLE_UNIT ( ) SI_UNIT ( $, .RADIAN. ) );
#4536 = CARTESIAN_POINT ( 'NONE',  ( 1.524999999999984100, 0.0000000000000000000, -0.3749999999999983900 ) ) ;
#4537 = ORIENTED_EDGE ( 'NONE', *, *, #2066, .T. ) ;
#4538 = VECTOR ( 'NONE', #1800, 1000.000000000000000 ) ;
#4539 = FACE_OUTER_BOUND ( 'NONE', #1484, .T. ) ;
#4540 = ORIENTED_EDGE ( 'NONE', *, *, #2027, .T. ) ;
#4541 = ORIENTED_EDGE ( 'NONE', *, *, #31, .T. ) ;
#4542 = DIRECTION ( 'NONE',  ( 0.0000000000000000000, -0.0000000000000000000, -1.000000000000000000 ) ) ;
#4543 = EDGE_CURVE ( 'NONE', #4491, #1903, #3133, .T. ) ;
#4544 = CARTESIAN_POINT ( 'NONE',  ( 1.050000000000020700, 0.1000000000000000100, 0.8750000000000020000 ) ) ;
#4545 = STYLED_ITEM ( 'NONE', ( #2244 ), #3533 ) ;
#4546 = EDGE_LOOP ( 'NONE', ( #5110, #3890, #3634, #8 ) ) ;
#4547 = DIRECTION ( 'NONE',  ( -0.0000000000000000000, -1.000000000000000000, -0.0000000000000000000 ) ) ;
#4548 = LINE ( 'NONE', #3338, #4408 ) ;
#4549 = VERTEX_POINT ( 'NONE', #492 ) ;
#4550 = CARTESIAN_POINT ( 'NONE',  ( 0.3750000000000001100, 0.0000000000000000000, 1.050000000000000000 ) ) ;
#4551 =( LENGTH_UNIT ( ) NAMED_UNIT ( * ) SI_UNIT ( .MILLI., .METRE. ) );
#4552 = FACE_OUTER_BOUND ( 'NONE', #1064, .T. ) ;
#4553 = ADVANCED_FACE ( 'NONE', ( #1570 ), #4934, .F. ) ;
#4554 = EDGE_CURVE ( 'NONE', #5196, #2713, #3439, .T. ) ;
#4555 = SURFACE_STYLE_USAGE ( .BOTH. , #906 ) ;
#4556 =( NAMED_UNIT ( * ) PLANE_ANGLE_UNIT ( ) SI_UNIT ( $, .RADIAN. ) );
#4557 = VERTEX_POINT ( 'NONE', #2927 ) ;
#4558 = VECTOR ( 'NONE', #3166, 1000.000000000000000 ) ;
#4559 = EDGE_CURVE ( 'NONE', #4602, #4549, #2063, .T. ) ;
#4560 = ORIENTED_EDGE ( 'NONE', *, *, #1611, .F. ) ;
#4561 = VECTOR ( 'NONE', #1066, 1000.000000000000000 ) ;
#4562 = DIRECTION ( 'NONE',  ( 8.413408858487515700E-014, 0.0000000000000000000, -1.000000000000000000 ) ) ;
#4563 = VERTEX_POINT ( 'NONE', #2486 ) ;
#4564 = CARTESIAN_POINT ( 'NONE',  ( 0.6250000000000001100, 0.0000000000000000000, -1.399999999999999700 ) ) ;
#4565 = VECTOR ( 'NONE', #4264, 1000.000000000000000 ) ;
#4566 = AXIS2_PLACEMENT_3D ( 'NONE', #2374, #5227, #3183 ) ;
#4567 = LINE ( 'NONE', #576, #3478 ) ;
#4568 = ORIENTED_EDGE ( 'NONE', *, *, #1224, .F. ) ;
#4569 = CARTESIAN_POINT ( 'NONE',  ( -1.049999999999999800, -0.0000000000000000000, -1.124999999999998000 ) ) ;
#4570 = CARTESIAN_POINT ( 'NONE',  ( 0.3750000000000001100, 0.1000000000000000100, 1.050000000000000000 ) ) ;
#4571 = ORIENTED_EDGE ( 'NONE', *, *, #2605, .F. ) ;
#4572 = LINE ( 'NONE', #3157, #5022 ) ;
#4573 = EDGE_CURVE ( 'NONE', #1304, #2654, #1182, .T. ) ;
#4574 = AXIS2_PLACEMENT_3D ( 'NONE', #4721, #2287, #266 ) ;
#4575 = DIRECTION ( 'NONE',  ( 8.413408858487510600E-014, 0.0000000000000000000, 1.000000000000000000 ) ) ;
#4576 = ADVANCED_FACE ( 'NONE', ( #222 ), #2584, .F. ) ;
#4577 = DIRECTION ( 'NONE',  ( 0.0000000000000000000, 0.0000000000000000000, 1.000000000000000000 ) ) ;
#4578 = ORIENTED_EDGE ( 'NONE', *, *, #1882, .F. ) ;
#4579 = CARTESIAN_POINT ( 'NONE',  ( 1.050000000000015600, 0.1000000000000000100, 0.3750000000000019400 ) ) ;
#4580 = EDGE_CURVE ( 'NONE', #970, #1903, #89, .T. ) ;
#4581 = AXIS2_PLACEMENT_3D ( 'NONE', #821, #2399, #2415 ) ;
#4582 = DIRECTION ( 'NONE',  ( -0.0000000000000000000, 1.000000000000000000, -0.0000000000000000000 ) ) ;
#4583 = ORIENTED_EDGE ( 'NONE', *, *, #5204, .T. ) ;
#4584 = LINE ( 'NONE', #596, #1171 ) ;
#4585 = SURFACE_STYLE_USAGE ( .BOTH. , #945 ) ;
#4586 = DIRECTION ( 'NONE',  ( 0.0000000000000000000, 0.0000000000000000000, 1.000000000000000000 ) ) ;
#4587 = ORIENTED_EDGE ( 'NONE', *, *, #272, .T. ) ;
#4588 = CARTESIAN_POINT ( 'NONE',  ( 1.625000000000000200, 1.139999999999999900, 1.499999999999999800 ) ) ;
#4589 = CLOSED_SHELL ( 'NONE', ( #56, #968, #4983, #3102, #4390, #3551 ) ) ;
#4590 = ORIENTED_EDGE ( 'NONE', *, *, #1229, .F. ) ;
#4591 = EDGE_CURVE ( 'NONE', #2692, #2388, #411, .T. ) ;
#4592 = DIRECTION ( 'NONE',  ( -1.000000000000000000, 0.0000000000000000000, 0.0000000000000000000 ) ) ;
#4593 = VECTOR ( 'NONE', #520, 1000.000000000000000 ) ;
#4594 = DIRECTION ( 'NONE',  ( 0.0000000000000000000, -0.0000000000000000000, -1.000000000000000000 ) ) ;
#4595 = EDGE_LOOP ( 'NONE', ( #4297, #309, #2048, #4325 ) ) ;
#4596 = VERTEX_POINT ( 'NONE', #1865 ) ;
#4597 = VECTOR ( 'NONE', #3167, 1000.000000000000000 ) ;
#4598 = LINE ( 'NONE', #4906, #3502 ) ;
#4599 = EDGE_LOOP ( 'NONE', ( #2819, #1700, #4157, #3844 ) ) ;
#4600 = AXIS2_PLACEMENT_3D ( 'NONE', #2975, #215, #3044 ) ;
#4601 = CARTESIAN_POINT ( 'NONE',  ( -0.1249999999999998900, 0.1000000000000000100, 1.050000000000000000 ) ) ;
#4602 = VERTEX_POINT ( 'NONE', #1473 ) ;
#4603 = CARTESIAN_POINT ( 'NONE',  ( -1.049999999999989400, 0.1000000000000000100, 0.1250000000000020500 ) ) ;
#4604 = ORIENTED_EDGE ( 'NONE', *, *, #1429, .T. ) ;
#4605 = VECTOR ( 'NONE', #279, 1000.000000000000000 ) ;
#4606 = DIRECTION ( 'NONE',  ( 1.334402673828313300E-016, -0.0000000000000000000, 1.000000000000000000 ) ) ;
#4607 = ADVANCED_FACE ( 'NONE', ( #2694 ), #2217, .T. ) ;
#4608 = ORIENTED_EDGE ( 'NONE', *, *, #4468, .T. ) ;
#4609 = AXIS2_PLACEMENT_3D ( 'NONE', #328, #3922, #748 ) ;
#4610 = CARTESIAN_POINT ( 'NONE',  ( 1.625000000000000200, 1.139999999999999900, 1.499999999999999800 ) ) ;
#4611 = ORIENTED_EDGE ( 'NONE', *, *, #2511, .F. ) ;
#4612 = VECTOR ( 'NONE', #2783, 1000.000000000000000 ) ;
#4613 = VECTOR ( 'NONE', #3849, 1000.000000000000000 ) ;
#4614 = ORIENTED_EDGE ( 'NONE', *, *, #2671, .F. ) ;
#4615 = DIRECTION ( 'NONE',  ( 0.0000000000000000000, 1.000000000000000000, -0.0000000000000000000 ) ) ;
#4616 = DIRECTION ( 'NONE',  ( -0.0000000000000000000, -0.0000000000000000000, -1.000000000000000000 ) ) ;
#4617 = CLOSED_SHELL ( 'NONE', ( #4362, #2316, #1901, #4745, #4953, #2831 ) ) ;
#4618 = EDGE_LOOP ( 'NONE', ( #3366, #4688, #2049, #4704 ) ) ;
#4619 = DIRECTION ( 'NONE',  ( 8.413408858487514400E-014, 0.0000000000000000000, -1.000000000000000000 ) ) ;
#4620 = CARTESIAN_POINT ( 'NONE',  ( 0.3750000000000001100, 0.0000000000000000000, 1.399999999999999900 ) ) ;
#4621 = CARTESIAN_POINT ( 'NONE',  ( -1.049999999999994500, 0.1000000000000000100, 0.6250000000000021100 ) ) ;
#4622 = AXIS2_PLACEMENT_3D ( 'NONE', #1113, #5159, #2709 ) ;
#4623 = FACE_OUTER_BOUND ( 'NONE', #3201, .T. ) ;
#4624 = DIRECTION ( 'NONE',  ( -0.0000000000000000000, -0.0000000000000000000, 1.000000000000000000 ) ) ;
#4625 = DIRECTION ( 'NONE',  ( 1.734723475976807100E-015, 0.0000000000000000000, 1.000000000000000000 ) ) ;
#4626 = VERTEX_POINT ( 'NONE', #3818 ) ;
#4627 = FILL_AREA_STYLE ('',( #2210 ) ) ;
#4628 = LINE ( 'NONE', #3940, #5271 ) ;
#4629 = EDGE_CURVE ( 'NONE', #4728, #430, #3627, .T. ) ;
#4630 =( GEOMETRIC_REPRESENTATION_CONTEXT ( 3 ) GLOBAL_UNCERTAINTY_ASSIGNED_CONTEXT ( ( #1673 ) ) GLOBAL_UNIT_ASSIGNED_CONTEXT ( ( #254, #2243, #241 ) ) REPRESENTATION_CONTEXT ( 'NONE', 'WORKASPACE' ) );
#4631 = ORIENTED_EDGE ( 'NONE', *, *, #2974, .F. ) ;
#4632 = CARTESIAN_POINT ( 'NONE',  ( -1.524999999999999700, 0.0000000000000000000, 1.125000000000001600 ) ) ;
#4633 = CARTESIAN_POINT ( 'NONE',  ( 1.049999999999999800, 0.0000000000000000000, 1.125000000000002000 ) ) ;
#4634 = FACE_OUTER_BOUND ( 'NONE', #3264, .T. ) ;
#4635 = EDGE_CURVE ( 'NONE', #2713, #990, #2436, .T. ) ;
#4636 = CARTESIAN_POINT ( 'NONE',  ( -0.6249999999999998900, 0.0000000000000000000, 1.050000000000000000 ) ) ;
#4637 = ADVANCED_FACE ( 'NONE', ( #5051 ), #1016, .F. ) ;
#4638 = PLANE ( 'NONE',  #167 ) ;
#4639 = FACE_OUTER_BOUND ( 'NONE', #920, .T. ) ;
#4640 = CARTESIAN_POINT ( 'NONE',  ( 1.050000000000015600, 0.1000000000000000100, 0.3750000000000019400 ) ) ;
#4641 = LINE ( 'NONE', #4132, #2036 ) ;
#4642 = DIRECTION ( 'NONE',  ( 8.413408858487510600E-014, 0.0000000000000000000, 1.000000000000000000 ) ) ;
#4643 =( NAMED_UNIT ( * ) PLANE_ANGLE_UNIT ( ) SI_UNIT ( $, .RADIAN. ) );
#4644 = ORIENTED_EDGE ( 'NONE', *, *, #4782, .F. ) ;
#4645 = LINE ( 'NONE', #2580, #323 ) ;
#4646 = DIRECTION ( 'NONE',  ( 0.0000000000000000000, 0.0000000000000000000, -1.000000000000000000 ) ) ;
#4647 = ORIENTED_EDGE ( 'NONE', *, *, #4038, .T. ) ;
#4648 = LINE ( 'NONE', #4413, #2417 ) ;
#4649 = CARTESIAN_POINT ( 'NONE',  ( 1.050000000000020700, 0.1000000000000000100, 0.8750000000000020000 ) ) ;
#4650 = DIRECTION ( 'NONE',  ( -9.130123557772670100E-016, 0.0000000000000000000, -1.000000000000000000 ) ) ;
#4651 = DIRECTION ( 'NONE',  ( 0.0000000000000000000, 0.0000000000000000000, -1.000000000000000000 ) ) ;
#4652 = VERTEX_POINT ( 'NONE', #3018 ) ;
#4653 = ORIENTED_EDGE ( 'NONE', *, *, #4396, .T. ) ;
#4654 = EDGE_CURVE ( 'NONE', #4670, #2765, #4469, .T. ) ;
#4655 = VECTOR ( 'NONE', #4882, 1000.000000000000000 ) ;
#4656 = VERTEX_POINT ( 'NONE', #3039 ) ;
#4657 = ORIENTED_EDGE ( 'NONE', *, *, #3843, .T. ) ;
#4658 = ADVANCED_FACE ( 'NONE', ( #733 ), #5020, .F. ) ;
#4659 = CARTESIAN_POINT ( 'NONE',  ( -0.6249999999999998900, 0.1000000000000000100, -1.399999999999999900 ) ) ;
#4660 = LINE ( 'NONE', #579, #2249 ) ;
#4661 = CARTESIAN_POINT ( 'NONE',  ( 0.0000000000000000000, 1.139999999999999900, 0.0000000000000000000 ) ) ;
#4662 = EDGE_CURVE ( 'NONE', #1370, #4674, #3566, .T. ) ;
#4663 = LINE ( 'NONE', #1836, #5050 ) ;
#4664 = PLANE ( 'NONE',  #3711 ) ;
#4665 = DIRECTION ( 'NONE',  ( -1.000000000000000000, 0.0000000000000000000, 8.673617379884035500E-016 ) ) ;
#4666 = CARTESIAN_POINT ( 'NONE',  ( -1.524999999999989300, 0.1000000000000000100, -0.1249999999999983800 ) ) ;
#4667 = CARTESIAN_POINT ( 'NONE',  ( -1.524999999999989300, 0.0000000000000000000, 0.1250000000000016400 ) ) ;
#4668 = DIRECTION ( 'NONE',  ( 0.0000000000000000000, -1.000000000000000000, 0.0000000000000000000 ) ) ;
#4669 = DIRECTION ( 'NONE',  ( -8.413408858487510600E-014, 0.0000000000000000000, 1.000000000000000000 ) ) ;
#4670 = VERTEX_POINT ( 'NONE', #1051 ) ;
#4671 = FACE_BOUND ( 'NONE', #2613, .T. ) ;
#4672 = AXIS2_PLACEMENT_3D ( 'NONE', #2642, #1006, #3375 ) ;
#4673 = LINE ( 'NONE', #2803, #2812 ) ;
#4674 = VERTEX_POINT ( 'NONE', #229 ) ;
#4675 = DIRECTION ( 'NONE',  ( 0.0000000000000000000, 0.0000000000000000000, 1.000000000000000000 ) ) ;
#4676 = ORIENTED_EDGE ( 'NONE', *, *, #2440, .T. ) ;
#4677 = ORIENTED_EDGE ( 'NONE', *, *, #995, .F. ) ;
#4678 = VECTOR ( 'NONE', #598, 1000.000000000000000 ) ;
#4679 = DIRECTION ( 'NONE',  ( -0.0000000000000000000, -1.000000000000000000, -0.0000000000000000000 ) ) ;
#4680 = PLANE ( 'NONE',  #3258 ) ;
#4681 = ORIENTED_EDGE ( 'NONE', *, *, #1748, .F. ) ;
#4682 = DIRECTION ( 'NONE',  ( -1.000000000000000000, 0.0000000000000000000, -9.130123557772670100E-016 ) ) ;
#4683 = EDGE_CURVE ( 'NONE', #3269, #3819, #1381, .T. ) ;
#4684 = CARTESIAN_POINT ( 'NONE',  ( 1.049999999999989400, 0.1000000000000000100, 0.1250000000000020500 ) ) ;
#4685 = LINE ( 'NONE', #11, #3325 ) ;
#4686 = VERTEX_POINT ( 'NONE', #4252 ) ;
#4687 = DIRECTION ( 'NONE',  ( -0.0000000000000000000, 1.000000000000000000, -0.0000000000000000000 ) ) ;
#4688 = ORIENTED_EDGE ( 'NONE', *, *, #311, .F. ) ;
#4689 = DIRECTION ( 'NONE',  ( 1.000000000000000000, 0.0000000000000000000, -8.673617379884035500E-016 ) ) ;
#4690 = ORIENTED_EDGE ( 'NONE', *, *, #2340, .T. ) ;
#4691 = VECTOR ( 'NONE', #1459, 1000.000000000000000 ) ;
#4692 = ADVANCED_FACE ( 'NONE', ( #4282 ), #3878, .F. ) ;
#4693 = DIRECTION ( 'NONE',  ( 0.0000000000000000000, 0.0000000000000000000, 1.000000000000000000 ) ) ;
#4694 = EDGE_CURVE ( 'NONE', #3961, #2695, #4399, .T. ) ;
#4695 = AXIS2_PLACEMENT_3D ( 'NONE', #252, #3081, #1493 ) ;
#4696 = ORIENTED_EDGE ( 'NONE', *, *, #4741, .F. ) ;
#4697 = LINE ( 'NONE', #1735, #1407 ) ;
#4698 = VERTEX_POINT ( 'NONE', #3803 ) ;
#4699 = CARTESIAN_POINT ( 'NONE',  ( 1.049999999999999800, 0.0000000000000000000, -1.124999999999998000 ) ) ;
#4700 = EDGE_CURVE ( 'NONE', #3491, #594, #469, .T. ) ;
#4701 = DIRECTION ( 'NONE',  ( 0.0000000000000000000, -1.000000000000000000, 0.0000000000000000000 ) ) ;
#4702 = VECTOR ( 'NONE', #123, 1000.000000000000000 ) ;
#4703 = CARTESIAN_POINT ( 'NONE',  ( -0.3749999999999998900, 0.0000000000000000000, -1.400000000000000400 ) ) ;
#4704 = ORIENTED_EDGE ( 'NONE', *, *, #2345, .T. ) ;
#4705 = CARTESIAN_POINT ( 'NONE',  ( -1.524999999999994400, 0.1000000000000000100, 0.3750000000000016100 ) ) ;
#4706 = VECTOR ( 'NONE', #3481, 1000.000000000000000 ) ;
#4707 = AXIS2_PLACEMENT_3D ( 'NONE', #2719, #2747, #3504 ) ;
#4708 = DIRECTION ( 'NONE',  ( -0.0000000000000000000, -1.000000000000000000, -0.0000000000000000000 ) ) ;
#4709 = VECTOR ( 'NONE', #22, 1000.000000000000000 ) ;
#4710 = CARTESIAN_POINT ( 'NONE',  ( -1.050000000000010300, -0.0000000000000000000, -0.1249999999999980600 ) ) ;
#4711 = CARTESIAN_POINT ( 'NONE',  ( -0.3749999999999998900, 0.1000000000000000100, -1.400000000000000400 ) ) ;
#4712 = ORIENTED_EDGE ( 'NONE', *, *, #1835, .F. ) ;
#4713 = VECTOR ( 'NONE', #2064, 1000.000000000000000 ) ;
#4714 = ADVANCED_FACE ( 'NONE', ( #2624 ), #4340, .F. ) ;
#4715 = CARTESIAN_POINT ( 'NONE',  ( -1.524999999999984100, 0.0000000000000000000, -0.6249999999999983300 ) ) ;
#4716 = DIRECTION ( 'NONE',  ( 1.000000000000000000, -0.0000000000000000000, 8.673617379884035500E-016 ) ) ;
#4717 = ORIENTED_EDGE ( 'NONE', *, *, #3541, .F. ) ;
#4718 = VECTOR ( 'NONE', #5202, 1000.000000000000000 ) ;
#4719 = EDGE_CURVE ( 'NONE', #919, #143, #4921, .T. ) ;
#4720 = ORIENTED_EDGE ( 'NONE', *, *, #1695, .T. ) ;
#4721 = CARTESIAN_POINT ( 'NONE',  ( 0.6250000000000001100, 0.1000000000000000100, 1.050000000000000000 ) ) ;
#4722 = ORIENTED_EDGE ( 'NONE', *, *, #691, .F. ) ;
#4723 = ORIENTED_EDGE ( 'NONE', *, *, #3488, .F. ) ;
#4724 = CARTESIAN_POINT ( 'NONE',  ( 1.524999999999978600, 0.0000000000000000000, -1.124999999999998400 ) ) ;
#4725 = CARTESIAN_POINT ( 'NONE',  ( -0.3749999999999998900, 0.1000000000000000100, 1.050000000000000000 ) ) ;
#4726 = COLOUR_RGB ( '',0.2509803921568627400, 0.2509803921568627400, 0.2509803921568627400 ) ;
#4727 = DIRECTION ( 'NONE',  ( 1.000000000000000000, -0.0000000000000000000, 6.847592668329805800E-016 ) ) ;
#4728 = VERTEX_POINT ( 'NONE', #3964 ) ;
#4729 = EDGE_LOOP ( 'NONE', ( #4869, #3396, #3560, #3261 ) ) ;
#4730 = ORIENTED_EDGE ( 'NONE', *, *, #4280, .F. ) ;
#4731 = EDGE_CURVE ( 'NONE', #2703, #1012, #2323, .T. ) ;
#4732 = PRODUCT_DEFINITION_FORMATION_WITH_SPECIFIED_SOURCE ( 'ANY', '', #2900, .NOT_KNOWN. ) ;
#4733 = PLANE ( 'NONE',  #667 ) ;
#4734 = FACE_OUTER_BOUND ( 'NONE', #3281, .T. ) ;
#4735 = DIRECTION ( 'NONE',  ( 9.130123557773074400E-016, 0.0000000000000000000, 1.000000000000000000 ) ) ;
#4736 = DIRECTION ( 'NONE',  ( -0.0000000000000000000, -1.000000000000000000, -0.0000000000000000000 ) ) ;
#4737 = ORIENTED_EDGE ( 'NONE', *, *, #139, .T. ) ;
#4738 = ORIENTED_EDGE ( 'NONE', *, *, #1814, .T. ) ;
#4739 = VECTOR ( 'NONE', #1415, 1000.000000000000000 ) ;
#4740 = PLANE ( 'NONE',  #2310 ) ;
#4741 = EDGE_CURVE ( 'NONE', #3707, #1750, #34, .T. ) ;
#4742 = VERTEX_POINT ( 'NONE', #3543 ) ;
#4743 = FACE_BOUND ( 'NONE', #815, .T. ) ;
#4744 = ORIENTED_EDGE ( 'NONE', *, *, #820, .F. ) ;
#4745 = ADVANCED_FACE ( 'NONE', ( #292 ), #4374, .F. ) ;
#4746 = ORIENTED_EDGE ( 'NONE', *, *, #2839, .F. ) ;
#4747 = PLANE ( 'NONE',  #539 ) ;
#4748 = DIRECTION ( 'NONE',  ( -9.130123557772670100E-016, 0.0000000000000000000, -1.000000000000000000 ) ) ;
#4749 = AXIS2_PLACEMENT_3D ( 'NONE', #2065, #2043, #778 ) ;
#4750 = VERTEX_POINT ( 'NONE', #2720 ) ;
#4751 = DIRECTION ( 'NONE',  ( 0.0000000000000000000, -1.000000000000000000, 0.0000000000000000000 ) ) ;
#4752 = CARTESIAN_POINT ( 'NONE',  ( -1.524999999999999700, 0.0000000000000000000, 1.125000000000001600 ) ) ;
#4753 = EDGE_LOOP ( 'NONE', ( #1539, #1112, #798, #4560 ) ) ;
#4754 = EDGE_CURVE ( 'NONE', #761, #2506, #2807, .T. ) ;
#4755 = UNCERTAINTY_MEASURE_WITH_UNIT (LENGTH_MEASURE( 1.000000000000000100E-005 ), #3693, 'distance_accuracy_value', 'NONE');
#4756 = CARTESIAN_POINT ( 'NONE',  ( 1.524999999999994400, 0.0000000000000000000, 0.6250000000000016700 ) ) ;
#4757 = EDGE_LOOP ( 'NONE', ( #408, #2406, #435, #2523 ) ) ;
#4758 = EDGE_LOOP ( 'NONE', ( #418, #2195, #952, #1763 ) ) ;
#4759 = VECTOR ( 'NONE', #4624, 1000.000000000000000 ) ;
#4760 = ORIENTED_EDGE ( 'NONE', *, *, #809, .T. ) ;
#4761 = CARTESIAN_POINT ( 'NONE',  ( -0.1249999999999998900, 0.0000000000000000000, 1.050000000000000000 ) ) ;
#4762 =( NAMED_UNIT ( * ) SI_UNIT ( $, .STERADIAN. ) SOLID_ANGLE_UNIT ( ) );
#4763 = VECTOR ( 'NONE', #2608, 1000.000000000000000 ) ;
#4764 = EDGE_CURVE ( 'NONE', #4783, #1152, #3830, .T. ) ;
#4765 = CARTESIAN_POINT ( 'NONE',  ( -0.3749999999999998900, -0.0000000000000000000, -1.399999999999999700 ) ) ;
#4766 = AXIS2_PLACEMENT_3D ( 'NONE', #3683, #4864, #4082 ) ;
#4767 = VECTOR ( 'NONE', #1545, 1000.000000000000000 ) ;
#4768 = FILL_AREA_STYLE_COLOUR ( '', #2741 ) ;
#4769 = DIRECTION ( 'NONE',  ( -0.0000000000000000000, 1.000000000000000000, -0.0000000000000000000 ) ) ;
#4770 = ADVANCED_FACE ( 'NONE', ( #1880 ), #2266, .F. ) ;
#4771 = EDGE_CURVE ( 'NONE', #32, #3973, #5184, .T. ) ;
#4772 = FACE_OUTER_BOUND ( 'NONE', #3717, .T. ) ;
#4773 = DIRECTION ( 'NONE',  ( 0.0000000000000000000, 0.0000000000000000000, 1.000000000000000000 ) ) ;
#4774 = ORIENTED_EDGE ( 'NONE', *, *, #1408, .T. ) ;
#4775 = LINE ( 'NONE', #4411, #3420 ) ;
#4776 = PRESENTATION_LAYER_ASSIGNMENT (  '', '', ( #414 ) ) ;
#4777 = CARTESIAN_POINT ( 'NONE',  ( 1.049999999999999800, 0.0000000000000000000, -1.124999999999998000 ) ) ;
#4778 = CARTESIAN_POINT ( 'NONE',  ( -1.524999999999984100, 0.0000000000000000000, -0.3749999999999983900 ) ) ;
#4779 = DIRECTION ( 'NONE',  ( 0.0000000000000000000, -1.000000000000000000, 0.0000000000000000000 ) ) ;
#4780 = ORIENTED_EDGE ( 'NONE', *, *, #5151, .T. ) ;
#4781 = VECTOR ( 'NONE', #43, 1000.000000000000000 ) ;
#4782 = EDGE_CURVE ( 'NONE', #4907, #3779, #2935, .T. ) ;
#4783 = VERTEX_POINT ( 'NONE', #3143 ) ;
#4784 = ORIENTED_EDGE ( 'NONE', *, *, #3303, .T. ) ;
#4785 = CARTESIAN_POINT ( 'NONE',  ( 1.049999999999984100, 0.1000000000000000100, -0.3749999999999979500 ) ) ;
#4786 = ORIENTED_EDGE ( 'NONE', *, *, #131, .F. ) ;
#4787 = VERTEX_POINT ( 'NONE', #3917 ) ;
#4788 = VECTOR ( 'NONE', #2001, 1000.000000000000000 ) ;
#4789 = AXIS2_PLACEMENT_3D ( 'NONE', #3479, #1895, #1038 ) ;
#4790 = DIRECTION ( 'NONE',  ( -0.0000000000000000000, -1.000000000000000000, -0.0000000000000000000 ) ) ;
#4791 = ORIENTED_EDGE ( 'NONE', *, *, #686, .T. ) ;
#4792 = VECTOR ( 'NONE', #3421, 1000.000000000000000 ) ;
#4793 = DIRECTION ( 'NONE',  ( -1.000000000000000000, 0.0000000000000000000, 6.847592668329805800E-016 ) ) ;
#4794 = EDGE_CURVE ( 'NONE', #5215, #3113, #2000, .T. ) ;
#4795 = ORIENTED_EDGE ( 'NONE', *, *, #4386, .T. ) ;
#4796 = VECTOR ( 'NONE', #3648, 1000.000000000000000 ) ;
#4797 = LINE ( 'NONE', #3629, #475 ) ;
#4798 = ORIENTED_EDGE ( 'NONE', *, *, #3217, .T. ) ;
#4799 = CARTESIAN_POINT ( 'NONE',  ( -0.6249999999999998900, 0.0000000000000000000, 1.050000000000000000 ) ) ;
#4800 = VERTEX_POINT ( 'NONE', #4756 ) ;
#4801 = ORIENTED_EDGE ( 'NONE', *, *, #3093, .T. ) ;
#4802 = CARTESIAN_POINT ( 'NONE',  ( -1.050000000000010300, 0.1000000000000000100, -0.1249999999999980600 ) ) ;
#4803 = ORIENTED_EDGE ( 'NONE', *, *, #2431, .F. ) ;
#4804 = DIRECTION ( 'NONE',  ( -0.0000000000000000000, -1.000000000000000000, -0.0000000000000000000 ) ) ;
#4805 = LINE ( 'NONE', #4329, #1199 ) ;
#4806 = DIRECTION ( 'NONE',  ( 0.0000000000000000000, 0.0000000000000000000, 1.000000000000000000 ) ) ;
#4807 = SURFACE_SIDE_STYLE ('',( #3500 ) ) ;
#4808 = EDGE_LOOP ( 'NONE', ( #1887, #1238, #5057, #620 ) ) ;
#4809 = PLANE ( 'NONE',  #116 ) ;
#4810 = VERTEX_POINT ( 'NONE', #4705 ) ;
#4811 = VECTOR ( 'NONE', #1111, 1000.000000000000000 ) ;
#4812 = UNCERTAINTY_MEASURE_WITH_UNIT (LENGTH_MEASURE( 1.000000000000000100E-005 ), #4237, 'distance_accuracy_value', 'NONE');
#4813 = ORIENTED_EDGE ( 'NONE', *, *, #2664, .T. ) ;
#4814 = VECTOR ( 'NONE', #2794, 1000.000000000000000 ) ;
#4815 = EDGE_CURVE ( 'NONE', #1236, #1430, #284, .T. ) ;
#4816 = STYLED_ITEM ( 'NONE', ( #2806 ), #3298 ) ;
#4817 = LINE ( 'NONE', #708, #2658 ) ;
#4818 = ADVANCED_FACE ( 'NONE', ( #3126 ), #4740, .F. ) ;
#4819 = DIRECTION ( 'NONE',  ( -1.000000000000000000, 0.0000000000000000000, 6.847592668329805800E-016 ) ) ;
#4820 = DIRECTION ( 'NONE',  ( -0.0000000000000000000, -1.000000000000000000, -0.0000000000000000000 ) ) ;
#4821 = DIRECTION ( 'NONE',  ( -1.000000000000000000, 0.0000000000000000000, 9.130123557772670100E-016 ) ) ;
#4822 = EDGE_CURVE ( 'NONE', #4899, #198, #2188, .T. ) ;
#4823 = DIRECTION ( 'NONE',  ( 0.0000000000000000000, 0.0000000000000000000, 1.000000000000000000 ) ) ;
#4824 = CLOSED_SHELL ( 'NONE', ( #534, #4403, #1372, #862, #1216, #2708 ) ) ;
#4825 = VECTOR ( 'NONE', #4823, 1000.000000000000000 ) ;
#4826 = CARTESIAN_POINT ( 'NONE',  ( -1.624999999999999800, 1.139999999999999900, -1.499999999999999800 ) ) ;
#4827 = ORIENTED_EDGE ( 'NONE', *, *, #2440, .F. ) ;
#4828 = LINE ( 'NONE', #4197, #2168 ) ;
#4829 = DIRECTION ( 'NONE',  ( 1.734723475976807100E-015, 0.0000000000000000000, 1.000000000000000000 ) ) ;
#4830 = EDGE_CURVE ( 'NONE', #2827, #3053, #2058, .T. ) ;
#4831 = CARTESIAN_POINT ( 'NONE',  ( -0.1249999999999998900, 0.0000000000000000000, 1.399999999999999900 ) ) ;
#4832 = DIRECTION ( 'NONE',  ( -0.0000000000000000000, 1.000000000000000000, 0.0000000000000000000 ) ) ;
#4833 = EDGE_LOOP ( 'NONE', ( #3038, #4179, #2364, #763 ) ) ;
#4834 = LINE ( 'NONE', #4470, #3605 ) ;
#4835 = AXIS2_PLACEMENT_3D ( 'NONE', #146, #1027, #3358 ) ;
#4836 = DIRECTION ( 'NONE',  ( 8.413408858487510600E-014, 0.0000000000000000000, 1.000000000000000000 ) ) ;
#4837 = ORIENTED_EDGE ( 'NONE', *, *, #2865, .F. ) ;
#4838 = LINE ( 'NONE', #3159, #4718 ) ;
#4839 = ADVANCED_FACE ( 'NONE', ( #1816 ), #1127, .F. ) ;
#4840 = CARTESIAN_POINT ( 'NONE',  ( 1.050000000000020700, 0.0000000000000000000, 0.8750000000000020000 ) ) ;
#4841 = CARTESIAN_POINT ( 'NONE',  ( 1.049999999999999800, 0.0000000000000000000, -1.124999999999998000 ) ) ;
#4842 = ORIENTED_EDGE ( 'NONE', *, *, #1071, .T. ) ;
#4843 = ORIENTED_EDGE ( 'NONE', *, *, #280, .T. ) ;
#4844 = EDGE_LOOP ( 'NONE', ( #2086, #1044, #3078, #1002 ) ) ;
#4845 = ADVANCED_FACE ( 'NONE', ( #1753 ), #2348, .F. ) ;
#4846 = LINE ( 'NONE', #4962, #3120 ) ;
#4847 = CARTESIAN_POINT ( 'NONE',  ( -0.3749999999999998900, 0.1000000000000000100, -1.050000000000000000 ) ) ;
#4848 = EDGE_CURVE ( 'NONE', #929, #1061, #3376, .T. ) ;
#4849 =( NAMED_UNIT ( * ) SI_UNIT ( $, .STERADIAN. ) SOLID_ANGLE_UNIT ( ) );
#4850 = EDGE_LOOP ( 'NONE', ( #2071, #3526, #1638, #2952 ) ) ;
#4851 = EDGE_LOOP ( 'NONE', ( #4126, #19, #4913, #275 ) ) ;
#4852 = CARTESIAN_POINT ( 'NONE',  ( -1.050000000000015600, 0.1000000000000000100, 0.3750000000000019400 ) ) ;
#4853 = VECTOR ( 'NONE', #3788, 1000.000000000000000 ) ;
#4854 = VECTOR ( 'NONE', #4046, 1000.000000000000000 ) ;
#4855 = ORIENTED_EDGE ( 'NONE', *, *, #775, .T. ) ;
#4856 = DIRECTION ( 'NONE',  ( 0.0000000000000000000, 0.0000000000000000000, 1.000000000000000000 ) ) ;
#4857 = DIRECTION ( 'NONE',  ( -1.000000000000000000, 0.0000000000000000000, 0.0000000000000000000 ) ) ;
#4858 = VERTEX_POINT ( 'NONE', #1506 ) ;
#4859 = EDGE_CURVE ( 'NONE', #2654, #3923, #1054, .T. ) ;
#4860 = VERTEX_POINT ( 'NONE', #1971 ) ;
#4861 = VECTOR ( 'NONE', #2055, 1000.000000000000000 ) ;
#4862 = ORIENTED_EDGE ( 'NONE', *, *, #4554, .F. ) ;
#4863 = ORIENTED_EDGE ( 'NONE', *, *, #324, .F. ) ;
#4864 = DIRECTION ( 'NONE',  ( 6.847592668329805800E-016, 0.0000000000000000000, -1.000000000000000000 ) ) ;
#4865 = CARTESIAN_POINT ( 'NONE',  ( -1.049999999999999800, 0.1000000000000000100, 1.125000000000002000 ) ) ;
#4866 = CARTESIAN_POINT ( 'NONE',  ( 1.050000000000005200, 0.1000000000000000100, -0.6249999999999981100 ) ) ;
#4867 = ORIENTED_EDGE ( 'NONE', *, *, #3303, .F. ) ;
#4868 = EDGE_CURVE ( 'NONE', #594, #5207, #1119, .T. ) ;
#4869 = ORIENTED_EDGE ( 'NONE', *, *, #1298, .T. ) ;
#4870 = EDGE_LOOP ( 'NONE', ( #259, #1766, #1222, #3197 ) ) ;
#4871 = VECTOR ( 'NONE', #3700, 1000.000000000000000 ) ;
#4872 = ORIENTED_EDGE ( 'NONE', *, *, #2401, .T. ) ;
#4873 = DIRECTION ( 'NONE',  ( -0.0000000000000000000, -1.000000000000000000, -0.0000000000000000000 ) ) ;
#4874 = AXIS2_PLACEMENT_3D ( 'NONE', #2786, #3612, #1943 ) ;
#4875 = ADVANCED_FACE ( 'NONE', ( #926 ), #325, .F. ) ;
#4876 = DIRECTION ( 'NONE',  ( -0.0000000000000000000, 1.000000000000000000, -0.0000000000000000000 ) ) ;
#4877 = PLANE ( 'NONE',  #2402 ) ;
#4878 = CARTESIAN_POINT ( 'NONE',  ( -0.1249999999999998900, 0.1000000000000000100, 1.050000000000000000 ) ) ;
#4879 = ORIENTED_EDGE ( 'NONE', *, *, #2299, .T. ) ;
#4880 = FACE_OUTER_BOUND ( 'NONE', #172, .T. ) ;
#4881 = ORIENTED_EDGE ( 'NONE', *, *, #2598, .T. ) ;
#4882 = DIRECTION ( 'NONE',  ( -0.0000000000000000000, 1.000000000000000000, -0.0000000000000000000 ) ) ;
#4883 = UNCERTAINTY_MEASURE_WITH_UNIT (LENGTH_MEASURE( 1.000000000000000100E-005 ), #1578, 'distance_accuracy_value', 'NONE');
#4884 = DIRECTION ( 'NONE',  ( 1.000000000000000000, 0.0000000000000000000, 6.847592668329805800E-016 ) ) ;
#4885 = DIRECTION ( 'NONE',  ( -0.0000000000000000000, 1.000000000000000000, -0.0000000000000000000 ) ) ;
#4886 = PLANE ( 'NONE',  #5191 ) ;
#4887 = PLANE ( 'NONE',  #1559 ) ;
#4888 = LINE ( 'NONE', #3112, #4431 ) ;
#4889 = EDGE_CURVE ( 'NONE', #1575, #4419, #3688, .T. ) ;
#4890 = AXIS2_PLACEMENT_3D ( 'NONE', #4421, #1134, #1941 ) ;
#4891 = CARTESIAN_POINT ( 'NONE',  ( 1.050000000000010300, 0.1000000000000000100, -0.1249999999999980600 ) ) ;
#4892 = DIRECTION ( 'NONE',  ( 0.0000000000000000000, 0.0000000000000000000, 1.000000000000000000 ) ) ;
#4893 = FACE_OUTER_BOUND ( 'NONE', #3604, .T. ) ;
#4894 = FILL_AREA_STYLE_COLOUR ( '', #944 ) ;
#4895 = DIRECTION ( 'NONE',  ( 1.000000000000000000, 0.0000000000000000000, -6.847592668329805800E-016 ) ) ;
#4896 = EDGE_CURVE ( 'NONE', #5215, #883, #4077, .T. ) ;
#4897 = PLANE ( 'NONE',  #4119 ) ;
#4898 = AXIS2_PLACEMENT_3D ( 'NONE', #1789, #4625, #5072 ) ;
#4899 = VERTEX_POINT ( 'NONE', #4785 ) ;
#4900 = VECTOR ( 'NONE', #4283, 1000.000000000000000 ) ;
#4901 = ADVANCED_FACE ( 'NONE', ( #4014 ), #5206, .T. ) ;
#4902 = CARTESIAN_POINT ( 'NONE',  ( -1.049999999999999800, 0.1000000000000000100, -1.124999999999998000 ) ) ;
#4903 = CARTESIAN_POINT ( 'NONE',  ( 0.3750000000000001100, 0.1000000000000000100, -1.050000000000000000 ) ) ;
#4904 = DIRECTION ( 'NONE',  ( -1.000000000000000000, 0.0000000000000000000, 0.0000000000000000000 ) ) ;
#4905 = LINE ( 'NONE', #1830, #1614 ) ;
#4906 = CARTESIAN_POINT ( 'NONE',  ( -1.524999999999999700, 0.1000000000000000100, 1.125000000000001600 ) ) ;
#4907 = VERTEX_POINT ( 'NONE', #3193 ) ;
#4908 = ORIENTED_EDGE ( 'NONE', *, *, #2773, .F. ) ;
#4909 = DIRECTION ( 'NONE',  ( 0.0000000000000000000, -1.000000000000000000, 0.0000000000000000000 ) ) ;
#4910 = LINE ( 'NONE', #157, #1810 ) ;
#4911 = CARTESIAN_POINT ( 'NONE',  ( 1.050000000000005200, 0.1000000000000000100, -0.6249999999999981100 ) ) ;
#4912 = DIRECTION ( 'NONE',  ( 8.413408858487510600E-014, -0.0000000000000000000, -1.000000000000000000 ) ) ;
#4913 = ORIENTED_EDGE ( 'NONE', *, *, #227, .F. ) ;
#4914 = VECTOR ( 'NONE', #1091, 1000.000000000000000 ) ;
#4915 = ORIENTED_EDGE ( 'NONE', *, *, #743, .F. ) ;
#4916 = EDGE_LOOP ( 'NONE', ( #1461, #2516, #1683, #3749 ) ) ;
#4917 = CARTESIAN_POINT ( 'NONE',  ( -0.1249999999999998900, -0.0000000000000000000, -1.399999999999999900 ) ) ;
#4918 = FACE_OUTER_BOUND ( 'NONE', #1764, .T. ) ;
#4919 = EDGE_CURVE ( 'NONE', #3299, #4414, #1686, .T. ) ;
#4920 = CARTESIAN_POINT ( 'NONE',  ( -1.050000000000015600, 0.1000000000000000100, 0.3750000000000019400 ) ) ;
#4921 = LINE ( 'NONE', #3508, #4605 ) ;
#4922 =( GEOMETRIC_REPRESENTATION_CONTEXT ( 3 ) GLOBAL_UNCERTAINTY_ASSIGNED_CONTEXT ( ( #2047 ) ) GLOBAL_UNIT_ASSIGNED_CONTEXT ( ( #1328, #2568, #141 ) ) REPRESENTATION_CONTEXT ( 'NONE', 'WORKASPACE' ) );
#4923 = SURFACE_SIDE_STYLE ('',( #781 ) ) ;
#4924 = CARTESIAN_POINT ( 'NONE',  ( -0.3749999999999998900, 0.1000000000000000100, -1.050000000000000000 ) ) ;
#4925 = VERTEX_POINT ( 'NONE', #4026 ) ;
#4926 = FACE_BOUND ( 'NONE', #4370, .T. ) ;
#4927 = VERTEX_POINT ( 'NONE', #2764 ) ;
#4928 = ORIENTED_EDGE ( 'NONE', *, *, #4291, .T. ) ;
#4929 = ADVANCED_FACE ( 'NONE', ( #2999 ), #796, .F. ) ;
#4930 = EDGE_CURVE ( 'NONE', #872, #2184, #795, .T. ) ;
#4931 = AXIS2_PLACEMENT_3D ( 'NONE', #4924, #836, #45 ) ;
#4932 = CARTESIAN_POINT ( 'NONE',  ( 1.524999999999994400, 0.0000000000000000000, 0.3750000000000016100 ) ) ;
#4933 = VECTOR ( 'NONE', #5154, 1000.000000000000000 ) ;
#4934 = PLANE ( 'NONE',  #4382 ) ;
#4935 = ORIENTED_EDGE ( 'NONE', *, *, #4937, .T. ) ;
#4936 = VECTOR ( 'NONE', #4804, 1000.000000000000000 ) ;
#4937 = EDGE_CURVE ( 'NONE', #41, #4040, #2315, .T. ) ;
#4938 = ORIENTED_EDGE ( 'NONE', *, *, #302, .F. ) ;
#4939 = CARTESIAN_POINT ( 'NONE',  ( 1.524999999999994400, 0.0000000000000000000, 0.3750000000000016100 ) ) ;
#4940 = DIRECTION ( 'NONE',  ( 0.0000000000000000000, -1.000000000000000000, 0.0000000000000000000 ) ) ;
#4941 = ORIENTED_EDGE ( 'NONE', *, *, #4032, .F. ) ;
#4942 = EDGE_LOOP ( 'NONE', ( #501, #4495, #2302, #2939 ) ) ;
#4943 = FACE_OUTER_BOUND ( 'NONE', #3031, .T. ) ;
#4944 = CARTESIAN_POINT ( 'NONE',  ( 0.1250000000000001100, 0.1000000000000000100, 1.399999999999999700 ) ) ;
#4945 = EDGE_LOOP ( 'NONE', ( #2292, #3698, #121, #2755 ) ) ;
#4946 = LINE ( 'NONE', #519, #633 ) ;
#4947 = ORIENTED_EDGE ( 'NONE', *, *, #4543, .T. ) ;
#4948 = PLANE ( 'NONE',  #202 ) ;
#4949 = CARTESIAN_POINT ( 'NONE',  ( 0.0000000000000000000, 0.0000000000000000000, 0.0000000000000000000 ) ) ;
#4950 = DIRECTION ( 'NONE',  ( 0.0000000000000000000, 0.0000000000000000000, -1.000000000000000000 ) ) ;
#4951 = VECTOR ( 'NONE', #4339, 1000.000000000000000 ) ;
#4952 = EDGE_CURVE ( 'NONE', #3689, #2645, #858, .T. ) ;
#4953 = ADVANCED_FACE ( 'NONE', ( #5046 ), #3590, .T. ) ;
#4954 = PRODUCT_DEFINITION_SHAPE ( 'NONE', 'NONE',  #649 ) ;
#4955 = DIRECTION ( 'NONE',  ( -1.000000000000000000, 0.0000000000000000000, 0.0000000000000000000 ) ) ;
#4956 = LINE ( 'NONE', #1114, #1975 ) ;
#4957 = DIRECTION ( 'NONE',  ( -1.000000000000000000, 0.0000000000000000000, -9.130123557772670100E-016 ) ) ;
#4958 = CARTESIAN_POINT ( 'NONE',  ( 0.0000000000000000000, 0.1000000000000000100, 0.0000000000000000000 ) ) ;
#4960 = DIRECTION ( 'NONE',  ( -0.0000000000000000000, -1.000000000000000000, -0.0000000000000000000 ) ) ;
#4959 = PLANE ( 'NONE',  #3542 ) ;
#4961 = EDGE_CURVE ( 'NONE', #4652, #1207, #5245, .T. ) ;
#4962 = CARTESIAN_POINT ( 'NONE',  ( -1.049999999999989400, 0.0000000000000000000, 0.1250000000000020500 ) ) ;
#4963 = VERTEX_POINT ( 'NONE', #764 ) ;
#4964 = LINE ( 'NONE', #2961, #1727 ) ;
#4965 = CARTESIAN_POINT ( 'NONE',  ( -1.524999999999984100, 0.1000000000000000100, -0.3749999999999983900 ) ) ;
#4966 = ORIENTED_EDGE ( 'NONE', *, *, #1135, .F. ) ;
#4967 = LINE ( 'NONE', #426, #1862 ) ;
#4968 = EDGE_CURVE ( 'NONE', #4203, #803, #2684, .T. ) ;
#4969 = ORIENTED_EDGE ( 'NONE', *, *, #1714, .T. ) ;
#4970 = VECTOR ( 'NONE', #5267, 1000.000000000000000 ) ;
#4971 = PLANE ( 'NONE',  #4202 ) ;
#4972 = PLANE ( 'NONE',  #2456 ) ;
#4973 = CARTESIAN_POINT ( 'NONE',  ( 0.3750000000000001100, 0.0000000000000000000, 1.399999999999999900 ) ) ;
#4974 = CARTESIAN_POINT ( 'NONE',  ( 1.524999999999978600, 0.1000000000000000100, -1.124999999999998400 ) ) ;
#4975 = ORIENTED_EDGE ( 'NONE', *, *, #617, .F. ) ;
#4976 = ORIENTED_EDGE ( 'NONE', *, *, #2856, .F. ) ;
#4977 = ORIENTED_EDGE ( 'NONE', *, *, #21, .T. ) ;
#4978 = SURFACE_SIDE_STYLE ('',( #2527 ) ) ;
#4979 = FACE_OUTER_BOUND ( 'NONE', #741, .T. ) ;
#4980 = CARTESIAN_POINT ( 'NONE',  ( 1.524999999999999700, 0.1000000000000000100, 0.8750000000000016700 ) ) ;
#4981 = DIRECTION ( 'NONE',  ( 0.0000000000000000000, -0.0000000000000000000, 1.000000000000000000 ) ) ;
#4982 = EDGE_LOOP ( 'NONE', ( #1470, #1179, #2849, #1697 ) ) ;
#4983 = ADVANCED_FACE ( 'NONE', ( #4734 ), #3659, .F. ) ;
#4984 = LINE ( 'NONE', #4272, #1568 ) ;
#4985 = AXIS2_PLACEMENT_3D ( 'NONE', #2221, #3847, #1433 ) ;
#4986 = FACE_OUTER_BOUND ( 'NONE', #1498, .T. ) ;
#4987 = CARTESIAN_POINT ( 'NONE',  ( 1.049999999999994500, 0.1000000000000000100, 0.6250000000000021100 ) ) ;
#4988 = DIRECTION ( 'NONE',  ( 1.000000000000000000, -0.0000000000000000000, 6.847592668329805800E-016 ) ) ;
#4989 = CARTESIAN_POINT ( 'NONE',  ( -1.524999999999989300, 0.1000000000000000100, -0.1249999999999983800 ) ) ;
#4990 = ORIENTED_EDGE ( 'NONE', *, *, #4580, .T. ) ;
#4991 = VECTOR ( 'NONE', #3705, 1000.000000000000000 ) ;
#4992 = VECTOR ( 'NONE', #1595, 1000.000000000000000 ) ;
#4993 = ORIENTED_EDGE ( 'NONE', *, *, #5075, .T. ) ;
#4994 = EDGE_CURVE ( 'NONE', #4173, #2591, #3065, .T. ) ;
#4995 = ORIENTED_EDGE ( 'NONE', *, *, #1769, .F. ) ;
#4996 = VECTOR ( 'NONE', #897, 1000.000000000000000 ) ;
#4997 = ORIENTED_EDGE ( 'NONE', *, *, #1534, .T. ) ;
#4998 = ORIENTED_EDGE ( 'NONE', *, *, #1490, .T. ) ;
#4999 = CARTESIAN_POINT ( 'NONE',  ( -0.3749999999999998900, 0.1000000000000000100, 1.400000000000000400 ) ) ;
#5000 = VECTOR ( 'NONE', #2125, 1000.000000000000000 ) ;
#5001 = DIRECTION ( 'NONE',  ( 0.0000000000000000000, -1.000000000000000000, 0.0000000000000000000 ) ) ;
#5002 = EDGE_CURVE ( 'NONE', #4963, #117, #3623, .T. ) ;
#5003 = DIRECTION ( 'NONE',  ( 0.0000000000000000000, -1.000000000000000000, 0.0000000000000000000 ) ) ;
#5004 = ORIENTED_EDGE ( 'NONE', *, *, #3297, .T. ) ;
#5005 = DIRECTION ( 'NONE',  ( 0.0000000000000000000, -1.000000000000000000, 0.0000000000000000000 ) ) ;
#5006 = CARTESIAN_POINT ( 'NONE',  ( -0.1249999999999998900, 0.0000000000000000000, 1.050000000000000000 ) ) ;
#5007 = CARTESIAN_POINT ( 'NONE',  ( -1.624999999999999800, 1.139999999999999900, 1.500000000000000200 ) ) ;
#5008 = EDGE_LOOP ( 'NONE', ( #2862, #1679, #152, #1244 ) ) ;
#5009 = CARTESIAN_POINT ( 'NONE',  ( -0.6249999999999998900, 0.1000000000000000100, 1.399999999999999900 ) ) ;
#5010 = DIRECTION ( 'NONE',  ( -0.0000000000000000000, 1.000000000000000000, -0.0000000000000000000 ) ) ;
#5011 = ORIENTED_EDGE ( 'NONE', *, *, #1326, .T. ) ;
#5012 = LINE ( 'NONE', #2277, #4561 ) ;
#5013 = ADVANCED_FACE ( 'NONE', ( #4986 ), #29, .F. ) ;
#5014 = CARTESIAN_POINT ( 'NONE',  ( -1.524999999999989300, 0.1000000000000000100, -0.1249999999999983800 ) ) ;
#5015 = VECTOR ( 'NONE', #1351, 1000.000000000000000 ) ;
#5016 = AXIS2_PLACEMENT_3D ( 'NONE', #1345, #1729, #84 ) ;
#5017 = CARTESIAN_POINT ( 'NONE',  ( -1.049999999999994500, 0.0000000000000000000, 0.6250000000000021100 ) ) ;
#5018 = VECTOR ( 'NONE', #2490, 1000.000000000000000 ) ;
#5019 = DIRECTION ( 'NONE',  ( -1.000000000000000000, 0.0000000000000000000, 9.130123557772670100E-016 ) ) ;
#5020 = PLANE ( 'NONE',  #3381 ) ;
#5021 = CARTESIAN_POINT ( 'NONE',  ( -1.050000000000020700, 0.1000000000000000100, 0.8750000000000020000 ) ) ;
#5022 = VECTOR ( 'NONE', #4769, 1000.000000000000000 ) ;
#5023 = EDGE_CURVE ( 'NONE', #2372, #4557, #2866, .T. ) ;
#5024 = MECHANICAL_DESIGN_GEOMETRIC_PRESENTATION_REPRESENTATION (  '', ( #4816 ), #303 ) ;
#5025 = DIRECTION ( 'NONE',  ( 0.0000000000000000000, 0.0000000000000000000, -1.000000000000000000 ) ) ;
#5026 =( NAMED_UNIT ( * ) PLANE_ANGLE_UNIT ( ) SI_UNIT ( $, .RADIAN. ) );
#5027 = CARTESIAN_POINT ( 'NONE',  ( 0.6250000000000001100, 0.1000000000000000100, -1.050000000000000000 ) ) ;
#5028 = EDGE_LOOP ( 'NONE', ( #932, #1180, #2672, #525 ) ) ;
#5029 = VECTOR ( 'NONE', #3872, 1000.000000000000000 ) ;
#5030 = EDGE_CURVE ( 'NONE', #732, #2692, #4598, .T. ) ;
#5031 = AXIS2_PLACEMENT_3D ( 'NONE', #1637, #2016, #1982 ) ;
#5032 = DIRECTION ( 'NONE',  ( -1.000000000000000000, 0.0000000000000000000, -8.413408858487510600E-014 ) ) ;
#5033 = LINE ( 'NONE', #523, #5232 ) ;
#5034 = DIRECTION ( 'NONE',  ( -0.0000000000000000000, -1.000000000000000000, -0.0000000000000000000 ) ) ;
#5035 = ADVANCED_FACE ( 'NONE', ( #154 ), #3277, .F. ) ;
#5036 = CARTESIAN_POINT ( 'NONE',  ( 0.1250000000000001100, 0.1000000000000000100, -1.400000000000000400 ) ) ;
#5037 = DIRECTION ( 'NONE',  ( 0.0000000000000000000, 1.000000000000000000, 0.0000000000000000000 ) ) ;
#5038 = ORIENTED_EDGE ( 'NONE', *, *, #899, .F. ) ;
#5039 = ORIENTED_EDGE ( 'NONE', *, *, #1265, .T. ) ;
#5040 = EDGE_CURVE ( 'NONE', #3059, #4384, #405, .T. ) ;
#5041 = DIRECTION ( 'NONE',  ( -1.000000000000000000, 0.0000000000000000000, 9.130123557772670100E-016 ) ) ;
#5042 = FACE_OUTER_BOUND ( 'NONE', #2737, .T. ) ;
#5043 = CARTESIAN_POINT ( 'NONE',  ( -1.049999999999989400, 0.1000000000000000100, 0.1250000000000020500 ) ) ;
#5044 = ORIENTED_EDGE ( 'NONE', *, *, #2231, .T. ) ;
#5045 = CLOSED_SHELL ( 'NONE', ( #2080, #3986, #2809, #3935, #1717, #1460 ) ) ;
#5046 = FACE_OUTER_BOUND ( 'NONE', #3247, .T. ) ;
#5048 = PLANE ( 'NONE',  #4531 ) ;
#5047 = CARTESIAN_POINT ( 'NONE',  ( 1.524999999999999700, 0.1000000000000000100, 0.8750000000000016700 ) ) ;
#5049 = ORIENTED_EDGE ( 'NONE', *, *, #4352, .F. ) ;
#5050 = VECTOR ( 'NONE', #233, 1000.000000000000000 ) ;
#5051 = FACE_OUTER_BOUND ( 'NONE', #3329, .T. ) ;
#5052 =( NAMED_UNIT ( * ) PLANE_ANGLE_UNIT ( ) SI_UNIT ( $, .RADIAN. ) );
#5053 = DIRECTION ( 'NONE',  ( -1.000000000000000000, 0.0000000000000000000, 8.413408858487510600E-014 ) ) ;
#5054 = DIRECTION ( 'NONE',  ( -1.000000000000000000, 0.0000000000000000000, 9.130123557772670100E-016 ) ) ;
#5055 = EDGE_CURVE ( 'NONE', #3567, #4787, #4463, .T. ) ;
#5056 = LINE ( 'NONE', #4724, #1950 ) ;
#5057 = ORIENTED_EDGE ( 'NONE', *, *, #691, .T. ) ;
#5058 = DIRECTION ( 'NONE',  ( 0.0000000000000000000, -0.0000000000000000000, 1.000000000000000000 ) ) ;
#5059 = ORIENTED_EDGE ( 'NONE', *, *, #963, .F. ) ;
#5060 = EDGE_LOOP ( 'NONE', ( #3589, #3979, #4306, #2976 ) ) ;
#5061 = FACE_OUTER_BOUND ( 'NONE', #3694, .T. ) ;
#5062 = DIRECTION ( 'NONE',  ( -6.847592668329805800E-016, 0.0000000000000000000, -1.000000000000000000 ) ) ;
#5063 = CARTESIAN_POINT ( 'NONE',  ( 0.0000000000000000000, 0.0000000000000000000, 0.0000000000000000000 ) ) ;
#5064 = ADVANCED_FACE ( 'NONE', ( #1376 ), #2089, .F. ) ;
#5065 = ORIENTED_EDGE ( 'NONE', *, *, #950, .F. ) ;
#5066 = DIRECTION ( 'NONE',  ( 0.0000000000000000000, 0.0000000000000000000, -1.000000000000000000 ) ) ;
#5067 = EDGE_CURVE ( 'NONE', #4728, #3856, #2801, .T. ) ;
#5068 = CARTESIAN_POINT ( 'NONE',  ( -1.524999999999994400, 0.0000000000000000000, 0.3750000000000016100 ) ) ;
#5069 = VECTOR ( 'NONE', #4515, 1000.000000000000000 ) ;
#5070 = CARTESIAN_POINT ( 'NONE',  ( 0.3750000000000001100, 0.1000000000000000100, 1.050000000000000000 ) ) ;
#5071 = ORIENTED_EDGE ( 'NONE', *, *, #1124, .F. ) ;
#5072 = DIRECTION ( 'NONE',  ( 1.000000000000000000, 0.0000000000000000000, -1.734723475976807100E-015 ) ) ;
#5073 = ORIENTED_EDGE ( 'NONE', *, *, #2565, .T. ) ;
#5074 = LINE ( 'NONE', #3882, #1713 ) ;
#5075 = EDGE_CURVE ( 'NONE', #4698, #2335, #666, .T. ) ;
#5076 = DIRECTION ( 'NONE',  ( 1.000000000000000000, 0.0000000000000000000, -6.847592668329805800E-016 ) ) ;
#5077 = ORIENTED_EDGE ( 'NONE', *, *, #3833, .T. ) ;
#5078 = CARTESIAN_POINT ( 'NONE',  ( 1.524999999999984100, 0.1000000000000000100, -0.6249999999999983300 ) ) ;
#5079 = DIRECTION ( 'NONE',  ( 1.000000000000000000, 0.0000000000000000000, 8.673617379884035500E-016 ) ) ;
#5080 = ORIENTED_EDGE ( 'NONE', *, *, #3821, .F. ) ;
#5081 = EDGE_LOOP ( 'NONE', ( #4004, #3620, #794, #4842 ) ) ;
#5082 = DIRECTION ( 'NONE',  ( 1.000000000000000000, 0.0000000000000000000, -9.130123557772670100E-016 ) ) ;
#5083 = ORIENTED_EDGE ( 'NONE', *, *, #2537, .T. ) ;
#5084 = VECTOR ( 'NONE', #457, 1000.000000000000000 ) ;
#5085 = PLANE ( 'NONE',  #4672 ) ;
#5086 = DIRECTION ( 'NONE',  ( -1.000000000000000000, 0.0000000000000000000, 0.0000000000000000000 ) ) ;
#5087 = ORIENTED_EDGE ( 'NONE', *, *, #4700, .F. ) ;
#5088 = VECTOR ( 'NONE', #2441, 1000.000000000000000 ) ;
#5089 = AXIS2_PLACEMENT_3D ( 'NONE', #3349, #2563, #2967 ) ;
#5090 = CARTESIAN_POINT ( 'NONE',  ( 1.049999999999999800, 0.1000000000000000100, -1.124999999999998000 ) ) ;
#5091 = ADVANCED_FACE ( 'NONE', ( #2179 ), #466, .F. ) ;
#5092 = CARTESIAN_POINT ( 'NONE',  ( -1.524999999999978600, 0.1000000000000000100, -0.8749999999999984500 ) ) ;
#5093 = DIRECTION ( 'NONE',  ( 0.0000000000000000000, -1.000000000000000000, 0.0000000000000000000 ) ) ;
#5094 = VERTEX_POINT ( 'NONE', #902 ) ;
#5095 = VECTOR ( 'NONE', #4121, 1000.000000000000000 ) ;
#5096 = CARTESIAN_POINT ( 'NONE',  ( 1.049999999999999800, 0.0000000000000000000, -1.124999999999998000 ) ) ;
#5097 = EDGE_CURVE ( 'NONE', #883, #3567, #1993, .T. ) ;
#5098 = AXIS2_PLACEMENT_3D ( 'NONE', #1535, #1931, #6 ) ;
#5099 = ORIENTED_EDGE ( 'NONE', *, *, #280, .F. ) ;
#5100 = LINE ( 'NONE', #833, #1292 ) ;
#5101 = CARTESIAN_POINT ( 'NONE',  ( 1.049999999999999800, 0.0000000000000000000, 1.125000000000002000 ) ) ;
#5102 = SURFACE_STYLE_USAGE ( .BOTH. , #3866 ) ;
#5103 = CARTESIAN_POINT ( 'NONE',  ( 0.6250000000000001100, 0.1000000000000000100, -1.399999999999999700 ) ) ;
#5104 = CARTESIAN_POINT ( 'NONE',  ( -0.1249999999999998900, 0.1000000000000000100, -1.050000000000000000 ) ) ;
#5105 = VERTEX_POINT ( 'NONE', #3676 ) ;
#5106 = FACE_OUTER_BOUND ( 'NONE', #1996, .T. ) ;
#5107 = EDGE_CURVE ( 'NONE', #2645, #2681, #1048, .T. ) ;
#5108 = DIRECTION ( 'NONE',  ( 0.0000000000000000000, 0.0000000000000000000, 1.000000000000000000 ) ) ;
#5109 = LINE ( 'NONE', #3777, #3122 ) ;
#5110 = ORIENTED_EDGE ( 'NONE', *, *, #1600, .F. ) ;
#5111 = ORIENTED_EDGE ( 'NONE', *, *, #1600, .T. ) ;
#5112 = FACE_OUTER_BOUND ( 'NONE', #2836, .T. ) ;
#5113 =( NAMED_UNIT ( * ) PLANE_ANGLE_UNIT ( ) SI_UNIT ( $, .RADIAN. ) );
#5114 = CARTESIAN_POINT ( 'NONE',  ( 0.6250000000000001100, 0.1000000000000000100, 1.050000000000000000 ) ) ;
#5115 = EDGE_CURVE ( 'NONE', #2388, #3838, #2052, .T. ) ;
#5116 = EDGE_LOOP ( 'NONE', ( #677, #2493, #2338, #5247 ) ) ;
#5117 = LINE ( 'NONE', #2200, #2683 ) ;
#5118 = VECTOR ( 'NONE', #3163, 1000.000000000000000 ) ;
#5119 = ORIENTED_EDGE ( 'NONE', *, *, #2077, .F. ) ;
#5120 = SURFACE_SIDE_STYLE ('',( #1818 ) ) ;
#5121 = ADVANCED_FACE ( 'NONE', ( #5112 ), #3344, .F. ) ;
#5122 = CARTESIAN_POINT ( 'NONE',  ( 0.3750000000000001100, 0.1000000000000000100, -1.399999999999999900 ) ) ;
#5123 = DIRECTION ( 'NONE',  ( -1.000000000000000000, 0.0000000000000000000, 9.130123557772670100E-016 ) ) ;
#5124 = ORIENTED_EDGE ( 'NONE', *, *, #2746, .T. ) ;
#5125 = FACE_OUTER_BOUND ( 'NONE', #1174, .T. ) ;
#5126 = AXIS2_PLACEMENT_3D ( 'NONE', #2728, #3046, #1496 ) ;
#5127 = VECTOR ( 'NONE', #1576, 1000.000000000000000 ) ;
#5128 = ORIENTED_EDGE ( 'NONE', *, *, #1224, .T. ) ;
#5129 = EDGE_LOOP ( 'NONE', ( #1928, #4677, #3759, #3021 ) ) ;
#5130 = PRESENTATION_STYLE_ASSIGNMENT (( #3724 ) ) ;
#5131 = LINE ( 'NONE', #863, #1321 ) ;
#5132 = ORIENTED_EDGE ( 'NONE', *, *, #3601, .F. ) ;
#5133 = DIRECTION ( 'NONE',  ( 1.000000000000000000, -0.0000000000000000000, -0.0000000000000000000 ) ) ;
#5134 = ORIENTED_EDGE ( 'NONE', *, *, #1151, .T. ) ;
#5135 = DIRECTION ( 'NONE',  ( 1.000000000000000000, 0.0000000000000000000, -6.847592668329805800E-016 ) ) ;
#5136 = EDGE_CURVE ( 'NONE', #651, #1012, #4660, .T. ) ;
#5137 = AXIS2_PLACEMENT_3D ( 'NONE', #1080, #626, #2735 ) ;
#5138 = DIRECTION ( 'NONE',  ( 1.000000000000000000, 0.0000000000000000000, 9.130123557773074400E-016 ) ) ;
#5139 = PRESENTATION_STYLE_ASSIGNMENT (( #4555 ) ) ;
#5140 = ORIENTED_EDGE ( 'NONE', *, *, #1776, .F. ) ;
#5141 = CARTESIAN_POINT ( 'NONE',  ( 1.524999999999989300, 0.1000000000000000100, -0.1249999999999983800 ) ) ;
#5142 = DIRECTION ( 'NONE',  ( 1.734723475976807100E-015, 0.0000000000000000000, -1.000000000000000000 ) ) ;
#5143 = FACE_OUTER_BOUND ( 'NONE', #1618, .T. ) ;
#5144 = CARTESIAN_POINT ( 'NONE',  ( -0.1249999999999998900, 0.1000000000000000100, -1.050000000000000000 ) ) ;
#5145 = EDGE_CURVE ( 'NONE', #1061, #481, #4148, .T. ) ;
#5146 = DIRECTION ( 'NONE',  ( 0.0000000000000000000, 1.000000000000000000, -0.0000000000000000000 ) ) ;
#5147 = AXIS2_PLACEMENT_3D ( 'NONE', #2540, #5032, #1722 ) ;
#5148 = VERTEX_POINT ( 'NONE', #541 ) ;
#5149 = LINE ( 'NONE', #500, #1906 ) ;
#5150 = ADVANCED_FACE ( 'NONE', ( #147 ), #3780, .F. ) ;
#5151 = EDGE_CURVE ( 'NONE', #2757, #26, #4846, .T. ) ;
#5152 = DIRECTION ( 'NONE',  ( 0.0000000000000000000, 0.0000000000000000000, -1.000000000000000000 ) ) ;
#5153 = VECTOR ( 'NONE', #792, 1000.000000000000000 ) ;
#5154 = DIRECTION ( 'NONE',  ( -0.0000000000000000000, -1.000000000000000000, -0.0000000000000000000 ) ) ;
#5155 = DIRECTION ( 'NONE',  ( -0.0000000000000000000, 1.000000000000000000, -0.0000000000000000000 ) ) ;
#5156 = LINE ( 'NONE', #4725, #1786 ) ;
#5157 = AXIS2_PLACEMENT_3D ( 'NONE', #1881, #706, #1980 ) ;
#5158 = CARTESIAN_POINT ( 'NONE',  ( 1.524999999999978600, 0.1000000000000000100, -0.8749999999999984500 ) ) ;
#5159 = DIRECTION ( 'NONE',  ( 1.000000000000000000, 0.0000000000000000000, 0.0000000000000000000 ) ) ;
#5160 = DIRECTION ( 'NONE',  ( -0.0000000000000000000, 1.000000000000000000, -0.0000000000000000000 ) ) ;
#5161 = ORIENTED_EDGE ( 'NONE', *, *, #2333, .F. ) ;
#5162 = FACE_OUTER_BOUND ( 'NONE', #985, .T. ) ;
#5163 = CARTESIAN_POINT ( 'NONE',  ( 1.524999999999994400, 0.1000000000000000100, 0.6250000000000016700 ) ) ;
#5164 = AXIS2_PLACEMENT_3D ( 'NONE', #2371, #4422, #4440 ) ;
#5165 = ORIENTED_EDGE ( 'NONE', *, *, #2039, .T. ) ;
#5166 = VECTOR ( 'NONE', #4142, 1000.000000000000000 ) ;
#5167 = CARTESIAN_POINT ( 'NONE',  ( -1.050000000000005200, 0.1000000000000000100, -0.6249999999999981100 ) ) ;
#5168 = CARTESIAN_POINT ( 'NONE',  ( 0.1250000000000001100, 0.0000000000000000000, 1.050000000000000000 ) ) ;
#5169 = ORIENTED_EDGE ( 'NONE', *, *, #2373, .T. ) ;
#5170 = LINE ( 'NONE', #1815, #2421 ) ;
#5171 = AXIS2_PLACEMENT_3D ( 'NONE', #1665, #384, #845 ) ;
#5172 = EDGE_LOOP ( 'NONE', ( #2633, #806, #1947, #85 ) ) ;
#5173 = DIRECTION ( 'NONE',  ( -1.000000000000000000, 0.0000000000000000000, 9.130123557772670100E-016 ) ) ;
#5174 = ORIENTED_EDGE ( 'NONE', *, *, #1952, .F. ) ;
#5175 = VERTEX_POINT ( 'NONE', #2991 ) ;
#5176 = ADVANCED_FACE ( 'NONE', ( #4979 ), #2922, .F. ) ;
#5177 = PLANE ( 'NONE',  #4890 ) ;
#5178 = CARTESIAN_POINT ( 'NONE',  ( 0.0000000000000000000, 0.1000000000000000100, 0.0000000000000000000 ) ) ;
#5179 = FILL_AREA_STYLE ('',( #3518 ) ) ;
#5180 = FACE_OUTER_BOUND ( 'NONE', #1703, .T. ) ;
#5181 = ORIENTED_EDGE ( 'NONE', *, *, #2931, .T. ) ;
#5182 = ORIENTED_EDGE ( 'NONE', *, *, #2577, .F. ) ;
#5183 = EDGE_CURVE ( 'NONE', #2652, #4698, #1565, .T. ) ;
#5184 = LINE ( 'NONE', #5168, #4345 ) ;
#5185 = FILL_AREA_STYLE_COLOUR ( '', #378 ) ;
#5186 = CARTESIAN_POINT ( 'NONE',  ( -0.1249999999999998900, 0.0000000000000000000, 1.399999999999999900 ) ) ;
#5187 = CARTESIAN_POINT ( 'NONE',  ( -0.1249999999999998900, 0.0000000000000000000, -1.050000000000000000 ) ) ;
#5188 = VECTOR ( 'NONE', #2969, 1000.000000000000000 ) ;
#5189 = VECTOR ( 'NONE', #710, 1000.000000000000000 ) ;
#5190 = DIRECTION ( 'NONE',  ( -0.0000000000000000000, -1.000000000000000000, -0.0000000000000000000 ) ) ;
#5191 = AXIS2_PLACEMENT_3D ( 'NONE', #3619, #817, #389 ) ;
#5192 = ORIENTED_EDGE ( 'NONE', *, *, #4182, .T. ) ;
#5193 = VECTOR ( 'NONE', #4050, 1000.000000000000000 ) ;
#5194 = FACE_OUTER_BOUND ( 'NONE', #619, .T. ) ;
#5195 = EDGE_LOOP ( 'NONE', ( #2742, #1101, #2425, #2896 ) ) ;
#5196 = VERTEX_POINT ( 'NONE', #564 ) ;
#5197 = DIRECTION ( 'NONE',  ( -1.000000000000000000, 0.0000000000000000000, -8.673617379884035500E-016 ) ) ;
#5198 = AXIS2_PLACEMENT_3D ( 'NONE', #1397, #1746, #496 ) ;
#5199 = ORIENTED_EDGE ( 'NONE', *, *, #4109, .F. ) ;
#5200 = SURFACE_STYLE_FILL_AREA ( #3347 ) ;
#5201 = FACE_OUTER_BOUND ( 'NONE', #350, .T. ) ;
#5202 = DIRECTION ( 'NONE',  ( -0.0000000000000000000, -1.000000000000000000, -0.0000000000000000000 ) ) ;
#5203 = CARTESIAN_POINT ( 'NONE',  ( 1.049999999999999800, 0.1000000000000000100, 1.125000000000002000 ) ) ;
#5204 = EDGE_CURVE ( 'NONE', #2420, #4447, #1747, .T. ) ;
#5205 = PRESENTATION_LAYER_ASSIGNMENT (  '', '', ( #2830 ) ) ;
#5206 = PLANE ( 'NONE',  #4581 ) ;
#5207 = VERTEX_POINT ( 'NONE', #974 ) ;
#5208 = VECTOR ( 'NONE', #3853, 1000.000000000000000 ) ;
#5209 = ORIENTED_EDGE ( 'NONE', *, *, #3762, .T. ) ;
#5210 = DIRECTION ( 'NONE',  ( -0.0000000000000000000, 1.000000000000000000, -0.0000000000000000000 ) ) ;
#5211 = VERTEX_POINT ( 'NONE', #2524 ) ;
#5212 = DIRECTION ( 'NONE',  ( 8.413408858487510600E-014, 0.0000000000000000000, -1.000000000000000000 ) ) ;
#5213 = LINE ( 'NONE', #3208, #313 ) ;
#5214 = PLANE ( 'NONE',  #4566 ) ;
#5215 = VERTEX_POINT ( 'NONE', #2595 ) ;
#5216 = LINE ( 'NONE', #529, #2901 ) ;
#5217 = VERTEX_POINT ( 'NONE', #2143 ) ;
#5218 = DIRECTION ( 'NONE',  ( 1.000000000000000000, 0.0000000000000000000, -1.734723475976807100E-015 ) ) ;
#5219 = MANIFOLD_SOLID_BREP ( 'Split1[1]', #595 ) ;
#5220 = EDGE_CURVE ( 'NONE', #2434, #3814, #1620, .T. ) ;
#5221 = CARTESIAN_POINT ( 'NONE',  ( -1.524999999999989300, 0.0000000000000000000, 0.1250000000000016400 ) ) ;
#5222 = EDGE_LOOP ( 'NONE', ( #4417, #4151, #3854, #4540 ) ) ;
#5223 = VECTOR ( 'NONE', #1482, 1000.000000000000000 ) ;
#5224 = CARTESIAN_POINT ( 'NONE',  ( 1.049999999999999800, 0.1000000000000000100, -1.124999999999998000 ) ) ;
#5225 = VERTEX_POINT ( 'NONE', #943 ) ;
#5226 = LINE ( 'NONE', #433, #647 ) ;
#5227 = DIRECTION ( 'NONE',  ( 9.130123557773074400E-016, 0.0000000000000000000, -1.000000000000000000 ) ) ;
#5228 = LINE ( 'NONE', #917, #3294 ) ;
#5229 = EDGE_CURVE ( 'NONE', #1597, #26, #397, .T. ) ;
#5230 = CARTESIAN_POINT ( 'NONE',  ( -1.050000000000005200, -0.0000000000000000000, -0.6249999999999981100 ) ) ;
#5231 = ORIENTED_EDGE ( 'NONE', *, *, #477, .T. ) ;
#5232 = VECTOR ( 'NONE', #3756, 1000.000000000000000 ) ;
#5233 = DIRECTION ( 'NONE',  ( 8.413408858487510600E-014, 0.0000000000000000000, -1.000000000000000000 ) ) ;
#5234 = LINE ( 'NONE', #4226, #4073 ) ;
#5235 = ORIENTED_EDGE ( 'NONE', *, *, #5030, .F. ) ;
#5236 = ORIENTED_EDGE ( 'NONE', *, *, #4952, .F. ) ;
#5237 = ORIENTED_EDGE ( 'NONE', *, *, #1485, .T. ) ;
#5238 = DIRECTION ( 'NONE',  ( -0.0000000000000000000, 1.000000000000000000, -0.0000000000000000000 ) ) ;
#5239 = EDGE_CURVE ( 'NONE', #332, #2396, #4455, .T. ) ;
#5240 = LINE ( 'NONE', #1879, #2557 ) ;
#5241 =( GEOMETRIC_REPRESENTATION_CONTEXT ( 3 ) GLOBAL_UNCERTAINTY_ASSIGNED_CONTEXT ( ( #2369 ) ) GLOBAL_UNIT_ASSIGNED_CONTEXT ( ( #1809, #2222, #1784 ) ) REPRESENTATION_CONTEXT ( 'NONE', 'WORKASPACE' ) );
#5242 = CARTESIAN_POINT ( 'NONE',  ( 0.0000000000000000000, 0.0000000000000000000, 0.0000000000000000000 ) ) ;
#5243 = DIRECTION ( 'NONE',  ( 1.000000000000000000, 0.0000000000000000000, 8.413408858487510600E-014 ) ) ;
#5244 = DIRECTION ( 'NONE',  ( 0.0000000000000000000, 0.0000000000000000000, 1.000000000000000000 ) ) ;
#5245 = LINE ( 'NONE', #4891, #3958 ) ;
#5246 = EDGE_CURVE ( 'NONE', #538, #1625, #334, .T. ) ;
#5247 = ORIENTED_EDGE ( 'NONE', *, *, #333, .F. ) ;
#5248 = CARTESIAN_POINT ( 'NONE',  ( 1.049999999999984100, 0.0000000000000000000, -0.3749999999999979500 ) ) ;
#5249 = VECTOR ( 'NONE', #1660, 1000.000000000000000 ) ;
#5250 = PLANE ( 'NONE',  #3813 ) ;
#5251 = VECTOR ( 'NONE', #715, 1000.000000000000000 ) ;
#5252 = ADVANCED_FACE ( 'NONE', ( #4529 ), #132, .F. ) ;
#5253 = DIRECTION ( 'NONE',  ( -0.0000000000000000000, -1.000000000000000000, -0.0000000000000000000 ) ) ;
#5254 = ORIENTED_EDGE ( 'NONE', *, *, #1341, .T. ) ;
#5255 = LINE ( 'NONE', #2825, #2820 ) ;
#5256 = AXIS2_PLACEMENT_3D ( 'NONE', #1311, #484, #2102 ) ;
#5257 = SURFACE_STYLE_FILL_AREA ( #2670 ) ;
#5258 = VERTEX_POINT ( 'NONE', #4178 ) ;
#5259 = VERTEX_POINT ( 'NONE', #650 ) ;
#5260 = CARTESIAN_POINT ( 'NONE',  ( 1.050000000000015600, 0.0000000000000000000, 0.3750000000000019400 ) ) ;
#5261 = LINE ( 'NONE', #2851, #4172 ) ;
#5262 = CARTESIAN_POINT ( 'NONE',  ( 1.050000000000010300, 0.0000000000000000000, -0.1249999999999980600 ) ) ;
#5263 = VERTEX_POINT ( 'NONE', #1441 ) ;
#5264 =( GEOMETRIC_REPRESENTATION_CONTEXT ( 3 ) GLOBAL_UNCERTAINTY_ASSIGNED_CONTEXT ( ( #4358 ) ) GLOBAL_UNIT_ASSIGNED_CONTEXT ( ( #1852, #5113, #2628 ) ) REPRESENTATION_CONTEXT ( 'NONE', 'WORKASPACE' ) );
#5265 = CARTESIAN_POINT ( 'NONE',  ( -1.050000000000010300, 0.0000000000000000000, -0.1249999999999980600 ) ) ;
#5266 = LINE ( 'NONE', #5043, #3463 ) ;
#5267 = DIRECTION ( 'NONE',  ( 1.000000000000000000, -0.0000000000000000000, -0.0000000000000000000 ) ) ;
#5268 = DIRECTION ( 'NONE',  ( 0.0000000000000000000, -0.0000000000000000000, -1.000000000000000000 ) ) ;
#5269 = PLANE ( 'NONE',  #2685 ) ;
#5270 = ORIENTED_EDGE ( 'NONE', *, *, #2299, .F. ) ;
#5271 = VECTOR ( 'NONE', #3870, 1000.000000000000000 ) ;
#5272 = DIRECTION ( 'NONE',  ( -0.0000000000000000000, 1.000000000000000000, -0.0000000000000000000 ) ) ;
#5273 = EDGE_CURVE ( 'NONE', #1035, #1709, #1877, .T. ) ;
#5274 = VERTEX_POINT ( 'NONE', #2938 ) ;
#5275 = AXIS2_PLACEMENT_3D ( 'NONE', #425, #2117, #4174 ) ;
#5276 = LINE ( 'NONE', #2909, #765 ) ;
#5277 = EDGE_CURVE ( 'NONE', #3975, #1448, #5240, .T. ) ;
#5278 = DIRECTION ( 'NONE',  ( -1.000000000000000000, 0.0000000000000000000, 0.0000000000000000000 ) ) ;
#5279 = LINE ( 'NONE', #3100, #1723 ) ;
ENDSEC;
END-ISO-10303-21;
