ISO-10303-21;
HEADER;
FILE_DESCRIPTION(('FreeCAD Model'),'2;1');
FILE_NAME('Open CASCADE Shape Model','2026-08-23T18:43:15',(''),(''),
  'Open CASCADE STEP processor 7.8','FreeCAD','Unknown');
FILE_SCHEMA(('AUTOMOTIVE_DESIGN { 1 0 10303 214 1 1 1 1 }'));
ENDSEC;
DATA;
#1 = APPLICATION_PROTOCOL_DEFINITION('international standard',
  'automotive_design',2000,#2);
#2 = APPLICATION_CONTEXT(
  'core data for automotive mechanical design processes');
#3 = SHAPE_DEFINITION_REPRESENTATION(#4,#10);
#4 = PRODUCT_DEFINITION_SHAPE('','',#5);
#5 = PRODUCT_DEFINITION('design','',#6,#9);
#6 = PRODUCT_DEFINITION_FORMATION('','',#7);
#7 = PRODUCT('Conn_02x03_Odd_Even-fp','Conn_02x03_Odd_Even-fp','',(#8));
#8 = PRODUCT_CONTEXT('',#2,'mechanical');
#9 = PRODUCT_DEFINITION_CONTEXT('part definition',#2,'design');
#10 = SHAPE_REPRESENTATION('',(#11,#15,#19,#23,#27,#31,#35,#39,#43,#47,
    #51),#55);
#11 = AXIS2_PLACEMENT_3D('',#12,#13,#14);
#12 = CARTESIAN_POINT('',(0.,0.,0.));
#13 = DIRECTION('',(0.,0.,1.));
#14 = DIRECTION('',(1.,0.,-0.));
#15 = AXIS2_PLACEMENT_3D('',#16,#17,#18);
#16 = CARTESIAN_POINT('',(0.,0.,-1.E-02));
#17 = DIRECTION('',(0.,0.,1.));
#18 = DIRECTION('',(1.,0.,0.));
#19 = AXIS2_PLACEMENT_3D('',#20,#21,#22);
#20 = CARTESIAN_POINT('',(0.,0.,-1.6));
#21 = DIRECTION('',(0.,0.,1.));
#22 = DIRECTION('',(1.,0.,0.));
#23 = AXIS2_PLACEMENT_3D('',#24,#25,#26);
#24 = CARTESIAN_POINT('',(0.,0.,0.));
#25 = DIRECTION('',(0.,0.,1.));
#26 = DIRECTION('',(1.,0.,0.));
#27 = AXIS2_PLACEMENT_3D('',#28,#29,#30);
#28 = CARTESIAN_POINT('',(0.,0.,1.E-02));
#29 = DIRECTION('',(0.,0.,1.));
#30 = DIRECTION('',(1.,0.,0.));
#31 = AXIS2_PLACEMENT_3D('',#32,#33,#34);
#32 = CARTESIAN_POINT('',(0.,0.,1.E-02));
#33 = DIRECTION('',(0.,0.,1.));
#34 = DIRECTION('',(1.,0.,0.));
#35 = AXIS2_PLACEMENT_3D('',#36,#37,#38);
#36 = CARTESIAN_POINT('',(0.,0.,1.E-02));
#37 = DIRECTION('',(0.,0.,1.));
#38 = DIRECTION('',(1.,0.,0.));
#39 = AXIS2_PLACEMENT_3D('',#40,#41,#42);
#40 = CARTESIAN_POINT('',(0.,0.,1.E-02));
#41 = DIRECTION('',(0.,0.,1.));
#42 = DIRECTION('',(1.,0.,0.));
#43 = AXIS2_PLACEMENT_3D('',#44,#45,#46);
#44 = CARTESIAN_POINT('',(0.,0.,-1.59));
#45 = DIRECTION('',(0.,0.,1.));
#46 = DIRECTION('',(1.,0.,0.));
#47 = AXIS2_PLACEMENT_3D('',#48,#49,#50);
#48 = CARTESIAN_POINT('',(0.,0.,-1.59));
#49 = DIRECTION('',(0.,0.,1.));
#50 = DIRECTION('',(1.,0.,0.));
#51 = AXIS2_PLACEMENT_3D('',#52,#53,#54);
#52 = CARTESIAN_POINT('',(0.,0.,0.));
#53 = DIRECTION('',(0.,0.,1.));
#54 = DIRECTION('',(1.,0.,0.));
#55 = ( GEOMETRIC_REPRESENTATION_CONTEXT(3) 
GLOBAL_UNCERTAINTY_ASSIGNED_CONTEXT((#59)) GLOBAL_UNIT_ASSIGNED_CONTEXT(
(#56,#57,#58)) REPRESENTATION_CONTEXT('Context #1',
  '3D Context with UNIT and UNCERTAINTY') );
#56 = ( LENGTH_UNIT() NAMED_UNIT(*) SI_UNIT(.MILLI.,.METRE.) );
#57 = ( NAMED_UNIT(*) PLANE_ANGLE_UNIT() SI_UNIT($,.RADIAN.) );
#58 = ( NAMED_UNIT(*) SI_UNIT($,.STERADIAN.) SOLID_ANGLE_UNIT() );
#59 = UNCERTAINTY_MEASURE_WITH_UNIT(LENGTH_MEASURE(1.E-07),#56,
  'distance_accuracy_value','confusion accuracy');
#60 = PRODUCT_RELATED_PRODUCT_CATEGORY('part',$,(#7));
#61 = SHAPE_DEFINITION_REPRESENTATION(#62,#68);
#62 = PRODUCT_DEFINITION_SHAPE('','',#63);
#63 = PRODUCT_DEFINITION('design','',#64,#67);
#64 = PRODUCT_DEFINITION_FORMATION('','',#65);
#65 = PRODUCT('topPads','topPads','',(#66));
#66 = PRODUCT_CONTEXT('',#2,'mechanical');
#67 = PRODUCT_DEFINITION_CONTEXT('part definition',#2,'design');
#68 = SHAPE_REPRESENTATION('',(#11,#69,#196,#323,#450,#577,#704),#831);
#69 = MANIFOLD_SOLID_BREP('',#70);
#70 = CLOSED_SHELL('',(#71,#104,#146,#170,#183));
#71 = ADVANCED_FACE('',(#72),#99,.T.);
#72 = FACE_BOUND('',#73,.F.);
#73 = EDGE_LOOP('',(#74,#84,#91,#92));
#74 = ORIENTED_EDGE('',*,*,#75,.T.);
#75 = EDGE_CURVE('',#76,#78,#80,.T.);
#76 = VERTEX_POINT('',#77);
#77 = CARTESIAN_POINT('',(-0.8001,-0.635,0.));
#78 = VERTEX_POINT('',#79);
#79 = CARTESIAN_POINT('',(-0.8001,-0.635,1.E-02));
#80 = LINE('',#81,#82);
#81 = CARTESIAN_POINT('',(-0.8001,-0.635,0.));
#82 = VECTOR('',#83,1.);
#83 = DIRECTION('',(0.,0.,1.));
#84 = ORIENTED_EDGE('',*,*,#85,.T.);
#85 = EDGE_CURVE('',#78,#78,#86,.T.);
#86 = CIRCLE('',#87,0.4699);
#87 = AXIS2_PLACEMENT_3D('',#88,#89,#90);
#88 = CARTESIAN_POINT('',(-1.27,-0.635,1.E-02));
#89 = DIRECTION('',(0.,0.,1.));
#90 = DIRECTION('',(1.,0.,0.));
#91 = ORIENTED_EDGE('',*,*,#75,.F.);
#92 = ORIENTED_EDGE('',*,*,#93,.F.);
#93 = EDGE_CURVE('',#76,#76,#94,.T.);
#94 = CIRCLE('',#95,0.4699);
#95 = AXIS2_PLACEMENT_3D('',#96,#97,#98);
#96 = CARTESIAN_POINT('',(-1.27,-0.635,0.));
#97 = DIRECTION('',(0.,0.,1.));
#98 = DIRECTION('',(1.,0.,0.));
#99 = CYLINDRICAL_SURFACE('',#100,0.4699);
#100 = AXIS2_PLACEMENT_3D('',#101,#102,#103);
#101 = CARTESIAN_POINT('',(-1.27,-0.635,0.));
#102 = DIRECTION('',(-0.,-0.,-1.));
#103 = DIRECTION('',(1.,0.,0.));
#104 = ADVANCED_FACE('',(#105),#141,.F.);
#105 = FACE_BOUND('',#106,.F.);
#106 = EDGE_LOOP('',(#107,#117,#126,#134));
#107 = ORIENTED_EDGE('',*,*,#108,.T.);
#108 = EDGE_CURVE('',#109,#111,#113,.T.);
#109 = VERTEX_POINT('',#110);
#110 = CARTESIAN_POINT('',(-1.27,-0.33025,0.));
#111 = VERTEX_POINT('',#112);
#112 = CARTESIAN_POINT('',(-1.27,-0.33025,1.E-02));
#113 = LINE('',#114,#115);
#114 = CARTESIAN_POINT('',(-1.27,-0.33025,0.));
#115 = VECTOR('',#116,1.);
#116 = DIRECTION('',(0.,0.,1.));
#117 = ORIENTED_EDGE('',*,*,#118,.T.);
#118 = EDGE_CURVE('',#111,#119,#121,.T.);
#119 = VERTEX_POINT('',#120);
#120 = CARTESIAN_POINT('',(-1.2699999,-0.93975,1.E-02));
#121 = CIRCLE('',#122,0.30475);
#122 = AXIS2_PLACEMENT_3D('',#123,#124,#125);
#123 = CARTESIAN_POINT('',(-1.27,-0.635,1.E-02));
#124 = DIRECTION('',(0.,0.,-1.));
#125 = DIRECTION('',(-1.,0.,0.));
#126 = ORIENTED_EDGE('',*,*,#127,.F.);
#127 = EDGE_CURVE('',#128,#119,#130,.T.);
#128 = VERTEX_POINT('',#129);
#129 = CARTESIAN_POINT('',(-1.2699999,-0.93975,0.));
#130 = LINE('',#131,#132);
#131 = CARTESIAN_POINT('',(-1.2699999,-0.93975,0.));
#132 = VECTOR('',#133,1.);
#133 = DIRECTION('',(0.,0.,1.));
#134 = ORIENTED_EDGE('',*,*,#135,.F.);
#135 = EDGE_CURVE('',#109,#128,#136,.T.);
#136 = CIRCLE('',#137,0.30475);
#137 = AXIS2_PLACEMENT_3D('',#138,#139,#140);
#138 = CARTESIAN_POINT('',(-1.27,-0.635,0.));
#139 = DIRECTION('',(0.,0.,-1.));
#140 = DIRECTION('',(-1.,0.,0.));
#141 = CYLINDRICAL_SURFACE('',#142,0.30475);
#142 = AXIS2_PLACEMENT_3D('',#143,#144,#145);
#143 = CARTESIAN_POINT('',(-1.27,-0.635,0.));
#144 = DIRECTION('',(0.,0.,-1.));
#145 = DIRECTION('',(-1.,0.,0.));
#146 = ADVANCED_FACE('',(#147),#165,.F.);
#147 = FACE_BOUND('',#148,.F.);
#148 = EDGE_LOOP('',(#149,#150,#157,#158));
#149 = ORIENTED_EDGE('',*,*,#127,.T.);
#150 = ORIENTED_EDGE('',*,*,#151,.T.);
#151 = EDGE_CURVE('',#119,#111,#152,.T.);
#152 = CIRCLE('',#153,0.30475);
#153 = AXIS2_PLACEMENT_3D('',#154,#155,#156);
#154 = CARTESIAN_POINT('',(-1.27,-0.635,1.E-02));
#155 = DIRECTION('',(0.,0.,-1.));
#156 = DIRECTION('',(-1.,0.,0.));
#157 = ORIENTED_EDGE('',*,*,#108,.F.);
#158 = ORIENTED_EDGE('',*,*,#159,.F.);
#159 = EDGE_CURVE('',#128,#109,#160,.T.);
#160 = CIRCLE('',#161,0.30475);
#161 = AXIS2_PLACEMENT_3D('',#162,#163,#164);
#162 = CARTESIAN_POINT('',(-1.27,-0.635,0.));
#163 = DIRECTION('',(0.,0.,-1.));
#164 = DIRECTION('',(-1.,0.,0.));
#165 = CYLINDRICAL_SURFACE('',#166,0.30475);
#166 = AXIS2_PLACEMENT_3D('',#167,#168,#169);
#167 = CARTESIAN_POINT('',(-1.27,-0.635,0.));
#168 = DIRECTION('',(0.,0.,-1.));
#169 = DIRECTION('',(-1.,0.,0.));
#170 = ADVANCED_FACE('',(#171,#174),#178,.F.);
#171 = FACE_BOUND('',#172,.F.);
#172 = EDGE_LOOP('',(#173));
#173 = ORIENTED_EDGE('',*,*,#93,.T.);
#174 = FACE_BOUND('',#175,.F.);
#175 = EDGE_LOOP('',(#176,#177));
#176 = ORIENTED_EDGE('',*,*,#135,.T.);
#177 = ORIENTED_EDGE('',*,*,#159,.T.);
#178 = PLANE('',#179);
#179 = AXIS2_PLACEMENT_3D('',#180,#181,#182);
#180 = CARTESIAN_POINT('',(-1.27,-0.635,0.));
#181 = DIRECTION('',(0.,0.,1.));
#182 = DIRECTION('',(1.,0.,-0.));
#183 = ADVANCED_FACE('',(#184,#187),#191,.T.);
#184 = FACE_BOUND('',#185,.T.);
#185 = EDGE_LOOP('',(#186));
#186 = ORIENTED_EDGE('',*,*,#85,.T.);
#187 = FACE_BOUND('',#188,.T.);
#188 = EDGE_LOOP('',(#189,#190));
#189 = ORIENTED_EDGE('',*,*,#118,.T.);
#190 = ORIENTED_EDGE('',*,*,#151,.T.);
#191 = PLANE('',#192);
#192 = AXIS2_PLACEMENT_3D('',#193,#194,#195);
#193 = CARTESIAN_POINT('',(-1.27,-0.635,1.E-02));
#194 = DIRECTION('',(0.,0.,1.));
#195 = DIRECTION('',(1.,0.,-0.));
#196 = MANIFOLD_SOLID_BREP('',#197);
#197 = CLOSED_SHELL('',(#198,#231,#273,#297,#310));
#198 = ADVANCED_FACE('',(#199),#226,.T.);
#199 = FACE_BOUND('',#200,.F.);
#200 = EDGE_LOOP('',(#201,#211,#218,#219));
#201 = ORIENTED_EDGE('',*,*,#202,.T.);
#202 = EDGE_CURVE('',#203,#205,#207,.T.);
#203 = VERTEX_POINT('',#204);
#204 = CARTESIAN_POINT('',(0.4699,-0.635,0.));
#205 = VERTEX_POINT('',#206);
#206 = CARTESIAN_POINT('',(0.4699,-0.635,1.E-02));
#207 = LINE('',#208,#209);
#208 = CARTESIAN_POINT('',(0.4699,-0.635,0.));
#209 = VECTOR('',#210,1.);
#210 = DIRECTION('',(0.,0.,1.));
#211 = ORIENTED_EDGE('',*,*,#212,.T.);
#212 = EDGE_CURVE('',#205,#205,#213,.T.);
#213 = CIRCLE('',#214,0.4699);
#214 = AXIS2_PLACEMENT_3D('',#215,#216,#217);
#215 = CARTESIAN_POINT('',(0.,-0.635,1.E-02));
#216 = DIRECTION('',(0.,0.,1.));
#217 = DIRECTION('',(1.,0.,0.));
#218 = ORIENTED_EDGE('',*,*,#202,.F.);
#219 = ORIENTED_EDGE('',*,*,#220,.F.);
#220 = EDGE_CURVE('',#203,#203,#221,.T.);
#221 = CIRCLE('',#222,0.4699);
#222 = AXIS2_PLACEMENT_3D('',#223,#224,#225);
#223 = CARTESIAN_POINT('',(0.,-0.635,0.));
#224 = DIRECTION('',(0.,0.,1.));
#225 = DIRECTION('',(1.,0.,0.));
#226 = CYLINDRICAL_SURFACE('',#227,0.4699);
#227 = AXIS2_PLACEMENT_3D('',#228,#229,#230);
#228 = CARTESIAN_POINT('',(0.,-0.635,0.));
#229 = DIRECTION('',(-0.,-0.,-1.));
#230 = DIRECTION('',(1.,0.,0.));
#231 = ADVANCED_FACE('',(#232),#268,.F.);
#232 = FACE_BOUND('',#233,.F.);
#233 = EDGE_LOOP('',(#234,#244,#253,#261));
#234 = ORIENTED_EDGE('',*,*,#235,.T.);
#235 = EDGE_CURVE('',#236,#238,#240,.T.);
#236 = VERTEX_POINT('',#237);
#237 = CARTESIAN_POINT('',(-6.409875621279E-17,-0.33025,0.));
#238 = VERTEX_POINT('',#239);
#239 = CARTESIAN_POINT('',(-6.409875621279E-17,-0.33025,1.E-02));
#240 = LINE('',#241,#242);
#241 = CARTESIAN_POINT('',(-6.409875621279E-17,-0.33025,0.));
#242 = VECTOR('',#243,1.);
#243 = DIRECTION('',(0.,0.,1.));
#244 = ORIENTED_EDGE('',*,*,#245,.T.);
#245 = EDGE_CURVE('',#238,#246,#248,.T.);
#246 = VERTEX_POINT('',#247);
#247 = CARTESIAN_POINT('',(-6.409875621279E-17,-0.93975,1.E-02));
#248 = CIRCLE('',#249,0.30475);
#249 = AXIS2_PLACEMENT_3D('',#250,#251,#252);
#250 = CARTESIAN_POINT('',(1.711304256127E-17,-0.635,1.E-02));
#251 = DIRECTION('',(0.,0.,-1.));
#252 = DIRECTION('',(-1.,0.,0.));
#253 = ORIENTED_EDGE('',*,*,#254,.F.);
#254 = EDGE_CURVE('',#255,#246,#257,.T.);
#255 = VERTEX_POINT('',#256);
#256 = CARTESIAN_POINT('',(-6.409875621279E-17,-0.93975,0.));
#257 = LINE('',#258,#259);
#258 = CARTESIAN_POINT('',(-6.409875621279E-17,-0.93975,0.));
#259 = VECTOR('',#260,1.);
#260 = DIRECTION('',(0.,0.,1.));
#261 = ORIENTED_EDGE('',*,*,#262,.F.);
#262 = EDGE_CURVE('',#236,#255,#263,.T.);
#263 = CIRCLE('',#264,0.30475);
#264 = AXIS2_PLACEMENT_3D('',#265,#266,#267);
#265 = CARTESIAN_POINT('',(1.711304256127E-17,-0.635,0.));
#266 = DIRECTION('',(0.,0.,-1.));
#267 = DIRECTION('',(-1.,0.,0.));
#268 = CYLINDRICAL_SURFACE('',#269,0.30475);
#269 = AXIS2_PLACEMENT_3D('',#270,#271,#272);
#270 = CARTESIAN_POINT('',(1.711304256127E-17,-0.635,0.));
#271 = DIRECTION('',(0.,0.,-1.));
#272 = DIRECTION('',(-1.,0.,0.));
#273 = ADVANCED_FACE('',(#274),#292,.F.);
#274 = FACE_BOUND('',#275,.F.);
#275 = EDGE_LOOP('',(#276,#277,#284,#285));
#276 = ORIENTED_EDGE('',*,*,#254,.T.);
#277 = ORIENTED_EDGE('',*,*,#278,.T.);
#278 = EDGE_CURVE('',#246,#238,#279,.T.);
#279 = CIRCLE('',#280,0.30475);
#280 = AXIS2_PLACEMENT_3D('',#281,#282,#283);
#281 = CARTESIAN_POINT('',(1.000000162247E-07,-0.635,1.E-02));
#282 = DIRECTION('',(0.,0.,-1.));
#283 = DIRECTION('',(-1.,0.,0.));
#284 = ORIENTED_EDGE('',*,*,#235,.F.);
#285 = ORIENTED_EDGE('',*,*,#286,.F.);
#286 = EDGE_CURVE('',#255,#236,#287,.T.);
#287 = CIRCLE('',#288,0.30475);
#288 = AXIS2_PLACEMENT_3D('',#289,#290,#291);
#289 = CARTESIAN_POINT('',(1.000000162247E-07,-0.635,0.));
#290 = DIRECTION('',(0.,0.,-1.));
#291 = DIRECTION('',(-1.,0.,0.));
#292 = CYLINDRICAL_SURFACE('',#293,0.30475);
#293 = AXIS2_PLACEMENT_3D('',#294,#295,#296);
#294 = CARTESIAN_POINT('',(1.000000162247E-07,-0.635,0.));
#295 = DIRECTION('',(0.,0.,-1.));
#296 = DIRECTION('',(-1.,0.,0.));
#297 = ADVANCED_FACE('',(#298,#301),#305,.F.);
#298 = FACE_BOUND('',#299,.F.);
#299 = EDGE_LOOP('',(#300));
#300 = ORIENTED_EDGE('',*,*,#220,.T.);
#301 = FACE_BOUND('',#302,.F.);
#302 = EDGE_LOOP('',(#303,#304));
#303 = ORIENTED_EDGE('',*,*,#262,.T.);
#304 = ORIENTED_EDGE('',*,*,#286,.T.);
#305 = PLANE('',#306);
#306 = AXIS2_PLACEMENT_3D('',#307,#308,#309);
#307 = CARTESIAN_POINT('',(-3.41023389087E-17,-0.635,0.));
#308 = DIRECTION('',(0.,0.,1.));
#309 = DIRECTION('',(1.,0.,-0.));
#310 = ADVANCED_FACE('',(#311,#314),#318,.T.);
#311 = FACE_BOUND('',#312,.T.);
#312 = EDGE_LOOP('',(#313));
#313 = ORIENTED_EDGE('',*,*,#212,.T.);
#314 = FACE_BOUND('',#315,.T.);
#315 = EDGE_LOOP('',(#316,#317));
#316 = ORIENTED_EDGE('',*,*,#245,.T.);
#317 = ORIENTED_EDGE('',*,*,#278,.T.);
#318 = PLANE('',#319);
#319 = AXIS2_PLACEMENT_3D('',#320,#321,#322);
#320 = CARTESIAN_POINT('',(-3.41023389087E-17,-0.635,1.E-02));
#321 = DIRECTION('',(0.,0.,1.));
#322 = DIRECTION('',(1.,0.,-0.));
#323 = MANIFOLD_SOLID_BREP('',#324);
#324 = CLOSED_SHELL('',(#325,#358,#400,#424,#437));
#325 = ADVANCED_FACE('',(#326),#353,.T.);
#326 = FACE_BOUND('',#327,.F.);
#327 = EDGE_LOOP('',(#328,#338,#345,#346));
#328 = ORIENTED_EDGE('',*,*,#329,.T.);
#329 = EDGE_CURVE('',#330,#332,#334,.T.);
#330 = VERTEX_POINT('',#331);
#331 = CARTESIAN_POINT('',(1.7399,-0.635,0.));
#332 = VERTEX_POINT('',#333);
#333 = CARTESIAN_POINT('',(1.7399,-0.635,1.E-02));
#334 = LINE('',#335,#336);
#335 = CARTESIAN_POINT('',(1.7399,-0.635,0.));
#336 = VECTOR('',#337,1.);
#337 = DIRECTION('',(0.,0.,1.));
#338 = ORIENTED_EDGE('',*,*,#339,.T.);
#339 = EDGE_CURVE('',#332,#332,#340,.T.);
#340 = CIRCLE('',#341,0.4699);
#341 = AXIS2_PLACEMENT_3D('',#342,#343,#344);
#342 = CARTESIAN_POINT('',(1.27,-0.635,1.E-02));
#343 = DIRECTION('',(0.,0.,1.));
#344 = DIRECTION('',(1.,0.,0.));
#345 = ORIENTED_EDGE('',*,*,#329,.F.);
#346 = ORIENTED_EDGE('',*,*,#347,.F.);
#347 = EDGE_CURVE('',#330,#330,#348,.T.);
#348 = CIRCLE('',#349,0.4699);
#349 = AXIS2_PLACEMENT_3D('',#350,#351,#352);
#350 = CARTESIAN_POINT('',(1.27,-0.635,0.));
#351 = DIRECTION('',(0.,0.,1.));
#352 = DIRECTION('',(1.,0.,0.));
#353 = CYLINDRICAL_SURFACE('',#354,0.4699);
#354 = AXIS2_PLACEMENT_3D('',#355,#356,#357);
#355 = CARTESIAN_POINT('',(1.27,-0.635,0.));
#356 = DIRECTION('',(-0.,-0.,-1.));
#357 = DIRECTION('',(1.,0.,0.));
#358 = ADVANCED_FACE('',(#359),#395,.F.);
#359 = FACE_BOUND('',#360,.F.);
#360 = EDGE_LOOP('',(#361,#371,#380,#388));
#361 = ORIENTED_EDGE('',*,*,#362,.T.);
#362 = EDGE_CURVE('',#363,#365,#367,.T.);
#363 = VERTEX_POINT('',#364);
#364 = CARTESIAN_POINT('',(1.27,-0.33025,0.));
#365 = VERTEX_POINT('',#366);
#366 = CARTESIAN_POINT('',(1.27,-0.33025,1.E-02));
#367 = LINE('',#368,#369);
#368 = CARTESIAN_POINT('',(1.27,-0.33025,0.));
#369 = VECTOR('',#370,1.);
#370 = DIRECTION('',(0.,0.,1.));
#371 = ORIENTED_EDGE('',*,*,#372,.T.);
#372 = EDGE_CURVE('',#365,#373,#375,.T.);
#373 = VERTEX_POINT('',#374);
#374 = CARTESIAN_POINT('',(1.27,-0.93975,1.E-02));
#375 = CIRCLE('',#376,0.30475);
#376 = AXIS2_PLACEMENT_3D('',#377,#378,#379);
#377 = CARTESIAN_POINT('',(1.27,-0.635,1.E-02));
#378 = DIRECTION('',(0.,0.,-1.));
#379 = DIRECTION('',(-1.,0.,0.));
#380 = ORIENTED_EDGE('',*,*,#381,.F.);
#381 = EDGE_CURVE('',#382,#373,#384,.T.);
#382 = VERTEX_POINT('',#383);
#383 = CARTESIAN_POINT('',(1.27,-0.93975,0.));
#384 = LINE('',#385,#386);
#385 = CARTESIAN_POINT('',(1.27,-0.93975,0.));
#386 = VECTOR('',#387,1.);
#387 = DIRECTION('',(0.,0.,1.));
#388 = ORIENTED_EDGE('',*,*,#389,.F.);
#389 = EDGE_CURVE('',#363,#382,#390,.T.);
#390 = CIRCLE('',#391,0.30475);
#391 = AXIS2_PLACEMENT_3D('',#392,#393,#394);
#392 = CARTESIAN_POINT('',(1.27,-0.635,0.));
#393 = DIRECTION('',(0.,0.,-1.));
#394 = DIRECTION('',(-1.,0.,0.));
#395 = CYLINDRICAL_SURFACE('',#396,0.30475);
#396 = AXIS2_PLACEMENT_3D('',#397,#398,#399);
#397 = CARTESIAN_POINT('',(1.27,-0.635,0.));
#398 = DIRECTION('',(0.,0.,-1.));
#399 = DIRECTION('',(-1.,0.,0.));
#400 = ADVANCED_FACE('',(#401),#419,.F.);
#401 = FACE_BOUND('',#402,.F.);
#402 = EDGE_LOOP('',(#403,#404,#411,#412));
#403 = ORIENTED_EDGE('',*,*,#381,.T.);
#404 = ORIENTED_EDGE('',*,*,#405,.T.);
#405 = EDGE_CURVE('',#373,#365,#406,.T.);
#406 = CIRCLE('',#407,0.30475);
#407 = AXIS2_PLACEMENT_3D('',#408,#409,#410);
#408 = CARTESIAN_POINT('',(1.27,-0.635,1.E-02));
#409 = DIRECTION('',(0.,0.,-1.));
#410 = DIRECTION('',(-1.,0.,0.));
#411 = ORIENTED_EDGE('',*,*,#362,.F.);
#412 = ORIENTED_EDGE('',*,*,#413,.F.);
#413 = EDGE_CURVE('',#382,#363,#414,.T.);
#414 = CIRCLE('',#415,0.30475);
#415 = AXIS2_PLACEMENT_3D('',#416,#417,#418);
#416 = CARTESIAN_POINT('',(1.27,-0.635,0.));
#417 = DIRECTION('',(0.,0.,-1.));
#418 = DIRECTION('',(-1.,0.,0.));
#419 = CYLINDRICAL_SURFACE('',#420,0.30475);
#420 = AXIS2_PLACEMENT_3D('',#421,#422,#423);
#421 = CARTESIAN_POINT('',(1.27,-0.635,0.));
#422 = DIRECTION('',(0.,0.,-1.));
#423 = DIRECTION('',(-1.,0.,0.));
#424 = ADVANCED_FACE('',(#425,#428),#432,.F.);
#425 = FACE_BOUND('',#426,.F.);
#426 = EDGE_LOOP('',(#427));
#427 = ORIENTED_EDGE('',*,*,#347,.T.);
#428 = FACE_BOUND('',#429,.F.);
#429 = EDGE_LOOP('',(#430,#431));
#430 = ORIENTED_EDGE('',*,*,#389,.T.);
#431 = ORIENTED_EDGE('',*,*,#413,.T.);
#432 = PLANE('',#433);
#433 = AXIS2_PLACEMENT_3D('',#434,#435,#436);
#434 = CARTESIAN_POINT('',(1.27,-0.635,0.));
#435 = DIRECTION('',(0.,0.,1.));
#436 = DIRECTION('',(1.,0.,-0.));
#437 = ADVANCED_FACE('',(#438,#441),#445,.T.);
#438 = FACE_BOUND('',#439,.T.);
#439 = EDGE_LOOP('',(#440));
#440 = ORIENTED_EDGE('',*,*,#339,.T.);
#441 = FACE_BOUND('',#442,.T.);
#442 = EDGE_LOOP('',(#443,#444));
#443 = ORIENTED_EDGE('',*,*,#372,.T.);
#444 = ORIENTED_EDGE('',*,*,#405,.T.);
#445 = PLANE('',#446);
#446 = AXIS2_PLACEMENT_3D('',#447,#448,#449);
#447 = CARTESIAN_POINT('',(1.27,-0.635,1.E-02));
#448 = DIRECTION('',(0.,0.,1.));
#449 = DIRECTION('',(1.,0.,-0.));
#450 = MANIFOLD_SOLID_BREP('',#451);
#451 = CLOSED_SHELL('',(#452,#485,#527,#551,#564));
#452 = ADVANCED_FACE('',(#453),#480,.T.);
#453 = FACE_BOUND('',#454,.F.);
#454 = EDGE_LOOP('',(#455,#465,#472,#473));
#455 = ORIENTED_EDGE('',*,*,#456,.T.);
#456 = EDGE_CURVE('',#457,#459,#461,.T.);
#457 = VERTEX_POINT('',#458);
#458 = CARTESIAN_POINT('',(1.7399,0.635,0.));
#459 = VERTEX_POINT('',#460);
#460 = CARTESIAN_POINT('',(1.7399,0.635,1.E-02));
#461 = LINE('',#462,#463);
#462 = CARTESIAN_POINT('',(1.7399,0.635,0.));
#463 = VECTOR('',#464,1.);
#464 = DIRECTION('',(0.,0.,1.));
#465 = ORIENTED_EDGE('',*,*,#466,.T.);
#466 = EDGE_CURVE('',#459,#459,#467,.T.);
#467 = CIRCLE('',#468,0.4699);
#468 = AXIS2_PLACEMENT_3D('',#469,#470,#471);
#469 = CARTESIAN_POINT('',(1.27,0.635,1.E-02));
#470 = DIRECTION('',(0.,0.,1.));
#471 = DIRECTION('',(1.,0.,0.));
#472 = ORIENTED_EDGE('',*,*,#456,.F.);
#473 = ORIENTED_EDGE('',*,*,#474,.F.);
#474 = EDGE_CURVE('',#457,#457,#475,.T.);
#475 = CIRCLE('',#476,0.4699);
#476 = AXIS2_PLACEMENT_3D('',#477,#478,#479);
#477 = CARTESIAN_POINT('',(1.27,0.635,0.));
#478 = DIRECTION('',(0.,0.,1.));
#479 = DIRECTION('',(1.,0.,0.));
#480 = CYLINDRICAL_SURFACE('',#481,0.4699);
#481 = AXIS2_PLACEMENT_3D('',#482,#483,#484);
#482 = CARTESIAN_POINT('',(1.27,0.635,0.));
#483 = DIRECTION('',(-0.,-0.,-1.));
#484 = DIRECTION('',(1.,0.,0.));
#485 = ADVANCED_FACE('',(#486),#522,.F.);
#486 = FACE_BOUND('',#487,.F.);
#487 = EDGE_LOOP('',(#488,#498,#507,#515));
#488 = ORIENTED_EDGE('',*,*,#489,.T.);
#489 = EDGE_CURVE('',#490,#492,#494,.T.);
#490 = VERTEX_POINT('',#491);
#491 = CARTESIAN_POINT('',(1.27,0.93975,0.));
#492 = VERTEX_POINT('',#493);
#493 = CARTESIAN_POINT('',(1.27,0.93975,1.E-02));
#494 = LINE('',#495,#496);
#495 = CARTESIAN_POINT('',(1.27,0.93975,0.));
#496 = VECTOR('',#497,1.);
#497 = DIRECTION('',(0.,0.,1.));
#498 = ORIENTED_EDGE('',*,*,#499,.T.);
#499 = EDGE_CURVE('',#492,#500,#502,.T.);
#500 = VERTEX_POINT('',#501);
#501 = CARTESIAN_POINT('',(1.27,0.3302499,1.E-02));
#502 = CIRCLE('',#503,0.30475005);
#503 = AXIS2_PLACEMENT_3D('',#504,#505,#506);
#504 = CARTESIAN_POINT('',(1.26999995,0.63499995,1.E-02));
#505 = DIRECTION('',(0.,0.,-1.));
#506 = DIRECTION('',(-1.,0.,0.));
#507 = ORIENTED_EDGE('',*,*,#508,.F.);
#508 = EDGE_CURVE('',#509,#500,#511,.T.);
#509 = VERTEX_POINT('',#510);
#510 = CARTESIAN_POINT('',(1.27,0.3302499,0.));
#511 = LINE('',#512,#513);
#512 = CARTESIAN_POINT('',(1.27,0.3302499,0.));
#513 = VECTOR('',#514,1.);
#514 = DIRECTION('',(0.,0.,1.));
#515 = ORIENTED_EDGE('',*,*,#516,.F.);
#516 = EDGE_CURVE('',#490,#509,#517,.T.);
#517 = CIRCLE('',#518,0.30475005);
#518 = AXIS2_PLACEMENT_3D('',#519,#520,#521);
#519 = CARTESIAN_POINT('',(1.26999995,0.63499995,0.));
#520 = DIRECTION('',(0.,0.,-1.));
#521 = DIRECTION('',(-1.,0.,0.));
#522 = CYLINDRICAL_SURFACE('',#523,0.30475005);
#523 = AXIS2_PLACEMENT_3D('',#524,#525,#526);
#524 = CARTESIAN_POINT('',(1.26999995,0.63499995,0.));
#525 = DIRECTION('',(0.,0.,-1.));
#526 = DIRECTION('',(-1.,0.,0.));
#527 = ADVANCED_FACE('',(#528),#546,.F.);
#528 = FACE_BOUND('',#529,.F.);
#529 = EDGE_LOOP('',(#530,#531,#538,#539));
#530 = ORIENTED_EDGE('',*,*,#508,.T.);
#531 = ORIENTED_EDGE('',*,*,#532,.T.);
#532 = EDGE_CURVE('',#500,#492,#533,.T.);
#533 = CIRCLE('',#534,0.30475005);
#534 = AXIS2_PLACEMENT_3D('',#535,#536,#537);
#535 = CARTESIAN_POINT('',(1.27000005,0.63499995,1.E-02));
#536 = DIRECTION('',(0.,0.,-1.));
#537 = DIRECTION('',(-1.,0.,0.));
#538 = ORIENTED_EDGE('',*,*,#489,.F.);
#539 = ORIENTED_EDGE('',*,*,#540,.F.);
#540 = EDGE_CURVE('',#509,#490,#541,.T.);
#541 = CIRCLE('',#542,0.30475005);
#542 = AXIS2_PLACEMENT_3D('',#543,#544,#545);
#543 = CARTESIAN_POINT('',(1.27000005,0.63499995,0.));
#544 = DIRECTION('',(0.,0.,-1.));
#545 = DIRECTION('',(-1.,0.,0.));
#546 = CYLINDRICAL_SURFACE('',#547,0.30475005);
#547 = AXIS2_PLACEMENT_3D('',#548,#549,#550);
#548 = CARTESIAN_POINT('',(1.27000005,0.63499995,0.));
#549 = DIRECTION('',(0.,0.,-1.));
#550 = DIRECTION('',(-1.,0.,0.));
#551 = ADVANCED_FACE('',(#552,#555),#559,.F.);
#552 = FACE_BOUND('',#553,.F.);
#553 = EDGE_LOOP('',(#554));
#554 = ORIENTED_EDGE('',*,*,#474,.T.);
#555 = FACE_BOUND('',#556,.F.);
#556 = EDGE_LOOP('',(#557,#558));
#557 = ORIENTED_EDGE('',*,*,#516,.T.);
#558 = ORIENTED_EDGE('',*,*,#540,.T.);
#559 = PLANE('',#560);
#560 = AXIS2_PLACEMENT_3D('',#561,#562,#563);
#561 = CARTESIAN_POINT('',(1.27,0.635,0.));
#562 = DIRECTION('',(0.,0.,1.));
#563 = DIRECTION('',(1.,0.,-0.));
#564 = ADVANCED_FACE('',(#565,#568),#572,.T.);
#565 = FACE_BOUND('',#566,.T.);
#566 = EDGE_LOOP('',(#567));
#567 = ORIENTED_EDGE('',*,*,#466,.T.);
#568 = FACE_BOUND('',#569,.T.);
#569 = EDGE_LOOP('',(#570,#571));
#570 = ORIENTED_EDGE('',*,*,#499,.T.);
#571 = ORIENTED_EDGE('',*,*,#532,.T.);
#572 = PLANE('',#573);
#573 = AXIS2_PLACEMENT_3D('',#574,#575,#576);
#574 = CARTESIAN_POINT('',(1.27,0.635,1.E-02));
#575 = DIRECTION('',(0.,0.,1.));
#576 = DIRECTION('',(1.,0.,-0.));
#577 = MANIFOLD_SOLID_BREP('',#578);
#578 = CLOSED_SHELL('',(#579,#612,#654,#678,#691));
#579 = ADVANCED_FACE('',(#580),#607,.T.);
#580 = FACE_BOUND('',#581,.F.);
#581 = EDGE_LOOP('',(#582,#592,#599,#600));
#582 = ORIENTED_EDGE('',*,*,#583,.T.);
#583 = EDGE_CURVE('',#584,#586,#588,.T.);
#584 = VERTEX_POINT('',#585);
#585 = CARTESIAN_POINT('',(0.4699,0.635,0.));
#586 = VERTEX_POINT('',#587);
#587 = CARTESIAN_POINT('',(0.4699,0.635,1.E-02));
#588 = LINE('',#589,#590);
#589 = CARTESIAN_POINT('',(0.4699,0.635,0.));
#590 = VECTOR('',#591,1.);
#591 = DIRECTION('',(0.,0.,1.));
#592 = ORIENTED_EDGE('',*,*,#593,.T.);
#593 = EDGE_CURVE('',#586,#586,#594,.T.);
#594 = CIRCLE('',#595,0.4699);
#595 = AXIS2_PLACEMENT_3D('',#596,#597,#598);
#596 = CARTESIAN_POINT('',(0.,0.635,1.E-02));
#597 = DIRECTION('',(0.,0.,1.));
#598 = DIRECTION('',(1.,0.,0.));
#599 = ORIENTED_EDGE('',*,*,#583,.F.);
#600 = ORIENTED_EDGE('',*,*,#601,.F.);
#601 = EDGE_CURVE('',#584,#584,#602,.T.);
#602 = CIRCLE('',#603,0.4699);
#603 = AXIS2_PLACEMENT_3D('',#604,#605,#606);
#604 = CARTESIAN_POINT('',(0.,0.635,0.));
#605 = DIRECTION('',(0.,0.,1.));
#606 = DIRECTION('',(1.,0.,0.));
#607 = CYLINDRICAL_SURFACE('',#608,0.4699);
#608 = AXIS2_PLACEMENT_3D('',#609,#610,#611);
#609 = CARTESIAN_POINT('',(0.,0.635,0.));
#610 = DIRECTION('',(-0.,-0.,-1.));
#611 = DIRECTION('',(1.,0.,0.));
#612 = ADVANCED_FACE('',(#613),#649,.F.);
#613 = FACE_BOUND('',#614,.F.);
#614 = EDGE_LOOP('',(#615,#625,#634,#642));
#615 = ORIENTED_EDGE('',*,*,#616,.T.);
#616 = EDGE_CURVE('',#617,#619,#621,.T.);
#617 = VERTEX_POINT('',#618);
#618 = CARTESIAN_POINT('',(-6.409875621279E-17,0.9397499,0.));
#619 = VERTEX_POINT('',#620);
#620 = CARTESIAN_POINT('',(-6.409875621279E-17,0.9397499,1.E-02));
#621 = LINE('',#622,#623);
#622 = CARTESIAN_POINT('',(-6.409875621279E-17,0.9397499,0.));
#623 = VECTOR('',#624,1.);
#624 = DIRECTION('',(0.,0.,1.));
#625 = ORIENTED_EDGE('',*,*,#626,.T.);
#626 = EDGE_CURVE('',#619,#627,#629,.T.);
#627 = VERTEX_POINT('',#628);
#628 = CARTESIAN_POINT('',(-6.409875621279E-17,0.3302499,1.E-02));
#629 = CIRCLE('',#630,0.30475);
#630 = AXIS2_PLACEMENT_3D('',#631,#632,#633);
#631 = CARTESIAN_POINT('',(-3.750775280605E-17,0.6349999,1.E-02));
#632 = DIRECTION('',(0.,0.,-1.));
#633 = DIRECTION('',(-1.,0.,0.));
#634 = ORIENTED_EDGE('',*,*,#635,.F.);
#635 = EDGE_CURVE('',#636,#627,#638,.T.);
#636 = VERTEX_POINT('',#637);
#637 = CARTESIAN_POINT('',(-6.409875621279E-17,0.3302499,0.));
#638 = LINE('',#639,#640);
#639 = CARTESIAN_POINT('',(-6.409875621279E-17,0.3302499,0.));
#640 = VECTOR('',#641,1.);
#641 = DIRECTION('',(0.,0.,1.));
#642 = ORIENTED_EDGE('',*,*,#643,.F.);
#643 = EDGE_CURVE('',#617,#636,#644,.T.);
#644 = CIRCLE('',#645,0.30475);
#645 = AXIS2_PLACEMENT_3D('',#646,#647,#648);
#646 = CARTESIAN_POINT('',(-3.750775280605E-17,0.6349999,0.));
#647 = DIRECTION('',(0.,0.,-1.));
#648 = DIRECTION('',(-1.,0.,0.));
#649 = CYLINDRICAL_SURFACE('',#650,0.30475);
#650 = AXIS2_PLACEMENT_3D('',#651,#652,#653);
#651 = CARTESIAN_POINT('',(-3.750775280605E-17,0.6349999,0.));
#652 = DIRECTION('',(0.,0.,-1.));
#653 = DIRECTION('',(-1.,0.,0.));
#654 = ADVANCED_FACE('',(#655),#673,.F.);
#655 = FACE_BOUND('',#656,.F.);
#656 = EDGE_LOOP('',(#657,#658,#665,#666));
#657 = ORIENTED_EDGE('',*,*,#635,.T.);
#658 = ORIENTED_EDGE('',*,*,#659,.T.);
#659 = EDGE_CURVE('',#627,#619,#660,.T.);
#660 = CIRCLE('',#661,0.30475);
#661 = AXIS2_PLACEMENT_3D('',#662,#663,#664);
#662 = CARTESIAN_POINT('',(1.000000163266E-07,0.6349999,1.E-02));
#663 = DIRECTION('',(0.,0.,-1.));
#664 = DIRECTION('',(-1.,0.,0.));
#665 = ORIENTED_EDGE('',*,*,#616,.F.);
#666 = ORIENTED_EDGE('',*,*,#667,.F.);
#667 = EDGE_CURVE('',#636,#617,#668,.T.);
#668 = CIRCLE('',#669,0.30475);
#669 = AXIS2_PLACEMENT_3D('',#670,#671,#672);
#670 = CARTESIAN_POINT('',(1.000000163266E-07,0.6349999,0.));
#671 = DIRECTION('',(0.,0.,-1.));
#672 = DIRECTION('',(-1.,0.,0.));
#673 = CYLINDRICAL_SURFACE('',#674,0.30475);
#674 = AXIS2_PLACEMENT_3D('',#675,#676,#677);
#675 = CARTESIAN_POINT('',(1.000000163266E-07,0.6349999,0.));
#676 = DIRECTION('',(0.,0.,-1.));
#677 = DIRECTION('',(-1.,0.,0.));
#678 = ADVANCED_FACE('',(#679,#682),#686,.F.);
#679 = FACE_BOUND('',#680,.F.);
#680 = EDGE_LOOP('',(#681));
#681 = ORIENTED_EDGE('',*,*,#601,.T.);
#682 = FACE_BOUND('',#683,.F.);
#683 = EDGE_LOOP('',(#684,#685));
#684 = ORIENTED_EDGE('',*,*,#643,.T.);
#685 = ORIENTED_EDGE('',*,*,#667,.T.);
#686 = PLANE('',#687);
#687 = AXIS2_PLACEMENT_3D('',#688,#689,#690);
#688 = CARTESIAN_POINT('',(-1.13674463029E-17,0.635,0.));
#689 = DIRECTION('',(0.,0.,1.));
#690 = DIRECTION('',(1.,0.,-0.));
#691 = ADVANCED_FACE('',(#692,#695),#699,.T.);
#692 = FACE_BOUND('',#693,.T.);
#693 = EDGE_LOOP('',(#694));
#694 = ORIENTED_EDGE('',*,*,#593,.T.);
#695 = FACE_BOUND('',#696,.T.);
#696 = EDGE_LOOP('',(#697,#698));
#697 = ORIENTED_EDGE('',*,*,#626,.T.);
#698 = ORIENTED_EDGE('',*,*,#659,.T.);
#699 = PLANE('',#700);
#700 = AXIS2_PLACEMENT_3D('',#701,#702,#703);
#701 = CARTESIAN_POINT('',(-1.13674463029E-17,0.635,1.E-02));
#702 = DIRECTION('',(0.,0.,1.));
#703 = DIRECTION('',(1.,0.,-0.));
#704 = MANIFOLD_SOLID_BREP('',#705);
#705 = CLOSED_SHELL('',(#706,#739,#781,#805,#818));
#706 = ADVANCED_FACE('',(#707),#734,.T.);
#707 = FACE_BOUND('',#708,.F.);
#708 = EDGE_LOOP('',(#709,#719,#726,#727));
#709 = ORIENTED_EDGE('',*,*,#710,.T.);
#710 = EDGE_CURVE('',#711,#713,#715,.T.);
#711 = VERTEX_POINT('',#712);
#712 = CARTESIAN_POINT('',(-0.8001,0.635,0.));
#713 = VERTEX_POINT('',#714);
#714 = CARTESIAN_POINT('',(-0.8001,0.635,1.E-02));
#715 = LINE('',#716,#717);
#716 = CARTESIAN_POINT('',(-0.8001,0.635,0.));
#717 = VECTOR('',#718,1.);
#718 = DIRECTION('',(0.,0.,1.));
#719 = ORIENTED_EDGE('',*,*,#720,.T.);
#720 = EDGE_CURVE('',#713,#713,#721,.T.);
#721 = CIRCLE('',#722,0.4699);
#722 = AXIS2_PLACEMENT_3D('',#723,#724,#725);
#723 = CARTESIAN_POINT('',(-1.27,0.635,1.E-02));
#724 = DIRECTION('',(0.,0.,1.));
#725 = DIRECTION('',(1.,0.,0.));
#726 = ORIENTED_EDGE('',*,*,#710,.F.);
#727 = ORIENTED_EDGE('',*,*,#728,.F.);
#728 = EDGE_CURVE('',#711,#711,#729,.T.);
#729 = CIRCLE('',#730,0.4699);
#730 = AXIS2_PLACEMENT_3D('',#731,#732,#733);
#731 = CARTESIAN_POINT('',(-1.27,0.635,0.));
#732 = DIRECTION('',(0.,0.,1.));
#733 = DIRECTION('',(1.,0.,0.));
#734 = CYLINDRICAL_SURFACE('',#735,0.4699);
#735 = AXIS2_PLACEMENT_3D('',#736,#737,#738);
#736 = CARTESIAN_POINT('',(-1.27,0.635,0.));
#737 = DIRECTION('',(-0.,-0.,-1.));
#738 = DIRECTION('',(1.,0.,0.));
#739 = ADVANCED_FACE('',(#740),#776,.F.);
#740 = FACE_BOUND('',#741,.F.);
#741 = EDGE_LOOP('',(#742,#752,#761,#769));
#742 = ORIENTED_EDGE('',*,*,#743,.T.);
#743 = EDGE_CURVE('',#744,#746,#748,.T.);
#744 = VERTEX_POINT('',#745);
#745 = CARTESIAN_POINT('',(-1.27,0.93975,0.));
#746 = VERTEX_POINT('',#747);
#747 = CARTESIAN_POINT('',(-1.27,0.93975,1.E-02));
#748 = LINE('',#749,#750);
#749 = CARTESIAN_POINT('',(-1.27,0.93975,0.));
#750 = VECTOR('',#751,1.);
#751 = DIRECTION('',(0.,0.,1.));
#752 = ORIENTED_EDGE('',*,*,#753,.T.);
#753 = EDGE_CURVE('',#746,#754,#756,.T.);
#754 = VERTEX_POINT('',#755);
#755 = CARTESIAN_POINT('',(-1.2699999,0.3302499,1.E-02));
#756 = CIRCLE('',#757,0.30475005);
#757 = AXIS2_PLACEMENT_3D('',#758,#759,#760);
#758 = CARTESIAN_POINT('',(-1.27000005,0.63499995,1.E-02));
#759 = DIRECTION('',(0.,0.,-1.));
#760 = DIRECTION('',(-1.,0.,0.));
#761 = ORIENTED_EDGE('',*,*,#762,.F.);
#762 = EDGE_CURVE('',#763,#754,#765,.T.);
#763 = VERTEX_POINT('',#764);
#764 = CARTESIAN_POINT('',(-1.2699999,0.3302499,0.));
#765 = LINE('',#766,#767);
#766 = CARTESIAN_POINT('',(-1.2699999,0.3302499,0.));
#767 = VECTOR('',#768,1.);
#768 = DIRECTION('',(0.,0.,1.));
#769 = ORIENTED_EDGE('',*,*,#770,.F.);
#770 = EDGE_CURVE('',#744,#763,#771,.T.);
#771 = CIRCLE('',#772,0.30475005);
#772 = AXIS2_PLACEMENT_3D('',#773,#774,#775);
#773 = CARTESIAN_POINT('',(-1.27000005,0.63499995,0.));
#774 = DIRECTION('',(0.,0.,-1.));
#775 = DIRECTION('',(-1.,0.,0.));
#776 = CYLINDRICAL_SURFACE('',#777,0.30475005);
#777 = AXIS2_PLACEMENT_3D('',#778,#779,#780);
#778 = CARTESIAN_POINT('',(-1.27000005,0.63499995,0.));
#779 = DIRECTION('',(0.,0.,-1.));
#780 = DIRECTION('',(-1.,0.,0.));
#781 = ADVANCED_FACE('',(#782),#800,.F.);
#782 = FACE_BOUND('',#783,.F.);
#783 = EDGE_LOOP('',(#784,#785,#792,#793));
#784 = ORIENTED_EDGE('',*,*,#762,.T.);
#785 = ORIENTED_EDGE('',*,*,#786,.T.);
#786 = EDGE_CURVE('',#754,#746,#787,.T.);
#787 = CIRCLE('',#788,0.30475005);
#788 = AXIS2_PLACEMENT_3D('',#789,#790,#791);
#789 = CARTESIAN_POINT('',(-1.26999995,0.63499995,1.E-02));
#790 = DIRECTION('',(0.,0.,-1.));
#791 = DIRECTION('',(-1.,0.,0.));
#792 = ORIENTED_EDGE('',*,*,#743,.F.);
#793 = ORIENTED_EDGE('',*,*,#794,.F.);
#794 = EDGE_CURVE('',#763,#744,#795,.T.);
#795 = CIRCLE('',#796,0.30475005);
#796 = AXIS2_PLACEMENT_3D('',#797,#798,#799);
#797 = CARTESIAN_POINT('',(-1.26999995,0.63499995,0.));
#798 = DIRECTION('',(0.,0.,-1.));
#799 = DIRECTION('',(-1.,0.,0.));
#800 = CYLINDRICAL_SURFACE('',#801,0.30475005);
#801 = AXIS2_PLACEMENT_3D('',#802,#803,#804);
#802 = CARTESIAN_POINT('',(-1.26999995,0.63499995,0.));
#803 = DIRECTION('',(0.,0.,-1.));
#804 = DIRECTION('',(-1.,0.,0.));
#805 = ADVANCED_FACE('',(#806,#809),#813,.F.);
#806 = FACE_BOUND('',#807,.F.);
#807 = EDGE_LOOP('',(#808));
#808 = ORIENTED_EDGE('',*,*,#728,.T.);
#809 = FACE_BOUND('',#810,.F.);
#810 = EDGE_LOOP('',(#811,#812));
#811 = ORIENTED_EDGE('',*,*,#770,.T.);
#812 = ORIENTED_EDGE('',*,*,#794,.T.);
#813 = PLANE('',#814);
#814 = AXIS2_PLACEMENT_3D('',#815,#816,#817);
#815 = CARTESIAN_POINT('',(-1.27,0.635,0.));
#816 = DIRECTION('',(0.,0.,1.));
#817 = DIRECTION('',(1.,0.,-0.));
#818 = ADVANCED_FACE('',(#819,#822),#826,.T.);
#819 = FACE_BOUND('',#820,.T.);
#820 = EDGE_LOOP('',(#821));
#821 = ORIENTED_EDGE('',*,*,#720,.T.);
#822 = FACE_BOUND('',#823,.T.);
#823 = EDGE_LOOP('',(#824,#825));
#824 = ORIENTED_EDGE('',*,*,#753,.T.);
#825 = ORIENTED_EDGE('',*,*,#786,.T.);
#826 = PLANE('',#827);
#827 = AXIS2_PLACEMENT_3D('',#828,#829,#830);
#828 = CARTESIAN_POINT('',(-1.27,0.635,1.E-02));
#829 = DIRECTION('',(0.,0.,1.));
#830 = DIRECTION('',(1.,0.,-0.));
#831 = ( GEOMETRIC_REPRESENTATION_CONTEXT(3) 
GLOBAL_UNCERTAINTY_ASSIGNED_CONTEXT((#835)) GLOBAL_UNIT_ASSIGNED_CONTEXT
((#832,#833,#834)) REPRESENTATION_CONTEXT('Context #1',
  '3D Context with UNIT and UNCERTAINTY') );
#832 = ( LENGTH_UNIT() NAMED_UNIT(*) SI_UNIT(.MILLI.,.METRE.) );
#833 = ( NAMED_UNIT(*) PLANE_ANGLE_UNIT() SI_UNIT($,.RADIAN.) );
#834 = ( NAMED_UNIT(*) SI_UNIT($,.STERADIAN.) SOLID_ANGLE_UNIT() );
#835 = UNCERTAINTY_MEASURE_WITH_UNIT(LENGTH_MEASURE(1.E-07),#832,
  'distance_accuracy_value','confusion accuracy');
#836 = CONTEXT_DEPENDENT_SHAPE_REPRESENTATION(#837,#839);
#837 = ( REPRESENTATION_RELATIONSHIP('','',#68,#10) 
REPRESENTATION_RELATIONSHIP_WITH_TRANSFORMATION(#838) 
SHAPE_REPRESENTATION_RELATIONSHIP() );
#838 = ITEM_DEFINED_TRANSFORMATION('','',#11,#15);
#839 = PRODUCT_DEFINITION_SHAPE('Placement','Placement of an item',#840
  );
#840 = NEXT_ASSEMBLY_USAGE_OCCURRENCE('1','topPads','',#5,#63,$);
#841 = PRODUCT_RELATED_PRODUCT_CATEGORY('part',$,(#65));
#842 = SHAPE_DEFINITION_REPRESENTATION(#843,#849);
#843 = PRODUCT_DEFINITION_SHAPE('','',#844);
#844 = PRODUCT_DEFINITION('design','',#845,#848);
#845 = PRODUCT_DEFINITION_FORMATION('','',#846);
#846 = PRODUCT('btmPads','btmPads','',(#847));
#847 = PRODUCT_CONTEXT('',#2,'mechanical');
#848 = PRODUCT_DEFINITION_CONTEXT('part definition',#2,'design');
#849 = SHAPE_REPRESENTATION('',(#11,#850,#977,#1104,#1231,#1358,#1485),
  #1612);
#850 = MANIFOLD_SOLID_BREP('',#851);
#851 = CLOSED_SHELL('',(#852,#885,#927,#951,#964));
#852 = ADVANCED_FACE('',(#853),#880,.T.);
#853 = FACE_BOUND('',#854,.F.);
#854 = EDGE_LOOP('',(#855,#865,#872,#873));
#855 = ORIENTED_EDGE('',*,*,#856,.T.);
#856 = EDGE_CURVE('',#857,#859,#861,.T.);
#857 = VERTEX_POINT('',#858);
#858 = CARTESIAN_POINT('',(-0.8001,-0.635,0.));
#859 = VERTEX_POINT('',#860);
#860 = CARTESIAN_POINT('',(-0.8001,-0.635,1.E-02));
#861 = LINE('',#862,#863);
#862 = CARTESIAN_POINT('',(-0.8001,-0.635,0.));
#863 = VECTOR('',#864,1.);
#864 = DIRECTION('',(0.,0.,1.));
#865 = ORIENTED_EDGE('',*,*,#866,.T.);
#866 = EDGE_CURVE('',#859,#859,#867,.T.);
#867 = CIRCLE('',#868,0.4699);
#868 = AXIS2_PLACEMENT_3D('',#869,#870,#871);
#869 = CARTESIAN_POINT('',(-1.27,-0.635,1.E-02));
#870 = DIRECTION('',(0.,0.,1.));
#871 = DIRECTION('',(1.,0.,0.));
#872 = ORIENTED_EDGE('',*,*,#856,.F.);
#873 = ORIENTED_EDGE('',*,*,#874,.F.);
#874 = EDGE_CURVE('',#857,#857,#875,.T.);
#875 = CIRCLE('',#876,0.4699);
#876 = AXIS2_PLACEMENT_3D('',#877,#878,#879);
#877 = CARTESIAN_POINT('',(-1.27,-0.635,0.));
#878 = DIRECTION('',(0.,0.,1.));
#879 = DIRECTION('',(1.,0.,0.));
#880 = CYLINDRICAL_SURFACE('',#881,0.4699);
#881 = AXIS2_PLACEMENT_3D('',#882,#883,#884);
#882 = CARTESIAN_POINT('',(-1.27,-0.635,0.));
#883 = DIRECTION('',(-0.,-0.,-1.));
#884 = DIRECTION('',(1.,0.,0.));
#885 = ADVANCED_FACE('',(#886),#922,.F.);
#886 = FACE_BOUND('',#887,.F.);
#887 = EDGE_LOOP('',(#888,#898,#907,#915));
#888 = ORIENTED_EDGE('',*,*,#889,.T.);
#889 = EDGE_CURVE('',#890,#892,#894,.T.);
#890 = VERTEX_POINT('',#891);
#891 = CARTESIAN_POINT('',(-1.27,-0.33025,0.));
#892 = VERTEX_POINT('',#893);
#893 = CARTESIAN_POINT('',(-1.27,-0.33025,1.E-02));
#894 = LINE('',#895,#896);
#895 = CARTESIAN_POINT('',(-1.27,-0.33025,0.));
#896 = VECTOR('',#897,1.);
#897 = DIRECTION('',(0.,0.,1.));
#898 = ORIENTED_EDGE('',*,*,#899,.T.);
#899 = EDGE_CURVE('',#892,#900,#902,.T.);
#900 = VERTEX_POINT('',#901);
#901 = CARTESIAN_POINT('',(-1.2699999,-0.93975,1.E-02));
#902 = CIRCLE('',#903,0.30475);
#903 = AXIS2_PLACEMENT_3D('',#904,#905,#906);
#904 = CARTESIAN_POINT('',(-1.27,-0.635,1.E-02));
#905 = DIRECTION('',(0.,0.,-1.));
#906 = DIRECTION('',(-1.,0.,0.));
#907 = ORIENTED_EDGE('',*,*,#908,.F.);
#908 = EDGE_CURVE('',#909,#900,#911,.T.);
#909 = VERTEX_POINT('',#910);
#910 = CARTESIAN_POINT('',(-1.2699999,-0.93975,0.));
#911 = LINE('',#912,#913);
#912 = CARTESIAN_POINT('',(-1.2699999,-0.93975,0.));
#913 = VECTOR('',#914,1.);
#914 = DIRECTION('',(0.,0.,1.));
#915 = ORIENTED_EDGE('',*,*,#916,.F.);
#916 = EDGE_CURVE('',#890,#909,#917,.T.);
#917 = CIRCLE('',#918,0.30475);
#918 = AXIS2_PLACEMENT_3D('',#919,#920,#921);
#919 = CARTESIAN_POINT('',(-1.27,-0.635,0.));
#920 = DIRECTION('',(0.,0.,-1.));
#921 = DIRECTION('',(-1.,0.,0.));
#922 = CYLINDRICAL_SURFACE('',#923,0.30475);
#923 = AXIS2_PLACEMENT_3D('',#924,#925,#926);
#924 = CARTESIAN_POINT('',(-1.27,-0.635,0.));
#925 = DIRECTION('',(0.,0.,-1.));
#926 = DIRECTION('',(-1.,0.,0.));
#927 = ADVANCED_FACE('',(#928),#946,.F.);
#928 = FACE_BOUND('',#929,.F.);
#929 = EDGE_LOOP('',(#930,#931,#938,#939));
#930 = ORIENTED_EDGE('',*,*,#908,.T.);
#931 = ORIENTED_EDGE('',*,*,#932,.T.);
#932 = EDGE_CURVE('',#900,#892,#933,.T.);
#933 = CIRCLE('',#934,0.30475);
#934 = AXIS2_PLACEMENT_3D('',#935,#936,#937);
#935 = CARTESIAN_POINT('',(-1.27,-0.635,1.E-02));
#936 = DIRECTION('',(0.,0.,-1.));
#937 = DIRECTION('',(-1.,0.,0.));
#938 = ORIENTED_EDGE('',*,*,#889,.F.);
#939 = ORIENTED_EDGE('',*,*,#940,.F.);
#940 = EDGE_CURVE('',#909,#890,#941,.T.);
#941 = CIRCLE('',#942,0.30475);
#942 = AXIS2_PLACEMENT_3D('',#943,#944,#945);
#943 = CARTESIAN_POINT('',(-1.27,-0.635,0.));
#944 = DIRECTION('',(0.,0.,-1.));
#945 = DIRECTION('',(-1.,0.,0.));
#946 = CYLINDRICAL_SURFACE('',#947,0.30475);
#947 = AXIS2_PLACEMENT_3D('',#948,#949,#950);
#948 = CARTESIAN_POINT('',(-1.27,-0.635,0.));
#949 = DIRECTION('',(0.,0.,-1.));
#950 = DIRECTION('',(-1.,0.,0.));
#951 = ADVANCED_FACE('',(#952,#955),#959,.F.);
#952 = FACE_BOUND('',#953,.F.);
#953 = EDGE_LOOP('',(#954));
#954 = ORIENTED_EDGE('',*,*,#874,.T.);
#955 = FACE_BOUND('',#956,.F.);
#956 = EDGE_LOOP('',(#957,#958));
#957 = ORIENTED_EDGE('',*,*,#916,.T.);
#958 = ORIENTED_EDGE('',*,*,#940,.T.);
#959 = PLANE('',#960);
#960 = AXIS2_PLACEMENT_3D('',#961,#962,#963);
#961 = CARTESIAN_POINT('',(-1.27,-0.635,0.));
#962 = DIRECTION('',(0.,0.,1.));
#963 = DIRECTION('',(1.,0.,-0.));
#964 = ADVANCED_FACE('',(#965,#968),#972,.T.);
#965 = FACE_BOUND('',#966,.T.);
#966 = EDGE_LOOP('',(#967));
#967 = ORIENTED_EDGE('',*,*,#866,.T.);
#968 = FACE_BOUND('',#969,.T.);
#969 = EDGE_LOOP('',(#970,#971));
#970 = ORIENTED_EDGE('',*,*,#899,.T.);
#971 = ORIENTED_EDGE('',*,*,#932,.T.);
#972 = PLANE('',#973);
#973 = AXIS2_PLACEMENT_3D('',#974,#975,#976);
#974 = CARTESIAN_POINT('',(-1.27,-0.635,1.E-02));
#975 = DIRECTION('',(0.,0.,1.));
#976 = DIRECTION('',(1.,0.,-0.));
#977 = MANIFOLD_SOLID_BREP('',#978);
#978 = CLOSED_SHELL('',(#979,#1012,#1054,#1078,#1091));
#979 = ADVANCED_FACE('',(#980),#1007,.T.);
#980 = FACE_BOUND('',#981,.F.);
#981 = EDGE_LOOP('',(#982,#992,#999,#1000));
#982 = ORIENTED_EDGE('',*,*,#983,.T.);
#983 = EDGE_CURVE('',#984,#986,#988,.T.);
#984 = VERTEX_POINT('',#985);
#985 = CARTESIAN_POINT('',(0.4699,-0.635,0.));
#986 = VERTEX_POINT('',#987);
#987 = CARTESIAN_POINT('',(0.4699,-0.635,1.E-02));
#988 = LINE('',#989,#990);
#989 = CARTESIAN_POINT('',(0.4699,-0.635,0.));
#990 = VECTOR('',#991,1.);
#991 = DIRECTION('',(0.,0.,1.));
#992 = ORIENTED_EDGE('',*,*,#993,.T.);
#993 = EDGE_CURVE('',#986,#986,#994,.T.);
#994 = CIRCLE('',#995,0.4699);
#995 = AXIS2_PLACEMENT_3D('',#996,#997,#998);
#996 = CARTESIAN_POINT('',(0.,-0.635,1.E-02));
#997 = DIRECTION('',(0.,0.,1.));
#998 = DIRECTION('',(1.,0.,0.));
#999 = ORIENTED_EDGE('',*,*,#983,.F.);
#1000 = ORIENTED_EDGE('',*,*,#1001,.F.);
#1001 = EDGE_CURVE('',#984,#984,#1002,.T.);
#1002 = CIRCLE('',#1003,0.4699);
#1003 = AXIS2_PLACEMENT_3D('',#1004,#1005,#1006);
#1004 = CARTESIAN_POINT('',(0.,-0.635,0.));
#1005 = DIRECTION('',(0.,0.,1.));
#1006 = DIRECTION('',(1.,0.,0.));
#1007 = CYLINDRICAL_SURFACE('',#1008,0.4699);
#1008 = AXIS2_PLACEMENT_3D('',#1009,#1010,#1011);
#1009 = CARTESIAN_POINT('',(0.,-0.635,0.));
#1010 = DIRECTION('',(-0.,-0.,-1.));
#1011 = DIRECTION('',(1.,0.,0.));
#1012 = ADVANCED_FACE('',(#1013),#1049,.F.);
#1013 = FACE_BOUND('',#1014,.F.);
#1014 = EDGE_LOOP('',(#1015,#1025,#1034,#1042));
#1015 = ORIENTED_EDGE('',*,*,#1016,.T.);
#1016 = EDGE_CURVE('',#1017,#1019,#1021,.T.);
#1017 = VERTEX_POINT('',#1018);
#1018 = CARTESIAN_POINT('',(-6.409875621279E-17,-0.33025,0.));
#1019 = VERTEX_POINT('',#1020);
#1020 = CARTESIAN_POINT('',(-6.409875621279E-17,-0.33025,1.E-02));
#1021 = LINE('',#1022,#1023);
#1022 = CARTESIAN_POINT('',(-6.409875621279E-17,-0.33025,0.));
#1023 = VECTOR('',#1024,1.);
#1024 = DIRECTION('',(0.,0.,1.));
#1025 = ORIENTED_EDGE('',*,*,#1026,.T.);
#1026 = EDGE_CURVE('',#1019,#1027,#1029,.T.);
#1027 = VERTEX_POINT('',#1028);
#1028 = CARTESIAN_POINT('',(-6.409875621279E-17,-0.93975,1.E-02));
#1029 = CIRCLE('',#1030,0.30475);
#1030 = AXIS2_PLACEMENT_3D('',#1031,#1032,#1033);
#1031 = CARTESIAN_POINT('',(1.711304256127E-17,-0.635,1.E-02));
#1032 = DIRECTION('',(0.,0.,-1.));
#1033 = DIRECTION('',(-1.,0.,0.));
#1034 = ORIENTED_EDGE('',*,*,#1035,.F.);
#1035 = EDGE_CURVE('',#1036,#1027,#1038,.T.);
#1036 = VERTEX_POINT('',#1037);
#1037 = CARTESIAN_POINT('',(-6.409875621279E-17,-0.93975,0.));
#1038 = LINE('',#1039,#1040);
#1039 = CARTESIAN_POINT('',(-6.409875621279E-17,-0.93975,0.));
#1040 = VECTOR('',#1041,1.);
#1041 = DIRECTION('',(0.,0.,1.));
#1042 = ORIENTED_EDGE('',*,*,#1043,.F.);
#1043 = EDGE_CURVE('',#1017,#1036,#1044,.T.);
#1044 = CIRCLE('',#1045,0.30475);
#1045 = AXIS2_PLACEMENT_3D('',#1046,#1047,#1048);
#1046 = CARTESIAN_POINT('',(1.711304256127E-17,-0.635,0.));
#1047 = DIRECTION('',(0.,0.,-1.));
#1048 = DIRECTION('',(-1.,0.,0.));
#1049 = CYLINDRICAL_SURFACE('',#1050,0.30475);
#1050 = AXIS2_PLACEMENT_3D('',#1051,#1052,#1053);
#1051 = CARTESIAN_POINT('',(1.711304256127E-17,-0.635,0.));
#1052 = DIRECTION('',(0.,0.,-1.));
#1053 = DIRECTION('',(-1.,0.,0.));
#1054 = ADVANCED_FACE('',(#1055),#1073,.F.);
#1055 = FACE_BOUND('',#1056,.F.);
#1056 = EDGE_LOOP('',(#1057,#1058,#1065,#1066));
#1057 = ORIENTED_EDGE('',*,*,#1035,.T.);
#1058 = ORIENTED_EDGE('',*,*,#1059,.T.);
#1059 = EDGE_CURVE('',#1027,#1019,#1060,.T.);
#1060 = CIRCLE('',#1061,0.30475);
#1061 = AXIS2_PLACEMENT_3D('',#1062,#1063,#1064);
#1062 = CARTESIAN_POINT('',(1.000000162247E-07,-0.635,1.E-02));
#1063 = DIRECTION('',(0.,0.,-1.));
#1064 = DIRECTION('',(-1.,0.,0.));
#1065 = ORIENTED_EDGE('',*,*,#1016,.F.);
#1066 = ORIENTED_EDGE('',*,*,#1067,.F.);
#1067 = EDGE_CURVE('',#1036,#1017,#1068,.T.);
#1068 = CIRCLE('',#1069,0.30475);
#1069 = AXIS2_PLACEMENT_3D('',#1070,#1071,#1072);
#1070 = CARTESIAN_POINT('',(1.000000162247E-07,-0.635,0.));
#1071 = DIRECTION('',(0.,0.,-1.));
#1072 = DIRECTION('',(-1.,0.,0.));
#1073 = CYLINDRICAL_SURFACE('',#1074,0.30475);
#1074 = AXIS2_PLACEMENT_3D('',#1075,#1076,#1077);
#1075 = CARTESIAN_POINT('',(1.000000162247E-07,-0.635,0.));
#1076 = DIRECTION('',(0.,0.,-1.));
#1077 = DIRECTION('',(-1.,0.,0.));
#1078 = ADVANCED_FACE('',(#1079,#1082),#1086,.F.);
#1079 = FACE_BOUND('',#1080,.F.);
#1080 = EDGE_LOOP('',(#1081));
#1081 = ORIENTED_EDGE('',*,*,#1001,.T.);
#1082 = FACE_BOUND('',#1083,.F.);
#1083 = EDGE_LOOP('',(#1084,#1085));
#1084 = ORIENTED_EDGE('',*,*,#1043,.T.);
#1085 = ORIENTED_EDGE('',*,*,#1067,.T.);
#1086 = PLANE('',#1087);
#1087 = AXIS2_PLACEMENT_3D('',#1088,#1089,#1090);
#1088 = CARTESIAN_POINT('',(-3.41023389087E-17,-0.635,0.));
#1089 = DIRECTION('',(0.,0.,1.));
#1090 = DIRECTION('',(1.,0.,-0.));
#1091 = ADVANCED_FACE('',(#1092,#1095),#1099,.T.);
#1092 = FACE_BOUND('',#1093,.T.);
#1093 = EDGE_LOOP('',(#1094));
#1094 = ORIENTED_EDGE('',*,*,#993,.T.);
#1095 = FACE_BOUND('',#1096,.T.);
#1096 = EDGE_LOOP('',(#1097,#1098));
#1097 = ORIENTED_EDGE('',*,*,#1026,.T.);
#1098 = ORIENTED_EDGE('',*,*,#1059,.T.);
#1099 = PLANE('',#1100);
#1100 = AXIS2_PLACEMENT_3D('',#1101,#1102,#1103);
#1101 = CARTESIAN_POINT('',(-3.41023389087E-17,-0.635,1.E-02));
#1102 = DIRECTION('',(0.,0.,1.));
#1103 = DIRECTION('',(1.,0.,-0.));
#1104 = MANIFOLD_SOLID_BREP('',#1105);
#1105 = CLOSED_SHELL('',(#1106,#1139,#1181,#1205,#1218));
#1106 = ADVANCED_FACE('',(#1107),#1134,.T.);
#1107 = FACE_BOUND('',#1108,.F.);
#1108 = EDGE_LOOP('',(#1109,#1119,#1126,#1127));
#1109 = ORIENTED_EDGE('',*,*,#1110,.T.);
#1110 = EDGE_CURVE('',#1111,#1113,#1115,.T.);
#1111 = VERTEX_POINT('',#1112);
#1112 = CARTESIAN_POINT('',(1.7399,-0.635,0.));
#1113 = VERTEX_POINT('',#1114);
#1114 = CARTESIAN_POINT('',(1.7399,-0.635,1.E-02));
#1115 = LINE('',#1116,#1117);
#1116 = CARTESIAN_POINT('',(1.7399,-0.635,0.));
#1117 = VECTOR('',#1118,1.);
#1118 = DIRECTION('',(0.,0.,1.));
#1119 = ORIENTED_EDGE('',*,*,#1120,.T.);
#1120 = EDGE_CURVE('',#1113,#1113,#1121,.T.);
#1121 = CIRCLE('',#1122,0.4699);
#1122 = AXIS2_PLACEMENT_3D('',#1123,#1124,#1125);
#1123 = CARTESIAN_POINT('',(1.27,-0.635,1.E-02));
#1124 = DIRECTION('',(0.,0.,1.));
#1125 = DIRECTION('',(1.,0.,0.));
#1126 = ORIENTED_EDGE('',*,*,#1110,.F.);
#1127 = ORIENTED_EDGE('',*,*,#1128,.F.);
#1128 = EDGE_CURVE('',#1111,#1111,#1129,.T.);
#1129 = CIRCLE('',#1130,0.4699);
#1130 = AXIS2_PLACEMENT_3D('',#1131,#1132,#1133);
#1131 = CARTESIAN_POINT('',(1.27,-0.635,0.));
#1132 = DIRECTION('',(0.,0.,1.));
#1133 = DIRECTION('',(1.,0.,0.));
#1134 = CYLINDRICAL_SURFACE('',#1135,0.4699);
#1135 = AXIS2_PLACEMENT_3D('',#1136,#1137,#1138);
#1136 = CARTESIAN_POINT('',(1.27,-0.635,0.));
#1137 = DIRECTION('',(-0.,-0.,-1.));
#1138 = DIRECTION('',(1.,0.,0.));
#1139 = ADVANCED_FACE('',(#1140),#1176,.F.);
#1140 = FACE_BOUND('',#1141,.F.);
#1141 = EDGE_LOOP('',(#1142,#1152,#1161,#1169));
#1142 = ORIENTED_EDGE('',*,*,#1143,.T.);
#1143 = EDGE_CURVE('',#1144,#1146,#1148,.T.);
#1144 = VERTEX_POINT('',#1145);
#1145 = CARTESIAN_POINT('',(1.27,-0.33025,0.));
#1146 = VERTEX_POINT('',#1147);
#1147 = CARTESIAN_POINT('',(1.27,-0.33025,1.E-02));
#1148 = LINE('',#1149,#1150);
#1149 = CARTESIAN_POINT('',(1.27,-0.33025,0.));
#1150 = VECTOR('',#1151,1.);
#1151 = DIRECTION('',(0.,0.,1.));
#1152 = ORIENTED_EDGE('',*,*,#1153,.T.);
#1153 = EDGE_CURVE('',#1146,#1154,#1156,.T.);
#1154 = VERTEX_POINT('',#1155);
#1155 = CARTESIAN_POINT('',(1.27,-0.93975,1.E-02));
#1156 = CIRCLE('',#1157,0.30475);
#1157 = AXIS2_PLACEMENT_3D('',#1158,#1159,#1160);
#1158 = CARTESIAN_POINT('',(1.27,-0.635,1.E-02));
#1159 = DIRECTION('',(0.,0.,-1.));
#1160 = DIRECTION('',(-1.,0.,0.));
#1161 = ORIENTED_EDGE('',*,*,#1162,.F.);
#1162 = EDGE_CURVE('',#1163,#1154,#1165,.T.);
#1163 = VERTEX_POINT('',#1164);
#1164 = CARTESIAN_POINT('',(1.27,-0.93975,0.));
#1165 = LINE('',#1166,#1167);
#1166 = CARTESIAN_POINT('',(1.27,-0.93975,0.));
#1167 = VECTOR('',#1168,1.);
#1168 = DIRECTION('',(0.,0.,1.));
#1169 = ORIENTED_EDGE('',*,*,#1170,.F.);
#1170 = EDGE_CURVE('',#1144,#1163,#1171,.T.);
#1171 = CIRCLE('',#1172,0.30475);
#1172 = AXIS2_PLACEMENT_3D('',#1173,#1174,#1175);
#1173 = CARTESIAN_POINT('',(1.27,-0.635,0.));
#1174 = DIRECTION('',(0.,0.,-1.));
#1175 = DIRECTION('',(-1.,0.,0.));
#1176 = CYLINDRICAL_SURFACE('',#1177,0.30475);
#1177 = AXIS2_PLACEMENT_3D('',#1178,#1179,#1180);
#1178 = CARTESIAN_POINT('',(1.27,-0.635,0.));
#1179 = DIRECTION('',(0.,0.,-1.));
#1180 = DIRECTION('',(-1.,0.,0.));
#1181 = ADVANCED_FACE('',(#1182),#1200,.F.);
#1182 = FACE_BOUND('',#1183,.F.);
#1183 = EDGE_LOOP('',(#1184,#1185,#1192,#1193));
#1184 = ORIENTED_EDGE('',*,*,#1162,.T.);
#1185 = ORIENTED_EDGE('',*,*,#1186,.T.);
#1186 = EDGE_CURVE('',#1154,#1146,#1187,.T.);
#1187 = CIRCLE('',#1188,0.30475);
#1188 = AXIS2_PLACEMENT_3D('',#1189,#1190,#1191);
#1189 = CARTESIAN_POINT('',(1.27,-0.635,1.E-02));
#1190 = DIRECTION('',(0.,0.,-1.));
#1191 = DIRECTION('',(-1.,0.,0.));
#1192 = ORIENTED_EDGE('',*,*,#1143,.F.);
#1193 = ORIENTED_EDGE('',*,*,#1194,.F.);
#1194 = EDGE_CURVE('',#1163,#1144,#1195,.T.);
#1195 = CIRCLE('',#1196,0.30475);
#1196 = AXIS2_PLACEMENT_3D('',#1197,#1198,#1199);
#1197 = CARTESIAN_POINT('',(1.27,-0.635,0.));
#1198 = DIRECTION('',(0.,0.,-1.));
#1199 = DIRECTION('',(-1.,0.,0.));
#1200 = CYLINDRICAL_SURFACE('',#1201,0.30475);
#1201 = AXIS2_PLACEMENT_3D('',#1202,#1203,#1204);
#1202 = CARTESIAN_POINT('',(1.27,-0.635,0.));
#1203 = DIRECTION('',(0.,0.,-1.));
#1204 = DIRECTION('',(-1.,0.,0.));
#1205 = ADVANCED_FACE('',(#1206,#1209),#1213,.F.);
#1206 = FACE_BOUND('',#1207,.F.);
#1207 = EDGE_LOOP('',(#1208));
#1208 = ORIENTED_EDGE('',*,*,#1128,.T.);
#1209 = FACE_BOUND('',#1210,.F.);
#1210 = EDGE_LOOP('',(#1211,#1212));
#1211 = ORIENTED_EDGE('',*,*,#1170,.T.);
#1212 = ORIENTED_EDGE('',*,*,#1194,.T.);
#1213 = PLANE('',#1214);
#1214 = AXIS2_PLACEMENT_3D('',#1215,#1216,#1217);
#1215 = CARTESIAN_POINT('',(1.27,-0.635,0.));
#1216 = DIRECTION('',(0.,0.,1.));
#1217 = DIRECTION('',(1.,0.,-0.));
#1218 = ADVANCED_FACE('',(#1219,#1222),#1226,.T.);
#1219 = FACE_BOUND('',#1220,.T.);
#1220 = EDGE_LOOP('',(#1221));
#1221 = ORIENTED_EDGE('',*,*,#1120,.T.);
#1222 = FACE_BOUND('',#1223,.T.);
#1223 = EDGE_LOOP('',(#1224,#1225));
#1224 = ORIENTED_EDGE('',*,*,#1153,.T.);
#1225 = ORIENTED_EDGE('',*,*,#1186,.T.);
#1226 = PLANE('',#1227);
#1227 = AXIS2_PLACEMENT_3D('',#1228,#1229,#1230);
#1228 = CARTESIAN_POINT('',(1.27,-0.635,1.E-02));
#1229 = DIRECTION('',(0.,0.,1.));
#1230 = DIRECTION('',(1.,0.,-0.));
#1231 = MANIFOLD_SOLID_BREP('',#1232);
#1232 = CLOSED_SHELL('',(#1233,#1266,#1308,#1332,#1345));
#1233 = ADVANCED_FACE('',(#1234),#1261,.T.);
#1234 = FACE_BOUND('',#1235,.F.);
#1235 = EDGE_LOOP('',(#1236,#1246,#1253,#1254));
#1236 = ORIENTED_EDGE('',*,*,#1237,.T.);
#1237 = EDGE_CURVE('',#1238,#1240,#1242,.T.);
#1238 = VERTEX_POINT('',#1239);
#1239 = CARTESIAN_POINT('',(1.7399,0.635,0.));
#1240 = VERTEX_POINT('',#1241);
#1241 = CARTESIAN_POINT('',(1.7399,0.635,1.E-02));
#1242 = LINE('',#1243,#1244);
#1243 = CARTESIAN_POINT('',(1.7399,0.635,0.));
#1244 = VECTOR('',#1245,1.);
#1245 = DIRECTION('',(0.,0.,1.));
#1246 = ORIENTED_EDGE('',*,*,#1247,.T.);
#1247 = EDGE_CURVE('',#1240,#1240,#1248,.T.);
#1248 = CIRCLE('',#1249,0.4699);
#1249 = AXIS2_PLACEMENT_3D('',#1250,#1251,#1252);
#1250 = CARTESIAN_POINT('',(1.27,0.635,1.E-02));
#1251 = DIRECTION('',(0.,0.,1.));
#1252 = DIRECTION('',(1.,0.,0.));
#1253 = ORIENTED_EDGE('',*,*,#1237,.F.);
#1254 = ORIENTED_EDGE('',*,*,#1255,.F.);
#1255 = EDGE_CURVE('',#1238,#1238,#1256,.T.);
#1256 = CIRCLE('',#1257,0.4699);
#1257 = AXIS2_PLACEMENT_3D('',#1258,#1259,#1260);
#1258 = CARTESIAN_POINT('',(1.27,0.635,0.));
#1259 = DIRECTION('',(0.,0.,1.));
#1260 = DIRECTION('',(1.,0.,0.));
#1261 = CYLINDRICAL_SURFACE('',#1262,0.4699);
#1262 = AXIS2_PLACEMENT_3D('',#1263,#1264,#1265);
#1263 = CARTESIAN_POINT('',(1.27,0.635,0.));
#1264 = DIRECTION('',(-0.,-0.,-1.));
#1265 = DIRECTION('',(1.,0.,0.));
#1266 = ADVANCED_FACE('',(#1267),#1303,.F.);
#1267 = FACE_BOUND('',#1268,.F.);
#1268 = EDGE_LOOP('',(#1269,#1279,#1288,#1296));
#1269 = ORIENTED_EDGE('',*,*,#1270,.T.);
#1270 = EDGE_CURVE('',#1271,#1273,#1275,.T.);
#1271 = VERTEX_POINT('',#1272);
#1272 = CARTESIAN_POINT('',(1.27,0.93975,0.));
#1273 = VERTEX_POINT('',#1274);
#1274 = CARTESIAN_POINT('',(1.27,0.93975,1.E-02));
#1275 = LINE('',#1276,#1277);
#1276 = CARTESIAN_POINT('',(1.27,0.93975,0.));
#1277 = VECTOR('',#1278,1.);
#1278 = DIRECTION('',(0.,0.,1.));
#1279 = ORIENTED_EDGE('',*,*,#1280,.T.);
#1280 = EDGE_CURVE('',#1273,#1281,#1283,.T.);
#1281 = VERTEX_POINT('',#1282);
#1282 = CARTESIAN_POINT('',(1.27,0.3302499,1.E-02));
#1283 = CIRCLE('',#1284,0.30475005);
#1284 = AXIS2_PLACEMENT_3D('',#1285,#1286,#1287);
#1285 = CARTESIAN_POINT('',(1.26999995,0.63499995,1.E-02));
#1286 = DIRECTION('',(0.,0.,-1.));
#1287 = DIRECTION('',(-1.,0.,0.));
#1288 = ORIENTED_EDGE('',*,*,#1289,.F.);
#1289 = EDGE_CURVE('',#1290,#1281,#1292,.T.);
#1290 = VERTEX_POINT('',#1291);
#1291 = CARTESIAN_POINT('',(1.27,0.3302499,0.));
#1292 = LINE('',#1293,#1294);
#1293 = CARTESIAN_POINT('',(1.27,0.3302499,0.));
#1294 = VECTOR('',#1295,1.);
#1295 = DIRECTION('',(0.,0.,1.));
#1296 = ORIENTED_EDGE('',*,*,#1297,.F.);
#1297 = EDGE_CURVE('',#1271,#1290,#1298,.T.);
#1298 = CIRCLE('',#1299,0.30475005);
#1299 = AXIS2_PLACEMENT_3D('',#1300,#1301,#1302);
#1300 = CARTESIAN_POINT('',(1.26999995,0.63499995,0.));
#1301 = DIRECTION('',(0.,0.,-1.));
#1302 = DIRECTION('',(-1.,0.,0.));
#1303 = CYLINDRICAL_SURFACE('',#1304,0.30475005);
#1304 = AXIS2_PLACEMENT_3D('',#1305,#1306,#1307);
#1305 = CARTESIAN_POINT('',(1.26999995,0.63499995,0.));
#1306 = DIRECTION('',(0.,0.,-1.));
#1307 = DIRECTION('',(-1.,0.,0.));
#1308 = ADVANCED_FACE('',(#1309),#1327,.F.);
#1309 = FACE_BOUND('',#1310,.F.);
#1310 = EDGE_LOOP('',(#1311,#1312,#1319,#1320));
#1311 = ORIENTED_EDGE('',*,*,#1289,.T.);
#1312 = ORIENTED_EDGE('',*,*,#1313,.T.);
#1313 = EDGE_CURVE('',#1281,#1273,#1314,.T.);
#1314 = CIRCLE('',#1315,0.30475005);
#1315 = AXIS2_PLACEMENT_3D('',#1316,#1317,#1318);
#1316 = CARTESIAN_POINT('',(1.27000005,0.63499995,1.E-02));
#1317 = DIRECTION('',(0.,0.,-1.));
#1318 = DIRECTION('',(-1.,0.,0.));
#1319 = ORIENTED_EDGE('',*,*,#1270,.F.);
#1320 = ORIENTED_EDGE('',*,*,#1321,.F.);
#1321 = EDGE_CURVE('',#1290,#1271,#1322,.T.);
#1322 = CIRCLE('',#1323,0.30475005);
#1323 = AXIS2_PLACEMENT_3D('',#1324,#1325,#1326);
#1324 = CARTESIAN_POINT('',(1.27000005,0.63499995,0.));
#1325 = DIRECTION('',(0.,0.,-1.));
#1326 = DIRECTION('',(-1.,0.,0.));
#1327 = CYLINDRICAL_SURFACE('',#1328,0.30475005);
#1328 = AXIS2_PLACEMENT_3D('',#1329,#1330,#1331);
#1329 = CARTESIAN_POINT('',(1.27000005,0.63499995,0.));
#1330 = DIRECTION('',(0.,0.,-1.));
#1331 = DIRECTION('',(-1.,0.,0.));
#1332 = ADVANCED_FACE('',(#1333,#1336),#1340,.F.);
#1333 = FACE_BOUND('',#1334,.F.);
#1334 = EDGE_LOOP('',(#1335));
#1335 = ORIENTED_EDGE('',*,*,#1255,.T.);
#1336 = FACE_BOUND('',#1337,.F.);
#1337 = EDGE_LOOP('',(#1338,#1339));
#1338 = ORIENTED_EDGE('',*,*,#1297,.T.);
#1339 = ORIENTED_EDGE('',*,*,#1321,.T.);
#1340 = PLANE('',#1341);
#1341 = AXIS2_PLACEMENT_3D('',#1342,#1343,#1344);
#1342 = CARTESIAN_POINT('',(1.27,0.635,0.));
#1343 = DIRECTION('',(0.,0.,1.));
#1344 = DIRECTION('',(1.,0.,-0.));
#1345 = ADVANCED_FACE('',(#1346,#1349),#1353,.T.);
#1346 = FACE_BOUND('',#1347,.T.);
#1347 = EDGE_LOOP('',(#1348));
#1348 = ORIENTED_EDGE('',*,*,#1247,.T.);
#1349 = FACE_BOUND('',#1350,.T.);
#1350 = EDGE_LOOP('',(#1351,#1352));
#1351 = ORIENTED_EDGE('',*,*,#1280,.T.);
#1352 = ORIENTED_EDGE('',*,*,#1313,.T.);
#1353 = PLANE('',#1354);
#1354 = AXIS2_PLACEMENT_3D('',#1355,#1356,#1357);
#1355 = CARTESIAN_POINT('',(1.27,0.635,1.E-02));
#1356 = DIRECTION('',(0.,0.,1.));
#1357 = DIRECTION('',(1.,0.,-0.));
#1358 = MANIFOLD_SOLID_BREP('',#1359);
#1359 = CLOSED_SHELL('',(#1360,#1393,#1435,#1459,#1472));
#1360 = ADVANCED_FACE('',(#1361),#1388,.T.);
#1361 = FACE_BOUND('',#1362,.F.);
#1362 = EDGE_LOOP('',(#1363,#1373,#1380,#1381));
#1363 = ORIENTED_EDGE('',*,*,#1364,.T.);
#1364 = EDGE_CURVE('',#1365,#1367,#1369,.T.);
#1365 = VERTEX_POINT('',#1366);
#1366 = CARTESIAN_POINT('',(0.4699,0.635,0.));
#1367 = VERTEX_POINT('',#1368);
#1368 = CARTESIAN_POINT('',(0.4699,0.635,1.E-02));
#1369 = LINE('',#1370,#1371);
#1370 = CARTESIAN_POINT('',(0.4699,0.635,0.));
#1371 = VECTOR('',#1372,1.);
#1372 = DIRECTION('',(0.,0.,1.));
#1373 = ORIENTED_EDGE('',*,*,#1374,.T.);
#1374 = EDGE_CURVE('',#1367,#1367,#1375,.T.);
#1375 = CIRCLE('',#1376,0.4699);
#1376 = AXIS2_PLACEMENT_3D('',#1377,#1378,#1379);
#1377 = CARTESIAN_POINT('',(0.,0.635,1.E-02));
#1378 = DIRECTION('',(0.,0.,1.));
#1379 = DIRECTION('',(1.,0.,0.));
#1380 = ORIENTED_EDGE('',*,*,#1364,.F.);
#1381 = ORIENTED_EDGE('',*,*,#1382,.F.);
#1382 = EDGE_CURVE('',#1365,#1365,#1383,.T.);
#1383 = CIRCLE('',#1384,0.4699);
#1384 = AXIS2_PLACEMENT_3D('',#1385,#1386,#1387);
#1385 = CARTESIAN_POINT('',(0.,0.635,0.));
#1386 = DIRECTION('',(0.,0.,1.));
#1387 = DIRECTION('',(1.,0.,0.));
#1388 = CYLINDRICAL_SURFACE('',#1389,0.4699);
#1389 = AXIS2_PLACEMENT_3D('',#1390,#1391,#1392);
#1390 = CARTESIAN_POINT('',(0.,0.635,0.));
#1391 = DIRECTION('',(-0.,-0.,-1.));
#1392 = DIRECTION('',(1.,0.,0.));
#1393 = ADVANCED_FACE('',(#1394),#1430,.F.);
#1394 = FACE_BOUND('',#1395,.F.);
#1395 = EDGE_LOOP('',(#1396,#1406,#1415,#1423));
#1396 = ORIENTED_EDGE('',*,*,#1397,.T.);
#1397 = EDGE_CURVE('',#1398,#1400,#1402,.T.);
#1398 = VERTEX_POINT('',#1399);
#1399 = CARTESIAN_POINT('',(-6.409875621279E-17,0.9397499,0.));
#1400 = VERTEX_POINT('',#1401);
#1401 = CARTESIAN_POINT('',(-6.409875621279E-17,0.9397499,1.E-02));
#1402 = LINE('',#1403,#1404);
#1403 = CARTESIAN_POINT('',(-6.409875621279E-17,0.9397499,0.));
#1404 = VECTOR('',#1405,1.);
#1405 = DIRECTION('',(0.,0.,1.));
#1406 = ORIENTED_EDGE('',*,*,#1407,.T.);
#1407 = EDGE_CURVE('',#1400,#1408,#1410,.T.);
#1408 = VERTEX_POINT('',#1409);
#1409 = CARTESIAN_POINT('',(-6.409875621279E-17,0.3302499,1.E-02));
#1410 = CIRCLE('',#1411,0.30475);
#1411 = AXIS2_PLACEMENT_3D('',#1412,#1413,#1414);
#1412 = CARTESIAN_POINT('',(-3.750775280605E-17,0.6349999,1.E-02));
#1413 = DIRECTION('',(0.,0.,-1.));
#1414 = DIRECTION('',(-1.,0.,0.));
#1415 = ORIENTED_EDGE('',*,*,#1416,.F.);
#1416 = EDGE_CURVE('',#1417,#1408,#1419,.T.);
#1417 = VERTEX_POINT('',#1418);
#1418 = CARTESIAN_POINT('',(-6.409875621279E-17,0.3302499,0.));
#1419 = LINE('',#1420,#1421);
#1420 = CARTESIAN_POINT('',(-6.409875621279E-17,0.3302499,0.));
#1421 = VECTOR('',#1422,1.);
#1422 = DIRECTION('',(0.,0.,1.));
#1423 = ORIENTED_EDGE('',*,*,#1424,.F.);
#1424 = EDGE_CURVE('',#1398,#1417,#1425,.T.);
#1425 = CIRCLE('',#1426,0.30475);
#1426 = AXIS2_PLACEMENT_3D('',#1427,#1428,#1429);
#1427 = CARTESIAN_POINT('',(-3.750775280605E-17,0.6349999,0.));
#1428 = DIRECTION('',(0.,0.,-1.));
#1429 = DIRECTION('',(-1.,0.,0.));
#1430 = CYLINDRICAL_SURFACE('',#1431,0.30475);
#1431 = AXIS2_PLACEMENT_3D('',#1432,#1433,#1434);
#1432 = CARTESIAN_POINT('',(-3.750775280605E-17,0.6349999,0.));
#1433 = DIRECTION('',(0.,0.,-1.));
#1434 = DIRECTION('',(-1.,0.,0.));
#1435 = ADVANCED_FACE('',(#1436),#1454,.F.);
#1436 = FACE_BOUND('',#1437,.F.);
#1437 = EDGE_LOOP('',(#1438,#1439,#1446,#1447));
#1438 = ORIENTED_EDGE('',*,*,#1416,.T.);
#1439 = ORIENTED_EDGE('',*,*,#1440,.T.);
#1440 = EDGE_CURVE('',#1408,#1400,#1441,.T.);
#1441 = CIRCLE('',#1442,0.30475);
#1442 = AXIS2_PLACEMENT_3D('',#1443,#1444,#1445);
#1443 = CARTESIAN_POINT('',(1.000000163266E-07,0.6349999,1.E-02));
#1444 = DIRECTION('',(0.,0.,-1.));
#1445 = DIRECTION('',(-1.,0.,0.));
#1446 = ORIENTED_EDGE('',*,*,#1397,.F.);
#1447 = ORIENTED_EDGE('',*,*,#1448,.F.);
#1448 = EDGE_CURVE('',#1417,#1398,#1449,.T.);
#1449 = CIRCLE('',#1450,0.30475);
#1450 = AXIS2_PLACEMENT_3D('',#1451,#1452,#1453);
#1451 = CARTESIAN_POINT('',(1.000000163266E-07,0.6349999,0.));
#1452 = DIRECTION('',(0.,0.,-1.));
#1453 = DIRECTION('',(-1.,0.,0.));
#1454 = CYLINDRICAL_SURFACE('',#1455,0.30475);
#1455 = AXIS2_PLACEMENT_3D('',#1456,#1457,#1458);
#1456 = CARTESIAN_POINT('',(1.000000163266E-07,0.6349999,0.));
#1457 = DIRECTION('',(0.,0.,-1.));
#1458 = DIRECTION('',(-1.,0.,0.));
#1459 = ADVANCED_FACE('',(#1460,#1463),#1467,.F.);
#1460 = FACE_BOUND('',#1461,.F.);
#1461 = EDGE_LOOP('',(#1462));
#1462 = ORIENTED_EDGE('',*,*,#1382,.T.);
#1463 = FACE_BOUND('',#1464,.F.);
#1464 = EDGE_LOOP('',(#1465,#1466));
#1465 = ORIENTED_EDGE('',*,*,#1424,.T.);
#1466 = ORIENTED_EDGE('',*,*,#1448,.T.);
#1467 = PLANE('',#1468);
#1468 = AXIS2_PLACEMENT_3D('',#1469,#1470,#1471);
#1469 = CARTESIAN_POINT('',(-1.13674463029E-17,0.635,0.));
#1470 = DIRECTION('',(0.,0.,1.));
#1471 = DIRECTION('',(1.,0.,-0.));
#1472 = ADVANCED_FACE('',(#1473,#1476),#1480,.T.);
#1473 = FACE_BOUND('',#1474,.T.);
#1474 = EDGE_LOOP('',(#1475));
#1475 = ORIENTED_EDGE('',*,*,#1374,.T.);
#1476 = FACE_BOUND('',#1477,.T.);
#1477 = EDGE_LOOP('',(#1478,#1479));
#1478 = ORIENTED_EDGE('',*,*,#1407,.T.);
#1479 = ORIENTED_EDGE('',*,*,#1440,.T.);
#1480 = PLANE('',#1481);
#1481 = AXIS2_PLACEMENT_3D('',#1482,#1483,#1484);
#1482 = CARTESIAN_POINT('',(-1.13674463029E-17,0.635,1.E-02));
#1483 = DIRECTION('',(0.,0.,1.));
#1484 = DIRECTION('',(1.,0.,-0.));
#1485 = MANIFOLD_SOLID_BREP('',#1486);
#1486 = CLOSED_SHELL('',(#1487,#1520,#1562,#1586,#1599));
#1487 = ADVANCED_FACE('',(#1488),#1515,.T.);
#1488 = FACE_BOUND('',#1489,.F.);
#1489 = EDGE_LOOP('',(#1490,#1500,#1507,#1508));
#1490 = ORIENTED_EDGE('',*,*,#1491,.T.);
#1491 = EDGE_CURVE('',#1492,#1494,#1496,.T.);
#1492 = VERTEX_POINT('',#1493);
#1493 = CARTESIAN_POINT('',(-0.8001,0.635,0.));
#1494 = VERTEX_POINT('',#1495);
#1495 = CARTESIAN_POINT('',(-0.8001,0.635,1.E-02));
#1496 = LINE('',#1497,#1498);
#1497 = CARTESIAN_POINT('',(-0.8001,0.635,0.));
#1498 = VECTOR('',#1499,1.);
#1499 = DIRECTION('',(0.,0.,1.));
#1500 = ORIENTED_EDGE('',*,*,#1501,.T.);
#1501 = EDGE_CURVE('',#1494,#1494,#1502,.T.);
#1502 = CIRCLE('',#1503,0.4699);
#1503 = AXIS2_PLACEMENT_3D('',#1504,#1505,#1506);
#1504 = CARTESIAN_POINT('',(-1.27,0.635,1.E-02));
#1505 = DIRECTION('',(0.,0.,1.));
#1506 = DIRECTION('',(1.,0.,0.));
#1507 = ORIENTED_EDGE('',*,*,#1491,.F.);
#1508 = ORIENTED_EDGE('',*,*,#1509,.F.);
#1509 = EDGE_CURVE('',#1492,#1492,#1510,.T.);
#1510 = CIRCLE('',#1511,0.4699);
#1511 = AXIS2_PLACEMENT_3D('',#1512,#1513,#1514);
#1512 = CARTESIAN_POINT('',(-1.27,0.635,0.));
#1513 = DIRECTION('',(0.,0.,1.));
#1514 = DIRECTION('',(1.,0.,0.));
#1515 = CYLINDRICAL_SURFACE('',#1516,0.4699);
#1516 = AXIS2_PLACEMENT_3D('',#1517,#1518,#1519);
#1517 = CARTESIAN_POINT('',(-1.27,0.635,0.));
#1518 = DIRECTION('',(-0.,-0.,-1.));
#1519 = DIRECTION('',(1.,0.,0.));
#1520 = ADVANCED_FACE('',(#1521),#1557,.F.);
#1521 = FACE_BOUND('',#1522,.F.);
#1522 = EDGE_LOOP('',(#1523,#1533,#1542,#1550));
#1523 = ORIENTED_EDGE('',*,*,#1524,.T.);
#1524 = EDGE_CURVE('',#1525,#1527,#1529,.T.);
#1525 = VERTEX_POINT('',#1526);
#1526 = CARTESIAN_POINT('',(-1.27,0.93975,0.));
#1527 = VERTEX_POINT('',#1528);
#1528 = CARTESIAN_POINT('',(-1.27,0.93975,1.E-02));
#1529 = LINE('',#1530,#1531);
#1530 = CARTESIAN_POINT('',(-1.27,0.93975,0.));
#1531 = VECTOR('',#1532,1.);
#1532 = DIRECTION('',(0.,0.,1.));
#1533 = ORIENTED_EDGE('',*,*,#1534,.T.);
#1534 = EDGE_CURVE('',#1527,#1535,#1537,.T.);
#1535 = VERTEX_POINT('',#1536);
#1536 = CARTESIAN_POINT('',(-1.2699999,0.3302499,1.E-02));
#1537 = CIRCLE('',#1538,0.30475005);
#1538 = AXIS2_PLACEMENT_3D('',#1539,#1540,#1541);
#1539 = CARTESIAN_POINT('',(-1.27000005,0.63499995,1.E-02));
#1540 = DIRECTION('',(0.,0.,-1.));
#1541 = DIRECTION('',(-1.,0.,0.));
#1542 = ORIENTED_EDGE('',*,*,#1543,.F.);
#1543 = EDGE_CURVE('',#1544,#1535,#1546,.T.);
#1544 = VERTEX_POINT('',#1545);
#1545 = CARTESIAN_POINT('',(-1.2699999,0.3302499,0.));
#1546 = LINE('',#1547,#1548);
#1547 = CARTESIAN_POINT('',(-1.2699999,0.3302499,0.));
#1548 = VECTOR('',#1549,1.);
#1549 = DIRECTION('',(0.,0.,1.));
#1550 = ORIENTED_EDGE('',*,*,#1551,.F.);
#1551 = EDGE_CURVE('',#1525,#1544,#1552,.T.);
#1552 = CIRCLE('',#1553,0.30475005);
#1553 = AXIS2_PLACEMENT_3D('',#1554,#1555,#1556);
#1554 = CARTESIAN_POINT('',(-1.27000005,0.63499995,0.));
#1555 = DIRECTION('',(0.,0.,-1.));
#1556 = DIRECTION('',(-1.,0.,0.));
#1557 = CYLINDRICAL_SURFACE('',#1558,0.30475005);
#1558 = AXIS2_PLACEMENT_3D('',#1559,#1560,#1561);
#1559 = CARTESIAN_POINT('',(-1.27000005,0.63499995,0.));
#1560 = DIRECTION('',(0.,0.,-1.));
#1561 = DIRECTION('',(-1.,0.,0.));
#1562 = ADVANCED_FACE('',(#1563),#1581,.F.);
#1563 = FACE_BOUND('',#1564,.F.);
#1564 = EDGE_LOOP('',(#1565,#1566,#1573,#1574));
#1565 = ORIENTED_EDGE('',*,*,#1543,.T.);
#1566 = ORIENTED_EDGE('',*,*,#1567,.T.);
#1567 = EDGE_CURVE('',#1535,#1527,#1568,.T.);
#1568 = CIRCLE('',#1569,0.30475005);
#1569 = AXIS2_PLACEMENT_3D('',#1570,#1571,#1572);
#1570 = CARTESIAN_POINT('',(-1.26999995,0.63499995,1.E-02));
#1571 = DIRECTION('',(0.,0.,-1.));
#1572 = DIRECTION('',(-1.,0.,0.));
#1573 = ORIENTED_EDGE('',*,*,#1524,.F.);
#1574 = ORIENTED_EDGE('',*,*,#1575,.F.);
#1575 = EDGE_CURVE('',#1544,#1525,#1576,.T.);
#1576 = CIRCLE('',#1577,0.30475005);
#1577 = AXIS2_PLACEMENT_3D('',#1578,#1579,#1580);
#1578 = CARTESIAN_POINT('',(-1.26999995,0.63499995,0.));
#1579 = DIRECTION('',(0.,0.,-1.));
#1580 = DIRECTION('',(-1.,0.,0.));
#1581 = CYLINDRICAL_SURFACE('',#1582,0.30475005);
#1582 = AXIS2_PLACEMENT_3D('',#1583,#1584,#1585);
#1583 = CARTESIAN_POINT('',(-1.26999995,0.63499995,0.));
#1584 = DIRECTION('',(0.,0.,-1.));
#1585 = DIRECTION('',(-1.,0.,0.));
#1586 = ADVANCED_FACE('',(#1587,#1590),#1594,.F.);
#1587 = FACE_BOUND('',#1588,.F.);
#1588 = EDGE_LOOP('',(#1589));
#1589 = ORIENTED_EDGE('',*,*,#1509,.T.);
#1590 = FACE_BOUND('',#1591,.F.);
#1591 = EDGE_LOOP('',(#1592,#1593));
#1592 = ORIENTED_EDGE('',*,*,#1551,.T.);
#1593 = ORIENTED_EDGE('',*,*,#1575,.T.);
#1594 = PLANE('',#1595);
#1595 = AXIS2_PLACEMENT_3D('',#1596,#1597,#1598);
#1596 = CARTESIAN_POINT('',(-1.27,0.635,0.));
#1597 = DIRECTION('',(0.,0.,1.));
#1598 = DIRECTION('',(1.,0.,-0.));
#1599 = ADVANCED_FACE('',(#1600,#1603),#1607,.T.);
#1600 = FACE_BOUND('',#1601,.T.);
#1601 = EDGE_LOOP('',(#1602));
#1602 = ORIENTED_EDGE('',*,*,#1501,.T.);
#1603 = FACE_BOUND('',#1604,.T.);
#1604 = EDGE_LOOP('',(#1605,#1606));
#1605 = ORIENTED_EDGE('',*,*,#1534,.T.);
#1606 = ORIENTED_EDGE('',*,*,#1567,.T.);
#1607 = PLANE('',#1608);
#1608 = AXIS2_PLACEMENT_3D('',#1609,#1610,#1611);
#1609 = CARTESIAN_POINT('',(-1.27,0.635,1.E-02));
#1610 = DIRECTION('',(0.,0.,1.));
#1611 = DIRECTION('',(1.,0.,-0.));
#1612 = ( GEOMETRIC_REPRESENTATION_CONTEXT(3) 
GLOBAL_UNCERTAINTY_ASSIGNED_CONTEXT((#1616)) 
GLOBAL_UNIT_ASSIGNED_CONTEXT((#1613,#1614,#1615)) REPRESENTATION_CONTEXT
('Context #1','3D Context with UNIT and UNCERTAINTY') );
#1613 = ( LENGTH_UNIT() NAMED_UNIT(*) SI_UNIT(.MILLI.,.METRE.) );
#1614 = ( NAMED_UNIT(*) PLANE_ANGLE_UNIT() SI_UNIT($,.RADIAN.) );
#1615 = ( NAMED_UNIT(*) SI_UNIT($,.STERADIAN.) SOLID_ANGLE_UNIT() );
#1616 = UNCERTAINTY_MEASURE_WITH_UNIT(LENGTH_MEASURE(1.E-07),#1613,
  'distance_accuracy_value','confusion accuracy');
#1617 = CONTEXT_DEPENDENT_SHAPE_REPRESENTATION(#1618,#1620);
#1618 = ( REPRESENTATION_RELATIONSHIP('','',#849,#10) 
REPRESENTATION_RELATIONSHIP_WITH_TRANSFORMATION(#1619) 
SHAPE_REPRESENTATION_RELATIONSHIP() );
#1619 = ITEM_DEFINED_TRANSFORMATION('','',#11,#19);
#1620 = PRODUCT_DEFINITION_SHAPE('Placement','Placement of an item',
  #1621);
#1621 = NEXT_ASSEMBLY_USAGE_OCCURRENCE('2','btmPads','',#5,#844,$);
#1622 = PRODUCT_RELATED_PRODUCT_CATEGORY('part',$,(#846));
#1623 = SHAPE_DEFINITION_REPRESENTATION(#1624,#1630);
#1624 = PRODUCT_DEFINITION_SHAPE('','',#1625);
#1625 = PRODUCT_DEFINITION('design','',#1626,#1629);
#1626 = PRODUCT_DEFINITION_FORMATION('','',#1627);
#1627 = PRODUCT('TH-Drills','TH-Drills','',(#1628));
#1628 = PRODUCT_CONTEXT('',#2,'mechanical');
#1629 = PRODUCT_DEFINITION_CONTEXT('part definition',#2,'design');
#1630 = SHAPE_REPRESENTATION('',(#11,#1631,#1723,#1815,#1907,#1999,#2091
    ,#2183,#2275,#2367,#2459,#2551,#2643,#2735,#2827),#2919);
#1631 = MANIFOLD_SOLID_BREP('',#1632);
#1632 = CLOSED_SHELL('',(#1633,#1666,#1699,#1711));
#1633 = ADVANCED_FACE('',(#1634),#1661,.T.);
#1634 = FACE_BOUND('',#1635,.T.);
#1635 = EDGE_LOOP('',(#1636,#1646,#1653,#1654));
#1636 = ORIENTED_EDGE('',*,*,#1637,.T.);
#1637 = EDGE_CURVE('',#1638,#1640,#1642,.T.);
#1638 = VERTEX_POINT('',#1639);
#1639 = CARTESIAN_POINT('',(-8.90995,-5.,0.));
#1640 = VERTEX_POINT('',#1641);
#1641 = CARTESIAN_POINT('',(-8.90995,-5.,-1.6));
#1642 = LINE('',#1643,#1644);
#1643 = CARTESIAN_POINT('',(-8.90995,-5.,0.));
#1644 = VECTOR('',#1645,1.);
#1645 = DIRECTION('',(-0.,-0.,-1.));
#1646 = ORIENTED_EDGE('',*,*,#1647,.T.);
#1647 = EDGE_CURVE('',#1640,#1640,#1648,.T.);
#1648 = CIRCLE('',#1649,1.09005);
#1649 = AXIS2_PLACEMENT_3D('',#1650,#1651,#1652);
#1650 = CARTESIAN_POINT('',(-10.,-5.,-1.6));
#1651 = DIRECTION('',(0.,0.,1.));
#1652 = DIRECTION('',(1.,0.,0.));
#1653 = ORIENTED_EDGE('',*,*,#1637,.F.);
#1654 = ORIENTED_EDGE('',*,*,#1655,.F.);
#1655 = EDGE_CURVE('',#1638,#1638,#1656,.T.);
#1656 = CIRCLE('',#1657,1.09005);
#1657 = AXIS2_PLACEMENT_3D('',#1658,#1659,#1660);
#1658 = CARTESIAN_POINT('',(-10.,-5.,0.));
#1659 = DIRECTION('',(0.,0.,1.));
#1660 = DIRECTION('',(1.,0.,0.));
#1661 = CYLINDRICAL_SURFACE('',#1662,1.09005);
#1662 = AXIS2_PLACEMENT_3D('',#1663,#1664,#1665);
#1663 = CARTESIAN_POINT('',(-10.,-5.,0.));
#1664 = DIRECTION('',(0.,0.,1.));
#1665 = DIRECTION('',(1.,0.,0.));
#1666 = ADVANCED_FACE('',(#1667),#1694,.F.);
#1667 = FACE_BOUND('',#1668,.F.);
#1668 = EDGE_LOOP('',(#1669,#1679,#1686,#1687));
#1669 = ORIENTED_EDGE('',*,*,#1670,.T.);
#1670 = EDGE_CURVE('',#1671,#1673,#1675,.T.);
#1671 = VERTEX_POINT('',#1672);
#1672 = CARTESIAN_POINT('',(-8.91995,-5.,0.));
#1673 = VERTEX_POINT('',#1674);
#1674 = CARTESIAN_POINT('',(-8.91995,-5.,-1.6));
#1675 = LINE('',#1676,#1677);
#1676 = CARTESIAN_POINT('',(-8.91995,-5.,0.));
#1677 = VECTOR('',#1678,1.);
#1678 = DIRECTION('',(-0.,-0.,-1.));
#1679 = ORIENTED_EDGE('',*,*,#1680,.T.);
#1680 = EDGE_CURVE('',#1673,#1673,#1681,.T.);
#1681 = CIRCLE('',#1682,1.08005);
#1682 = AXIS2_PLACEMENT_3D('',#1683,#1684,#1685);
#1683 = CARTESIAN_POINT('',(-10.,-5.,-1.6));
#1684 = DIRECTION('',(0.,0.,1.));
#1685 = DIRECTION('',(1.,0.,0.));
#1686 = ORIENTED_EDGE('',*,*,#1670,.F.);
#1687 = ORIENTED_EDGE('',*,*,#1688,.F.);
#1688 = EDGE_CURVE('',#1671,#1671,#1689,.T.);
#1689 = CIRCLE('',#1690,1.08005);
#1690 = AXIS2_PLACEMENT_3D('',#1691,#1692,#1693);
#1691 = CARTESIAN_POINT('',(-10.,-5.,0.));
#1692 = DIRECTION('',(0.,0.,1.));
#1693 = DIRECTION('',(1.,0.,0.));
#1694 = CYLINDRICAL_SURFACE('',#1695,1.08005);
#1695 = AXIS2_PLACEMENT_3D('',#1696,#1697,#1698);
#1696 = CARTESIAN_POINT('',(-10.,-5.,0.));
#1697 = DIRECTION('',(0.,0.,1.));
#1698 = DIRECTION('',(1.,0.,0.));
#1699 = ADVANCED_FACE('',(#1700,#1703),#1706,.T.);
#1700 = FACE_BOUND('',#1701,.F.);
#1701 = EDGE_LOOP('',(#1702));
#1702 = ORIENTED_EDGE('',*,*,#1655,.F.);
#1703 = FACE_BOUND('',#1704,.F.);
#1704 = EDGE_LOOP('',(#1705));
#1705 = ORIENTED_EDGE('',*,*,#1688,.T.);
#1706 = PLANE('',#1707);
#1707 = AXIS2_PLACEMENT_3D('',#1708,#1709,#1710);
#1708 = CARTESIAN_POINT('',(-10.,-5.,0.));
#1709 = DIRECTION('',(0.,0.,1.));
#1710 = DIRECTION('',(1.,0.,0.));
#1711 = ADVANCED_FACE('',(#1712,#1715),#1718,.F.);
#1712 = FACE_BOUND('',#1713,.T.);
#1713 = EDGE_LOOP('',(#1714));
#1714 = ORIENTED_EDGE('',*,*,#1647,.F.);
#1715 = FACE_BOUND('',#1716,.T.);
#1716 = EDGE_LOOP('',(#1717));
#1717 = ORIENTED_EDGE('',*,*,#1680,.T.);
#1718 = PLANE('',#1719);
#1719 = AXIS2_PLACEMENT_3D('',#1720,#1721,#1722);
#1720 = CARTESIAN_POINT('',(-10.,-5.,-1.6));
#1721 = DIRECTION('',(0.,0.,1.));
#1722 = DIRECTION('',(1.,0.,0.));
#1723 = MANIFOLD_SOLID_BREP('',#1724);
#1724 = CLOSED_SHELL('',(#1725,#1758,#1791,#1803));
#1725 = ADVANCED_FACE('',(#1726),#1753,.T.);
#1726 = FACE_BOUND('',#1727,.T.);
#1727 = EDGE_LOOP('',(#1728,#1738,#1745,#1746));
#1728 = ORIENTED_EDGE('',*,*,#1729,.T.);
#1729 = EDGE_CURVE('',#1730,#1732,#1734,.T.);
#1730 = VERTEX_POINT('',#1731);
#1731 = CARTESIAN_POINT('',(11.09005,-5.,0.));
#1732 = VERTEX_POINT('',#1733);
#1733 = CARTESIAN_POINT('',(11.09005,-5.,-1.6));
#1734 = LINE('',#1735,#1736);
#1735 = CARTESIAN_POINT('',(11.09005,-5.,0.));
#1736 = VECTOR('',#1737,1.);
#1737 = DIRECTION('',(-0.,-0.,-1.));
#1738 = ORIENTED_EDGE('',*,*,#1739,.T.);
#1739 = EDGE_CURVE('',#1732,#1732,#1740,.T.);
#1740 = CIRCLE('',#1741,1.09005);
#1741 = AXIS2_PLACEMENT_3D('',#1742,#1743,#1744);
#1742 = CARTESIAN_POINT('',(10.,-5.,-1.6));
#1743 = DIRECTION('',(0.,0.,1.));
#1744 = DIRECTION('',(1.,0.,0.));
#1745 = ORIENTED_EDGE('',*,*,#1729,.F.);
#1746 = ORIENTED_EDGE('',*,*,#1747,.F.);
#1747 = EDGE_CURVE('',#1730,#1730,#1748,.T.);
#1748 = CIRCLE('',#1749,1.09005);
#1749 = AXIS2_PLACEMENT_3D('',#1750,#1751,#1752);
#1750 = CARTESIAN_POINT('',(10.,-5.,0.));
#1751 = DIRECTION('',(0.,0.,1.));
#1752 = DIRECTION('',(1.,0.,0.));
#1753 = CYLINDRICAL_SURFACE('',#1754,1.09005);
#1754 = AXIS2_PLACEMENT_3D('',#1755,#1756,#1757);
#1755 = CARTESIAN_POINT('',(10.,-5.,0.));
#1756 = DIRECTION('',(0.,0.,1.));
#1757 = DIRECTION('',(1.,0.,0.));
#1758 = ADVANCED_FACE('',(#1759),#1786,.F.);
#1759 = FACE_BOUND('',#1760,.F.);
#1760 = EDGE_LOOP('',(#1761,#1771,#1778,#1779));
#1761 = ORIENTED_EDGE('',*,*,#1762,.T.);
#1762 = EDGE_CURVE('',#1763,#1765,#1767,.T.);
#1763 = VERTEX_POINT('',#1764);
#1764 = CARTESIAN_POINT('',(11.08005,-5.,0.));
#1765 = VERTEX_POINT('',#1766);
#1766 = CARTESIAN_POINT('',(11.08005,-5.,-1.6));
#1767 = LINE('',#1768,#1769);
#1768 = CARTESIAN_POINT('',(11.08005,-5.,0.));
#1769 = VECTOR('',#1770,1.);
#1770 = DIRECTION('',(-0.,-0.,-1.));
#1771 = ORIENTED_EDGE('',*,*,#1772,.T.);
#1772 = EDGE_CURVE('',#1765,#1765,#1773,.T.);
#1773 = CIRCLE('',#1774,1.08005);
#1774 = AXIS2_PLACEMENT_3D('',#1775,#1776,#1777);
#1775 = CARTESIAN_POINT('',(10.,-5.,-1.6));
#1776 = DIRECTION('',(0.,0.,1.));
#1777 = DIRECTION('',(1.,0.,0.));
#1778 = ORIENTED_EDGE('',*,*,#1762,.F.);
#1779 = ORIENTED_EDGE('',*,*,#1780,.F.);
#1780 = EDGE_CURVE('',#1763,#1763,#1781,.T.);
#1781 = CIRCLE('',#1782,1.08005);
#1782 = AXIS2_PLACEMENT_3D('',#1783,#1784,#1785);
#1783 = CARTESIAN_POINT('',(10.,-5.,0.));
#1784 = DIRECTION('',(0.,0.,1.));
#1785 = DIRECTION('',(1.,0.,0.));
#1786 = CYLINDRICAL_SURFACE('',#1787,1.08005);
#1787 = AXIS2_PLACEMENT_3D('',#1788,#1789,#1790);
#1788 = CARTESIAN_POINT('',(10.,-5.,0.));
#1789 = DIRECTION('',(0.,0.,1.));
#1790 = DIRECTION('',(1.,0.,0.));
#1791 = ADVANCED_FACE('',(#1792,#1795),#1798,.T.);
#1792 = FACE_BOUND('',#1793,.F.);
#1793 = EDGE_LOOP('',(#1794));
#1794 = ORIENTED_EDGE('',*,*,#1747,.F.);
#1795 = FACE_BOUND('',#1796,.F.);
#1796 = EDGE_LOOP('',(#1797));
#1797 = ORIENTED_EDGE('',*,*,#1780,.T.);
#1798 = PLANE('',#1799);
#1799 = AXIS2_PLACEMENT_3D('',#1800,#1801,#1802);
#1800 = CARTESIAN_POINT('',(10.,-5.,0.));
#1801 = DIRECTION('',(0.,0.,1.));
#1802 = DIRECTION('',(1.,0.,0.));
#1803 = ADVANCED_FACE('',(#1804,#1807),#1810,.F.);
#1804 = FACE_BOUND('',#1805,.T.);
#1805 = EDGE_LOOP('',(#1806));
#1806 = ORIENTED_EDGE('',*,*,#1739,.F.);
#1807 = FACE_BOUND('',#1808,.T.);
#1808 = EDGE_LOOP('',(#1809));
#1809 = ORIENTED_EDGE('',*,*,#1772,.T.);
#1810 = PLANE('',#1811);
#1811 = AXIS2_PLACEMENT_3D('',#1812,#1813,#1814);
#1812 = CARTESIAN_POINT('',(10.,-5.,-1.6));
#1813 = DIRECTION('',(0.,0.,1.));
#1814 = DIRECTION('',(1.,0.,0.));
#1815 = MANIFOLD_SOLID_BREP('',#1816);
#1816 = CLOSED_SHELL('',(#1817,#1850,#1883,#1895));
#1817 = ADVANCED_FACE('',(#1818),#1845,.T.);
#1818 = FACE_BOUND('',#1819,.T.);
#1819 = EDGE_LOOP('',(#1820,#1830,#1837,#1838));
#1820 = ORIENTED_EDGE('',*,*,#1821,.T.);
#1821 = EDGE_CURVE('',#1822,#1824,#1826,.T.);
#1822 = VERTEX_POINT('',#1823);
#1823 = CARTESIAN_POINT('',(-1.99655,-0.635,0.));
#1824 = VERTEX_POINT('',#1825);
#1825 = CARTESIAN_POINT('',(-1.99655,-0.635,-1.6));
#1826 = LINE('',#1827,#1828);
#1827 = CARTESIAN_POINT('',(-1.99655,-0.635,0.));
#1828 = VECTOR('',#1829,1.);
#1829 = DIRECTION('',(-0.,-0.,-1.));
#1830 = ORIENTED_EDGE('',*,*,#1831,.T.);
#1831 = EDGE_CURVE('',#1824,#1824,#1832,.T.);
#1832 = CIRCLE('',#1833,0.54345);
#1833 = AXIS2_PLACEMENT_3D('',#1834,#1835,#1836);
#1834 = CARTESIAN_POINT('',(-2.54,-0.635,-1.6));
#1835 = DIRECTION('',(0.,0.,1.));
#1836 = DIRECTION('',(1.,0.,0.));
#1837 = ORIENTED_EDGE('',*,*,#1821,.F.);
#1838 = ORIENTED_EDGE('',*,*,#1839,.F.);
#1839 = EDGE_CURVE('',#1822,#1822,#1840,.T.);
#1840 = CIRCLE('',#1841,0.54345);
#1841 = AXIS2_PLACEMENT_3D('',#1842,#1843,#1844);
#1842 = CARTESIAN_POINT('',(-2.54,-0.635,0.));
#1843 = DIRECTION('',(0.,0.,1.));
#1844 = DIRECTION('',(1.,0.,0.));
#1845 = CYLINDRICAL_SURFACE('',#1846,0.54345);
#1846 = AXIS2_PLACEMENT_3D('',#1847,#1848,#1849);
#1847 = CARTESIAN_POINT('',(-2.54,-0.635,0.));
#1848 = DIRECTION('',(0.,0.,1.));
#1849 = DIRECTION('',(1.,0.,0.));
#1850 = ADVANCED_FACE('',(#1851),#1878,.F.);
#1851 = FACE_BOUND('',#1852,.F.);
#1852 = EDGE_LOOP('',(#1853,#1863,#1870,#1871));
#1853 = ORIENTED_EDGE('',*,*,#1854,.T.);
#1854 = EDGE_CURVE('',#1855,#1857,#1859,.T.);
#1855 = VERTEX_POINT('',#1856);
#1856 = CARTESIAN_POINT('',(-2.00655,-0.635,0.));
#1857 = VERTEX_POINT('',#1858);
#1858 = CARTESIAN_POINT('',(-2.00655,-0.635,-1.6));
#1859 = LINE('',#1860,#1861);
#1860 = CARTESIAN_POINT('',(-2.00655,-0.635,0.));
#1861 = VECTOR('',#1862,1.);
#1862 = DIRECTION('',(-0.,-0.,-1.));
#1863 = ORIENTED_EDGE('',*,*,#1864,.T.);
#1864 = EDGE_CURVE('',#1857,#1857,#1865,.T.);
#1865 = CIRCLE('',#1866,0.53345);
#1866 = AXIS2_PLACEMENT_3D('',#1867,#1868,#1869);
#1867 = CARTESIAN_POINT('',(-2.54,-0.635,-1.6));
#1868 = DIRECTION('',(0.,0.,1.));
#1869 = DIRECTION('',(1.,0.,0.));
#1870 = ORIENTED_EDGE('',*,*,#1854,.F.);
#1871 = ORIENTED_EDGE('',*,*,#1872,.F.);
#1872 = EDGE_CURVE('',#1855,#1855,#1873,.T.);
#1873 = CIRCLE('',#1874,0.53345);
#1874 = AXIS2_PLACEMENT_3D('',#1875,#1876,#1877);
#1875 = CARTESIAN_POINT('',(-2.54,-0.635,0.));
#1876 = DIRECTION('',(0.,0.,1.));
#1877 = DIRECTION('',(1.,0.,0.));
#1878 = CYLINDRICAL_SURFACE('',#1879,0.53345);
#1879 = AXIS2_PLACEMENT_3D('',#1880,#1881,#1882);
#1880 = CARTESIAN_POINT('',(-2.54,-0.635,0.));
#1881 = DIRECTION('',(0.,0.,1.));
#1882 = DIRECTION('',(1.,0.,0.));
#1883 = ADVANCED_FACE('',(#1884,#1887),#1890,.T.);
#1884 = FACE_BOUND('',#1885,.F.);
#1885 = EDGE_LOOP('',(#1886));
#1886 = ORIENTED_EDGE('',*,*,#1839,.F.);
#1887 = FACE_BOUND('',#1888,.F.);
#1888 = EDGE_LOOP('',(#1889));
#1889 = ORIENTED_EDGE('',*,*,#1872,.T.);
#1890 = PLANE('',#1891);
#1891 = AXIS2_PLACEMENT_3D('',#1892,#1893,#1894);
#1892 = CARTESIAN_POINT('',(-2.54,-0.635,0.));
#1893 = DIRECTION('',(0.,0.,1.));
#1894 = DIRECTION('',(1.,0.,0.));
#1895 = ADVANCED_FACE('',(#1896,#1899),#1902,.F.);
#1896 = FACE_BOUND('',#1897,.T.);
#1897 = EDGE_LOOP('',(#1898));
#1898 = ORIENTED_EDGE('',*,*,#1831,.F.);
#1899 = FACE_BOUND('',#1900,.T.);
#1900 = EDGE_LOOP('',(#1901));
#1901 = ORIENTED_EDGE('',*,*,#1864,.T.);
#1902 = PLANE('',#1903);
#1903 = AXIS2_PLACEMENT_3D('',#1904,#1905,#1906);
#1904 = CARTESIAN_POINT('',(-2.54,-0.635,-1.6));
#1905 = DIRECTION('',(0.,0.,1.));
#1906 = DIRECTION('',(1.,0.,0.));
#1907 = MANIFOLD_SOLID_BREP('',#1908);
#1908 = CLOSED_SHELL('',(#1909,#1942,#1975,#1987));
#1909 = ADVANCED_FACE('',(#1910),#1937,.T.);
#1910 = FACE_BOUND('',#1911,.T.);
#1911 = EDGE_LOOP('',(#1912,#1922,#1929,#1930));
#1912 = ORIENTED_EDGE('',*,*,#1913,.T.);
#1913 = EDGE_CURVE('',#1914,#1916,#1918,.T.);
#1914 = VERTEX_POINT('',#1915);
#1915 = CARTESIAN_POINT('',(-1.99655,0.635,0.));
#1916 = VERTEX_POINT('',#1917);
#1917 = CARTESIAN_POINT('',(-1.99655,0.635,-1.6));
#1918 = LINE('',#1919,#1920);
#1919 = CARTESIAN_POINT('',(-1.99655,0.635,0.));
#1920 = VECTOR('',#1921,1.);
#1921 = DIRECTION('',(-0.,-0.,-1.));
#1922 = ORIENTED_EDGE('',*,*,#1923,.T.);
#1923 = EDGE_CURVE('',#1916,#1916,#1924,.T.);
#1924 = CIRCLE('',#1925,0.54345);
#1925 = AXIS2_PLACEMENT_3D('',#1926,#1927,#1928);
#1926 = CARTESIAN_POINT('',(-2.54,0.635,-1.6));
#1927 = DIRECTION('',(0.,0.,1.));
#1928 = DIRECTION('',(1.,0.,0.));
#1929 = ORIENTED_EDGE('',*,*,#1913,.F.);
#1930 = ORIENTED_EDGE('',*,*,#1931,.F.);
#1931 = EDGE_CURVE('',#1914,#1914,#1932,.T.);
#1932 = CIRCLE('',#1933,0.54345);
#1933 = AXIS2_PLACEMENT_3D('',#1934,#1935,#1936);
#1934 = CARTESIAN_POINT('',(-2.54,0.635,0.));
#1935 = DIRECTION('',(0.,0.,1.));
#1936 = DIRECTION('',(1.,0.,0.));
#1937 = CYLINDRICAL_SURFACE('',#1938,0.54345);
#1938 = AXIS2_PLACEMENT_3D('',#1939,#1940,#1941);
#1939 = CARTESIAN_POINT('',(-2.54,0.635,0.));
#1940 = DIRECTION('',(0.,0.,1.));
#1941 = DIRECTION('',(1.,0.,0.));
#1942 = ADVANCED_FACE('',(#1943),#1970,.F.);
#1943 = FACE_BOUND('',#1944,.F.);
#1944 = EDGE_LOOP('',(#1945,#1955,#1962,#1963));
#1945 = ORIENTED_EDGE('',*,*,#1946,.T.);
#1946 = EDGE_CURVE('',#1947,#1949,#1951,.T.);
#1947 = VERTEX_POINT('',#1948);
#1948 = CARTESIAN_POINT('',(-2.00655,0.635,0.));
#1949 = VERTEX_POINT('',#1950);
#1950 = CARTESIAN_POINT('',(-2.00655,0.635,-1.6));
#1951 = LINE('',#1952,#1953);
#1952 = CARTESIAN_POINT('',(-2.00655,0.635,0.));
#1953 = VECTOR('',#1954,1.);
#1954 = DIRECTION('',(-0.,-0.,-1.));
#1955 = ORIENTED_EDGE('',*,*,#1956,.T.);
#1956 = EDGE_CURVE('',#1949,#1949,#1957,.T.);
#1957 = CIRCLE('',#1958,0.53345);
#1958 = AXIS2_PLACEMENT_3D('',#1959,#1960,#1961);
#1959 = CARTESIAN_POINT('',(-2.54,0.635,-1.6));
#1960 = DIRECTION('',(0.,0.,1.));
#1961 = DIRECTION('',(1.,0.,0.));
#1962 = ORIENTED_EDGE('',*,*,#1946,.F.);
#1963 = ORIENTED_EDGE('',*,*,#1964,.F.);
#1964 = EDGE_CURVE('',#1947,#1947,#1965,.T.);
#1965 = CIRCLE('',#1966,0.53345);
#1966 = AXIS2_PLACEMENT_3D('',#1967,#1968,#1969);
#1967 = CARTESIAN_POINT('',(-2.54,0.635,0.));
#1968 = DIRECTION('',(0.,0.,1.));
#1969 = DIRECTION('',(1.,0.,0.));
#1970 = CYLINDRICAL_SURFACE('',#1971,0.53345);
#1971 = AXIS2_PLACEMENT_3D('',#1972,#1973,#1974);
#1972 = CARTESIAN_POINT('',(-2.54,0.635,0.));
#1973 = DIRECTION('',(0.,0.,1.));
#1974 = DIRECTION('',(1.,0.,0.));
#1975 = ADVANCED_FACE('',(#1976,#1979),#1982,.T.);
#1976 = FACE_BOUND('',#1977,.F.);
#1977 = EDGE_LOOP('',(#1978));
#1978 = ORIENTED_EDGE('',*,*,#1931,.F.);
#1979 = FACE_BOUND('',#1980,.F.);
#1980 = EDGE_LOOP('',(#1981));
#1981 = ORIENTED_EDGE('',*,*,#1964,.T.);
#1982 = PLANE('',#1983);
#1983 = AXIS2_PLACEMENT_3D('',#1984,#1985,#1986);
#1984 = CARTESIAN_POINT('',(-2.54,0.635,0.));
#1985 = DIRECTION('',(0.,0.,1.));
#1986 = DIRECTION('',(1.,0.,0.));
#1987 = ADVANCED_FACE('',(#1988,#1991),#1994,.F.);
#1988 = FACE_BOUND('',#1989,.T.);
#1989 = EDGE_LOOP('',(#1990));
#1990 = ORIENTED_EDGE('',*,*,#1923,.F.);
#1991 = FACE_BOUND('',#1992,.T.);
#1992 = EDGE_LOOP('',(#1993));
#1993 = ORIENTED_EDGE('',*,*,#1956,.T.);
#1994 = PLANE('',#1995);
#1995 = AXIS2_PLACEMENT_3D('',#1996,#1997,#1998);
#1996 = CARTESIAN_POINT('',(-2.54,0.635,-1.6));
#1997 = DIRECTION('',(0.,0.,1.));
#1998 = DIRECTION('',(1.,0.,0.));
#1999 = MANIFOLD_SOLID_BREP('',#2000);
#2000 = CLOSED_SHELL('',(#2001,#2034,#2067,#2079));
#2001 = ADVANCED_FACE('',(#2002),#2029,.T.);
#2002 = FACE_BOUND('',#2003,.T.);
#2003 = EDGE_LOOP('',(#2004,#2014,#2021,#2022));
#2004 = ORIENTED_EDGE('',*,*,#2005,.T.);
#2005 = EDGE_CURVE('',#2006,#2008,#2010,.T.);
#2006 = VERTEX_POINT('',#2007);
#2007 = CARTESIAN_POINT('',(3.08345,0.635,0.));
#2008 = VERTEX_POINT('',#2009);
#2009 = CARTESIAN_POINT('',(3.08345,0.635,-1.6));
#2010 = LINE('',#2011,#2012);
#2011 = CARTESIAN_POINT('',(3.08345,0.635,0.));
#2012 = VECTOR('',#2013,1.);
#2013 = DIRECTION('',(-0.,-0.,-1.));
#2014 = ORIENTED_EDGE('',*,*,#2015,.T.);
#2015 = EDGE_CURVE('',#2008,#2008,#2016,.T.);
#2016 = CIRCLE('',#2017,0.54345);
#2017 = AXIS2_PLACEMENT_3D('',#2018,#2019,#2020);
#2018 = CARTESIAN_POINT('',(2.54,0.635,-1.6));
#2019 = DIRECTION('',(0.,0.,1.));
#2020 = DIRECTION('',(1.,0.,0.));
#2021 = ORIENTED_EDGE('',*,*,#2005,.F.);
#2022 = ORIENTED_EDGE('',*,*,#2023,.F.);
#2023 = EDGE_CURVE('',#2006,#2006,#2024,.T.);
#2024 = CIRCLE('',#2025,0.54345);
#2025 = AXIS2_PLACEMENT_3D('',#2026,#2027,#2028);
#2026 = CARTESIAN_POINT('',(2.54,0.635,0.));
#2027 = DIRECTION('',(0.,0.,1.));
#2028 = DIRECTION('',(1.,0.,0.));
#2029 = CYLINDRICAL_SURFACE('',#2030,0.54345);
#2030 = AXIS2_PLACEMENT_3D('',#2031,#2032,#2033);
#2031 = CARTESIAN_POINT('',(2.54,0.635,0.));
#2032 = DIRECTION('',(0.,0.,1.));
#2033 = DIRECTION('',(1.,0.,0.));
#2034 = ADVANCED_FACE('',(#2035),#2062,.F.);
#2035 = FACE_BOUND('',#2036,.F.);
#2036 = EDGE_LOOP('',(#2037,#2047,#2054,#2055));
#2037 = ORIENTED_EDGE('',*,*,#2038,.T.);
#2038 = EDGE_CURVE('',#2039,#2041,#2043,.T.);
#2039 = VERTEX_POINT('',#2040);
#2040 = CARTESIAN_POINT('',(3.07345,0.635,0.));
#2041 = VERTEX_POINT('',#2042);
#2042 = CARTESIAN_POINT('',(3.07345,0.635,-1.6));
#2043 = LINE('',#2044,#2045);
#2044 = CARTESIAN_POINT('',(3.07345,0.635,0.));
#2045 = VECTOR('',#2046,1.);
#2046 = DIRECTION('',(-0.,-0.,-1.));
#2047 = ORIENTED_EDGE('',*,*,#2048,.T.);
#2048 = EDGE_CURVE('',#2041,#2041,#2049,.T.);
#2049 = CIRCLE('',#2050,0.53345);
#2050 = AXIS2_PLACEMENT_3D('',#2051,#2052,#2053);
#2051 = CARTESIAN_POINT('',(2.54,0.635,-1.6));
#2052 = DIRECTION('',(0.,0.,1.));
#2053 = DIRECTION('',(1.,0.,0.));
#2054 = ORIENTED_EDGE('',*,*,#2038,.F.);
#2055 = ORIENTED_EDGE('',*,*,#2056,.F.);
#2056 = EDGE_CURVE('',#2039,#2039,#2057,.T.);
#2057 = CIRCLE('',#2058,0.53345);
#2058 = AXIS2_PLACEMENT_3D('',#2059,#2060,#2061);
#2059 = CARTESIAN_POINT('',(2.54,0.635,0.));
#2060 = DIRECTION('',(0.,0.,1.));
#2061 = DIRECTION('',(1.,0.,0.));
#2062 = CYLINDRICAL_SURFACE('',#2063,0.53345);
#2063 = AXIS2_PLACEMENT_3D('',#2064,#2065,#2066);
#2064 = CARTESIAN_POINT('',(2.54,0.635,0.));
#2065 = DIRECTION('',(0.,0.,1.));
#2066 = DIRECTION('',(1.,0.,0.));
#2067 = ADVANCED_FACE('',(#2068,#2071),#2074,.T.);
#2068 = FACE_BOUND('',#2069,.F.);
#2069 = EDGE_LOOP('',(#2070));
#2070 = ORIENTED_EDGE('',*,*,#2023,.F.);
#2071 = FACE_BOUND('',#2072,.F.);
#2072 = EDGE_LOOP('',(#2073));
#2073 = ORIENTED_EDGE('',*,*,#2056,.T.);
#2074 = PLANE('',#2075);
#2075 = AXIS2_PLACEMENT_3D('',#2076,#2077,#2078);
#2076 = CARTESIAN_POINT('',(2.54,0.635,0.));
#2077 = DIRECTION('',(0.,0.,1.));
#2078 = DIRECTION('',(1.,0.,0.));
#2079 = ADVANCED_FACE('',(#2080,#2083),#2086,.F.);
#2080 = FACE_BOUND('',#2081,.T.);
#2081 = EDGE_LOOP('',(#2082));
#2082 = ORIENTED_EDGE('',*,*,#2015,.F.);
#2083 = FACE_BOUND('',#2084,.T.);
#2084 = EDGE_LOOP('',(#2085));
#2085 = ORIENTED_EDGE('',*,*,#2048,.T.);
#2086 = PLANE('',#2087);
#2087 = AXIS2_PLACEMENT_3D('',#2088,#2089,#2090);
#2088 = CARTESIAN_POINT('',(2.54,0.635,-1.6));
#2089 = DIRECTION('',(0.,0.,1.));
#2090 = DIRECTION('',(1.,0.,0.));
#2091 = MANIFOLD_SOLID_BREP('',#2092);
#2092 = CLOSED_SHELL('',(#2093,#2126,#2159,#2171));
#2093 = ADVANCED_FACE('',(#2094),#2121,.T.);
#2094 = FACE_BOUND('',#2095,.T.);
#2095 = EDGE_LOOP('',(#2096,#2106,#2113,#2114));
#2096 = ORIENTED_EDGE('',*,*,#2097,.T.);
#2097 = EDGE_CURVE('',#2098,#2100,#2102,.T.);
#2098 = VERTEX_POINT('',#2099);
#2099 = CARTESIAN_POINT('',(3.08345,-0.635,0.));
#2100 = VERTEX_POINT('',#2101);
#2101 = CARTESIAN_POINT('',(3.08345,-0.635,-1.6));
#2102 = LINE('',#2103,#2104);
#2103 = CARTESIAN_POINT('',(3.08345,-0.635,0.));
#2104 = VECTOR('',#2105,1.);
#2105 = DIRECTION('',(-0.,-0.,-1.));
#2106 = ORIENTED_EDGE('',*,*,#2107,.T.);
#2107 = EDGE_CURVE('',#2100,#2100,#2108,.T.);
#2108 = CIRCLE('',#2109,0.54345);
#2109 = AXIS2_PLACEMENT_3D('',#2110,#2111,#2112);
#2110 = CARTESIAN_POINT('',(2.54,-0.635,-1.6));
#2111 = DIRECTION('',(0.,0.,1.));
#2112 = DIRECTION('',(1.,0.,0.));
#2113 = ORIENTED_EDGE('',*,*,#2097,.F.);
#2114 = ORIENTED_EDGE('',*,*,#2115,.F.);
#2115 = EDGE_CURVE('',#2098,#2098,#2116,.T.);
#2116 = CIRCLE('',#2117,0.54345);
#2117 = AXIS2_PLACEMENT_3D('',#2118,#2119,#2120);
#2118 = CARTESIAN_POINT('',(2.54,-0.635,0.));
#2119 = DIRECTION('',(0.,0.,1.));
#2120 = DIRECTION('',(1.,0.,0.));
#2121 = CYLINDRICAL_SURFACE('',#2122,0.54345);
#2122 = AXIS2_PLACEMENT_3D('',#2123,#2124,#2125);
#2123 = CARTESIAN_POINT('',(2.54,-0.635,0.));
#2124 = DIRECTION('',(0.,0.,1.));
#2125 = DIRECTION('',(1.,0.,0.));
#2126 = ADVANCED_FACE('',(#2127),#2154,.F.);
#2127 = FACE_BOUND('',#2128,.F.);
#2128 = EDGE_LOOP('',(#2129,#2139,#2146,#2147));
#2129 = ORIENTED_EDGE('',*,*,#2130,.T.);
#2130 = EDGE_CURVE('',#2131,#2133,#2135,.T.);
#2131 = VERTEX_POINT('',#2132);
#2132 = CARTESIAN_POINT('',(3.07345,-0.635,0.));
#2133 = VERTEX_POINT('',#2134);
#2134 = CARTESIAN_POINT('',(3.07345,-0.635,-1.6));
#2135 = LINE('',#2136,#2137);
#2136 = CARTESIAN_POINT('',(3.07345,-0.635,0.));
#2137 = VECTOR('',#2138,1.);
#2138 = DIRECTION('',(-0.,-0.,-1.));
#2139 = ORIENTED_EDGE('',*,*,#2140,.T.);
#2140 = EDGE_CURVE('',#2133,#2133,#2141,.T.);
#2141 = CIRCLE('',#2142,0.53345);
#2142 = AXIS2_PLACEMENT_3D('',#2143,#2144,#2145);
#2143 = CARTESIAN_POINT('',(2.54,-0.635,-1.6));
#2144 = DIRECTION('',(0.,0.,1.));
#2145 = DIRECTION('',(1.,0.,0.));
#2146 = ORIENTED_EDGE('',*,*,#2130,.F.);
#2147 = ORIENTED_EDGE('',*,*,#2148,.F.);
#2148 = EDGE_CURVE('',#2131,#2131,#2149,.T.);
#2149 = CIRCLE('',#2150,0.53345);
#2150 = AXIS2_PLACEMENT_3D('',#2151,#2152,#2153);
#2151 = CARTESIAN_POINT('',(2.54,-0.635,0.));
#2152 = DIRECTION('',(0.,0.,1.));
#2153 = DIRECTION('',(1.,0.,0.));
#2154 = CYLINDRICAL_SURFACE('',#2155,0.53345);
#2155 = AXIS2_PLACEMENT_3D('',#2156,#2157,#2158);
#2156 = CARTESIAN_POINT('',(2.54,-0.635,0.));
#2157 = DIRECTION('',(0.,0.,1.));
#2158 = DIRECTION('',(1.,0.,0.));
#2159 = ADVANCED_FACE('',(#2160,#2163),#2166,.T.);
#2160 = FACE_BOUND('',#2161,.F.);
#2161 = EDGE_LOOP('',(#2162));
#2162 = ORIENTED_EDGE('',*,*,#2115,.F.);
#2163 = FACE_BOUND('',#2164,.F.);
#2164 = EDGE_LOOP('',(#2165));
#2165 = ORIENTED_EDGE('',*,*,#2148,.T.);
#2166 = PLANE('',#2167);
#2167 = AXIS2_PLACEMENT_3D('',#2168,#2169,#2170);
#2168 = CARTESIAN_POINT('',(2.54,-0.635,0.));
#2169 = DIRECTION('',(0.,0.,1.));
#2170 = DIRECTION('',(1.,0.,0.));
#2171 = ADVANCED_FACE('',(#2172,#2175),#2178,.F.);
#2172 = FACE_BOUND('',#2173,.T.);
#2173 = EDGE_LOOP('',(#2174));
#2174 = ORIENTED_EDGE('',*,*,#2107,.F.);
#2175 = FACE_BOUND('',#2176,.T.);
#2176 = EDGE_LOOP('',(#2177));
#2177 = ORIENTED_EDGE('',*,*,#2140,.T.);
#2178 = PLANE('',#2179);
#2179 = AXIS2_PLACEMENT_3D('',#2180,#2181,#2182);
#2180 = CARTESIAN_POINT('',(2.54,-0.635,-1.6));
#2181 = DIRECTION('',(0.,0.,1.));
#2182 = DIRECTION('',(1.,0.,0.));
#2183 = MANIFOLD_SOLID_BREP('',#2184);
#2184 = CLOSED_SHELL('',(#2185,#2218,#2251,#2263));
#2185 = ADVANCED_FACE('',(#2186),#2213,.T.);
#2186 = FACE_BOUND('',#2187,.T.);
#2187 = EDGE_LOOP('',(#2188,#2198,#2205,#2206));
#2188 = ORIENTED_EDGE('',*,*,#2189,.T.);
#2189 = EDGE_CURVE('',#2190,#2192,#2194,.T.);
#2190 = VERTEX_POINT('',#2191);
#2191 = CARTESIAN_POINT('',(-5.6962,-5.,0.));
#2192 = VERTEX_POINT('',#2193);
#2193 = CARTESIAN_POINT('',(-5.6962,-5.,-1.6));
#2194 = LINE('',#2195,#2196);
#2195 = CARTESIAN_POINT('',(-5.6962,-5.,0.));
#2196 = VECTOR('',#2197,1.);
#2197 = DIRECTION('',(-0.,-0.,-1.));
#2198 = ORIENTED_EDGE('',*,*,#2199,.T.);
#2199 = EDGE_CURVE('',#2192,#2192,#2200,.T.);
#2200 = CIRCLE('',#2201,0.8038);
#2201 = AXIS2_PLACEMENT_3D('',#2202,#2203,#2204);
#2202 = CARTESIAN_POINT('',(-6.5,-5.,-1.6));
#2203 = DIRECTION('',(0.,0.,1.));
#2204 = DIRECTION('',(1.,0.,0.));
#2205 = ORIENTED_EDGE('',*,*,#2189,.F.);
#2206 = ORIENTED_EDGE('',*,*,#2207,.F.);
#2207 = EDGE_CURVE('',#2190,#2190,#2208,.T.);
#2208 = CIRCLE('',#2209,0.8038);
#2209 = AXIS2_PLACEMENT_3D('',#2210,#2211,#2212);
#2210 = CARTESIAN_POINT('',(-6.5,-5.,0.));
#2211 = DIRECTION('',(0.,0.,1.));
#2212 = DIRECTION('',(1.,0.,0.));
#2213 = CYLINDRICAL_SURFACE('',#2214,0.8038);
#2214 = AXIS2_PLACEMENT_3D('',#2215,#2216,#2217);
#2215 = CARTESIAN_POINT('',(-6.5,-5.,0.));
#2216 = DIRECTION('',(0.,0.,1.));
#2217 = DIRECTION('',(1.,0.,0.));
#2218 = ADVANCED_FACE('',(#2219),#2246,.F.);
#2219 = FACE_BOUND('',#2220,.F.);
#2220 = EDGE_LOOP('',(#2221,#2231,#2238,#2239));
#2221 = ORIENTED_EDGE('',*,*,#2222,.T.);
#2222 = EDGE_CURVE('',#2223,#2225,#2227,.T.);
#2223 = VERTEX_POINT('',#2224);
#2224 = CARTESIAN_POINT('',(-5.7062,-5.,0.));
#2225 = VERTEX_POINT('',#2226);
#2226 = CARTESIAN_POINT('',(-5.7062,-5.,-1.6));
#2227 = LINE('',#2228,#2229);
#2228 = CARTESIAN_POINT('',(-5.7062,-5.,0.));
#2229 = VECTOR('',#2230,1.);
#2230 = DIRECTION('',(-0.,-0.,-1.));
#2231 = ORIENTED_EDGE('',*,*,#2232,.T.);
#2232 = EDGE_CURVE('',#2225,#2225,#2233,.T.);
#2233 = CIRCLE('',#2234,0.7938);
#2234 = AXIS2_PLACEMENT_3D('',#2235,#2236,#2237);
#2235 = CARTESIAN_POINT('',(-6.5,-5.,-1.6));
#2236 = DIRECTION('',(0.,0.,1.));
#2237 = DIRECTION('',(1.,0.,0.));
#2238 = ORIENTED_EDGE('',*,*,#2222,.F.);
#2239 = ORIENTED_EDGE('',*,*,#2240,.F.);
#2240 = EDGE_CURVE('',#2223,#2223,#2241,.T.);
#2241 = CIRCLE('',#2242,0.7938);
#2242 = AXIS2_PLACEMENT_3D('',#2243,#2244,#2245);
#2243 = CARTESIAN_POINT('',(-6.5,-5.,0.));
#2244 = DIRECTION('',(0.,0.,1.));
#2245 = DIRECTION('',(1.,0.,0.));
#2246 = CYLINDRICAL_SURFACE('',#2247,0.7938);
#2247 = AXIS2_PLACEMENT_3D('',#2248,#2249,#2250);
#2248 = CARTESIAN_POINT('',(-6.5,-5.,0.));
#2249 = DIRECTION('',(0.,0.,1.));
#2250 = DIRECTION('',(1.,0.,0.));
#2251 = ADVANCED_FACE('',(#2252,#2255),#2258,.T.);
#2252 = FACE_BOUND('',#2253,.F.);
#2253 = EDGE_LOOP('',(#2254));
#2254 = ORIENTED_EDGE('',*,*,#2207,.F.);
#2255 = FACE_BOUND('',#2256,.F.);
#2256 = EDGE_LOOP('',(#2257));
#2257 = ORIENTED_EDGE('',*,*,#2240,.T.);
#2258 = PLANE('',#2259);
#2259 = AXIS2_PLACEMENT_3D('',#2260,#2261,#2262);
#2260 = CARTESIAN_POINT('',(-6.5,-5.,0.));
#2261 = DIRECTION('',(0.,0.,1.));
#2262 = DIRECTION('',(1.,0.,0.));
#2263 = ADVANCED_FACE('',(#2264,#2267),#2270,.F.);
#2264 = FACE_BOUND('',#2265,.T.);
#2265 = EDGE_LOOP('',(#2266));
#2266 = ORIENTED_EDGE('',*,*,#2199,.F.);
#2267 = FACE_BOUND('',#2268,.T.);
#2268 = EDGE_LOOP('',(#2269));
#2269 = ORIENTED_EDGE('',*,*,#2232,.T.);
#2270 = PLANE('',#2271);
#2271 = AXIS2_PLACEMENT_3D('',#2272,#2273,#2274);
#2272 = CARTESIAN_POINT('',(-6.5,-5.,-1.6));
#2273 = DIRECTION('',(0.,0.,1.));
#2274 = DIRECTION('',(1.,0.,0.));
#2275 = MANIFOLD_SOLID_BREP('',#2276);
#2276 = CLOSED_SHELL('',(#2277,#2310,#2343,#2355));
#2277 = ADVANCED_FACE('',(#2278),#2305,.T.);
#2278 = FACE_BOUND('',#2279,.T.);
#2279 = EDGE_LOOP('',(#2280,#2290,#2297,#2298));
#2280 = ORIENTED_EDGE('',*,*,#2281,.T.);
#2281 = EDGE_CURVE('',#2282,#2284,#2286,.T.);
#2282 = VERTEX_POINT('',#2283);
#2283 = CARTESIAN_POINT('',(7.3038,-5.,0.));
#2284 = VERTEX_POINT('',#2285);
#2285 = CARTESIAN_POINT('',(7.3038,-5.,-1.6));
#2286 = LINE('',#2287,#2288);
#2287 = CARTESIAN_POINT('',(7.3038,-5.,0.));
#2288 = VECTOR('',#2289,1.);
#2289 = DIRECTION('',(-0.,-0.,-1.));
#2290 = ORIENTED_EDGE('',*,*,#2291,.T.);
#2291 = EDGE_CURVE('',#2284,#2284,#2292,.T.);
#2292 = CIRCLE('',#2293,0.8038);
#2293 = AXIS2_PLACEMENT_3D('',#2294,#2295,#2296);
#2294 = CARTESIAN_POINT('',(6.5,-5.,-1.6));
#2295 = DIRECTION('',(0.,0.,1.));
#2296 = DIRECTION('',(1.,0.,0.));
#2297 = ORIENTED_EDGE('',*,*,#2281,.F.);
#2298 = ORIENTED_EDGE('',*,*,#2299,.F.);
#2299 = EDGE_CURVE('',#2282,#2282,#2300,.T.);
#2300 = CIRCLE('',#2301,0.8038);
#2301 = AXIS2_PLACEMENT_3D('',#2302,#2303,#2304);
#2302 = CARTESIAN_POINT('',(6.5,-5.,0.));
#2303 = DIRECTION('',(0.,0.,1.));
#2304 = DIRECTION('',(1.,0.,0.));
#2305 = CYLINDRICAL_SURFACE('',#2306,0.8038);
#2306 = AXIS2_PLACEMENT_3D('',#2307,#2308,#2309);
#2307 = CARTESIAN_POINT('',(6.5,-5.,0.));
#2308 = DIRECTION('',(0.,0.,1.));
#2309 = DIRECTION('',(1.,0.,0.));
#2310 = ADVANCED_FACE('',(#2311),#2338,.F.);
#2311 = FACE_BOUND('',#2312,.F.);
#2312 = EDGE_LOOP('',(#2313,#2323,#2330,#2331));
#2313 = ORIENTED_EDGE('',*,*,#2314,.T.);
#2314 = EDGE_CURVE('',#2315,#2317,#2319,.T.);
#2315 = VERTEX_POINT('',#2316);
#2316 = CARTESIAN_POINT('',(7.2938,-5.,0.));
#2317 = VERTEX_POINT('',#2318);
#2318 = CARTESIAN_POINT('',(7.2938,-5.,-1.6));
#2319 = LINE('',#2320,#2321);
#2320 = CARTESIAN_POINT('',(7.2938,-5.,0.));
#2321 = VECTOR('',#2322,1.);
#2322 = DIRECTION('',(-0.,-0.,-1.));
#2323 = ORIENTED_EDGE('',*,*,#2324,.T.);
#2324 = EDGE_CURVE('',#2317,#2317,#2325,.T.);
#2325 = CIRCLE('',#2326,0.7938);
#2326 = AXIS2_PLACEMENT_3D('',#2327,#2328,#2329);
#2327 = CARTESIAN_POINT('',(6.5,-5.,-1.6));
#2328 = DIRECTION('',(0.,0.,1.));
#2329 = DIRECTION('',(1.,0.,0.));
#2330 = ORIENTED_EDGE('',*,*,#2314,.F.);
#2331 = ORIENTED_EDGE('',*,*,#2332,.F.);
#2332 = EDGE_CURVE('',#2315,#2315,#2333,.T.);
#2333 = CIRCLE('',#2334,0.7938);
#2334 = AXIS2_PLACEMENT_3D('',#2335,#2336,#2337);
#2335 = CARTESIAN_POINT('',(6.5,-5.,0.));
#2336 = DIRECTION('',(0.,0.,1.));
#2337 = DIRECTION('',(1.,0.,0.));
#2338 = CYLINDRICAL_SURFACE('',#2339,0.7938);
#2339 = AXIS2_PLACEMENT_3D('',#2340,#2341,#2342);
#2340 = CARTESIAN_POINT('',(6.5,-5.,0.));
#2341 = DIRECTION('',(0.,0.,1.));
#2342 = DIRECTION('',(1.,0.,0.));
#2343 = ADVANCED_FACE('',(#2344,#2347),#2350,.T.);
#2344 = FACE_BOUND('',#2345,.F.);
#2345 = EDGE_LOOP('',(#2346));
#2346 = ORIENTED_EDGE('',*,*,#2299,.F.);
#2347 = FACE_BOUND('',#2348,.F.);
#2348 = EDGE_LOOP('',(#2349));
#2349 = ORIENTED_EDGE('',*,*,#2332,.T.);
#2350 = PLANE('',#2351);
#2351 = AXIS2_PLACEMENT_3D('',#2352,#2353,#2354);
#2352 = CARTESIAN_POINT('',(6.5,-5.,0.));
#2353 = DIRECTION('',(0.,0.,1.));
#2354 = DIRECTION('',(1.,0.,0.));
#2355 = ADVANCED_FACE('',(#2356,#2359),#2362,.F.);
#2356 = FACE_BOUND('',#2357,.T.);
#2357 = EDGE_LOOP('',(#2358));
#2358 = ORIENTED_EDGE('',*,*,#2291,.F.);
#2359 = FACE_BOUND('',#2360,.T.);
#2360 = EDGE_LOOP('',(#2361));
#2361 = ORIENTED_EDGE('',*,*,#2324,.T.);
#2362 = PLANE('',#2363);
#2363 = AXIS2_PLACEMENT_3D('',#2364,#2365,#2366);
#2364 = CARTESIAN_POINT('',(6.5,-5.,-1.6));
#2365 = DIRECTION('',(0.,0.,1.));
#2366 = DIRECTION('',(1.,0.,0.));
#2367 = MANIFOLD_SOLID_BREP('',#2368);
#2368 = CLOSED_SHELL('',(#2369,#2402,#2435,#2447));
#2369 = ADVANCED_FACE('',(#2370),#2397,.T.);
#2370 = FACE_BOUND('',#2371,.T.);
#2371 = EDGE_LOOP('',(#2372,#2382,#2389,#2390));
#2372 = ORIENTED_EDGE('',*,*,#2373,.T.);
#2373 = EDGE_CURVE('',#2374,#2376,#2378,.T.);
#2374 = VERTEX_POINT('',#2375);
#2375 = CARTESIAN_POINT('',(-0.95525,0.635,0.));
#2376 = VERTEX_POINT('',#2377);
#2377 = CARTESIAN_POINT('',(-0.95525,0.635,-1.6));
#2378 = LINE('',#2379,#2380);
#2379 = CARTESIAN_POINT('',(-0.95525,0.635,0.));
#2380 = VECTOR('',#2381,1.);
#2381 = DIRECTION('',(-0.,-0.,-1.));
#2382 = ORIENTED_EDGE('',*,*,#2383,.T.);
#2383 = EDGE_CURVE('',#2376,#2376,#2384,.T.);
#2384 = CIRCLE('',#2385,0.31475);
#2385 = AXIS2_PLACEMENT_3D('',#2386,#2387,#2388);
#2386 = CARTESIAN_POINT('',(-1.27,0.635,-1.6));
#2387 = DIRECTION('',(0.,0.,1.));
#2388 = DIRECTION('',(1.,0.,0.));
#2389 = ORIENTED_EDGE('',*,*,#2373,.F.);
#2390 = ORIENTED_EDGE('',*,*,#2391,.F.);
#2391 = EDGE_CURVE('',#2374,#2374,#2392,.T.);
#2392 = CIRCLE('',#2393,0.31475);
#2393 = AXIS2_PLACEMENT_3D('',#2394,#2395,#2396);
#2394 = CARTESIAN_POINT('',(-1.27,0.635,0.));
#2395 = DIRECTION('',(0.,0.,1.));
#2396 = DIRECTION('',(1.,0.,0.));
#2397 = CYLINDRICAL_SURFACE('',#2398,0.31475);
#2398 = AXIS2_PLACEMENT_3D('',#2399,#2400,#2401);
#2399 = CARTESIAN_POINT('',(-1.27,0.635,0.));
#2400 = DIRECTION('',(0.,0.,1.));
#2401 = DIRECTION('',(1.,0.,0.));
#2402 = ADVANCED_FACE('',(#2403),#2430,.F.);
#2403 = FACE_BOUND('',#2404,.F.);
#2404 = EDGE_LOOP('',(#2405,#2415,#2422,#2423));
#2405 = ORIENTED_EDGE('',*,*,#2406,.T.);
#2406 = EDGE_CURVE('',#2407,#2409,#2411,.T.);
#2407 = VERTEX_POINT('',#2408);
#2408 = CARTESIAN_POINT('',(-0.96525,0.635,0.));
#2409 = VERTEX_POINT('',#2410);
#2410 = CARTESIAN_POINT('',(-0.96525,0.635,-1.6));
#2411 = LINE('',#2412,#2413);
#2412 = CARTESIAN_POINT('',(-0.96525,0.635,0.));
#2413 = VECTOR('',#2414,1.);
#2414 = DIRECTION('',(-0.,-0.,-1.));
#2415 = ORIENTED_EDGE('',*,*,#2416,.T.);
#2416 = EDGE_CURVE('',#2409,#2409,#2417,.T.);
#2417 = CIRCLE('',#2418,0.30475);
#2418 = AXIS2_PLACEMENT_3D('',#2419,#2420,#2421);
#2419 = CARTESIAN_POINT('',(-1.27,0.635,-1.6));
#2420 = DIRECTION('',(0.,0.,1.));
#2421 = DIRECTION('',(1.,0.,0.));
#2422 = ORIENTED_EDGE('',*,*,#2406,.F.);
#2423 = ORIENTED_EDGE('',*,*,#2424,.F.);
#2424 = EDGE_CURVE('',#2407,#2407,#2425,.T.);
#2425 = CIRCLE('',#2426,0.30475);
#2426 = AXIS2_PLACEMENT_3D('',#2427,#2428,#2429);
#2427 = CARTESIAN_POINT('',(-1.27,0.635,0.));
#2428 = DIRECTION('',(0.,0.,1.));
#2429 = DIRECTION('',(1.,0.,0.));
#2430 = CYLINDRICAL_SURFACE('',#2431,0.30475);
#2431 = AXIS2_PLACEMENT_3D('',#2432,#2433,#2434);
#2432 = CARTESIAN_POINT('',(-1.27,0.635,0.));
#2433 = DIRECTION('',(0.,0.,1.));
#2434 = DIRECTION('',(1.,0.,0.));
#2435 = ADVANCED_FACE('',(#2436,#2439),#2442,.T.);
#2436 = FACE_BOUND('',#2437,.F.);
#2437 = EDGE_LOOP('',(#2438));
#2438 = ORIENTED_EDGE('',*,*,#2391,.F.);
#2439 = FACE_BOUND('',#2440,.F.);
#2440 = EDGE_LOOP('',(#2441));
#2441 = ORIENTED_EDGE('',*,*,#2424,.T.);
#2442 = PLANE('',#2443);
#2443 = AXIS2_PLACEMENT_3D('',#2444,#2445,#2446);
#2444 = CARTESIAN_POINT('',(-1.27,0.635,0.));
#2445 = DIRECTION('',(0.,0.,1.));
#2446 = DIRECTION('',(1.,0.,0.));
#2447 = ADVANCED_FACE('',(#2448,#2451),#2454,.F.);
#2448 = FACE_BOUND('',#2449,.T.);
#2449 = EDGE_LOOP('',(#2450));
#2450 = ORIENTED_EDGE('',*,*,#2383,.F.);
#2451 = FACE_BOUND('',#2452,.T.);
#2452 = EDGE_LOOP('',(#2453));
#2453 = ORIENTED_EDGE('',*,*,#2416,.T.);
#2454 = PLANE('',#2455);
#2455 = AXIS2_PLACEMENT_3D('',#2456,#2457,#2458);
#2456 = CARTESIAN_POINT('',(-1.27,0.635,-1.6));
#2457 = DIRECTION('',(0.,0.,1.));
#2458 = DIRECTION('',(1.,0.,0.));
#2459 = MANIFOLD_SOLID_BREP('',#2460);
#2460 = CLOSED_SHELL('',(#2461,#2494,#2527,#2539));
#2461 = ADVANCED_FACE('',(#2462),#2489,.T.);
#2462 = FACE_BOUND('',#2463,.T.);
#2463 = EDGE_LOOP('',(#2464,#2474,#2481,#2482));
#2464 = ORIENTED_EDGE('',*,*,#2465,.T.);
#2465 = EDGE_CURVE('',#2466,#2468,#2470,.T.);
#2466 = VERTEX_POINT('',#2467);
#2467 = CARTESIAN_POINT('',(0.31475,0.635,0.));
#2468 = VERTEX_POINT('',#2469);
#2469 = CARTESIAN_POINT('',(0.31475,0.635,-1.6));
#2470 = LINE('',#2471,#2472);
#2471 = CARTESIAN_POINT('',(0.31475,0.635,0.));
#2472 = VECTOR('',#2473,1.);
#2473 = DIRECTION('',(-0.,-0.,-1.));
#2474 = ORIENTED_EDGE('',*,*,#2475,.T.);
#2475 = EDGE_CURVE('',#2468,#2468,#2476,.T.);
#2476 = CIRCLE('',#2477,0.31475);
#2477 = AXIS2_PLACEMENT_3D('',#2478,#2479,#2480);
#2478 = CARTESIAN_POINT('',(0.,0.635,-1.6));
#2479 = DIRECTION('',(0.,0.,1.));
#2480 = DIRECTION('',(1.,0.,0.));
#2481 = ORIENTED_EDGE('',*,*,#2465,.F.);
#2482 = ORIENTED_EDGE('',*,*,#2483,.F.);
#2483 = EDGE_CURVE('',#2466,#2466,#2484,.T.);
#2484 = CIRCLE('',#2485,0.31475);
#2485 = AXIS2_PLACEMENT_3D('',#2486,#2487,#2488);
#2486 = CARTESIAN_POINT('',(0.,0.635,0.));
#2487 = DIRECTION('',(0.,0.,1.));
#2488 = DIRECTION('',(1.,0.,0.));
#2489 = CYLINDRICAL_SURFACE('',#2490,0.31475);
#2490 = AXIS2_PLACEMENT_3D('',#2491,#2492,#2493);
#2491 = CARTESIAN_POINT('',(0.,0.635,0.));
#2492 = DIRECTION('',(0.,0.,1.));
#2493 = DIRECTION('',(1.,0.,0.));
#2494 = ADVANCED_FACE('',(#2495),#2522,.F.);
#2495 = FACE_BOUND('',#2496,.F.);
#2496 = EDGE_LOOP('',(#2497,#2507,#2514,#2515));
#2497 = ORIENTED_EDGE('',*,*,#2498,.T.);
#2498 = EDGE_CURVE('',#2499,#2501,#2503,.T.);
#2499 = VERTEX_POINT('',#2500);
#2500 = CARTESIAN_POINT('',(0.30475,0.635,0.));
#2501 = VERTEX_POINT('',#2502);
#2502 = CARTESIAN_POINT('',(0.30475,0.635,-1.6));
#2503 = LINE('',#2504,#2505);
#2504 = CARTESIAN_POINT('',(0.30475,0.635,0.));
#2505 = VECTOR('',#2506,1.);
#2506 = DIRECTION('',(-0.,-0.,-1.));
#2507 = ORIENTED_EDGE('',*,*,#2508,.T.);
#2508 = EDGE_CURVE('',#2501,#2501,#2509,.T.);
#2509 = CIRCLE('',#2510,0.30475);
#2510 = AXIS2_PLACEMENT_3D('',#2511,#2512,#2513);
#2511 = CARTESIAN_POINT('',(0.,0.635,-1.6));
#2512 = DIRECTION('',(0.,0.,1.));
#2513 = DIRECTION('',(1.,0.,0.));
#2514 = ORIENTED_EDGE('',*,*,#2498,.F.);
#2515 = ORIENTED_EDGE('',*,*,#2516,.F.);
#2516 = EDGE_CURVE('',#2499,#2499,#2517,.T.);
#2517 = CIRCLE('',#2518,0.30475);
#2518 = AXIS2_PLACEMENT_3D('',#2519,#2520,#2521);
#2519 = CARTESIAN_POINT('',(0.,0.635,0.));
#2520 = DIRECTION('',(0.,0.,1.));
#2521 = DIRECTION('',(1.,0.,0.));
#2522 = CYLINDRICAL_SURFACE('',#2523,0.30475);
#2523 = AXIS2_PLACEMENT_3D('',#2524,#2525,#2526);
#2524 = CARTESIAN_POINT('',(0.,0.635,0.));
#2525 = DIRECTION('',(0.,0.,1.));
#2526 = DIRECTION('',(1.,0.,0.));
#2527 = ADVANCED_FACE('',(#2528,#2531),#2534,.T.);
#2528 = FACE_BOUND('',#2529,.F.);
#2529 = EDGE_LOOP('',(#2530));
#2530 = ORIENTED_EDGE('',*,*,#2483,.F.);
#2531 = FACE_BOUND('',#2532,.F.);
#2532 = EDGE_LOOP('',(#2533));
#2533 = ORIENTED_EDGE('',*,*,#2516,.T.);
#2534 = PLANE('',#2535);
#2535 = AXIS2_PLACEMENT_3D('',#2536,#2537,#2538);
#2536 = CARTESIAN_POINT('',(-2.586713325778E-17,0.635,0.));
#2537 = DIRECTION('',(0.,0.,1.));
#2538 = DIRECTION('',(1.,0.,0.));
#2539 = ADVANCED_FACE('',(#2540,#2543),#2546,.F.);
#2540 = FACE_BOUND('',#2541,.T.);
#2541 = EDGE_LOOP('',(#2542));
#2542 = ORIENTED_EDGE('',*,*,#2475,.F.);
#2543 = FACE_BOUND('',#2544,.T.);
#2544 = EDGE_LOOP('',(#2545));
#2545 = ORIENTED_EDGE('',*,*,#2508,.T.);
#2546 = PLANE('',#2547);
#2547 = AXIS2_PLACEMENT_3D('',#2548,#2549,#2550);
#2548 = CARTESIAN_POINT('',(-2.586713325778E-17,0.635,-1.6));
#2549 = DIRECTION('',(0.,0.,1.));
#2550 = DIRECTION('',(1.,0.,0.));
#2551 = MANIFOLD_SOLID_BREP('',#2552);
#2552 = CLOSED_SHELL('',(#2553,#2586,#2619,#2631));
#2553 = ADVANCED_FACE('',(#2554),#2581,.T.);
#2554 = FACE_BOUND('',#2555,.T.);
#2555 = EDGE_LOOP('',(#2556,#2566,#2573,#2574));
#2556 = ORIENTED_EDGE('',*,*,#2557,.T.);
#2557 = EDGE_CURVE('',#2558,#2560,#2562,.T.);
#2558 = VERTEX_POINT('',#2559);
#2559 = CARTESIAN_POINT('',(1.58475,0.635,0.));
#2560 = VERTEX_POINT('',#2561);
#2561 = CARTESIAN_POINT('',(1.58475,0.635,-1.6));
#2562 = LINE('',#2563,#2564);
#2563 = CARTESIAN_POINT('',(1.58475,0.635,0.));
#2564 = VECTOR('',#2565,1.);
#2565 = DIRECTION('',(-0.,-0.,-1.));
#2566 = ORIENTED_EDGE('',*,*,#2567,.T.);
#2567 = EDGE_CURVE('',#2560,#2560,#2568,.T.);
#2568 = CIRCLE('',#2569,0.31475);
#2569 = AXIS2_PLACEMENT_3D('',#2570,#2571,#2572);
#2570 = CARTESIAN_POINT('',(1.27,0.635,-1.6));
#2571 = DIRECTION('',(0.,0.,1.));
#2572 = DIRECTION('',(1.,0.,0.));
#2573 = ORIENTED_EDGE('',*,*,#2557,.F.);
#2574 = ORIENTED_EDGE('',*,*,#2575,.F.);
#2575 = EDGE_CURVE('',#2558,#2558,#2576,.T.);
#2576 = CIRCLE('',#2577,0.31475);
#2577 = AXIS2_PLACEMENT_3D('',#2578,#2579,#2580);
#2578 = CARTESIAN_POINT('',(1.27,0.635,0.));
#2579 = DIRECTION('',(0.,0.,1.));
#2580 = DIRECTION('',(1.,0.,0.));
#2581 = CYLINDRICAL_SURFACE('',#2582,0.31475);
#2582 = AXIS2_PLACEMENT_3D('',#2583,#2584,#2585);
#2583 = CARTESIAN_POINT('',(1.27,0.635,0.));
#2584 = DIRECTION('',(0.,0.,1.));
#2585 = DIRECTION('',(1.,0.,0.));
#2586 = ADVANCED_FACE('',(#2587),#2614,.F.);
#2587 = FACE_BOUND('',#2588,.F.);
#2588 = EDGE_LOOP('',(#2589,#2599,#2606,#2607));
#2589 = ORIENTED_EDGE('',*,*,#2590,.T.);
#2590 = EDGE_CURVE('',#2591,#2593,#2595,.T.);
#2591 = VERTEX_POINT('',#2592);
#2592 = CARTESIAN_POINT('',(1.57475,0.635,0.));
#2593 = VERTEX_POINT('',#2594);
#2594 = CARTESIAN_POINT('',(1.57475,0.635,-1.6));
#2595 = LINE('',#2596,#2597);
#2596 = CARTESIAN_POINT('',(1.57475,0.635,0.));
#2597 = VECTOR('',#2598,1.);
#2598 = DIRECTION('',(-0.,-0.,-1.));
#2599 = ORIENTED_EDGE('',*,*,#2600,.T.);
#2600 = EDGE_CURVE('',#2593,#2593,#2601,.T.);
#2601 = CIRCLE('',#2602,0.30475);
#2602 = AXIS2_PLACEMENT_3D('',#2603,#2604,#2605);
#2603 = CARTESIAN_POINT('',(1.27,0.635,-1.6));
#2604 = DIRECTION('',(0.,0.,1.));
#2605 = DIRECTION('',(1.,0.,0.));
#2606 = ORIENTED_EDGE('',*,*,#2590,.F.);
#2607 = ORIENTED_EDGE('',*,*,#2608,.F.);
#2608 = EDGE_CURVE('',#2591,#2591,#2609,.T.);
#2609 = CIRCLE('',#2610,0.30475);
#2610 = AXIS2_PLACEMENT_3D('',#2611,#2612,#2613);
#2611 = CARTESIAN_POINT('',(1.27,0.635,0.));
#2612 = DIRECTION('',(0.,0.,1.));
#2613 = DIRECTION('',(1.,0.,0.));
#2614 = CYLINDRICAL_SURFACE('',#2615,0.30475);
#2615 = AXIS2_PLACEMENT_3D('',#2616,#2617,#2618);
#2616 = CARTESIAN_POINT('',(1.27,0.635,0.));
#2617 = DIRECTION('',(0.,0.,1.));
#2618 = DIRECTION('',(1.,0.,0.));
#2619 = ADVANCED_FACE('',(#2620,#2623),#2626,.T.);
#2620 = FACE_BOUND('',#2621,.F.);
#2621 = EDGE_LOOP('',(#2622));
#2622 = ORIENTED_EDGE('',*,*,#2575,.F.);
#2623 = FACE_BOUND('',#2624,.F.);
#2624 = EDGE_LOOP('',(#2625));
#2625 = ORIENTED_EDGE('',*,*,#2608,.T.);
#2626 = PLANE('',#2627);
#2627 = AXIS2_PLACEMENT_3D('',#2628,#2629,#2630);
#2628 = CARTESIAN_POINT('',(1.27,0.635,0.));
#2629 = DIRECTION('',(0.,0.,1.));
#2630 = DIRECTION('',(1.,0.,0.));
#2631 = ADVANCED_FACE('',(#2632,#2635),#2638,.F.);
#2632 = FACE_BOUND('',#2633,.T.);
#2633 = EDGE_LOOP('',(#2634));
#2634 = ORIENTED_EDGE('',*,*,#2567,.F.);
#2635 = FACE_BOUND('',#2636,.T.);
#2636 = EDGE_LOOP('',(#2637));
#2637 = ORIENTED_EDGE('',*,*,#2600,.T.);
#2638 = PLANE('',#2639);
#2639 = AXIS2_PLACEMENT_3D('',#2640,#2641,#2642);
#2640 = CARTESIAN_POINT('',(1.27,0.635,-1.6));
#2641 = DIRECTION('',(0.,0.,1.));
#2642 = DIRECTION('',(1.,0.,0.));
#2643 = MANIFOLD_SOLID_BREP('',#2644);
#2644 = CLOSED_SHELL('',(#2645,#2678,#2711,#2723));
#2645 = ADVANCED_FACE('',(#2646),#2673,.T.);
#2646 = FACE_BOUND('',#2647,.T.);
#2647 = EDGE_LOOP('',(#2648,#2658,#2665,#2666));
#2648 = ORIENTED_EDGE('',*,*,#2649,.T.);
#2649 = EDGE_CURVE('',#2650,#2652,#2654,.T.);
#2650 = VERTEX_POINT('',#2651);
#2651 = CARTESIAN_POINT('',(1.58475,-0.635,0.));
#2652 = VERTEX_POINT('',#2653);
#2653 = CARTESIAN_POINT('',(1.58475,-0.635,-1.6));
#2654 = LINE('',#2655,#2656);
#2655 = CARTESIAN_POINT('',(1.58475,-0.635,0.));
#2656 = VECTOR('',#2657,1.);
#2657 = DIRECTION('',(-0.,-0.,-1.));
#2658 = ORIENTED_EDGE('',*,*,#2659,.T.);
#2659 = EDGE_CURVE('',#2652,#2652,#2660,.T.);
#2660 = CIRCLE('',#2661,0.31475);
#2661 = AXIS2_PLACEMENT_3D('',#2662,#2663,#2664);
#2662 = CARTESIAN_POINT('',(1.27,-0.635,-1.6));
#2663 = DIRECTION('',(0.,0.,1.));
#2664 = DIRECTION('',(1.,0.,0.));
#2665 = ORIENTED_EDGE('',*,*,#2649,.F.);
#2666 = ORIENTED_EDGE('',*,*,#2667,.F.);
#2667 = EDGE_CURVE('',#2650,#2650,#2668,.T.);
#2668 = CIRCLE('',#2669,0.31475);
#2669 = AXIS2_PLACEMENT_3D('',#2670,#2671,#2672);
#2670 = CARTESIAN_POINT('',(1.27,-0.635,0.));
#2671 = DIRECTION('',(0.,0.,1.));
#2672 = DIRECTION('',(1.,0.,0.));
#2673 = CYLINDRICAL_SURFACE('',#2674,0.31475);
#2674 = AXIS2_PLACEMENT_3D('',#2675,#2676,#2677);
#2675 = CARTESIAN_POINT('',(1.27,-0.635,0.));
#2676 = DIRECTION('',(0.,0.,1.));
#2677 = DIRECTION('',(1.,0.,0.));
#2678 = ADVANCED_FACE('',(#2679),#2706,.F.);
#2679 = FACE_BOUND('',#2680,.F.);
#2680 = EDGE_LOOP('',(#2681,#2691,#2698,#2699));
#2681 = ORIENTED_EDGE('',*,*,#2682,.T.);
#2682 = EDGE_CURVE('',#2683,#2685,#2687,.T.);
#2683 = VERTEX_POINT('',#2684);
#2684 = CARTESIAN_POINT('',(1.57475,-0.635,0.));
#2685 = VERTEX_POINT('',#2686);
#2686 = CARTESIAN_POINT('',(1.57475,-0.635,-1.6));
#2687 = LINE('',#2688,#2689);
#2688 = CARTESIAN_POINT('',(1.57475,-0.635,0.));
#2689 = VECTOR('',#2690,1.);
#2690 = DIRECTION('',(-0.,-0.,-1.));
#2691 = ORIENTED_EDGE('',*,*,#2692,.T.);
#2692 = EDGE_CURVE('',#2685,#2685,#2693,.T.);
#2693 = CIRCLE('',#2694,0.30475);
#2694 = AXIS2_PLACEMENT_3D('',#2695,#2696,#2697);
#2695 = CARTESIAN_POINT('',(1.27,-0.635,-1.6));
#2696 = DIRECTION('',(0.,0.,1.));
#2697 = DIRECTION('',(1.,0.,0.));
#2698 = ORIENTED_EDGE('',*,*,#2682,.F.);
#2699 = ORIENTED_EDGE('',*,*,#2700,.F.);
#2700 = EDGE_CURVE('',#2683,#2683,#2701,.T.);
#2701 = CIRCLE('',#2702,0.30475);
#2702 = AXIS2_PLACEMENT_3D('',#2703,#2704,#2705);
#2703 = CARTESIAN_POINT('',(1.27,-0.635,0.));
#2704 = DIRECTION('',(0.,0.,1.));
#2705 = DIRECTION('',(1.,0.,0.));
#2706 = CYLINDRICAL_SURFACE('',#2707,0.30475);
#2707 = AXIS2_PLACEMENT_3D('',#2708,#2709,#2710);
#2708 = CARTESIAN_POINT('',(1.27,-0.635,0.));
#2709 = DIRECTION('',(0.,0.,1.));
#2710 = DIRECTION('',(1.,0.,0.));
#2711 = ADVANCED_FACE('',(#2712,#2715),#2718,.T.);
#2712 = FACE_BOUND('',#2713,.F.);
#2713 = EDGE_LOOP('',(#2714));
#2714 = ORIENTED_EDGE('',*,*,#2667,.F.);
#2715 = FACE_BOUND('',#2716,.F.);
#2716 = EDGE_LOOP('',(#2717));
#2717 = ORIENTED_EDGE('',*,*,#2700,.T.);
#2718 = PLANE('',#2719);
#2719 = AXIS2_PLACEMENT_3D('',#2720,#2721,#2722);
#2720 = CARTESIAN_POINT('',(1.27,-0.635,0.));
#2721 = DIRECTION('',(0.,0.,1.));
#2722 = DIRECTION('',(1.,0.,0.));
#2723 = ADVANCED_FACE('',(#2724,#2727),#2730,.F.);
#2724 = FACE_BOUND('',#2725,.T.);
#2725 = EDGE_LOOP('',(#2726));
#2726 = ORIENTED_EDGE('',*,*,#2659,.F.);
#2727 = FACE_BOUND('',#2728,.T.);
#2728 = EDGE_LOOP('',(#2729));
#2729 = ORIENTED_EDGE('',*,*,#2692,.T.);
#2730 = PLANE('',#2731);
#2731 = AXIS2_PLACEMENT_3D('',#2732,#2733,#2734);
#2732 = CARTESIAN_POINT('',(1.27,-0.635,-1.6));
#2733 = DIRECTION('',(0.,0.,1.));
#2734 = DIRECTION('',(1.,0.,0.));
#2735 = MANIFOLD_SOLID_BREP('',#2736);
#2736 = CLOSED_SHELL('',(#2737,#2770,#2803,#2815));
#2737 = ADVANCED_FACE('',(#2738),#2765,.T.);
#2738 = FACE_BOUND('',#2739,.T.);
#2739 = EDGE_LOOP('',(#2740,#2750,#2757,#2758));
#2740 = ORIENTED_EDGE('',*,*,#2741,.T.);
#2741 = EDGE_CURVE('',#2742,#2744,#2746,.T.);
#2742 = VERTEX_POINT('',#2743);
#2743 = CARTESIAN_POINT('',(0.31475,-0.635,0.));
#2744 = VERTEX_POINT('',#2745);
#2745 = CARTESIAN_POINT('',(0.31475,-0.635,-1.6));
#2746 = LINE('',#2747,#2748);
#2747 = CARTESIAN_POINT('',(0.31475,-0.635,0.));
#2748 = VECTOR('',#2749,1.);
#2749 = DIRECTION('',(-0.,-0.,-1.));
#2750 = ORIENTED_EDGE('',*,*,#2751,.T.);
#2751 = EDGE_CURVE('',#2744,#2744,#2752,.T.);
#2752 = CIRCLE('',#2753,0.31475);
#2753 = AXIS2_PLACEMENT_3D('',#2754,#2755,#2756);
#2754 = CARTESIAN_POINT('',(0.,-0.635,-1.6));
#2755 = DIRECTION('',(0.,0.,1.));
#2756 = DIRECTION('',(1.,0.,0.));
#2757 = ORIENTED_EDGE('',*,*,#2741,.F.);
#2758 = ORIENTED_EDGE('',*,*,#2759,.F.);
#2759 = EDGE_CURVE('',#2742,#2742,#2760,.T.);
#2760 = CIRCLE('',#2761,0.31475);
#2761 = AXIS2_PLACEMENT_3D('',#2762,#2763,#2764);
#2762 = CARTESIAN_POINT('',(0.,-0.635,0.));
#2763 = DIRECTION('',(0.,0.,1.));
#2764 = DIRECTION('',(1.,0.,0.));
#2765 = CYLINDRICAL_SURFACE('',#2766,0.31475);
#2766 = AXIS2_PLACEMENT_3D('',#2767,#2768,#2769);
#2767 = CARTESIAN_POINT('',(0.,-0.635,0.));
#2768 = DIRECTION('',(0.,0.,1.));
#2769 = DIRECTION('',(1.,0.,0.));
#2770 = ADVANCED_FACE('',(#2771),#2798,.F.);
#2771 = FACE_BOUND('',#2772,.F.);
#2772 = EDGE_LOOP('',(#2773,#2783,#2790,#2791));
#2773 = ORIENTED_EDGE('',*,*,#2774,.T.);
#2774 = EDGE_CURVE('',#2775,#2777,#2779,.T.);
#2775 = VERTEX_POINT('',#2776);
#2776 = CARTESIAN_POINT('',(0.30475,-0.635,0.));
#2777 = VERTEX_POINT('',#2778);
#2778 = CARTESIAN_POINT('',(0.30475,-0.635,-1.6));
#2779 = LINE('',#2780,#2781);
#2780 = CARTESIAN_POINT('',(0.30475,-0.635,0.));
#2781 = VECTOR('',#2782,1.);
#2782 = DIRECTION('',(-0.,-0.,-1.));
#2783 = ORIENTED_EDGE('',*,*,#2784,.T.);
#2784 = EDGE_CURVE('',#2777,#2777,#2785,.T.);
#2785 = CIRCLE('',#2786,0.30475);
#2786 = AXIS2_PLACEMENT_3D('',#2787,#2788,#2789);
#2787 = CARTESIAN_POINT('',(0.,-0.635,-1.6));
#2788 = DIRECTION('',(0.,0.,1.));
#2789 = DIRECTION('',(1.,0.,0.));
#2790 = ORIENTED_EDGE('',*,*,#2774,.F.);
#2791 = ORIENTED_EDGE('',*,*,#2792,.F.);
#2792 = EDGE_CURVE('',#2775,#2775,#2793,.T.);
#2793 = CIRCLE('',#2794,0.30475);
#2794 = AXIS2_PLACEMENT_3D('',#2795,#2796,#2797);
#2795 = CARTESIAN_POINT('',(0.,-0.635,0.));
#2796 = DIRECTION('',(0.,0.,1.));
#2797 = DIRECTION('',(1.,0.,0.));
#2798 = CYLINDRICAL_SURFACE('',#2799,0.30475);
#2799 = AXIS2_PLACEMENT_3D('',#2800,#2801,#2802);
#2800 = CARTESIAN_POINT('',(0.,-0.635,0.));
#2801 = DIRECTION('',(0.,0.,1.));
#2802 = DIRECTION('',(1.,0.,0.));
#2803 = ADVANCED_FACE('',(#2804,#2807),#2810,.T.);
#2804 = FACE_BOUND('',#2805,.F.);
#2805 = EDGE_LOOP('',(#2806));
#2806 = ORIENTED_EDGE('',*,*,#2759,.F.);
#2807 = FACE_BOUND('',#2808,.F.);
#2808 = EDGE_LOOP('',(#2809));
#2809 = ORIENTED_EDGE('',*,*,#2792,.T.);
#2810 = PLANE('',#2811);
#2811 = AXIS2_PLACEMENT_3D('',#2812,#2813,#2814);
#2812 = CARTESIAN_POINT('',(-2.155594438149E-17,-0.635,0.));
#2813 = DIRECTION('',(0.,0.,1.));
#2814 = DIRECTION('',(1.,0.,0.));
#2815 = ADVANCED_FACE('',(#2816,#2819),#2822,.F.);
#2816 = FACE_BOUND('',#2817,.T.);
#2817 = EDGE_LOOP('',(#2818));
#2818 = ORIENTED_EDGE('',*,*,#2751,.F.);
#2819 = FACE_BOUND('',#2820,.T.);
#2820 = EDGE_LOOP('',(#2821));
#2821 = ORIENTED_EDGE('',*,*,#2784,.T.);
#2822 = PLANE('',#2823);
#2823 = AXIS2_PLACEMENT_3D('',#2824,#2825,#2826);
#2824 = CARTESIAN_POINT('',(-2.155594438149E-17,-0.635,-1.6));
#2825 = DIRECTION('',(0.,0.,1.));
#2826 = DIRECTION('',(1.,0.,0.));
#2827 = MANIFOLD_SOLID_BREP('',#2828);
#2828 = CLOSED_SHELL('',(#2829,#2862,#2895,#2907));
#2829 = ADVANCED_FACE('',(#2830),#2857,.T.);
#2830 = FACE_BOUND('',#2831,.T.);
#2831 = EDGE_LOOP('',(#2832,#2842,#2849,#2850));
#2832 = ORIENTED_EDGE('',*,*,#2833,.T.);
#2833 = EDGE_CURVE('',#2834,#2836,#2838,.T.);
#2834 = VERTEX_POINT('',#2835);
#2835 = CARTESIAN_POINT('',(-0.95525,-0.635,0.));
#2836 = VERTEX_POINT('',#2837);
#2837 = CARTESIAN_POINT('',(-0.95525,-0.635,-1.6));
#2838 = LINE('',#2839,#2840);
#2839 = CARTESIAN_POINT('',(-0.95525,-0.635,0.));
#2840 = VECTOR('',#2841,1.);
#2841 = DIRECTION('',(-0.,-0.,-1.));
#2842 = ORIENTED_EDGE('',*,*,#2843,.T.);
#2843 = EDGE_CURVE('',#2836,#2836,#2844,.T.);
#2844 = CIRCLE('',#2845,0.31475);
#2845 = AXIS2_PLACEMENT_3D('',#2846,#2847,#2848);
#2846 = CARTESIAN_POINT('',(-1.27,-0.635,-1.6));
#2847 = DIRECTION('',(0.,0.,1.));
#2848 = DIRECTION('',(1.,0.,0.));
#2849 = ORIENTED_EDGE('',*,*,#2833,.F.);
#2850 = ORIENTED_EDGE('',*,*,#2851,.F.);
#2851 = EDGE_CURVE('',#2834,#2834,#2852,.T.);
#2852 = CIRCLE('',#2853,0.31475);
#2853 = AXIS2_PLACEMENT_3D('',#2854,#2855,#2856);
#2854 = CARTESIAN_POINT('',(-1.27,-0.635,0.));
#2855 = DIRECTION('',(0.,0.,1.));
#2856 = DIRECTION('',(1.,0.,0.));
#2857 = CYLINDRICAL_SURFACE('',#2858,0.31475);
#2858 = AXIS2_PLACEMENT_3D('',#2859,#2860,#2861);
#2859 = CARTESIAN_POINT('',(-1.27,-0.635,0.));
#2860 = DIRECTION('',(0.,0.,1.));
#2861 = DIRECTION('',(1.,0.,0.));
#2862 = ADVANCED_FACE('',(#2863),#2890,.F.);
#2863 = FACE_BOUND('',#2864,.F.);
#2864 = EDGE_LOOP('',(#2865,#2875,#2882,#2883));
#2865 = ORIENTED_EDGE('',*,*,#2866,.T.);
#2866 = EDGE_CURVE('',#2867,#2869,#2871,.T.);
#2867 = VERTEX_POINT('',#2868);
#2868 = CARTESIAN_POINT('',(-0.96525,-0.635,0.));
#2869 = VERTEX_POINT('',#2870);
#2870 = CARTESIAN_POINT('',(-0.96525,-0.635,-1.6));
#2871 = LINE('',#2872,#2873);
#2872 = CARTESIAN_POINT('',(-0.96525,-0.635,0.));
#2873 = VECTOR('',#2874,1.);
#2874 = DIRECTION('',(-0.,-0.,-1.));
#2875 = ORIENTED_EDGE('',*,*,#2876,.T.);
#2876 = EDGE_CURVE('',#2869,#2869,#2877,.T.);
#2877 = CIRCLE('',#2878,0.30475);
#2878 = AXIS2_PLACEMENT_3D('',#2879,#2880,#2881);
#2879 = CARTESIAN_POINT('',(-1.27,-0.635,-1.6));
#2880 = DIRECTION('',(0.,0.,1.));
#2881 = DIRECTION('',(1.,0.,0.));
#2882 = ORIENTED_EDGE('',*,*,#2866,.F.);
#2883 = ORIENTED_EDGE('',*,*,#2884,.F.);
#2884 = EDGE_CURVE('',#2867,#2867,#2885,.T.);
#2885 = CIRCLE('',#2886,0.30475);
#2886 = AXIS2_PLACEMENT_3D('',#2887,#2888,#2889);
#2887 = CARTESIAN_POINT('',(-1.27,-0.635,0.));
#2888 = DIRECTION('',(0.,0.,1.));
#2889 = DIRECTION('',(1.,0.,0.));
#2890 = CYLINDRICAL_SURFACE('',#2891,0.30475);
#2891 = AXIS2_PLACEMENT_3D('',#2892,#2893,#2894);
#2892 = CARTESIAN_POINT('',(-1.27,-0.635,0.));
#2893 = DIRECTION('',(0.,0.,1.));
#2894 = DIRECTION('',(1.,0.,0.));
#2895 = ADVANCED_FACE('',(#2896,#2899),#2902,.T.);
#2896 = FACE_BOUND('',#2897,.F.);
#2897 = EDGE_LOOP('',(#2898));
#2898 = ORIENTED_EDGE('',*,*,#2851,.F.);
#2899 = FACE_BOUND('',#2900,.F.);
#2900 = EDGE_LOOP('',(#2901));
#2901 = ORIENTED_EDGE('',*,*,#2884,.T.);
#2902 = PLANE('',#2903);
#2903 = AXIS2_PLACEMENT_3D('',#2904,#2905,#2906);
#2904 = CARTESIAN_POINT('',(-1.27,-0.635,0.));
#2905 = DIRECTION('',(0.,0.,1.));
#2906 = DIRECTION('',(1.,0.,0.));
#2907 = ADVANCED_FACE('',(#2908,#2911),#2914,.F.);
#2908 = FACE_BOUND('',#2909,.T.);
#2909 = EDGE_LOOP('',(#2910));
#2910 = ORIENTED_EDGE('',*,*,#2843,.F.);
#2911 = FACE_BOUND('',#2912,.T.);
#2912 = EDGE_LOOP('',(#2913));
#2913 = ORIENTED_EDGE('',*,*,#2876,.T.);
#2914 = PLANE('',#2915);
#2915 = AXIS2_PLACEMENT_3D('',#2916,#2917,#2918);
#2916 = CARTESIAN_POINT('',(-1.27,-0.635,-1.6));
#2917 = DIRECTION('',(0.,0.,1.));
#2918 = DIRECTION('',(1.,0.,0.));
#2919 = ( GEOMETRIC_REPRESENTATION_CONTEXT(3) 
GLOBAL_UNCERTAINTY_ASSIGNED_CONTEXT((#2923)) 
GLOBAL_UNIT_ASSIGNED_CONTEXT((#2920,#2921,#2922)) REPRESENTATION_CONTEXT
('Context #1','3D Context with UNIT and UNCERTAINTY') );
#2920 = ( LENGTH_UNIT() NAMED_UNIT(*) SI_UNIT(.MILLI.,.METRE.) );
#2921 = ( NAMED_UNIT(*) PLANE_ANGLE_UNIT() SI_UNIT($,.RADIAN.) );
#2922 = ( NAMED_UNIT(*) SI_UNIT($,.STERADIAN.) SOLID_ANGLE_UNIT() );
#2923 = UNCERTAINTY_MEASURE_WITH_UNIT(LENGTH_MEASURE(1.E-07),#2920,
  'distance_accuracy_value','confusion accuracy');
#2924 = CONTEXT_DEPENDENT_SHAPE_REPRESENTATION(#2925,#2927);
#2925 = ( REPRESENTATION_RELATIONSHIP('','',#1630,#10) 
REPRESENTATION_RELATIONSHIP_WITH_TRANSFORMATION(#2926) 
SHAPE_REPRESENTATION_RELATIONSHIP() );
#2926 = ITEM_DEFINED_TRANSFORMATION('','',#11,#23);
#2927 = PRODUCT_DEFINITION_SHAPE('Placement','Placement of an item',
  #2928);
#2928 = NEXT_ASSEMBLY_USAGE_OCCURRENCE('3','TH-Drills','',#5,#1625,$);
#2929 = PRODUCT_RELATED_PRODUCT_CATEGORY('part',$,(#1627));
#2930 = SHAPE_DEFINITION_REPRESENTATION(#2931,#2937);
#2931 = PRODUCT_DEFINITION_SHAPE('','',#2932);
#2932 = PRODUCT_DEFINITION('design','',#2933,#2936);
#2933 = PRODUCT_DEFINITION_FORMATION('','',#2934);
#2934 = PRODUCT('F.SilkS_','F.SilkS_','',(#2935));
#2935 = PRODUCT_CONTEXT('',#2,'mechanical');
#2936 = PRODUCT_DEFINITION_CONTEXT('part definition',#2,'design');
#2937 = SHAPE_REPRESENTATION('',(#11,#2938,#2946,#2954,#2969,#2991,#3000
    ),#3009);
#2938 = GEOMETRIC_CURVE_SET('',(#2939));
#2939 = TRIMMED_CURVE('',#2940,(#2944,PARAMETER_VALUE(0.)),(#2945,
    PARAMETER_VALUE(2.948)),.T.,.PARAMETER.);
#2940 = LINE('',#2941,#2942);
#2941 = CARTESIAN_POINT('',(3.302,1.4732,0.));
#2942 = VECTOR('',#2943,1.);
#2943 = DIRECTION('',(0.,-1.,0.));
#2944 = CARTESIAN_POINT('',(3.302,1.4732,0.));
#2945 = CARTESIAN_POINT('',(3.302,-1.4748,0.));
#2946 = GEOMETRIC_CURVE_SET('',(#2947));
#2947 = TRIMMED_CURVE('',#2948,(#2952,PARAMETER_VALUE(0.)),(#2953,
    PARAMETER_VALUE(6.654848473106)),.T.,.PARAMETER.);
#2948 = LINE('',#2949,#2950);
#2949 = CARTESIAN_POINT('',(3.302,-1.4732,0.));
#2950 = VECTOR('',#2951,1.);
#2951 = DIRECTION('',(-0.999992716122,-3.816766092068E-03,0.));
#2952 = CARTESIAN_POINT('',(3.302,-1.4732,0.));
#2953 = CARTESIAN_POINT('',(-3.3528,-1.4986,0.));
#2954 = GEOMETRIC_CURVE_SET('',(#2955,#2962));
#2955 = TRIMMED_CURVE('',#2956,(#2960,PARAMETER_VALUE(0.)),(#2961,
    PARAMETER_VALUE(3.048)),.T.,.PARAMETER.);
#2956 = LINE('',#2957,#2958);
#2957 = CARTESIAN_POINT('',(-3.3274,-1.524,0.));
#2958 = VECTOR('',#2959,1.);
#2959 = DIRECTION('',(0.,1.,0.));
#2960 = CARTESIAN_POINT('',(-3.3274,-1.524,0.));
#2961 = CARTESIAN_POINT('',(-3.3274,1.524,0.));
#2962 = TRIMMED_CURVE('',#2963,(#2967,PARAMETER_VALUE(0.)),(#2968,
    PARAMETER_VALUE(6.6294)),.T.,.PARAMETER.);
#2963 = LINE('',#2964,#2965);
#2964 = CARTESIAN_POINT('',(-3.3274,1.524,0.));
#2965 = VECTOR('',#2966,1.);
#2966 = DIRECTION('',(1.,0.,0.));
#2967 = CARTESIAN_POINT('',(-3.3274,1.524,0.));
#2968 = CARTESIAN_POINT('',(3.302,1.524,0.));
#2969 = GEOMETRIC_CURVE_SET('',(#2970,#2977,#2984));
#2970 = TRIMMED_CURVE('',#2971,(#2975,PARAMETER_VALUE(0.)),(#2976,
    PARAMETER_VALUE(24.)),.T.,.PARAMETER.);
#2971 = LINE('',#2972,#2973);
#2972 = CARTESIAN_POINT('',(15.,-17.,0.));
#2973 = VECTOR('',#2974,1.);
#2974 = DIRECTION('',(0.,1.,0.));
#2975 = CARTESIAN_POINT('',(15.,-17.,0.));
#2976 = CARTESIAN_POINT('',(15.,7.,0.));
#2977 = TRIMMED_CURVE('',#2978,(#2982,PARAMETER_VALUE(0.)),(#2983,
    PARAMETER_VALUE(30.)),.T.,.PARAMETER.);
#2978 = LINE('',#2979,#2980);
#2979 = CARTESIAN_POINT('',(15.,7.,0.));
#2980 = VECTOR('',#2981,1.);
#2981 = DIRECTION('',(-1.,0.,0.));
#2982 = CARTESIAN_POINT('',(15.,7.,0.));
#2983 = CARTESIAN_POINT('',(-15.,7.,0.));
#2984 = TRIMMED_CURVE('',#2985,(#2989,PARAMETER_VALUE(0.)),(#2990,
    PARAMETER_VALUE(24.)),.T.,.PARAMETER.);
#2985 = LINE('',#2986,#2987);
#2986 = CARTESIAN_POINT('',(-15.,7.,0.));
#2987 = VECTOR('',#2988,1.);
#2988 = DIRECTION('',(0.,-1.,0.));
#2989 = CARTESIAN_POINT('',(-15.,7.,0.));
#2990 = CARTESIAN_POINT('',(-15.,-17.,0.));
#2991 = GEOMETRIC_CURVE_SET('',(#2992));
#2992 = TRIMMED_CURVE('',#2993,(#2998,PARAMETER_VALUE(0.)),(#2999,
    PARAMETER_VALUE(6.28318530718)),.T.,.PARAMETER.);
#2993 = CIRCLE('',#2994,2.2360679775);
#2994 = AXIS2_PLACEMENT_3D('',#2995,#2996,#2997);
#2995 = CARTESIAN_POINT('',(10.,-5.,0.));
#2996 = DIRECTION('',(0.,0.,1.));
#2997 = DIRECTION('',(1.,0.,-0.));
#2998 = CARTESIAN_POINT('',(12.2360679775,-5.,0.));
#2999 = CARTESIAN_POINT('',(12.2360679775,-5.,0.));
#3000 = GEOMETRIC_CURVE_SET('',(#3001));
#3001 = TRIMMED_CURVE('',#3002,(#3007,PARAMETER_VALUE(0.)),(#3008,
    PARAMETER_VALUE(6.28318530718)),.T.,.PARAMETER.);
#3002 = CIRCLE('',#3003,2.2360679775);
#3003 = AXIS2_PLACEMENT_3D('',#3004,#3005,#3006);
#3004 = CARTESIAN_POINT('',(-10.,-5.,0.));
#3005 = DIRECTION('',(0.,0.,1.));
#3006 = DIRECTION('',(1.,0.,-0.));
#3007 = CARTESIAN_POINT('',(-7.7639320225,-5.,0.));
#3008 = CARTESIAN_POINT('',(-7.7639320225,-5.,0.));
#3009 = ( GEOMETRIC_REPRESENTATION_CONTEXT(3) 
GLOBAL_UNCERTAINTY_ASSIGNED_CONTEXT((#3013)) 
GLOBAL_UNIT_ASSIGNED_CONTEXT((#3010,#3011,#3012)) REPRESENTATION_CONTEXT
('Context #1','3D Context with UNIT and UNCERTAINTY') );
#3010 = ( LENGTH_UNIT() NAMED_UNIT(*) SI_UNIT(.MILLI.,.METRE.) );
#3011 = ( NAMED_UNIT(*) PLANE_ANGLE_UNIT() SI_UNIT($,.RADIAN.) );
#3012 = ( NAMED_UNIT(*) SI_UNIT($,.STERADIAN.) SOLID_ANGLE_UNIT() );
#3013 = UNCERTAINTY_MEASURE_WITH_UNIT(LENGTH_MEASURE(1.E-07),#3010,
  'distance_accuracy_value','confusion accuracy');
#3014 = CONTEXT_DEPENDENT_SHAPE_REPRESENTATION(#3015,#3017);
#3015 = ( REPRESENTATION_RELATIONSHIP('','',#2937,#10) 
REPRESENTATION_RELATIONSHIP_WITH_TRANSFORMATION(#3016) 
SHAPE_REPRESENTATION_RELATIONSHIP() );
#3016 = ITEM_DEFINED_TRANSFORMATION('','',#11,#27);
#3017 = PRODUCT_DEFINITION_SHAPE('Placement','Placement of an item',
  #3018);
#3018 = NEXT_ASSEMBLY_USAGE_OCCURRENCE('4','F.SilkS_','',#5,#2932,$);
#3019 = PRODUCT_RELATED_PRODUCT_CATEGORY('part',$,(#2934));
#3020 = SHAPE_DEFINITION_REPRESENTATION(#3021,#3027);
#3021 = PRODUCT_DEFINITION_SHAPE('','',#3022);
#3022 = PRODUCT_DEFINITION('design','',#3023,#3026);
#3023 = PRODUCT_DEFINITION_FORMATION('','',#3024);
#3024 = PRODUCT('F.SilkS_outline_','F.SilkS_outline_','',(#3025));
#3025 = PRODUCT_CONTEXT('',#2,'mechanical');
#3026 = PRODUCT_DEFINITION_CONTEXT('part definition',#2,'design');
#3027 = SHAPE_REPRESENTATION('',(#11,#3028,#3059,#3090,#3121,#3152,#3183
    ,#3214,#3245,#3254,#3263,#3272),#3281);
#3028 = GEOMETRIC_CURVE_SET('',(#3029,#3037,#3044,#3052));
#3029 = TRIMMED_CURVE('',#3030,(#3035,PARAMETER_VALUE(1.570796326795)),(
    #3036,PARAMETER_VALUE(4.712388980385)),.T.,.PARAMETER.);
#3030 = CIRCLE('',#3031,7.5E-02);
#3031 = AXIS2_PLACEMENT_3D('',#3032,#3033,#3034);
#3032 = CARTESIAN_POINT('',(3.302,1.4732,0.));
#3033 = DIRECTION('',(-0.,0.,1.));
#3034 = DIRECTION('',(1.110223024625E-16,-1.,0.));
#3035 = CARTESIAN_POINT('',(3.377,1.4732,0.));
#3036 = CARTESIAN_POINT('',(3.227,1.4732,0.));
#3037 = TRIMMED_CURVE('',#3038,(#3042,PARAMETER_VALUE(0.)),(#3043,
    PARAMETER_VALUE(2.948)),.T.,.PARAMETER.);
#3038 = LINE('',#3039,#3040);
#3039 = CARTESIAN_POINT('',(3.227,1.4732,0.));
#3040 = VECTOR('',#3041,1.);
#3041 = DIRECTION('',(1.110223024625E-16,-1.,0.));
#3042 = CARTESIAN_POINT('',(3.227,1.4732,0.));
#3043 = CARTESIAN_POINT('',(3.227,-1.4748,0.));
#3044 = TRIMMED_CURVE('',#3045,(#3050,PARAMETER_VALUE(4.712388980385)),(
    #3051,PARAMETER_VALUE(7.853981633974)),.T.,.PARAMETER.);
#3045 = CIRCLE('',#3046,7.5E-02);
#3046 = AXIS2_PLACEMENT_3D('',#3047,#3048,#3049);
#3047 = CARTESIAN_POINT('',(3.302,-1.4748,0.));
#3048 = DIRECTION('',(-0.,0.,1.));
#3049 = DIRECTION('',(1.110223024625E-16,-1.,0.));
#3050 = CARTESIAN_POINT('',(3.227,-1.4748,0.));
#3051 = CARTESIAN_POINT('',(3.377,-1.4748,0.));
#3052 = TRIMMED_CURVE('',#3053,(#3057,PARAMETER_VALUE(0.)),(#3058,
    PARAMETER_VALUE(2.948)),.T.,.PARAMETER.);
#3053 = LINE('',#3054,#3055);
#3054 = CARTESIAN_POINT('',(3.377,-1.4748,0.));
#3055 = VECTOR('',#3056,1.);
#3056 = DIRECTION('',(-1.110223024625E-16,1.,0.));
#3057 = CARTESIAN_POINT('',(3.377,-1.4748,0.));
#3058 = CARTESIAN_POINT('',(3.377,1.4732,0.));
#3059 = GEOMETRIC_CURVE_SET('',(#3060,#3068,#3075,#3083));
#3060 = TRIMMED_CURVE('',#3061,(#3066,PARAMETER_VALUE(1.570796326795)),(
    #3067,PARAMETER_VALUE(4.712388980385)),.T.,.PARAMETER.);
#3061 = CIRCLE('',#3062,7.5E-02);
#3062 = AXIS2_PLACEMENT_3D('',#3063,#3064,#3065);
#3063 = CARTESIAN_POINT('',(3.302,-1.4732,0.));
#3064 = DIRECTION('',(0.,0.,1.));
#3065 = DIRECTION('',(-0.999992716122,-3.816766092072E-03,0.));
#3066 = CARTESIAN_POINT('',(3.302286257457,-1.548199453709,0.));
#3067 = CARTESIAN_POINT('',(3.301713742543,-1.398200546291,0.));
#3068 = TRIMMED_CURVE('',#3069,(#3073,PARAMETER_VALUE(0.)),(#3074,
    PARAMETER_VALUE(6.654848473106)),.T.,.PARAMETER.);
#3069 = LINE('',#3070,#3071);
#3070 = CARTESIAN_POINT('',(3.301713742543,-1.398200546291,0.));
#3071 = VECTOR('',#3072,1.);
#3072 = DIRECTION('',(-0.999992716122,-3.816766092072E-03,0.));
#3073 = CARTESIAN_POINT('',(3.301713742543,-1.398200546291,0.));
#3074 = CARTESIAN_POINT('',(-3.353086257457,-1.423600546291,0.));
#3075 = TRIMMED_CURVE('',#3076,(#3081,PARAMETER_VALUE(4.712388980385)),(
    #3082,PARAMETER_VALUE(7.853981633974)),.T.,.PARAMETER.);
#3076 = CIRCLE('',#3077,7.5E-02);
#3077 = AXIS2_PLACEMENT_3D('',#3078,#3079,#3080);
#3078 = CARTESIAN_POINT('',(-3.3528,-1.4986,0.));
#3079 = DIRECTION('',(0.,0.,1.));
#3080 = DIRECTION('',(-0.999992716122,-3.816766092072E-03,0.));
#3081 = CARTESIAN_POINT('',(-3.353086257457,-1.423600546291,0.));
#3082 = CARTESIAN_POINT('',(-3.352513742543,-1.573599453709,0.));
#3083 = TRIMMED_CURVE('',#3084,(#3088,PARAMETER_VALUE(0.)),(#3089,
    PARAMETER_VALUE(6.654848473106)),.T.,.PARAMETER.);
#3084 = LINE('',#3085,#3086);
#3085 = CARTESIAN_POINT('',(-3.352513742543,-1.573599453709,0.));
#3086 = VECTOR('',#3087,1.);
#3087 = DIRECTION('',(0.999992716122,3.816766092072E-03,0.));
#3088 = CARTESIAN_POINT('',(-3.352513742543,-1.573599453709,0.));
#3089 = CARTESIAN_POINT('',(3.302286257457,-1.548199453709,0.));
#3090 = GEOMETRIC_CURVE_SET('',(#3091,#3099,#3106,#3114));
#3091 = TRIMMED_CURVE('',#3092,(#3097,PARAMETER_VALUE(1.570796326795)),(
    #3098,PARAMETER_VALUE(4.712388980385)),.T.,.PARAMETER.);
#3092 = CIRCLE('',#3093,7.5E-02);
#3093 = AXIS2_PLACEMENT_3D('',#3094,#3095,#3096);
#3094 = CARTESIAN_POINT('',(-3.3274,-1.524,0.));
#3095 = DIRECTION('',(0.,-0.,1.));
#3096 = DIRECTION('',(1.110223024625E-16,1.,0.));
#3097 = CARTESIAN_POINT('',(-3.4024,-1.524,0.));
#3098 = CARTESIAN_POINT('',(-3.2524,-1.524,0.));
#3099 = TRIMMED_CURVE('',#3100,(#3104,PARAMETER_VALUE(0.)),(#3105,
    PARAMETER_VALUE(3.048)),.T.,.PARAMETER.);
#3100 = LINE('',#3101,#3102);
#3101 = CARTESIAN_POINT('',(-3.2524,-1.524,0.));
#3102 = VECTOR('',#3103,1.);
#3103 = DIRECTION('',(1.110223024625E-16,1.,0.));
#3104 = CARTESIAN_POINT('',(-3.2524,-1.524,0.));
#3105 = CARTESIAN_POINT('',(-3.2524,1.524,0.));
#3106 = TRIMMED_CURVE('',#3107,(#3112,PARAMETER_VALUE(4.712388980385)),(
    #3113,PARAMETER_VALUE(7.853981633974)),.T.,.PARAMETER.);
#3107 = CIRCLE('',#3108,7.5E-02);
#3108 = AXIS2_PLACEMENT_3D('',#3109,#3110,#3111);
#3109 = CARTESIAN_POINT('',(-3.3274,1.524,0.));
#3110 = DIRECTION('',(0.,-0.,1.));
#3111 = DIRECTION('',(1.110223024625E-16,1.,0.));
#3112 = CARTESIAN_POINT('',(-3.2524,1.524,0.));
#3113 = CARTESIAN_POINT('',(-3.4024,1.524,0.));
#3114 = TRIMMED_CURVE('',#3115,(#3119,PARAMETER_VALUE(0.)),(#3120,
    PARAMETER_VALUE(3.048)),.T.,.PARAMETER.);
#3115 = LINE('',#3116,#3117);
#3116 = CARTESIAN_POINT('',(-3.4024,1.524,0.));
#3117 = VECTOR('',#3118,1.);
#3118 = DIRECTION('',(-1.110223024625E-16,-1.,0.));
#3119 = CARTESIAN_POINT('',(-3.4024,1.524,0.));
#3120 = CARTESIAN_POINT('',(-3.4024,-1.524,0.));
#3121 = GEOMETRIC_CURVE_SET('',(#3122,#3130,#3137,#3145));
#3122 = TRIMMED_CURVE('',#3123,(#3128,PARAMETER_VALUE(1.570796326795)),(
    #3129,PARAMETER_VALUE(4.712388980385)),.T.,.PARAMETER.);
#3123 = CIRCLE('',#3124,7.5E-02);
#3124 = AXIS2_PLACEMENT_3D('',#3125,#3126,#3127);
#3125 = CARTESIAN_POINT('',(-3.3274,1.524,0.));
#3126 = DIRECTION('',(0.,0.,1.));
#3127 = DIRECTION('',(1.,0.,0.));
#3128 = CARTESIAN_POINT('',(-3.3274,1.599,0.));
#3129 = CARTESIAN_POINT('',(-3.3274,1.449,0.));
#3130 = TRIMMED_CURVE('',#3131,(#3135,PARAMETER_VALUE(0.)),(#3136,
    PARAMETER_VALUE(6.6294)),.T.,.PARAMETER.);
#3131 = LINE('',#3132,#3133);
#3132 = CARTESIAN_POINT('',(-3.3274,1.449,0.));
#3133 = VECTOR('',#3134,1.);
#3134 = DIRECTION('',(1.,0.,0.));
#3135 = CARTESIAN_POINT('',(-3.3274,1.449,0.));
#3136 = CARTESIAN_POINT('',(3.302,1.449,0.));
#3137 = TRIMMED_CURVE('',#3138,(#3143,PARAMETER_VALUE(4.712388980385)),(
    #3144,PARAMETER_VALUE(7.853981633974)),.T.,.PARAMETER.);
#3138 = CIRCLE('',#3139,7.5E-02);
#3139 = AXIS2_PLACEMENT_3D('',#3140,#3141,#3142);
#3140 = CARTESIAN_POINT('',(3.302,1.524,0.));
#3141 = DIRECTION('',(0.,0.,1.));
#3142 = DIRECTION('',(1.,0.,0.));
#3143 = CARTESIAN_POINT('',(3.302,1.449,0.));
#3144 = CARTESIAN_POINT('',(3.302,1.599,0.));
#3145 = TRIMMED_CURVE('',#3146,(#3150,PARAMETER_VALUE(0.)),(#3151,
    PARAMETER_VALUE(6.6294)),.T.,.PARAMETER.);
#3146 = LINE('',#3147,#3148);
#3147 = CARTESIAN_POINT('',(3.302,1.599,0.));
#3148 = VECTOR('',#3149,1.);
#3149 = DIRECTION('',(-1.,0.,0.));
#3150 = CARTESIAN_POINT('',(3.302,1.599,0.));
#3151 = CARTESIAN_POINT('',(-3.3274,1.599,0.));
#3152 = GEOMETRIC_CURVE_SET('',(#3153,#3161,#3168,#3176));
#3153 = TRIMMED_CURVE('',#3154,(#3159,PARAMETER_VALUE(1.570796326795)),(
    #3160,PARAMETER_VALUE(4.712388980385)),.T.,.PARAMETER.);
#3154 = CIRCLE('',#3155,7.5E-02);
#3155 = AXIS2_PLACEMENT_3D('',#3156,#3157,#3158);
#3156 = CARTESIAN_POINT('',(15.,7.,0.));
#3157 = DIRECTION('',(0.,0.,1.));
#3158 = DIRECTION('',(-1.,-1.224646799147E-16,0.));
#3159 = CARTESIAN_POINT('',(15.,6.925,0.));
#3160 = CARTESIAN_POINT('',(15.,7.075,0.));
#3161 = TRIMMED_CURVE('',#3162,(#3166,PARAMETER_VALUE(0.)),(#3167,
    PARAMETER_VALUE(30.)),.T.,.PARAMETER.);
#3162 = LINE('',#3163,#3164);
#3163 = CARTESIAN_POINT('',(15.,7.075,0.));
#3164 = VECTOR('',#3165,1.);
#3165 = DIRECTION('',(-1.,-1.224646799147E-16,0.));
#3166 = CARTESIAN_POINT('',(15.,7.075,0.));
#3167 = CARTESIAN_POINT('',(-15.,7.075,0.));
#3168 = TRIMMED_CURVE('',#3169,(#3174,PARAMETER_VALUE(4.712388980385)),(
    #3175,PARAMETER_VALUE(7.853981633974)),.T.,.PARAMETER.);
#3169 = CIRCLE('',#3170,7.5E-02);
#3170 = AXIS2_PLACEMENT_3D('',#3171,#3172,#3173);
#3171 = CARTESIAN_POINT('',(-15.,7.,0.));
#3172 = DIRECTION('',(0.,0.,1.));
#3173 = DIRECTION('',(-1.,-1.224646799147E-16,0.));
#3174 = CARTESIAN_POINT('',(-15.,7.075,0.));
#3175 = CARTESIAN_POINT('',(-15.,6.925,0.));
#3176 = TRIMMED_CURVE('',#3177,(#3181,PARAMETER_VALUE(0.)),(#3182,
    PARAMETER_VALUE(30.)),.T.,.PARAMETER.);
#3177 = LINE('',#3178,#3179);
#3178 = CARTESIAN_POINT('',(-15.,6.925,0.));
#3179 = VECTOR('',#3180,1.);
#3180 = DIRECTION('',(1.,1.224646799147E-16,0.));
#3181 = CARTESIAN_POINT('',(-15.,6.925,0.));
#3182 = CARTESIAN_POINT('',(15.,6.925,0.));
#3183 = GEOMETRIC_CURVE_SET('',(#3184,#3192,#3199,#3207));
#3184 = TRIMMED_CURVE('',#3185,(#3190,PARAMETER_VALUE(1.570796326795)),(
    #3191,PARAMETER_VALUE(4.712388980385)),.T.,.PARAMETER.);
#3185 = CIRCLE('',#3186,7.5E-02);
#3186 = AXIS2_PLACEMENT_3D('',#3187,#3188,#3189);
#3187 = CARTESIAN_POINT('',(-15.,7.,0.));
#3188 = DIRECTION('',(-0.,0.,1.));
#3189 = DIRECTION('',(1.110223024625E-16,-1.,0.));
#3190 = CARTESIAN_POINT('',(-14.925,7.,0.));
#3191 = CARTESIAN_POINT('',(-15.075,7.,0.));
#3192 = TRIMMED_CURVE('',#3193,(#3197,PARAMETER_VALUE(0.)),(#3198,
    PARAMETER_VALUE(24.)),.T.,.PARAMETER.);
#3193 = LINE('',#3194,#3195);
#3194 = CARTESIAN_POINT('',(-15.075,7.,0.));
#3195 = VECTOR('',#3196,1.);
#3196 = DIRECTION('',(1.110223024625E-16,-1.,0.));
#3197 = CARTESIAN_POINT('',(-15.075,7.,0.));
#3198 = CARTESIAN_POINT('',(-15.075,-17.,0.));
#3199 = TRIMMED_CURVE('',#3200,(#3205,PARAMETER_VALUE(4.712388980385)),(
    #3206,PARAMETER_VALUE(7.853981633974)),.T.,.PARAMETER.);
#3200 = CIRCLE('',#3201,7.5E-02);
#3201 = AXIS2_PLACEMENT_3D('',#3202,#3203,#3204);
#3202 = CARTESIAN_POINT('',(-15.,-17.,0.));
#3203 = DIRECTION('',(-0.,0.,1.));
#3204 = DIRECTION('',(1.110223024625E-16,-1.,0.));
#3205 = CARTESIAN_POINT('',(-15.075,-17.,0.));
#3206 = CARTESIAN_POINT('',(-14.925,-17.,0.));
#3207 = TRIMMED_CURVE('',#3208,(#3212,PARAMETER_VALUE(0.)),(#3213,
    PARAMETER_VALUE(24.)),.T.,.PARAMETER.);
#3208 = LINE('',#3209,#3210);
#3209 = CARTESIAN_POINT('',(-14.925,-17.,0.));
#3210 = VECTOR('',#3211,1.);
#3211 = DIRECTION('',(-1.110223024625E-16,1.,0.));
#3212 = CARTESIAN_POINT('',(-14.925,-17.,0.));
#3213 = CARTESIAN_POINT('',(-14.925,7.,0.));
#3214 = GEOMETRIC_CURVE_SET('',(#3215,#3223,#3230,#3238));
#3215 = TRIMMED_CURVE('',#3216,(#3221,PARAMETER_VALUE(1.570796326795)),(
    #3222,PARAMETER_VALUE(4.712388980385)),.T.,.PARAMETER.);
#3216 = CIRCLE('',#3217,7.5E-02);
#3217 = AXIS2_PLACEMENT_3D('',#3218,#3219,#3220);
#3218 = CARTESIAN_POINT('',(15.,-17.,0.));
#3219 = DIRECTION('',(0.,-0.,1.));
#3220 = DIRECTION('',(1.110223024625E-16,1.,0.));
#3221 = CARTESIAN_POINT('',(14.925,-17.,0.));
#3222 = CARTESIAN_POINT('',(15.075,-17.,0.));
#3223 = TRIMMED_CURVE('',#3224,(#3228,PARAMETER_VALUE(0.)),(#3229,
    PARAMETER_VALUE(24.)),.T.,.PARAMETER.);
#3224 = LINE('',#3225,#3226);
#3225 = CARTESIAN_POINT('',(15.075,-17.,0.));
#3226 = VECTOR('',#3227,1.);
#3227 = DIRECTION('',(1.110223024625E-16,1.,0.));
#3228 = CARTESIAN_POINT('',(15.075,-17.,0.));
#3229 = CARTESIAN_POINT('',(15.075,7.,0.));
#3230 = TRIMMED_CURVE('',#3231,(#3236,PARAMETER_VALUE(4.712388980385)),(
    #3237,PARAMETER_VALUE(7.853981633974)),.T.,.PARAMETER.);
#3231 = CIRCLE('',#3232,7.5E-02);
#3232 = AXIS2_PLACEMENT_3D('',#3233,#3234,#3235);
#3233 = CARTESIAN_POINT('',(15.,7.,0.));
#3234 = DIRECTION('',(0.,-0.,1.));
#3235 = DIRECTION('',(1.110223024625E-16,1.,0.));
#3236 = CARTESIAN_POINT('',(15.075,7.,0.));
#3237 = CARTESIAN_POINT('',(14.925,7.,0.));
#3238 = TRIMMED_CURVE('',#3239,(#3243,PARAMETER_VALUE(0.)),(#3244,
    PARAMETER_VALUE(24.)),.T.,.PARAMETER.);
#3239 = LINE('',#3240,#3241);
#3240 = CARTESIAN_POINT('',(14.925,7.,0.));
#3241 = VECTOR('',#3242,1.);
#3242 = DIRECTION('',(-1.110223024625E-16,-1.,0.));
#3243 = CARTESIAN_POINT('',(14.925,7.,0.));
#3244 = CARTESIAN_POINT('',(14.925,-17.,0.));
#3245 = GEOMETRIC_CURVE_SET('',(#3246));
#3246 = TRIMMED_CURVE('',#3247,(#3252,PARAMETER_VALUE(0.)),(#3253,
    PARAMETER_VALUE(6.28318530718)),.T.,.PARAMETER.);
#3247 = CIRCLE('',#3248,2.3110679775);
#3248 = AXIS2_PLACEMENT_3D('',#3249,#3250,#3251);
#3249 = CARTESIAN_POINT('',(10.,-5.,0.));
#3250 = DIRECTION('',(0.,0.,1.));
#3251 = DIRECTION('',(1.,0.,-0.));
#3252 = CARTESIAN_POINT('',(12.3110679775,-5.,0.));
#3253 = CARTESIAN_POINT('',(12.3110679775,-5.,0.));
#3254 = GEOMETRIC_CURVE_SET('',(#3255));
#3255 = TRIMMED_CURVE('',#3256,(#3261,PARAMETER_VALUE(0.)),(#3262,
    PARAMETER_VALUE(6.28318530718)),.T.,.PARAMETER.);
#3256 = CIRCLE('',#3257,2.1610679775);
#3257 = AXIS2_PLACEMENT_3D('',#3258,#3259,#3260);
#3258 = CARTESIAN_POINT('',(10.,-5.,0.));
#3259 = DIRECTION('',(0.,0.,1.));
#3260 = DIRECTION('',(1.,0.,-0.));
#3261 = CARTESIAN_POINT('',(12.1610679775,-5.,0.));
#3262 = CARTESIAN_POINT('',(12.1610679775,-5.,0.));
#3263 = GEOMETRIC_CURVE_SET('',(#3264));
#3264 = TRIMMED_CURVE('',#3265,(#3270,PARAMETER_VALUE(0.)),(#3271,
    PARAMETER_VALUE(6.28318530718)),.T.,.PARAMETER.);
#3265 = CIRCLE('',#3266,2.3110679775);
#3266 = AXIS2_PLACEMENT_3D('',#3267,#3268,#3269);
#3267 = CARTESIAN_POINT('',(-10.,-5.,0.));
#3268 = DIRECTION('',(0.,0.,1.));
#3269 = DIRECTION('',(1.,0.,-0.));
#3270 = CARTESIAN_POINT('',(-7.6889320225,-5.,0.));
#3271 = CARTESIAN_POINT('',(-7.6889320225,-5.,0.));
#3272 = GEOMETRIC_CURVE_SET('',(#3273));
#3273 = TRIMMED_CURVE('',#3274,(#3279,PARAMETER_VALUE(0.)),(#3280,
    PARAMETER_VALUE(6.28318530718)),.T.,.PARAMETER.);
#3274 = CIRCLE('',#3275,2.1610679775);
#3275 = AXIS2_PLACEMENT_3D('',#3276,#3277,#3278);
#3276 = CARTESIAN_POINT('',(-10.,-5.,0.));
#3277 = DIRECTION('',(0.,0.,1.));
#3278 = DIRECTION('',(1.,0.,-0.));
#3279 = CARTESIAN_POINT('',(-7.8389320225,-5.,0.));
#3280 = CARTESIAN_POINT('',(-7.8389320225,-5.,0.));
#3281 = ( GEOMETRIC_REPRESENTATION_CONTEXT(3) 
GLOBAL_UNCERTAINTY_ASSIGNED_CONTEXT((#3285)) 
GLOBAL_UNIT_ASSIGNED_CONTEXT((#3282,#3283,#3284)) REPRESENTATION_CONTEXT
('Context #1','3D Context with UNIT and UNCERTAINTY') );
#3282 = ( LENGTH_UNIT() NAMED_UNIT(*) SI_UNIT(.MILLI.,.METRE.) );
#3283 = ( NAMED_UNIT(*) PLANE_ANGLE_UNIT() SI_UNIT($,.RADIAN.) );
#3284 = ( NAMED_UNIT(*) SI_UNIT($,.STERADIAN.) SOLID_ANGLE_UNIT() );
#3285 = UNCERTAINTY_MEASURE_WITH_UNIT(LENGTH_MEASURE(1.E-07),#3282,
  'distance_accuracy_value','confusion accuracy');
#3286 = CONTEXT_DEPENDENT_SHAPE_REPRESENTATION(#3287,#3289);
#3287 = ( REPRESENTATION_RELATIONSHIP('','',#3027,#10) 
REPRESENTATION_RELATIONSHIP_WITH_TRANSFORMATION(#3288) 
SHAPE_REPRESENTATION_RELATIONSHIP() );
#3288 = ITEM_DEFINED_TRANSFORMATION('','',#11,#31);
#3289 = PRODUCT_DEFINITION_SHAPE('Placement','Placement of an item',
  #3290);
#3290 = NEXT_ASSEMBLY_USAGE_OCCURRENCE('5','F.SilkS_outline_','',#5,
  #3022,$);
#3291 = PRODUCT_RELATED_PRODUCT_CATEGORY('part',$,(#3024));
#3292 = SHAPE_DEFINITION_REPRESENTATION(#3293,#3299);
#3293 = PRODUCT_DEFINITION_SHAPE('','',#3294);
#3294 = PRODUCT_DEFINITION('design','',#3295,#3298);
#3295 = PRODUCT_DEFINITION_FORMATION('','',#3296);
#3296 = PRODUCT('F.CrtYd_','F.CrtYd_','',(#3297));
#3297 = PRODUCT_CONTEXT('',#2,'mechanical');
#3298 = PRODUCT_DEFINITION_CONTEXT('part definition',#2,'design');
#3299 = SHAPE_REPRESENTATION('',(#11,#3300,#3309,#3318,#3327),#3336);
#3300 = GEOMETRIC_CURVE_SET('',(#3301));
#3301 = TRIMMED_CURVE('',#3302,(#3307,PARAMETER_VALUE(0.)),(#3308,
    PARAMETER_VALUE(6.28318530718)),.T.,.PARAMETER.);
#3302 = CIRCLE('',#3303,2.2360679775);
#3303 = AXIS2_PLACEMENT_3D('',#3304,#3305,#3306);
#3304 = CARTESIAN_POINT('',(-10.,-5.,0.));
#3305 = DIRECTION('',(0.,0.,1.));
#3306 = DIRECTION('',(1.,0.,-0.));
#3307 = CARTESIAN_POINT('',(-7.7639320225,-5.,0.));
#3308 = CARTESIAN_POINT('',(-7.7639320225,-5.,0.));
#3309 = GEOMETRIC_CURVE_SET('',(#3310));
#3310 = TRIMMED_CURVE('',#3311,(#3316,PARAMETER_VALUE(0.)),(#3317,
    PARAMETER_VALUE(6.28318530718)),.T.,.PARAMETER.);
#3311 = CIRCLE('',#3312,1.118034);
#3312 = AXIS2_PLACEMENT_3D('',#3313,#3314,#3315);
#3313 = CARTESIAN_POINT('',(-6.5,-5.,0.));
#3314 = DIRECTION('',(0.,0.,1.));
#3315 = DIRECTION('',(1.,0.,-0.));
#3316 = CARTESIAN_POINT('',(-5.381966,-5.,0.));
#3317 = CARTESIAN_POINT('',(-5.381966,-5.,0.));
#3318 = GEOMETRIC_CURVE_SET('',(#3319));
#3319 = TRIMMED_CURVE('',#3320,(#3325,PARAMETER_VALUE(0.)),(#3326,
    PARAMETER_VALUE(6.28318530718)),.T.,.PARAMETER.);
#3320 = CIRCLE('',#3321,1.118034);
#3321 = AXIS2_PLACEMENT_3D('',#3322,#3323,#3324);
#3322 = CARTESIAN_POINT('',(6.5,-5.,0.));
#3323 = DIRECTION('',(0.,0.,1.));
#3324 = DIRECTION('',(1.,0.,-0.));
#3325 = CARTESIAN_POINT('',(7.618034,-5.,0.));
#3326 = CARTESIAN_POINT('',(7.618034,-5.,0.));
#3327 = GEOMETRIC_CURVE_SET('',(#3328));
#3328 = TRIMMED_CURVE('',#3329,(#3334,PARAMETER_VALUE(0.)),(#3335,
    PARAMETER_VALUE(6.28318530718)),.T.,.PARAMETER.);
#3329 = CIRCLE('',#3330,2.2360679775);
#3330 = AXIS2_PLACEMENT_3D('',#3331,#3332,#3333);
#3331 = CARTESIAN_POINT('',(10.,-5.,0.));
#3332 = DIRECTION('',(0.,0.,1.));
#3333 = DIRECTION('',(1.,0.,-0.));
#3334 = CARTESIAN_POINT('',(12.2360679775,-5.,0.));
#3335 = CARTESIAN_POINT('',(12.2360679775,-5.,0.));
#3336 = ( GEOMETRIC_REPRESENTATION_CONTEXT(3) 
GLOBAL_UNCERTAINTY_ASSIGNED_CONTEXT((#3340)) 
GLOBAL_UNIT_ASSIGNED_CONTEXT((#3337,#3338,#3339)) REPRESENTATION_CONTEXT
('Context #1','3D Context with UNIT and UNCERTAINTY') );
#3337 = ( LENGTH_UNIT() NAMED_UNIT(*) SI_UNIT(.MILLI.,.METRE.) );
#3338 = ( NAMED_UNIT(*) PLANE_ANGLE_UNIT() SI_UNIT($,.RADIAN.) );
#3339 = ( NAMED_UNIT(*) SI_UNIT($,.STERADIAN.) SOLID_ANGLE_UNIT() );
#3340 = UNCERTAINTY_MEASURE_WITH_UNIT(LENGTH_MEASURE(1.E-07),#3337,
  'distance_accuracy_value','confusion accuracy');
#3341 = CONTEXT_DEPENDENT_SHAPE_REPRESENTATION(#3342,#3344);
#3342 = ( REPRESENTATION_RELATIONSHIP('','',#3299,#10) 
REPRESENTATION_RELATIONSHIP_WITH_TRANSFORMATION(#3343) 
SHAPE_REPRESENTATION_RELATIONSHIP() );
#3343 = ITEM_DEFINED_TRANSFORMATION('','',#11,#35);
#3344 = PRODUCT_DEFINITION_SHAPE('Placement','Placement of an item',
  #3345);
#3345 = NEXT_ASSEMBLY_USAGE_OCCURRENCE('6','F.CrtYd_','',#5,#3294,$);
#3346 = PRODUCT_RELATED_PRODUCT_CATEGORY('part',$,(#3296));
#3347 = SHAPE_DEFINITION_REPRESENTATION(#3348,#3354);
#3348 = PRODUCT_DEFINITION_SHAPE('','',#3349);
#3349 = PRODUCT_DEFINITION('design','',#3350,#3353);
#3350 = PRODUCT_DEFINITION_FORMATION('','',#3351);
#3351 = PRODUCT('F.CrtYd_outline_','F.CrtYd_outline_','',(#3352));
#3352 = PRODUCT_CONTEXT('',#2,'mechanical');
#3353 = PRODUCT_DEFINITION_CONTEXT('part definition',#2,'design');
#3354 = SHAPE_REPRESENTATION('',(#11,#3355,#3364,#3373,#3382,#3391,#3400
    ,#3409,#3418),#3427);
#3355 = GEOMETRIC_CURVE_SET('',(#3356));
#3356 = TRIMMED_CURVE('',#3357,(#3362,PARAMETER_VALUE(0.)),(#3363,
    PARAMETER_VALUE(6.28318530718)),.T.,.PARAMETER.);
#3357 = CIRCLE('',#3358,2.3110679775);
#3358 = AXIS2_PLACEMENT_3D('',#3359,#3360,#3361);
#3359 = CARTESIAN_POINT('',(-10.,-5.,0.));
#3360 = DIRECTION('',(0.,0.,1.));
#3361 = DIRECTION('',(1.,0.,-0.));
#3362 = CARTESIAN_POINT('',(-7.6889320225,-5.,0.));
#3363 = CARTESIAN_POINT('',(-7.6889320225,-5.,0.));
#3364 = GEOMETRIC_CURVE_SET('',(#3365));
#3365 = TRIMMED_CURVE('',#3366,(#3371,PARAMETER_VALUE(0.)),(#3372,
    PARAMETER_VALUE(6.28318530718)),.T.,.PARAMETER.);
#3366 = CIRCLE('',#3367,2.1610679775);
#3367 = AXIS2_PLACEMENT_3D('',#3368,#3369,#3370);
#3368 = CARTESIAN_POINT('',(-10.,-5.,0.));
#3369 = DIRECTION('',(0.,0.,1.));
#3370 = DIRECTION('',(1.,0.,-0.));
#3371 = CARTESIAN_POINT('',(-7.8389320225,-5.,0.));
#3372 = CARTESIAN_POINT('',(-7.8389320225,-5.,0.));
#3373 = GEOMETRIC_CURVE_SET('',(#3374));
#3374 = TRIMMED_CURVE('',#3375,(#3380,PARAMETER_VALUE(0.)),(#3381,
    PARAMETER_VALUE(6.28318530718)),.T.,.PARAMETER.);
#3375 = CIRCLE('',#3376,1.193034);
#3376 = AXIS2_PLACEMENT_3D('',#3377,#3378,#3379);
#3377 = CARTESIAN_POINT('',(-6.5,-5.,0.));
#3378 = DIRECTION('',(0.,0.,1.));
#3379 = DIRECTION('',(1.,0.,-0.));
#3380 = CARTESIAN_POINT('',(-5.306966,-5.,0.));
#3381 = CARTESIAN_POINT('',(-5.306966,-5.,0.));
#3382 = GEOMETRIC_CURVE_SET('',(#3383));
#3383 = TRIMMED_CURVE('',#3384,(#3389,PARAMETER_VALUE(0.)),(#3390,
    PARAMETER_VALUE(6.28318530718)),.T.,.PARAMETER.);
#3384 = CIRCLE('',#3385,1.043034);
#3385 = AXIS2_PLACEMENT_3D('',#3386,#3387,#3388);
#3386 = CARTESIAN_POINT('',(-6.5,-5.,0.));
#3387 = DIRECTION('',(0.,0.,1.));
#3388 = DIRECTION('',(1.,0.,-0.));
#3389 = CARTESIAN_POINT('',(-5.456966,-5.,0.));
#3390 = CARTESIAN_POINT('',(-5.456966,-5.,0.));
#3391 = GEOMETRIC_CURVE_SET('',(#3392));
#3392 = TRIMMED_CURVE('',#3393,(#3398,PARAMETER_VALUE(0.)),(#3399,
    PARAMETER_VALUE(6.28318530718)),.T.,.PARAMETER.);
#3393 = CIRCLE('',#3394,1.193034);
#3394 = AXIS2_PLACEMENT_3D('',#3395,#3396,#3397);
#3395 = CARTESIAN_POINT('',(6.5,-5.,0.));
#3396 = DIRECTION('',(0.,0.,1.));
#3397 = DIRECTION('',(1.,0.,-0.));
#3398 = CARTESIAN_POINT('',(7.693034,-5.,0.));
#3399 = CARTESIAN_POINT('',(7.693034,-5.,0.));
#3400 = GEOMETRIC_CURVE_SET('',(#3401));
#3401 = TRIMMED_CURVE('',#3402,(#3407,PARAMETER_VALUE(0.)),(#3408,
    PARAMETER_VALUE(6.28318530718)),.T.,.PARAMETER.);
#3402 = CIRCLE('',#3403,1.043034);
#3403 = AXIS2_PLACEMENT_3D('',#3404,#3405,#3406);
#3404 = CARTESIAN_POINT('',(6.5,-5.,0.));
#3405 = DIRECTION('',(0.,0.,1.));
#3406 = DIRECTION('',(1.,0.,-0.));
#3407 = CARTESIAN_POINT('',(7.543034,-5.,0.));
#3408 = CARTESIAN_POINT('',(7.543034,-5.,0.));
#3409 = GEOMETRIC_CURVE_SET('',(#3410));
#3410 = TRIMMED_CURVE('',#3411,(#3416,PARAMETER_VALUE(0.)),(#3417,
    PARAMETER_VALUE(6.28318530718)),.T.,.PARAMETER.);
#3411 = CIRCLE('',#3412,2.3110679775);
#3412 = AXIS2_PLACEMENT_3D('',#3413,#3414,#3415);
#3413 = CARTESIAN_POINT('',(10.,-5.,0.));
#3414 = DIRECTION('',(0.,0.,1.));
#3415 = DIRECTION('',(1.,0.,-0.));
#3416 = CARTESIAN_POINT('',(12.3110679775,-5.,0.));
#3417 = CARTESIAN_POINT('',(12.3110679775,-5.,0.));
#3418 = GEOMETRIC_CURVE_SET('',(#3419));
#3419 = TRIMMED_CURVE('',#3420,(#3425,PARAMETER_VALUE(0.)),(#3426,
    PARAMETER_VALUE(6.28318530718)),.T.,.PARAMETER.);
#3420 = CIRCLE('',#3421,2.1610679775);
#3421 = AXIS2_PLACEMENT_3D('',#3422,#3423,#3424);
#3422 = CARTESIAN_POINT('',(10.,-5.,0.));
#3423 = DIRECTION('',(0.,0.,1.));
#3424 = DIRECTION('',(1.,0.,-0.));
#3425 = CARTESIAN_POINT('',(12.1610679775,-5.,0.));
#3426 = CARTESIAN_POINT('',(12.1610679775,-5.,0.));
#3427 = ( GEOMETRIC_REPRESENTATION_CONTEXT(3) 
GLOBAL_UNCERTAINTY_ASSIGNED_CONTEXT((#3431)) 
GLOBAL_UNIT_ASSIGNED_CONTEXT((#3428,#3429,#3430)) REPRESENTATION_CONTEXT
('Context #1','3D Context with UNIT and UNCERTAINTY') );
#3428 = ( LENGTH_UNIT() NAMED_UNIT(*) SI_UNIT(.MILLI.,.METRE.) );
#3429 = ( NAMED_UNIT(*) PLANE_ANGLE_UNIT() SI_UNIT($,.RADIAN.) );
#3430 = ( NAMED_UNIT(*) SI_UNIT($,.STERADIAN.) SOLID_ANGLE_UNIT() );
#3431 = UNCERTAINTY_MEASURE_WITH_UNIT(LENGTH_MEASURE(1.E-07),#3428,
  'distance_accuracy_value','confusion accuracy');
#3432 = CONTEXT_DEPENDENT_SHAPE_REPRESENTATION(#3433,#3435);
#3433 = ( REPRESENTATION_RELATIONSHIP('','',#3354,#10) 
REPRESENTATION_RELATIONSHIP_WITH_TRANSFORMATION(#3434) 
SHAPE_REPRESENTATION_RELATIONSHIP() );
#3434 = ITEM_DEFINED_TRANSFORMATION('','',#11,#39);
#3435 = PRODUCT_DEFINITION_SHAPE('Placement','Placement of an item',
  #3436);
#3436 = NEXT_ASSEMBLY_USAGE_OCCURRENCE('7','F.CrtYd_outline_','',#5,
  #3349,$);
#3437 = PRODUCT_RELATED_PRODUCT_CATEGORY('part',$,(#3351));
#3438 = SHAPE_DEFINITION_REPRESENTATION(#3439,#3445);
#3439 = PRODUCT_DEFINITION_SHAPE('','',#3440);
#3440 = PRODUCT_DEFINITION('design','',#3441,#3444);
#3441 = PRODUCT_DEFINITION_FORMATION('','',#3442);
#3442 = PRODUCT('B.SilkS_','B.SilkS_','',(#3443));
#3443 = PRODUCT_CONTEXT('',#2,'mechanical');
#3444 = PRODUCT_DEFINITION_CONTEXT('part definition',#2,'design');
#3445 = SHAPE_REPRESENTATION('',(#11,#3446,#3455),#3464);
#3446 = GEOMETRIC_CURVE_SET('',(#3447));
#3447 = TRIMMED_CURVE('',#3448,(#3453,PARAMETER_VALUE(0.)),(#3454,
    PARAMETER_VALUE(6.28318530718)),.T.,.PARAMETER.);
#3448 = CIRCLE('',#3449,2.12132034356);
#3449 = AXIS2_PLACEMENT_3D('',#3450,#3451,#3452);
#3450 = CARTESIAN_POINT('',(10.,-5.,0.));
#3451 = DIRECTION('',(0.,0.,1.));
#3452 = DIRECTION('',(1.,0.,-0.));
#3453 = CARTESIAN_POINT('',(12.12132034356,-5.,0.));
#3454 = CARTESIAN_POINT('',(12.12132034356,-5.,0.));
#3455 = GEOMETRIC_CURVE_SET('',(#3456));
#3456 = TRIMMED_CURVE('',#3457,(#3462,PARAMETER_VALUE(0.)),(#3463,
    PARAMETER_VALUE(6.28318530718)),.T.,.PARAMETER.);
#3457 = CIRCLE('',#3458,2.12132034356);
#3458 = AXIS2_PLACEMENT_3D('',#3459,#3460,#3461);
#3459 = CARTESIAN_POINT('',(-10.,-5.,0.));
#3460 = DIRECTION('',(0.,0.,1.));
#3461 = DIRECTION('',(1.,0.,-0.));
#3462 = CARTESIAN_POINT('',(-7.87867965644,-5.,0.));
#3463 = CARTESIAN_POINT('',(-7.87867965644,-5.,0.));
#3464 = ( GEOMETRIC_REPRESENTATION_CONTEXT(3) 
GLOBAL_UNCERTAINTY_ASSIGNED_CONTEXT((#3468)) 
GLOBAL_UNIT_ASSIGNED_CONTEXT((#3465,#3466,#3467)) REPRESENTATION_CONTEXT
('Context #1','3D Context with UNIT and UNCERTAINTY') );
#3465 = ( LENGTH_UNIT() NAMED_UNIT(*) SI_UNIT(.MILLI.,.METRE.) );
#3466 = ( NAMED_UNIT(*) PLANE_ANGLE_UNIT() SI_UNIT($,.RADIAN.) );
#3467 = ( NAMED_UNIT(*) SI_UNIT($,.STERADIAN.) SOLID_ANGLE_UNIT() );
#3468 = UNCERTAINTY_MEASURE_WITH_UNIT(LENGTH_MEASURE(1.E-07),#3465,
  'distance_accuracy_value','confusion accuracy');
#3469 = CONTEXT_DEPENDENT_SHAPE_REPRESENTATION(#3470,#3472);
#3470 = ( REPRESENTATION_RELATIONSHIP('','',#3445,#10) 
REPRESENTATION_RELATIONSHIP_WITH_TRANSFORMATION(#3471) 
SHAPE_REPRESENTATION_RELATIONSHIP() );
#3471 = ITEM_DEFINED_TRANSFORMATION('','',#11,#43);
#3472 = PRODUCT_DEFINITION_SHAPE('Placement','Placement of an item',
  #3473);
#3473 = NEXT_ASSEMBLY_USAGE_OCCURRENCE('8','B.SilkS_','',#5,#3440,$);
#3474 = PRODUCT_RELATED_PRODUCT_CATEGORY('part',$,(#3442));
#3475 = SHAPE_DEFINITION_REPRESENTATION(#3476,#3482);
#3476 = PRODUCT_DEFINITION_SHAPE('','',#3477);
#3477 = PRODUCT_DEFINITION('design','',#3478,#3481);
#3478 = PRODUCT_DEFINITION_FORMATION('','',#3479);
#3479 = PRODUCT('B.SilkS_outline_','B.SilkS_outline_','',(#3480));
#3480 = PRODUCT_CONTEXT('',#2,'mechanical');
#3481 = PRODUCT_DEFINITION_CONTEXT('part definition',#2,'design');
#3482 = SHAPE_REPRESENTATION('',(#11,#3483,#3492,#3501,#3510),#3519);
#3483 = GEOMETRIC_CURVE_SET('',(#3484));
#3484 = TRIMMED_CURVE('',#3485,(#3490,PARAMETER_VALUE(0.)),(#3491,
    PARAMETER_VALUE(6.28318530718)),.T.,.PARAMETER.);
#3485 = CIRCLE('',#3486,2.19632034356);
#3486 = AXIS2_PLACEMENT_3D('',#3487,#3488,#3489);
#3487 = CARTESIAN_POINT('',(10.,-5.,0.));
#3488 = DIRECTION('',(0.,0.,1.));
#3489 = DIRECTION('',(1.,0.,-0.));
#3490 = CARTESIAN_POINT('',(12.19632034356,-5.,0.));
#3491 = CARTESIAN_POINT('',(12.19632034356,-5.,0.));
#3492 = GEOMETRIC_CURVE_SET('',(#3493));
#3493 = TRIMMED_CURVE('',#3494,(#3499,PARAMETER_VALUE(0.)),(#3500,
    PARAMETER_VALUE(6.28318530718)),.T.,.PARAMETER.);
#3494 = CIRCLE('',#3495,2.04632034356);
#3495 = AXIS2_PLACEMENT_3D('',#3496,#3497,#3498);
#3496 = CARTESIAN_POINT('',(10.,-5.,0.));
#3497 = DIRECTION('',(0.,0.,1.));
#3498 = DIRECTION('',(1.,0.,-0.));
#3499 = CARTESIAN_POINT('',(12.04632034356,-5.,0.));
#3500 = CARTESIAN_POINT('',(12.04632034356,-5.,0.));
#3501 = GEOMETRIC_CURVE_SET('',(#3502));
#3502 = TRIMMED_CURVE('',#3503,(#3508,PARAMETER_VALUE(0.)),(#3509,
    PARAMETER_VALUE(6.28318530718)),.T.,.PARAMETER.);
#3503 = CIRCLE('',#3504,2.19632034356);
#3504 = AXIS2_PLACEMENT_3D('',#3505,#3506,#3507);
#3505 = CARTESIAN_POINT('',(-10.,-5.,0.));
#3506 = DIRECTION('',(0.,0.,1.));
#3507 = DIRECTION('',(1.,0.,-0.));
#3508 = CARTESIAN_POINT('',(-7.80367965644,-5.,0.));
#3509 = CARTESIAN_POINT('',(-7.80367965644,-5.,0.));
#3510 = GEOMETRIC_CURVE_SET('',(#3511));
#3511 = TRIMMED_CURVE('',#3512,(#3517,PARAMETER_VALUE(0.)),(#3518,
    PARAMETER_VALUE(6.28318530718)),.T.,.PARAMETER.);
#3512 = CIRCLE('',#3513,2.04632034356);
#3513 = AXIS2_PLACEMENT_3D('',#3514,#3515,#3516);
#3514 = CARTESIAN_POINT('',(-10.,-5.,0.));
#3515 = DIRECTION('',(0.,0.,1.));
#3516 = DIRECTION('',(1.,0.,-0.));
#3517 = CARTESIAN_POINT('',(-7.95367965644,-5.,0.));
#3518 = CARTESIAN_POINT('',(-7.95367965644,-5.,0.));
#3519 = ( GEOMETRIC_REPRESENTATION_CONTEXT(3) 
GLOBAL_UNCERTAINTY_ASSIGNED_CONTEXT((#3523)) 
GLOBAL_UNIT_ASSIGNED_CONTEXT((#3520,#3521,#3522)) REPRESENTATION_CONTEXT
('Context #1','3D Context with UNIT and UNCERTAINTY') );
#3520 = ( LENGTH_UNIT() NAMED_UNIT(*) SI_UNIT(.MILLI.,.METRE.) );
#3521 = ( NAMED_UNIT(*) PLANE_ANGLE_UNIT() SI_UNIT($,.RADIAN.) );
#3522 = ( NAMED_UNIT(*) SI_UNIT($,.STERADIAN.) SOLID_ANGLE_UNIT() );
#3523 = UNCERTAINTY_MEASURE_WITH_UNIT(LENGTH_MEASURE(1.E-07),#3520,
  'distance_accuracy_value','confusion accuracy');
#3524 = CONTEXT_DEPENDENT_SHAPE_REPRESENTATION(#3525,#3527);
#3525 = ( REPRESENTATION_RELATIONSHIP('','',#3482,#10) 
REPRESENTATION_RELATIONSHIP_WITH_TRANSFORMATION(#3526) 
SHAPE_REPRESENTATION_RELATIONSHIP() );
#3526 = ITEM_DEFINED_TRANSFORMATION('','',#11,#47);
#3527 = PRODUCT_DEFINITION_SHAPE('Placement','Placement of an item',
  #3528);
#3528 = NEXT_ASSEMBLY_USAGE_OCCURRENCE('9','B.SilkS_outline_','',#5,
  #3477,$);
#3529 = PRODUCT_RELATED_PRODUCT_CATEGORY('part',$,(#3479));
#3530 = SHAPE_DEFINITION_REPRESENTATION(#3531,#3537);
#3531 = PRODUCT_DEFINITION_SHAPE('','',#3532);
#3532 = PRODUCT_DEFINITION('design','',#3533,#3536);
#3533 = PRODUCT_DEFINITION_FORMATION('','',#3534);
#3534 = PRODUCT('PCB','PCB','',(#3535));
#3535 = PRODUCT_CONTEXT('',#2,'mechanical');
#3536 = PRODUCT_DEFINITION_CONTEXT('part definition',#2,'design');
#3537 = ADVANCED_BREP_SHAPE_REPRESENTATION('',(#11,#3538),#4724);
#3538 = MANIFOLD_SOLID_BREP('',#3539);
#3539 = CLOSED_SHELL('',(#3540,#3580,#3611,#3915,#3939,#4236,#4248,#4270
    ,#4282,#4304,#4316,#4338,#4350,#4372,#4384,#4406,#4418,#4440,#4452,
    #4474,#4486,#4508,#4520,#4542,#4554,#4576,#4588,#4610,#4622,#4644,
    #4656,#4678,#4690,#4712));
#3540 = ADVANCED_FACE('',(#3541),#3575,.F.);
#3541 = FACE_BOUND('',#3542,.F.);
#3542 = EDGE_LOOP('',(#3543,#3553,#3561,#3569));
#3543 = ORIENTED_EDGE('',*,*,#3544,.F.);
#3544 = EDGE_CURVE('',#3545,#3547,#3549,.T.);
#3545 = VERTEX_POINT('',#3546);
#3546 = CARTESIAN_POINT('',(-22.6125,-23.11181645694,-1.59));
#3547 = VERTEX_POINT('',#3548);
#3548 = CARTESIAN_POINT('',(-22.6125,-23.11181645694,-1.E-02));
#3549 = LINE('',#3550,#3551);
#3550 = CARTESIAN_POINT('',(-22.6125,-23.11181645694,-1.59));
#3551 = VECTOR('',#3552,1.);
#3552 = DIRECTION('',(0.,0.,1.));
#3553 = ORIENTED_EDGE('',*,*,#3554,.T.);
#3554 = EDGE_CURVE('',#3545,#3555,#3557,.T.);
#3555 = VERTEX_POINT('',#3556);
#3556 = CARTESIAN_POINT('',(-22.6125,13.112363291389,-1.59));
#3557 = LINE('',#3558,#3559);
#3558 = CARTESIAN_POINT('',(-22.6125,-23.11181645694,-1.59));
#3559 = VECTOR('',#3560,1.);
#3560 = DIRECTION('',(-0.,1.,0.));
#3561 = ORIENTED_EDGE('',*,*,#3562,.T.);
#3562 = EDGE_CURVE('',#3555,#3563,#3565,.T.);
#3563 = VERTEX_POINT('',#3564);
#3564 = CARTESIAN_POINT('',(-22.6125,13.112363291389,-1.E-02));
#3565 = LINE('',#3566,#3567);
#3566 = CARTESIAN_POINT('',(-22.6125,13.112363291389,-1.59));
#3567 = VECTOR('',#3568,1.);
#3568 = DIRECTION('',(0.,0.,1.));
#3569 = ORIENTED_EDGE('',*,*,#3570,.F.);
#3570 = EDGE_CURVE('',#3547,#3563,#3571,.T.);
#3571 = LINE('',#3572,#3573);
#3572 = CARTESIAN_POINT('',(-22.6125,-23.11181645694,-1.E-02));
#3573 = VECTOR('',#3574,1.);
#3574 = DIRECTION('',(-0.,1.,0.));
#3575 = PLANE('',#3576);
#3576 = AXIS2_PLACEMENT_3D('',#3577,#3578,#3579);
#3577 = CARTESIAN_POINT('',(-22.6125,-23.11181645694,-1.59));
#3578 = DIRECTION('',(1.,0.,-0.));
#3579 = DIRECTION('',(0.,0.,1.));
#3580 = ADVANCED_FACE('',(#3581),#3606,.F.);
#3581 = FACE_BOUND('',#3582,.F.);
#3582 = EDGE_LOOP('',(#3583,#3591,#3592,#3600));
#3583 = ORIENTED_EDGE('',*,*,#3584,.F.);
#3584 = EDGE_CURVE('',#3545,#3585,#3587,.T.);
#3585 = VERTEX_POINT('',#3586);
#3586 = CARTESIAN_POINT('',(22.6125,-23.11181645694,-1.59));
#3587 = LINE('',#3588,#3589);
#3588 = CARTESIAN_POINT('',(-22.6125,-23.11181645694,-1.59));
#3589 = VECTOR('',#3590,1.);
#3590 = DIRECTION('',(1.,0.,-0.));
#3591 = ORIENTED_EDGE('',*,*,#3544,.T.);
#3592 = ORIENTED_EDGE('',*,*,#3593,.T.);
#3593 = EDGE_CURVE('',#3547,#3594,#3596,.T.);
#3594 = VERTEX_POINT('',#3595);
#3595 = CARTESIAN_POINT('',(22.6125,-23.11181645694,-1.E-02));
#3596 = LINE('',#3597,#3598);
#3597 = CARTESIAN_POINT('',(-22.6125,-23.11181645694,-1.E-02));
#3598 = VECTOR('',#3599,1.);
#3599 = DIRECTION('',(1.,0.,-0.));
#3600 = ORIENTED_EDGE('',*,*,#3601,.F.);
#3601 = EDGE_CURVE('',#3585,#3594,#3602,.T.);
#3602 = LINE('',#3603,#3604);
#3603 = CARTESIAN_POINT('',(22.6125,-23.11181645694,-1.59));
#3604 = VECTOR('',#3605,1.);
#3605 = DIRECTION('',(0.,0.,1.));
#3606 = PLANE('',#3607);
#3607 = AXIS2_PLACEMENT_3D('',#3608,#3609,#3610);
#3608 = CARTESIAN_POINT('',(-22.6125,-23.11181645694,-1.59));
#3609 = DIRECTION('',(-0.,1.,0.));
#3610 = DIRECTION('',(0.,0.,1.));
#3611 = ADVANCED_FACE('',(#3612,#3630,#3650,#3670,#3690,#3710,#3730,
    #3750,#3770,#3790,#3810,#3830,#3850,#3870,#3890),#3910,.T.);
#3612 = FACE_BOUND('',#3613,.T.);
#3613 = EDGE_LOOP('',(#3614,#3615,#3616,#3624));
#3614 = ORIENTED_EDGE('',*,*,#3570,.F.);
#3615 = ORIENTED_EDGE('',*,*,#3593,.T.);
#3616 = ORIENTED_EDGE('',*,*,#3617,.T.);
#3617 = EDGE_CURVE('',#3594,#3618,#3620,.T.);
#3618 = VERTEX_POINT('',#3619);
#3619 = CARTESIAN_POINT('',(22.6125,13.112363291389,-1.E-02));
#3620 = LINE('',#3621,#3622);
#3621 = CARTESIAN_POINT('',(22.6125,-23.11181645694,-1.E-02));
#3622 = VECTOR('',#3623,1.);
#3623 = DIRECTION('',(-0.,1.,0.));
#3624 = ORIENTED_EDGE('',*,*,#3625,.F.);
#3625 = EDGE_CURVE('',#3563,#3618,#3626,.T.);
#3626 = LINE('',#3627,#3628);
#3627 = CARTESIAN_POINT('',(-22.6125,13.112363291389,-1.E-02));
#3628 = VECTOR('',#3629,1.);
#3629 = DIRECTION('',(1.,0.,-0.));
#3630 = FACE_BOUND('',#3631,.T.);
#3631 = EDGE_LOOP('',(#3632,#3643));
#3632 = ORIENTED_EDGE('',*,*,#3633,.T.);
#3633 = EDGE_CURVE('',#3634,#3636,#3638,.T.);
#3634 = VERTEX_POINT('',#3635);
#3635 = CARTESIAN_POINT('',(-9.9999999,-3.91995,-1.E-02));
#3636 = VERTEX_POINT('',#3637);
#3637 = CARTESIAN_POINT('',(-9.9999999,-6.08005,-1.E-02));
#3638 = CIRCLE('',#3639,1.08005);
#3639 = AXIS2_PLACEMENT_3D('',#3640,#3641,#3642);
#3640 = CARTESIAN_POINT('',(-10.,-5.,-1.E-02));
#3641 = DIRECTION('',(0.,0.,-1.));
#3642 = DIRECTION('',(-1.,0.,0.));
#3643 = ORIENTED_EDGE('',*,*,#3644,.T.);
#3644 = EDGE_CURVE('',#3636,#3634,#3645,.T.);
#3645 = CIRCLE('',#3646,1.08005);
#3646 = AXIS2_PLACEMENT_3D('',#3647,#3648,#3649);
#3647 = CARTESIAN_POINT('',(-10.,-5.,-1.E-02));
#3648 = DIRECTION('',(0.,0.,-1.));
#3649 = DIRECTION('',(-1.,0.,0.));
#3650 = FACE_BOUND('',#3651,.T.);
#3651 = EDGE_LOOP('',(#3652,#3663));
#3652 = ORIENTED_EDGE('',*,*,#3653,.T.);
#3653 = EDGE_CURVE('',#3654,#3656,#3658,.T.);
#3654 = VERTEX_POINT('',#3655);
#3655 = CARTESIAN_POINT('',(-6.5277032,-4.2066835,-1.E-02));
#3656 = VERTEX_POINT('',#3657);
#3657 = CARTESIAN_POINT('',(-6.4722967,-5.7933164,-1.E-02));
#3658 = CIRCLE('',#3659,0.793800012535);
#3659 = AXIS2_PLACEMENT_3D('',#3660,#3661,#3662);
#3660 = CARTESIAN_POINT('',(-6.500000012535,-4.999999952184,-1.E-02));
#3661 = DIRECTION('',(0.,0.,-1.));
#3662 = DIRECTION('',(-1.,0.,0.));
#3663 = ORIENTED_EDGE('',*,*,#3664,.T.);
#3664 = EDGE_CURVE('',#3656,#3654,#3665,.T.);
#3665 = CIRCLE('',#3666,0.793800012535);
#3666 = AXIS2_PLACEMENT_3D('',#3667,#3668,#3669);
#3667 = CARTESIAN_POINT('',(-6.499999987465,-4.999999951308,-1.E-02));
#3668 = DIRECTION('',(0.,0.,-1.));
#3669 = DIRECTION('',(-1.,0.,0.));
#3670 = FACE_BOUND('',#3671,.T.);
#3671 = EDGE_LOOP('',(#3672,#3683));
#3672 = ORIENTED_EDGE('',*,*,#3673,.T.);
#3673 = EDGE_CURVE('',#3674,#3676,#3678,.T.);
#3674 = VERTEX_POINT('',#3675);
#3675 = CARTESIAN_POINT('',(6.4722967,-4.2066835,-1.E-02));
#3676 = VERTEX_POINT('',#3677);
#3677 = CARTESIAN_POINT('',(6.5277032,-5.7933164,-1.E-02));
#3678 = CIRCLE('',#3679,0.793800012535);
#3679 = AXIS2_PLACEMENT_3D('',#3680,#3681,#3682);
#3680 = CARTESIAN_POINT('',(6.499999987465,-4.999999948692,-1.E-02));
#3681 = DIRECTION('',(0.,0.,-1.));
#3682 = DIRECTION('',(-1.,0.,0.));
#3683 = ORIENTED_EDGE('',*,*,#3684,.T.);
#3684 = EDGE_CURVE('',#3676,#3674,#3685,.T.);
#3685 = CIRCLE('',#3686,0.793800012535);
#3686 = AXIS2_PLACEMENT_3D('',#3687,#3688,#3689);
#3687 = CARTESIAN_POINT('',(6.500000012535,-4.999999947816,-1.E-02));
#3688 = DIRECTION('',(0.,0.,-1.));
#3689 = DIRECTION('',(-1.,0.,0.));
#3690 = FACE_BOUND('',#3691,.T.);
#3691 = EDGE_LOOP('',(#3692,#3703));
#3692 = ORIENTED_EDGE('',*,*,#3693,.T.);
#3693 = EDGE_CURVE('',#3694,#3696,#3698,.T.);
#3694 = VERTEX_POINT('',#3695);
#3695 = CARTESIAN_POINT('',(10.,-3.91995,-1.E-02));
#3696 = VERTEX_POINT('',#3697);
#3697 = CARTESIAN_POINT('',(10.,-6.08005,-1.E-02));
#3698 = CIRCLE('',#3699,1.08005);
#3699 = AXIS2_PLACEMENT_3D('',#3700,#3701,#3702);
#3700 = CARTESIAN_POINT('',(10.,-5.,-1.E-02));
#3701 = DIRECTION('',(0.,0.,-1.));
#3702 = DIRECTION('',(-1.,0.,0.));
#3703 = ORIENTED_EDGE('',*,*,#3704,.T.);
#3704 = EDGE_CURVE('',#3696,#3694,#3705,.T.);
#3705 = CIRCLE('',#3706,1.08005);
#3706 = AXIS2_PLACEMENT_3D('',#3707,#3708,#3709);
#3707 = CARTESIAN_POINT('',(10.,-5.,-1.E-02));
#3708 = DIRECTION('',(0.,0.,-1.));
#3709 = DIRECTION('',(-1.,0.,0.));
#3710 = FACE_BOUND('',#3711,.T.);
#3711 = EDGE_LOOP('',(#3712,#3723));
#3712 = ORIENTED_EDGE('',*,*,#3713,.T.);
#3713 = EDGE_CURVE('',#3714,#3716,#3718,.T.);
#3714 = VERTEX_POINT('',#3715);
#3715 = CARTESIAN_POINT('',(-2.5626402,-0.1020306,-1.E-02));
#3716 = VERTEX_POINT('',#3717);
#3717 = CARTESIAN_POINT('',(-2.5173597,-1.1679693,-1.E-02));
#3718 = CIRCLE('',#3719,0.533450006054);
#3719 = AXIS2_PLACEMENT_3D('',#3720,#3721,#3722);
#3720 = CARTESIAN_POINT('',(-2.540000006054,-0.634999952381,-1.E-02));
#3721 = DIRECTION('',(0.,0.,-1.));
#3722 = DIRECTION('',(-1.,0.,0.));
#3723 = ORIENTED_EDGE('',*,*,#3724,.T.);
#3724 = EDGE_CURVE('',#3716,#3714,#3725,.T.);
#3725 = CIRCLE('',#3726,0.533450006054);
#3726 = AXIS2_PLACEMENT_3D('',#3727,#3728,#3729);
#3727 = CARTESIAN_POINT('',(-2.539999993946,-0.634999951867,-1.E-02));
#3728 = DIRECTION('',(0.,0.,-1.));
#3729 = DIRECTION('',(-1.,0.,0.));
#3730 = FACE_BOUND('',#3731,.T.);
#3731 = EDGE_LOOP('',(#3732,#3743));
#3732 = ORIENTED_EDGE('',*,*,#3733,.T.);
#3733 = EDGE_CURVE('',#3734,#3736,#3738,.T.);
#3734 = VERTEX_POINT('',#3735);
#3735 = CARTESIAN_POINT('',(-1.27,-0.33025,-1.E-02));
#3736 = VERTEX_POINT('',#3737);
#3737 = CARTESIAN_POINT('',(-1.2699999,-0.93975,-1.E-02));
#3738 = CIRCLE('',#3739,0.30475);
#3739 = AXIS2_PLACEMENT_3D('',#3740,#3741,#3742);
#3740 = CARTESIAN_POINT('',(-1.27,-0.635,-1.E-02));
#3741 = DIRECTION('',(0.,0.,-1.));
#3742 = DIRECTION('',(-1.,0.,0.));
#3743 = ORIENTED_EDGE('',*,*,#3744,.T.);
#3744 = EDGE_CURVE('',#3736,#3734,#3745,.T.);
#3745 = CIRCLE('',#3746,0.30475);
#3746 = AXIS2_PLACEMENT_3D('',#3747,#3748,#3749);
#3747 = CARTESIAN_POINT('',(-1.27,-0.635,-1.E-02));
#3748 = DIRECTION('',(0.,0.,-1.));
#3749 = DIRECTION('',(-1.,0.,0.));
#3750 = FACE_BOUND('',#3751,.T.);
#3751 = EDGE_LOOP('',(#3752,#3763));
#3752 = ORIENTED_EDGE('',*,*,#3753,.T.);
#3753 = EDGE_CURVE('',#3754,#3756,#3758,.T.);
#3754 = VERTEX_POINT('',#3755);
#3755 = CARTESIAN_POINT('',(-2.5626402,1.1679693,-1.E-02));
#3756 = VERTEX_POINT('',#3757);
#3757 = CARTESIAN_POINT('',(-2.5173597,0.1020306,-1.E-02));
#3758 = CIRCLE('',#3759,0.533450006054);
#3759 = AXIS2_PLACEMENT_3D('',#3760,#3761,#3762);
#3760 = CARTESIAN_POINT('',(-2.540000006054,0.634999947619,-1.E-02));
#3761 = DIRECTION('',(0.,0.,-1.));
#3762 = DIRECTION('',(-1.,0.,0.));
#3763 = ORIENTED_EDGE('',*,*,#3764,.T.);
#3764 = EDGE_CURVE('',#3756,#3754,#3765,.T.);
#3765 = CIRCLE('',#3766,0.533450006054);
#3766 = AXIS2_PLACEMENT_3D('',#3767,#3768,#3769);
#3767 = CARTESIAN_POINT('',(-2.539999993946,0.634999948133,-1.E-02));
#3768 = DIRECTION('',(0.,0.,-1.));
#3769 = DIRECTION('',(-1.,0.,0.));
#3770 = FACE_BOUND('',#3771,.T.);
#3771 = EDGE_LOOP('',(#3772,#3783));
#3772 = ORIENTED_EDGE('',*,*,#3773,.T.);
#3773 = EDGE_CURVE('',#3774,#3776,#3778,.T.);
#3774 = VERTEX_POINT('',#3775);
#3775 = CARTESIAN_POINT('',(-1.27,0.93975,-1.E-02));
#3776 = VERTEX_POINT('',#3777);
#3777 = CARTESIAN_POINT('',(-1.2699999,0.3302499,-1.E-02));
#3778 = CIRCLE('',#3779,0.30475005);
#3779 = AXIS2_PLACEMENT_3D('',#3780,#3781,#3782);
#3780 = CARTESIAN_POINT('',(-1.27000005,0.63499995,-1.E-02));
#3781 = DIRECTION('',(0.,0.,-1.));
#3782 = DIRECTION('',(-1.,0.,0.));
#3783 = ORIENTED_EDGE('',*,*,#3784,.T.);
#3784 = EDGE_CURVE('',#3776,#3774,#3785,.T.);
#3785 = CIRCLE('',#3786,0.30475005);
#3786 = AXIS2_PLACEMENT_3D('',#3787,#3788,#3789);
#3787 = CARTESIAN_POINT('',(-1.26999995,0.63499995,-1.E-02));
#3788 = DIRECTION('',(0.,0.,-1.));
#3789 = DIRECTION('',(-1.,0.,0.));
#3790 = FACE_BOUND('',#3791,.T.);
#3791 = EDGE_LOOP('',(#3792,#3803));
#3792 = ORIENTED_EDGE('',*,*,#3793,.T.);
#3793 = EDGE_CURVE('',#3794,#3796,#3798,.T.);
#3794 = VERTEX_POINT('',#3795);
#3795 = CARTESIAN_POINT('',(-6.409875621279E-17,-0.33025,-1.E-02));
#3796 = VERTEX_POINT('',#3797);
#3797 = CARTESIAN_POINT('',(-6.409875621279E-17,-0.93975,-1.E-02));
#3798 = CIRCLE('',#3799,0.30475);
#3799 = AXIS2_PLACEMENT_3D('',#3800,#3801,#3802);
#3800 = CARTESIAN_POINT('',(1.711304256127E-17,-0.635,-1.E-02));
#3801 = DIRECTION('',(0.,0.,-1.));
#3802 = DIRECTION('',(-1.,0.,0.));
#3803 = ORIENTED_EDGE('',*,*,#3804,.T.);
#3804 = EDGE_CURVE('',#3796,#3794,#3805,.T.);
#3805 = CIRCLE('',#3806,0.30475);
#3806 = AXIS2_PLACEMENT_3D('',#3807,#3808,#3809);
#3807 = CARTESIAN_POINT('',(1.000000162247E-07,-0.635,-1.E-02));
#3808 = DIRECTION('',(0.,0.,-1.));
#3809 = DIRECTION('',(-1.,0.,0.));
#3810 = FACE_BOUND('',#3811,.T.);
#3811 = EDGE_LOOP('',(#3812,#3823));
#3812 = ORIENTED_EDGE('',*,*,#3813,.T.);
#3813 = EDGE_CURVE('',#3814,#3816,#3818,.T.);
#3814 = VERTEX_POINT('',#3815);
#3815 = CARTESIAN_POINT('',(1.27,-0.33025,-1.E-02));
#3816 = VERTEX_POINT('',#3817);
#3817 = CARTESIAN_POINT('',(1.27,-0.93975,-1.E-02));
#3818 = CIRCLE('',#3819,0.30475);
#3819 = AXIS2_PLACEMENT_3D('',#3820,#3821,#3822);
#3820 = CARTESIAN_POINT('',(1.27,-0.635,-1.E-02));
#3821 = DIRECTION('',(0.,0.,-1.));
#3822 = DIRECTION('',(-1.,0.,0.));
#3823 = ORIENTED_EDGE('',*,*,#3824,.T.);
#3824 = EDGE_CURVE('',#3816,#3814,#3825,.T.);
#3825 = CIRCLE('',#3826,0.30475);
#3826 = AXIS2_PLACEMENT_3D('',#3827,#3828,#3829);
#3827 = CARTESIAN_POINT('',(1.27,-0.635,-1.E-02));
#3828 = DIRECTION('',(0.,0.,-1.));
#3829 = DIRECTION('',(-1.,0.,0.));
#3830 = FACE_BOUND('',#3831,.T.);
#3831 = EDGE_LOOP('',(#3832,#3843));
#3832 = ORIENTED_EDGE('',*,*,#3833,.T.);
#3833 = EDGE_CURVE('',#3834,#3836,#3838,.T.);
#3834 = VERTEX_POINT('',#3835);
#3835 = CARTESIAN_POINT('',(2.5173597,-0.1020306,-1.E-02));
#3836 = VERTEX_POINT('',#3837);
#3837 = CARTESIAN_POINT('',(2.5626402,-1.1679693,-1.E-02));
#3838 = CIRCLE('',#3839,0.533450006054);
#3839 = AXIS2_PLACEMENT_3D('',#3840,#3841,#3842);
#3840 = CARTESIAN_POINT('',(2.539999993946,-0.634999948133,-1.E-02));
#3841 = DIRECTION('',(0.,0.,-1.));
#3842 = DIRECTION('',(-1.,0.,0.));
#3843 = ORIENTED_EDGE('',*,*,#3844,.T.);
#3844 = EDGE_CURVE('',#3836,#3834,#3845,.T.);
#3845 = CIRCLE('',#3846,0.533450006054);
#3846 = AXIS2_PLACEMENT_3D('',#3847,#3848,#3849);
#3847 = CARTESIAN_POINT('',(2.540000006054,-0.634999947619,-1.E-02));
#3848 = DIRECTION('',(0.,0.,-1.));
#3849 = DIRECTION('',(-1.,0.,0.));
#3850 = FACE_BOUND('',#3851,.T.);
#3851 = EDGE_LOOP('',(#3852,#3863));
#3852 = ORIENTED_EDGE('',*,*,#3853,.T.);
#3853 = EDGE_CURVE('',#3854,#3856,#3858,.T.);
#3854 = VERTEX_POINT('',#3855);
#3855 = CARTESIAN_POINT('',(-6.409875621279E-17,0.9397499,-1.E-02));
#3856 = VERTEX_POINT('',#3857);
#3857 = CARTESIAN_POINT('',(-6.409875621279E-17,0.3302499,-1.E-02));
#3858 = CIRCLE('',#3859,0.30475);
#3859 = AXIS2_PLACEMENT_3D('',#3860,#3861,#3862);
#3860 = CARTESIAN_POINT('',(-3.750775280605E-17,0.6349999,-1.E-02));
#3861 = DIRECTION('',(0.,0.,-1.));
#3862 = DIRECTION('',(-1.,0.,0.));
#3863 = ORIENTED_EDGE('',*,*,#3864,.T.);
#3864 = EDGE_CURVE('',#3856,#3854,#3865,.T.);
#3865 = CIRCLE('',#3866,0.30475);
#3866 = AXIS2_PLACEMENT_3D('',#3867,#3868,#3869);
#3867 = CARTESIAN_POINT('',(1.000000163266E-07,0.6349999,-1.E-02));
#3868 = DIRECTION('',(0.,0.,-1.));
#3869 = DIRECTION('',(-1.,0.,0.));
#3870 = FACE_BOUND('',#3871,.T.);
#3871 = EDGE_LOOP('',(#3872,#3883));
#3872 = ORIENTED_EDGE('',*,*,#3873,.T.);
#3873 = EDGE_CURVE('',#3874,#3876,#3878,.T.);
#3874 = VERTEX_POINT('',#3875);
#3875 = CARTESIAN_POINT('',(1.27,0.93975,-1.E-02));
#3876 = VERTEX_POINT('',#3877);
#3877 = CARTESIAN_POINT('',(1.27,0.3302499,-1.E-02));
#3878 = CIRCLE('',#3879,0.30475005);
#3879 = AXIS2_PLACEMENT_3D('',#3880,#3881,#3882);
#3880 = CARTESIAN_POINT('',(1.26999995,0.63499995,-1.E-02));
#3881 = DIRECTION('',(0.,0.,-1.));
#3882 = DIRECTION('',(-1.,0.,0.));
#3883 = ORIENTED_EDGE('',*,*,#3884,.T.);
#3884 = EDGE_CURVE('',#3876,#3874,#3885,.T.);
#3885 = CIRCLE('',#3886,0.30475005);
#3886 = AXIS2_PLACEMENT_3D('',#3887,#3888,#3889);
#3887 = CARTESIAN_POINT('',(1.27000005,0.63499995,-1.E-02));
#3888 = DIRECTION('',(0.,0.,-1.));
#3889 = DIRECTION('',(-1.,0.,0.));
#3890 = FACE_BOUND('',#3891,.T.);
#3891 = EDGE_LOOP('',(#3892,#3903));
#3892 = ORIENTED_EDGE('',*,*,#3893,.T.);
#3893 = EDGE_CURVE('',#3894,#3896,#3898,.T.);
#3894 = VERTEX_POINT('',#3895);
#3895 = CARTESIAN_POINT('',(2.5173597,1.1679693,-1.E-02));
#3896 = VERTEX_POINT('',#3897);
#3897 = CARTESIAN_POINT('',(2.5626402,0.1020306,-1.E-02));
#3898 = CIRCLE('',#3899,0.533450006054);
#3899 = AXIS2_PLACEMENT_3D('',#3900,#3901,#3902);
#3900 = CARTESIAN_POINT('',(2.539999993946,0.634999951867,-1.E-02));
#3901 = DIRECTION('',(0.,0.,-1.));
#3902 = DIRECTION('',(-1.,0.,0.));
#3903 = ORIENTED_EDGE('',*,*,#3904,.T.);
#3904 = EDGE_CURVE('',#3896,#3894,#3905,.T.);
#3905 = CIRCLE('',#3906,0.533450006054);
#3906 = AXIS2_PLACEMENT_3D('',#3907,#3908,#3909);
#3907 = CARTESIAN_POINT('',(2.540000006054,0.634999952381,-1.E-02));
#3908 = DIRECTION('',(0.,0.,-1.));
#3909 = DIRECTION('',(-1.,0.,0.));
#3910 = PLANE('',#3911);
#3911 = AXIS2_PLACEMENT_3D('',#3912,#3913,#3914);
#3912 = CARTESIAN_POINT('',(-22.6125,-23.11181645694,-1.E-02));
#3913 = DIRECTION('',(0.,0.,1.));
#3914 = DIRECTION('',(1.,0.,-0.));
#3915 = ADVANCED_FACE('',(#3916),#3934,.T.);
#3916 = FACE_BOUND('',#3917,.T.);
#3917 = EDGE_LOOP('',(#3918,#3926,#3927,#3928));
#3918 = ORIENTED_EDGE('',*,*,#3919,.F.);
#3919 = EDGE_CURVE('',#3555,#3920,#3922,.T.);
#3920 = VERTEX_POINT('',#3921);
#3921 = CARTESIAN_POINT('',(22.6125,13.112363291389,-1.59));
#3922 = LINE('',#3923,#3924);
#3923 = CARTESIAN_POINT('',(-22.6125,13.112363291389,-1.59));
#3924 = VECTOR('',#3925,1.);
#3925 = DIRECTION('',(1.,0.,-0.));
#3926 = ORIENTED_EDGE('',*,*,#3562,.T.);
#3927 = ORIENTED_EDGE('',*,*,#3625,.T.);
#3928 = ORIENTED_EDGE('',*,*,#3929,.F.);
#3929 = EDGE_CURVE('',#3920,#3618,#3930,.T.);
#3930 = LINE('',#3931,#3932);
#3931 = CARTESIAN_POINT('',(22.6125,13.112363291389,-1.59));
#3932 = VECTOR('',#3933,1.);
#3933 = DIRECTION('',(0.,0.,1.));
#3934 = PLANE('',#3935);
#3935 = AXIS2_PLACEMENT_3D('',#3936,#3937,#3938);
#3936 = CARTESIAN_POINT('',(-22.6125,13.112363291389,-1.59));
#3937 = DIRECTION('',(-0.,1.,0.));
#3938 = DIRECTION('',(0.,0.,1.));
#3939 = ADVANCED_FACE('',(#3940,#3951,#3971,#3991,#4011,#4031,#4051,
    #4071,#4091,#4111,#4131,#4151,#4171,#4191,#4211),#4231,.F.);
#3940 = FACE_BOUND('',#3941,.F.);
#3941 = EDGE_LOOP('',(#3942,#3943,#3944,#3950));
#3942 = ORIENTED_EDGE('',*,*,#3554,.F.);
#3943 = ORIENTED_EDGE('',*,*,#3584,.T.);
#3944 = ORIENTED_EDGE('',*,*,#3945,.T.);
#3945 = EDGE_CURVE('',#3585,#3920,#3946,.T.);
#3946 = LINE('',#3947,#3948);
#3947 = CARTESIAN_POINT('',(22.6125,-23.11181645694,-1.59));
#3948 = VECTOR('',#3949,1.);
#3949 = DIRECTION('',(-0.,1.,0.));
#3950 = ORIENTED_EDGE('',*,*,#3919,.F.);
#3951 = FACE_BOUND('',#3952,.F.);
#3952 = EDGE_LOOP('',(#3953,#3964));
#3953 = ORIENTED_EDGE('',*,*,#3954,.T.);
#3954 = EDGE_CURVE('',#3955,#3957,#3959,.T.);
#3955 = VERTEX_POINT('',#3956);
#3956 = CARTESIAN_POINT('',(-9.9999999,-3.91995,-1.59));
#3957 = VERTEX_POINT('',#3958);
#3958 = CARTESIAN_POINT('',(-9.9999999,-6.08005,-1.59));
#3959 = CIRCLE('',#3960,1.08005);
#3960 = AXIS2_PLACEMENT_3D('',#3961,#3962,#3963);
#3961 = CARTESIAN_POINT('',(-10.,-5.,-1.59));
#3962 = DIRECTION('',(0.,0.,-1.));
#3963 = DIRECTION('',(-1.,0.,0.));
#3964 = ORIENTED_EDGE('',*,*,#3965,.T.);
#3965 = EDGE_CURVE('',#3957,#3955,#3966,.T.);
#3966 = CIRCLE('',#3967,1.08005);
#3967 = AXIS2_PLACEMENT_3D('',#3968,#3969,#3970);
#3968 = CARTESIAN_POINT('',(-10.,-5.,-1.59));
#3969 = DIRECTION('',(0.,0.,-1.));
#3970 = DIRECTION('',(-1.,0.,0.));
#3971 = FACE_BOUND('',#3972,.F.);
#3972 = EDGE_LOOP('',(#3973,#3984));
#3973 = ORIENTED_EDGE('',*,*,#3974,.T.);
#3974 = EDGE_CURVE('',#3975,#3977,#3979,.T.);
#3975 = VERTEX_POINT('',#3976);
#3976 = CARTESIAN_POINT('',(-6.5277032,-4.2066835,-1.59));
#3977 = VERTEX_POINT('',#3978);
#3978 = CARTESIAN_POINT('',(-6.4722967,-5.7933164,-1.59));
#3979 = CIRCLE('',#3980,0.793800012535);
#3980 = AXIS2_PLACEMENT_3D('',#3981,#3982,#3983);
#3981 = CARTESIAN_POINT('',(-6.500000012535,-4.999999952184,-1.59));
#3982 = DIRECTION('',(0.,0.,-1.));
#3983 = DIRECTION('',(-1.,0.,0.));
#3984 = ORIENTED_EDGE('',*,*,#3985,.T.);
#3985 = EDGE_CURVE('',#3977,#3975,#3986,.T.);
#3986 = CIRCLE('',#3987,0.793800012535);
#3987 = AXIS2_PLACEMENT_3D('',#3988,#3989,#3990);
#3988 = CARTESIAN_POINT('',(-6.499999987465,-4.999999951308,-1.59));
#3989 = DIRECTION('',(0.,0.,-1.));
#3990 = DIRECTION('',(-1.,0.,0.));
#3991 = FACE_BOUND('',#3992,.F.);
#3992 = EDGE_LOOP('',(#3993,#4004));
#3993 = ORIENTED_EDGE('',*,*,#3994,.T.);
#3994 = EDGE_CURVE('',#3995,#3997,#3999,.T.);
#3995 = VERTEX_POINT('',#3996);
#3996 = CARTESIAN_POINT('',(6.4722967,-4.2066835,-1.59));
#3997 = VERTEX_POINT('',#3998);
#3998 = CARTESIAN_POINT('',(6.5277032,-5.7933164,-1.59));
#3999 = CIRCLE('',#4000,0.793800012535);
#4000 = AXIS2_PLACEMENT_3D('',#4001,#4002,#4003);
#4001 = CARTESIAN_POINT('',(6.499999987465,-4.999999948692,-1.59));
#4002 = DIRECTION('',(0.,0.,-1.));
#4003 = DIRECTION('',(-1.,0.,0.));
#4004 = ORIENTED_EDGE('',*,*,#4005,.T.);
#4005 = EDGE_CURVE('',#3997,#3995,#4006,.T.);
#4006 = CIRCLE('',#4007,0.793800012535);
#4007 = AXIS2_PLACEMENT_3D('',#4008,#4009,#4010);
#4008 = CARTESIAN_POINT('',(6.500000012535,-4.999999947816,-1.59));
#4009 = DIRECTION('',(0.,0.,-1.));
#4010 = DIRECTION('',(-1.,0.,0.));
#4011 = FACE_BOUND('',#4012,.F.);
#4012 = EDGE_LOOP('',(#4013,#4024));
#4013 = ORIENTED_EDGE('',*,*,#4014,.T.);
#4014 = EDGE_CURVE('',#4015,#4017,#4019,.T.);
#4015 = VERTEX_POINT('',#4016);
#4016 = CARTESIAN_POINT('',(10.,-3.91995,-1.59));
#4017 = VERTEX_POINT('',#4018);
#4018 = CARTESIAN_POINT('',(10.,-6.08005,-1.59));
#4019 = CIRCLE('',#4020,1.08005);
#4020 = AXIS2_PLACEMENT_3D('',#4021,#4022,#4023);
#4021 = CARTESIAN_POINT('',(10.,-5.,-1.59));
#4022 = DIRECTION('',(0.,0.,-1.));
#4023 = DIRECTION('',(-1.,0.,0.));
#4024 = ORIENTED_EDGE('',*,*,#4025,.T.);
#4025 = EDGE_CURVE('',#4017,#4015,#4026,.T.);
#4026 = CIRCLE('',#4027,1.08005);
#4027 = AXIS2_PLACEMENT_3D('',#4028,#4029,#4030);
#4028 = CARTESIAN_POINT('',(10.,-5.,-1.59));
#4029 = DIRECTION('',(0.,0.,-1.));
#4030 = DIRECTION('',(-1.,0.,0.));
#4031 = FACE_BOUND('',#4032,.F.);
#4032 = EDGE_LOOP('',(#4033,#4044));
#4033 = ORIENTED_EDGE('',*,*,#4034,.T.);
#4034 = EDGE_CURVE('',#4035,#4037,#4039,.T.);
#4035 = VERTEX_POINT('',#4036);
#4036 = CARTESIAN_POINT('',(-2.5626402,-0.1020306,-1.59));
#4037 = VERTEX_POINT('',#4038);
#4038 = CARTESIAN_POINT('',(-2.5173597,-1.1679693,-1.59));
#4039 = CIRCLE('',#4040,0.533450006054);
#4040 = AXIS2_PLACEMENT_3D('',#4041,#4042,#4043);
#4041 = CARTESIAN_POINT('',(-2.540000006054,-0.634999952381,-1.59));
#4042 = DIRECTION('',(0.,0.,-1.));
#4043 = DIRECTION('',(-1.,0.,0.));
#4044 = ORIENTED_EDGE('',*,*,#4045,.T.);
#4045 = EDGE_CURVE('',#4037,#4035,#4046,.T.);
#4046 = CIRCLE('',#4047,0.533450006054);
#4047 = AXIS2_PLACEMENT_3D('',#4048,#4049,#4050);
#4048 = CARTESIAN_POINT('',(-2.539999993946,-0.634999951867,-1.59));
#4049 = DIRECTION('',(0.,0.,-1.));
#4050 = DIRECTION('',(-1.,0.,0.));
#4051 = FACE_BOUND('',#4052,.F.);
#4052 = EDGE_LOOP('',(#4053,#4064));
#4053 = ORIENTED_EDGE('',*,*,#4054,.T.);
#4054 = EDGE_CURVE('',#4055,#4057,#4059,.T.);
#4055 = VERTEX_POINT('',#4056);
#4056 = CARTESIAN_POINT('',(-1.27,-0.33025,-1.59));
#4057 = VERTEX_POINT('',#4058);
#4058 = CARTESIAN_POINT('',(-1.2699999,-0.93975,-1.59));
#4059 = CIRCLE('',#4060,0.30475);
#4060 = AXIS2_PLACEMENT_3D('',#4061,#4062,#4063);
#4061 = CARTESIAN_POINT('',(-1.27,-0.635,-1.59));
#4062 = DIRECTION('',(0.,0.,-1.));
#4063 = DIRECTION('',(-1.,0.,0.));
#4064 = ORIENTED_EDGE('',*,*,#4065,.T.);
#4065 = EDGE_CURVE('',#4057,#4055,#4066,.T.);
#4066 = CIRCLE('',#4067,0.30475);
#4067 = AXIS2_PLACEMENT_3D('',#4068,#4069,#4070);
#4068 = CARTESIAN_POINT('',(-1.27,-0.635,-1.59));
#4069 = DIRECTION('',(0.,0.,-1.));
#4070 = DIRECTION('',(-1.,0.,0.));
#4071 = FACE_BOUND('',#4072,.F.);
#4072 = EDGE_LOOP('',(#4073,#4084));
#4073 = ORIENTED_EDGE('',*,*,#4074,.T.);
#4074 = EDGE_CURVE('',#4075,#4077,#4079,.T.);
#4075 = VERTEX_POINT('',#4076);
#4076 = CARTESIAN_POINT('',(-2.5626402,1.1679693,-1.59));
#4077 = VERTEX_POINT('',#4078);
#4078 = CARTESIAN_POINT('',(-2.5173597,0.1020306,-1.59));
#4079 = CIRCLE('',#4080,0.533450006054);
#4080 = AXIS2_PLACEMENT_3D('',#4081,#4082,#4083);
#4081 = CARTESIAN_POINT('',(-2.540000006054,0.634999947619,-1.59));
#4082 = DIRECTION('',(0.,0.,-1.));
#4083 = DIRECTION('',(-1.,0.,0.));
#4084 = ORIENTED_EDGE('',*,*,#4085,.T.);
#4085 = EDGE_CURVE('',#4077,#4075,#4086,.T.);
#4086 = CIRCLE('',#4087,0.533450006054);
#4087 = AXIS2_PLACEMENT_3D('',#4088,#4089,#4090);
#4088 = CARTESIAN_POINT('',(-2.539999993946,0.634999948133,-1.59));
#4089 = DIRECTION('',(0.,0.,-1.));
#4090 = DIRECTION('',(-1.,0.,0.));
#4091 = FACE_BOUND('',#4092,.F.);
#4092 = EDGE_LOOP('',(#4093,#4104));
#4093 = ORIENTED_EDGE('',*,*,#4094,.T.);
#4094 = EDGE_CURVE('',#4095,#4097,#4099,.T.);
#4095 = VERTEX_POINT('',#4096);
#4096 = CARTESIAN_POINT('',(-1.27,0.93975,-1.59));
#4097 = VERTEX_POINT('',#4098);
#4098 = CARTESIAN_POINT('',(-1.2699999,0.3302499,-1.59));
#4099 = CIRCLE('',#4100,0.30475005);
#4100 = AXIS2_PLACEMENT_3D('',#4101,#4102,#4103);
#4101 = CARTESIAN_POINT('',(-1.27000005,0.63499995,-1.59));
#4102 = DIRECTION('',(0.,0.,-1.));
#4103 = DIRECTION('',(-1.,0.,0.));
#4104 = ORIENTED_EDGE('',*,*,#4105,.T.);
#4105 = EDGE_CURVE('',#4097,#4095,#4106,.T.);
#4106 = CIRCLE('',#4107,0.30475005);
#4107 = AXIS2_PLACEMENT_3D('',#4108,#4109,#4110);
#4108 = CARTESIAN_POINT('',(-1.26999995,0.63499995,-1.59));
#4109 = DIRECTION('',(0.,0.,-1.));
#4110 = DIRECTION('',(-1.,0.,0.));
#4111 = FACE_BOUND('',#4112,.F.);
#4112 = EDGE_LOOP('',(#4113,#4124));
#4113 = ORIENTED_EDGE('',*,*,#4114,.T.);
#4114 = EDGE_CURVE('',#4115,#4117,#4119,.T.);
#4115 = VERTEX_POINT('',#4116);
#4116 = CARTESIAN_POINT('',(-6.409875621279E-17,-0.33025,-1.59));
#4117 = VERTEX_POINT('',#4118);
#4118 = CARTESIAN_POINT('',(-6.409875621279E-17,-0.93975,-1.59));
#4119 = CIRCLE('',#4120,0.30475);
#4120 = AXIS2_PLACEMENT_3D('',#4121,#4122,#4123);
#4121 = CARTESIAN_POINT('',(1.711304256127E-17,-0.635,-1.59));
#4122 = DIRECTION('',(0.,0.,-1.));
#4123 = DIRECTION('',(-1.,0.,0.));
#4124 = ORIENTED_EDGE('',*,*,#4125,.T.);
#4125 = EDGE_CURVE('',#4117,#4115,#4126,.T.);
#4126 = CIRCLE('',#4127,0.30475);
#4127 = AXIS2_PLACEMENT_3D('',#4128,#4129,#4130);
#4128 = CARTESIAN_POINT('',(1.000000162247E-07,-0.635,-1.59));
#4129 = DIRECTION('',(0.,0.,-1.));
#4130 = DIRECTION('',(-1.,0.,0.));
#4131 = FACE_BOUND('',#4132,.F.);
#4132 = EDGE_LOOP('',(#4133,#4144));
#4133 = ORIENTED_EDGE('',*,*,#4134,.T.);
#4134 = EDGE_CURVE('',#4135,#4137,#4139,.T.);
#4135 = VERTEX_POINT('',#4136);
#4136 = CARTESIAN_POINT('',(1.27,-0.33025,-1.59));
#4137 = VERTEX_POINT('',#4138);
#4138 = CARTESIAN_POINT('',(1.27,-0.93975,-1.59));
#4139 = CIRCLE('',#4140,0.30475);
#4140 = AXIS2_PLACEMENT_3D('',#4141,#4142,#4143);
#4141 = CARTESIAN_POINT('',(1.27,-0.635,-1.59));
#4142 = DIRECTION('',(0.,0.,-1.));
#4143 = DIRECTION('',(-1.,0.,0.));
#4144 = ORIENTED_EDGE('',*,*,#4145,.T.);
#4145 = EDGE_CURVE('',#4137,#4135,#4146,.T.);
#4146 = CIRCLE('',#4147,0.30475);
#4147 = AXIS2_PLACEMENT_3D('',#4148,#4149,#4150);
#4148 = CARTESIAN_POINT('',(1.27,-0.635,-1.59));
#4149 = DIRECTION('',(0.,0.,-1.));
#4150 = DIRECTION('',(-1.,0.,0.));
#4151 = FACE_BOUND('',#4152,.F.);
#4152 = EDGE_LOOP('',(#4153,#4164));
#4153 = ORIENTED_EDGE('',*,*,#4154,.T.);
#4154 = EDGE_CURVE('',#4155,#4157,#4159,.T.);
#4155 = VERTEX_POINT('',#4156);
#4156 = CARTESIAN_POINT('',(2.5173597,-0.1020306,-1.59));
#4157 = VERTEX_POINT('',#4158);
#4158 = CARTESIAN_POINT('',(2.5626402,-1.1679693,-1.59));
#4159 = CIRCLE('',#4160,0.533450006054);
#4160 = AXIS2_PLACEMENT_3D('',#4161,#4162,#4163);
#4161 = CARTESIAN_POINT('',(2.539999993946,-0.634999948133,-1.59));
#4162 = DIRECTION('',(0.,0.,-1.));
#4163 = DIRECTION('',(-1.,0.,0.));
#4164 = ORIENTED_EDGE('',*,*,#4165,.T.);
#4165 = EDGE_CURVE('',#4157,#4155,#4166,.T.);
#4166 = CIRCLE('',#4167,0.533450006054);
#4167 = AXIS2_PLACEMENT_3D('',#4168,#4169,#4170);
#4168 = CARTESIAN_POINT('',(2.540000006054,-0.634999947619,-1.59));
#4169 = DIRECTION('',(0.,0.,-1.));
#4170 = DIRECTION('',(-1.,0.,0.));
#4171 = FACE_BOUND('',#4172,.F.);
#4172 = EDGE_LOOP('',(#4173,#4184));
#4173 = ORIENTED_EDGE('',*,*,#4174,.T.);
#4174 = EDGE_CURVE('',#4175,#4177,#4179,.T.);
#4175 = VERTEX_POINT('',#4176);
#4176 = CARTESIAN_POINT('',(-6.409875621279E-17,0.9397499,-1.59));
#4177 = VERTEX_POINT('',#4178);
#4178 = CARTESIAN_POINT('',(-6.409875621279E-17,0.3302499,-1.59));
#4179 = CIRCLE('',#4180,0.30475);
#4180 = AXIS2_PLACEMENT_3D('',#4181,#4182,#4183);
#4181 = CARTESIAN_POINT('',(-3.750775280605E-17,0.6349999,-1.59));
#4182 = DIRECTION('',(0.,0.,-1.));
#4183 = DIRECTION('',(-1.,0.,0.));
#4184 = ORIENTED_EDGE('',*,*,#4185,.T.);
#4185 = EDGE_CURVE('',#4177,#4175,#4186,.T.);
#4186 = CIRCLE('',#4187,0.30475);
#4187 = AXIS2_PLACEMENT_3D('',#4188,#4189,#4190);
#4188 = CARTESIAN_POINT('',(1.000000163266E-07,0.6349999,-1.59));
#4189 = DIRECTION('',(0.,0.,-1.));
#4190 = DIRECTION('',(-1.,0.,0.));
#4191 = FACE_BOUND('',#4192,.F.);
#4192 = EDGE_LOOP('',(#4193,#4204));
#4193 = ORIENTED_EDGE('',*,*,#4194,.T.);
#4194 = EDGE_CURVE('',#4195,#4197,#4199,.T.);
#4195 = VERTEX_POINT('',#4196);
#4196 = CARTESIAN_POINT('',(1.27,0.93975,-1.59));
#4197 = VERTEX_POINT('',#4198);
#4198 = CARTESIAN_POINT('',(1.27,0.3302499,-1.59));
#4199 = CIRCLE('',#4200,0.30475005);
#4200 = AXIS2_PLACEMENT_3D('',#4201,#4202,#4203);
#4201 = CARTESIAN_POINT('',(1.26999995,0.63499995,-1.59));
#4202 = DIRECTION('',(0.,0.,-1.));
#4203 = DIRECTION('',(-1.,0.,0.));
#4204 = ORIENTED_EDGE('',*,*,#4205,.T.);
#4205 = EDGE_CURVE('',#4197,#4195,#4206,.T.);
#4206 = CIRCLE('',#4207,0.30475005);
#4207 = AXIS2_PLACEMENT_3D('',#4208,#4209,#4210);
#4208 = CARTESIAN_POINT('',(1.27000005,0.63499995,-1.59));
#4209 = DIRECTION('',(0.,0.,-1.));
#4210 = DIRECTION('',(-1.,0.,0.));
#4211 = FACE_BOUND('',#4212,.F.);
#4212 = EDGE_LOOP('',(#4213,#4224));
#4213 = ORIENTED_EDGE('',*,*,#4214,.T.);
#4214 = EDGE_CURVE('',#4215,#4217,#4219,.T.);
#4215 = VERTEX_POINT('',#4216);
#4216 = CARTESIAN_POINT('',(2.5173597,1.1679693,-1.59));
#4217 = VERTEX_POINT('',#4218);
#4218 = CARTESIAN_POINT('',(2.5626402,0.1020306,-1.59));
#4219 = CIRCLE('',#4220,0.533450006054);
#4220 = AXIS2_PLACEMENT_3D('',#4221,#4222,#4223);
#4221 = CARTESIAN_POINT('',(2.539999993946,0.634999951867,-1.59));
#4222 = DIRECTION('',(0.,0.,-1.));
#4223 = DIRECTION('',(-1.,0.,0.));
#4224 = ORIENTED_EDGE('',*,*,#4225,.T.);
#4225 = EDGE_CURVE('',#4217,#4215,#4226,.T.);
#4226 = CIRCLE('',#4227,0.533450006054);
#4227 = AXIS2_PLACEMENT_3D('',#4228,#4229,#4230);
#4228 = CARTESIAN_POINT('',(2.540000006054,0.634999952381,-1.59));
#4229 = DIRECTION('',(0.,0.,-1.));
#4230 = DIRECTION('',(-1.,0.,0.));
#4231 = PLANE('',#4232);
#4232 = AXIS2_PLACEMENT_3D('',#4233,#4234,#4235);
#4233 = CARTESIAN_POINT('',(-22.6125,-23.11181645694,-1.59));
#4234 = DIRECTION('',(0.,0.,1.));
#4235 = DIRECTION('',(1.,0.,-0.));
#4236 = ADVANCED_FACE('',(#4237),#4243,.T.);
#4237 = FACE_BOUND('',#4238,.T.);
#4238 = EDGE_LOOP('',(#4239,#4240,#4241,#4242));
#4239 = ORIENTED_EDGE('',*,*,#3601,.F.);
#4240 = ORIENTED_EDGE('',*,*,#3945,.T.);
#4241 = ORIENTED_EDGE('',*,*,#3929,.T.);
#4242 = ORIENTED_EDGE('',*,*,#3617,.F.);
#4243 = PLANE('',#4244);
#4244 = AXIS2_PLACEMENT_3D('',#4245,#4246,#4247);
#4245 = CARTESIAN_POINT('',(22.6125,-23.11181645694,-1.59));
#4246 = DIRECTION('',(1.,0.,-0.));
#4247 = DIRECTION('',(0.,0.,1.));
#4248 = ADVANCED_FACE('',(#4249),#4265,.F.);
#4249 = FACE_BOUND('',#4250,.F.);
#4250 = EDGE_LOOP('',(#4251,#4252,#4258,#4259));
#4251 = ORIENTED_EDGE('',*,*,#3954,.F.);
#4252 = ORIENTED_EDGE('',*,*,#4253,.T.);
#4253 = EDGE_CURVE('',#3955,#3634,#4254,.T.);
#4254 = LINE('',#4255,#4256);
#4255 = CARTESIAN_POINT('',(-9.9999999,-3.91995,-1.6));
#4256 = VECTOR('',#4257,1.);
#4257 = DIRECTION('',(0.,0.,1.));
#4258 = ORIENTED_EDGE('',*,*,#3633,.T.);
#4259 = ORIENTED_EDGE('',*,*,#4260,.F.);
#4260 = EDGE_CURVE('',#3957,#3636,#4261,.T.);
#4261 = LINE('',#4262,#4263);
#4262 = CARTESIAN_POINT('',(-9.9999999,-6.08005,-1.6));
#4263 = VECTOR('',#4264,1.);
#4264 = DIRECTION('',(0.,0.,1.));
#4265 = CYLINDRICAL_SURFACE('',#4266,1.08005);
#4266 = AXIS2_PLACEMENT_3D('',#4267,#4268,#4269);
#4267 = CARTESIAN_POINT('',(-10.,-5.,-1.6));
#4268 = DIRECTION('',(0.,0.,-1.));
#4269 = DIRECTION('',(-1.,0.,0.));
#4270 = ADVANCED_FACE('',(#4271),#4277,.F.);
#4271 = FACE_BOUND('',#4272,.F.);
#4272 = EDGE_LOOP('',(#4273,#4274,#4275,#4276));
#4273 = ORIENTED_EDGE('',*,*,#3965,.F.);
#4274 = ORIENTED_EDGE('',*,*,#4260,.T.);
#4275 = ORIENTED_EDGE('',*,*,#3644,.T.);
#4276 = ORIENTED_EDGE('',*,*,#4253,.F.);
#4277 = CYLINDRICAL_SURFACE('',#4278,1.08005);
#4278 = AXIS2_PLACEMENT_3D('',#4279,#4280,#4281);
#4279 = CARTESIAN_POINT('',(-10.,-5.,-1.6));
#4280 = DIRECTION('',(0.,0.,-1.));
#4281 = DIRECTION('',(-1.,0.,0.));
#4282 = ADVANCED_FACE('',(#4283),#4299,.F.);
#4283 = FACE_BOUND('',#4284,.F.);
#4284 = EDGE_LOOP('',(#4285,#4286,#4292,#4293));
#4285 = ORIENTED_EDGE('',*,*,#3974,.F.);
#4286 = ORIENTED_EDGE('',*,*,#4287,.T.);
#4287 = EDGE_CURVE('',#3975,#3654,#4288,.T.);
#4288 = LINE('',#4289,#4290);
#4289 = CARTESIAN_POINT('',(-6.5277032,-4.2066835,-1.6));
#4290 = VECTOR('',#4291,1.);
#4291 = DIRECTION('',(0.,0.,1.));
#4292 = ORIENTED_EDGE('',*,*,#3653,.T.);
#4293 = ORIENTED_EDGE('',*,*,#4294,.F.);
#4294 = EDGE_CURVE('',#3977,#3656,#4295,.T.);
#4295 = LINE('',#4296,#4297);
#4296 = CARTESIAN_POINT('',(-6.4722967,-5.7933164,-1.6));
#4297 = VECTOR('',#4298,1.);
#4298 = DIRECTION('',(0.,0.,1.));
#4299 = CYLINDRICAL_SURFACE('',#4300,0.793800012535);
#4300 = AXIS2_PLACEMENT_3D('',#4301,#4302,#4303);
#4301 = CARTESIAN_POINT('',(-6.500000012535,-4.999999952184,-1.6));
#4302 = DIRECTION('',(0.,0.,-1.));
#4303 = DIRECTION('',(-1.,0.,0.));
#4304 = ADVANCED_FACE('',(#4305),#4311,.F.);
#4305 = FACE_BOUND('',#4306,.F.);
#4306 = EDGE_LOOP('',(#4307,#4308,#4309,#4310));
#4307 = ORIENTED_EDGE('',*,*,#3985,.F.);
#4308 = ORIENTED_EDGE('',*,*,#4294,.T.);
#4309 = ORIENTED_EDGE('',*,*,#3664,.T.);
#4310 = ORIENTED_EDGE('',*,*,#4287,.F.);
#4311 = CYLINDRICAL_SURFACE('',#4312,0.793800012535);
#4312 = AXIS2_PLACEMENT_3D('',#4313,#4314,#4315);
#4313 = CARTESIAN_POINT('',(-6.499999987465,-4.999999951308,-1.6));
#4314 = DIRECTION('',(0.,0.,-1.));
#4315 = DIRECTION('',(-1.,0.,0.));
#4316 = ADVANCED_FACE('',(#4317),#4333,.F.);
#4317 = FACE_BOUND('',#4318,.F.);
#4318 = EDGE_LOOP('',(#4319,#4320,#4326,#4327));
#4319 = ORIENTED_EDGE('',*,*,#3994,.F.);
#4320 = ORIENTED_EDGE('',*,*,#4321,.T.);
#4321 = EDGE_CURVE('',#3995,#3674,#4322,.T.);
#4322 = LINE('',#4323,#4324);
#4323 = CARTESIAN_POINT('',(6.4722967,-4.2066835,-1.6));
#4324 = VECTOR('',#4325,1.);
#4325 = DIRECTION('',(0.,0.,1.));
#4326 = ORIENTED_EDGE('',*,*,#3673,.T.);
#4327 = ORIENTED_EDGE('',*,*,#4328,.F.);
#4328 = EDGE_CURVE('',#3997,#3676,#4329,.T.);
#4329 = LINE('',#4330,#4331);
#4330 = CARTESIAN_POINT('',(6.5277032,-5.7933164,-1.6));
#4331 = VECTOR('',#4332,1.);
#4332 = DIRECTION('',(0.,0.,1.));
#4333 = CYLINDRICAL_SURFACE('',#4334,0.793800012535);
#4334 = AXIS2_PLACEMENT_3D('',#4335,#4336,#4337);
#4335 = CARTESIAN_POINT('',(6.499999987465,-4.999999948692,-1.6));
#4336 = DIRECTION('',(0.,0.,-1.));
#4337 = DIRECTION('',(-1.,0.,0.));
#4338 = ADVANCED_FACE('',(#4339),#4345,.F.);
#4339 = FACE_BOUND('',#4340,.F.);
#4340 = EDGE_LOOP('',(#4341,#4342,#4343,#4344));
#4341 = ORIENTED_EDGE('',*,*,#4005,.F.);
#4342 = ORIENTED_EDGE('',*,*,#4328,.T.);
#4343 = ORIENTED_EDGE('',*,*,#3684,.T.);
#4344 = ORIENTED_EDGE('',*,*,#4321,.F.);
#4345 = CYLINDRICAL_SURFACE('',#4346,0.793800012535);
#4346 = AXIS2_PLACEMENT_3D('',#4347,#4348,#4349);
#4347 = CARTESIAN_POINT('',(6.500000012535,-4.999999947816,-1.6));
#4348 = DIRECTION('',(0.,0.,-1.));
#4349 = DIRECTION('',(-1.,0.,0.));
#4350 = ADVANCED_FACE('',(#4351),#4367,.F.);
#4351 = FACE_BOUND('',#4352,.F.);
#4352 = EDGE_LOOP('',(#4353,#4354,#4360,#4361));
#4353 = ORIENTED_EDGE('',*,*,#4014,.F.);
#4354 = ORIENTED_EDGE('',*,*,#4355,.T.);
#4355 = EDGE_CURVE('',#4015,#3694,#4356,.T.);
#4356 = LINE('',#4357,#4358);
#4357 = CARTESIAN_POINT('',(10.,-3.91995,-1.6));
#4358 = VECTOR('',#4359,1.);
#4359 = DIRECTION('',(0.,0.,1.));
#4360 = ORIENTED_EDGE('',*,*,#3693,.T.);
#4361 = ORIENTED_EDGE('',*,*,#4362,.F.);
#4362 = EDGE_CURVE('',#4017,#3696,#4363,.T.);
#4363 = LINE('',#4364,#4365);
#4364 = CARTESIAN_POINT('',(10.,-6.08005,-1.6));
#4365 = VECTOR('',#4366,1.);
#4366 = DIRECTION('',(0.,0.,1.));
#4367 = CYLINDRICAL_SURFACE('',#4368,1.08005);
#4368 = AXIS2_PLACEMENT_3D('',#4369,#4370,#4371);
#4369 = CARTESIAN_POINT('',(10.,-5.,-1.6));
#4370 = DIRECTION('',(0.,0.,-1.));
#4371 = DIRECTION('',(-1.,0.,0.));
#4372 = ADVANCED_FACE('',(#4373),#4379,.F.);
#4373 = FACE_BOUND('',#4374,.F.);
#4374 = EDGE_LOOP('',(#4375,#4376,#4377,#4378));
#4375 = ORIENTED_EDGE('',*,*,#4025,.F.);
#4376 = ORIENTED_EDGE('',*,*,#4362,.T.);
#4377 = ORIENTED_EDGE('',*,*,#3704,.T.);
#4378 = ORIENTED_EDGE('',*,*,#4355,.F.);
#4379 = CYLINDRICAL_SURFACE('',#4380,1.08005);
#4380 = AXIS2_PLACEMENT_3D('',#4381,#4382,#4383);
#4381 = CARTESIAN_POINT('',(10.,-5.,-1.6));
#4382 = DIRECTION('',(0.,0.,-1.));
#4383 = DIRECTION('',(-1.,0.,0.));
#4384 = ADVANCED_FACE('',(#4385),#4401,.F.);
#4385 = FACE_BOUND('',#4386,.F.);
#4386 = EDGE_LOOP('',(#4387,#4388,#4394,#4395));
#4387 = ORIENTED_EDGE('',*,*,#4034,.F.);
#4388 = ORIENTED_EDGE('',*,*,#4389,.T.);
#4389 = EDGE_CURVE('',#4035,#3714,#4390,.T.);
#4390 = LINE('',#4391,#4392);
#4391 = CARTESIAN_POINT('',(-2.5626402,-0.1020306,-1.6));
#4392 = VECTOR('',#4393,1.);
#4393 = DIRECTION('',(0.,0.,1.));
#4394 = ORIENTED_EDGE('',*,*,#3713,.T.);
#4395 = ORIENTED_EDGE('',*,*,#4396,.F.);
#4396 = EDGE_CURVE('',#4037,#3716,#4397,.T.);
#4397 = LINE('',#4398,#4399);
#4398 = CARTESIAN_POINT('',(-2.5173597,-1.1679693,-1.6));
#4399 = VECTOR('',#4400,1.);
#4400 = DIRECTION('',(0.,0.,1.));
#4401 = CYLINDRICAL_SURFACE('',#4402,0.533450006054);
#4402 = AXIS2_PLACEMENT_3D('',#4403,#4404,#4405);
#4403 = CARTESIAN_POINT('',(-2.540000006054,-0.634999952381,-1.6));
#4404 = DIRECTION('',(0.,0.,-1.));
#4405 = DIRECTION('',(-1.,0.,0.));
#4406 = ADVANCED_FACE('',(#4407),#4413,.F.);
#4407 = FACE_BOUND('',#4408,.F.);
#4408 = EDGE_LOOP('',(#4409,#4410,#4411,#4412));
#4409 = ORIENTED_EDGE('',*,*,#4045,.F.);
#4410 = ORIENTED_EDGE('',*,*,#4396,.T.);
#4411 = ORIENTED_EDGE('',*,*,#3724,.T.);
#4412 = ORIENTED_EDGE('',*,*,#4389,.F.);
#4413 = CYLINDRICAL_SURFACE('',#4414,0.533450006054);
#4414 = AXIS2_PLACEMENT_3D('',#4415,#4416,#4417);
#4415 = CARTESIAN_POINT('',(-2.539999993946,-0.634999951867,-1.6));
#4416 = DIRECTION('',(0.,0.,-1.));
#4417 = DIRECTION('',(-1.,0.,0.));
#4418 = ADVANCED_FACE('',(#4419),#4435,.F.);
#4419 = FACE_BOUND('',#4420,.F.);
#4420 = EDGE_LOOP('',(#4421,#4422,#4428,#4429));
#4421 = ORIENTED_EDGE('',*,*,#4054,.F.);
#4422 = ORIENTED_EDGE('',*,*,#4423,.T.);
#4423 = EDGE_CURVE('',#4055,#3734,#4424,.T.);
#4424 = LINE('',#4425,#4426);
#4425 = CARTESIAN_POINT('',(-1.27,-0.33025,-1.6));
#4426 = VECTOR('',#4427,1.);
#4427 = DIRECTION('',(0.,0.,1.));
#4428 = ORIENTED_EDGE('',*,*,#3733,.T.);
#4429 = ORIENTED_EDGE('',*,*,#4430,.F.);
#4430 = EDGE_CURVE('',#4057,#3736,#4431,.T.);
#4431 = LINE('',#4432,#4433);
#4432 = CARTESIAN_POINT('',(-1.2699999,-0.93975,-1.6));
#4433 = VECTOR('',#4434,1.);
#4434 = DIRECTION('',(0.,0.,1.));
#4435 = CYLINDRICAL_SURFACE('',#4436,0.30475);
#4436 = AXIS2_PLACEMENT_3D('',#4437,#4438,#4439);
#4437 = CARTESIAN_POINT('',(-1.27,-0.635,-1.6));
#4438 = DIRECTION('',(0.,0.,-1.));
#4439 = DIRECTION('',(-1.,0.,0.));
#4440 = ADVANCED_FACE('',(#4441),#4447,.F.);
#4441 = FACE_BOUND('',#4442,.F.);
#4442 = EDGE_LOOP('',(#4443,#4444,#4445,#4446));
#4443 = ORIENTED_EDGE('',*,*,#4065,.F.);
#4444 = ORIENTED_EDGE('',*,*,#4430,.T.);
#4445 = ORIENTED_EDGE('',*,*,#3744,.T.);
#4446 = ORIENTED_EDGE('',*,*,#4423,.F.);
#4447 = CYLINDRICAL_SURFACE('',#4448,0.30475);
#4448 = AXIS2_PLACEMENT_3D('',#4449,#4450,#4451);
#4449 = CARTESIAN_POINT('',(-1.27,-0.635,-1.6));
#4450 = DIRECTION('',(0.,0.,-1.));
#4451 = DIRECTION('',(-1.,0.,0.));
#4452 = ADVANCED_FACE('',(#4453),#4469,.F.);
#4453 = FACE_BOUND('',#4454,.F.);
#4454 = EDGE_LOOP('',(#4455,#4456,#4462,#4463));
#4455 = ORIENTED_EDGE('',*,*,#4074,.F.);
#4456 = ORIENTED_EDGE('',*,*,#4457,.T.);
#4457 = EDGE_CURVE('',#4075,#3754,#4458,.T.);
#4458 = LINE('',#4459,#4460);
#4459 = CARTESIAN_POINT('',(-2.5626402,1.1679693,-1.6));
#4460 = VECTOR('',#4461,1.);
#4461 = DIRECTION('',(0.,0.,1.));
#4462 = ORIENTED_EDGE('',*,*,#3753,.T.);
#4463 = ORIENTED_EDGE('',*,*,#4464,.F.);
#4464 = EDGE_CURVE('',#4077,#3756,#4465,.T.);
#4465 = LINE('',#4466,#4467);
#4466 = CARTESIAN_POINT('',(-2.5173597,0.1020306,-1.6));
#4467 = VECTOR('',#4468,1.);
#4468 = DIRECTION('',(0.,0.,1.));
#4469 = CYLINDRICAL_SURFACE('',#4470,0.533450006054);
#4470 = AXIS2_PLACEMENT_3D('',#4471,#4472,#4473);
#4471 = CARTESIAN_POINT('',(-2.540000006054,0.634999947619,-1.6));
#4472 = DIRECTION('',(0.,0.,-1.));
#4473 = DIRECTION('',(-1.,0.,0.));
#4474 = ADVANCED_FACE('',(#4475),#4481,.F.);
#4475 = FACE_BOUND('',#4476,.F.);
#4476 = EDGE_LOOP('',(#4477,#4478,#4479,#4480));
#4477 = ORIENTED_EDGE('',*,*,#4085,.F.);
#4478 = ORIENTED_EDGE('',*,*,#4464,.T.);
#4479 = ORIENTED_EDGE('',*,*,#3764,.T.);
#4480 = ORIENTED_EDGE('',*,*,#4457,.F.);
#4481 = CYLINDRICAL_SURFACE('',#4482,0.533450006054);
#4482 = AXIS2_PLACEMENT_3D('',#4483,#4484,#4485);
#4483 = CARTESIAN_POINT('',(-2.539999993946,0.634999948133,-1.6));
#4484 = DIRECTION('',(0.,0.,-1.));
#4485 = DIRECTION('',(-1.,0.,0.));
#4486 = ADVANCED_FACE('',(#4487),#4503,.F.);
#4487 = FACE_BOUND('',#4488,.F.);
#4488 = EDGE_LOOP('',(#4489,#4490,#4496,#4497));
#4489 = ORIENTED_EDGE('',*,*,#4094,.F.);
#4490 = ORIENTED_EDGE('',*,*,#4491,.T.);
#4491 = EDGE_CURVE('',#4095,#3774,#4492,.T.);
#4492 = LINE('',#4493,#4494);
#4493 = CARTESIAN_POINT('',(-1.27,0.93975,-1.6));
#4494 = VECTOR('',#4495,1.);
#4495 = DIRECTION('',(0.,0.,1.));
#4496 = ORIENTED_EDGE('',*,*,#3773,.T.);
#4497 = ORIENTED_EDGE('',*,*,#4498,.F.);
#4498 = EDGE_CURVE('',#4097,#3776,#4499,.T.);
#4499 = LINE('',#4500,#4501);
#4500 = CARTESIAN_POINT('',(-1.2699999,0.3302499,-1.6));
#4501 = VECTOR('',#4502,1.);
#4502 = DIRECTION('',(0.,0.,1.));
#4503 = CYLINDRICAL_SURFACE('',#4504,0.30475005);
#4504 = AXIS2_PLACEMENT_3D('',#4505,#4506,#4507);
#4505 = CARTESIAN_POINT('',(-1.27000005,0.63499995,-1.6));
#4506 = DIRECTION('',(0.,0.,-1.));
#4507 = DIRECTION('',(-1.,0.,0.));
#4508 = ADVANCED_FACE('',(#4509),#4515,.F.);
#4509 = FACE_BOUND('',#4510,.F.);
#4510 = EDGE_LOOP('',(#4511,#4512,#4513,#4514));
#4511 = ORIENTED_EDGE('',*,*,#4105,.F.);
#4512 = ORIENTED_EDGE('',*,*,#4498,.T.);
#4513 = ORIENTED_EDGE('',*,*,#3784,.T.);
#4514 = ORIENTED_EDGE('',*,*,#4491,.F.);
#4515 = CYLINDRICAL_SURFACE('',#4516,0.30475005);
#4516 = AXIS2_PLACEMENT_3D('',#4517,#4518,#4519);
#4517 = CARTESIAN_POINT('',(-1.26999995,0.63499995,-1.6));
#4518 = DIRECTION('',(0.,0.,-1.));
#4519 = DIRECTION('',(-1.,0.,0.));
#4520 = ADVANCED_FACE('',(#4521),#4537,.F.);
#4521 = FACE_BOUND('',#4522,.F.);
#4522 = EDGE_LOOP('',(#4523,#4524,#4530,#4531));
#4523 = ORIENTED_EDGE('',*,*,#4114,.F.);
#4524 = ORIENTED_EDGE('',*,*,#4525,.T.);
#4525 = EDGE_CURVE('',#4115,#3794,#4526,.T.);
#4526 = LINE('',#4527,#4528);
#4527 = CARTESIAN_POINT('',(-6.409875621279E-17,-0.33025,-1.6));
#4528 = VECTOR('',#4529,1.);
#4529 = DIRECTION('',(0.,0.,1.));
#4530 = ORIENTED_EDGE('',*,*,#3793,.T.);
#4531 = ORIENTED_EDGE('',*,*,#4532,.F.);
#4532 = EDGE_CURVE('',#4117,#3796,#4533,.T.);
#4533 = LINE('',#4534,#4535);
#4534 = CARTESIAN_POINT('',(-6.409875621279E-17,-0.93975,-1.6));
#4535 = VECTOR('',#4536,1.);
#4536 = DIRECTION('',(0.,0.,1.));
#4537 = CYLINDRICAL_SURFACE('',#4538,0.30475);
#4538 = AXIS2_PLACEMENT_3D('',#4539,#4540,#4541);
#4539 = CARTESIAN_POINT('',(1.711304256127E-17,-0.635,-1.6));
#4540 = DIRECTION('',(0.,0.,-1.));
#4541 = DIRECTION('',(-1.,0.,0.));
#4542 = ADVANCED_FACE('',(#4543),#4549,.F.);
#4543 = FACE_BOUND('',#4544,.F.);
#4544 = EDGE_LOOP('',(#4545,#4546,#4547,#4548));
#4545 = ORIENTED_EDGE('',*,*,#4125,.F.);
#4546 = ORIENTED_EDGE('',*,*,#4532,.T.);
#4547 = ORIENTED_EDGE('',*,*,#3804,.T.);
#4548 = ORIENTED_EDGE('',*,*,#4525,.F.);
#4549 = CYLINDRICAL_SURFACE('',#4550,0.30475);
#4550 = AXIS2_PLACEMENT_3D('',#4551,#4552,#4553);
#4551 = CARTESIAN_POINT('',(1.000000162247E-07,-0.635,-1.6));
#4552 = DIRECTION('',(0.,0.,-1.));
#4553 = DIRECTION('',(-1.,0.,0.));
#4554 = ADVANCED_FACE('',(#4555),#4571,.F.);
#4555 = FACE_BOUND('',#4556,.F.);
#4556 = EDGE_LOOP('',(#4557,#4558,#4564,#4565));
#4557 = ORIENTED_EDGE('',*,*,#4134,.F.);
#4558 = ORIENTED_EDGE('',*,*,#4559,.T.);
#4559 = EDGE_CURVE('',#4135,#3814,#4560,.T.);
#4560 = LINE('',#4561,#4562);
#4561 = CARTESIAN_POINT('',(1.27,-0.33025,-1.6));
#4562 = VECTOR('',#4563,1.);
#4563 = DIRECTION('',(0.,0.,1.));
#4564 = ORIENTED_EDGE('',*,*,#3813,.T.);
#4565 = ORIENTED_EDGE('',*,*,#4566,.F.);
#4566 = EDGE_CURVE('',#4137,#3816,#4567,.T.);
#4567 = LINE('',#4568,#4569);
#4568 = CARTESIAN_POINT('',(1.27,-0.93975,-1.6));
#4569 = VECTOR('',#4570,1.);
#4570 = DIRECTION('',(0.,0.,1.));
#4571 = CYLINDRICAL_SURFACE('',#4572,0.30475);
#4572 = AXIS2_PLACEMENT_3D('',#4573,#4574,#4575);
#4573 = CARTESIAN_POINT('',(1.27,-0.635,-1.6));
#4574 = DIRECTION('',(0.,0.,-1.));
#4575 = DIRECTION('',(-1.,0.,0.));
#4576 = ADVANCED_FACE('',(#4577),#4583,.F.);
#4577 = FACE_BOUND('',#4578,.F.);
#4578 = EDGE_LOOP('',(#4579,#4580,#4581,#4582));
#4579 = ORIENTED_EDGE('',*,*,#4145,.F.);
#4580 = ORIENTED_EDGE('',*,*,#4566,.T.);
#4581 = ORIENTED_EDGE('',*,*,#3824,.T.);
#4582 = ORIENTED_EDGE('',*,*,#4559,.F.);
#4583 = CYLINDRICAL_SURFACE('',#4584,0.30475);
#4584 = AXIS2_PLACEMENT_3D('',#4585,#4586,#4587);
#4585 = CARTESIAN_POINT('',(1.27,-0.635,-1.6));
#4586 = DIRECTION('',(0.,0.,-1.));
#4587 = DIRECTION('',(-1.,0.,0.));
#4588 = ADVANCED_FACE('',(#4589),#4605,.F.);
#4589 = FACE_BOUND('',#4590,.F.);
#4590 = EDGE_LOOP('',(#4591,#4592,#4598,#4599));
#4591 = ORIENTED_EDGE('',*,*,#4154,.F.);
#4592 = ORIENTED_EDGE('',*,*,#4593,.T.);
#4593 = EDGE_CURVE('',#4155,#3834,#4594,.T.);
#4594 = LINE('',#4595,#4596);
#4595 = CARTESIAN_POINT('',(2.5173597,-0.1020306,-1.6));
#4596 = VECTOR('',#4597,1.);
#4597 = DIRECTION('',(0.,0.,1.));
#4598 = ORIENTED_EDGE('',*,*,#3833,.T.);
#4599 = ORIENTED_EDGE('',*,*,#4600,.F.);
#4600 = EDGE_CURVE('',#4157,#3836,#4601,.T.);
#4601 = LINE('',#4602,#4603);
#4602 = CARTESIAN_POINT('',(2.5626402,-1.1679693,-1.6));
#4603 = VECTOR('',#4604,1.);
#4604 = DIRECTION('',(0.,0.,1.));
#4605 = CYLINDRICAL_SURFACE('',#4606,0.533450006054);
#4606 = AXIS2_PLACEMENT_3D('',#4607,#4608,#4609);
#4607 = CARTESIAN_POINT('',(2.539999993946,-0.634999948133,-1.6));
#4608 = DIRECTION('',(0.,0.,-1.));
#4609 = DIRECTION('',(-1.,0.,0.));
#4610 = ADVANCED_FACE('',(#4611),#4617,.F.);
#4611 = FACE_BOUND('',#4612,.F.);
#4612 = EDGE_LOOP('',(#4613,#4614,#4615,#4616));
#4613 = ORIENTED_EDGE('',*,*,#4165,.F.);
#4614 = ORIENTED_EDGE('',*,*,#4600,.T.);
#4615 = ORIENTED_EDGE('',*,*,#3844,.T.);
#4616 = ORIENTED_EDGE('',*,*,#4593,.F.);
#4617 = CYLINDRICAL_SURFACE('',#4618,0.533450006054);
#4618 = AXIS2_PLACEMENT_3D('',#4619,#4620,#4621);
#4619 = CARTESIAN_POINT('',(2.540000006054,-0.634999947619,-1.6));
#4620 = DIRECTION('',(0.,0.,-1.));
#4621 = DIRECTION('',(-1.,0.,0.));
#4622 = ADVANCED_FACE('',(#4623),#4639,.F.);
#4623 = FACE_BOUND('',#4624,.F.);
#4624 = EDGE_LOOP('',(#4625,#4626,#4632,#4633));
#4625 = ORIENTED_EDGE('',*,*,#4174,.F.);
#4626 = ORIENTED_EDGE('',*,*,#4627,.T.);
#4627 = EDGE_CURVE('',#4175,#3854,#4628,.T.);
#4628 = LINE('',#4629,#4630);
#4629 = CARTESIAN_POINT('',(-6.409875621279E-17,0.9397499,-1.6));
#4630 = VECTOR('',#4631,1.);
#4631 = DIRECTION('',(0.,0.,1.));
#4632 = ORIENTED_EDGE('',*,*,#3853,.T.);
#4633 = ORIENTED_EDGE('',*,*,#4634,.F.);
#4634 = EDGE_CURVE('',#4177,#3856,#4635,.T.);
#4635 = LINE('',#4636,#4637);
#4636 = CARTESIAN_POINT('',(-6.409875621279E-17,0.3302499,-1.6));
#4637 = VECTOR('',#4638,1.);
#4638 = DIRECTION('',(0.,0.,1.));
#4639 = CYLINDRICAL_SURFACE('',#4640,0.30475);
#4640 = AXIS2_PLACEMENT_3D('',#4641,#4642,#4643);
#4641 = CARTESIAN_POINT('',(-3.750775280605E-17,0.6349999,-1.6));
#4642 = DIRECTION('',(0.,0.,-1.));
#4643 = DIRECTION('',(-1.,0.,0.));
#4644 = ADVANCED_FACE('',(#4645),#4651,.F.);
#4645 = FACE_BOUND('',#4646,.F.);
#4646 = EDGE_LOOP('',(#4647,#4648,#4649,#4650));
#4647 = ORIENTED_EDGE('',*,*,#4185,.F.);
#4648 = ORIENTED_EDGE('',*,*,#4634,.T.);
#4649 = ORIENTED_EDGE('',*,*,#3864,.T.);
#4650 = ORIENTED_EDGE('',*,*,#4627,.F.);
#4651 = CYLINDRICAL_SURFACE('',#4652,0.30475);
#4652 = AXIS2_PLACEMENT_3D('',#4653,#4654,#4655);
#4653 = CARTESIAN_POINT('',(1.000000163266E-07,0.6349999,-1.6));
#4654 = DIRECTION('',(0.,0.,-1.));
#4655 = DIRECTION('',(-1.,0.,0.));
#4656 = ADVANCED_FACE('',(#4657),#4673,.F.);
#4657 = FACE_BOUND('',#4658,.F.);
#4658 = EDGE_LOOP('',(#4659,#4660,#4666,#4667));
#4659 = ORIENTED_EDGE('',*,*,#4194,.F.);
#4660 = ORIENTED_EDGE('',*,*,#4661,.T.);
#4661 = EDGE_CURVE('',#4195,#3874,#4662,.T.);
#4662 = LINE('',#4663,#4664);
#4663 = CARTESIAN_POINT('',(1.27,0.93975,-1.6));
#4664 = VECTOR('',#4665,1.);
#4665 = DIRECTION('',(0.,0.,1.));
#4666 = ORIENTED_EDGE('',*,*,#3873,.T.);
#4667 = ORIENTED_EDGE('',*,*,#4668,.F.);
#4668 = EDGE_CURVE('',#4197,#3876,#4669,.T.);
#4669 = LINE('',#4670,#4671);
#4670 = CARTESIAN_POINT('',(1.27,0.3302499,-1.6));
#4671 = VECTOR('',#4672,1.);
#4672 = DIRECTION('',(0.,0.,1.));
#4673 = CYLINDRICAL_SURFACE('',#4674,0.30475005);
#4674 = AXIS2_PLACEMENT_3D('',#4675,#4676,#4677);
#4675 = CARTESIAN_POINT('',(1.26999995,0.63499995,-1.6));
#4676 = DIRECTION('',(0.,0.,-1.));
#4677 = DIRECTION('',(-1.,0.,0.));
#4678 = ADVANCED_FACE('',(#4679),#4685,.F.);
#4679 = FACE_BOUND('',#4680,.F.);
#4680 = EDGE_LOOP('',(#4681,#4682,#4683,#4684));
#4681 = ORIENTED_EDGE('',*,*,#4205,.F.);
#4682 = ORIENTED_EDGE('',*,*,#4668,.T.);
#4683 = ORIENTED_EDGE('',*,*,#3884,.T.);
#4684 = ORIENTED_EDGE('',*,*,#4661,.F.);
#4685 = CYLINDRICAL_SURFACE('',#4686,0.30475005);
#4686 = AXIS2_PLACEMENT_3D('',#4687,#4688,#4689);
#4687 = CARTESIAN_POINT('',(1.27000005,0.63499995,-1.6));
#4688 = DIRECTION('',(0.,0.,-1.));
#4689 = DIRECTION('',(-1.,0.,0.));
#4690 = ADVANCED_FACE('',(#4691),#4707,.F.);
#4691 = FACE_BOUND('',#4692,.F.);
#4692 = EDGE_LOOP('',(#4693,#4694,#4700,#4701));
#4693 = ORIENTED_EDGE('',*,*,#4214,.F.);
#4694 = ORIENTED_EDGE('',*,*,#4695,.T.);
#4695 = EDGE_CURVE('',#4215,#3894,#4696,.T.);
#4696 = LINE('',#4697,#4698);
#4697 = CARTESIAN_POINT('',(2.5173597,1.1679693,-1.6));
#4698 = VECTOR('',#4699,1.);
#4699 = DIRECTION('',(0.,0.,1.));
#4700 = ORIENTED_EDGE('',*,*,#3893,.T.);
#4701 = ORIENTED_EDGE('',*,*,#4702,.F.);
#4702 = EDGE_CURVE('',#4217,#3896,#4703,.T.);
#4703 = LINE('',#4704,#4705);
#4704 = CARTESIAN_POINT('',(2.5626402,0.1020306,-1.6));
#4705 = VECTOR('',#4706,1.);
#4706 = DIRECTION('',(0.,0.,1.));
#4707 = CYLINDRICAL_SURFACE('',#4708,0.533450006054);
#4708 = AXIS2_PLACEMENT_3D('',#4709,#4710,#4711);
#4709 = CARTESIAN_POINT('',(2.539999993946,0.634999951867,-1.6));
#4710 = DIRECTION('',(0.,0.,-1.));
#4711 = DIRECTION('',(-1.,0.,0.));
#4712 = ADVANCED_FACE('',(#4713),#4719,.F.);
#4713 = FACE_BOUND('',#4714,.F.);
#4714 = EDGE_LOOP('',(#4715,#4716,#4717,#4718));
#4715 = ORIENTED_EDGE('',*,*,#4225,.F.);
#4716 = ORIENTED_EDGE('',*,*,#4702,.T.);
#4717 = ORIENTED_EDGE('',*,*,#3904,.T.);
#4718 = ORIENTED_EDGE('',*,*,#4695,.F.);
#4719 = CYLINDRICAL_SURFACE('',#4720,0.533450006054);
#4720 = AXIS2_PLACEMENT_3D('',#4721,#4722,#4723);
#4721 = CARTESIAN_POINT('',(2.540000006054,0.634999952381,-1.6));
#4722 = DIRECTION('',(0.,0.,-1.));
#4723 = DIRECTION('',(-1.,0.,0.));
#4724 = ( GEOMETRIC_REPRESENTATION_CONTEXT(3) 
GLOBAL_UNCERTAINTY_ASSIGNED_CONTEXT((#4728)) 
GLOBAL_UNIT_ASSIGNED_CONTEXT((#4725,#4726,#4727)) REPRESENTATION_CONTEXT
('Context #1','3D Context with UNIT and UNCERTAINTY') );
#4725 = ( LENGTH_UNIT() NAMED_UNIT(*) SI_UNIT(.MILLI.,.METRE.) );
#4726 = ( NAMED_UNIT(*) PLANE_ANGLE_UNIT() SI_UNIT($,.RADIAN.) );
#4727 = ( NAMED_UNIT(*) SI_UNIT($,.STERADIAN.) SOLID_ANGLE_UNIT() );
#4728 = UNCERTAINTY_MEASURE_WITH_UNIT(LENGTH_MEASURE(1.E-07),#4725,
  'distance_accuracy_value','confusion accuracy');
#4729 = CONTEXT_DEPENDENT_SHAPE_REPRESENTATION(#4730,#4732);
#4730 = ( REPRESENTATION_RELATIONSHIP('','',#3537,#10) 
REPRESENTATION_RELATIONSHIP_WITH_TRANSFORMATION(#4731) 
SHAPE_REPRESENTATION_RELATIONSHIP() );
#4731 = ITEM_DEFINED_TRANSFORMATION('','',#11,#51);
#4732 = PRODUCT_DEFINITION_SHAPE('Placement','Placement of an item',
  #4733);
#4733 = NEXT_ASSEMBLY_USAGE_OCCURRENCE('10','PCB','',#5,#3532,$);
#4734 = PRODUCT_RELATED_PRODUCT_CATEGORY('part',$,(#3534));
#4735 = MECHANICAL_DESIGN_GEOMETRIC_PRESENTATION_REPRESENTATION('',(
    #4736,#4747,#4756,#4765),#3336);
#4736 = STYLED_ITEM('color',(#4737),#3300);
#4737 = PRESENTATION_STYLE_ASSIGNMENT((#4738,#4744));
#4738 = SURFACE_STYLE_USAGE(.BOTH.,#4739);
#4739 = SURFACE_SIDE_STYLE('',(#4740));
#4740 = SURFACE_STYLE_FILL_AREA(#4741);
#4741 = FILL_AREA_STYLE('',(#4742));
#4742 = FILL_AREA_STYLE_COLOUR('',#4743);
#4743 = COLOUR_RGB('',0.678430976034,0.709803998361,0.741176010593);
#4744 = CURVE_STYLE('',#4745,POSITIVE_LENGTH_MEASURE(0.1),#4746);
#4745 = DRAUGHTING_PRE_DEFINED_CURVE_FONT('continuous');
#4746 = COLOUR_RGB('',1.,0.666666687201,1.);
#4747 = STYLED_ITEM('color',(#4748),#3309);
#4748 = PRESENTATION_STYLE_ASSIGNMENT((#4749,#4754));
#4749 = SURFACE_STYLE_USAGE(.BOTH.,#4750);
#4750 = SURFACE_SIDE_STYLE('',(#4751));
#4751 = SURFACE_STYLE_FILL_AREA(#4752);
#4752 = FILL_AREA_STYLE('',(#4753));
#4753 = FILL_AREA_STYLE_COLOUR('',#4743);
#4754 = CURVE_STYLE('',#4755,POSITIVE_LENGTH_MEASURE(0.1),#4746);
#4755 = DRAUGHTING_PRE_DEFINED_CURVE_FONT('continuous');
#4756 = STYLED_ITEM('color',(#4757),#3318);
#4757 = PRESENTATION_STYLE_ASSIGNMENT((#4758,#4763));
#4758 = SURFACE_STYLE_USAGE(.BOTH.,#4759);
#4759 = SURFACE_SIDE_STYLE('',(#4760));
#4760 = SURFACE_STYLE_FILL_AREA(#4761);
#4761 = FILL_AREA_STYLE('',(#4762));
#4762 = FILL_AREA_STYLE_COLOUR('',#4743);
#4763 = CURVE_STYLE('',#4764,POSITIVE_LENGTH_MEASURE(0.1),#4746);
#4764 = DRAUGHTING_PRE_DEFINED_CURVE_FONT('continuous');
#4765 = STYLED_ITEM('color',(#4766),#3327);
#4766 = PRESENTATION_STYLE_ASSIGNMENT((#4767,#4772));
#4767 = SURFACE_STYLE_USAGE(.BOTH.,#4768);
#4768 = SURFACE_SIDE_STYLE('',(#4769));
#4769 = SURFACE_STYLE_FILL_AREA(#4770);
#4770 = FILL_AREA_STYLE('',(#4771));
#4771 = FILL_AREA_STYLE_COLOUR('',#4743);
#4772 = CURVE_STYLE('',#4773,POSITIVE_LENGTH_MEASURE(0.1),#4746);
#4773 = DRAUGHTING_PRE_DEFINED_CURVE_FONT('continuous');
#4774 = MECHANICAL_DESIGN_GEOMETRIC_PRESENTATION_REPRESENTATION('',(
    #4775,#4788,#4799,#4810,#4821,#4832),#831);
#4775 = STYLED_ITEM('color',(#4776),#69);
#4776 = PRESENTATION_STYLE_ASSIGNMENT((#4777,#4785));
#4777 = SURFACE_STYLE_USAGE(.BOTH.,#4778);
#4778 = SURFACE_SIDE_STYLE('',(#4779,#4783));
#4779 = SURFACE_STYLE_FILL_AREA(#4780);
#4780 = FILL_AREA_STYLE('',(#4781));
#4781 = FILL_AREA_STYLE_COLOUR('',#4782);
#4782 = COLOUR_RGB('',0.810000015885,0.709999976869,0.230000002338);
#4783 = SURFACE_STYLE_RENDERING_WITH_PROPERTIES(.NORMAL_SHADING.,#4782,(
    #4784));
#4784 = SURFACE_STYLE_TRANSPARENT(0.600000023842);
#4785 = CURVE_STYLE('',#4786,POSITIVE_LENGTH_MEASURE(0.1),#4787);
#4786 = DRAUGHTING_PRE_DEFINED_CURVE_FONT('continuous');
#4787 = COLOUR_RGB('',9.803921802644E-02,9.803921802644E-02,
  9.803921802644E-02);
#4788 = STYLED_ITEM('color',(#4789),#196);
#4789 = PRESENTATION_STYLE_ASSIGNMENT((#4790,#4797));
#4790 = SURFACE_STYLE_USAGE(.BOTH.,#4791);
#4791 = SURFACE_SIDE_STYLE('',(#4792,#4795));
#4792 = SURFACE_STYLE_FILL_AREA(#4793);
#4793 = FILL_AREA_STYLE('',(#4794));
#4794 = FILL_AREA_STYLE_COLOUR('',#4782);
#4795 = SURFACE_STYLE_RENDERING_WITH_PROPERTIES(.NORMAL_SHADING.,#4782,(
    #4796));
#4796 = SURFACE_STYLE_TRANSPARENT(0.600000023842);
#4797 = CURVE_STYLE('',#4798,POSITIVE_LENGTH_MEASURE(0.1),#4787);
#4798 = DRAUGHTING_PRE_DEFINED_CURVE_FONT('continuous');
#4799 = STYLED_ITEM('color',(#4800),#323);
#4800 = PRESENTATION_STYLE_ASSIGNMENT((#4801,#4808));
#4801 = SURFACE_STYLE_USAGE(.BOTH.,#4802);
#4802 = SURFACE_SIDE_STYLE('',(#4803,#4806));
#4803 = SURFACE_STYLE_FILL_AREA(#4804);
#4804 = FILL_AREA_STYLE('',(#4805));
#4805 = FILL_AREA_STYLE_COLOUR('',#4782);
#4806 = SURFACE_STYLE_RENDERING_WITH_PROPERTIES(.NORMAL_SHADING.,#4782,(
    #4807));
#4807 = SURFACE_STYLE_TRANSPARENT(0.600000023842);
#4808 = CURVE_STYLE('',#4809,POSITIVE_LENGTH_MEASURE(0.1),#4787);
#4809 = DRAUGHTING_PRE_DEFINED_CURVE_FONT('continuous');
#4810 = STYLED_ITEM('color',(#4811),#450);
#4811 = PRESENTATION_STYLE_ASSIGNMENT((#4812,#4819));
#4812 = SURFACE_STYLE_USAGE(.BOTH.,#4813);
#4813 = SURFACE_SIDE_STYLE('',(#4814,#4817));
#4814 = SURFACE_STYLE_FILL_AREA(#4815);
#4815 = FILL_AREA_STYLE('',(#4816));
#4816 = FILL_AREA_STYLE_COLOUR('',#4782);
#4817 = SURFACE_STYLE_RENDERING_WITH_PROPERTIES(.NORMAL_SHADING.,#4782,(
    #4818));
#4818 = SURFACE_STYLE_TRANSPARENT(0.600000023842);
#4819 = CURVE_STYLE('',#4820,POSITIVE_LENGTH_MEASURE(0.1),#4787);
#4820 = DRAUGHTING_PRE_DEFINED_CURVE_FONT('continuous');
#4821 = STYLED_ITEM('color',(#4822),#577);
#4822 = PRESENTATION_STYLE_ASSIGNMENT((#4823,#4830));
#4823 = SURFACE_STYLE_USAGE(.BOTH.,#4824);
#4824 = SURFACE_SIDE_STYLE('',(#4825,#4828));
#4825 = SURFACE_STYLE_FILL_AREA(#4826);
#4826 = FILL_AREA_STYLE('',(#4827));
#4827 = FILL_AREA_STYLE_COLOUR('',#4782);
#4828 = SURFACE_STYLE_RENDERING_WITH_PROPERTIES(.NORMAL_SHADING.,#4782,(
    #4829));
#4829 = SURFACE_STYLE_TRANSPARENT(0.600000023842);
#4830 = CURVE_STYLE('',#4831,POSITIVE_LENGTH_MEASURE(0.1),#4787);
#4831 = DRAUGHTING_PRE_DEFINED_CURVE_FONT('continuous');
#4832 = STYLED_ITEM('color',(#4833),#704);
#4833 = PRESENTATION_STYLE_ASSIGNMENT((#4834,#4841));
#4834 = SURFACE_STYLE_USAGE(.BOTH.,#4835);
#4835 = SURFACE_SIDE_STYLE('',(#4836,#4839));
#4836 = SURFACE_STYLE_FILL_AREA(#4837);
#4837 = FILL_AREA_STYLE('',(#4838));
#4838 = FILL_AREA_STYLE_COLOUR('',#4782);
#4839 = SURFACE_STYLE_RENDERING_WITH_PROPERTIES(.NORMAL_SHADING.,#4782,(
    #4840));
#4840 = SURFACE_STYLE_TRANSPARENT(0.600000023842);
#4841 = CURVE_STYLE('',#4842,POSITIVE_LENGTH_MEASURE(0.1),#4787);
#4842 = DRAUGHTING_PRE_DEFINED_CURVE_FONT('continuous');
#4843 = MECHANICAL_DESIGN_GEOMETRIC_PRESENTATION_REPRESENTATION('',(
    #4844,#4853,#4862,#4871),#3519);
#4844 = STYLED_ITEM('color',(#4845),#3483);
#4845 = PRESENTATION_STYLE_ASSIGNMENT((#4846,#4851));
#4846 = SURFACE_STYLE_USAGE(.BOTH.,#4847);
#4847 = SURFACE_SIDE_STYLE('',(#4848));
#4848 = SURFACE_STYLE_FILL_AREA(#4849);
#4849 = FILL_AREA_STYLE('',(#4850));
#4850 = FILL_AREA_STYLE_COLOUR('',#4743);
#4851 = CURVE_STYLE('',#4852,POSITIVE_LENGTH_MEASURE(0.1),#4787);
#4852 = DRAUGHTING_PRE_DEFINED_CURVE_FONT('continuous');
#4853 = STYLED_ITEM('color',(#4854),#3492);
#4854 = PRESENTATION_STYLE_ASSIGNMENT((#4855,#4860));
#4855 = SURFACE_STYLE_USAGE(.BOTH.,#4856);
#4856 = SURFACE_SIDE_STYLE('',(#4857));
#4857 = SURFACE_STYLE_FILL_AREA(#4858);
#4858 = FILL_AREA_STYLE('',(#4859));
#4859 = FILL_AREA_STYLE_COLOUR('',#4743);
#4860 = CURVE_STYLE('',#4861,POSITIVE_LENGTH_MEASURE(0.1),#4787);
#4861 = DRAUGHTING_PRE_DEFINED_CURVE_FONT('continuous');
#4862 = STYLED_ITEM('color',(#4863),#3501);
#4863 = PRESENTATION_STYLE_ASSIGNMENT((#4864,#4869));
#4864 = SURFACE_STYLE_USAGE(.BOTH.,#4865);
#4865 = SURFACE_SIDE_STYLE('',(#4866));
#4866 = SURFACE_STYLE_FILL_AREA(#4867);
#4867 = FILL_AREA_STYLE('',(#4868));
#4868 = FILL_AREA_STYLE_COLOUR('',#4743);
#4869 = CURVE_STYLE('',#4870,POSITIVE_LENGTH_MEASURE(0.1),#4787);
#4870 = DRAUGHTING_PRE_DEFINED_CURVE_FONT('continuous');
#4871 = STYLED_ITEM('color',(#4872),#3510);
#4872 = PRESENTATION_STYLE_ASSIGNMENT((#4873,#4878));
#4873 = SURFACE_STYLE_USAGE(.BOTH.,#4874);
#4874 = SURFACE_SIDE_STYLE('',(#4875));
#4875 = SURFACE_STYLE_FILL_AREA(#4876);
#4876 = FILL_AREA_STYLE('',(#4877));
#4877 = FILL_AREA_STYLE_COLOUR('',#4743);
#4878 = CURVE_STYLE('',#4879,POSITIVE_LENGTH_MEASURE(0.1),#4787);
#4879 = DRAUGHTING_PRE_DEFINED_CURVE_FONT('continuous');
#4880 = MECHANICAL_DESIGN_GEOMETRIC_PRESENTATION_REPRESENTATION('',(
    #4881,#4890,#4899,#4908,#4917,#4926,#4935,#4944),#3427);
#4881 = STYLED_ITEM('color',(#4882),#3355);
#4882 = PRESENTATION_STYLE_ASSIGNMENT((#4883,#4888));
#4883 = SURFACE_STYLE_USAGE(.BOTH.,#4884);
#4884 = SURFACE_SIDE_STYLE('',(#4885));
#4885 = SURFACE_STYLE_FILL_AREA(#4886);
#4886 = FILL_AREA_STYLE('',(#4887));
#4887 = FILL_AREA_STYLE_COLOUR('',#4743);
#4888 = CURVE_STYLE('',#4889,POSITIVE_LENGTH_MEASURE(0.1),#4787);
#4889 = DRAUGHTING_PRE_DEFINED_CURVE_FONT('continuous');
#4890 = STYLED_ITEM('color',(#4891),#3364);
#4891 = PRESENTATION_STYLE_ASSIGNMENT((#4892,#4897));
#4892 = SURFACE_STYLE_USAGE(.BOTH.,#4893);
#4893 = SURFACE_SIDE_STYLE('',(#4894));
#4894 = SURFACE_STYLE_FILL_AREA(#4895);
#4895 = FILL_AREA_STYLE('',(#4896));
#4896 = FILL_AREA_STYLE_COLOUR('',#4743);
#4897 = CURVE_STYLE('',#4898,POSITIVE_LENGTH_MEASURE(0.1),#4787);
#4898 = DRAUGHTING_PRE_DEFINED_CURVE_FONT('continuous');
#4899 = STYLED_ITEM('color',(#4900),#3373);
#4900 = PRESENTATION_STYLE_ASSIGNMENT((#4901,#4906));
#4901 = SURFACE_STYLE_USAGE(.BOTH.,#4902);
#4902 = SURFACE_SIDE_STYLE('',(#4903));
#4903 = SURFACE_STYLE_FILL_AREA(#4904);
#4904 = FILL_AREA_STYLE('',(#4905));
#4905 = FILL_AREA_STYLE_COLOUR('',#4743);
#4906 = CURVE_STYLE('',#4907,POSITIVE_LENGTH_MEASURE(0.1),#4787);
#4907 = DRAUGHTING_PRE_DEFINED_CURVE_FONT('continuous');
#4908 = STYLED_ITEM('color',(#4909),#3382);
#4909 = PRESENTATION_STYLE_ASSIGNMENT((#4910,#4915));
#4910 = SURFACE_STYLE_USAGE(.BOTH.,#4911);
#4911 = SURFACE_SIDE_STYLE('',(#4912));
#4912 = SURFACE_STYLE_FILL_AREA(#4913);
#4913 = FILL_AREA_STYLE('',(#4914));
#4914 = FILL_AREA_STYLE_COLOUR('',#4743);
#4915 = CURVE_STYLE('',#4916,POSITIVE_LENGTH_MEASURE(0.1),#4787);
#4916 = DRAUGHTING_PRE_DEFINED_CURVE_FONT('continuous');
#4917 = STYLED_ITEM('color',(#4918),#3391);
#4918 = PRESENTATION_STYLE_ASSIGNMENT((#4919,#4924));
#4919 = SURFACE_STYLE_USAGE(.BOTH.,#4920);
#4920 = SURFACE_SIDE_STYLE('',(#4921));
#4921 = SURFACE_STYLE_FILL_AREA(#4922);
#4922 = FILL_AREA_STYLE('',(#4923));
#4923 = FILL_AREA_STYLE_COLOUR('',#4743);
#4924 = CURVE_STYLE('',#4925,POSITIVE_LENGTH_MEASURE(0.1),#4787);
#4925 = DRAUGHTING_PRE_DEFINED_CURVE_FONT('continuous');
#4926 = STYLED_ITEM('color',(#4927),#3400);
#4927 = PRESENTATION_STYLE_ASSIGNMENT((#4928,#4933));
#4928 = SURFACE_STYLE_USAGE(.BOTH.,#4929);
#4929 = SURFACE_SIDE_STYLE('',(#4930));
#4930 = SURFACE_STYLE_FILL_AREA(#4931);
#4931 = FILL_AREA_STYLE('',(#4932));
#4932 = FILL_AREA_STYLE_COLOUR('',#4743);
#4933 = CURVE_STYLE('',#4934,POSITIVE_LENGTH_MEASURE(0.1),#4787);
#4934 = DRAUGHTING_PRE_DEFINED_CURVE_FONT('continuous');
#4935 = STYLED_ITEM('color',(#4936),#3409);
#4936 = PRESENTATION_STYLE_ASSIGNMENT((#4937,#4942));
#4937 = SURFACE_STYLE_USAGE(.BOTH.,#4938);
#4938 = SURFACE_SIDE_STYLE('',(#4939));
#4939 = SURFACE_STYLE_FILL_AREA(#4940);
#4940 = FILL_AREA_STYLE('',(#4941));
#4941 = FILL_AREA_STYLE_COLOUR('',#4743);
#4942 = CURVE_STYLE('',#4943,POSITIVE_LENGTH_MEASURE(0.1),#4787);
#4943 = DRAUGHTING_PRE_DEFINED_CURVE_FONT('continuous');
#4944 = STYLED_ITEM('color',(#4945),#3418);
#4945 = PRESENTATION_STYLE_ASSIGNMENT((#4946,#4951));
#4946 = SURFACE_STYLE_USAGE(.BOTH.,#4947);
#4947 = SURFACE_SIDE_STYLE('',(#4948));
#4948 = SURFACE_STYLE_FILL_AREA(#4949);
#4949 = FILL_AREA_STYLE('',(#4950));
#4950 = FILL_AREA_STYLE_COLOUR('',#4743);
#4951 = CURVE_STYLE('',#4952,POSITIVE_LENGTH_MEASURE(0.1),#4787);
#4952 = DRAUGHTING_PRE_DEFINED_CURVE_FONT('continuous');
#4953 = MECHANICAL_DESIGN_GEOMETRIC_PRESENTATION_REPRESENTATION('',(
    #4954,#4963,#4972,#4981,#4990,#4999,#5008,#5017,#5026,#5035,#5044),
  #3281);
#4954 = STYLED_ITEM('color',(#4955),#3028);
#4955 = PRESENTATION_STYLE_ASSIGNMENT((#4956,#4961));
#4956 = SURFACE_STYLE_USAGE(.BOTH.,#4957);
#4957 = SURFACE_SIDE_STYLE('',(#4958));
#4958 = SURFACE_STYLE_FILL_AREA(#4959);
#4959 = FILL_AREA_STYLE('',(#4960));
#4960 = FILL_AREA_STYLE_COLOUR('',#4743);
#4961 = CURVE_STYLE('',#4962,POSITIVE_LENGTH_MEASURE(0.1),#4787);
#4962 = DRAUGHTING_PRE_DEFINED_CURVE_FONT('continuous');
#4963 = STYLED_ITEM('color',(#4964),#3059);
#4964 = PRESENTATION_STYLE_ASSIGNMENT((#4965,#4970));
#4965 = SURFACE_STYLE_USAGE(.BOTH.,#4966);
#4966 = SURFACE_SIDE_STYLE('',(#4967));
#4967 = SURFACE_STYLE_FILL_AREA(#4968);
#4968 = FILL_AREA_STYLE('',(#4969));
#4969 = FILL_AREA_STYLE_COLOUR('',#4743);
#4970 = CURVE_STYLE('',#4971,POSITIVE_LENGTH_MEASURE(0.1),#4787);
#4971 = DRAUGHTING_PRE_DEFINED_CURVE_FONT('continuous');
#4972 = STYLED_ITEM('color',(#4973),#3090);
#4973 = PRESENTATION_STYLE_ASSIGNMENT((#4974,#4979));
#4974 = SURFACE_STYLE_USAGE(.BOTH.,#4975);
#4975 = SURFACE_SIDE_STYLE('',(#4976));
#4976 = SURFACE_STYLE_FILL_AREA(#4977);
#4977 = FILL_AREA_STYLE('',(#4978));
#4978 = FILL_AREA_STYLE_COLOUR('',#4743);
#4979 = CURVE_STYLE('',#4980,POSITIVE_LENGTH_MEASURE(0.1),#4787);
#4980 = DRAUGHTING_PRE_DEFINED_CURVE_FONT('continuous');
#4981 = STYLED_ITEM('color',(#4982),#3121);
#4982 = PRESENTATION_STYLE_ASSIGNMENT((#4983,#4988));
#4983 = SURFACE_STYLE_USAGE(.BOTH.,#4984);
#4984 = SURFACE_SIDE_STYLE('',(#4985));
#4985 = SURFACE_STYLE_FILL_AREA(#4986);
#4986 = FILL_AREA_STYLE('',(#4987));
#4987 = FILL_AREA_STYLE_COLOUR('',#4743);
#4988 = CURVE_STYLE('',#4989,POSITIVE_LENGTH_MEASURE(0.1),#4787);
#4989 = DRAUGHTING_PRE_DEFINED_CURVE_FONT('continuous');
#4990 = STYLED_ITEM('color',(#4991),#3152);
#4991 = PRESENTATION_STYLE_ASSIGNMENT((#4992,#4997));
#4992 = SURFACE_STYLE_USAGE(.BOTH.,#4993);
#4993 = SURFACE_SIDE_STYLE('',(#4994));
#4994 = SURFACE_STYLE_FILL_AREA(#4995);
#4995 = FILL_AREA_STYLE('',(#4996));
#4996 = FILL_AREA_STYLE_COLOUR('',#4743);
#4997 = CURVE_STYLE('',#4998,POSITIVE_LENGTH_MEASURE(0.1),#4787);
#4998 = DRAUGHTING_PRE_DEFINED_CURVE_FONT('continuous');
#4999 = STYLED_ITEM('color',(#5000),#3183);
#5000 = PRESENTATION_STYLE_ASSIGNMENT((#5001,#5006));
#5001 = SURFACE_STYLE_USAGE(.BOTH.,#5002);
#5002 = SURFACE_SIDE_STYLE('',(#5003));
#5003 = SURFACE_STYLE_FILL_AREA(#5004);
#5004 = FILL_AREA_STYLE('',(#5005));
#5005 = FILL_AREA_STYLE_COLOUR('',#4743);
#5006 = CURVE_STYLE('',#5007,POSITIVE_LENGTH_MEASURE(0.1),#4787);
#5007 = DRAUGHTING_PRE_DEFINED_CURVE_FONT('continuous');
#5008 = STYLED_ITEM('color',(#5009),#3214);
#5009 = PRESENTATION_STYLE_ASSIGNMENT((#5010,#5015));
#5010 = SURFACE_STYLE_USAGE(.BOTH.,#5011);
#5011 = SURFACE_SIDE_STYLE('',(#5012));
#5012 = SURFACE_STYLE_FILL_AREA(#5013);
#5013 = FILL_AREA_STYLE('',(#5014));
#5014 = FILL_AREA_STYLE_COLOUR('',#4743);
#5015 = CURVE_STYLE('',#5016,POSITIVE_LENGTH_MEASURE(0.1),#4787);
#5016 = DRAUGHTING_PRE_DEFINED_CURVE_FONT('continuous');
#5017 = STYLED_ITEM('color',(#5018),#3245);
#5018 = PRESENTATION_STYLE_ASSIGNMENT((#5019,#5024));
#5019 = SURFACE_STYLE_USAGE(.BOTH.,#5020);
#5020 = SURFACE_SIDE_STYLE('',(#5021));
#5021 = SURFACE_STYLE_FILL_AREA(#5022);
#5022 = FILL_AREA_STYLE('',(#5023));
#5023 = FILL_AREA_STYLE_COLOUR('',#4743);
#5024 = CURVE_STYLE('',#5025,POSITIVE_LENGTH_MEASURE(0.1),#4787);
#5025 = DRAUGHTING_PRE_DEFINED_CURVE_FONT('continuous');
#5026 = STYLED_ITEM('color',(#5027),#3254);
#5027 = PRESENTATION_STYLE_ASSIGNMENT((#5028,#5033));
#5028 = SURFACE_STYLE_USAGE(.BOTH.,#5029);
#5029 = SURFACE_SIDE_STYLE('',(#5030));
#5030 = SURFACE_STYLE_FILL_AREA(#5031);
#5031 = FILL_AREA_STYLE('',(#5032));
#5032 = FILL_AREA_STYLE_COLOUR('',#4743);
#5033 = CURVE_STYLE('',#5034,POSITIVE_LENGTH_MEASURE(0.1),#4787);
#5034 = DRAUGHTING_PRE_DEFINED_CURVE_FONT('continuous');
#5035 = STYLED_ITEM('color',(#5036),#3263);
#5036 = PRESENTATION_STYLE_ASSIGNMENT((#5037,#5042));
#5037 = SURFACE_STYLE_USAGE(.BOTH.,#5038);
#5038 = SURFACE_SIDE_STYLE('',(#5039));
#5039 = SURFACE_STYLE_FILL_AREA(#5040);
#5040 = FILL_AREA_STYLE('',(#5041));
#5041 = FILL_AREA_STYLE_COLOUR('',#4743);
#5042 = CURVE_STYLE('',#5043,POSITIVE_LENGTH_MEASURE(0.1),#4787);
#5043 = DRAUGHTING_PRE_DEFINED_CURVE_FONT('continuous');
#5044 = STYLED_ITEM('color',(#5045),#3272);
#5045 = PRESENTATION_STYLE_ASSIGNMENT((#5046,#5051));
#5046 = SURFACE_STYLE_USAGE(.BOTH.,#5047);
#5047 = SURFACE_SIDE_STYLE('',(#5048));
#5048 = SURFACE_STYLE_FILL_AREA(#5049);
#5049 = FILL_AREA_STYLE('',(#5050));
#5050 = FILL_AREA_STYLE_COLOUR('',#4743);
#5051 = CURVE_STYLE('',#5052,POSITIVE_LENGTH_MEASURE(0.1),#4787);
#5052 = DRAUGHTING_PRE_DEFINED_CURVE_FONT('continuous');
#5053 = MECHANICAL_DESIGN_GEOMETRIC_PRESENTATION_REPRESENTATION('',(
    #5054),#4724);
#5054 = STYLED_ITEM('color',(#5055),#3538);
#5055 = PRESENTATION_STYLE_ASSIGNMENT((#5056,#5064));
#5056 = SURFACE_STYLE_USAGE(.BOTH.,#5057);
#5057 = SURFACE_SIDE_STYLE('',(#5058,#5062));
#5058 = SURFACE_STYLE_FILL_AREA(#5059);
#5059 = FILL_AREA_STYLE('',(#5060));
#5060 = FILL_AREA_STYLE_COLOUR('',#5061);
#5061 = COLOUR_RGB('',0.482352940689,0.800000010877,0.321568635616);
#5062 = SURFACE_STYLE_RENDERING_WITH_PROPERTIES(.NORMAL_SHADING.,#5061,(
    #5063));
#5063 = SURFACE_STYLE_TRANSPARENT(0.800000011921);
#5064 = CURVE_STYLE('',#5065,POSITIVE_LENGTH_MEASURE(0.1),#4787);
#5065 = DRAUGHTING_PRE_DEFINED_CURVE_FONT('continuous');
#5066 = MECHANICAL_DESIGN_GEOMETRIC_PRESENTATION_REPRESENTATION('',(
    #5067,#5078,#5089,#5100,#5111,#5122),#1612);
#5067 = STYLED_ITEM('color',(#5068),#850);
#5068 = PRESENTATION_STYLE_ASSIGNMENT((#5069,#5076));
#5069 = SURFACE_STYLE_USAGE(.BOTH.,#5070);
#5070 = SURFACE_SIDE_STYLE('',(#5071,#5074));
#5071 = SURFACE_STYLE_FILL_AREA(#5072);
#5072 = FILL_AREA_STYLE('',(#5073));
#5073 = FILL_AREA_STYLE_COLOUR('',#4782);
#5074 = SURFACE_STYLE_RENDERING_WITH_PROPERTIES(.NORMAL_SHADING.,#4782,(
    #5075));
#5075 = SURFACE_STYLE_TRANSPARENT(0.600000023842);
#5076 = CURVE_STYLE('',#5077,POSITIVE_LENGTH_MEASURE(0.1),#4787);
#5077 = DRAUGHTING_PRE_DEFINED_CURVE_FONT('continuous');
#5078 = STYLED_ITEM('color',(#5079),#977);
#5079 = PRESENTATION_STYLE_ASSIGNMENT((#5080,#5087));
#5080 = SURFACE_STYLE_USAGE(.BOTH.,#5081);
#5081 = SURFACE_SIDE_STYLE('',(#5082,#5085));
#5082 = SURFACE_STYLE_FILL_AREA(#5083);
#5083 = FILL_AREA_STYLE('',(#5084));
#5084 = FILL_AREA_STYLE_COLOUR('',#4782);
#5085 = SURFACE_STYLE_RENDERING_WITH_PROPERTIES(.NORMAL_SHADING.,#4782,(
    #5086));
#5086 = SURFACE_STYLE_TRANSPARENT(0.600000023842);
#5087 = CURVE_STYLE('',#5088,POSITIVE_LENGTH_MEASURE(0.1),#4787);
#5088 = DRAUGHTING_PRE_DEFINED_CURVE_FONT('continuous');
#5089 = STYLED_ITEM('color',(#5090),#1104);
#5090 = PRESENTATION_STYLE_ASSIGNMENT((#5091,#5098));
#5091 = SURFACE_STYLE_USAGE(.BOTH.,#5092);
#5092 = SURFACE_SIDE_STYLE('',(#5093,#5096));
#5093 = SURFACE_STYLE_FILL_AREA(#5094);
#5094 = FILL_AREA_STYLE('',(#5095));
#5095 = FILL_AREA_STYLE_COLOUR('',#4782);
#5096 = SURFACE_STYLE_RENDERING_WITH_PROPERTIES(.NORMAL_SHADING.,#4782,(
    #5097));
#5097 = SURFACE_STYLE_TRANSPARENT(0.600000023842);
#5098 = CURVE_STYLE('',#5099,POSITIVE_LENGTH_MEASURE(0.1),#4787);
#5099 = DRAUGHTING_PRE_DEFINED_CURVE_FONT('continuous');
#5100 = STYLED_ITEM('color',(#5101),#1231);
#5101 = PRESENTATION_STYLE_ASSIGNMENT((#5102,#5109));
#5102 = SURFACE_STYLE_USAGE(.BOTH.,#5103);
#5103 = SURFACE_SIDE_STYLE('',(#5104,#5107));
#5104 = SURFACE_STYLE_FILL_AREA(#5105);
#5105 = FILL_AREA_STYLE('',(#5106));
#5106 = FILL_AREA_STYLE_COLOUR('',#4782);
#5107 = SURFACE_STYLE_RENDERING_WITH_PROPERTIES(.NORMAL_SHADING.,#4782,(
    #5108));
#5108 = SURFACE_STYLE_TRANSPARENT(0.600000023842);
#5109 = CURVE_STYLE('',#5110,POSITIVE_LENGTH_MEASURE(0.1),#4787);
#5110 = DRAUGHTING_PRE_DEFINED_CURVE_FONT('continuous');
#5111 = STYLED_ITEM('color',(#5112),#1358);
#5112 = PRESENTATION_STYLE_ASSIGNMENT((#5113,#5120));
#5113 = SURFACE_STYLE_USAGE(.BOTH.,#5114);
#5114 = SURFACE_SIDE_STYLE('',(#5115,#5118));
#5115 = SURFACE_STYLE_FILL_AREA(#5116);
#5116 = FILL_AREA_STYLE('',(#5117));
#5117 = FILL_AREA_STYLE_COLOUR('',#4782);
#5118 = SURFACE_STYLE_RENDERING_WITH_PROPERTIES(.NORMAL_SHADING.,#4782,(
    #5119));
#5119 = SURFACE_STYLE_TRANSPARENT(0.600000023842);
#5120 = CURVE_STYLE('',#5121,POSITIVE_LENGTH_MEASURE(0.1),#4787);
#5121 = DRAUGHTING_PRE_DEFINED_CURVE_FONT('continuous');
#5122 = STYLED_ITEM('color',(#5123),#1485);
#5123 = PRESENTATION_STYLE_ASSIGNMENT((#5124,#5131));
#5124 = SURFACE_STYLE_USAGE(.BOTH.,#5125);
#5125 = SURFACE_SIDE_STYLE('',(#5126,#5129));
#5126 = SURFACE_STYLE_FILL_AREA(#5127);
#5127 = FILL_AREA_STYLE('',(#5128));
#5128 = FILL_AREA_STYLE_COLOUR('',#4782);
#5129 = SURFACE_STYLE_RENDERING_WITH_PROPERTIES(.NORMAL_SHADING.,#4782,(
    #5130));
#5130 = SURFACE_STYLE_TRANSPARENT(0.600000023842);
#5131 = CURVE_STYLE('',#5132,POSITIVE_LENGTH_MEASURE(0.1),#4787);
#5132 = DRAUGHTING_PRE_DEFINED_CURVE_FONT('continuous');
#5133 = MECHANICAL_DESIGN_GEOMETRIC_PRESENTATION_REPRESENTATION('',(
    #5134,#5146,#5157,#5168,#5179,#5190,#5201,#5212,#5223,#5234,#5245,
    #5256,#5267,#5278),#2919);
#5134 = STYLED_ITEM('color',(#5135),#1631);
#5135 = PRESENTATION_STYLE_ASSIGNMENT((#5136,#5144));
#5136 = SURFACE_STYLE_USAGE(.BOTH.,#5137);
#5137 = SURFACE_SIDE_STYLE('',(#5138,#5142));
#5138 = SURFACE_STYLE_FILL_AREA(#5139);
#5139 = FILL_AREA_STYLE('',(#5140));
#5140 = FILL_AREA_STYLE_COLOUR('',#5141);
#5141 = COLOUR_RGB('',0.330000010676,1.,0.);
#5142 = SURFACE_STYLE_RENDERING_WITH_PROPERTIES(.NORMAL_SHADING.,#5141,(
    #5143));
#5143 = SURFACE_STYLE_TRANSPARENT(0.699999988079);
#5144 = CURVE_STYLE('',#5145,POSITIVE_LENGTH_MEASURE(0.1),#4787);
#5145 = DRAUGHTING_PRE_DEFINED_CURVE_FONT('continuous');
#5146 = STYLED_ITEM('color',(#5147),#1723);
#5147 = PRESENTATION_STYLE_ASSIGNMENT((#5148,#5155));
#5148 = SURFACE_STYLE_USAGE(.BOTH.,#5149);
#5149 = SURFACE_SIDE_STYLE('',(#5150,#5153));
#5150 = SURFACE_STYLE_FILL_AREA(#5151);
#5151 = FILL_AREA_STYLE('',(#5152));
#5152 = FILL_AREA_STYLE_COLOUR('',#5141);
#5153 = SURFACE_STYLE_RENDERING_WITH_PROPERTIES(.NORMAL_SHADING.,#5141,(
    #5154));
#5154 = SURFACE_STYLE_TRANSPARENT(0.699999988079);
#5155 = CURVE_STYLE('',#5156,POSITIVE_LENGTH_MEASURE(0.1),#4787);
#5156 = DRAUGHTING_PRE_DEFINED_CURVE_FONT('continuous');
#5157 = STYLED_ITEM('color',(#5158),#1815);
#5158 = PRESENTATION_STYLE_ASSIGNMENT((#5159,#5166));
#5159 = SURFACE_STYLE_USAGE(.BOTH.,#5160);
#5160 = SURFACE_SIDE_STYLE('',(#5161,#5164));
#5161 = SURFACE_STYLE_FILL_AREA(#5162);
#5162 = FILL_AREA_STYLE('',(#5163));
#5163 = FILL_AREA_STYLE_COLOUR('',#5141);
#5164 = SURFACE_STYLE_RENDERING_WITH_PROPERTIES(.NORMAL_SHADING.,#5141,(
    #5165));
#5165 = SURFACE_STYLE_TRANSPARENT(0.699999988079);
#5166 = CURVE_STYLE('',#5167,POSITIVE_LENGTH_MEASURE(0.1),#4787);
#5167 = DRAUGHTING_PRE_DEFINED_CURVE_FONT('continuous');
#5168 = STYLED_ITEM('color',(#5169),#1907);
#5169 = PRESENTATION_STYLE_ASSIGNMENT((#5170,#5177));
#5170 = SURFACE_STYLE_USAGE(.BOTH.,#5171);
#5171 = SURFACE_SIDE_STYLE('',(#5172,#5175));
#5172 = SURFACE_STYLE_FILL_AREA(#5173);
#5173 = FILL_AREA_STYLE('',(#5174));
#5174 = FILL_AREA_STYLE_COLOUR('',#5141);
#5175 = SURFACE_STYLE_RENDERING_WITH_PROPERTIES(.NORMAL_SHADING.,#5141,(
    #5176));
#5176 = SURFACE_STYLE_TRANSPARENT(0.699999988079);
#5177 = CURVE_STYLE('',#5178,POSITIVE_LENGTH_MEASURE(0.1),#4787);
#5178 = DRAUGHTING_PRE_DEFINED_CURVE_FONT('continuous');
#5179 = STYLED_ITEM('color',(#5180),#1999);
#5180 = PRESENTATION_STYLE_ASSIGNMENT((#5181,#5188));
#5181 = SURFACE_STYLE_USAGE(.BOTH.,#5182);
#5182 = SURFACE_SIDE_STYLE('',(#5183,#5186));
#5183 = SURFACE_STYLE_FILL_AREA(#5184);
#5184 = FILL_AREA_STYLE('',(#5185));
#5185 = FILL_AREA_STYLE_COLOUR('',#5141);
#5186 = SURFACE_STYLE_RENDERING_WITH_PROPERTIES(.NORMAL_SHADING.,#5141,(
    #5187));
#5187 = SURFACE_STYLE_TRANSPARENT(0.699999988079);
#5188 = CURVE_STYLE('',#5189,POSITIVE_LENGTH_MEASURE(0.1),#4787);
#5189 = DRAUGHTING_PRE_DEFINED_CURVE_FONT('continuous');
#5190 = STYLED_ITEM('color',(#5191),#2091);
#5191 = PRESENTATION_STYLE_ASSIGNMENT((#5192,#5199));
#5192 = SURFACE_STYLE_USAGE(.BOTH.,#5193);
#5193 = SURFACE_SIDE_STYLE('',(#5194,#5197));
#5194 = SURFACE_STYLE_FILL_AREA(#5195);
#5195 = FILL_AREA_STYLE('',(#5196));
#5196 = FILL_AREA_STYLE_COLOUR('',#5141);
#5197 = SURFACE_STYLE_RENDERING_WITH_PROPERTIES(.NORMAL_SHADING.,#5141,(
    #5198));
#5198 = SURFACE_STYLE_TRANSPARENT(0.699999988079);
#5199 = CURVE_STYLE('',#5200,POSITIVE_LENGTH_MEASURE(0.1),#4787);
#5200 = DRAUGHTING_PRE_DEFINED_CURVE_FONT('continuous');
#5201 = STYLED_ITEM('color',(#5202),#2183);
#5202 = PRESENTATION_STYLE_ASSIGNMENT((#5203,#5210));
#5203 = SURFACE_STYLE_USAGE(.BOTH.,#5204);
#5204 = SURFACE_SIDE_STYLE('',(#5205,#5208));
#5205 = SURFACE_STYLE_FILL_AREA(#5206);
#5206 = FILL_AREA_STYLE('',(#5207));
#5207 = FILL_AREA_STYLE_COLOUR('',#5141);
#5208 = SURFACE_STYLE_RENDERING_WITH_PROPERTIES(.NORMAL_SHADING.,#5141,(
    #5209));
#5209 = SURFACE_STYLE_TRANSPARENT(0.699999988079);
#5210 = CURVE_STYLE('',#5211,POSITIVE_LENGTH_MEASURE(0.1),#4787);
#5211 = DRAUGHTING_PRE_DEFINED_CURVE_FONT('continuous');
#5212 = STYLED_ITEM('color',(#5213),#2275);
#5213 = PRESENTATION_STYLE_ASSIGNMENT((#5214,#5221));
#5214 = SURFACE_STYLE_USAGE(.BOTH.,#5215);
#5215 = SURFACE_SIDE_STYLE('',(#5216,#5219));
#5216 = SURFACE_STYLE_FILL_AREA(#5217);
#5217 = FILL_AREA_STYLE('',(#5218));
#5218 = FILL_AREA_STYLE_COLOUR('',#5141);
#5219 = SURFACE_STYLE_RENDERING_WITH_PROPERTIES(.NORMAL_SHADING.,#5141,(
    #5220));
#5220 = SURFACE_STYLE_TRANSPARENT(0.699999988079);
#5221 = CURVE_STYLE('',#5222,POSITIVE_LENGTH_MEASURE(0.1),#4787);
#5222 = DRAUGHTING_PRE_DEFINED_CURVE_FONT('continuous');
#5223 = STYLED_ITEM('color',(#5224),#2367);
#5224 = PRESENTATION_STYLE_ASSIGNMENT((#5225,#5232));
#5225 = SURFACE_STYLE_USAGE(.BOTH.,#5226);
#5226 = SURFACE_SIDE_STYLE('',(#5227,#5230));
#5227 = SURFACE_STYLE_FILL_AREA(#5228);
#5228 = FILL_AREA_STYLE('',(#5229));
#5229 = FILL_AREA_STYLE_COLOUR('',#5141);
#5230 = SURFACE_STYLE_RENDERING_WITH_PROPERTIES(.NORMAL_SHADING.,#5141,(
    #5231));
#5231 = SURFACE_STYLE_TRANSPARENT(0.699999988079);
#5232 = CURVE_STYLE('',#5233,POSITIVE_LENGTH_MEASURE(0.1),#4787);
#5233 = DRAUGHTING_PRE_DEFINED_CURVE_FONT('continuous');
#5234 = STYLED_ITEM('color',(#5235),#2459);
#5235 = PRESENTATION_STYLE_ASSIGNMENT((#5236,#5243));
#5236 = SURFACE_STYLE_USAGE(.BOTH.,#5237);
#5237 = SURFACE_SIDE_STYLE('',(#5238,#5241));
#5238 = SURFACE_STYLE_FILL_AREA(#5239);
#5239 = FILL_AREA_STYLE('',(#5240));
#5240 = FILL_AREA_STYLE_COLOUR('',#5141);
#5241 = SURFACE_STYLE_RENDERING_WITH_PROPERTIES(.NORMAL_SHADING.,#5141,(
    #5242));
#5242 = SURFACE_STYLE_TRANSPARENT(0.699999988079);
#5243 = CURVE_STYLE('',#5244,POSITIVE_LENGTH_MEASURE(0.1),#4787);
#5244 = DRAUGHTING_PRE_DEFINED_CURVE_FONT('continuous');
#5245 = STYLED_ITEM('color',(#5246),#2551);
#5246 = PRESENTATION_STYLE_ASSIGNMENT((#5247,#5254));
#5247 = SURFACE_STYLE_USAGE(.BOTH.,#5248);
#5248 = SURFACE_SIDE_STYLE('',(#5249,#5252));
#5249 = SURFACE_STYLE_FILL_AREA(#5250);
#5250 = FILL_AREA_STYLE('',(#5251));
#5251 = FILL_AREA_STYLE_COLOUR('',#5141);
#5252 = SURFACE_STYLE_RENDERING_WITH_PROPERTIES(.NORMAL_SHADING.,#5141,(
    #5253));
#5253 = SURFACE_STYLE_TRANSPARENT(0.699999988079);
#5254 = CURVE_STYLE('',#5255,POSITIVE_LENGTH_MEASURE(0.1),#4787);
#5255 = DRAUGHTING_PRE_DEFINED_CURVE_FONT('continuous');
#5256 = STYLED_ITEM('color',(#5257),#2643);
#5257 = PRESENTATION_STYLE_ASSIGNMENT((#5258,#5265));
#5258 = SURFACE_STYLE_USAGE(.BOTH.,#5259);
#5259 = SURFACE_SIDE_STYLE('',(#5260,#5263));
#5260 = SURFACE_STYLE_FILL_AREA(#5261);
#5261 = FILL_AREA_STYLE('',(#5262));
#5262 = FILL_AREA_STYLE_COLOUR('',#5141);
#5263 = SURFACE_STYLE_RENDERING_WITH_PROPERTIES(.NORMAL_SHADING.,#5141,(
    #5264));
#5264 = SURFACE_STYLE_TRANSPARENT(0.699999988079);
#5265 = CURVE_STYLE('',#5266,POSITIVE_LENGTH_MEASURE(0.1),#4787);
#5266 = DRAUGHTING_PRE_DEFINED_CURVE_FONT('continuous');
#5267 = STYLED_ITEM('color',(#5268),#2735);
#5268 = PRESENTATION_STYLE_ASSIGNMENT((#5269,#5276));
#5269 = SURFACE_STYLE_USAGE(.BOTH.,#5270);
#5270 = SURFACE_SIDE_STYLE('',(#5271,#5274));
#5271 = SURFACE_STYLE_FILL_AREA(#5272);
#5272 = FILL_AREA_STYLE('',(#5273));
#5273 = FILL_AREA_STYLE_COLOUR('',#5141);
#5274 = SURFACE_STYLE_RENDERING_WITH_PROPERTIES(.NORMAL_SHADING.,#5141,(
    #5275));
#5275 = SURFACE_STYLE_TRANSPARENT(0.699999988079);
#5276 = CURVE_STYLE('',#5277,POSITIVE_LENGTH_MEASURE(0.1),#4787);
#5277 = DRAUGHTING_PRE_DEFINED_CURVE_FONT('continuous');
#5278 = STYLED_ITEM('color',(#5279),#2827);
#5279 = PRESENTATION_STYLE_ASSIGNMENT((#5280,#5287));
#5280 = SURFACE_STYLE_USAGE(.BOTH.,#5281);
#5281 = SURFACE_SIDE_STYLE('',(#5282,#5285));
#5282 = SURFACE_STYLE_FILL_AREA(#5283);
#5283 = FILL_AREA_STYLE('',(#5284));
#5284 = FILL_AREA_STYLE_COLOUR('',#5141);
#5285 = SURFACE_STYLE_RENDERING_WITH_PROPERTIES(.NORMAL_SHADING.,#5141,(
    #5286));
#5286 = SURFACE_STYLE_TRANSPARENT(0.699999988079);
#5287 = CURVE_STYLE('',#5288,POSITIVE_LENGTH_MEASURE(0.1),#4787);
#5288 = DRAUGHTING_PRE_DEFINED_CURVE_FONT('continuous');
#5289 = MECHANICAL_DESIGN_GEOMETRIC_PRESENTATION_REPRESENTATION('',(
    #5290,#5300),#3464);
#5290 = STYLED_ITEM('color',(#5291),#3446);
#5291 = PRESENTATION_STYLE_ASSIGNMENT((#5292,#5297));
#5292 = SURFACE_STYLE_USAGE(.BOTH.,#5293);
#5293 = SURFACE_SIDE_STYLE('',(#5294));
#5294 = SURFACE_STYLE_FILL_AREA(#5295);
#5295 = FILL_AREA_STYLE('',(#5296));
#5296 = FILL_AREA_STYLE_COLOUR('',#4743);
#5297 = CURVE_STYLE('',#5298,POSITIVE_LENGTH_MEASURE(0.1),#5299);
#5298 = DRAUGHTING_PRE_DEFINED_CURVE_FONT('continuous');
#5299 = DRAUGHTING_PRE_DEFINED_COLOUR('blue');
#5300 = STYLED_ITEM('color',(#5301),#3455);
#5301 = PRESENTATION_STYLE_ASSIGNMENT((#5302,#5307));
#5302 = SURFACE_STYLE_USAGE(.BOTH.,#5303);
#5303 = SURFACE_SIDE_STYLE('',(#5304));
#5304 = SURFACE_STYLE_FILL_AREA(#5305);
#5305 = FILL_AREA_STYLE('',(#5306));
#5306 = FILL_AREA_STYLE_COLOUR('',#4743);
#5307 = CURVE_STYLE('',#5308,POSITIVE_LENGTH_MEASURE(0.1),#5299);
#5308 = DRAUGHTING_PRE_DEFINED_CURVE_FONT('continuous');
#5309 = MECHANICAL_DESIGN_GEOMETRIC_PRESENTATION_REPRESENTATION('',(
    #5310,#5319,#5328,#5337,#5346,#5355),#3009);
#5310 = STYLED_ITEM('color',(#5311),#2938);
#5311 = PRESENTATION_STYLE_ASSIGNMENT((#5312,#5317));
#5312 = SURFACE_STYLE_USAGE(.BOTH.,#5313);
#5313 = SURFACE_SIDE_STYLE('',(#5314));
#5314 = SURFACE_STYLE_FILL_AREA(#5315);
#5315 = FILL_AREA_STYLE('',(#5316));
#5316 = FILL_AREA_STYLE_COLOUR('',#4743);
#5317 = CURVE_STYLE('',#5318,POSITIVE_LENGTH_MEASURE(0.1),#5299);
#5318 = DRAUGHTING_PRE_DEFINED_CURVE_FONT('continuous');
#5319 = STYLED_ITEM('color',(#5320),#2946);
#5320 = PRESENTATION_STYLE_ASSIGNMENT((#5321,#5326));
#5321 = SURFACE_STYLE_USAGE(.BOTH.,#5322);
#5322 = SURFACE_SIDE_STYLE('',(#5323));
#5323 = SURFACE_STYLE_FILL_AREA(#5324);
#5324 = FILL_AREA_STYLE('',(#5325));
#5325 = FILL_AREA_STYLE_COLOUR('',#4743);
#5326 = CURVE_STYLE('',#5327,POSITIVE_LENGTH_MEASURE(0.1),#5299);
#5327 = DRAUGHTING_PRE_DEFINED_CURVE_FONT('continuous');
#5328 = STYLED_ITEM('color',(#5329),#2954);
#5329 = PRESENTATION_STYLE_ASSIGNMENT((#5330,#5335));
#5330 = SURFACE_STYLE_USAGE(.BOTH.,#5331);
#5331 = SURFACE_SIDE_STYLE('',(#5332));
#5332 = SURFACE_STYLE_FILL_AREA(#5333);
#5333 = FILL_AREA_STYLE('',(#5334));
#5334 = FILL_AREA_STYLE_COLOUR('',#4743);
#5335 = CURVE_STYLE('',#5336,POSITIVE_LENGTH_MEASURE(0.1),#5299);
#5336 = DRAUGHTING_PRE_DEFINED_CURVE_FONT('continuous');
#5337 = STYLED_ITEM('color',(#5338),#2969);
#5338 = PRESENTATION_STYLE_ASSIGNMENT((#5339,#5344));
#5339 = SURFACE_STYLE_USAGE(.BOTH.,#5340);
#5340 = SURFACE_SIDE_STYLE('',(#5341));
#5341 = SURFACE_STYLE_FILL_AREA(#5342);
#5342 = FILL_AREA_STYLE('',(#5343));
#5343 = FILL_AREA_STYLE_COLOUR('',#4743);
#5344 = CURVE_STYLE('',#5345,POSITIVE_LENGTH_MEASURE(0.1),#5299);
#5345 = DRAUGHTING_PRE_DEFINED_CURVE_FONT('continuous');
#5346 = STYLED_ITEM('color',(#5347),#2991);
#5347 = PRESENTATION_STYLE_ASSIGNMENT((#5348,#5353));
#5348 = SURFACE_STYLE_USAGE(.BOTH.,#5349);
#5349 = SURFACE_SIDE_STYLE('',(#5350));
#5350 = SURFACE_STYLE_FILL_AREA(#5351);
#5351 = FILL_AREA_STYLE('',(#5352));
#5352 = FILL_AREA_STYLE_COLOUR('',#4743);
#5353 = CURVE_STYLE('',#5354,POSITIVE_LENGTH_MEASURE(0.1),#5299);
#5354 = DRAUGHTING_PRE_DEFINED_CURVE_FONT('continuous');
#5355 = STYLED_ITEM('color',(#5356),#3000);
#5356 = PRESENTATION_STYLE_ASSIGNMENT((#5357,#5362));
#5357 = SURFACE_STYLE_USAGE(.BOTH.,#5358);
#5358 = SURFACE_SIDE_STYLE('',(#5359));
#5359 = SURFACE_STYLE_FILL_AREA(#5360);
#5360 = FILL_AREA_STYLE('',(#5361));
#5361 = FILL_AREA_STYLE_COLOUR('',#4743);
#5362 = CURVE_STYLE('',#5363,POSITIVE_LENGTH_MEASURE(0.1),#5299);
#5363 = DRAUGHTING_PRE_DEFINED_CURVE_FONT('continuous');
ENDSEC;
END-ISO-10303-21;
