ISO-10303-21;
HEADER;
FILE_DESCRIPTION(('FreeCAD Model'),'2;1');
FILE_NAME('Open CASCADE Shape Model','2026-08-23T18:44:37',(''),(''),
  'Open CASCADE STEP processor 7.8','FreeCAD','Unknown');
FILE_SCHEMA(('AUTOMOTIVE_DESIGN { 1 0 10303 214 1 1 1 1 }'));
ENDSEC;
DATA;
#1 = APPLICATION_PROTOCOL_DEFINITION('international standard',
  'automotive_design',2000,#2);
#2 = APPLICATION_CONTEXT(
  'core data for automotive mechanical design processes');
#3 = SHAPE_DEFINITION_REPRESENTATION(#4,#10);
#4 = PRODUCT_DEFINITION_SHAPE('','',#5);
#5 = PRODUCT_DEFINITION('design','',#6,#9);
#6 = PRODUCT_DEFINITION_FORMATION('','',#7);
#7 = PRODUCT('6pin_tagpoints_double_screws-fp',
  '6pin_tagpoints_double_screws-fp','',(#8));
#8 = PRODUCT_CONTEXT('',#2,'mechanical');
#9 = PRODUCT_DEFINITION_CONTEXT('part definition',#2,'design');
#10 = SHAPE_REPRESENTATION('',(#11,#15,#19,#23,#27,#31,#35,#39,#43,#47,
    #51),#55);
#11 = AXIS2_PLACEMENT_3D('',#12,#13,#14);
#12 = CARTESIAN_POINT('',(0.,0.,0.));
#13 = DIRECTION('',(0.,0.,1.));
#14 = DIRECTION('',(1.,0.,-0.));
#15 = AXIS2_PLACEMENT_3D('',#16,#17,#18);
#16 = CARTESIAN_POINT('',(0.,0.,-1.E-02));
#17 = DIRECTION('',(0.,0.,1.));
#18 = DIRECTION('',(1.,0.,0.));
#19 = AXIS2_PLACEMENT_3D('',#20,#21,#22);
#20 = CARTESIAN_POINT('',(0.,0.,-1.6));
#21 = DIRECTION('',(0.,0.,1.));
#22 = DIRECTION('',(1.,0.,0.));
#23 = AXIS2_PLACEMENT_3D('',#24,#25,#26);
#24 = CARTESIAN_POINT('',(0.,0.,0.));
#25 = DIRECTION('',(0.,0.,1.));
#26 = DIRECTION('',(1.,0.,0.));
#27 = AXIS2_PLACEMENT_3D('',#28,#29,#30);
#28 = CARTESIAN_POINT('',(0.,0.,1.E-02));
#29 = DIRECTION('',(0.,0.,1.));
#30 = DIRECTION('',(1.,0.,0.));
#31 = AXIS2_PLACEMENT_3D('',#32,#33,#34);
#32 = CARTESIAN_POINT('',(0.,0.,1.E-02));
#33 = DIRECTION('',(0.,0.,1.));
#34 = DIRECTION('',(1.,0.,0.));
#35 = AXIS2_PLACEMENT_3D('',#36,#37,#38);
#36 = CARTESIAN_POINT('',(0.,0.,1.E-02));
#37 = DIRECTION('',(0.,0.,1.));
#38 = DIRECTION('',(1.,0.,0.));
#39 = AXIS2_PLACEMENT_3D('',#40,#41,#42);
#40 = CARTESIAN_POINT('',(0.,0.,1.E-02));
#41 = DIRECTION('',(0.,0.,1.));
#42 = DIRECTION('',(1.,0.,0.));
#43 = AXIS2_PLACEMENT_3D('',#44,#45,#46);
#44 = CARTESIAN_POINT('',(0.,0.,-1.59));
#45 = DIRECTION('',(0.,0.,1.));
#46 = DIRECTION('',(1.,0.,0.));
#47 = AXIS2_PLACEMENT_3D('',#48,#49,#50);
#48 = CARTESIAN_POINT('',(0.,0.,-1.59));
#49 = DIRECTION('',(0.,0.,1.));
#50 = DIRECTION('',(1.,0.,0.));
#51 = AXIS2_PLACEMENT_3D('',#52,#53,#54);
#52 = CARTESIAN_POINT('',(0.,0.,0.));
#53 = DIRECTION('',(0.,0.,1.));
#54 = DIRECTION('',(1.,0.,0.));
#55 = ( GEOMETRIC_REPRESENTATION_CONTEXT(3) 
GLOBAL_UNCERTAINTY_ASSIGNED_CONTEXT((#59)) GLOBAL_UNIT_ASSIGNED_CONTEXT(
(#56,#57,#58)) REPRESENTATION_CONTEXT('Context #1',
  '3D Context with UNIT and UNCERTAINTY') );
#56 = ( LENGTH_UNIT() NAMED_UNIT(*) SI_UNIT(.MILLI.,.METRE.) );
#57 = ( NAMED_UNIT(*) PLANE_ANGLE_UNIT() SI_UNIT($,.RADIAN.) );
#58 = ( NAMED_UNIT(*) SI_UNIT($,.STERADIAN.) SOLID_ANGLE_UNIT() );
#59 = UNCERTAINTY_MEASURE_WITH_UNIT(LENGTH_MEASURE(1.E-07),#56,
  'distance_accuracy_value','confusion accuracy');
#60 = PRODUCT_RELATED_PRODUCT_CATEGORY('part',$,(#7));
#61 = SHAPE_DEFINITION_REPRESENTATION(#62,#68);
#62 = PRODUCT_DEFINITION_SHAPE('','',#63);
#63 = PRODUCT_DEFINITION('design','',#64,#67);
#64 = PRODUCT_DEFINITION_FORMATION('','',#65);
#65 = PRODUCT('topPads','topPads','',(#66));
#66 = PRODUCT_CONTEXT('',#2,'mechanical');
#67 = PRODUCT_DEFINITION_CONTEXT('part definition',#2,'design');
#68 = SHAPE_REPRESENTATION('',(#11,#69,#196,#323,#450,#577,#704),#831);
#69 = MANIFOLD_SOLID_BREP('',#70);
#70 = CLOSED_SHELL('',(#71,#104,#146,#170,#183));
#71 = ADVANCED_FACE('',(#72),#99,.T.);
#72 = FACE_BOUND('',#73,.F.);
#73 = EDGE_LOOP('',(#74,#84,#91,#92));
#74 = ORIENTED_EDGE('',*,*,#75,.T.);
#75 = EDGE_CURVE('',#76,#78,#80,.T.);
#76 = VERTEX_POINT('',#77);
#77 = CARTESIAN_POINT('',(1.7399,0.635,0.));
#78 = VERTEX_POINT('',#79);
#79 = CARTESIAN_POINT('',(1.7399,0.635,1.E-02));
#80 = LINE('',#81,#82);
#81 = CARTESIAN_POINT('',(1.7399,0.635,0.));
#82 = VECTOR('',#83,1.);
#83 = DIRECTION('',(0.,0.,1.));
#84 = ORIENTED_EDGE('',*,*,#85,.T.);
#85 = EDGE_CURVE('',#78,#78,#86,.T.);
#86 = CIRCLE('',#87,0.4699);
#87 = AXIS2_PLACEMENT_3D('',#88,#89,#90);
#88 = CARTESIAN_POINT('',(1.27,0.635,1.E-02));
#89 = DIRECTION('',(0.,0.,1.));
#90 = DIRECTION('',(1.,0.,0.));
#91 = ORIENTED_EDGE('',*,*,#75,.F.);
#92 = ORIENTED_EDGE('',*,*,#93,.F.);
#93 = EDGE_CURVE('',#76,#76,#94,.T.);
#94 = CIRCLE('',#95,0.4699);
#95 = AXIS2_PLACEMENT_3D('',#96,#97,#98);
#96 = CARTESIAN_POINT('',(1.27,0.635,0.));
#97 = DIRECTION('',(0.,0.,1.));
#98 = DIRECTION('',(1.,0.,0.));
#99 = CYLINDRICAL_SURFACE('',#100,0.4699);
#100 = AXIS2_PLACEMENT_3D('',#101,#102,#103);
#101 = CARTESIAN_POINT('',(1.27,0.635,0.));
#102 = DIRECTION('',(-0.,-0.,-1.));
#103 = DIRECTION('',(1.,0.,0.));
#104 = ADVANCED_FACE('',(#105),#141,.F.);
#105 = FACE_BOUND('',#106,.F.);
#106 = EDGE_LOOP('',(#107,#117,#126,#134));
#107 = ORIENTED_EDGE('',*,*,#108,.T.);
#108 = EDGE_CURVE('',#109,#111,#113,.T.);
#109 = VERTEX_POINT('',#110);
#110 = CARTESIAN_POINT('',(1.27,0.93975,0.));
#111 = VERTEX_POINT('',#112);
#112 = CARTESIAN_POINT('',(1.27,0.93975,1.E-02));
#113 = LINE('',#114,#115);
#114 = CARTESIAN_POINT('',(1.27,0.93975,0.));
#115 = VECTOR('',#116,1.);
#116 = DIRECTION('',(0.,0.,1.));
#117 = ORIENTED_EDGE('',*,*,#118,.T.);
#118 = EDGE_CURVE('',#111,#119,#121,.T.);
#119 = VERTEX_POINT('',#120);
#120 = CARTESIAN_POINT('',(1.27,0.3302499,1.E-02));
#121 = CIRCLE('',#122,0.30475005);
#122 = AXIS2_PLACEMENT_3D('',#123,#124,#125);
#123 = CARTESIAN_POINT('',(1.26999995,0.63499995,1.E-02));
#124 = DIRECTION('',(0.,0.,-1.));
#125 = DIRECTION('',(-1.,0.,0.));
#126 = ORIENTED_EDGE('',*,*,#127,.F.);
#127 = EDGE_CURVE('',#128,#119,#130,.T.);
#128 = VERTEX_POINT('',#129);
#129 = CARTESIAN_POINT('',(1.27,0.3302499,0.));
#130 = LINE('',#131,#132);
#131 = CARTESIAN_POINT('',(1.27,0.3302499,0.));
#132 = VECTOR('',#133,1.);
#133 = DIRECTION('',(0.,0.,1.));
#134 = ORIENTED_EDGE('',*,*,#135,.F.);
#135 = EDGE_CURVE('',#109,#128,#136,.T.);
#136 = CIRCLE('',#137,0.30475005);
#137 = AXIS2_PLACEMENT_3D('',#138,#139,#140);
#138 = CARTESIAN_POINT('',(1.26999995,0.63499995,0.));
#139 = DIRECTION('',(0.,0.,-1.));
#140 = DIRECTION('',(-1.,0.,0.));
#141 = CYLINDRICAL_SURFACE('',#142,0.30475005);
#142 = AXIS2_PLACEMENT_3D('',#143,#144,#145);
#143 = CARTESIAN_POINT('',(1.26999995,0.63499995,0.));
#144 = DIRECTION('',(0.,0.,-1.));
#145 = DIRECTION('',(-1.,0.,0.));
#146 = ADVANCED_FACE('',(#147),#165,.F.);
#147 = FACE_BOUND('',#148,.F.);
#148 = EDGE_LOOP('',(#149,#150,#157,#158));
#149 = ORIENTED_EDGE('',*,*,#127,.T.);
#150 = ORIENTED_EDGE('',*,*,#151,.T.);
#151 = EDGE_CURVE('',#119,#111,#152,.T.);
#152 = CIRCLE('',#153,0.30475005);
#153 = AXIS2_PLACEMENT_3D('',#154,#155,#156);
#154 = CARTESIAN_POINT('',(1.27000005,0.63499995,1.E-02));
#155 = DIRECTION('',(0.,0.,-1.));
#156 = DIRECTION('',(-1.,0.,0.));
#157 = ORIENTED_EDGE('',*,*,#108,.F.);
#158 = ORIENTED_EDGE('',*,*,#159,.F.);
#159 = EDGE_CURVE('',#128,#109,#160,.T.);
#160 = CIRCLE('',#161,0.30475005);
#161 = AXIS2_PLACEMENT_3D('',#162,#163,#164);
#162 = CARTESIAN_POINT('',(1.27000005,0.63499995,0.));
#163 = DIRECTION('',(0.,0.,-1.));
#164 = DIRECTION('',(-1.,0.,0.));
#165 = CYLINDRICAL_SURFACE('',#166,0.30475005);
#166 = AXIS2_PLACEMENT_3D('',#167,#168,#169);
#167 = CARTESIAN_POINT('',(1.27000005,0.63499995,0.));
#168 = DIRECTION('',(0.,0.,-1.));
#169 = DIRECTION('',(-1.,0.,0.));
#170 = ADVANCED_FACE('',(#171,#174),#178,.F.);
#171 = FACE_BOUND('',#172,.F.);
#172 = EDGE_LOOP('',(#173));
#173 = ORIENTED_EDGE('',*,*,#93,.T.);
#174 = FACE_BOUND('',#175,.F.);
#175 = EDGE_LOOP('',(#176,#177));
#176 = ORIENTED_EDGE('',*,*,#135,.T.);
#177 = ORIENTED_EDGE('',*,*,#159,.T.);
#178 = PLANE('',#179);
#179 = AXIS2_PLACEMENT_3D('',#180,#181,#182);
#180 = CARTESIAN_POINT('',(1.27,0.635,0.));
#181 = DIRECTION('',(0.,0.,1.));
#182 = DIRECTION('',(1.,0.,-0.));
#183 = ADVANCED_FACE('',(#184,#187),#191,.T.);
#184 = FACE_BOUND('',#185,.T.);
#185 = EDGE_LOOP('',(#186));
#186 = ORIENTED_EDGE('',*,*,#85,.T.);
#187 = FACE_BOUND('',#188,.T.);
#188 = EDGE_LOOP('',(#189,#190));
#189 = ORIENTED_EDGE('',*,*,#118,.T.);
#190 = ORIENTED_EDGE('',*,*,#151,.T.);
#191 = PLANE('',#192);
#192 = AXIS2_PLACEMENT_3D('',#193,#194,#195);
#193 = CARTESIAN_POINT('',(1.27,0.635,1.E-02));
#194 = DIRECTION('',(0.,0.,1.));
#195 = DIRECTION('',(1.,0.,-0.));
#196 = MANIFOLD_SOLID_BREP('',#197);
#197 = CLOSED_SHELL('',(#198,#231,#273,#297,#310));
#198 = ADVANCED_FACE('',(#199),#226,.T.);
#199 = FACE_BOUND('',#200,.F.);
#200 = EDGE_LOOP('',(#201,#211,#218,#219));
#201 = ORIENTED_EDGE('',*,*,#202,.T.);
#202 = EDGE_CURVE('',#203,#205,#207,.T.);
#203 = VERTEX_POINT('',#204);
#204 = CARTESIAN_POINT('',(1.7399,-0.635,0.));
#205 = VERTEX_POINT('',#206);
#206 = CARTESIAN_POINT('',(1.7399,-0.635,1.E-02));
#207 = LINE('',#208,#209);
#208 = CARTESIAN_POINT('',(1.7399,-0.635,0.));
#209 = VECTOR('',#210,1.);
#210 = DIRECTION('',(0.,0.,1.));
#211 = ORIENTED_EDGE('',*,*,#212,.T.);
#212 = EDGE_CURVE('',#205,#205,#213,.T.);
#213 = CIRCLE('',#214,0.4699);
#214 = AXIS2_PLACEMENT_3D('',#215,#216,#217);
#215 = CARTESIAN_POINT('',(1.27,-0.635,1.E-02));
#216 = DIRECTION('',(0.,0.,1.));
#217 = DIRECTION('',(1.,0.,0.));
#218 = ORIENTED_EDGE('',*,*,#202,.F.);
#219 = ORIENTED_EDGE('',*,*,#220,.F.);
#220 = EDGE_CURVE('',#203,#203,#221,.T.);
#221 = CIRCLE('',#222,0.4699);
#222 = AXIS2_PLACEMENT_3D('',#223,#224,#225);
#223 = CARTESIAN_POINT('',(1.27,-0.635,0.));
#224 = DIRECTION('',(0.,0.,1.));
#225 = DIRECTION('',(1.,0.,0.));
#226 = CYLINDRICAL_SURFACE('',#227,0.4699);
#227 = AXIS2_PLACEMENT_3D('',#228,#229,#230);
#228 = CARTESIAN_POINT('',(1.27,-0.635,0.));
#229 = DIRECTION('',(-0.,-0.,-1.));
#230 = DIRECTION('',(1.,0.,0.));
#231 = ADVANCED_FACE('',(#232),#268,.F.);
#232 = FACE_BOUND('',#233,.F.);
#233 = EDGE_LOOP('',(#234,#244,#253,#261));
#234 = ORIENTED_EDGE('',*,*,#235,.T.);
#235 = EDGE_CURVE('',#236,#238,#240,.T.);
#236 = VERTEX_POINT('',#237);
#237 = CARTESIAN_POINT('',(1.27,-0.33025,0.));
#238 = VERTEX_POINT('',#239);
#239 = CARTESIAN_POINT('',(1.27,-0.33025,1.E-02));
#240 = LINE('',#241,#242);
#241 = CARTESIAN_POINT('',(1.27,-0.33025,0.));
#242 = VECTOR('',#243,1.);
#243 = DIRECTION('',(0.,0.,1.));
#244 = ORIENTED_EDGE('',*,*,#245,.T.);
#245 = EDGE_CURVE('',#238,#246,#248,.T.);
#246 = VERTEX_POINT('',#247);
#247 = CARTESIAN_POINT('',(1.27,-0.93975,1.E-02));
#248 = CIRCLE('',#249,0.30475);
#249 = AXIS2_PLACEMENT_3D('',#250,#251,#252);
#250 = CARTESIAN_POINT('',(1.27,-0.635,1.E-02));
#251 = DIRECTION('',(0.,0.,-1.));
#252 = DIRECTION('',(-1.,0.,0.));
#253 = ORIENTED_EDGE('',*,*,#254,.F.);
#254 = EDGE_CURVE('',#255,#246,#257,.T.);
#255 = VERTEX_POINT('',#256);
#256 = CARTESIAN_POINT('',(1.27,-0.93975,0.));
#257 = LINE('',#258,#259);
#258 = CARTESIAN_POINT('',(1.27,-0.93975,0.));
#259 = VECTOR('',#260,1.);
#260 = DIRECTION('',(0.,0.,1.));
#261 = ORIENTED_EDGE('',*,*,#262,.F.);
#262 = EDGE_CURVE('',#236,#255,#263,.T.);
#263 = CIRCLE('',#264,0.30475);
#264 = AXIS2_PLACEMENT_3D('',#265,#266,#267);
#265 = CARTESIAN_POINT('',(1.27,-0.635,0.));
#266 = DIRECTION('',(0.,0.,-1.));
#267 = DIRECTION('',(-1.,0.,0.));
#268 = CYLINDRICAL_SURFACE('',#269,0.30475);
#269 = AXIS2_PLACEMENT_3D('',#270,#271,#272);
#270 = CARTESIAN_POINT('',(1.27,-0.635,0.));
#271 = DIRECTION('',(0.,0.,-1.));
#272 = DIRECTION('',(-1.,0.,0.));
#273 = ADVANCED_FACE('',(#274),#292,.F.);
#274 = FACE_BOUND('',#275,.F.);
#275 = EDGE_LOOP('',(#276,#277,#284,#285));
#276 = ORIENTED_EDGE('',*,*,#254,.T.);
#277 = ORIENTED_EDGE('',*,*,#278,.T.);
#278 = EDGE_CURVE('',#246,#238,#279,.T.);
#279 = CIRCLE('',#280,0.30475);
#280 = AXIS2_PLACEMENT_3D('',#281,#282,#283);
#281 = CARTESIAN_POINT('',(1.27,-0.635,1.E-02));
#282 = DIRECTION('',(0.,0.,-1.));
#283 = DIRECTION('',(-1.,0.,0.));
#284 = ORIENTED_EDGE('',*,*,#235,.F.);
#285 = ORIENTED_EDGE('',*,*,#286,.F.);
#286 = EDGE_CURVE('',#255,#236,#287,.T.);
#287 = CIRCLE('',#288,0.30475);
#288 = AXIS2_PLACEMENT_3D('',#289,#290,#291);
#289 = CARTESIAN_POINT('',(1.27,-0.635,0.));
#290 = DIRECTION('',(0.,0.,-1.));
#291 = DIRECTION('',(-1.,0.,0.));
#292 = CYLINDRICAL_SURFACE('',#293,0.30475);
#293 = AXIS2_PLACEMENT_3D('',#294,#295,#296);
#294 = CARTESIAN_POINT('',(1.27,-0.635,0.));
#295 = DIRECTION('',(0.,0.,-1.));
#296 = DIRECTION('',(-1.,0.,0.));
#297 = ADVANCED_FACE('',(#298,#301),#305,.F.);
#298 = FACE_BOUND('',#299,.F.);
#299 = EDGE_LOOP('',(#300));
#300 = ORIENTED_EDGE('',*,*,#220,.T.);
#301 = FACE_BOUND('',#302,.F.);
#302 = EDGE_LOOP('',(#303,#304));
#303 = ORIENTED_EDGE('',*,*,#262,.T.);
#304 = ORIENTED_EDGE('',*,*,#286,.T.);
#305 = PLANE('',#306);
#306 = AXIS2_PLACEMENT_3D('',#307,#308,#309);
#307 = CARTESIAN_POINT('',(1.27,-0.635,0.));
#308 = DIRECTION('',(0.,0.,1.));
#309 = DIRECTION('',(1.,0.,-0.));
#310 = ADVANCED_FACE('',(#311,#314),#318,.T.);
#311 = FACE_BOUND('',#312,.T.);
#312 = EDGE_LOOP('',(#313));
#313 = ORIENTED_EDGE('',*,*,#212,.T.);
#314 = FACE_BOUND('',#315,.T.);
#315 = EDGE_LOOP('',(#316,#317));
#316 = ORIENTED_EDGE('',*,*,#245,.T.);
#317 = ORIENTED_EDGE('',*,*,#278,.T.);
#318 = PLANE('',#319);
#319 = AXIS2_PLACEMENT_3D('',#320,#321,#322);
#320 = CARTESIAN_POINT('',(1.27,-0.635,1.E-02));
#321 = DIRECTION('',(0.,0.,1.));
#322 = DIRECTION('',(1.,0.,-0.));
#323 = MANIFOLD_SOLID_BREP('',#324);
#324 = CLOSED_SHELL('',(#325,#358,#400,#424,#437));
#325 = ADVANCED_FACE('',(#326),#353,.T.);
#326 = FACE_BOUND('',#327,.F.);
#327 = EDGE_LOOP('',(#328,#338,#345,#346));
#328 = ORIENTED_EDGE('',*,*,#329,.T.);
#329 = EDGE_CURVE('',#330,#332,#334,.T.);
#330 = VERTEX_POINT('',#331);
#331 = CARTESIAN_POINT('',(0.4699,0.635,0.));
#332 = VERTEX_POINT('',#333);
#333 = CARTESIAN_POINT('',(0.4699,0.635,1.E-02));
#334 = LINE('',#335,#336);
#335 = CARTESIAN_POINT('',(0.4699,0.635,0.));
#336 = VECTOR('',#337,1.);
#337 = DIRECTION('',(0.,0.,1.));
#338 = ORIENTED_EDGE('',*,*,#339,.T.);
#339 = EDGE_CURVE('',#332,#332,#340,.T.);
#340 = CIRCLE('',#341,0.4699);
#341 = AXIS2_PLACEMENT_3D('',#342,#343,#344);
#342 = CARTESIAN_POINT('',(0.,0.635,1.E-02));
#343 = DIRECTION('',(0.,0.,1.));
#344 = DIRECTION('',(1.,0.,0.));
#345 = ORIENTED_EDGE('',*,*,#329,.F.);
#346 = ORIENTED_EDGE('',*,*,#347,.F.);
#347 = EDGE_CURVE('',#330,#330,#348,.T.);
#348 = CIRCLE('',#349,0.4699);
#349 = AXIS2_PLACEMENT_3D('',#350,#351,#352);
#350 = CARTESIAN_POINT('',(0.,0.635,0.));
#351 = DIRECTION('',(0.,0.,1.));
#352 = DIRECTION('',(1.,0.,0.));
#353 = CYLINDRICAL_SURFACE('',#354,0.4699);
#354 = AXIS2_PLACEMENT_3D('',#355,#356,#357);
#355 = CARTESIAN_POINT('',(0.,0.635,0.));
#356 = DIRECTION('',(-0.,-0.,-1.));
#357 = DIRECTION('',(1.,0.,0.));
#358 = ADVANCED_FACE('',(#359),#395,.F.);
#359 = FACE_BOUND('',#360,.F.);
#360 = EDGE_LOOP('',(#361,#371,#380,#388));
#361 = ORIENTED_EDGE('',*,*,#362,.T.);
#362 = EDGE_CURVE('',#363,#365,#367,.T.);
#363 = VERTEX_POINT('',#364);
#364 = CARTESIAN_POINT('',(-6.409875621279E-17,0.9397499,0.));
#365 = VERTEX_POINT('',#366);
#366 = CARTESIAN_POINT('',(-6.409875621279E-17,0.9397499,1.E-02));
#367 = LINE('',#368,#369);
#368 = CARTESIAN_POINT('',(-6.409875621279E-17,0.9397499,0.));
#369 = VECTOR('',#370,1.);
#370 = DIRECTION('',(0.,0.,1.));
#371 = ORIENTED_EDGE('',*,*,#372,.T.);
#372 = EDGE_CURVE('',#365,#373,#375,.T.);
#373 = VERTEX_POINT('',#374);
#374 = CARTESIAN_POINT('',(-6.409875621279E-17,0.3302499,1.E-02));
#375 = CIRCLE('',#376,0.30475);
#376 = AXIS2_PLACEMENT_3D('',#377,#378,#379);
#377 = CARTESIAN_POINT('',(-3.750775280605E-17,0.6349999,1.E-02));
#378 = DIRECTION('',(0.,0.,-1.));
#379 = DIRECTION('',(-1.,0.,0.));
#380 = ORIENTED_EDGE('',*,*,#381,.F.);
#381 = EDGE_CURVE('',#382,#373,#384,.T.);
#382 = VERTEX_POINT('',#383);
#383 = CARTESIAN_POINT('',(-6.409875621279E-17,0.3302499,0.));
#384 = LINE('',#385,#386);
#385 = CARTESIAN_POINT('',(-6.409875621279E-17,0.3302499,0.));
#386 = VECTOR('',#387,1.);
#387 = DIRECTION('',(0.,0.,1.));
#388 = ORIENTED_EDGE('',*,*,#389,.F.);
#389 = EDGE_CURVE('',#363,#382,#390,.T.);
#390 = CIRCLE('',#391,0.30475);
#391 = AXIS2_PLACEMENT_3D('',#392,#393,#394);
#392 = CARTESIAN_POINT('',(-3.750775280605E-17,0.6349999,0.));
#393 = DIRECTION('',(0.,0.,-1.));
#394 = DIRECTION('',(-1.,0.,0.));
#395 = CYLINDRICAL_SURFACE('',#396,0.30475);
#396 = AXIS2_PLACEMENT_3D('',#397,#398,#399);
#397 = CARTESIAN_POINT('',(-3.750775280605E-17,0.6349999,0.));
#398 = DIRECTION('',(0.,0.,-1.));
#399 = DIRECTION('',(-1.,0.,0.));
#400 = ADVANCED_FACE('',(#401),#419,.F.);
#401 = FACE_BOUND('',#402,.F.);
#402 = EDGE_LOOP('',(#403,#404,#411,#412));
#403 = ORIENTED_EDGE('',*,*,#381,.T.);
#404 = ORIENTED_EDGE('',*,*,#405,.T.);
#405 = EDGE_CURVE('',#373,#365,#406,.T.);
#406 = CIRCLE('',#407,0.30475);
#407 = AXIS2_PLACEMENT_3D('',#408,#409,#410);
#408 = CARTESIAN_POINT('',(1.000000163266E-07,0.6349999,1.E-02));
#409 = DIRECTION('',(0.,0.,-1.));
#410 = DIRECTION('',(-1.,0.,0.));
#411 = ORIENTED_EDGE('',*,*,#362,.F.);
#412 = ORIENTED_EDGE('',*,*,#413,.F.);
#413 = EDGE_CURVE('',#382,#363,#414,.T.);
#414 = CIRCLE('',#415,0.30475);
#415 = AXIS2_PLACEMENT_3D('',#416,#417,#418);
#416 = CARTESIAN_POINT('',(1.000000163266E-07,0.6349999,0.));
#417 = DIRECTION('',(0.,0.,-1.));
#418 = DIRECTION('',(-1.,0.,0.));
#419 = CYLINDRICAL_SURFACE('',#420,0.30475);
#420 = AXIS2_PLACEMENT_3D('',#421,#422,#423);
#421 = CARTESIAN_POINT('',(1.000000163266E-07,0.6349999,0.));
#422 = DIRECTION('',(0.,0.,-1.));
#423 = DIRECTION('',(-1.,0.,0.));
#424 = ADVANCED_FACE('',(#425,#428),#432,.F.);
#425 = FACE_BOUND('',#426,.F.);
#426 = EDGE_LOOP('',(#427));
#427 = ORIENTED_EDGE('',*,*,#347,.T.);
#428 = FACE_BOUND('',#429,.F.);
#429 = EDGE_LOOP('',(#430,#431));
#430 = ORIENTED_EDGE('',*,*,#389,.T.);
#431 = ORIENTED_EDGE('',*,*,#413,.T.);
#432 = PLANE('',#433);
#433 = AXIS2_PLACEMENT_3D('',#434,#435,#436);
#434 = CARTESIAN_POINT('',(-1.13674463029E-17,0.635,0.));
#435 = DIRECTION('',(0.,0.,1.));
#436 = DIRECTION('',(1.,0.,-0.));
#437 = ADVANCED_FACE('',(#438,#441),#445,.T.);
#438 = FACE_BOUND('',#439,.T.);
#439 = EDGE_LOOP('',(#440));
#440 = ORIENTED_EDGE('',*,*,#339,.T.);
#441 = FACE_BOUND('',#442,.T.);
#442 = EDGE_LOOP('',(#443,#444));
#443 = ORIENTED_EDGE('',*,*,#372,.T.);
#444 = ORIENTED_EDGE('',*,*,#405,.T.);
#445 = PLANE('',#446);
#446 = AXIS2_PLACEMENT_3D('',#447,#448,#449);
#447 = CARTESIAN_POINT('',(-1.13674463029E-17,0.635,1.E-02));
#448 = DIRECTION('',(0.,0.,1.));
#449 = DIRECTION('',(1.,0.,-0.));
#450 = MANIFOLD_SOLID_BREP('',#451);
#451 = CLOSED_SHELL('',(#452,#485,#527,#551,#564));
#452 = ADVANCED_FACE('',(#453),#480,.T.);
#453 = FACE_BOUND('',#454,.F.);
#454 = EDGE_LOOP('',(#455,#465,#472,#473));
#455 = ORIENTED_EDGE('',*,*,#456,.T.);
#456 = EDGE_CURVE('',#457,#459,#461,.T.);
#457 = VERTEX_POINT('',#458);
#458 = CARTESIAN_POINT('',(0.4699,-0.635,0.));
#459 = VERTEX_POINT('',#460);
#460 = CARTESIAN_POINT('',(0.4699,-0.635,1.E-02));
#461 = LINE('',#462,#463);
#462 = CARTESIAN_POINT('',(0.4699,-0.635,0.));
#463 = VECTOR('',#464,1.);
#464 = DIRECTION('',(0.,0.,1.));
#465 = ORIENTED_EDGE('',*,*,#466,.T.);
#466 = EDGE_CURVE('',#459,#459,#467,.T.);
#467 = CIRCLE('',#468,0.4699);
#468 = AXIS2_PLACEMENT_3D('',#469,#470,#471);
#469 = CARTESIAN_POINT('',(0.,-0.635,1.E-02));
#470 = DIRECTION('',(0.,0.,1.));
#471 = DIRECTION('',(1.,0.,0.));
#472 = ORIENTED_EDGE('',*,*,#456,.F.);
#473 = ORIENTED_EDGE('',*,*,#474,.F.);
#474 = EDGE_CURVE('',#457,#457,#475,.T.);
#475 = CIRCLE('',#476,0.4699);
#476 = AXIS2_PLACEMENT_3D('',#477,#478,#479);
#477 = CARTESIAN_POINT('',(0.,-0.635,0.));
#478 = DIRECTION('',(0.,0.,1.));
#479 = DIRECTION('',(1.,0.,0.));
#480 = CYLINDRICAL_SURFACE('',#481,0.4699);
#481 = AXIS2_PLACEMENT_3D('',#482,#483,#484);
#482 = CARTESIAN_POINT('',(0.,-0.635,0.));
#483 = DIRECTION('',(-0.,-0.,-1.));
#484 = DIRECTION('',(1.,0.,0.));
#485 = ADVANCED_FACE('',(#486),#522,.F.);
#486 = FACE_BOUND('',#487,.F.);
#487 = EDGE_LOOP('',(#488,#498,#507,#515));
#488 = ORIENTED_EDGE('',*,*,#489,.T.);
#489 = EDGE_CURVE('',#490,#492,#494,.T.);
#490 = VERTEX_POINT('',#491);
#491 = CARTESIAN_POINT('',(-6.409875621279E-17,-0.33025,0.));
#492 = VERTEX_POINT('',#493);
#493 = CARTESIAN_POINT('',(-6.409875621279E-17,-0.33025,1.E-02));
#494 = LINE('',#495,#496);
#495 = CARTESIAN_POINT('',(-6.409875621279E-17,-0.33025,0.));
#496 = VECTOR('',#497,1.);
#497 = DIRECTION('',(0.,0.,1.));
#498 = ORIENTED_EDGE('',*,*,#499,.T.);
#499 = EDGE_CURVE('',#492,#500,#502,.T.);
#500 = VERTEX_POINT('',#501);
#501 = CARTESIAN_POINT('',(-6.409875621279E-17,-0.93975,1.E-02));
#502 = CIRCLE('',#503,0.30475);
#503 = AXIS2_PLACEMENT_3D('',#504,#505,#506);
#504 = CARTESIAN_POINT('',(1.711304256127E-17,-0.635,1.E-02));
#505 = DIRECTION('',(0.,0.,-1.));
#506 = DIRECTION('',(-1.,0.,0.));
#507 = ORIENTED_EDGE('',*,*,#508,.F.);
#508 = EDGE_CURVE('',#509,#500,#511,.T.);
#509 = VERTEX_POINT('',#510);
#510 = CARTESIAN_POINT('',(-6.409875621279E-17,-0.93975,0.));
#511 = LINE('',#512,#513);
#512 = CARTESIAN_POINT('',(-6.409875621279E-17,-0.93975,0.));
#513 = VECTOR('',#514,1.);
#514 = DIRECTION('',(0.,0.,1.));
#515 = ORIENTED_EDGE('',*,*,#516,.F.);
#516 = EDGE_CURVE('',#490,#509,#517,.T.);
#517 = CIRCLE('',#518,0.30475);
#518 = AXIS2_PLACEMENT_3D('',#519,#520,#521);
#519 = CARTESIAN_POINT('',(1.711304256127E-17,-0.635,0.));
#520 = DIRECTION('',(0.,0.,-1.));
#521 = DIRECTION('',(-1.,0.,0.));
#522 = CYLINDRICAL_SURFACE('',#523,0.30475);
#523 = AXIS2_PLACEMENT_3D('',#524,#525,#526);
#524 = CARTESIAN_POINT('',(1.711304256127E-17,-0.635,0.));
#525 = DIRECTION('',(0.,0.,-1.));
#526 = DIRECTION('',(-1.,0.,0.));
#527 = ADVANCED_FACE('',(#528),#546,.F.);
#528 = FACE_BOUND('',#529,.F.);
#529 = EDGE_LOOP('',(#530,#531,#538,#539));
#530 = ORIENTED_EDGE('',*,*,#508,.T.);
#531 = ORIENTED_EDGE('',*,*,#532,.T.);
#532 = EDGE_CURVE('',#500,#492,#533,.T.);
#533 = CIRCLE('',#534,0.30475);
#534 = AXIS2_PLACEMENT_3D('',#535,#536,#537);
#535 = CARTESIAN_POINT('',(1.000000162247E-07,-0.635,1.E-02));
#536 = DIRECTION('',(0.,0.,-1.));
#537 = DIRECTION('',(-1.,0.,0.));
#538 = ORIENTED_EDGE('',*,*,#489,.F.);
#539 = ORIENTED_EDGE('',*,*,#540,.F.);
#540 = EDGE_CURVE('',#509,#490,#541,.T.);
#541 = CIRCLE('',#542,0.30475);
#542 = AXIS2_PLACEMENT_3D('',#543,#544,#545);
#543 = CARTESIAN_POINT('',(1.000000162247E-07,-0.635,0.));
#544 = DIRECTION('',(0.,0.,-1.));
#545 = DIRECTION('',(-1.,0.,0.));
#546 = CYLINDRICAL_SURFACE('',#547,0.30475);
#547 = AXIS2_PLACEMENT_3D('',#548,#549,#550);
#548 = CARTESIAN_POINT('',(1.000000162247E-07,-0.635,0.));
#549 = DIRECTION('',(0.,0.,-1.));
#550 = DIRECTION('',(-1.,0.,0.));
#551 = ADVANCED_FACE('',(#552,#555),#559,.F.);
#552 = FACE_BOUND('',#553,.F.);
#553 = EDGE_LOOP('',(#554));
#554 = ORIENTED_EDGE('',*,*,#474,.T.);
#555 = FACE_BOUND('',#556,.F.);
#556 = EDGE_LOOP('',(#557,#558));
#557 = ORIENTED_EDGE('',*,*,#516,.T.);
#558 = ORIENTED_EDGE('',*,*,#540,.T.);
#559 = PLANE('',#560);
#560 = AXIS2_PLACEMENT_3D('',#561,#562,#563);
#561 = CARTESIAN_POINT('',(-3.41023389087E-17,-0.635,0.));
#562 = DIRECTION('',(0.,0.,1.));
#563 = DIRECTION('',(1.,0.,-0.));
#564 = ADVANCED_FACE('',(#565,#568),#572,.T.);
#565 = FACE_BOUND('',#566,.T.);
#566 = EDGE_LOOP('',(#567));
#567 = ORIENTED_EDGE('',*,*,#466,.T.);
#568 = FACE_BOUND('',#569,.T.);
#569 = EDGE_LOOP('',(#570,#571));
#570 = ORIENTED_EDGE('',*,*,#499,.T.);
#571 = ORIENTED_EDGE('',*,*,#532,.T.);
#572 = PLANE('',#573);
#573 = AXIS2_PLACEMENT_3D('',#574,#575,#576);
#574 = CARTESIAN_POINT('',(-3.41023389087E-17,-0.635,1.E-02));
#575 = DIRECTION('',(0.,0.,1.));
#576 = DIRECTION('',(1.,0.,-0.));
#577 = MANIFOLD_SOLID_BREP('',#578);
#578 = CLOSED_SHELL('',(#579,#612,#654,#678,#691));
#579 = ADVANCED_FACE('',(#580),#607,.T.);
#580 = FACE_BOUND('',#581,.F.);
#581 = EDGE_LOOP('',(#582,#592,#599,#600));
#582 = ORIENTED_EDGE('',*,*,#583,.T.);
#583 = EDGE_CURVE('',#584,#586,#588,.T.);
#584 = VERTEX_POINT('',#585);
#585 = CARTESIAN_POINT('',(-0.8001,0.635,0.));
#586 = VERTEX_POINT('',#587);
#587 = CARTESIAN_POINT('',(-0.8001,0.635,1.E-02));
#588 = LINE('',#589,#590);
#589 = CARTESIAN_POINT('',(-0.8001,0.635,0.));
#590 = VECTOR('',#591,1.);
#591 = DIRECTION('',(0.,0.,1.));
#592 = ORIENTED_EDGE('',*,*,#593,.T.);
#593 = EDGE_CURVE('',#586,#586,#594,.T.);
#594 = CIRCLE('',#595,0.4699);
#595 = AXIS2_PLACEMENT_3D('',#596,#597,#598);
#596 = CARTESIAN_POINT('',(-1.27,0.635,1.E-02));
#597 = DIRECTION('',(0.,0.,1.));
#598 = DIRECTION('',(1.,0.,0.));
#599 = ORIENTED_EDGE('',*,*,#583,.F.);
#600 = ORIENTED_EDGE('',*,*,#601,.F.);
#601 = EDGE_CURVE('',#584,#584,#602,.T.);
#602 = CIRCLE('',#603,0.4699);
#603 = AXIS2_PLACEMENT_3D('',#604,#605,#606);
#604 = CARTESIAN_POINT('',(-1.27,0.635,0.));
#605 = DIRECTION('',(0.,0.,1.));
#606 = DIRECTION('',(1.,0.,0.));
#607 = CYLINDRICAL_SURFACE('',#608,0.4699);
#608 = AXIS2_PLACEMENT_3D('',#609,#610,#611);
#609 = CARTESIAN_POINT('',(-1.27,0.635,0.));
#610 = DIRECTION('',(-0.,-0.,-1.));
#611 = DIRECTION('',(1.,0.,0.));
#612 = ADVANCED_FACE('',(#613),#649,.F.);
#613 = FACE_BOUND('',#614,.F.);
#614 = EDGE_LOOP('',(#615,#625,#634,#642));
#615 = ORIENTED_EDGE('',*,*,#616,.T.);
#616 = EDGE_CURVE('',#617,#619,#621,.T.);
#617 = VERTEX_POINT('',#618);
#618 = CARTESIAN_POINT('',(-1.27,0.93975,0.));
#619 = VERTEX_POINT('',#620);
#620 = CARTESIAN_POINT('',(-1.27,0.93975,1.E-02));
#621 = LINE('',#622,#623);
#622 = CARTESIAN_POINT('',(-1.27,0.93975,0.));
#623 = VECTOR('',#624,1.);
#624 = DIRECTION('',(0.,0.,1.));
#625 = ORIENTED_EDGE('',*,*,#626,.T.);
#626 = EDGE_CURVE('',#619,#627,#629,.T.);
#627 = VERTEX_POINT('',#628);
#628 = CARTESIAN_POINT('',(-1.2699999,0.3302499,1.E-02));
#629 = CIRCLE('',#630,0.30475005);
#630 = AXIS2_PLACEMENT_3D('',#631,#632,#633);
#631 = CARTESIAN_POINT('',(-1.27000005,0.63499995,1.E-02));
#632 = DIRECTION('',(0.,0.,-1.));
#633 = DIRECTION('',(-1.,0.,0.));
#634 = ORIENTED_EDGE('',*,*,#635,.F.);
#635 = EDGE_CURVE('',#636,#627,#638,.T.);
#636 = VERTEX_POINT('',#637);
#637 = CARTESIAN_POINT('',(-1.2699999,0.3302499,0.));
#638 = LINE('',#639,#640);
#639 = CARTESIAN_POINT('',(-1.2699999,0.3302499,0.));
#640 = VECTOR('',#641,1.);
#641 = DIRECTION('',(0.,0.,1.));
#642 = ORIENTED_EDGE('',*,*,#643,.F.);
#643 = EDGE_CURVE('',#617,#636,#644,.T.);
#644 = CIRCLE('',#645,0.30475005);
#645 = AXIS2_PLACEMENT_3D('',#646,#647,#648);
#646 = CARTESIAN_POINT('',(-1.27000005,0.63499995,0.));
#647 = DIRECTION('',(0.,0.,-1.));
#648 = DIRECTION('',(-1.,0.,0.));
#649 = CYLINDRICAL_SURFACE('',#650,0.30475005);
#650 = AXIS2_PLACEMENT_3D('',#651,#652,#653);
#651 = CARTESIAN_POINT('',(-1.27000005,0.63499995,0.));
#652 = DIRECTION('',(0.,0.,-1.));
#653 = DIRECTION('',(-1.,0.,0.));
#654 = ADVANCED_FACE('',(#655),#673,.F.);
#655 = FACE_BOUND('',#656,.F.);
#656 = EDGE_LOOP('',(#657,#658,#665,#666));
#657 = ORIENTED_EDGE('',*,*,#635,.T.);
#658 = ORIENTED_EDGE('',*,*,#659,.T.);
#659 = EDGE_CURVE('',#627,#619,#660,.T.);
#660 = CIRCLE('',#661,0.30475005);
#661 = AXIS2_PLACEMENT_3D('',#662,#663,#664);
#662 = CARTESIAN_POINT('',(-1.26999995,0.63499995,1.E-02));
#663 = DIRECTION('',(0.,0.,-1.));
#664 = DIRECTION('',(-1.,0.,0.));
#665 = ORIENTED_EDGE('',*,*,#616,.F.);
#666 = ORIENTED_EDGE('',*,*,#667,.F.);
#667 = EDGE_CURVE('',#636,#617,#668,.T.);
#668 = CIRCLE('',#669,0.30475005);
#669 = AXIS2_PLACEMENT_3D('',#670,#671,#672);
#670 = CARTESIAN_POINT('',(-1.26999995,0.63499995,0.));
#671 = DIRECTION('',(0.,0.,-1.));
#672 = DIRECTION('',(-1.,0.,0.));
#673 = CYLINDRICAL_SURFACE('',#674,0.30475005);
#674 = AXIS2_PLACEMENT_3D('',#675,#676,#677);
#675 = CARTESIAN_POINT('',(-1.26999995,0.63499995,0.));
#676 = DIRECTION('',(0.,0.,-1.));
#677 = DIRECTION('',(-1.,0.,0.));
#678 = ADVANCED_FACE('',(#679,#682),#686,.F.);
#679 = FACE_BOUND('',#680,.F.);
#680 = EDGE_LOOP('',(#681));
#681 = ORIENTED_EDGE('',*,*,#601,.T.);
#682 = FACE_BOUND('',#683,.F.);
#683 = EDGE_LOOP('',(#684,#685));
#684 = ORIENTED_EDGE('',*,*,#643,.T.);
#685 = ORIENTED_EDGE('',*,*,#667,.T.);
#686 = PLANE('',#687);
#687 = AXIS2_PLACEMENT_3D('',#688,#689,#690);
#688 = CARTESIAN_POINT('',(-1.27,0.635,0.));
#689 = DIRECTION('',(0.,0.,1.));
#690 = DIRECTION('',(1.,0.,-0.));
#691 = ADVANCED_FACE('',(#692,#695),#699,.T.);
#692 = FACE_BOUND('',#693,.T.);
#693 = EDGE_LOOP('',(#694));
#694 = ORIENTED_EDGE('',*,*,#593,.T.);
#695 = FACE_BOUND('',#696,.T.);
#696 = EDGE_LOOP('',(#697,#698));
#697 = ORIENTED_EDGE('',*,*,#626,.T.);
#698 = ORIENTED_EDGE('',*,*,#659,.T.);
#699 = PLANE('',#700);
#700 = AXIS2_PLACEMENT_3D('',#701,#702,#703);
#701 = CARTESIAN_POINT('',(-1.27,0.635,1.E-02));
#702 = DIRECTION('',(0.,0.,1.));
#703 = DIRECTION('',(1.,0.,-0.));
#704 = MANIFOLD_SOLID_BREP('',#705);
#705 = CLOSED_SHELL('',(#706,#739,#781,#805,#818));
#706 = ADVANCED_FACE('',(#707),#734,.T.);
#707 = FACE_BOUND('',#708,.F.);
#708 = EDGE_LOOP('',(#709,#719,#726,#727));
#709 = ORIENTED_EDGE('',*,*,#710,.T.);
#710 = EDGE_CURVE('',#711,#713,#715,.T.);
#711 = VERTEX_POINT('',#712);
#712 = CARTESIAN_POINT('',(-0.8001,-0.635,0.));
#713 = VERTEX_POINT('',#714);
#714 = CARTESIAN_POINT('',(-0.8001,-0.635,1.E-02));
#715 = LINE('',#716,#717);
#716 = CARTESIAN_POINT('',(-0.8001,-0.635,0.));
#717 = VECTOR('',#718,1.);
#718 = DIRECTION('',(0.,0.,1.));
#719 = ORIENTED_EDGE('',*,*,#720,.T.);
#720 = EDGE_CURVE('',#713,#713,#721,.T.);
#721 = CIRCLE('',#722,0.4699);
#722 = AXIS2_PLACEMENT_3D('',#723,#724,#725);
#723 = CARTESIAN_POINT('',(-1.27,-0.635,1.E-02));
#724 = DIRECTION('',(0.,0.,1.));
#725 = DIRECTION('',(1.,0.,0.));
#726 = ORIENTED_EDGE('',*,*,#710,.F.);
#727 = ORIENTED_EDGE('',*,*,#728,.F.);
#728 = EDGE_CURVE('',#711,#711,#729,.T.);
#729 = CIRCLE('',#730,0.4699);
#730 = AXIS2_PLACEMENT_3D('',#731,#732,#733);
#731 = CARTESIAN_POINT('',(-1.27,-0.635,0.));
#732 = DIRECTION('',(0.,0.,1.));
#733 = DIRECTION('',(1.,0.,0.));
#734 = CYLINDRICAL_SURFACE('',#735,0.4699);
#735 = AXIS2_PLACEMENT_3D('',#736,#737,#738);
#736 = CARTESIAN_POINT('',(-1.27,-0.635,0.));
#737 = DIRECTION('',(-0.,-0.,-1.));
#738 = DIRECTION('',(1.,0.,0.));
#739 = ADVANCED_FACE('',(#740),#776,.F.);
#740 = FACE_BOUND('',#741,.F.);
#741 = EDGE_LOOP('',(#742,#752,#761,#769));
#742 = ORIENTED_EDGE('',*,*,#743,.T.);
#743 = EDGE_CURVE('',#744,#746,#748,.T.);
#744 = VERTEX_POINT('',#745);
#745 = CARTESIAN_POINT('',(-1.27,-0.33025,0.));
#746 = VERTEX_POINT('',#747);
#747 = CARTESIAN_POINT('',(-1.27,-0.33025,1.E-02));
#748 = LINE('',#749,#750);
#749 = CARTESIAN_POINT('',(-1.27,-0.33025,0.));
#750 = VECTOR('',#751,1.);
#751 = DIRECTION('',(0.,0.,1.));
#752 = ORIENTED_EDGE('',*,*,#753,.T.);
#753 = EDGE_CURVE('',#746,#754,#756,.T.);
#754 = VERTEX_POINT('',#755);
#755 = CARTESIAN_POINT('',(-1.2699999,-0.93975,1.E-02));
#756 = CIRCLE('',#757,0.30475);
#757 = AXIS2_PLACEMENT_3D('',#758,#759,#760);
#758 = CARTESIAN_POINT('',(-1.27,-0.635,1.E-02));
#759 = DIRECTION('',(0.,0.,-1.));
#760 = DIRECTION('',(-1.,0.,0.));
#761 = ORIENTED_EDGE('',*,*,#762,.F.);
#762 = EDGE_CURVE('',#763,#754,#765,.T.);
#763 = VERTEX_POINT('',#764);
#764 = CARTESIAN_POINT('',(-1.2699999,-0.93975,0.));
#765 = LINE('',#766,#767);
#766 = CARTESIAN_POINT('',(-1.2699999,-0.93975,0.));
#767 = VECTOR('',#768,1.);
#768 = DIRECTION('',(0.,0.,1.));
#769 = ORIENTED_EDGE('',*,*,#770,.F.);
#770 = EDGE_CURVE('',#744,#763,#771,.T.);
#771 = CIRCLE('',#772,0.30475);
#772 = AXIS2_PLACEMENT_3D('',#773,#774,#775);
#773 = CARTESIAN_POINT('',(-1.27,-0.635,0.));
#774 = DIRECTION('',(0.,0.,-1.));
#775 = DIRECTION('',(-1.,0.,0.));
#776 = CYLINDRICAL_SURFACE('',#777,0.30475);
#777 = AXIS2_PLACEMENT_3D('',#778,#779,#780);
#778 = CARTESIAN_POINT('',(-1.27,-0.635,0.));
#779 = DIRECTION('',(0.,0.,-1.));
#780 = DIRECTION('',(-1.,0.,0.));
#781 = ADVANCED_FACE('',(#782),#800,.F.);
#782 = FACE_BOUND('',#783,.F.);
#783 = EDGE_LOOP('',(#784,#785,#792,#793));
#784 = ORIENTED_EDGE('',*,*,#762,.T.);
#785 = ORIENTED_EDGE('',*,*,#786,.T.);
#786 = EDGE_CURVE('',#754,#746,#787,.T.);
#787 = CIRCLE('',#788,0.30475);
#788 = AXIS2_PLACEMENT_3D('',#789,#790,#791);
#789 = CARTESIAN_POINT('',(-1.27,-0.635,1.E-02));
#790 = DIRECTION('',(0.,0.,-1.));
#791 = DIRECTION('',(-1.,0.,0.));
#792 = ORIENTED_EDGE('',*,*,#743,.F.);
#793 = ORIENTED_EDGE('',*,*,#794,.F.);
#794 = EDGE_CURVE('',#763,#744,#795,.T.);
#795 = CIRCLE('',#796,0.30475);
#796 = AXIS2_PLACEMENT_3D('',#797,#798,#799);
#797 = CARTESIAN_POINT('',(-1.27,-0.635,0.));
#798 = DIRECTION('',(0.,0.,-1.));
#799 = DIRECTION('',(-1.,0.,0.));
#800 = CYLINDRICAL_SURFACE('',#801,0.30475);
#801 = AXIS2_PLACEMENT_3D('',#802,#803,#804);
#802 = CARTESIAN_POINT('',(-1.27,-0.635,0.));
#803 = DIRECTION('',(0.,0.,-1.));
#804 = DIRECTION('',(-1.,0.,0.));
#805 = ADVANCED_FACE('',(#806,#809),#813,.F.);
#806 = FACE_BOUND('',#807,.F.);
#807 = EDGE_LOOP('',(#808));
#808 = ORIENTED_EDGE('',*,*,#728,.T.);
#809 = FACE_BOUND('',#810,.F.);
#810 = EDGE_LOOP('',(#811,#812));
#811 = ORIENTED_EDGE('',*,*,#770,.T.);
#812 = ORIENTED_EDGE('',*,*,#794,.T.);
#813 = PLANE('',#814);
#814 = AXIS2_PLACEMENT_3D('',#815,#816,#817);
#815 = CARTESIAN_POINT('',(-1.27,-0.635,0.));
#816 = DIRECTION('',(0.,0.,1.));
#817 = DIRECTION('',(1.,0.,-0.));
#818 = ADVANCED_FACE('',(#819,#822),#826,.T.);
#819 = FACE_BOUND('',#820,.T.);
#820 = EDGE_LOOP('',(#821));
#821 = ORIENTED_EDGE('',*,*,#720,.T.);
#822 = FACE_BOUND('',#823,.T.);
#823 = EDGE_LOOP('',(#824,#825));
#824 = ORIENTED_EDGE('',*,*,#753,.T.);
#825 = ORIENTED_EDGE('',*,*,#786,.T.);
#826 = PLANE('',#827);
#827 = AXIS2_PLACEMENT_3D('',#828,#829,#830);
#828 = CARTESIAN_POINT('',(-1.27,-0.635,1.E-02));
#829 = DIRECTION('',(0.,0.,1.));
#830 = DIRECTION('',(1.,0.,-0.));
#831 = ( GEOMETRIC_REPRESENTATION_CONTEXT(3) 
GLOBAL_UNCERTAINTY_ASSIGNED_CONTEXT((#835)) GLOBAL_UNIT_ASSIGNED_CONTEXT
((#832,#833,#834)) REPRESENTATION_CONTEXT('Context #1',
  '3D Context with UNIT and UNCERTAINTY') );
#832 = ( LENGTH_UNIT() NAMED_UNIT(*) SI_UNIT(.MILLI.,.METRE.) );
#833 = ( NAMED_UNIT(*) PLANE_ANGLE_UNIT() SI_UNIT($,.RADIAN.) );
#834 = ( NAMED_UNIT(*) SI_UNIT($,.STERADIAN.) SOLID_ANGLE_UNIT() );
#835 = UNCERTAINTY_MEASURE_WITH_UNIT(LENGTH_MEASURE(1.E-07),#832,
  'distance_accuracy_value','confusion accuracy');
#836 = CONTEXT_DEPENDENT_SHAPE_REPRESENTATION(#837,#839);
#837 = ( REPRESENTATION_RELATIONSHIP('','',#68,#10) 
REPRESENTATION_RELATIONSHIP_WITH_TRANSFORMATION(#838) 
SHAPE_REPRESENTATION_RELATIONSHIP() );
#838 = ITEM_DEFINED_TRANSFORMATION('','',#11,#15);
#839 = PRODUCT_DEFINITION_SHAPE('Placement','Placement of an item',#840
  );
#840 = NEXT_ASSEMBLY_USAGE_OCCURRENCE('11','topPads','',#5,#63,$);
#841 = PRODUCT_RELATED_PRODUCT_CATEGORY('part',$,(#65));
#842 = SHAPE_DEFINITION_REPRESENTATION(#843,#849);
#843 = PRODUCT_DEFINITION_SHAPE('','',#844);
#844 = PRODUCT_DEFINITION('design','',#845,#848);
#845 = PRODUCT_DEFINITION_FORMATION('','',#846);
#846 = PRODUCT('btmPads','btmPads','',(#847));
#847 = PRODUCT_CONTEXT('',#2,'mechanical');
#848 = PRODUCT_DEFINITION_CONTEXT('part definition',#2,'design');
#849 = SHAPE_REPRESENTATION('',(#11,#850,#977,#1104,#1231,#1358,#1485),
  #1612);
#850 = MANIFOLD_SOLID_BREP('',#851);
#851 = CLOSED_SHELL('',(#852,#885,#927,#951,#964));
#852 = ADVANCED_FACE('',(#853),#880,.T.);
#853 = FACE_BOUND('',#854,.F.);
#854 = EDGE_LOOP('',(#855,#865,#872,#873));
#855 = ORIENTED_EDGE('',*,*,#856,.T.);
#856 = EDGE_CURVE('',#857,#859,#861,.T.);
#857 = VERTEX_POINT('',#858);
#858 = CARTESIAN_POINT('',(1.7399,0.635,0.));
#859 = VERTEX_POINT('',#860);
#860 = CARTESIAN_POINT('',(1.7399,0.635,1.E-02));
#861 = LINE('',#862,#863);
#862 = CARTESIAN_POINT('',(1.7399,0.635,0.));
#863 = VECTOR('',#864,1.);
#864 = DIRECTION('',(0.,0.,1.));
#865 = ORIENTED_EDGE('',*,*,#866,.T.);
#866 = EDGE_CURVE('',#859,#859,#867,.T.);
#867 = CIRCLE('',#868,0.4699);
#868 = AXIS2_PLACEMENT_3D('',#869,#870,#871);
#869 = CARTESIAN_POINT('',(1.27,0.635,1.E-02));
#870 = DIRECTION('',(0.,0.,1.));
#871 = DIRECTION('',(1.,0.,0.));
#872 = ORIENTED_EDGE('',*,*,#856,.F.);
#873 = ORIENTED_EDGE('',*,*,#874,.F.);
#874 = EDGE_CURVE('',#857,#857,#875,.T.);
#875 = CIRCLE('',#876,0.4699);
#876 = AXIS2_PLACEMENT_3D('',#877,#878,#879);
#877 = CARTESIAN_POINT('',(1.27,0.635,0.));
#878 = DIRECTION('',(0.,0.,1.));
#879 = DIRECTION('',(1.,0.,0.));
#880 = CYLINDRICAL_SURFACE('',#881,0.4699);
#881 = AXIS2_PLACEMENT_3D('',#882,#883,#884);
#882 = CARTESIAN_POINT('',(1.27,0.635,0.));
#883 = DIRECTION('',(-0.,-0.,-1.));
#884 = DIRECTION('',(1.,0.,0.));
#885 = ADVANCED_FACE('',(#886),#922,.F.);
#886 = FACE_BOUND('',#887,.F.);
#887 = EDGE_LOOP('',(#888,#898,#907,#915));
#888 = ORIENTED_EDGE('',*,*,#889,.T.);
#889 = EDGE_CURVE('',#890,#892,#894,.T.);
#890 = VERTEX_POINT('',#891);
#891 = CARTESIAN_POINT('',(1.27,0.93975,0.));
#892 = VERTEX_POINT('',#893);
#893 = CARTESIAN_POINT('',(1.27,0.93975,1.E-02));
#894 = LINE('',#895,#896);
#895 = CARTESIAN_POINT('',(1.27,0.93975,0.));
#896 = VECTOR('',#897,1.);
#897 = DIRECTION('',(0.,0.,1.));
#898 = ORIENTED_EDGE('',*,*,#899,.T.);
#899 = EDGE_CURVE('',#892,#900,#902,.T.);
#900 = VERTEX_POINT('',#901);
#901 = CARTESIAN_POINT('',(1.27,0.3302499,1.E-02));
#902 = CIRCLE('',#903,0.30475005);
#903 = AXIS2_PLACEMENT_3D('',#904,#905,#906);
#904 = CARTESIAN_POINT('',(1.26999995,0.63499995,1.E-02));
#905 = DIRECTION('',(0.,0.,-1.));
#906 = DIRECTION('',(-1.,0.,0.));
#907 = ORIENTED_EDGE('',*,*,#908,.F.);
#908 = EDGE_CURVE('',#909,#900,#911,.T.);
#909 = VERTEX_POINT('',#910);
#910 = CARTESIAN_POINT('',(1.27,0.3302499,0.));
#911 = LINE('',#912,#913);
#912 = CARTESIAN_POINT('',(1.27,0.3302499,0.));
#913 = VECTOR('',#914,1.);
#914 = DIRECTION('',(0.,0.,1.));
#915 = ORIENTED_EDGE('',*,*,#916,.F.);
#916 = EDGE_CURVE('',#890,#909,#917,.T.);
#917 = CIRCLE('',#918,0.30475005);
#918 = AXIS2_PLACEMENT_3D('',#919,#920,#921);
#919 = CARTESIAN_POINT('',(1.26999995,0.63499995,0.));
#920 = DIRECTION('',(0.,0.,-1.));
#921 = DIRECTION('',(-1.,0.,0.));
#922 = CYLINDRICAL_SURFACE('',#923,0.30475005);
#923 = AXIS2_PLACEMENT_3D('',#924,#925,#926);
#924 = CARTESIAN_POINT('',(1.26999995,0.63499995,0.));
#925 = DIRECTION('',(0.,0.,-1.));
#926 = DIRECTION('',(-1.,0.,0.));
#927 = ADVANCED_FACE('',(#928),#946,.F.);
#928 = FACE_BOUND('',#929,.F.);
#929 = EDGE_LOOP('',(#930,#931,#938,#939));
#930 = ORIENTED_EDGE('',*,*,#908,.T.);
#931 = ORIENTED_EDGE('',*,*,#932,.T.);
#932 = EDGE_CURVE('',#900,#892,#933,.T.);
#933 = CIRCLE('',#934,0.30475005);
#934 = AXIS2_PLACEMENT_3D('',#935,#936,#937);
#935 = CARTESIAN_POINT('',(1.27000005,0.63499995,1.E-02));
#936 = DIRECTION('',(0.,0.,-1.));
#937 = DIRECTION('',(-1.,0.,0.));
#938 = ORIENTED_EDGE('',*,*,#889,.F.);
#939 = ORIENTED_EDGE('',*,*,#940,.F.);
#940 = EDGE_CURVE('',#909,#890,#941,.T.);
#941 = CIRCLE('',#942,0.30475005);
#942 = AXIS2_PLACEMENT_3D('',#943,#944,#945);
#943 = CARTESIAN_POINT('',(1.27000005,0.63499995,0.));
#944 = DIRECTION('',(0.,0.,-1.));
#945 = DIRECTION('',(-1.,0.,0.));
#946 = CYLINDRICAL_SURFACE('',#947,0.30475005);
#947 = AXIS2_PLACEMENT_3D('',#948,#949,#950);
#948 = CARTESIAN_POINT('',(1.27000005,0.63499995,0.));
#949 = DIRECTION('',(0.,0.,-1.));
#950 = DIRECTION('',(-1.,0.,0.));
#951 = ADVANCED_FACE('',(#952,#955),#959,.F.);
#952 = FACE_BOUND('',#953,.F.);
#953 = EDGE_LOOP('',(#954));
#954 = ORIENTED_EDGE('',*,*,#874,.T.);
#955 = FACE_BOUND('',#956,.F.);
#956 = EDGE_LOOP('',(#957,#958));
#957 = ORIENTED_EDGE('',*,*,#916,.T.);
#958 = ORIENTED_EDGE('',*,*,#940,.T.);
#959 = PLANE('',#960);
#960 = AXIS2_PLACEMENT_3D('',#961,#962,#963);
#961 = CARTESIAN_POINT('',(1.27,0.635,0.));
#962 = DIRECTION('',(0.,0.,1.));
#963 = DIRECTION('',(1.,0.,-0.));
#964 = ADVANCED_FACE('',(#965,#968),#972,.T.);
#965 = FACE_BOUND('',#966,.T.);
#966 = EDGE_LOOP('',(#967));
#967 = ORIENTED_EDGE('',*,*,#866,.T.);
#968 = FACE_BOUND('',#969,.T.);
#969 = EDGE_LOOP('',(#970,#971));
#970 = ORIENTED_EDGE('',*,*,#899,.T.);
#971 = ORIENTED_EDGE('',*,*,#932,.T.);
#972 = PLANE('',#973);
#973 = AXIS2_PLACEMENT_3D('',#974,#975,#976);
#974 = CARTESIAN_POINT('',(1.27,0.635,1.E-02));
#975 = DIRECTION('',(0.,0.,1.));
#976 = DIRECTION('',(1.,0.,-0.));
#977 = MANIFOLD_SOLID_BREP('',#978);
#978 = CLOSED_SHELL('',(#979,#1012,#1054,#1078,#1091));
#979 = ADVANCED_FACE('',(#980),#1007,.T.);
#980 = FACE_BOUND('',#981,.F.);
#981 = EDGE_LOOP('',(#982,#992,#999,#1000));
#982 = ORIENTED_EDGE('',*,*,#983,.T.);
#983 = EDGE_CURVE('',#984,#986,#988,.T.);
#984 = VERTEX_POINT('',#985);
#985 = CARTESIAN_POINT('',(1.7399,-0.635,0.));
#986 = VERTEX_POINT('',#987);
#987 = CARTESIAN_POINT('',(1.7399,-0.635,1.E-02));
#988 = LINE('',#989,#990);
#989 = CARTESIAN_POINT('',(1.7399,-0.635,0.));
#990 = VECTOR('',#991,1.);
#991 = DIRECTION('',(0.,0.,1.));
#992 = ORIENTED_EDGE('',*,*,#993,.T.);
#993 = EDGE_CURVE('',#986,#986,#994,.T.);
#994 = CIRCLE('',#995,0.4699);
#995 = AXIS2_PLACEMENT_3D('',#996,#997,#998);
#996 = CARTESIAN_POINT('',(1.27,-0.635,1.E-02));
#997 = DIRECTION('',(0.,0.,1.));
#998 = DIRECTION('',(1.,0.,0.));
#999 = ORIENTED_EDGE('',*,*,#983,.F.);
#1000 = ORIENTED_EDGE('',*,*,#1001,.F.);
#1001 = EDGE_CURVE('',#984,#984,#1002,.T.);
#1002 = CIRCLE('',#1003,0.4699);
#1003 = AXIS2_PLACEMENT_3D('',#1004,#1005,#1006);
#1004 = CARTESIAN_POINT('',(1.27,-0.635,0.));
#1005 = DIRECTION('',(0.,0.,1.));
#1006 = DIRECTION('',(1.,0.,0.));
#1007 = CYLINDRICAL_SURFACE('',#1008,0.4699);
#1008 = AXIS2_PLACEMENT_3D('',#1009,#1010,#1011);
#1009 = CARTESIAN_POINT('',(1.27,-0.635,0.));
#1010 = DIRECTION('',(-0.,-0.,-1.));
#1011 = DIRECTION('',(1.,0.,0.));
#1012 = ADVANCED_FACE('',(#1013),#1049,.F.);
#1013 = FACE_BOUND('',#1014,.F.);
#1014 = EDGE_LOOP('',(#1015,#1025,#1034,#1042));
#1015 = ORIENTED_EDGE('',*,*,#1016,.T.);
#1016 = EDGE_CURVE('',#1017,#1019,#1021,.T.);
#1017 = VERTEX_POINT('',#1018);
#1018 = CARTESIAN_POINT('',(1.27,-0.33025,0.));
#1019 = VERTEX_POINT('',#1020);
#1020 = CARTESIAN_POINT('',(1.27,-0.33025,1.E-02));
#1021 = LINE('',#1022,#1023);
#1022 = CARTESIAN_POINT('',(1.27,-0.33025,0.));
#1023 = VECTOR('',#1024,1.);
#1024 = DIRECTION('',(0.,0.,1.));
#1025 = ORIENTED_EDGE('',*,*,#1026,.T.);
#1026 = EDGE_CURVE('',#1019,#1027,#1029,.T.);
#1027 = VERTEX_POINT('',#1028);
#1028 = CARTESIAN_POINT('',(1.27,-0.93975,1.E-02));
#1029 = CIRCLE('',#1030,0.30475);
#1030 = AXIS2_PLACEMENT_3D('',#1031,#1032,#1033);
#1031 = CARTESIAN_POINT('',(1.27,-0.635,1.E-02));
#1032 = DIRECTION('',(0.,0.,-1.));
#1033 = DIRECTION('',(-1.,0.,0.));
#1034 = ORIENTED_EDGE('',*,*,#1035,.F.);
#1035 = EDGE_CURVE('',#1036,#1027,#1038,.T.);
#1036 = VERTEX_POINT('',#1037);
#1037 = CARTESIAN_POINT('',(1.27,-0.93975,0.));
#1038 = LINE('',#1039,#1040);
#1039 = CARTESIAN_POINT('',(1.27,-0.93975,0.));
#1040 = VECTOR('',#1041,1.);
#1041 = DIRECTION('',(0.,0.,1.));
#1042 = ORIENTED_EDGE('',*,*,#1043,.F.);
#1043 = EDGE_CURVE('',#1017,#1036,#1044,.T.);
#1044 = CIRCLE('',#1045,0.30475);
#1045 = AXIS2_PLACEMENT_3D('',#1046,#1047,#1048);
#1046 = CARTESIAN_POINT('',(1.27,-0.635,0.));
#1047 = DIRECTION('',(0.,0.,-1.));
#1048 = DIRECTION('',(-1.,0.,0.));
#1049 = CYLINDRICAL_SURFACE('',#1050,0.30475);
#1050 = AXIS2_PLACEMENT_3D('',#1051,#1052,#1053);
#1051 = CARTESIAN_POINT('',(1.27,-0.635,0.));
#1052 = DIRECTION('',(0.,0.,-1.));
#1053 = DIRECTION('',(-1.,0.,0.));
#1054 = ADVANCED_FACE('',(#1055),#1073,.F.);
#1055 = FACE_BOUND('',#1056,.F.);
#1056 = EDGE_LOOP('',(#1057,#1058,#1065,#1066));
#1057 = ORIENTED_EDGE('',*,*,#1035,.T.);
#1058 = ORIENTED_EDGE('',*,*,#1059,.T.);
#1059 = EDGE_CURVE('',#1027,#1019,#1060,.T.);
#1060 = CIRCLE('',#1061,0.30475);
#1061 = AXIS2_PLACEMENT_3D('',#1062,#1063,#1064);
#1062 = CARTESIAN_POINT('',(1.27,-0.635,1.E-02));
#1063 = DIRECTION('',(0.,0.,-1.));
#1064 = DIRECTION('',(-1.,0.,0.));
#1065 = ORIENTED_EDGE('',*,*,#1016,.F.);
#1066 = ORIENTED_EDGE('',*,*,#1067,.F.);
#1067 = EDGE_CURVE('',#1036,#1017,#1068,.T.);
#1068 = CIRCLE('',#1069,0.30475);
#1069 = AXIS2_PLACEMENT_3D('',#1070,#1071,#1072);
#1070 = CARTESIAN_POINT('',(1.27,-0.635,0.));
#1071 = DIRECTION('',(0.,0.,-1.));
#1072 = DIRECTION('',(-1.,0.,0.));
#1073 = CYLINDRICAL_SURFACE('',#1074,0.30475);
#1074 = AXIS2_PLACEMENT_3D('',#1075,#1076,#1077);
#1075 = CARTESIAN_POINT('',(1.27,-0.635,0.));
#1076 = DIRECTION('',(0.,0.,-1.));
#1077 = DIRECTION('',(-1.,0.,0.));
#1078 = ADVANCED_FACE('',(#1079,#1082),#1086,.F.);
#1079 = FACE_BOUND('',#1080,.F.);
#1080 = EDGE_LOOP('',(#1081));
#1081 = ORIENTED_EDGE('',*,*,#1001,.T.);
#1082 = FACE_BOUND('',#1083,.F.);
#1083 = EDGE_LOOP('',(#1084,#1085));
#1084 = ORIENTED_EDGE('',*,*,#1043,.T.);
#1085 = ORIENTED_EDGE('',*,*,#1067,.T.);
#1086 = PLANE('',#1087);
#1087 = AXIS2_PLACEMENT_3D('',#1088,#1089,#1090);
#1088 = CARTESIAN_POINT('',(1.27,-0.635,0.));
#1089 = DIRECTION('',(0.,0.,1.));
#1090 = DIRECTION('',(1.,0.,-0.));
#1091 = ADVANCED_FACE('',(#1092,#1095),#1099,.T.);
#1092 = FACE_BOUND('',#1093,.T.);
#1093 = EDGE_LOOP('',(#1094));
#1094 = ORIENTED_EDGE('',*,*,#993,.T.);
#1095 = FACE_BOUND('',#1096,.T.);
#1096 = EDGE_LOOP('',(#1097,#1098));
#1097 = ORIENTED_EDGE('',*,*,#1026,.T.);
#1098 = ORIENTED_EDGE('',*,*,#1059,.T.);
#1099 = PLANE('',#1100);
#1100 = AXIS2_PLACEMENT_3D('',#1101,#1102,#1103);
#1101 = CARTESIAN_POINT('',(1.27,-0.635,1.E-02));
#1102 = DIRECTION('',(0.,0.,1.));
#1103 = DIRECTION('',(1.,0.,-0.));
#1104 = MANIFOLD_SOLID_BREP('',#1105);
#1105 = CLOSED_SHELL('',(#1106,#1139,#1181,#1205,#1218));
#1106 = ADVANCED_FACE('',(#1107),#1134,.T.);
#1107 = FACE_BOUND('',#1108,.F.);
#1108 = EDGE_LOOP('',(#1109,#1119,#1126,#1127));
#1109 = ORIENTED_EDGE('',*,*,#1110,.T.);
#1110 = EDGE_CURVE('',#1111,#1113,#1115,.T.);
#1111 = VERTEX_POINT('',#1112);
#1112 = CARTESIAN_POINT('',(0.4699,0.635,0.));
#1113 = VERTEX_POINT('',#1114);
#1114 = CARTESIAN_POINT('',(0.4699,0.635,1.E-02));
#1115 = LINE('',#1116,#1117);
#1116 = CARTESIAN_POINT('',(0.4699,0.635,0.));
#1117 = VECTOR('',#1118,1.);
#1118 = DIRECTION('',(0.,0.,1.));
#1119 = ORIENTED_EDGE('',*,*,#1120,.T.);
#1120 = EDGE_CURVE('',#1113,#1113,#1121,.T.);
#1121 = CIRCLE('',#1122,0.4699);
#1122 = AXIS2_PLACEMENT_3D('',#1123,#1124,#1125);
#1123 = CARTESIAN_POINT('',(0.,0.635,1.E-02));
#1124 = DIRECTION('',(0.,0.,1.));
#1125 = DIRECTION('',(1.,0.,0.));
#1126 = ORIENTED_EDGE('',*,*,#1110,.F.);
#1127 = ORIENTED_EDGE('',*,*,#1128,.F.);
#1128 = EDGE_CURVE('',#1111,#1111,#1129,.T.);
#1129 = CIRCLE('',#1130,0.4699);
#1130 = AXIS2_PLACEMENT_3D('',#1131,#1132,#1133);
#1131 = CARTESIAN_POINT('',(0.,0.635,0.));
#1132 = DIRECTION('',(0.,0.,1.));
#1133 = DIRECTION('',(1.,0.,0.));
#1134 = CYLINDRICAL_SURFACE('',#1135,0.4699);
#1135 = AXIS2_PLACEMENT_3D('',#1136,#1137,#1138);
#1136 = CARTESIAN_POINT('',(0.,0.635,0.));
#1137 = DIRECTION('',(-0.,-0.,-1.));
#1138 = DIRECTION('',(1.,0.,0.));
#1139 = ADVANCED_FACE('',(#1140),#1176,.F.);
#1140 = FACE_BOUND('',#1141,.F.);
#1141 = EDGE_LOOP('',(#1142,#1152,#1161,#1169));
#1142 = ORIENTED_EDGE('',*,*,#1143,.T.);
#1143 = EDGE_CURVE('',#1144,#1146,#1148,.T.);
#1144 = VERTEX_POINT('',#1145);
#1145 = CARTESIAN_POINT('',(-6.409875621279E-17,0.9397499,0.));
#1146 = VERTEX_POINT('',#1147);
#1147 = CARTESIAN_POINT('',(-6.409875621279E-17,0.9397499,1.E-02));
#1148 = LINE('',#1149,#1150);
#1149 = CARTESIAN_POINT('',(-6.409875621279E-17,0.9397499,0.));
#1150 = VECTOR('',#1151,1.);
#1151 = DIRECTION('',(0.,0.,1.));
#1152 = ORIENTED_EDGE('',*,*,#1153,.T.);
#1153 = EDGE_CURVE('',#1146,#1154,#1156,.T.);
#1154 = VERTEX_POINT('',#1155);
#1155 = CARTESIAN_POINT('',(-6.409875621279E-17,0.3302499,1.E-02));
#1156 = CIRCLE('',#1157,0.30475);
#1157 = AXIS2_PLACEMENT_3D('',#1158,#1159,#1160);
#1158 = CARTESIAN_POINT('',(-3.750775280605E-17,0.6349999,1.E-02));
#1159 = DIRECTION('',(0.,0.,-1.));
#1160 = DIRECTION('',(-1.,0.,0.));
#1161 = ORIENTED_EDGE('',*,*,#1162,.F.);
#1162 = EDGE_CURVE('',#1163,#1154,#1165,.T.);
#1163 = VERTEX_POINT('',#1164);
#1164 = CARTESIAN_POINT('',(-6.409875621279E-17,0.3302499,0.));
#1165 = LINE('',#1166,#1167);
#1166 = CARTESIAN_POINT('',(-6.409875621279E-17,0.3302499,0.));
#1167 = VECTOR('',#1168,1.);
#1168 = DIRECTION('',(0.,0.,1.));
#1169 = ORIENTED_EDGE('',*,*,#1170,.F.);
#1170 = EDGE_CURVE('',#1144,#1163,#1171,.T.);
#1171 = CIRCLE('',#1172,0.30475);
#1172 = AXIS2_PLACEMENT_3D('',#1173,#1174,#1175);
#1173 = CARTESIAN_POINT('',(-3.750775280605E-17,0.6349999,0.));
#1174 = DIRECTION('',(0.,0.,-1.));
#1175 = DIRECTION('',(-1.,0.,0.));
#1176 = CYLINDRICAL_SURFACE('',#1177,0.30475);
#1177 = AXIS2_PLACEMENT_3D('',#1178,#1179,#1180);
#1178 = CARTESIAN_POINT('',(-3.750775280605E-17,0.6349999,0.));
#1179 = DIRECTION('',(0.,0.,-1.));
#1180 = DIRECTION('',(-1.,0.,0.));
#1181 = ADVANCED_FACE('',(#1182),#1200,.F.);
#1182 = FACE_BOUND('',#1183,.F.);
#1183 = EDGE_LOOP('',(#1184,#1185,#1192,#1193));
#1184 = ORIENTED_EDGE('',*,*,#1162,.T.);
#1185 = ORIENTED_EDGE('',*,*,#1186,.T.);
#1186 = EDGE_CURVE('',#1154,#1146,#1187,.T.);
#1187 = CIRCLE('',#1188,0.30475);
#1188 = AXIS2_PLACEMENT_3D('',#1189,#1190,#1191);
#1189 = CARTESIAN_POINT('',(1.000000163266E-07,0.6349999,1.E-02));
#1190 = DIRECTION('',(0.,0.,-1.));
#1191 = DIRECTION('',(-1.,0.,0.));
#1192 = ORIENTED_EDGE('',*,*,#1143,.F.);
#1193 = ORIENTED_EDGE('',*,*,#1194,.F.);
#1194 = EDGE_CURVE('',#1163,#1144,#1195,.T.);
#1195 = CIRCLE('',#1196,0.30475);
#1196 = AXIS2_PLACEMENT_3D('',#1197,#1198,#1199);
#1197 = CARTESIAN_POINT('',(1.000000163266E-07,0.6349999,0.));
#1198 = DIRECTION('',(0.,0.,-1.));
#1199 = DIRECTION('',(-1.,0.,0.));
#1200 = CYLINDRICAL_SURFACE('',#1201,0.30475);
#1201 = AXIS2_PLACEMENT_3D('',#1202,#1203,#1204);
#1202 = CARTESIAN_POINT('',(1.000000163266E-07,0.6349999,0.));
#1203 = DIRECTION('',(0.,0.,-1.));
#1204 = DIRECTION('',(-1.,0.,0.));
#1205 = ADVANCED_FACE('',(#1206,#1209),#1213,.F.);
#1206 = FACE_BOUND('',#1207,.F.);
#1207 = EDGE_LOOP('',(#1208));
#1208 = ORIENTED_EDGE('',*,*,#1128,.T.);
#1209 = FACE_BOUND('',#1210,.F.);
#1210 = EDGE_LOOP('',(#1211,#1212));
#1211 = ORIENTED_EDGE('',*,*,#1170,.T.);
#1212 = ORIENTED_EDGE('',*,*,#1194,.T.);
#1213 = PLANE('',#1214);
#1214 = AXIS2_PLACEMENT_3D('',#1215,#1216,#1217);
#1215 = CARTESIAN_POINT('',(-1.13674463029E-17,0.635,0.));
#1216 = DIRECTION('',(0.,0.,1.));
#1217 = DIRECTION('',(1.,0.,-0.));
#1218 = ADVANCED_FACE('',(#1219,#1222),#1226,.T.);
#1219 = FACE_BOUND('',#1220,.T.);
#1220 = EDGE_LOOP('',(#1221));
#1221 = ORIENTED_EDGE('',*,*,#1120,.T.);
#1222 = FACE_BOUND('',#1223,.T.);
#1223 = EDGE_LOOP('',(#1224,#1225));
#1224 = ORIENTED_EDGE('',*,*,#1153,.T.);
#1225 = ORIENTED_EDGE('',*,*,#1186,.T.);
#1226 = PLANE('',#1227);
#1227 = AXIS2_PLACEMENT_3D('',#1228,#1229,#1230);
#1228 = CARTESIAN_POINT('',(-1.13674463029E-17,0.635,1.E-02));
#1229 = DIRECTION('',(0.,0.,1.));
#1230 = DIRECTION('',(1.,0.,-0.));
#1231 = MANIFOLD_SOLID_BREP('',#1232);
#1232 = CLOSED_SHELL('',(#1233,#1266,#1308,#1332,#1345));
#1233 = ADVANCED_FACE('',(#1234),#1261,.T.);
#1234 = FACE_BOUND('',#1235,.F.);
#1235 = EDGE_LOOP('',(#1236,#1246,#1253,#1254));
#1236 = ORIENTED_EDGE('',*,*,#1237,.T.);
#1237 = EDGE_CURVE('',#1238,#1240,#1242,.T.);
#1238 = VERTEX_POINT('',#1239);
#1239 = CARTESIAN_POINT('',(0.4699,-0.635,0.));
#1240 = VERTEX_POINT('',#1241);
#1241 = CARTESIAN_POINT('',(0.4699,-0.635,1.E-02));
#1242 = LINE('',#1243,#1244);
#1243 = CARTESIAN_POINT('',(0.4699,-0.635,0.));
#1244 = VECTOR('',#1245,1.);
#1245 = DIRECTION('',(0.,0.,1.));
#1246 = ORIENTED_EDGE('',*,*,#1247,.T.);
#1247 = EDGE_CURVE('',#1240,#1240,#1248,.T.);
#1248 = CIRCLE('',#1249,0.4699);
#1249 = AXIS2_PLACEMENT_3D('',#1250,#1251,#1252);
#1250 = CARTESIAN_POINT('',(0.,-0.635,1.E-02));
#1251 = DIRECTION('',(0.,0.,1.));
#1252 = DIRECTION('',(1.,0.,0.));
#1253 = ORIENTED_EDGE('',*,*,#1237,.F.);
#1254 = ORIENTED_EDGE('',*,*,#1255,.F.);
#1255 = EDGE_CURVE('',#1238,#1238,#1256,.T.);
#1256 = CIRCLE('',#1257,0.4699);
#1257 = AXIS2_PLACEMENT_3D('',#1258,#1259,#1260);
#1258 = CARTESIAN_POINT('',(0.,-0.635,0.));
#1259 = DIRECTION('',(0.,0.,1.));
#1260 = DIRECTION('',(1.,0.,0.));
#1261 = CYLINDRICAL_SURFACE('',#1262,0.4699);
#1262 = AXIS2_PLACEMENT_3D('',#1263,#1264,#1265);
#1263 = CARTESIAN_POINT('',(0.,-0.635,0.));
#1264 = DIRECTION('',(-0.,-0.,-1.));
#1265 = DIRECTION('',(1.,0.,0.));
#1266 = ADVANCED_FACE('',(#1267),#1303,.F.);
#1267 = FACE_BOUND('',#1268,.F.);
#1268 = EDGE_LOOP('',(#1269,#1279,#1288,#1296));
#1269 = ORIENTED_EDGE('',*,*,#1270,.T.);
#1270 = EDGE_CURVE('',#1271,#1273,#1275,.T.);
#1271 = VERTEX_POINT('',#1272);
#1272 = CARTESIAN_POINT('',(-6.409875621279E-17,-0.33025,0.));
#1273 = VERTEX_POINT('',#1274);
#1274 = CARTESIAN_POINT('',(-6.409875621279E-17,-0.33025,1.E-02));
#1275 = LINE('',#1276,#1277);
#1276 = CARTESIAN_POINT('',(-6.409875621279E-17,-0.33025,0.));
#1277 = VECTOR('',#1278,1.);
#1278 = DIRECTION('',(0.,0.,1.));
#1279 = ORIENTED_EDGE('',*,*,#1280,.T.);
#1280 = EDGE_CURVE('',#1273,#1281,#1283,.T.);
#1281 = VERTEX_POINT('',#1282);
#1282 = CARTESIAN_POINT('',(-6.409875621279E-17,-0.93975,1.E-02));
#1283 = CIRCLE('',#1284,0.30475);
#1284 = AXIS2_PLACEMENT_3D('',#1285,#1286,#1287);
#1285 = CARTESIAN_POINT('',(1.711304256127E-17,-0.635,1.E-02));
#1286 = DIRECTION('',(0.,0.,-1.));
#1287 = DIRECTION('',(-1.,0.,0.));
#1288 = ORIENTED_EDGE('',*,*,#1289,.F.);
#1289 = EDGE_CURVE('',#1290,#1281,#1292,.T.);
#1290 = VERTEX_POINT('',#1291);
#1291 = CARTESIAN_POINT('',(-6.409875621279E-17,-0.93975,0.));
#1292 = LINE('',#1293,#1294);
#1293 = CARTESIAN_POINT('',(-6.409875621279E-17,-0.93975,0.));
#1294 = VECTOR('',#1295,1.);
#1295 = DIRECTION('',(0.,0.,1.));
#1296 = ORIENTED_EDGE('',*,*,#1297,.F.);
#1297 = EDGE_CURVE('',#1271,#1290,#1298,.T.);
#1298 = CIRCLE('',#1299,0.30475);
#1299 = AXIS2_PLACEMENT_3D('',#1300,#1301,#1302);
#1300 = CARTESIAN_POINT('',(1.711304256127E-17,-0.635,0.));
#1301 = DIRECTION('',(0.,0.,-1.));
#1302 = DIRECTION('',(-1.,0.,0.));
#1303 = CYLINDRICAL_SURFACE('',#1304,0.30475);
#1304 = AXIS2_PLACEMENT_3D('',#1305,#1306,#1307);
#1305 = CARTESIAN_POINT('',(1.711304256127E-17,-0.635,0.));
#1306 = DIRECTION('',(0.,0.,-1.));
#1307 = DIRECTION('',(-1.,0.,0.));
#1308 = ADVANCED_FACE('',(#1309),#1327,.F.);
#1309 = FACE_BOUND('',#1310,.F.);
#1310 = EDGE_LOOP('',(#1311,#1312,#1319,#1320));
#1311 = ORIENTED_EDGE('',*,*,#1289,.T.);
#1312 = ORIENTED_EDGE('',*,*,#1313,.T.);
#1313 = EDGE_CURVE('',#1281,#1273,#1314,.T.);
#1314 = CIRCLE('',#1315,0.30475);
#1315 = AXIS2_PLACEMENT_3D('',#1316,#1317,#1318);
#1316 = CARTESIAN_POINT('',(1.000000162247E-07,-0.635,1.E-02));
#1317 = DIRECTION('',(0.,0.,-1.));
#1318 = DIRECTION('',(-1.,0.,0.));
#1319 = ORIENTED_EDGE('',*,*,#1270,.F.);
#1320 = ORIENTED_EDGE('',*,*,#1321,.F.);
#1321 = EDGE_CURVE('',#1290,#1271,#1322,.T.);
#1322 = CIRCLE('',#1323,0.30475);
#1323 = AXIS2_PLACEMENT_3D('',#1324,#1325,#1326);
#1324 = CARTESIAN_POINT('',(1.000000162247E-07,-0.635,0.));
#1325 = DIRECTION('',(0.,0.,-1.));
#1326 = DIRECTION('',(-1.,0.,0.));
#1327 = CYLINDRICAL_SURFACE('',#1328,0.30475);
#1328 = AXIS2_PLACEMENT_3D('',#1329,#1330,#1331);
#1329 = CARTESIAN_POINT('',(1.000000162247E-07,-0.635,0.));
#1330 = DIRECTION('',(0.,0.,-1.));
#1331 = DIRECTION('',(-1.,0.,0.));
#1332 = ADVANCED_FACE('',(#1333,#1336),#1340,.F.);
#1333 = FACE_BOUND('',#1334,.F.);
#1334 = EDGE_LOOP('',(#1335));
#1335 = ORIENTED_EDGE('',*,*,#1255,.T.);
#1336 = FACE_BOUND('',#1337,.F.);
#1337 = EDGE_LOOP('',(#1338,#1339));
#1338 = ORIENTED_EDGE('',*,*,#1297,.T.);
#1339 = ORIENTED_EDGE('',*,*,#1321,.T.);
#1340 = PLANE('',#1341);
#1341 = AXIS2_PLACEMENT_3D('',#1342,#1343,#1344);
#1342 = CARTESIAN_POINT('',(-3.41023389087E-17,-0.635,0.));
#1343 = DIRECTION('',(0.,0.,1.));
#1344 = DIRECTION('',(1.,0.,-0.));
#1345 = ADVANCED_FACE('',(#1346,#1349),#1353,.T.);
#1346 = FACE_BOUND('',#1347,.T.);
#1347 = EDGE_LOOP('',(#1348));
#1348 = ORIENTED_EDGE('',*,*,#1247,.T.);
#1349 = FACE_BOUND('',#1350,.T.);
#1350 = EDGE_LOOP('',(#1351,#1352));
#1351 = ORIENTED_EDGE('',*,*,#1280,.T.);
#1352 = ORIENTED_EDGE('',*,*,#1313,.T.);
#1353 = PLANE('',#1354);
#1354 = AXIS2_PLACEMENT_3D('',#1355,#1356,#1357);
#1355 = CARTESIAN_POINT('',(-3.41023389087E-17,-0.635,1.E-02));
#1356 = DIRECTION('',(0.,0.,1.));
#1357 = DIRECTION('',(1.,0.,-0.));
#1358 = MANIFOLD_SOLID_BREP('',#1359);
#1359 = CLOSED_SHELL('',(#1360,#1393,#1435,#1459,#1472));
#1360 = ADVANCED_FACE('',(#1361),#1388,.T.);
#1361 = FACE_BOUND('',#1362,.F.);
#1362 = EDGE_LOOP('',(#1363,#1373,#1380,#1381));
#1363 = ORIENTED_EDGE('',*,*,#1364,.T.);
#1364 = EDGE_CURVE('',#1365,#1367,#1369,.T.);
#1365 = VERTEX_POINT('',#1366);
#1366 = CARTESIAN_POINT('',(-0.8001,0.635,0.));
#1367 = VERTEX_POINT('',#1368);
#1368 = CARTESIAN_POINT('',(-0.8001,0.635,1.E-02));
#1369 = LINE('',#1370,#1371);
#1370 = CARTESIAN_POINT('',(-0.8001,0.635,0.));
#1371 = VECTOR('',#1372,1.);
#1372 = DIRECTION('',(0.,0.,1.));
#1373 = ORIENTED_EDGE('',*,*,#1374,.T.);
#1374 = EDGE_CURVE('',#1367,#1367,#1375,.T.);
#1375 = CIRCLE('',#1376,0.4699);
#1376 = AXIS2_PLACEMENT_3D('',#1377,#1378,#1379);
#1377 = CARTESIAN_POINT('',(-1.27,0.635,1.E-02));
#1378 = DIRECTION('',(0.,0.,1.));
#1379 = DIRECTION('',(1.,0.,0.));
#1380 = ORIENTED_EDGE('',*,*,#1364,.F.);
#1381 = ORIENTED_EDGE('',*,*,#1382,.F.);
#1382 = EDGE_CURVE('',#1365,#1365,#1383,.T.);
#1383 = CIRCLE('',#1384,0.4699);
#1384 = AXIS2_PLACEMENT_3D('',#1385,#1386,#1387);
#1385 = CARTESIAN_POINT('',(-1.27,0.635,0.));
#1386 = DIRECTION('',(0.,0.,1.));
#1387 = DIRECTION('',(1.,0.,0.));
#1388 = CYLINDRICAL_SURFACE('',#1389,0.4699);
#1389 = AXIS2_PLACEMENT_3D('',#1390,#1391,#1392);
#1390 = CARTESIAN_POINT('',(-1.27,0.635,0.));
#1391 = DIRECTION('',(-0.,-0.,-1.));
#1392 = DIRECTION('',(1.,0.,0.));
#1393 = ADVANCED_FACE('',(#1394),#1430,.F.);
#1394 = FACE_BOUND('',#1395,.F.);
#1395 = EDGE_LOOP('',(#1396,#1406,#1415,#1423));
#1396 = ORIENTED_EDGE('',*,*,#1397,.T.);
#1397 = EDGE_CURVE('',#1398,#1400,#1402,.T.);
#1398 = VERTEX_POINT('',#1399);
#1399 = CARTESIAN_POINT('',(-1.27,0.93975,0.));
#1400 = VERTEX_POINT('',#1401);
#1401 = CARTESIAN_POINT('',(-1.27,0.93975,1.E-02));
#1402 = LINE('',#1403,#1404);
#1403 = CARTESIAN_POINT('',(-1.27,0.93975,0.));
#1404 = VECTOR('',#1405,1.);
#1405 = DIRECTION('',(0.,0.,1.));
#1406 = ORIENTED_EDGE('',*,*,#1407,.T.);
#1407 = EDGE_CURVE('',#1400,#1408,#1410,.T.);
#1408 = VERTEX_POINT('',#1409);
#1409 = CARTESIAN_POINT('',(-1.2699999,0.3302499,1.E-02));
#1410 = CIRCLE('',#1411,0.30475005);
#1411 = AXIS2_PLACEMENT_3D('',#1412,#1413,#1414);
#1412 = CARTESIAN_POINT('',(-1.27000005,0.63499995,1.E-02));
#1413 = DIRECTION('',(0.,0.,-1.));
#1414 = DIRECTION('',(-1.,0.,0.));
#1415 = ORIENTED_EDGE('',*,*,#1416,.F.);
#1416 = EDGE_CURVE('',#1417,#1408,#1419,.T.);
#1417 = VERTEX_POINT('',#1418);
#1418 = CARTESIAN_POINT('',(-1.2699999,0.3302499,0.));
#1419 = LINE('',#1420,#1421);
#1420 = CARTESIAN_POINT('',(-1.2699999,0.3302499,0.));
#1421 = VECTOR('',#1422,1.);
#1422 = DIRECTION('',(0.,0.,1.));
#1423 = ORIENTED_EDGE('',*,*,#1424,.F.);
#1424 = EDGE_CURVE('',#1398,#1417,#1425,.T.);
#1425 = CIRCLE('',#1426,0.30475005);
#1426 = AXIS2_PLACEMENT_3D('',#1427,#1428,#1429);
#1427 = CARTESIAN_POINT('',(-1.27000005,0.63499995,0.));
#1428 = DIRECTION('',(0.,0.,-1.));
#1429 = DIRECTION('',(-1.,0.,0.));
#1430 = CYLINDRICAL_SURFACE('',#1431,0.30475005);
#1431 = AXIS2_PLACEMENT_3D('',#1432,#1433,#1434);
#1432 = CARTESIAN_POINT('',(-1.27000005,0.63499995,0.));
#1433 = DIRECTION('',(0.,0.,-1.));
#1434 = DIRECTION('',(-1.,0.,0.));
#1435 = ADVANCED_FACE('',(#1436),#1454,.F.);
#1436 = FACE_BOUND('',#1437,.F.);
#1437 = EDGE_LOOP('',(#1438,#1439,#1446,#1447));
#1438 = ORIENTED_EDGE('',*,*,#1416,.T.);
#1439 = ORIENTED_EDGE('',*,*,#1440,.T.);
#1440 = EDGE_CURVE('',#1408,#1400,#1441,.T.);
#1441 = CIRCLE('',#1442,0.30475005);
#1442 = AXIS2_PLACEMENT_3D('',#1443,#1444,#1445);
#1443 = CARTESIAN_POINT('',(-1.26999995,0.63499995,1.E-02));
#1444 = DIRECTION('',(0.,0.,-1.));
#1445 = DIRECTION('',(-1.,0.,0.));
#1446 = ORIENTED_EDGE('',*,*,#1397,.F.);
#1447 = ORIENTED_EDGE('',*,*,#1448,.F.);
#1448 = EDGE_CURVE('',#1417,#1398,#1449,.T.);
#1449 = CIRCLE('',#1450,0.30475005);
#1450 = AXIS2_PLACEMENT_3D('',#1451,#1452,#1453);
#1451 = CARTESIAN_POINT('',(-1.26999995,0.63499995,0.));
#1452 = DIRECTION('',(0.,0.,-1.));
#1453 = DIRECTION('',(-1.,0.,0.));
#1454 = CYLINDRICAL_SURFACE('',#1455,0.30475005);
#1455 = AXIS2_PLACEMENT_3D('',#1456,#1457,#1458);
#1456 = CARTESIAN_POINT('',(-1.26999995,0.63499995,0.));
#1457 = DIRECTION('',(0.,0.,-1.));
#1458 = DIRECTION('',(-1.,0.,0.));
#1459 = ADVANCED_FACE('',(#1460,#1463),#1467,.F.);
#1460 = FACE_BOUND('',#1461,.F.);
#1461 = EDGE_LOOP('',(#1462));
#1462 = ORIENTED_EDGE('',*,*,#1382,.T.);
#1463 = FACE_BOUND('',#1464,.F.);
#1464 = EDGE_LOOP('',(#1465,#1466));
#1465 = ORIENTED_EDGE('',*,*,#1424,.T.);
#1466 = ORIENTED_EDGE('',*,*,#1448,.T.);
#1467 = PLANE('',#1468);
#1468 = AXIS2_PLACEMENT_3D('',#1469,#1470,#1471);
#1469 = CARTESIAN_POINT('',(-1.27,0.635,0.));
#1470 = DIRECTION('',(0.,0.,1.));
#1471 = DIRECTION('',(1.,0.,-0.));
#1472 = ADVANCED_FACE('',(#1473,#1476),#1480,.T.);
#1473 = FACE_BOUND('',#1474,.T.);
#1474 = EDGE_LOOP('',(#1475));
#1475 = ORIENTED_EDGE('',*,*,#1374,.T.);
#1476 = FACE_BOUND('',#1477,.T.);
#1477 = EDGE_LOOP('',(#1478,#1479));
#1478 = ORIENTED_EDGE('',*,*,#1407,.T.);
#1479 = ORIENTED_EDGE('',*,*,#1440,.T.);
#1480 = PLANE('',#1481);
#1481 = AXIS2_PLACEMENT_3D('',#1482,#1483,#1484);
#1482 = CARTESIAN_POINT('',(-1.27,0.635,1.E-02));
#1483 = DIRECTION('',(0.,0.,1.));
#1484 = DIRECTION('',(1.,0.,-0.));
#1485 = MANIFOLD_SOLID_BREP('',#1486);
#1486 = CLOSED_SHELL('',(#1487,#1520,#1562,#1586,#1599));
#1487 = ADVANCED_FACE('',(#1488),#1515,.T.);
#1488 = FACE_BOUND('',#1489,.F.);
#1489 = EDGE_LOOP('',(#1490,#1500,#1507,#1508));
#1490 = ORIENTED_EDGE('',*,*,#1491,.T.);
#1491 = EDGE_CURVE('',#1492,#1494,#1496,.T.);
#1492 = VERTEX_POINT('',#1493);
#1493 = CARTESIAN_POINT('',(-0.8001,-0.635,0.));
#1494 = VERTEX_POINT('',#1495);
#1495 = CARTESIAN_POINT('',(-0.8001,-0.635,1.E-02));
#1496 = LINE('',#1497,#1498);
#1497 = CARTESIAN_POINT('',(-0.8001,-0.635,0.));
#1498 = VECTOR('',#1499,1.);
#1499 = DIRECTION('',(0.,0.,1.));
#1500 = ORIENTED_EDGE('',*,*,#1501,.T.);
#1501 = EDGE_CURVE('',#1494,#1494,#1502,.T.);
#1502 = CIRCLE('',#1503,0.4699);
#1503 = AXIS2_PLACEMENT_3D('',#1504,#1505,#1506);
#1504 = CARTESIAN_POINT('',(-1.27,-0.635,1.E-02));
#1505 = DIRECTION('',(0.,0.,1.));
#1506 = DIRECTION('',(1.,0.,0.));
#1507 = ORIENTED_EDGE('',*,*,#1491,.F.);
#1508 = ORIENTED_EDGE('',*,*,#1509,.F.);
#1509 = EDGE_CURVE('',#1492,#1492,#1510,.T.);
#1510 = CIRCLE('',#1511,0.4699);
#1511 = AXIS2_PLACEMENT_3D('',#1512,#1513,#1514);
#1512 = CARTESIAN_POINT('',(-1.27,-0.635,0.));
#1513 = DIRECTION('',(0.,0.,1.));
#1514 = DIRECTION('',(1.,0.,0.));
#1515 = CYLINDRICAL_SURFACE('',#1516,0.4699);
#1516 = AXIS2_PLACEMENT_3D('',#1517,#1518,#1519);
#1517 = CARTESIAN_POINT('',(-1.27,-0.635,0.));
#1518 = DIRECTION('',(-0.,-0.,-1.));
#1519 = DIRECTION('',(1.,0.,0.));
#1520 = ADVANCED_FACE('',(#1521),#1557,.F.);
#1521 = FACE_BOUND('',#1522,.F.);
#1522 = EDGE_LOOP('',(#1523,#1533,#1542,#1550));
#1523 = ORIENTED_EDGE('',*,*,#1524,.T.);
#1524 = EDGE_CURVE('',#1525,#1527,#1529,.T.);
#1525 = VERTEX_POINT('',#1526);
#1526 = CARTESIAN_POINT('',(-1.27,-0.33025,0.));
#1527 = VERTEX_POINT('',#1528);
#1528 = CARTESIAN_POINT('',(-1.27,-0.33025,1.E-02));
#1529 = LINE('',#1530,#1531);
#1530 = CARTESIAN_POINT('',(-1.27,-0.33025,0.));
#1531 = VECTOR('',#1532,1.);
#1532 = DIRECTION('',(0.,0.,1.));
#1533 = ORIENTED_EDGE('',*,*,#1534,.T.);
#1534 = EDGE_CURVE('',#1527,#1535,#1537,.T.);
#1535 = VERTEX_POINT('',#1536);
#1536 = CARTESIAN_POINT('',(-1.2699999,-0.93975,1.E-02));
#1537 = CIRCLE('',#1538,0.30475);
#1538 = AXIS2_PLACEMENT_3D('',#1539,#1540,#1541);
#1539 = CARTESIAN_POINT('',(-1.27,-0.635,1.E-02));
#1540 = DIRECTION('',(0.,0.,-1.));
#1541 = DIRECTION('',(-1.,0.,0.));
#1542 = ORIENTED_EDGE('',*,*,#1543,.F.);
#1543 = EDGE_CURVE('',#1544,#1535,#1546,.T.);
#1544 = VERTEX_POINT('',#1545);
#1545 = CARTESIAN_POINT('',(-1.2699999,-0.93975,0.));
#1546 = LINE('',#1547,#1548);
#1547 = CARTESIAN_POINT('',(-1.2699999,-0.93975,0.));
#1548 = VECTOR('',#1549,1.);
#1549 = DIRECTION('',(0.,0.,1.));
#1550 = ORIENTED_EDGE('',*,*,#1551,.F.);
#1551 = EDGE_CURVE('',#1525,#1544,#1552,.T.);
#1552 = CIRCLE('',#1553,0.30475);
#1553 = AXIS2_PLACEMENT_3D('',#1554,#1555,#1556);
#1554 = CARTESIAN_POINT('',(-1.27,-0.635,0.));
#1555 = DIRECTION('',(0.,0.,-1.));
#1556 = DIRECTION('',(-1.,0.,0.));
#1557 = CYLINDRICAL_SURFACE('',#1558,0.30475);
#1558 = AXIS2_PLACEMENT_3D('',#1559,#1560,#1561);
#1559 = CARTESIAN_POINT('',(-1.27,-0.635,0.));
#1560 = DIRECTION('',(0.,0.,-1.));
#1561 = DIRECTION('',(-1.,0.,0.));
#1562 = ADVANCED_FACE('',(#1563),#1581,.F.);
#1563 = FACE_BOUND('',#1564,.F.);
#1564 = EDGE_LOOP('',(#1565,#1566,#1573,#1574));
#1565 = ORIENTED_EDGE('',*,*,#1543,.T.);
#1566 = ORIENTED_EDGE('',*,*,#1567,.T.);
#1567 = EDGE_CURVE('',#1535,#1527,#1568,.T.);
#1568 = CIRCLE('',#1569,0.30475);
#1569 = AXIS2_PLACEMENT_3D('',#1570,#1571,#1572);
#1570 = CARTESIAN_POINT('',(-1.27,-0.635,1.E-02));
#1571 = DIRECTION('',(0.,0.,-1.));
#1572 = DIRECTION('',(-1.,0.,0.));
#1573 = ORIENTED_EDGE('',*,*,#1524,.F.);
#1574 = ORIENTED_EDGE('',*,*,#1575,.F.);
#1575 = EDGE_CURVE('',#1544,#1525,#1576,.T.);
#1576 = CIRCLE('',#1577,0.30475);
#1577 = AXIS2_PLACEMENT_3D('',#1578,#1579,#1580);
#1578 = CARTESIAN_POINT('',(-1.27,-0.635,0.));
#1579 = DIRECTION('',(0.,0.,-1.));
#1580 = DIRECTION('',(-1.,0.,0.));
#1581 = CYLINDRICAL_SURFACE('',#1582,0.30475);
#1582 = AXIS2_PLACEMENT_3D('',#1583,#1584,#1585);
#1583 = CARTESIAN_POINT('',(-1.27,-0.635,0.));
#1584 = DIRECTION('',(0.,0.,-1.));
#1585 = DIRECTION('',(-1.,0.,0.));
#1586 = ADVANCED_FACE('',(#1587,#1590),#1594,.F.);
#1587 = FACE_BOUND('',#1588,.F.);
#1588 = EDGE_LOOP('',(#1589));
#1589 = ORIENTED_EDGE('',*,*,#1509,.T.);
#1590 = FACE_BOUND('',#1591,.F.);
#1591 = EDGE_LOOP('',(#1592,#1593));
#1592 = ORIENTED_EDGE('',*,*,#1551,.T.);
#1593 = ORIENTED_EDGE('',*,*,#1575,.T.);
#1594 = PLANE('',#1595);
#1595 = AXIS2_PLACEMENT_3D('',#1596,#1597,#1598);
#1596 = CARTESIAN_POINT('',(-1.27,-0.635,0.));
#1597 = DIRECTION('',(0.,0.,1.));
#1598 = DIRECTION('',(1.,0.,-0.));
#1599 = ADVANCED_FACE('',(#1600,#1603),#1607,.T.);
#1600 = FACE_BOUND('',#1601,.T.);
#1601 = EDGE_LOOP('',(#1602));
#1602 = ORIENTED_EDGE('',*,*,#1501,.T.);
#1603 = FACE_BOUND('',#1604,.T.);
#1604 = EDGE_LOOP('',(#1605,#1606));
#1605 = ORIENTED_EDGE('',*,*,#1534,.T.);
#1606 = ORIENTED_EDGE('',*,*,#1567,.T.);
#1607 = PLANE('',#1608);
#1608 = AXIS2_PLACEMENT_3D('',#1609,#1610,#1611);
#1609 = CARTESIAN_POINT('',(-1.27,-0.635,1.E-02));
#1610 = DIRECTION('',(0.,0.,1.));
#1611 = DIRECTION('',(1.,0.,-0.));
#1612 = ( GEOMETRIC_REPRESENTATION_CONTEXT(3) 
GLOBAL_UNCERTAINTY_ASSIGNED_CONTEXT((#1616)) 
GLOBAL_UNIT_ASSIGNED_CONTEXT((#1613,#1614,#1615)) REPRESENTATION_CONTEXT
('Context #1','3D Context with UNIT and UNCERTAINTY') );
#1613 = ( LENGTH_UNIT() NAMED_UNIT(*) SI_UNIT(.MILLI.,.METRE.) );
#1614 = ( NAMED_UNIT(*) PLANE_ANGLE_UNIT() SI_UNIT($,.RADIAN.) );
#1615 = ( NAMED_UNIT(*) SI_UNIT($,.STERADIAN.) SOLID_ANGLE_UNIT() );
#1616 = UNCERTAINTY_MEASURE_WITH_UNIT(LENGTH_MEASURE(1.E-07),#1613,
  'distance_accuracy_value','confusion accuracy');
#1617 = CONTEXT_DEPENDENT_SHAPE_REPRESENTATION(#1618,#1620);
#1618 = ( REPRESENTATION_RELATIONSHIP('','',#849,#10) 
REPRESENTATION_RELATIONSHIP_WITH_TRANSFORMATION(#1619) 
SHAPE_REPRESENTATION_RELATIONSHIP() );
#1619 = ITEM_DEFINED_TRANSFORMATION('','',#11,#19);
#1620 = PRODUCT_DEFINITION_SHAPE('Placement','Placement of an item',
  #1621);
#1621 = NEXT_ASSEMBLY_USAGE_OCCURRENCE('12','btmPads','',#5,#844,$);
#1622 = PRODUCT_RELATED_PRODUCT_CATEGORY('part',$,(#846));
#1623 = SHAPE_DEFINITION_REPRESENTATION(#1624,#1630);
#1624 = PRODUCT_DEFINITION_SHAPE('','',#1625);
#1625 = PRODUCT_DEFINITION('design','',#1626,#1629);
#1626 = PRODUCT_DEFINITION_FORMATION('','',#1627);
#1627 = PRODUCT('TH-Drills','TH-Drills','',(#1628));
#1628 = PRODUCT_CONTEXT('',#2,'mechanical');
#1629 = PRODUCT_DEFINITION_CONTEXT('part definition',#2,'design');
#1630 = SHAPE_REPRESENTATION('',(#11,#1631,#1723,#1815,#1907,#1999,#2091
    ,#2183,#2275,#2367,#2459,#2551,#2643,#2735,#2827,#2919,#3011),#3103
  );
#1631 = MANIFOLD_SOLID_BREP('',#1632);
#1632 = CLOSED_SHELL('',(#1633,#1666,#1699,#1711));
#1633 = ADVANCED_FACE('',(#1634),#1661,.T.);
#1634 = FACE_BOUND('',#1635,.T.);
#1635 = EDGE_LOOP('',(#1636,#1646,#1653,#1654));
#1636 = ORIENTED_EDGE('',*,*,#1637,.T.);
#1637 = EDGE_CURVE('',#1638,#1640,#1642,.T.);
#1638 = VERTEX_POINT('',#1639);
#1639 = CARTESIAN_POINT('',(-8.90995,-5.,0.));
#1640 = VERTEX_POINT('',#1641);
#1641 = CARTESIAN_POINT('',(-8.90995,-5.,-1.6));
#1642 = LINE('',#1643,#1644);
#1643 = CARTESIAN_POINT('',(-8.90995,-5.,0.));
#1644 = VECTOR('',#1645,1.);
#1645 = DIRECTION('',(-0.,-0.,-1.));
#1646 = ORIENTED_EDGE('',*,*,#1647,.T.);
#1647 = EDGE_CURVE('',#1640,#1640,#1648,.T.);
#1648 = CIRCLE('',#1649,1.09005);
#1649 = AXIS2_PLACEMENT_3D('',#1650,#1651,#1652);
#1650 = CARTESIAN_POINT('',(-10.,-5.,-1.6));
#1651 = DIRECTION('',(0.,0.,1.));
#1652 = DIRECTION('',(1.,0.,0.));
#1653 = ORIENTED_EDGE('',*,*,#1637,.F.);
#1654 = ORIENTED_EDGE('',*,*,#1655,.F.);
#1655 = EDGE_CURVE('',#1638,#1638,#1656,.T.);
#1656 = CIRCLE('',#1657,1.09005);
#1657 = AXIS2_PLACEMENT_3D('',#1658,#1659,#1660);
#1658 = CARTESIAN_POINT('',(-10.,-5.,0.));
#1659 = DIRECTION('',(0.,0.,1.));
#1660 = DIRECTION('',(1.,0.,0.));
#1661 = CYLINDRICAL_SURFACE('',#1662,1.09005);
#1662 = AXIS2_PLACEMENT_3D('',#1663,#1664,#1665);
#1663 = CARTESIAN_POINT('',(-10.,-5.,0.));
#1664 = DIRECTION('',(0.,0.,1.));
#1665 = DIRECTION('',(1.,0.,0.));
#1666 = ADVANCED_FACE('',(#1667),#1694,.F.);
#1667 = FACE_BOUND('',#1668,.F.);
#1668 = EDGE_LOOP('',(#1669,#1679,#1686,#1687));
#1669 = ORIENTED_EDGE('',*,*,#1670,.T.);
#1670 = EDGE_CURVE('',#1671,#1673,#1675,.T.);
#1671 = VERTEX_POINT('',#1672);
#1672 = CARTESIAN_POINT('',(-8.91995,-5.,0.));
#1673 = VERTEX_POINT('',#1674);
#1674 = CARTESIAN_POINT('',(-8.91995,-5.,-1.6));
#1675 = LINE('',#1676,#1677);
#1676 = CARTESIAN_POINT('',(-8.91995,-5.,0.));
#1677 = VECTOR('',#1678,1.);
#1678 = DIRECTION('',(-0.,-0.,-1.));
#1679 = ORIENTED_EDGE('',*,*,#1680,.T.);
#1680 = EDGE_CURVE('',#1673,#1673,#1681,.T.);
#1681 = CIRCLE('',#1682,1.08005);
#1682 = AXIS2_PLACEMENT_3D('',#1683,#1684,#1685);
#1683 = CARTESIAN_POINT('',(-10.,-5.,-1.6));
#1684 = DIRECTION('',(0.,0.,1.));
#1685 = DIRECTION('',(1.,0.,0.));
#1686 = ORIENTED_EDGE('',*,*,#1670,.F.);
#1687 = ORIENTED_EDGE('',*,*,#1688,.F.);
#1688 = EDGE_CURVE('',#1671,#1671,#1689,.T.);
#1689 = CIRCLE('',#1690,1.08005);
#1690 = AXIS2_PLACEMENT_3D('',#1691,#1692,#1693);
#1691 = CARTESIAN_POINT('',(-10.,-5.,0.));
#1692 = DIRECTION('',(0.,0.,1.));
#1693 = DIRECTION('',(1.,0.,0.));
#1694 = CYLINDRICAL_SURFACE('',#1695,1.08005);
#1695 = AXIS2_PLACEMENT_3D('',#1696,#1697,#1698);
#1696 = CARTESIAN_POINT('',(-10.,-5.,0.));
#1697 = DIRECTION('',(0.,0.,1.));
#1698 = DIRECTION('',(1.,0.,0.));
#1699 = ADVANCED_FACE('',(#1700,#1703),#1706,.T.);
#1700 = FACE_BOUND('',#1701,.F.);
#1701 = EDGE_LOOP('',(#1702));
#1702 = ORIENTED_EDGE('',*,*,#1655,.F.);
#1703 = FACE_BOUND('',#1704,.F.);
#1704 = EDGE_LOOP('',(#1705));
#1705 = ORIENTED_EDGE('',*,*,#1688,.T.);
#1706 = PLANE('',#1707);
#1707 = AXIS2_PLACEMENT_3D('',#1708,#1709,#1710);
#1708 = CARTESIAN_POINT('',(-10.,-5.,0.));
#1709 = DIRECTION('',(0.,0.,1.));
#1710 = DIRECTION('',(1.,0.,0.));
#1711 = ADVANCED_FACE('',(#1712,#1715),#1718,.F.);
#1712 = FACE_BOUND('',#1713,.T.);
#1713 = EDGE_LOOP('',(#1714));
#1714 = ORIENTED_EDGE('',*,*,#1647,.F.);
#1715 = FACE_BOUND('',#1716,.T.);
#1716 = EDGE_LOOP('',(#1717));
#1717 = ORIENTED_EDGE('',*,*,#1680,.T.);
#1718 = PLANE('',#1719);
#1719 = AXIS2_PLACEMENT_3D('',#1720,#1721,#1722);
#1720 = CARTESIAN_POINT('',(-10.,-5.,-1.6));
#1721 = DIRECTION('',(0.,0.,1.));
#1722 = DIRECTION('',(1.,0.,0.));
#1723 = MANIFOLD_SOLID_BREP('',#1724);
#1724 = CLOSED_SHELL('',(#1725,#1758,#1791,#1803));
#1725 = ADVANCED_FACE('',(#1726),#1753,.T.);
#1726 = FACE_BOUND('',#1727,.T.);
#1727 = EDGE_LOOP('',(#1728,#1738,#1745,#1746));
#1728 = ORIENTED_EDGE('',*,*,#1729,.T.);
#1729 = EDGE_CURVE('',#1730,#1732,#1734,.T.);
#1730 = VERTEX_POINT('',#1731);
#1731 = CARTESIAN_POINT('',(11.09005,-5.,0.));
#1732 = VERTEX_POINT('',#1733);
#1733 = CARTESIAN_POINT('',(11.09005,-5.,-1.6));
#1734 = LINE('',#1735,#1736);
#1735 = CARTESIAN_POINT('',(11.09005,-5.,0.));
#1736 = VECTOR('',#1737,1.);
#1737 = DIRECTION('',(-0.,-0.,-1.));
#1738 = ORIENTED_EDGE('',*,*,#1739,.T.);
#1739 = EDGE_CURVE('',#1732,#1732,#1740,.T.);
#1740 = CIRCLE('',#1741,1.09005);
#1741 = AXIS2_PLACEMENT_3D('',#1742,#1743,#1744);
#1742 = CARTESIAN_POINT('',(10.,-5.,-1.6));
#1743 = DIRECTION('',(0.,0.,1.));
#1744 = DIRECTION('',(1.,0.,0.));
#1745 = ORIENTED_EDGE('',*,*,#1729,.F.);
#1746 = ORIENTED_EDGE('',*,*,#1747,.F.);
#1747 = EDGE_CURVE('',#1730,#1730,#1748,.T.);
#1748 = CIRCLE('',#1749,1.09005);
#1749 = AXIS2_PLACEMENT_3D('',#1750,#1751,#1752);
#1750 = CARTESIAN_POINT('',(10.,-5.,0.));
#1751 = DIRECTION('',(0.,0.,1.));
#1752 = DIRECTION('',(1.,0.,0.));
#1753 = CYLINDRICAL_SURFACE('',#1754,1.09005);
#1754 = AXIS2_PLACEMENT_3D('',#1755,#1756,#1757);
#1755 = CARTESIAN_POINT('',(10.,-5.,0.));
#1756 = DIRECTION('',(0.,0.,1.));
#1757 = DIRECTION('',(1.,0.,0.));
#1758 = ADVANCED_FACE('',(#1759),#1786,.F.);
#1759 = FACE_BOUND('',#1760,.F.);
#1760 = EDGE_LOOP('',(#1761,#1771,#1778,#1779));
#1761 = ORIENTED_EDGE('',*,*,#1762,.T.);
#1762 = EDGE_CURVE('',#1763,#1765,#1767,.T.);
#1763 = VERTEX_POINT('',#1764);
#1764 = CARTESIAN_POINT('',(11.08005,-5.,0.));
#1765 = VERTEX_POINT('',#1766);
#1766 = CARTESIAN_POINT('',(11.08005,-5.,-1.6));
#1767 = LINE('',#1768,#1769);
#1768 = CARTESIAN_POINT('',(11.08005,-5.,0.));
#1769 = VECTOR('',#1770,1.);
#1770 = DIRECTION('',(-0.,-0.,-1.));
#1771 = ORIENTED_EDGE('',*,*,#1772,.T.);
#1772 = EDGE_CURVE('',#1765,#1765,#1773,.T.);
#1773 = CIRCLE('',#1774,1.08005);
#1774 = AXIS2_PLACEMENT_3D('',#1775,#1776,#1777);
#1775 = CARTESIAN_POINT('',(10.,-5.,-1.6));
#1776 = DIRECTION('',(0.,0.,1.));
#1777 = DIRECTION('',(1.,0.,0.));
#1778 = ORIENTED_EDGE('',*,*,#1762,.F.);
#1779 = ORIENTED_EDGE('',*,*,#1780,.F.);
#1780 = EDGE_CURVE('',#1763,#1763,#1781,.T.);
#1781 = CIRCLE('',#1782,1.08005);
#1782 = AXIS2_PLACEMENT_3D('',#1783,#1784,#1785);
#1783 = CARTESIAN_POINT('',(10.,-5.,0.));
#1784 = DIRECTION('',(0.,0.,1.));
#1785 = DIRECTION('',(1.,0.,0.));
#1786 = CYLINDRICAL_SURFACE('',#1787,1.08005);
#1787 = AXIS2_PLACEMENT_3D('',#1788,#1789,#1790);
#1788 = CARTESIAN_POINT('',(10.,-5.,0.));
#1789 = DIRECTION('',(0.,0.,1.));
#1790 = DIRECTION('',(1.,0.,0.));
#1791 = ADVANCED_FACE('',(#1792,#1795),#1798,.T.);
#1792 = FACE_BOUND('',#1793,.F.);
#1793 = EDGE_LOOP('',(#1794));
#1794 = ORIENTED_EDGE('',*,*,#1747,.F.);
#1795 = FACE_BOUND('',#1796,.F.);
#1796 = EDGE_LOOP('',(#1797));
#1797 = ORIENTED_EDGE('',*,*,#1780,.T.);
#1798 = PLANE('',#1799);
#1799 = AXIS2_PLACEMENT_3D('',#1800,#1801,#1802);
#1800 = CARTESIAN_POINT('',(10.,-5.,0.));
#1801 = DIRECTION('',(0.,0.,1.));
#1802 = DIRECTION('',(1.,0.,0.));
#1803 = ADVANCED_FACE('',(#1804,#1807),#1810,.F.);
#1804 = FACE_BOUND('',#1805,.T.);
#1805 = EDGE_LOOP('',(#1806));
#1806 = ORIENTED_EDGE('',*,*,#1739,.F.);
#1807 = FACE_BOUND('',#1808,.T.);
#1808 = EDGE_LOOP('',(#1809));
#1809 = ORIENTED_EDGE('',*,*,#1772,.T.);
#1810 = PLANE('',#1811);
#1811 = AXIS2_PLACEMENT_3D('',#1812,#1813,#1814);
#1812 = CARTESIAN_POINT('',(10.,-5.,-1.6));
#1813 = DIRECTION('',(0.,0.,1.));
#1814 = DIRECTION('',(1.,0.,0.));
#1815 = MANIFOLD_SOLID_BREP('',#1816);
#1816 = CLOSED_SHELL('',(#1817,#1850,#1883,#1895));
#1817 = ADVANCED_FACE('',(#1818),#1845,.T.);
#1818 = FACE_BOUND('',#1819,.T.);
#1819 = EDGE_LOOP('',(#1820,#1830,#1837,#1838));
#1820 = ORIENTED_EDGE('',*,*,#1821,.T.);
#1821 = EDGE_CURVE('',#1822,#1824,#1826,.T.);
#1822 = VERTEX_POINT('',#1823);
#1823 = CARTESIAN_POINT('',(-9.1962,-8.5,0.));
#1824 = VERTEX_POINT('',#1825);
#1825 = CARTESIAN_POINT('',(-9.1962,-8.5,-1.6));
#1826 = LINE('',#1827,#1828);
#1827 = CARTESIAN_POINT('',(-9.1962,-8.5,0.));
#1828 = VECTOR('',#1829,1.);
#1829 = DIRECTION('',(-0.,-0.,-1.));
#1830 = ORIENTED_EDGE('',*,*,#1831,.T.);
#1831 = EDGE_CURVE('',#1824,#1824,#1832,.T.);
#1832 = CIRCLE('',#1833,0.8038);
#1833 = AXIS2_PLACEMENT_3D('',#1834,#1835,#1836);
#1834 = CARTESIAN_POINT('',(-10.,-8.5,-1.6));
#1835 = DIRECTION('',(0.,0.,1.));
#1836 = DIRECTION('',(1.,0.,0.));
#1837 = ORIENTED_EDGE('',*,*,#1821,.F.);
#1838 = ORIENTED_EDGE('',*,*,#1839,.F.);
#1839 = EDGE_CURVE('',#1822,#1822,#1840,.T.);
#1840 = CIRCLE('',#1841,0.8038);
#1841 = AXIS2_PLACEMENT_3D('',#1842,#1843,#1844);
#1842 = CARTESIAN_POINT('',(-10.,-8.5,0.));
#1843 = DIRECTION('',(0.,0.,1.));
#1844 = DIRECTION('',(1.,0.,0.));
#1845 = CYLINDRICAL_SURFACE('',#1846,0.8038);
#1846 = AXIS2_PLACEMENT_3D('',#1847,#1848,#1849);
#1847 = CARTESIAN_POINT('',(-10.,-8.5,0.));
#1848 = DIRECTION('',(0.,0.,1.));
#1849 = DIRECTION('',(1.,0.,0.));
#1850 = ADVANCED_FACE('',(#1851),#1878,.F.);
#1851 = FACE_BOUND('',#1852,.F.);
#1852 = EDGE_LOOP('',(#1853,#1863,#1870,#1871));
#1853 = ORIENTED_EDGE('',*,*,#1854,.T.);
#1854 = EDGE_CURVE('',#1855,#1857,#1859,.T.);
#1855 = VERTEX_POINT('',#1856);
#1856 = CARTESIAN_POINT('',(-9.2062,-8.5,0.));
#1857 = VERTEX_POINT('',#1858);
#1858 = CARTESIAN_POINT('',(-9.2062,-8.5,-1.6));
#1859 = LINE('',#1860,#1861);
#1860 = CARTESIAN_POINT('',(-9.2062,-8.5,0.));
#1861 = VECTOR('',#1862,1.);
#1862 = DIRECTION('',(-0.,-0.,-1.));
#1863 = ORIENTED_EDGE('',*,*,#1864,.T.);
#1864 = EDGE_CURVE('',#1857,#1857,#1865,.T.);
#1865 = CIRCLE('',#1866,0.7938);
#1866 = AXIS2_PLACEMENT_3D('',#1867,#1868,#1869);
#1867 = CARTESIAN_POINT('',(-10.,-8.5,-1.6));
#1868 = DIRECTION('',(0.,0.,1.));
#1869 = DIRECTION('',(1.,0.,0.));
#1870 = ORIENTED_EDGE('',*,*,#1854,.F.);
#1871 = ORIENTED_EDGE('',*,*,#1872,.F.);
#1872 = EDGE_CURVE('',#1855,#1855,#1873,.T.);
#1873 = CIRCLE('',#1874,0.7938);
#1874 = AXIS2_PLACEMENT_3D('',#1875,#1876,#1877);
#1875 = CARTESIAN_POINT('',(-10.,-8.5,0.));
#1876 = DIRECTION('',(0.,0.,1.));
#1877 = DIRECTION('',(1.,0.,0.));
#1878 = CYLINDRICAL_SURFACE('',#1879,0.7938);
#1879 = AXIS2_PLACEMENT_3D('',#1880,#1881,#1882);
#1880 = CARTESIAN_POINT('',(-10.,-8.5,0.));
#1881 = DIRECTION('',(0.,0.,1.));
#1882 = DIRECTION('',(1.,0.,0.));
#1883 = ADVANCED_FACE('',(#1884,#1887),#1890,.T.);
#1884 = FACE_BOUND('',#1885,.F.);
#1885 = EDGE_LOOP('',(#1886));
#1886 = ORIENTED_EDGE('',*,*,#1839,.F.);
#1887 = FACE_BOUND('',#1888,.F.);
#1888 = EDGE_LOOP('',(#1889));
#1889 = ORIENTED_EDGE('',*,*,#1872,.T.);
#1890 = PLANE('',#1891);
#1891 = AXIS2_PLACEMENT_3D('',#1892,#1893,#1894);
#1892 = CARTESIAN_POINT('',(-10.,-8.5,0.));
#1893 = DIRECTION('',(0.,0.,1.));
#1894 = DIRECTION('',(1.,0.,0.));
#1895 = ADVANCED_FACE('',(#1896,#1899),#1902,.F.);
#1896 = FACE_BOUND('',#1897,.T.);
#1897 = EDGE_LOOP('',(#1898));
#1898 = ORIENTED_EDGE('',*,*,#1831,.F.);
#1899 = FACE_BOUND('',#1900,.T.);
#1900 = EDGE_LOOP('',(#1901));
#1901 = ORIENTED_EDGE('',*,*,#1864,.T.);
#1902 = PLANE('',#1903);
#1903 = AXIS2_PLACEMENT_3D('',#1904,#1905,#1906);
#1904 = CARTESIAN_POINT('',(-10.,-8.5,-1.6));
#1905 = DIRECTION('',(0.,0.,1.));
#1906 = DIRECTION('',(1.,0.,0.));
#1907 = MANIFOLD_SOLID_BREP('',#1908);
#1908 = CLOSED_SHELL('',(#1909,#1942,#1975,#1987));
#1909 = ADVANCED_FACE('',(#1910),#1937,.T.);
#1910 = FACE_BOUND('',#1911,.T.);
#1911 = EDGE_LOOP('',(#1912,#1922,#1929,#1930));
#1912 = ORIENTED_EDGE('',*,*,#1913,.T.);
#1913 = EDGE_CURVE('',#1914,#1916,#1918,.T.);
#1914 = VERTEX_POINT('',#1915);
#1915 = CARTESIAN_POINT('',(-5.6962,-5.,0.));
#1916 = VERTEX_POINT('',#1917);
#1917 = CARTESIAN_POINT('',(-5.6962,-5.,-1.6));
#1918 = LINE('',#1919,#1920);
#1919 = CARTESIAN_POINT('',(-5.6962,-5.,0.));
#1920 = VECTOR('',#1921,1.);
#1921 = DIRECTION('',(-0.,-0.,-1.));
#1922 = ORIENTED_EDGE('',*,*,#1923,.T.);
#1923 = EDGE_CURVE('',#1916,#1916,#1924,.T.);
#1924 = CIRCLE('',#1925,0.8038);
#1925 = AXIS2_PLACEMENT_3D('',#1926,#1927,#1928);
#1926 = CARTESIAN_POINT('',(-6.5,-5.,-1.6));
#1927 = DIRECTION('',(0.,0.,1.));
#1928 = DIRECTION('',(1.,0.,0.));
#1929 = ORIENTED_EDGE('',*,*,#1913,.F.);
#1930 = ORIENTED_EDGE('',*,*,#1931,.F.);
#1931 = EDGE_CURVE('',#1914,#1914,#1932,.T.);
#1932 = CIRCLE('',#1933,0.8038);
#1933 = AXIS2_PLACEMENT_3D('',#1934,#1935,#1936);
#1934 = CARTESIAN_POINT('',(-6.5,-5.,0.));
#1935 = DIRECTION('',(0.,0.,1.));
#1936 = DIRECTION('',(1.,0.,0.));
#1937 = CYLINDRICAL_SURFACE('',#1938,0.8038);
#1938 = AXIS2_PLACEMENT_3D('',#1939,#1940,#1941);
#1939 = CARTESIAN_POINT('',(-6.5,-5.,0.));
#1940 = DIRECTION('',(0.,0.,1.));
#1941 = DIRECTION('',(1.,0.,0.));
#1942 = ADVANCED_FACE('',(#1943),#1970,.F.);
#1943 = FACE_BOUND('',#1944,.F.);
#1944 = EDGE_LOOP('',(#1945,#1955,#1962,#1963));
#1945 = ORIENTED_EDGE('',*,*,#1946,.T.);
#1946 = EDGE_CURVE('',#1947,#1949,#1951,.T.);
#1947 = VERTEX_POINT('',#1948);
#1948 = CARTESIAN_POINT('',(-5.7062,-5.,0.));
#1949 = VERTEX_POINT('',#1950);
#1950 = CARTESIAN_POINT('',(-5.7062,-5.,-1.6));
#1951 = LINE('',#1952,#1953);
#1952 = CARTESIAN_POINT('',(-5.7062,-5.,0.));
#1953 = VECTOR('',#1954,1.);
#1954 = DIRECTION('',(-0.,-0.,-1.));
#1955 = ORIENTED_EDGE('',*,*,#1956,.T.);
#1956 = EDGE_CURVE('',#1949,#1949,#1957,.T.);
#1957 = CIRCLE('',#1958,0.7938);
#1958 = AXIS2_PLACEMENT_3D('',#1959,#1960,#1961);
#1959 = CARTESIAN_POINT('',(-6.5,-5.,-1.6));
#1960 = DIRECTION('',(0.,0.,1.));
#1961 = DIRECTION('',(1.,0.,0.));
#1962 = ORIENTED_EDGE('',*,*,#1946,.F.);
#1963 = ORIENTED_EDGE('',*,*,#1964,.F.);
#1964 = EDGE_CURVE('',#1947,#1947,#1965,.T.);
#1965 = CIRCLE('',#1966,0.7938);
#1966 = AXIS2_PLACEMENT_3D('',#1967,#1968,#1969);
#1967 = CARTESIAN_POINT('',(-6.5,-5.,0.));
#1968 = DIRECTION('',(0.,0.,1.));
#1969 = DIRECTION('',(1.,0.,0.));
#1970 = CYLINDRICAL_SURFACE('',#1971,0.7938);
#1971 = AXIS2_PLACEMENT_3D('',#1972,#1973,#1974);
#1972 = CARTESIAN_POINT('',(-6.5,-5.,0.));
#1973 = DIRECTION('',(0.,0.,1.));
#1974 = DIRECTION('',(1.,0.,0.));
#1975 = ADVANCED_FACE('',(#1976,#1979),#1982,.T.);
#1976 = FACE_BOUND('',#1977,.F.);
#1977 = EDGE_LOOP('',(#1978));
#1978 = ORIENTED_EDGE('',*,*,#1931,.F.);
#1979 = FACE_BOUND('',#1980,.F.);
#1980 = EDGE_LOOP('',(#1981));
#1981 = ORIENTED_EDGE('',*,*,#1964,.T.);
#1982 = PLANE('',#1983);
#1983 = AXIS2_PLACEMENT_3D('',#1984,#1985,#1986);
#1984 = CARTESIAN_POINT('',(-6.5,-5.,0.));
#1985 = DIRECTION('',(0.,0.,1.));
#1986 = DIRECTION('',(1.,0.,0.));
#1987 = ADVANCED_FACE('',(#1988,#1991),#1994,.F.);
#1988 = FACE_BOUND('',#1989,.T.);
#1989 = EDGE_LOOP('',(#1990));
#1990 = ORIENTED_EDGE('',*,*,#1923,.F.);
#1991 = FACE_BOUND('',#1992,.T.);
#1992 = EDGE_LOOP('',(#1993));
#1993 = ORIENTED_EDGE('',*,*,#1956,.T.);
#1994 = PLANE('',#1995);
#1995 = AXIS2_PLACEMENT_3D('',#1996,#1997,#1998);
#1996 = CARTESIAN_POINT('',(-6.5,-5.,-1.6));
#1997 = DIRECTION('',(0.,0.,1.));
#1998 = DIRECTION('',(1.,0.,0.));
#1999 = MANIFOLD_SOLID_BREP('',#2000);
#2000 = CLOSED_SHELL('',(#2001,#2034,#2067,#2079));
#2001 = ADVANCED_FACE('',(#2002),#2029,.T.);
#2002 = FACE_BOUND('',#2003,.T.);
#2003 = EDGE_LOOP('',(#2004,#2014,#2021,#2022));
#2004 = ORIENTED_EDGE('',*,*,#2005,.T.);
#2005 = EDGE_CURVE('',#2006,#2008,#2010,.T.);
#2006 = VERTEX_POINT('',#2007);
#2007 = CARTESIAN_POINT('',(7.3038,-5.,0.));
#2008 = VERTEX_POINT('',#2009);
#2009 = CARTESIAN_POINT('',(7.3038,-5.,-1.6));
#2010 = LINE('',#2011,#2012);
#2011 = CARTESIAN_POINT('',(7.3038,-5.,0.));
#2012 = VECTOR('',#2013,1.);
#2013 = DIRECTION('',(-0.,-0.,-1.));
#2014 = ORIENTED_EDGE('',*,*,#2015,.T.);
#2015 = EDGE_CURVE('',#2008,#2008,#2016,.T.);
#2016 = CIRCLE('',#2017,0.8038);
#2017 = AXIS2_PLACEMENT_3D('',#2018,#2019,#2020);
#2018 = CARTESIAN_POINT('',(6.5,-5.,-1.6));
#2019 = DIRECTION('',(0.,0.,1.));
#2020 = DIRECTION('',(1.,0.,0.));
#2021 = ORIENTED_EDGE('',*,*,#2005,.F.);
#2022 = ORIENTED_EDGE('',*,*,#2023,.F.);
#2023 = EDGE_CURVE('',#2006,#2006,#2024,.T.);
#2024 = CIRCLE('',#2025,0.8038);
#2025 = AXIS2_PLACEMENT_3D('',#2026,#2027,#2028);
#2026 = CARTESIAN_POINT('',(6.5,-5.,0.));
#2027 = DIRECTION('',(0.,0.,1.));
#2028 = DIRECTION('',(1.,0.,0.));
#2029 = CYLINDRICAL_SURFACE('',#2030,0.8038);
#2030 = AXIS2_PLACEMENT_3D('',#2031,#2032,#2033);
#2031 = CARTESIAN_POINT('',(6.5,-5.,0.));
#2032 = DIRECTION('',(0.,0.,1.));
#2033 = DIRECTION('',(1.,0.,0.));
#2034 = ADVANCED_FACE('',(#2035),#2062,.F.);
#2035 = FACE_BOUND('',#2036,.F.);
#2036 = EDGE_LOOP('',(#2037,#2047,#2054,#2055));
#2037 = ORIENTED_EDGE('',*,*,#2038,.T.);
#2038 = EDGE_CURVE('',#2039,#2041,#2043,.T.);
#2039 = VERTEX_POINT('',#2040);
#2040 = CARTESIAN_POINT('',(7.2938,-5.,0.));
#2041 = VERTEX_POINT('',#2042);
#2042 = CARTESIAN_POINT('',(7.2938,-5.,-1.6));
#2043 = LINE('',#2044,#2045);
#2044 = CARTESIAN_POINT('',(7.2938,-5.,0.));
#2045 = VECTOR('',#2046,1.);
#2046 = DIRECTION('',(-0.,-0.,-1.));
#2047 = ORIENTED_EDGE('',*,*,#2048,.T.);
#2048 = EDGE_CURVE('',#2041,#2041,#2049,.T.);
#2049 = CIRCLE('',#2050,0.7938);
#2050 = AXIS2_PLACEMENT_3D('',#2051,#2052,#2053);
#2051 = CARTESIAN_POINT('',(6.5,-5.,-1.6));
#2052 = DIRECTION('',(0.,0.,1.));
#2053 = DIRECTION('',(1.,0.,0.));
#2054 = ORIENTED_EDGE('',*,*,#2038,.F.);
#2055 = ORIENTED_EDGE('',*,*,#2056,.F.);
#2056 = EDGE_CURVE('',#2039,#2039,#2057,.T.);
#2057 = CIRCLE('',#2058,0.7938);
#2058 = AXIS2_PLACEMENT_3D('',#2059,#2060,#2061);
#2059 = CARTESIAN_POINT('',(6.5,-5.,0.));
#2060 = DIRECTION('',(0.,0.,1.));
#2061 = DIRECTION('',(1.,0.,0.));
#2062 = CYLINDRICAL_SURFACE('',#2063,0.7938);
#2063 = AXIS2_PLACEMENT_3D('',#2064,#2065,#2066);
#2064 = CARTESIAN_POINT('',(6.5,-5.,0.));
#2065 = DIRECTION('',(0.,0.,1.));
#2066 = DIRECTION('',(1.,0.,0.));
#2067 = ADVANCED_FACE('',(#2068,#2071),#2074,.T.);
#2068 = FACE_BOUND('',#2069,.F.);
#2069 = EDGE_LOOP('',(#2070));
#2070 = ORIENTED_EDGE('',*,*,#2023,.F.);
#2071 = FACE_BOUND('',#2072,.F.);
#2072 = EDGE_LOOP('',(#2073));
#2073 = ORIENTED_EDGE('',*,*,#2056,.T.);
#2074 = PLANE('',#2075);
#2075 = AXIS2_PLACEMENT_3D('',#2076,#2077,#2078);
#2076 = CARTESIAN_POINT('',(6.5,-5.,0.));
#2077 = DIRECTION('',(0.,0.,1.));
#2078 = DIRECTION('',(1.,0.,0.));
#2079 = ADVANCED_FACE('',(#2080,#2083),#2086,.F.);
#2080 = FACE_BOUND('',#2081,.T.);
#2081 = EDGE_LOOP('',(#2082));
#2082 = ORIENTED_EDGE('',*,*,#2015,.F.);
#2083 = FACE_BOUND('',#2084,.T.);
#2084 = EDGE_LOOP('',(#2085));
#2085 = ORIENTED_EDGE('',*,*,#2048,.T.);
#2086 = PLANE('',#2087);
#2087 = AXIS2_PLACEMENT_3D('',#2088,#2089,#2090);
#2088 = CARTESIAN_POINT('',(6.5,-5.,-1.6));
#2089 = DIRECTION('',(0.,0.,1.));
#2090 = DIRECTION('',(1.,0.,0.));
#2091 = MANIFOLD_SOLID_BREP('',#2092);
#2092 = CLOSED_SHELL('',(#2093,#2126,#2159,#2171));
#2093 = ADVANCED_FACE('',(#2094),#2121,.T.);
#2094 = FACE_BOUND('',#2095,.T.);
#2095 = EDGE_LOOP('',(#2096,#2106,#2113,#2114));
#2096 = ORIENTED_EDGE('',*,*,#2097,.T.);
#2097 = EDGE_CURVE('',#2098,#2100,#2102,.T.);
#2098 = VERTEX_POINT('',#2099);
#2099 = CARTESIAN_POINT('',(10.8038,-8.5,0.));
#2100 = VERTEX_POINT('',#2101);
#2101 = CARTESIAN_POINT('',(10.8038,-8.5,-1.6));
#2102 = LINE('',#2103,#2104);
#2103 = CARTESIAN_POINT('',(10.8038,-8.5,0.));
#2104 = VECTOR('',#2105,1.);
#2105 = DIRECTION('',(-0.,-0.,-1.));
#2106 = ORIENTED_EDGE('',*,*,#2107,.T.);
#2107 = EDGE_CURVE('',#2100,#2100,#2108,.T.);
#2108 = CIRCLE('',#2109,0.8038);
#2109 = AXIS2_PLACEMENT_3D('',#2110,#2111,#2112);
#2110 = CARTESIAN_POINT('',(10.,-8.5,-1.6));
#2111 = DIRECTION('',(0.,0.,1.));
#2112 = DIRECTION('',(1.,0.,0.));
#2113 = ORIENTED_EDGE('',*,*,#2097,.F.);
#2114 = ORIENTED_EDGE('',*,*,#2115,.F.);
#2115 = EDGE_CURVE('',#2098,#2098,#2116,.T.);
#2116 = CIRCLE('',#2117,0.8038);
#2117 = AXIS2_PLACEMENT_3D('',#2118,#2119,#2120);
#2118 = CARTESIAN_POINT('',(10.,-8.5,0.));
#2119 = DIRECTION('',(0.,0.,1.));
#2120 = DIRECTION('',(1.,0.,0.));
#2121 = CYLINDRICAL_SURFACE('',#2122,0.8038);
#2122 = AXIS2_PLACEMENT_3D('',#2123,#2124,#2125);
#2123 = CARTESIAN_POINT('',(10.,-8.5,0.));
#2124 = DIRECTION('',(0.,0.,1.));
#2125 = DIRECTION('',(1.,0.,0.));
#2126 = ADVANCED_FACE('',(#2127),#2154,.F.);
#2127 = FACE_BOUND('',#2128,.F.);
#2128 = EDGE_LOOP('',(#2129,#2139,#2146,#2147));
#2129 = ORIENTED_EDGE('',*,*,#2130,.T.);
#2130 = EDGE_CURVE('',#2131,#2133,#2135,.T.);
#2131 = VERTEX_POINT('',#2132);
#2132 = CARTESIAN_POINT('',(10.7938,-8.5,0.));
#2133 = VERTEX_POINT('',#2134);
#2134 = CARTESIAN_POINT('',(10.7938,-8.5,-1.6));
#2135 = LINE('',#2136,#2137);
#2136 = CARTESIAN_POINT('',(10.7938,-8.5,0.));
#2137 = VECTOR('',#2138,1.);
#2138 = DIRECTION('',(-0.,-0.,-1.));
#2139 = ORIENTED_EDGE('',*,*,#2140,.T.);
#2140 = EDGE_CURVE('',#2133,#2133,#2141,.T.);
#2141 = CIRCLE('',#2142,0.7938);
#2142 = AXIS2_PLACEMENT_3D('',#2143,#2144,#2145);
#2143 = CARTESIAN_POINT('',(10.,-8.5,-1.6));
#2144 = DIRECTION('',(0.,0.,1.));
#2145 = DIRECTION('',(1.,0.,0.));
#2146 = ORIENTED_EDGE('',*,*,#2130,.F.);
#2147 = ORIENTED_EDGE('',*,*,#2148,.F.);
#2148 = EDGE_CURVE('',#2131,#2131,#2149,.T.);
#2149 = CIRCLE('',#2150,0.7938);
#2150 = AXIS2_PLACEMENT_3D('',#2151,#2152,#2153);
#2151 = CARTESIAN_POINT('',(10.,-8.5,0.));
#2152 = DIRECTION('',(0.,0.,1.));
#2153 = DIRECTION('',(1.,0.,0.));
#2154 = CYLINDRICAL_SURFACE('',#2155,0.7938);
#2155 = AXIS2_PLACEMENT_3D('',#2156,#2157,#2158);
#2156 = CARTESIAN_POINT('',(10.,-8.5,0.));
#2157 = DIRECTION('',(0.,0.,1.));
#2158 = DIRECTION('',(1.,0.,0.));
#2159 = ADVANCED_FACE('',(#2160,#2163),#2166,.T.);
#2160 = FACE_BOUND('',#2161,.F.);
#2161 = EDGE_LOOP('',(#2162));
#2162 = ORIENTED_EDGE('',*,*,#2115,.F.);
#2163 = FACE_BOUND('',#2164,.F.);
#2164 = EDGE_LOOP('',(#2165));
#2165 = ORIENTED_EDGE('',*,*,#2148,.T.);
#2166 = PLANE('',#2167);
#2167 = AXIS2_PLACEMENT_3D('',#2168,#2169,#2170);
#2168 = CARTESIAN_POINT('',(10.,-8.5,0.));
#2169 = DIRECTION('',(0.,0.,1.));
#2170 = DIRECTION('',(1.,0.,0.));
#2171 = ADVANCED_FACE('',(#2172,#2175),#2178,.F.);
#2172 = FACE_BOUND('',#2173,.T.);
#2173 = EDGE_LOOP('',(#2174));
#2174 = ORIENTED_EDGE('',*,*,#2107,.F.);
#2175 = FACE_BOUND('',#2176,.T.);
#2176 = EDGE_LOOP('',(#2177));
#2177 = ORIENTED_EDGE('',*,*,#2140,.T.);
#2178 = PLANE('',#2179);
#2179 = AXIS2_PLACEMENT_3D('',#2180,#2181,#2182);
#2180 = CARTESIAN_POINT('',(10.,-8.5,-1.6));
#2181 = DIRECTION('',(0.,0.,1.));
#2182 = DIRECTION('',(1.,0.,0.));
#2183 = MANIFOLD_SOLID_BREP('',#2184);
#2184 = CLOSED_SHELL('',(#2185,#2218,#2251,#2263));
#2185 = ADVANCED_FACE('',(#2186),#2213,.T.);
#2186 = FACE_BOUND('',#2187,.T.);
#2187 = EDGE_LOOP('',(#2188,#2198,#2205,#2206));
#2188 = ORIENTED_EDGE('',*,*,#2189,.T.);
#2189 = EDGE_CURVE('',#2190,#2192,#2194,.T.);
#2190 = VERTEX_POINT('',#2191);
#2191 = CARTESIAN_POINT('',(-1.99655,0.635,0.));
#2192 = VERTEX_POINT('',#2193);
#2193 = CARTESIAN_POINT('',(-1.99655,0.635,-1.6));
#2194 = LINE('',#2195,#2196);
#2195 = CARTESIAN_POINT('',(-1.99655,0.635,0.));
#2196 = VECTOR('',#2197,1.);
#2197 = DIRECTION('',(-0.,-0.,-1.));
#2198 = ORIENTED_EDGE('',*,*,#2199,.T.);
#2199 = EDGE_CURVE('',#2192,#2192,#2200,.T.);
#2200 = CIRCLE('',#2201,0.54345);
#2201 = AXIS2_PLACEMENT_3D('',#2202,#2203,#2204);
#2202 = CARTESIAN_POINT('',(-2.54,0.635,-1.6));
#2203 = DIRECTION('',(0.,0.,1.));
#2204 = DIRECTION('',(1.,0.,0.));
#2205 = ORIENTED_EDGE('',*,*,#2189,.F.);
#2206 = ORIENTED_EDGE('',*,*,#2207,.F.);
#2207 = EDGE_CURVE('',#2190,#2190,#2208,.T.);
#2208 = CIRCLE('',#2209,0.54345);
#2209 = AXIS2_PLACEMENT_3D('',#2210,#2211,#2212);
#2210 = CARTESIAN_POINT('',(-2.54,0.635,0.));
#2211 = DIRECTION('',(0.,0.,1.));
#2212 = DIRECTION('',(1.,0.,0.));
#2213 = CYLINDRICAL_SURFACE('',#2214,0.54345);
#2214 = AXIS2_PLACEMENT_3D('',#2215,#2216,#2217);
#2215 = CARTESIAN_POINT('',(-2.54,0.635,0.));
#2216 = DIRECTION('',(0.,0.,1.));
#2217 = DIRECTION('',(1.,0.,0.));
#2218 = ADVANCED_FACE('',(#2219),#2246,.F.);
#2219 = FACE_BOUND('',#2220,.F.);
#2220 = EDGE_LOOP('',(#2221,#2231,#2238,#2239));
#2221 = ORIENTED_EDGE('',*,*,#2222,.T.);
#2222 = EDGE_CURVE('',#2223,#2225,#2227,.T.);
#2223 = VERTEX_POINT('',#2224);
#2224 = CARTESIAN_POINT('',(-2.00655,0.635,0.));
#2225 = VERTEX_POINT('',#2226);
#2226 = CARTESIAN_POINT('',(-2.00655,0.635,-1.6));
#2227 = LINE('',#2228,#2229);
#2228 = CARTESIAN_POINT('',(-2.00655,0.635,0.));
#2229 = VECTOR('',#2230,1.);
#2230 = DIRECTION('',(-0.,-0.,-1.));
#2231 = ORIENTED_EDGE('',*,*,#2232,.T.);
#2232 = EDGE_CURVE('',#2225,#2225,#2233,.T.);
#2233 = CIRCLE('',#2234,0.53345);
#2234 = AXIS2_PLACEMENT_3D('',#2235,#2236,#2237);
#2235 = CARTESIAN_POINT('',(-2.54,0.635,-1.6));
#2236 = DIRECTION('',(0.,0.,1.));
#2237 = DIRECTION('',(1.,0.,0.));
#2238 = ORIENTED_EDGE('',*,*,#2222,.F.);
#2239 = ORIENTED_EDGE('',*,*,#2240,.F.);
#2240 = EDGE_CURVE('',#2223,#2223,#2241,.T.);
#2241 = CIRCLE('',#2242,0.53345);
#2242 = AXIS2_PLACEMENT_3D('',#2243,#2244,#2245);
#2243 = CARTESIAN_POINT('',(-2.54,0.635,0.));
#2244 = DIRECTION('',(0.,0.,1.));
#2245 = DIRECTION('',(1.,0.,0.));
#2246 = CYLINDRICAL_SURFACE('',#2247,0.53345);
#2247 = AXIS2_PLACEMENT_3D('',#2248,#2249,#2250);
#2248 = CARTESIAN_POINT('',(-2.54,0.635,0.));
#2249 = DIRECTION('',(0.,0.,1.));
#2250 = DIRECTION('',(1.,0.,0.));
#2251 = ADVANCED_FACE('',(#2252,#2255),#2258,.T.);
#2252 = FACE_BOUND('',#2253,.F.);
#2253 = EDGE_LOOP('',(#2254));
#2254 = ORIENTED_EDGE('',*,*,#2207,.F.);
#2255 = FACE_BOUND('',#2256,.F.);
#2256 = EDGE_LOOP('',(#2257));
#2257 = ORIENTED_EDGE('',*,*,#2240,.T.);
#2258 = PLANE('',#2259);
#2259 = AXIS2_PLACEMENT_3D('',#2260,#2261,#2262);
#2260 = CARTESIAN_POINT('',(-2.54,0.635,0.));
#2261 = DIRECTION('',(0.,0.,1.));
#2262 = DIRECTION('',(1.,0.,0.));
#2263 = ADVANCED_FACE('',(#2264,#2267),#2270,.F.);
#2264 = FACE_BOUND('',#2265,.T.);
#2265 = EDGE_LOOP('',(#2266));
#2266 = ORIENTED_EDGE('',*,*,#2199,.F.);
#2267 = FACE_BOUND('',#2268,.T.);
#2268 = EDGE_LOOP('',(#2269));
#2269 = ORIENTED_EDGE('',*,*,#2232,.T.);
#2270 = PLANE('',#2271);
#2271 = AXIS2_PLACEMENT_3D('',#2272,#2273,#2274);
#2272 = CARTESIAN_POINT('',(-2.54,0.635,-1.6));
#2273 = DIRECTION('',(0.,0.,1.));
#2274 = DIRECTION('',(1.,0.,0.));
#2275 = MANIFOLD_SOLID_BREP('',#2276);
#2276 = CLOSED_SHELL('',(#2277,#2310,#2343,#2355));
#2277 = ADVANCED_FACE('',(#2278),#2305,.T.);
#2278 = FACE_BOUND('',#2279,.T.);
#2279 = EDGE_LOOP('',(#2280,#2290,#2297,#2298));
#2280 = ORIENTED_EDGE('',*,*,#2281,.T.);
#2281 = EDGE_CURVE('',#2282,#2284,#2286,.T.);
#2282 = VERTEX_POINT('',#2283);
#2283 = CARTESIAN_POINT('',(-1.99655,-0.635,0.));
#2284 = VERTEX_POINT('',#2285);
#2285 = CARTESIAN_POINT('',(-1.99655,-0.635,-1.6));
#2286 = LINE('',#2287,#2288);
#2287 = CARTESIAN_POINT('',(-1.99655,-0.635,0.));
#2288 = VECTOR('',#2289,1.);
#2289 = DIRECTION('',(-0.,-0.,-1.));
#2290 = ORIENTED_EDGE('',*,*,#2291,.T.);
#2291 = EDGE_CURVE('',#2284,#2284,#2292,.T.);
#2292 = CIRCLE('',#2293,0.54345);
#2293 = AXIS2_PLACEMENT_3D('',#2294,#2295,#2296);
#2294 = CARTESIAN_POINT('',(-2.54,-0.635,-1.6));
#2295 = DIRECTION('',(0.,0.,1.));
#2296 = DIRECTION('',(1.,0.,0.));
#2297 = ORIENTED_EDGE('',*,*,#2281,.F.);
#2298 = ORIENTED_EDGE('',*,*,#2299,.F.);
#2299 = EDGE_CURVE('',#2282,#2282,#2300,.T.);
#2300 = CIRCLE('',#2301,0.54345);
#2301 = AXIS2_PLACEMENT_3D('',#2302,#2303,#2304);
#2302 = CARTESIAN_POINT('',(-2.54,-0.635,0.));
#2303 = DIRECTION('',(0.,0.,1.));
#2304 = DIRECTION('',(1.,0.,0.));
#2305 = CYLINDRICAL_SURFACE('',#2306,0.54345);
#2306 = AXIS2_PLACEMENT_3D('',#2307,#2308,#2309);
#2307 = CARTESIAN_POINT('',(-2.54,-0.635,0.));
#2308 = DIRECTION('',(0.,0.,1.));
#2309 = DIRECTION('',(1.,0.,0.));
#2310 = ADVANCED_FACE('',(#2311),#2338,.F.);
#2311 = FACE_BOUND('',#2312,.F.);
#2312 = EDGE_LOOP('',(#2313,#2323,#2330,#2331));
#2313 = ORIENTED_EDGE('',*,*,#2314,.T.);
#2314 = EDGE_CURVE('',#2315,#2317,#2319,.T.);
#2315 = VERTEX_POINT('',#2316);
#2316 = CARTESIAN_POINT('',(-2.00655,-0.635,0.));
#2317 = VERTEX_POINT('',#2318);
#2318 = CARTESIAN_POINT('',(-2.00655,-0.635,-1.6));
#2319 = LINE('',#2320,#2321);
#2320 = CARTESIAN_POINT('',(-2.00655,-0.635,0.));
#2321 = VECTOR('',#2322,1.);
#2322 = DIRECTION('',(-0.,-0.,-1.));
#2323 = ORIENTED_EDGE('',*,*,#2324,.T.);
#2324 = EDGE_CURVE('',#2317,#2317,#2325,.T.);
#2325 = CIRCLE('',#2326,0.53345);
#2326 = AXIS2_PLACEMENT_3D('',#2327,#2328,#2329);
#2327 = CARTESIAN_POINT('',(-2.54,-0.635,-1.6));
#2328 = DIRECTION('',(0.,0.,1.));
#2329 = DIRECTION('',(1.,0.,0.));
#2330 = ORIENTED_EDGE('',*,*,#2314,.F.);
#2331 = ORIENTED_EDGE('',*,*,#2332,.F.);
#2332 = EDGE_CURVE('',#2315,#2315,#2333,.T.);
#2333 = CIRCLE('',#2334,0.53345);
#2334 = AXIS2_PLACEMENT_3D('',#2335,#2336,#2337);
#2335 = CARTESIAN_POINT('',(-2.54,-0.635,0.));
#2336 = DIRECTION('',(0.,0.,1.));
#2337 = DIRECTION('',(1.,0.,0.));
#2338 = CYLINDRICAL_SURFACE('',#2339,0.53345);
#2339 = AXIS2_PLACEMENT_3D('',#2340,#2341,#2342);
#2340 = CARTESIAN_POINT('',(-2.54,-0.635,0.));
#2341 = DIRECTION('',(0.,0.,1.));
#2342 = DIRECTION('',(1.,0.,0.));
#2343 = ADVANCED_FACE('',(#2344,#2347),#2350,.T.);
#2344 = FACE_BOUND('',#2345,.F.);
#2345 = EDGE_LOOP('',(#2346));
#2346 = ORIENTED_EDGE('',*,*,#2299,.F.);
#2347 = FACE_BOUND('',#2348,.F.);
#2348 = EDGE_LOOP('',(#2349));
#2349 = ORIENTED_EDGE('',*,*,#2332,.T.);
#2350 = PLANE('',#2351);
#2351 = AXIS2_PLACEMENT_3D('',#2352,#2353,#2354);
#2352 = CARTESIAN_POINT('',(-2.54,-0.635,0.));
#2353 = DIRECTION('',(0.,0.,1.));
#2354 = DIRECTION('',(1.,0.,0.));
#2355 = ADVANCED_FACE('',(#2356,#2359),#2362,.F.);
#2356 = FACE_BOUND('',#2357,.T.);
#2357 = EDGE_LOOP('',(#2358));
#2358 = ORIENTED_EDGE('',*,*,#2291,.F.);
#2359 = FACE_BOUND('',#2360,.T.);
#2360 = EDGE_LOOP('',(#2361));
#2361 = ORIENTED_EDGE('',*,*,#2324,.T.);
#2362 = PLANE('',#2363);
#2363 = AXIS2_PLACEMENT_3D('',#2364,#2365,#2366);
#2364 = CARTESIAN_POINT('',(-2.54,-0.635,-1.6));
#2365 = DIRECTION('',(0.,0.,1.));
#2366 = DIRECTION('',(1.,0.,0.));
#2367 = MANIFOLD_SOLID_BREP('',#2368);
#2368 = CLOSED_SHELL('',(#2369,#2402,#2435,#2447));
#2369 = ADVANCED_FACE('',(#2370),#2397,.T.);
#2370 = FACE_BOUND('',#2371,.T.);
#2371 = EDGE_LOOP('',(#2372,#2382,#2389,#2390));
#2372 = ORIENTED_EDGE('',*,*,#2373,.T.);
#2373 = EDGE_CURVE('',#2374,#2376,#2378,.T.);
#2374 = VERTEX_POINT('',#2375);
#2375 = CARTESIAN_POINT('',(3.08345,0.635,0.));
#2376 = VERTEX_POINT('',#2377);
#2377 = CARTESIAN_POINT('',(3.08345,0.635,-1.6));
#2378 = LINE('',#2379,#2380);
#2379 = CARTESIAN_POINT('',(3.08345,0.635,0.));
#2380 = VECTOR('',#2381,1.);
#2381 = DIRECTION('',(-0.,-0.,-1.));
#2382 = ORIENTED_EDGE('',*,*,#2383,.T.);
#2383 = EDGE_CURVE('',#2376,#2376,#2384,.T.);
#2384 = CIRCLE('',#2385,0.54345);
#2385 = AXIS2_PLACEMENT_3D('',#2386,#2387,#2388);
#2386 = CARTESIAN_POINT('',(2.54,0.635,-1.6));
#2387 = DIRECTION('',(0.,0.,1.));
#2388 = DIRECTION('',(1.,0.,0.));
#2389 = ORIENTED_EDGE('',*,*,#2373,.F.);
#2390 = ORIENTED_EDGE('',*,*,#2391,.F.);
#2391 = EDGE_CURVE('',#2374,#2374,#2392,.T.);
#2392 = CIRCLE('',#2393,0.54345);
#2393 = AXIS2_PLACEMENT_3D('',#2394,#2395,#2396);
#2394 = CARTESIAN_POINT('',(2.54,0.635,0.));
#2395 = DIRECTION('',(0.,0.,1.));
#2396 = DIRECTION('',(1.,0.,0.));
#2397 = CYLINDRICAL_SURFACE('',#2398,0.54345);
#2398 = AXIS2_PLACEMENT_3D('',#2399,#2400,#2401);
#2399 = CARTESIAN_POINT('',(2.54,0.635,0.));
#2400 = DIRECTION('',(0.,0.,1.));
#2401 = DIRECTION('',(1.,0.,0.));
#2402 = ADVANCED_FACE('',(#2403),#2430,.F.);
#2403 = FACE_BOUND('',#2404,.F.);
#2404 = EDGE_LOOP('',(#2405,#2415,#2422,#2423));
#2405 = ORIENTED_EDGE('',*,*,#2406,.T.);
#2406 = EDGE_CURVE('',#2407,#2409,#2411,.T.);
#2407 = VERTEX_POINT('',#2408);
#2408 = CARTESIAN_POINT('',(3.07345,0.635,0.));
#2409 = VERTEX_POINT('',#2410);
#2410 = CARTESIAN_POINT('',(3.07345,0.635,-1.6));
#2411 = LINE('',#2412,#2413);
#2412 = CARTESIAN_POINT('',(3.07345,0.635,0.));
#2413 = VECTOR('',#2414,1.);
#2414 = DIRECTION('',(-0.,-0.,-1.));
#2415 = ORIENTED_EDGE('',*,*,#2416,.T.);
#2416 = EDGE_CURVE('',#2409,#2409,#2417,.T.);
#2417 = CIRCLE('',#2418,0.53345);
#2418 = AXIS2_PLACEMENT_3D('',#2419,#2420,#2421);
#2419 = CARTESIAN_POINT('',(2.54,0.635,-1.6));
#2420 = DIRECTION('',(0.,0.,1.));
#2421 = DIRECTION('',(1.,0.,0.));
#2422 = ORIENTED_EDGE('',*,*,#2406,.F.);
#2423 = ORIENTED_EDGE('',*,*,#2424,.F.);
#2424 = EDGE_CURVE('',#2407,#2407,#2425,.T.);
#2425 = CIRCLE('',#2426,0.53345);
#2426 = AXIS2_PLACEMENT_3D('',#2427,#2428,#2429);
#2427 = CARTESIAN_POINT('',(2.54,0.635,0.));
#2428 = DIRECTION('',(0.,0.,1.));
#2429 = DIRECTION('',(1.,0.,0.));
#2430 = CYLINDRICAL_SURFACE('',#2431,0.53345);
#2431 = AXIS2_PLACEMENT_3D('',#2432,#2433,#2434);
#2432 = CARTESIAN_POINT('',(2.54,0.635,0.));
#2433 = DIRECTION('',(0.,0.,1.));
#2434 = DIRECTION('',(1.,0.,0.));
#2435 = ADVANCED_FACE('',(#2436,#2439),#2442,.T.);
#2436 = FACE_BOUND('',#2437,.F.);
#2437 = EDGE_LOOP('',(#2438));
#2438 = ORIENTED_EDGE('',*,*,#2391,.F.);
#2439 = FACE_BOUND('',#2440,.F.);
#2440 = EDGE_LOOP('',(#2441));
#2441 = ORIENTED_EDGE('',*,*,#2424,.T.);
#2442 = PLANE('',#2443);
#2443 = AXIS2_PLACEMENT_3D('',#2444,#2445,#2446);
#2444 = CARTESIAN_POINT('',(2.54,0.635,0.));
#2445 = DIRECTION('',(0.,0.,1.));
#2446 = DIRECTION('',(1.,0.,0.));
#2447 = ADVANCED_FACE('',(#2448,#2451),#2454,.F.);
#2448 = FACE_BOUND('',#2449,.T.);
#2449 = EDGE_LOOP('',(#2450));
#2450 = ORIENTED_EDGE('',*,*,#2383,.F.);
#2451 = FACE_BOUND('',#2452,.T.);
#2452 = EDGE_LOOP('',(#2453));
#2453 = ORIENTED_EDGE('',*,*,#2416,.T.);
#2454 = PLANE('',#2455);
#2455 = AXIS2_PLACEMENT_3D('',#2456,#2457,#2458);
#2456 = CARTESIAN_POINT('',(2.54,0.635,-1.6));
#2457 = DIRECTION('',(0.,0.,1.));
#2458 = DIRECTION('',(1.,0.,0.));
#2459 = MANIFOLD_SOLID_BREP('',#2460);
#2460 = CLOSED_SHELL('',(#2461,#2494,#2527,#2539));
#2461 = ADVANCED_FACE('',(#2462),#2489,.T.);
#2462 = FACE_BOUND('',#2463,.T.);
#2463 = EDGE_LOOP('',(#2464,#2474,#2481,#2482));
#2464 = ORIENTED_EDGE('',*,*,#2465,.T.);
#2465 = EDGE_CURVE('',#2466,#2468,#2470,.T.);
#2466 = VERTEX_POINT('',#2467);
#2467 = CARTESIAN_POINT('',(3.08345,-0.635,0.));
#2468 = VERTEX_POINT('',#2469);
#2469 = CARTESIAN_POINT('',(3.08345,-0.635,-1.6));
#2470 = LINE('',#2471,#2472);
#2471 = CARTESIAN_POINT('',(3.08345,-0.635,0.));
#2472 = VECTOR('',#2473,1.);
#2473 = DIRECTION('',(-0.,-0.,-1.));
#2474 = ORIENTED_EDGE('',*,*,#2475,.T.);
#2475 = EDGE_CURVE('',#2468,#2468,#2476,.T.);
#2476 = CIRCLE('',#2477,0.54345);
#2477 = AXIS2_PLACEMENT_3D('',#2478,#2479,#2480);
#2478 = CARTESIAN_POINT('',(2.54,-0.635,-1.6));
#2479 = DIRECTION('',(0.,0.,1.));
#2480 = DIRECTION('',(1.,0.,0.));
#2481 = ORIENTED_EDGE('',*,*,#2465,.F.);
#2482 = ORIENTED_EDGE('',*,*,#2483,.F.);
#2483 = EDGE_CURVE('',#2466,#2466,#2484,.T.);
#2484 = CIRCLE('',#2485,0.54345);
#2485 = AXIS2_PLACEMENT_3D('',#2486,#2487,#2488);
#2486 = CARTESIAN_POINT('',(2.54,-0.635,0.));
#2487 = DIRECTION('',(0.,0.,1.));
#2488 = DIRECTION('',(1.,0.,0.));
#2489 = CYLINDRICAL_SURFACE('',#2490,0.54345);
#2490 = AXIS2_PLACEMENT_3D('',#2491,#2492,#2493);
#2491 = CARTESIAN_POINT('',(2.54,-0.635,0.));
#2492 = DIRECTION('',(0.,0.,1.));
#2493 = DIRECTION('',(1.,0.,0.));
#2494 = ADVANCED_FACE('',(#2495),#2522,.F.);
#2495 = FACE_BOUND('',#2496,.F.);
#2496 = EDGE_LOOP('',(#2497,#2507,#2514,#2515));
#2497 = ORIENTED_EDGE('',*,*,#2498,.T.);
#2498 = EDGE_CURVE('',#2499,#2501,#2503,.T.);
#2499 = VERTEX_POINT('',#2500);
#2500 = CARTESIAN_POINT('',(3.07345,-0.635,0.));
#2501 = VERTEX_POINT('',#2502);
#2502 = CARTESIAN_POINT('',(3.07345,-0.635,-1.6));
#2503 = LINE('',#2504,#2505);
#2504 = CARTESIAN_POINT('',(3.07345,-0.635,0.));
#2505 = VECTOR('',#2506,1.);
#2506 = DIRECTION('',(-0.,-0.,-1.));
#2507 = ORIENTED_EDGE('',*,*,#2508,.T.);
#2508 = EDGE_CURVE('',#2501,#2501,#2509,.T.);
#2509 = CIRCLE('',#2510,0.53345);
#2510 = AXIS2_PLACEMENT_3D('',#2511,#2512,#2513);
#2511 = CARTESIAN_POINT('',(2.54,-0.635,-1.6));
#2512 = DIRECTION('',(0.,0.,1.));
#2513 = DIRECTION('',(1.,0.,0.));
#2514 = ORIENTED_EDGE('',*,*,#2498,.F.);
#2515 = ORIENTED_EDGE('',*,*,#2516,.F.);
#2516 = EDGE_CURVE('',#2499,#2499,#2517,.T.);
#2517 = CIRCLE('',#2518,0.53345);
#2518 = AXIS2_PLACEMENT_3D('',#2519,#2520,#2521);
#2519 = CARTESIAN_POINT('',(2.54,-0.635,0.));
#2520 = DIRECTION('',(0.,0.,1.));
#2521 = DIRECTION('',(1.,0.,0.));
#2522 = CYLINDRICAL_SURFACE('',#2523,0.53345);
#2523 = AXIS2_PLACEMENT_3D('',#2524,#2525,#2526);
#2524 = CARTESIAN_POINT('',(2.54,-0.635,0.));
#2525 = DIRECTION('',(0.,0.,1.));
#2526 = DIRECTION('',(1.,0.,0.));
#2527 = ADVANCED_FACE('',(#2528,#2531),#2534,.T.);
#2528 = FACE_BOUND('',#2529,.F.);
#2529 = EDGE_LOOP('',(#2530));
#2530 = ORIENTED_EDGE('',*,*,#2483,.F.);
#2531 = FACE_BOUND('',#2532,.F.);
#2532 = EDGE_LOOP('',(#2533));
#2533 = ORIENTED_EDGE('',*,*,#2516,.T.);
#2534 = PLANE('',#2535);
#2535 = AXIS2_PLACEMENT_3D('',#2536,#2537,#2538);
#2536 = CARTESIAN_POINT('',(2.54,-0.635,0.));
#2537 = DIRECTION('',(0.,0.,1.));
#2538 = DIRECTION('',(1.,0.,0.));
#2539 = ADVANCED_FACE('',(#2540,#2543),#2546,.F.);
#2540 = FACE_BOUND('',#2541,.T.);
#2541 = EDGE_LOOP('',(#2542));
#2542 = ORIENTED_EDGE('',*,*,#2475,.F.);
#2543 = FACE_BOUND('',#2544,.T.);
#2544 = EDGE_LOOP('',(#2545));
#2545 = ORIENTED_EDGE('',*,*,#2508,.T.);
#2546 = PLANE('',#2547);
#2547 = AXIS2_PLACEMENT_3D('',#2548,#2549,#2550);
#2548 = CARTESIAN_POINT('',(2.54,-0.635,-1.6));
#2549 = DIRECTION('',(0.,0.,1.));
#2550 = DIRECTION('',(1.,0.,0.));
#2551 = MANIFOLD_SOLID_BREP('',#2552);
#2552 = CLOSED_SHELL('',(#2553,#2586,#2619,#2631));
#2553 = ADVANCED_FACE('',(#2554),#2581,.T.);
#2554 = FACE_BOUND('',#2555,.T.);
#2555 = EDGE_LOOP('',(#2556,#2566,#2573,#2574));
#2556 = ORIENTED_EDGE('',*,*,#2557,.T.);
#2557 = EDGE_CURVE('',#2558,#2560,#2562,.T.);
#2558 = VERTEX_POINT('',#2559);
#2559 = CARTESIAN_POINT('',(-0.95525,-0.635,0.));
#2560 = VERTEX_POINT('',#2561);
#2561 = CARTESIAN_POINT('',(-0.95525,-0.635,-1.6));
#2562 = LINE('',#2563,#2564);
#2563 = CARTESIAN_POINT('',(-0.95525,-0.635,0.));
#2564 = VECTOR('',#2565,1.);
#2565 = DIRECTION('',(-0.,-0.,-1.));
#2566 = ORIENTED_EDGE('',*,*,#2567,.T.);
#2567 = EDGE_CURVE('',#2560,#2560,#2568,.T.);
#2568 = CIRCLE('',#2569,0.31475);
#2569 = AXIS2_PLACEMENT_3D('',#2570,#2571,#2572);
#2570 = CARTESIAN_POINT('',(-1.27,-0.635,-1.6));
#2571 = DIRECTION('',(0.,0.,1.));
#2572 = DIRECTION('',(1.,0.,0.));
#2573 = ORIENTED_EDGE('',*,*,#2557,.F.);
#2574 = ORIENTED_EDGE('',*,*,#2575,.F.);
#2575 = EDGE_CURVE('',#2558,#2558,#2576,.T.);
#2576 = CIRCLE('',#2577,0.31475);
#2577 = AXIS2_PLACEMENT_3D('',#2578,#2579,#2580);
#2578 = CARTESIAN_POINT('',(-1.27,-0.635,0.));
#2579 = DIRECTION('',(0.,0.,1.));
#2580 = DIRECTION('',(1.,0.,0.));
#2581 = CYLINDRICAL_SURFACE('',#2582,0.31475);
#2582 = AXIS2_PLACEMENT_3D('',#2583,#2584,#2585);
#2583 = CARTESIAN_POINT('',(-1.27,-0.635,0.));
#2584 = DIRECTION('',(0.,0.,1.));
#2585 = DIRECTION('',(1.,0.,0.));
#2586 = ADVANCED_FACE('',(#2587),#2614,.F.);
#2587 = FACE_BOUND('',#2588,.F.);
#2588 = EDGE_LOOP('',(#2589,#2599,#2606,#2607));
#2589 = ORIENTED_EDGE('',*,*,#2590,.T.);
#2590 = EDGE_CURVE('',#2591,#2593,#2595,.T.);
#2591 = VERTEX_POINT('',#2592);
#2592 = CARTESIAN_POINT('',(-0.96525,-0.635,0.));
#2593 = VERTEX_POINT('',#2594);
#2594 = CARTESIAN_POINT('',(-0.96525,-0.635,-1.6));
#2595 = LINE('',#2596,#2597);
#2596 = CARTESIAN_POINT('',(-0.96525,-0.635,0.));
#2597 = VECTOR('',#2598,1.);
#2598 = DIRECTION('',(-0.,-0.,-1.));
#2599 = ORIENTED_EDGE('',*,*,#2600,.T.);
#2600 = EDGE_CURVE('',#2593,#2593,#2601,.T.);
#2601 = CIRCLE('',#2602,0.30475);
#2602 = AXIS2_PLACEMENT_3D('',#2603,#2604,#2605);
#2603 = CARTESIAN_POINT('',(-1.27,-0.635,-1.6));
#2604 = DIRECTION('',(0.,0.,1.));
#2605 = DIRECTION('',(1.,0.,0.));
#2606 = ORIENTED_EDGE('',*,*,#2590,.F.);
#2607 = ORIENTED_EDGE('',*,*,#2608,.F.);
#2608 = EDGE_CURVE('',#2591,#2591,#2609,.T.);
#2609 = CIRCLE('',#2610,0.30475);
#2610 = AXIS2_PLACEMENT_3D('',#2611,#2612,#2613);
#2611 = CARTESIAN_POINT('',(-1.27,-0.635,0.));
#2612 = DIRECTION('',(0.,0.,1.));
#2613 = DIRECTION('',(1.,0.,0.));
#2614 = CYLINDRICAL_SURFACE('',#2615,0.30475);
#2615 = AXIS2_PLACEMENT_3D('',#2616,#2617,#2618);
#2616 = CARTESIAN_POINT('',(-1.27,-0.635,0.));
#2617 = DIRECTION('',(0.,0.,1.));
#2618 = DIRECTION('',(1.,0.,0.));
#2619 = ADVANCED_FACE('',(#2620,#2623),#2626,.T.);
#2620 = FACE_BOUND('',#2621,.F.);
#2621 = EDGE_LOOP('',(#2622));
#2622 = ORIENTED_EDGE('',*,*,#2575,.F.);
#2623 = FACE_BOUND('',#2624,.F.);
#2624 = EDGE_LOOP('',(#2625));
#2625 = ORIENTED_EDGE('',*,*,#2608,.T.);
#2626 = PLANE('',#2627);
#2627 = AXIS2_PLACEMENT_3D('',#2628,#2629,#2630);
#2628 = CARTESIAN_POINT('',(-1.27,-0.635,0.));
#2629 = DIRECTION('',(0.,0.,1.));
#2630 = DIRECTION('',(1.,0.,0.));
#2631 = ADVANCED_FACE('',(#2632,#2635),#2638,.F.);
#2632 = FACE_BOUND('',#2633,.T.);
#2633 = EDGE_LOOP('',(#2634));
#2634 = ORIENTED_EDGE('',*,*,#2567,.F.);
#2635 = FACE_BOUND('',#2636,.T.);
#2636 = EDGE_LOOP('',(#2637));
#2637 = ORIENTED_EDGE('',*,*,#2600,.T.);
#2638 = PLANE('',#2639);
#2639 = AXIS2_PLACEMENT_3D('',#2640,#2641,#2642);
#2640 = CARTESIAN_POINT('',(-1.27,-0.635,-1.6));
#2641 = DIRECTION('',(0.,0.,1.));
#2642 = DIRECTION('',(1.,0.,0.));
#2643 = MANIFOLD_SOLID_BREP('',#2644);
#2644 = CLOSED_SHELL('',(#2645,#2678,#2711,#2723));
#2645 = ADVANCED_FACE('',(#2646),#2673,.T.);
#2646 = FACE_BOUND('',#2647,.T.);
#2647 = EDGE_LOOP('',(#2648,#2658,#2665,#2666));
#2648 = ORIENTED_EDGE('',*,*,#2649,.T.);
#2649 = EDGE_CURVE('',#2650,#2652,#2654,.T.);
#2650 = VERTEX_POINT('',#2651);
#2651 = CARTESIAN_POINT('',(-0.95525,0.635,0.));
#2652 = VERTEX_POINT('',#2653);
#2653 = CARTESIAN_POINT('',(-0.95525,0.635,-1.6));
#2654 = LINE('',#2655,#2656);
#2655 = CARTESIAN_POINT('',(-0.95525,0.635,0.));
#2656 = VECTOR('',#2657,1.);
#2657 = DIRECTION('',(-0.,-0.,-1.));
#2658 = ORIENTED_EDGE('',*,*,#2659,.T.);
#2659 = EDGE_CURVE('',#2652,#2652,#2660,.T.);
#2660 = CIRCLE('',#2661,0.31475);
#2661 = AXIS2_PLACEMENT_3D('',#2662,#2663,#2664);
#2662 = CARTESIAN_POINT('',(-1.27,0.635,-1.6));
#2663 = DIRECTION('',(0.,0.,1.));
#2664 = DIRECTION('',(1.,0.,0.));
#2665 = ORIENTED_EDGE('',*,*,#2649,.F.);
#2666 = ORIENTED_EDGE('',*,*,#2667,.F.);
#2667 = EDGE_CURVE('',#2650,#2650,#2668,.T.);
#2668 = CIRCLE('',#2669,0.31475);
#2669 = AXIS2_PLACEMENT_3D('',#2670,#2671,#2672);
#2670 = CARTESIAN_POINT('',(-1.27,0.635,0.));
#2671 = DIRECTION('',(0.,0.,1.));
#2672 = DIRECTION('',(1.,0.,0.));
#2673 = CYLINDRICAL_SURFACE('',#2674,0.31475);
#2674 = AXIS2_PLACEMENT_3D('',#2675,#2676,#2677);
#2675 = CARTESIAN_POINT('',(-1.27,0.635,0.));
#2676 = DIRECTION('',(0.,0.,1.));
#2677 = DIRECTION('',(1.,0.,0.));
#2678 = ADVANCED_FACE('',(#2679),#2706,.F.);
#2679 = FACE_BOUND('',#2680,.F.);
#2680 = EDGE_LOOP('',(#2681,#2691,#2698,#2699));
#2681 = ORIENTED_EDGE('',*,*,#2682,.T.);
#2682 = EDGE_CURVE('',#2683,#2685,#2687,.T.);
#2683 = VERTEX_POINT('',#2684);
#2684 = CARTESIAN_POINT('',(-0.96525,0.635,0.));
#2685 = VERTEX_POINT('',#2686);
#2686 = CARTESIAN_POINT('',(-0.96525,0.635,-1.6));
#2687 = LINE('',#2688,#2689);
#2688 = CARTESIAN_POINT('',(-0.96525,0.635,0.));
#2689 = VECTOR('',#2690,1.);
#2690 = DIRECTION('',(-0.,-0.,-1.));
#2691 = ORIENTED_EDGE('',*,*,#2692,.T.);
#2692 = EDGE_CURVE('',#2685,#2685,#2693,.T.);
#2693 = CIRCLE('',#2694,0.30475);
#2694 = AXIS2_PLACEMENT_3D('',#2695,#2696,#2697);
#2695 = CARTESIAN_POINT('',(-1.27,0.635,-1.6));
#2696 = DIRECTION('',(0.,0.,1.));
#2697 = DIRECTION('',(1.,0.,0.));
#2698 = ORIENTED_EDGE('',*,*,#2682,.F.);
#2699 = ORIENTED_EDGE('',*,*,#2700,.F.);
#2700 = EDGE_CURVE('',#2683,#2683,#2701,.T.);
#2701 = CIRCLE('',#2702,0.30475);
#2702 = AXIS2_PLACEMENT_3D('',#2703,#2704,#2705);
#2703 = CARTESIAN_POINT('',(-1.27,0.635,0.));
#2704 = DIRECTION('',(0.,0.,1.));
#2705 = DIRECTION('',(1.,0.,0.));
#2706 = CYLINDRICAL_SURFACE('',#2707,0.30475);
#2707 = AXIS2_PLACEMENT_3D('',#2708,#2709,#2710);
#2708 = CARTESIAN_POINT('',(-1.27,0.635,0.));
#2709 = DIRECTION('',(0.,0.,1.));
#2710 = DIRECTION('',(1.,0.,0.));
#2711 = ADVANCED_FACE('',(#2712,#2715),#2718,.T.);
#2712 = FACE_BOUND('',#2713,.F.);
#2713 = EDGE_LOOP('',(#2714));
#2714 = ORIENTED_EDGE('',*,*,#2667,.F.);
#2715 = FACE_BOUND('',#2716,.F.);
#2716 = EDGE_LOOP('',(#2717));
#2717 = ORIENTED_EDGE('',*,*,#2700,.T.);
#2718 = PLANE('',#2719);
#2719 = AXIS2_PLACEMENT_3D('',#2720,#2721,#2722);
#2720 = CARTESIAN_POINT('',(-1.27,0.635,0.));
#2721 = DIRECTION('',(0.,0.,1.));
#2722 = DIRECTION('',(1.,0.,0.));
#2723 = ADVANCED_FACE('',(#2724,#2727),#2730,.F.);
#2724 = FACE_BOUND('',#2725,.T.);
#2725 = EDGE_LOOP('',(#2726));
#2726 = ORIENTED_EDGE('',*,*,#2659,.F.);
#2727 = FACE_BOUND('',#2728,.T.);
#2728 = EDGE_LOOP('',(#2729));
#2729 = ORIENTED_EDGE('',*,*,#2692,.T.);
#2730 = PLANE('',#2731);
#2731 = AXIS2_PLACEMENT_3D('',#2732,#2733,#2734);
#2732 = CARTESIAN_POINT('',(-1.27,0.635,-1.6));
#2733 = DIRECTION('',(0.,0.,1.));
#2734 = DIRECTION('',(1.,0.,0.));
#2735 = MANIFOLD_SOLID_BREP('',#2736);
#2736 = CLOSED_SHELL('',(#2737,#2770,#2803,#2815));
#2737 = ADVANCED_FACE('',(#2738),#2765,.T.);
#2738 = FACE_BOUND('',#2739,.T.);
#2739 = EDGE_LOOP('',(#2740,#2750,#2757,#2758));
#2740 = ORIENTED_EDGE('',*,*,#2741,.T.);
#2741 = EDGE_CURVE('',#2742,#2744,#2746,.T.);
#2742 = VERTEX_POINT('',#2743);
#2743 = CARTESIAN_POINT('',(0.31475,-0.635,0.));
#2744 = VERTEX_POINT('',#2745);
#2745 = CARTESIAN_POINT('',(0.31475,-0.635,-1.6));
#2746 = LINE('',#2747,#2748);
#2747 = CARTESIAN_POINT('',(0.31475,-0.635,0.));
#2748 = VECTOR('',#2749,1.);
#2749 = DIRECTION('',(-0.,-0.,-1.));
#2750 = ORIENTED_EDGE('',*,*,#2751,.T.);
#2751 = EDGE_CURVE('',#2744,#2744,#2752,.T.);
#2752 = CIRCLE('',#2753,0.31475);
#2753 = AXIS2_PLACEMENT_3D('',#2754,#2755,#2756);
#2754 = CARTESIAN_POINT('',(0.,-0.635,-1.6));
#2755 = DIRECTION('',(0.,0.,1.));
#2756 = DIRECTION('',(1.,0.,0.));
#2757 = ORIENTED_EDGE('',*,*,#2741,.F.);
#2758 = ORIENTED_EDGE('',*,*,#2759,.F.);
#2759 = EDGE_CURVE('',#2742,#2742,#2760,.T.);
#2760 = CIRCLE('',#2761,0.31475);
#2761 = AXIS2_PLACEMENT_3D('',#2762,#2763,#2764);
#2762 = CARTESIAN_POINT('',(0.,-0.635,0.));
#2763 = DIRECTION('',(0.,0.,1.));
#2764 = DIRECTION('',(1.,0.,0.));
#2765 = CYLINDRICAL_SURFACE('',#2766,0.31475);
#2766 = AXIS2_PLACEMENT_3D('',#2767,#2768,#2769);
#2767 = CARTESIAN_POINT('',(0.,-0.635,0.));
#2768 = DIRECTION('',(0.,0.,1.));
#2769 = DIRECTION('',(1.,0.,0.));
#2770 = ADVANCED_FACE('',(#2771),#2798,.F.);
#2771 = FACE_BOUND('',#2772,.F.);
#2772 = EDGE_LOOP('',(#2773,#2783,#2790,#2791));
#2773 = ORIENTED_EDGE('',*,*,#2774,.T.);
#2774 = EDGE_CURVE('',#2775,#2777,#2779,.T.);
#2775 = VERTEX_POINT('',#2776);
#2776 = CARTESIAN_POINT('',(0.30475,-0.635,0.));
#2777 = VERTEX_POINT('',#2778);
#2778 = CARTESIAN_POINT('',(0.30475,-0.635,-1.6));
#2779 = LINE('',#2780,#2781);
#2780 = CARTESIAN_POINT('',(0.30475,-0.635,0.));
#2781 = VECTOR('',#2782,1.);
#2782 = DIRECTION('',(-0.,-0.,-1.));
#2783 = ORIENTED_EDGE('',*,*,#2784,.T.);
#2784 = EDGE_CURVE('',#2777,#2777,#2785,.T.);
#2785 = CIRCLE('',#2786,0.30475);
#2786 = AXIS2_PLACEMENT_3D('',#2787,#2788,#2789);
#2787 = CARTESIAN_POINT('',(0.,-0.635,-1.6));
#2788 = DIRECTION('',(0.,0.,1.));
#2789 = DIRECTION('',(1.,0.,0.));
#2790 = ORIENTED_EDGE('',*,*,#2774,.F.);
#2791 = ORIENTED_EDGE('',*,*,#2792,.F.);
#2792 = EDGE_CURVE('',#2775,#2775,#2793,.T.);
#2793 = CIRCLE('',#2794,0.30475);
#2794 = AXIS2_PLACEMENT_3D('',#2795,#2796,#2797);
#2795 = CARTESIAN_POINT('',(0.,-0.635,0.));
#2796 = DIRECTION('',(0.,0.,1.));
#2797 = DIRECTION('',(1.,0.,0.));
#2798 = CYLINDRICAL_SURFACE('',#2799,0.30475);
#2799 = AXIS2_PLACEMENT_3D('',#2800,#2801,#2802);
#2800 = CARTESIAN_POINT('',(0.,-0.635,0.));
#2801 = DIRECTION('',(0.,0.,1.));
#2802 = DIRECTION('',(1.,0.,0.));
#2803 = ADVANCED_FACE('',(#2804,#2807),#2810,.T.);
#2804 = FACE_BOUND('',#2805,.F.);
#2805 = EDGE_LOOP('',(#2806));
#2806 = ORIENTED_EDGE('',*,*,#2759,.F.);
#2807 = FACE_BOUND('',#2808,.F.);
#2808 = EDGE_LOOP('',(#2809));
#2809 = ORIENTED_EDGE('',*,*,#2792,.T.);
#2810 = PLANE('',#2811);
#2811 = AXIS2_PLACEMENT_3D('',#2812,#2813,#2814);
#2812 = CARTESIAN_POINT('',(-2.155594438149E-17,-0.635,0.));
#2813 = DIRECTION('',(0.,0.,1.));
#2814 = DIRECTION('',(1.,0.,0.));
#2815 = ADVANCED_FACE('',(#2816,#2819),#2822,.F.);
#2816 = FACE_BOUND('',#2817,.T.);
#2817 = EDGE_LOOP('',(#2818));
#2818 = ORIENTED_EDGE('',*,*,#2751,.F.);
#2819 = FACE_BOUND('',#2820,.T.);
#2820 = EDGE_LOOP('',(#2821));
#2821 = ORIENTED_EDGE('',*,*,#2784,.T.);
#2822 = PLANE('',#2823);
#2823 = AXIS2_PLACEMENT_3D('',#2824,#2825,#2826);
#2824 = CARTESIAN_POINT('',(-2.155594438149E-17,-0.635,-1.6));
#2825 = DIRECTION('',(0.,0.,1.));
#2826 = DIRECTION('',(1.,0.,0.));
#2827 = MANIFOLD_SOLID_BREP('',#2828);
#2828 = CLOSED_SHELL('',(#2829,#2862,#2895,#2907));
#2829 = ADVANCED_FACE('',(#2830),#2857,.T.);
#2830 = FACE_BOUND('',#2831,.T.);
#2831 = EDGE_LOOP('',(#2832,#2842,#2849,#2850));
#2832 = ORIENTED_EDGE('',*,*,#2833,.T.);
#2833 = EDGE_CURVE('',#2834,#2836,#2838,.T.);
#2834 = VERTEX_POINT('',#2835);
#2835 = CARTESIAN_POINT('',(0.31475,0.635,0.));
#2836 = VERTEX_POINT('',#2837);
#2837 = CARTESIAN_POINT('',(0.31475,0.635,-1.6));
#2838 = LINE('',#2839,#2840);
#2839 = CARTESIAN_POINT('',(0.31475,0.635,0.));
#2840 = VECTOR('',#2841,1.);
#2841 = DIRECTION('',(-0.,-0.,-1.));
#2842 = ORIENTED_EDGE('',*,*,#2843,.T.);
#2843 = EDGE_CURVE('',#2836,#2836,#2844,.T.);
#2844 = CIRCLE('',#2845,0.31475);
#2845 = AXIS2_PLACEMENT_3D('',#2846,#2847,#2848);
#2846 = CARTESIAN_POINT('',(0.,0.635,-1.6));
#2847 = DIRECTION('',(0.,0.,1.));
#2848 = DIRECTION('',(1.,0.,0.));
#2849 = ORIENTED_EDGE('',*,*,#2833,.F.);
#2850 = ORIENTED_EDGE('',*,*,#2851,.F.);
#2851 = EDGE_CURVE('',#2834,#2834,#2852,.T.);
#2852 = CIRCLE('',#2853,0.31475);
#2853 = AXIS2_PLACEMENT_3D('',#2854,#2855,#2856);
#2854 = CARTESIAN_POINT('',(0.,0.635,0.));
#2855 = DIRECTION('',(0.,0.,1.));
#2856 = DIRECTION('',(1.,0.,0.));
#2857 = CYLINDRICAL_SURFACE('',#2858,0.31475);
#2858 = AXIS2_PLACEMENT_3D('',#2859,#2860,#2861);
#2859 = CARTESIAN_POINT('',(0.,0.635,0.));
#2860 = DIRECTION('',(0.,0.,1.));
#2861 = DIRECTION('',(1.,0.,0.));
#2862 = ADVANCED_FACE('',(#2863),#2890,.F.);
#2863 = FACE_BOUND('',#2864,.F.);
#2864 = EDGE_LOOP('',(#2865,#2875,#2882,#2883));
#2865 = ORIENTED_EDGE('',*,*,#2866,.T.);
#2866 = EDGE_CURVE('',#2867,#2869,#2871,.T.);
#2867 = VERTEX_POINT('',#2868);
#2868 = CARTESIAN_POINT('',(0.30475,0.635,0.));
#2869 = VERTEX_POINT('',#2870);
#2870 = CARTESIAN_POINT('',(0.30475,0.635,-1.6));
#2871 = LINE('',#2872,#2873);
#2872 = CARTESIAN_POINT('',(0.30475,0.635,0.));
#2873 = VECTOR('',#2874,1.);
#2874 = DIRECTION('',(-0.,-0.,-1.));
#2875 = ORIENTED_EDGE('',*,*,#2876,.T.);
#2876 = EDGE_CURVE('',#2869,#2869,#2877,.T.);
#2877 = CIRCLE('',#2878,0.30475);
#2878 = AXIS2_PLACEMENT_3D('',#2879,#2880,#2881);
#2879 = CARTESIAN_POINT('',(0.,0.635,-1.6));
#2880 = DIRECTION('',(0.,0.,1.));
#2881 = DIRECTION('',(1.,0.,0.));
#2882 = ORIENTED_EDGE('',*,*,#2866,.F.);
#2883 = ORIENTED_EDGE('',*,*,#2884,.F.);
#2884 = EDGE_CURVE('',#2867,#2867,#2885,.T.);
#2885 = CIRCLE('',#2886,0.30475);
#2886 = AXIS2_PLACEMENT_3D('',#2887,#2888,#2889);
#2887 = CARTESIAN_POINT('',(0.,0.635,0.));
#2888 = DIRECTION('',(0.,0.,1.));
#2889 = DIRECTION('',(1.,0.,0.));
#2890 = CYLINDRICAL_SURFACE('',#2891,0.30475);
#2891 = AXIS2_PLACEMENT_3D('',#2892,#2893,#2894);
#2892 = CARTESIAN_POINT('',(0.,0.635,0.));
#2893 = DIRECTION('',(0.,0.,1.));
#2894 = DIRECTION('',(1.,0.,0.));
#2895 = ADVANCED_FACE('',(#2896,#2899),#2902,.T.);
#2896 = FACE_BOUND('',#2897,.F.);
#2897 = EDGE_LOOP('',(#2898));
#2898 = ORIENTED_EDGE('',*,*,#2851,.F.);
#2899 = FACE_BOUND('',#2900,.F.);
#2900 = EDGE_LOOP('',(#2901));
#2901 = ORIENTED_EDGE('',*,*,#2884,.T.);
#2902 = PLANE('',#2903);
#2903 = AXIS2_PLACEMENT_3D('',#2904,#2905,#2906);
#2904 = CARTESIAN_POINT('',(-2.586713325778E-17,0.635,0.));
#2905 = DIRECTION('',(0.,0.,1.));
#2906 = DIRECTION('',(1.,0.,0.));
#2907 = ADVANCED_FACE('',(#2908,#2911),#2914,.F.);
#2908 = FACE_BOUND('',#2909,.T.);
#2909 = EDGE_LOOP('',(#2910));
#2910 = ORIENTED_EDGE('',*,*,#2843,.F.);
#2911 = FACE_BOUND('',#2912,.T.);
#2912 = EDGE_LOOP('',(#2913));
#2913 = ORIENTED_EDGE('',*,*,#2876,.T.);
#2914 = PLANE('',#2915);
#2915 = AXIS2_PLACEMENT_3D('',#2916,#2917,#2918);
#2916 = CARTESIAN_POINT('',(-2.586713325778E-17,0.635,-1.6));
#2917 = DIRECTION('',(0.,0.,1.));
#2918 = DIRECTION('',(1.,0.,0.));
#2919 = MANIFOLD_SOLID_BREP('',#2920);
#2920 = CLOSED_SHELL('',(#2921,#2954,#2987,#2999));
#2921 = ADVANCED_FACE('',(#2922),#2949,.T.);
#2922 = FACE_BOUND('',#2923,.T.);
#2923 = EDGE_LOOP('',(#2924,#2934,#2941,#2942));
#2924 = ORIENTED_EDGE('',*,*,#2925,.T.);
#2925 = EDGE_CURVE('',#2926,#2928,#2930,.T.);
#2926 = VERTEX_POINT('',#2927);
#2927 = CARTESIAN_POINT('',(1.58475,-0.635,0.));
#2928 = VERTEX_POINT('',#2929);
#2929 = CARTESIAN_POINT('',(1.58475,-0.635,-1.6));
#2930 = LINE('',#2931,#2932);
#2931 = CARTESIAN_POINT('',(1.58475,-0.635,0.));
#2932 = VECTOR('',#2933,1.);
#2933 = DIRECTION('',(-0.,-0.,-1.));
#2934 = ORIENTED_EDGE('',*,*,#2935,.T.);
#2935 = EDGE_CURVE('',#2928,#2928,#2936,.T.);
#2936 = CIRCLE('',#2937,0.31475);
#2937 = AXIS2_PLACEMENT_3D('',#2938,#2939,#2940);
#2938 = CARTESIAN_POINT('',(1.27,-0.635,-1.6));
#2939 = DIRECTION('',(0.,0.,1.));
#2940 = DIRECTION('',(1.,0.,0.));
#2941 = ORIENTED_EDGE('',*,*,#2925,.F.);
#2942 = ORIENTED_EDGE('',*,*,#2943,.F.);
#2943 = EDGE_CURVE('',#2926,#2926,#2944,.T.);
#2944 = CIRCLE('',#2945,0.31475);
#2945 = AXIS2_PLACEMENT_3D('',#2946,#2947,#2948);
#2946 = CARTESIAN_POINT('',(1.27,-0.635,0.));
#2947 = DIRECTION('',(0.,0.,1.));
#2948 = DIRECTION('',(1.,0.,0.));
#2949 = CYLINDRICAL_SURFACE('',#2950,0.31475);
#2950 = AXIS2_PLACEMENT_3D('',#2951,#2952,#2953);
#2951 = CARTESIAN_POINT('',(1.27,-0.635,0.));
#2952 = DIRECTION('',(0.,0.,1.));
#2953 = DIRECTION('',(1.,0.,0.));
#2954 = ADVANCED_FACE('',(#2955),#2982,.F.);
#2955 = FACE_BOUND('',#2956,.F.);
#2956 = EDGE_LOOP('',(#2957,#2967,#2974,#2975));
#2957 = ORIENTED_EDGE('',*,*,#2958,.T.);
#2958 = EDGE_CURVE('',#2959,#2961,#2963,.T.);
#2959 = VERTEX_POINT('',#2960);
#2960 = CARTESIAN_POINT('',(1.57475,-0.635,0.));
#2961 = VERTEX_POINT('',#2962);
#2962 = CARTESIAN_POINT('',(1.57475,-0.635,-1.6));
#2963 = LINE('',#2964,#2965);
#2964 = CARTESIAN_POINT('',(1.57475,-0.635,0.));
#2965 = VECTOR('',#2966,1.);
#2966 = DIRECTION('',(-0.,-0.,-1.));
#2967 = ORIENTED_EDGE('',*,*,#2968,.T.);
#2968 = EDGE_CURVE('',#2961,#2961,#2969,.T.);
#2969 = CIRCLE('',#2970,0.30475);
#2970 = AXIS2_PLACEMENT_3D('',#2971,#2972,#2973);
#2971 = CARTESIAN_POINT('',(1.27,-0.635,-1.6));
#2972 = DIRECTION('',(0.,0.,1.));
#2973 = DIRECTION('',(1.,0.,0.));
#2974 = ORIENTED_EDGE('',*,*,#2958,.F.);
#2975 = ORIENTED_EDGE('',*,*,#2976,.F.);
#2976 = EDGE_CURVE('',#2959,#2959,#2977,.T.);
#2977 = CIRCLE('',#2978,0.30475);
#2978 = AXIS2_PLACEMENT_3D('',#2979,#2980,#2981);
#2979 = CARTESIAN_POINT('',(1.27,-0.635,0.));
#2980 = DIRECTION('',(0.,0.,1.));
#2981 = DIRECTION('',(1.,0.,0.));
#2982 = CYLINDRICAL_SURFACE('',#2983,0.30475);
#2983 = AXIS2_PLACEMENT_3D('',#2984,#2985,#2986);
#2984 = CARTESIAN_POINT('',(1.27,-0.635,0.));
#2985 = DIRECTION('',(0.,0.,1.));
#2986 = DIRECTION('',(1.,0.,0.));
#2987 = ADVANCED_FACE('',(#2988,#2991),#2994,.T.);
#2988 = FACE_BOUND('',#2989,.F.);
#2989 = EDGE_LOOP('',(#2990));
#2990 = ORIENTED_EDGE('',*,*,#2943,.F.);
#2991 = FACE_BOUND('',#2992,.F.);
#2992 = EDGE_LOOP('',(#2993));
#2993 = ORIENTED_EDGE('',*,*,#2976,.T.);
#2994 = PLANE('',#2995);
#2995 = AXIS2_PLACEMENT_3D('',#2996,#2997,#2998);
#2996 = CARTESIAN_POINT('',(1.27,-0.635,0.));
#2997 = DIRECTION('',(0.,0.,1.));
#2998 = DIRECTION('',(1.,0.,0.));
#2999 = ADVANCED_FACE('',(#3000,#3003),#3006,.F.);
#3000 = FACE_BOUND('',#3001,.T.);
#3001 = EDGE_LOOP('',(#3002));
#3002 = ORIENTED_EDGE('',*,*,#2935,.F.);
#3003 = FACE_BOUND('',#3004,.T.);
#3004 = EDGE_LOOP('',(#3005));
#3005 = ORIENTED_EDGE('',*,*,#2968,.T.);
#3006 = PLANE('',#3007);
#3007 = AXIS2_PLACEMENT_3D('',#3008,#3009,#3010);
#3008 = CARTESIAN_POINT('',(1.27,-0.635,-1.6));
#3009 = DIRECTION('',(0.,0.,1.));
#3010 = DIRECTION('',(1.,0.,0.));
#3011 = MANIFOLD_SOLID_BREP('',#3012);
#3012 = CLOSED_SHELL('',(#3013,#3046,#3079,#3091));
#3013 = ADVANCED_FACE('',(#3014),#3041,.T.);
#3014 = FACE_BOUND('',#3015,.T.);
#3015 = EDGE_LOOP('',(#3016,#3026,#3033,#3034));
#3016 = ORIENTED_EDGE('',*,*,#3017,.T.);
#3017 = EDGE_CURVE('',#3018,#3020,#3022,.T.);
#3018 = VERTEX_POINT('',#3019);
#3019 = CARTESIAN_POINT('',(1.58475,0.635,0.));
#3020 = VERTEX_POINT('',#3021);
#3021 = CARTESIAN_POINT('',(1.58475,0.635,-1.6));
#3022 = LINE('',#3023,#3024);
#3023 = CARTESIAN_POINT('',(1.58475,0.635,0.));
#3024 = VECTOR('',#3025,1.);
#3025 = DIRECTION('',(-0.,-0.,-1.));
#3026 = ORIENTED_EDGE('',*,*,#3027,.T.);
#3027 = EDGE_CURVE('',#3020,#3020,#3028,.T.);
#3028 = CIRCLE('',#3029,0.31475);
#3029 = AXIS2_PLACEMENT_3D('',#3030,#3031,#3032);
#3030 = CARTESIAN_POINT('',(1.27,0.635,-1.6));
#3031 = DIRECTION('',(0.,0.,1.));
#3032 = DIRECTION('',(1.,0.,0.));
#3033 = ORIENTED_EDGE('',*,*,#3017,.F.);
#3034 = ORIENTED_EDGE('',*,*,#3035,.F.);
#3035 = EDGE_CURVE('',#3018,#3018,#3036,.T.);
#3036 = CIRCLE('',#3037,0.31475);
#3037 = AXIS2_PLACEMENT_3D('',#3038,#3039,#3040);
#3038 = CARTESIAN_POINT('',(1.27,0.635,0.));
#3039 = DIRECTION('',(0.,0.,1.));
#3040 = DIRECTION('',(1.,0.,0.));
#3041 = CYLINDRICAL_SURFACE('',#3042,0.31475);
#3042 = AXIS2_PLACEMENT_3D('',#3043,#3044,#3045);
#3043 = CARTESIAN_POINT('',(1.27,0.635,0.));
#3044 = DIRECTION('',(0.,0.,1.));
#3045 = DIRECTION('',(1.,0.,0.));
#3046 = ADVANCED_FACE('',(#3047),#3074,.F.);
#3047 = FACE_BOUND('',#3048,.F.);
#3048 = EDGE_LOOP('',(#3049,#3059,#3066,#3067));
#3049 = ORIENTED_EDGE('',*,*,#3050,.T.);
#3050 = EDGE_CURVE('',#3051,#3053,#3055,.T.);
#3051 = VERTEX_POINT('',#3052);
#3052 = CARTESIAN_POINT('',(1.57475,0.635,0.));
#3053 = VERTEX_POINT('',#3054);
#3054 = CARTESIAN_POINT('',(1.57475,0.635,-1.6));
#3055 = LINE('',#3056,#3057);
#3056 = CARTESIAN_POINT('',(1.57475,0.635,0.));
#3057 = VECTOR('',#3058,1.);
#3058 = DIRECTION('',(-0.,-0.,-1.));
#3059 = ORIENTED_EDGE('',*,*,#3060,.T.);
#3060 = EDGE_CURVE('',#3053,#3053,#3061,.T.);
#3061 = CIRCLE('',#3062,0.30475);
#3062 = AXIS2_PLACEMENT_3D('',#3063,#3064,#3065);
#3063 = CARTESIAN_POINT('',(1.27,0.635,-1.6));
#3064 = DIRECTION('',(0.,0.,1.));
#3065 = DIRECTION('',(1.,0.,0.));
#3066 = ORIENTED_EDGE('',*,*,#3050,.F.);
#3067 = ORIENTED_EDGE('',*,*,#3068,.F.);
#3068 = EDGE_CURVE('',#3051,#3051,#3069,.T.);
#3069 = CIRCLE('',#3070,0.30475);
#3070 = AXIS2_PLACEMENT_3D('',#3071,#3072,#3073);
#3071 = CARTESIAN_POINT('',(1.27,0.635,0.));
#3072 = DIRECTION('',(0.,0.,1.));
#3073 = DIRECTION('',(1.,0.,0.));
#3074 = CYLINDRICAL_SURFACE('',#3075,0.30475);
#3075 = AXIS2_PLACEMENT_3D('',#3076,#3077,#3078);
#3076 = CARTESIAN_POINT('',(1.27,0.635,0.));
#3077 = DIRECTION('',(0.,0.,1.));
#3078 = DIRECTION('',(1.,0.,0.));
#3079 = ADVANCED_FACE('',(#3080,#3083),#3086,.T.);
#3080 = FACE_BOUND('',#3081,.F.);
#3081 = EDGE_LOOP('',(#3082));
#3082 = ORIENTED_EDGE('',*,*,#3035,.F.);
#3083 = FACE_BOUND('',#3084,.F.);
#3084 = EDGE_LOOP('',(#3085));
#3085 = ORIENTED_EDGE('',*,*,#3068,.T.);
#3086 = PLANE('',#3087);
#3087 = AXIS2_PLACEMENT_3D('',#3088,#3089,#3090);
#3088 = CARTESIAN_POINT('',(1.27,0.635,0.));
#3089 = DIRECTION('',(0.,0.,1.));
#3090 = DIRECTION('',(1.,0.,0.));
#3091 = ADVANCED_FACE('',(#3092,#3095),#3098,.F.);
#3092 = FACE_BOUND('',#3093,.T.);
#3093 = EDGE_LOOP('',(#3094));
#3094 = ORIENTED_EDGE('',*,*,#3027,.F.);
#3095 = FACE_BOUND('',#3096,.T.);
#3096 = EDGE_LOOP('',(#3097));
#3097 = ORIENTED_EDGE('',*,*,#3060,.T.);
#3098 = PLANE('',#3099);
#3099 = AXIS2_PLACEMENT_3D('',#3100,#3101,#3102);
#3100 = CARTESIAN_POINT('',(1.27,0.635,-1.6));
#3101 = DIRECTION('',(0.,0.,1.));
#3102 = DIRECTION('',(1.,0.,0.));
#3103 = ( GEOMETRIC_REPRESENTATION_CONTEXT(3) 
GLOBAL_UNCERTAINTY_ASSIGNED_CONTEXT((#3107)) 
GLOBAL_UNIT_ASSIGNED_CONTEXT((#3104,#3105,#3106)) REPRESENTATION_CONTEXT
('Context #1','3D Context with UNIT and UNCERTAINTY') );
#3104 = ( LENGTH_UNIT() NAMED_UNIT(*) SI_UNIT(.MILLI.,.METRE.) );
#3105 = ( NAMED_UNIT(*) PLANE_ANGLE_UNIT() SI_UNIT($,.RADIAN.) );
#3106 = ( NAMED_UNIT(*) SI_UNIT($,.STERADIAN.) SOLID_ANGLE_UNIT() );
#3107 = UNCERTAINTY_MEASURE_WITH_UNIT(LENGTH_MEASURE(1.E-07),#3104,
  'distance_accuracy_value','confusion accuracy');
#3108 = CONTEXT_DEPENDENT_SHAPE_REPRESENTATION(#3109,#3111);
#3109 = ( REPRESENTATION_RELATIONSHIP('','',#1630,#10) 
REPRESENTATION_RELATIONSHIP_WITH_TRANSFORMATION(#3110) 
SHAPE_REPRESENTATION_RELATIONSHIP() );
#3110 = ITEM_DEFINED_TRANSFORMATION('','',#11,#23);
#3111 = PRODUCT_DEFINITION_SHAPE('Placement','Placement of an item',
  #3112);
#3112 = NEXT_ASSEMBLY_USAGE_OCCURRENCE('13','TH-Drills','',#5,#1625,$);
#3113 = PRODUCT_RELATED_PRODUCT_CATEGORY('part',$,(#1627));
#3114 = SHAPE_DEFINITION_REPRESENTATION(#3115,#3121);
#3115 = PRODUCT_DEFINITION_SHAPE('','',#3116);
#3116 = PRODUCT_DEFINITION('design','',#3117,#3120);
#3117 = PRODUCT_DEFINITION_FORMATION('','',#3118);
#3118 = PRODUCT('F.SilkS_','F.SilkS_','',(#3119));
#3119 = PRODUCT_CONTEXT('',#2,'mechanical');
#3120 = PRODUCT_DEFINITION_CONTEXT('part definition',#2,'design');
#3121 = SHAPE_REPRESENTATION('',(#11,#3122,#3144,#3159,#3167,#3175,#3184
    ),#3193);
#3122 = GEOMETRIC_CURVE_SET('',(#3123,#3130,#3137));
#3123 = TRIMMED_CURVE('',#3124,(#3128,PARAMETER_VALUE(0.)),(#3129,
    PARAMETER_VALUE(24.)),.T.,.PARAMETER.);
#3124 = LINE('',#3125,#3126);
#3125 = CARTESIAN_POINT('',(15.,-17.,0.));
#3126 = VECTOR('',#3127,1.);
#3127 = DIRECTION('',(0.,1.,0.));
#3128 = CARTESIAN_POINT('',(15.,-17.,0.));
#3129 = CARTESIAN_POINT('',(15.,7.,0.));
#3130 = TRIMMED_CURVE('',#3131,(#3135,PARAMETER_VALUE(0.)),(#3136,
    PARAMETER_VALUE(30.)),.T.,.PARAMETER.);
#3131 = LINE('',#3132,#3133);
#3132 = CARTESIAN_POINT('',(15.,7.,0.));
#3133 = VECTOR('',#3134,1.);
#3134 = DIRECTION('',(-1.,0.,0.));
#3135 = CARTESIAN_POINT('',(15.,7.,0.));
#3136 = CARTESIAN_POINT('',(-15.,7.,0.));
#3137 = TRIMMED_CURVE('',#3138,(#3142,PARAMETER_VALUE(0.)),(#3143,
    PARAMETER_VALUE(24.)),.T.,.PARAMETER.);
#3138 = LINE('',#3139,#3140);
#3139 = CARTESIAN_POINT('',(-15.,7.,0.));
#3140 = VECTOR('',#3141,1.);
#3141 = DIRECTION('',(0.,-1.,0.));
#3142 = CARTESIAN_POINT('',(-15.,7.,0.));
#3143 = CARTESIAN_POINT('',(-15.,-17.,0.));
#3144 = GEOMETRIC_CURVE_SET('',(#3145,#3152));
#3145 = TRIMMED_CURVE('',#3146,(#3150,PARAMETER_VALUE(0.)),(#3151,
    PARAMETER_VALUE(3.048)),.T.,.PARAMETER.);
#3146 = LINE('',#3147,#3148);
#3147 = CARTESIAN_POINT('',(-3.3274,-1.524,0.));
#3148 = VECTOR('',#3149,1.);
#3149 = DIRECTION('',(0.,1.,0.));
#3150 = CARTESIAN_POINT('',(-3.3274,-1.524,0.));
#3151 = CARTESIAN_POINT('',(-3.3274,1.524,0.));
#3152 = TRIMMED_CURVE('',#3153,(#3157,PARAMETER_VALUE(0.)),(#3158,
    PARAMETER_VALUE(6.6294)),.T.,.PARAMETER.);
#3153 = LINE('',#3154,#3155);
#3154 = CARTESIAN_POINT('',(-3.3274,1.524,0.));
#3155 = VECTOR('',#3156,1.);
#3156 = DIRECTION('',(1.,0.,0.));
#3157 = CARTESIAN_POINT('',(-3.3274,1.524,0.));
#3158 = CARTESIAN_POINT('',(3.302,1.524,0.));
#3159 = GEOMETRIC_CURVE_SET('',(#3160));
#3160 = TRIMMED_CURVE('',#3161,(#3165,PARAMETER_VALUE(0.)),(#3166,
    PARAMETER_VALUE(2.948)),.T.,.PARAMETER.);
#3161 = LINE('',#3162,#3163);
#3162 = CARTESIAN_POINT('',(3.302,1.4732,0.));
#3163 = VECTOR('',#3164,1.);
#3164 = DIRECTION('',(0.,-1.,0.));
#3165 = CARTESIAN_POINT('',(3.302,1.4732,0.));
#3166 = CARTESIAN_POINT('',(3.302,-1.4748,0.));
#3167 = GEOMETRIC_CURVE_SET('',(#3168));
#3168 = TRIMMED_CURVE('',#3169,(#3173,PARAMETER_VALUE(0.)),(#3174,
    PARAMETER_VALUE(6.654848473106)),.T.,.PARAMETER.);
#3169 = LINE('',#3170,#3171);
#3170 = CARTESIAN_POINT('',(3.302,-1.4732,0.));
#3171 = VECTOR('',#3172,1.);
#3172 = DIRECTION('',(-0.999992716122,-3.816766092068E-03,0.));
#3173 = CARTESIAN_POINT('',(3.302,-1.4732,0.));
#3174 = CARTESIAN_POINT('',(-3.3528,-1.4986,0.));
#3175 = GEOMETRIC_CURVE_SET('',(#3176));
#3176 = TRIMMED_CURVE('',#3177,(#3182,PARAMETER_VALUE(0.)),(#3183,
    PARAMETER_VALUE(6.28318530718)),.T.,.PARAMETER.);
#3177 = CIRCLE('',#3178,2.2360679775);
#3178 = AXIS2_PLACEMENT_3D('',#3179,#3180,#3181);
#3179 = CARTESIAN_POINT('',(-10.,-5.,0.));
#3180 = DIRECTION('',(0.,0.,1.));
#3181 = DIRECTION('',(1.,0.,-0.));
#3182 = CARTESIAN_POINT('',(-7.7639320225,-5.,0.));
#3183 = CARTESIAN_POINT('',(-7.7639320225,-5.,0.));
#3184 = GEOMETRIC_CURVE_SET('',(#3185));
#3185 = TRIMMED_CURVE('',#3186,(#3191,PARAMETER_VALUE(0.)),(#3192,
    PARAMETER_VALUE(6.28318530718)),.T.,.PARAMETER.);
#3186 = CIRCLE('',#3187,2.2360679775);
#3187 = AXIS2_PLACEMENT_3D('',#3188,#3189,#3190);
#3188 = CARTESIAN_POINT('',(10.,-5.,0.));
#3189 = DIRECTION('',(0.,0.,1.));
#3190 = DIRECTION('',(1.,0.,-0.));
#3191 = CARTESIAN_POINT('',(12.2360679775,-5.,0.));
#3192 = CARTESIAN_POINT('',(12.2360679775,-5.,0.));
#3193 = ( GEOMETRIC_REPRESENTATION_CONTEXT(3) 
GLOBAL_UNCERTAINTY_ASSIGNED_CONTEXT((#3197)) 
GLOBAL_UNIT_ASSIGNED_CONTEXT((#3194,#3195,#3196)) REPRESENTATION_CONTEXT
('Context #1','3D Context with UNIT and UNCERTAINTY') );
#3194 = ( LENGTH_UNIT() NAMED_UNIT(*) SI_UNIT(.MILLI.,.METRE.) );
#3195 = ( NAMED_UNIT(*) PLANE_ANGLE_UNIT() SI_UNIT($,.RADIAN.) );
#3196 = ( NAMED_UNIT(*) SI_UNIT($,.STERADIAN.) SOLID_ANGLE_UNIT() );
#3197 = UNCERTAINTY_MEASURE_WITH_UNIT(LENGTH_MEASURE(1.E-07),#3194,
  'distance_accuracy_value','confusion accuracy');
#3198 = CONTEXT_DEPENDENT_SHAPE_REPRESENTATION(#3199,#3201);
#3199 = ( REPRESENTATION_RELATIONSHIP('','',#3121,#10) 
REPRESENTATION_RELATIONSHIP_WITH_TRANSFORMATION(#3200) 
SHAPE_REPRESENTATION_RELATIONSHIP() );
#3200 = ITEM_DEFINED_TRANSFORMATION('','',#11,#27);
#3201 = PRODUCT_DEFINITION_SHAPE('Placement','Placement of an item',
  #3202);
#3202 = NEXT_ASSEMBLY_USAGE_OCCURRENCE('14','F.SilkS_','',#5,#3116,$);
#3203 = PRODUCT_RELATED_PRODUCT_CATEGORY('part',$,(#3118));
#3204 = SHAPE_DEFINITION_REPRESENTATION(#3205,#3211);
#3205 = PRODUCT_DEFINITION_SHAPE('','',#3206);
#3206 = PRODUCT_DEFINITION('design','',#3207,#3210);
#3207 = PRODUCT_DEFINITION_FORMATION('','',#3208);
#3208 = PRODUCT('F.SilkS_outline_','F.SilkS_outline_','',(#3209));
#3209 = PRODUCT_CONTEXT('',#2,'mechanical');
#3210 = PRODUCT_DEFINITION_CONTEXT('part definition',#2,'design');
#3211 = SHAPE_REPRESENTATION('',(#11,#3212,#3243,#3274,#3305,#3336,#3367
    ,#3398,#3429,#3438,#3447,#3456),#3465);
#3212 = GEOMETRIC_CURVE_SET('',(#3213,#3221,#3228,#3236));
#3213 = TRIMMED_CURVE('',#3214,(#3219,PARAMETER_VALUE(1.570796326795)),(
    #3220,PARAMETER_VALUE(4.712388980385)),.T.,.PARAMETER.);
#3214 = CIRCLE('',#3215,7.5E-02);
#3215 = AXIS2_PLACEMENT_3D('',#3216,#3217,#3218);
#3216 = CARTESIAN_POINT('',(-15.,7.,0.));
#3217 = DIRECTION('',(-0.,0.,1.));
#3218 = DIRECTION('',(1.110223024625E-16,-1.,0.));
#3219 = CARTESIAN_POINT('',(-14.925,7.,0.));
#3220 = CARTESIAN_POINT('',(-15.075,7.,0.));
#3221 = TRIMMED_CURVE('',#3222,(#3226,PARAMETER_VALUE(0.)),(#3227,
    PARAMETER_VALUE(24.)),.T.,.PARAMETER.);
#3222 = LINE('',#3223,#3224);
#3223 = CARTESIAN_POINT('',(-15.075,7.,0.));
#3224 = VECTOR('',#3225,1.);
#3225 = DIRECTION('',(1.110223024625E-16,-1.,0.));
#3226 = CARTESIAN_POINT('',(-15.075,7.,0.));
#3227 = CARTESIAN_POINT('',(-15.075,-17.,0.));
#3228 = TRIMMED_CURVE('',#3229,(#3234,PARAMETER_VALUE(4.712388980385)),(
    #3235,PARAMETER_VALUE(7.853981633974)),.T.,.PARAMETER.);
#3229 = CIRCLE('',#3230,7.5E-02);
#3230 = AXIS2_PLACEMENT_3D('',#3231,#3232,#3233);
#3231 = CARTESIAN_POINT('',(-15.,-17.,0.));
#3232 = DIRECTION('',(-0.,0.,1.));
#3233 = DIRECTION('',(1.110223024625E-16,-1.,0.));
#3234 = CARTESIAN_POINT('',(-15.075,-17.,0.));
#3235 = CARTESIAN_POINT('',(-14.925,-17.,0.));
#3236 = TRIMMED_CURVE('',#3237,(#3241,PARAMETER_VALUE(0.)),(#3242,
    PARAMETER_VALUE(24.)),.T.,.PARAMETER.);
#3237 = LINE('',#3238,#3239);
#3238 = CARTESIAN_POINT('',(-14.925,-17.,0.));
#3239 = VECTOR('',#3240,1.);
#3240 = DIRECTION('',(-1.110223024625E-16,1.,0.));
#3241 = CARTESIAN_POINT('',(-14.925,-17.,0.));
#3242 = CARTESIAN_POINT('',(-14.925,7.,0.));
#3243 = GEOMETRIC_CURVE_SET('',(#3244,#3252,#3259,#3267));
#3244 = TRIMMED_CURVE('',#3245,(#3250,PARAMETER_VALUE(1.570796326795)),(
    #3251,PARAMETER_VALUE(4.712388980385)),.T.,.PARAMETER.);
#3245 = CIRCLE('',#3246,7.5E-02);
#3246 = AXIS2_PLACEMENT_3D('',#3247,#3248,#3249);
#3247 = CARTESIAN_POINT('',(-3.3274,1.524,0.));
#3248 = DIRECTION('',(0.,0.,1.));
#3249 = DIRECTION('',(1.,0.,0.));
#3250 = CARTESIAN_POINT('',(-3.3274,1.599,0.));
#3251 = CARTESIAN_POINT('',(-3.3274,1.449,0.));
#3252 = TRIMMED_CURVE('',#3253,(#3257,PARAMETER_VALUE(0.)),(#3258,
    PARAMETER_VALUE(6.6294)),.T.,.PARAMETER.);
#3253 = LINE('',#3254,#3255);
#3254 = CARTESIAN_POINT('',(-3.3274,1.449,0.));
#3255 = VECTOR('',#3256,1.);
#3256 = DIRECTION('',(1.,0.,0.));
#3257 = CARTESIAN_POINT('',(-3.3274,1.449,0.));
#3258 = CARTESIAN_POINT('',(3.302,1.449,0.));
#3259 = TRIMMED_CURVE('',#3260,(#3265,PARAMETER_VALUE(4.712388980385)),(
    #3266,PARAMETER_VALUE(7.853981633974)),.T.,.PARAMETER.);
#3260 = CIRCLE('',#3261,7.5E-02);
#3261 = AXIS2_PLACEMENT_3D('',#3262,#3263,#3264);
#3262 = CARTESIAN_POINT('',(3.302,1.524,0.));
#3263 = DIRECTION('',(0.,0.,1.));
#3264 = DIRECTION('',(1.,0.,0.));
#3265 = CARTESIAN_POINT('',(3.302,1.449,0.));
#3266 = CARTESIAN_POINT('',(3.302,1.599,0.));
#3267 = TRIMMED_CURVE('',#3268,(#3272,PARAMETER_VALUE(0.)),(#3273,
    PARAMETER_VALUE(6.6294)),.T.,.PARAMETER.);
#3268 = LINE('',#3269,#3270);
#3269 = CARTESIAN_POINT('',(3.302,1.599,0.));
#3270 = VECTOR('',#3271,1.);
#3271 = DIRECTION('',(-1.,0.,0.));
#3272 = CARTESIAN_POINT('',(3.302,1.599,0.));
#3273 = CARTESIAN_POINT('',(-3.3274,1.599,0.));
#3274 = GEOMETRIC_CURVE_SET('',(#3275,#3283,#3290,#3298));
#3275 = TRIMMED_CURVE('',#3276,(#3281,PARAMETER_VALUE(1.570796326795)),(
    #3282,PARAMETER_VALUE(4.712388980385)),.T.,.PARAMETER.);
#3276 = CIRCLE('',#3277,7.5E-02);
#3277 = AXIS2_PLACEMENT_3D('',#3278,#3279,#3280);
#3278 = CARTESIAN_POINT('',(-3.3274,-1.524,0.));
#3279 = DIRECTION('',(0.,-0.,1.));
#3280 = DIRECTION('',(1.110223024625E-16,1.,0.));
#3281 = CARTESIAN_POINT('',(-3.4024,-1.524,0.));
#3282 = CARTESIAN_POINT('',(-3.2524,-1.524,0.));
#3283 = TRIMMED_CURVE('',#3284,(#3288,PARAMETER_VALUE(0.)),(#3289,
    PARAMETER_VALUE(3.048)),.T.,.PARAMETER.);
#3284 = LINE('',#3285,#3286);
#3285 = CARTESIAN_POINT('',(-3.2524,-1.524,0.));
#3286 = VECTOR('',#3287,1.);
#3287 = DIRECTION('',(1.110223024625E-16,1.,0.));
#3288 = CARTESIAN_POINT('',(-3.2524,-1.524,0.));
#3289 = CARTESIAN_POINT('',(-3.2524,1.524,0.));
#3290 = TRIMMED_CURVE('',#3291,(#3296,PARAMETER_VALUE(4.712388980385)),(
    #3297,PARAMETER_VALUE(7.853981633974)),.T.,.PARAMETER.);
#3291 = CIRCLE('',#3292,7.5E-02);
#3292 = AXIS2_PLACEMENT_3D('',#3293,#3294,#3295);
#3293 = CARTESIAN_POINT('',(-3.3274,1.524,0.));
#3294 = DIRECTION('',(0.,-0.,1.));
#3295 = DIRECTION('',(1.110223024625E-16,1.,0.));
#3296 = CARTESIAN_POINT('',(-3.2524,1.524,0.));
#3297 = CARTESIAN_POINT('',(-3.4024,1.524,0.));
#3298 = TRIMMED_CURVE('',#3299,(#3303,PARAMETER_VALUE(0.)),(#3304,
    PARAMETER_VALUE(3.048)),.T.,.PARAMETER.);
#3299 = LINE('',#3300,#3301);
#3300 = CARTESIAN_POINT('',(-3.4024,1.524,0.));
#3301 = VECTOR('',#3302,1.);
#3302 = DIRECTION('',(-1.110223024625E-16,-1.,0.));
#3303 = CARTESIAN_POINT('',(-3.4024,1.524,0.));
#3304 = CARTESIAN_POINT('',(-3.4024,-1.524,0.));
#3305 = GEOMETRIC_CURVE_SET('',(#3306,#3314,#3321,#3329));
#3306 = TRIMMED_CURVE('',#3307,(#3312,PARAMETER_VALUE(1.570796326795)),(
    #3313,PARAMETER_VALUE(4.712388980385)),.T.,.PARAMETER.);
#3307 = CIRCLE('',#3308,7.5E-02);
#3308 = AXIS2_PLACEMENT_3D('',#3309,#3310,#3311);
#3309 = CARTESIAN_POINT('',(3.302,1.4732,0.));
#3310 = DIRECTION('',(-0.,0.,1.));
#3311 = DIRECTION('',(1.110223024625E-16,-1.,0.));
#3312 = CARTESIAN_POINT('',(3.377,1.4732,0.));
#3313 = CARTESIAN_POINT('',(3.227,1.4732,0.));
#3314 = TRIMMED_CURVE('',#3315,(#3319,PARAMETER_VALUE(0.)),(#3320,
    PARAMETER_VALUE(2.948)),.T.,.PARAMETER.);
#3315 = LINE('',#3316,#3317);
#3316 = CARTESIAN_POINT('',(3.227,1.4732,0.));
#3317 = VECTOR('',#3318,1.);
#3318 = DIRECTION('',(1.110223024625E-16,-1.,0.));
#3319 = CARTESIAN_POINT('',(3.227,1.4732,0.));
#3320 = CARTESIAN_POINT('',(3.227,-1.4748,0.));
#3321 = TRIMMED_CURVE('',#3322,(#3327,PARAMETER_VALUE(4.712388980385)),(
    #3328,PARAMETER_VALUE(7.853981633974)),.T.,.PARAMETER.);
#3322 = CIRCLE('',#3323,7.5E-02);
#3323 = AXIS2_PLACEMENT_3D('',#3324,#3325,#3326);
#3324 = CARTESIAN_POINT('',(3.302,-1.4748,0.));
#3325 = DIRECTION('',(-0.,0.,1.));
#3326 = DIRECTION('',(1.110223024625E-16,-1.,0.));
#3327 = CARTESIAN_POINT('',(3.227,-1.4748,0.));
#3328 = CARTESIAN_POINT('',(3.377,-1.4748,0.));
#3329 = TRIMMED_CURVE('',#3330,(#3334,PARAMETER_VALUE(0.)),(#3335,
    PARAMETER_VALUE(2.948)),.T.,.PARAMETER.);
#3330 = LINE('',#3331,#3332);
#3331 = CARTESIAN_POINT('',(3.377,-1.4748,0.));
#3332 = VECTOR('',#3333,1.);
#3333 = DIRECTION('',(-1.110223024625E-16,1.,0.));
#3334 = CARTESIAN_POINT('',(3.377,-1.4748,0.));
#3335 = CARTESIAN_POINT('',(3.377,1.4732,0.));
#3336 = GEOMETRIC_CURVE_SET('',(#3337,#3345,#3352,#3360));
#3337 = TRIMMED_CURVE('',#3338,(#3343,PARAMETER_VALUE(1.570796326795)),(
    #3344,PARAMETER_VALUE(4.712388980385)),.T.,.PARAMETER.);
#3338 = CIRCLE('',#3339,7.5E-02);
#3339 = AXIS2_PLACEMENT_3D('',#3340,#3341,#3342);
#3340 = CARTESIAN_POINT('',(3.302,-1.4732,0.));
#3341 = DIRECTION('',(0.,0.,1.));
#3342 = DIRECTION('',(-0.999992716122,-3.816766092072E-03,0.));
#3343 = CARTESIAN_POINT('',(3.302286257457,-1.548199453709,0.));
#3344 = CARTESIAN_POINT('',(3.301713742543,-1.398200546291,0.));
#3345 = TRIMMED_CURVE('',#3346,(#3350,PARAMETER_VALUE(0.)),(#3351,
    PARAMETER_VALUE(6.654848473106)),.T.,.PARAMETER.);
#3346 = LINE('',#3347,#3348);
#3347 = CARTESIAN_POINT('',(3.301713742543,-1.398200546291,0.));
#3348 = VECTOR('',#3349,1.);
#3349 = DIRECTION('',(-0.999992716122,-3.816766092072E-03,0.));
#3350 = CARTESIAN_POINT('',(3.301713742543,-1.398200546291,0.));
#3351 = CARTESIAN_POINT('',(-3.353086257457,-1.423600546291,0.));
#3352 = TRIMMED_CURVE('',#3353,(#3358,PARAMETER_VALUE(4.712388980385)),(
    #3359,PARAMETER_VALUE(7.853981633974)),.T.,.PARAMETER.);
#3353 = CIRCLE('',#3354,7.5E-02);
#3354 = AXIS2_PLACEMENT_3D('',#3355,#3356,#3357);
#3355 = CARTESIAN_POINT('',(-3.3528,-1.4986,0.));
#3356 = DIRECTION('',(0.,0.,1.));
#3357 = DIRECTION('',(-0.999992716122,-3.816766092072E-03,0.));
#3358 = CARTESIAN_POINT('',(-3.353086257457,-1.423600546291,0.));
#3359 = CARTESIAN_POINT('',(-3.352513742543,-1.573599453709,0.));
#3360 = TRIMMED_CURVE('',#3361,(#3365,PARAMETER_VALUE(0.)),(#3366,
    PARAMETER_VALUE(6.654848473106)),.T.,.PARAMETER.);
#3361 = LINE('',#3362,#3363);
#3362 = CARTESIAN_POINT('',(-3.352513742543,-1.573599453709,0.));
#3363 = VECTOR('',#3364,1.);
#3364 = DIRECTION('',(0.999992716122,3.816766092072E-03,0.));
#3365 = CARTESIAN_POINT('',(-3.352513742543,-1.573599453709,0.));
#3366 = CARTESIAN_POINT('',(3.302286257457,-1.548199453709,0.));
#3367 = GEOMETRIC_CURVE_SET('',(#3368,#3376,#3383,#3391));
#3368 = TRIMMED_CURVE('',#3369,(#3374,PARAMETER_VALUE(1.570796326795)),(
    #3375,PARAMETER_VALUE(4.712388980385)),.T.,.PARAMETER.);
#3369 = CIRCLE('',#3370,7.5E-02);
#3370 = AXIS2_PLACEMENT_3D('',#3371,#3372,#3373);
#3371 = CARTESIAN_POINT('',(15.,7.,0.));
#3372 = DIRECTION('',(0.,0.,1.));
#3373 = DIRECTION('',(-1.,-1.224646799147E-16,0.));
#3374 = CARTESIAN_POINT('',(15.,6.925,0.));
#3375 = CARTESIAN_POINT('',(15.,7.075,0.));
#3376 = TRIMMED_CURVE('',#3377,(#3381,PARAMETER_VALUE(0.)),(#3382,
    PARAMETER_VALUE(30.)),.T.,.PARAMETER.);
#3377 = LINE('',#3378,#3379);
#3378 = CARTESIAN_POINT('',(15.,7.075,0.));
#3379 = VECTOR('',#3380,1.);
#3380 = DIRECTION('',(-1.,-1.224646799147E-16,0.));
#3381 = CARTESIAN_POINT('',(15.,7.075,0.));
#3382 = CARTESIAN_POINT('',(-15.,7.075,0.));
#3383 = TRIMMED_CURVE('',#3384,(#3389,PARAMETER_VALUE(4.712388980385)),(
    #3390,PARAMETER_VALUE(7.853981633974)),.T.,.PARAMETER.);
#3384 = CIRCLE('',#3385,7.5E-02);
#3385 = AXIS2_PLACEMENT_3D('',#3386,#3387,#3388);
#3386 = CARTESIAN_POINT('',(-15.,7.,0.));
#3387 = DIRECTION('',(0.,0.,1.));
#3388 = DIRECTION('',(-1.,-1.224646799147E-16,0.));
#3389 = CARTESIAN_POINT('',(-15.,7.075,0.));
#3390 = CARTESIAN_POINT('',(-15.,6.925,0.));
#3391 = TRIMMED_CURVE('',#3392,(#3396,PARAMETER_VALUE(0.)),(#3397,
    PARAMETER_VALUE(30.)),.T.,.PARAMETER.);
#3392 = LINE('',#3393,#3394);
#3393 = CARTESIAN_POINT('',(-15.,6.925,0.));
#3394 = VECTOR('',#3395,1.);
#3395 = DIRECTION('',(1.,1.224646799147E-16,0.));
#3396 = CARTESIAN_POINT('',(-15.,6.925,0.));
#3397 = CARTESIAN_POINT('',(15.,6.925,0.));
#3398 = GEOMETRIC_CURVE_SET('',(#3399,#3407,#3414,#3422));
#3399 = TRIMMED_CURVE('',#3400,(#3405,PARAMETER_VALUE(1.570796326795)),(
    #3406,PARAMETER_VALUE(4.712388980385)),.T.,.PARAMETER.);
#3400 = CIRCLE('',#3401,7.5E-02);
#3401 = AXIS2_PLACEMENT_3D('',#3402,#3403,#3404);
#3402 = CARTESIAN_POINT('',(15.,-17.,0.));
#3403 = DIRECTION('',(0.,-0.,1.));
#3404 = DIRECTION('',(1.110223024625E-16,1.,0.));
#3405 = CARTESIAN_POINT('',(14.925,-17.,0.));
#3406 = CARTESIAN_POINT('',(15.075,-17.,0.));
#3407 = TRIMMED_CURVE('',#3408,(#3412,PARAMETER_VALUE(0.)),(#3413,
    PARAMETER_VALUE(24.)),.T.,.PARAMETER.);
#3408 = LINE('',#3409,#3410);
#3409 = CARTESIAN_POINT('',(15.075,-17.,0.));
#3410 = VECTOR('',#3411,1.);
#3411 = DIRECTION('',(1.110223024625E-16,1.,0.));
#3412 = CARTESIAN_POINT('',(15.075,-17.,0.));
#3413 = CARTESIAN_POINT('',(15.075,7.,0.));
#3414 = TRIMMED_CURVE('',#3415,(#3420,PARAMETER_VALUE(4.712388980385)),(
    #3421,PARAMETER_VALUE(7.853981633974)),.T.,.PARAMETER.);
#3415 = CIRCLE('',#3416,7.5E-02);
#3416 = AXIS2_PLACEMENT_3D('',#3417,#3418,#3419);
#3417 = CARTESIAN_POINT('',(15.,7.,0.));
#3418 = DIRECTION('',(0.,-0.,1.));
#3419 = DIRECTION('',(1.110223024625E-16,1.,0.));
#3420 = CARTESIAN_POINT('',(15.075,7.,0.));
#3421 = CARTESIAN_POINT('',(14.925,7.,0.));
#3422 = TRIMMED_CURVE('',#3423,(#3427,PARAMETER_VALUE(0.)),(#3428,
    PARAMETER_VALUE(24.)),.T.,.PARAMETER.);
#3423 = LINE('',#3424,#3425);
#3424 = CARTESIAN_POINT('',(14.925,7.,0.));
#3425 = VECTOR('',#3426,1.);
#3426 = DIRECTION('',(-1.110223024625E-16,-1.,0.));
#3427 = CARTESIAN_POINT('',(14.925,7.,0.));
#3428 = CARTESIAN_POINT('',(14.925,-17.,0.));
#3429 = GEOMETRIC_CURVE_SET('',(#3430));
#3430 = TRIMMED_CURVE('',#3431,(#3436,PARAMETER_VALUE(0.)),(#3437,
    PARAMETER_VALUE(6.28318530718)),.T.,.PARAMETER.);
#3431 = CIRCLE('',#3432,2.3110679775);
#3432 = AXIS2_PLACEMENT_3D('',#3433,#3434,#3435);
#3433 = CARTESIAN_POINT('',(-10.,-5.,0.));
#3434 = DIRECTION('',(0.,0.,1.));
#3435 = DIRECTION('',(1.,0.,-0.));
#3436 = CARTESIAN_POINT('',(-7.6889320225,-5.,0.));
#3437 = CARTESIAN_POINT('',(-7.6889320225,-5.,0.));
#3438 = GEOMETRIC_CURVE_SET('',(#3439));
#3439 = TRIMMED_CURVE('',#3440,(#3445,PARAMETER_VALUE(0.)),(#3446,
    PARAMETER_VALUE(6.28318530718)),.T.,.PARAMETER.);
#3440 = CIRCLE('',#3441,2.1610679775);
#3441 = AXIS2_PLACEMENT_3D('',#3442,#3443,#3444);
#3442 = CARTESIAN_POINT('',(-10.,-5.,0.));
#3443 = DIRECTION('',(0.,0.,1.));
#3444 = DIRECTION('',(1.,0.,-0.));
#3445 = CARTESIAN_POINT('',(-7.8389320225,-5.,0.));
#3446 = CARTESIAN_POINT('',(-7.8389320225,-5.,0.));
#3447 = GEOMETRIC_CURVE_SET('',(#3448));
#3448 = TRIMMED_CURVE('',#3449,(#3454,PARAMETER_VALUE(0.)),(#3455,
    PARAMETER_VALUE(6.28318530718)),.T.,.PARAMETER.);
#3449 = CIRCLE('',#3450,2.3110679775);
#3450 = AXIS2_PLACEMENT_3D('',#3451,#3452,#3453);
#3451 = CARTESIAN_POINT('',(10.,-5.,0.));
#3452 = DIRECTION('',(0.,0.,1.));
#3453 = DIRECTION('',(1.,0.,-0.));
#3454 = CARTESIAN_POINT('',(12.3110679775,-5.,0.));
#3455 = CARTESIAN_POINT('',(12.3110679775,-5.,0.));
#3456 = GEOMETRIC_CURVE_SET('',(#3457));
#3457 = TRIMMED_CURVE('',#3458,(#3463,PARAMETER_VALUE(0.)),(#3464,
    PARAMETER_VALUE(6.28318530718)),.T.,.PARAMETER.);
#3458 = CIRCLE('',#3459,2.1610679775);
#3459 = AXIS2_PLACEMENT_3D('',#3460,#3461,#3462);
#3460 = CARTESIAN_POINT('',(10.,-5.,0.));
#3461 = DIRECTION('',(0.,0.,1.));
#3462 = DIRECTION('',(1.,0.,-0.));
#3463 = CARTESIAN_POINT('',(12.1610679775,-5.,0.));
#3464 = CARTESIAN_POINT('',(12.1610679775,-5.,0.));
#3465 = ( GEOMETRIC_REPRESENTATION_CONTEXT(3) 
GLOBAL_UNCERTAINTY_ASSIGNED_CONTEXT((#3469)) 
GLOBAL_UNIT_ASSIGNED_CONTEXT((#3466,#3467,#3468)) REPRESENTATION_CONTEXT
('Context #1','3D Context with UNIT and UNCERTAINTY') );
#3466 = ( LENGTH_UNIT() NAMED_UNIT(*) SI_UNIT(.MILLI.,.METRE.) );
#3467 = ( NAMED_UNIT(*) PLANE_ANGLE_UNIT() SI_UNIT($,.RADIAN.) );
#3468 = ( NAMED_UNIT(*) SI_UNIT($,.STERADIAN.) SOLID_ANGLE_UNIT() );
#3469 = UNCERTAINTY_MEASURE_WITH_UNIT(LENGTH_MEASURE(1.E-07),#3466,
  'distance_accuracy_value','confusion accuracy');
#3470 = CONTEXT_DEPENDENT_SHAPE_REPRESENTATION(#3471,#3473);
#3471 = ( REPRESENTATION_RELATIONSHIP('','',#3211,#10) 
REPRESENTATION_RELATIONSHIP_WITH_TRANSFORMATION(#3472) 
SHAPE_REPRESENTATION_RELATIONSHIP() );
#3472 = ITEM_DEFINED_TRANSFORMATION('','',#11,#31);
#3473 = PRODUCT_DEFINITION_SHAPE('Placement','Placement of an item',
  #3474);
#3474 = NEXT_ASSEMBLY_USAGE_OCCURRENCE('15','F.SilkS_outline_','',#5,
  #3206,$);
#3475 = PRODUCT_RELATED_PRODUCT_CATEGORY('part',$,(#3208));
#3476 = SHAPE_DEFINITION_REPRESENTATION(#3477,#3483);
#3477 = PRODUCT_DEFINITION_SHAPE('','',#3478);
#3478 = PRODUCT_DEFINITION('design','',#3479,#3482);
#3479 = PRODUCT_DEFINITION_FORMATION('','',#3480);
#3480 = PRODUCT('F.CrtYd_','F.CrtYd_','',(#3481));
#3481 = PRODUCT_CONTEXT('',#2,'mechanical');
#3482 = PRODUCT_DEFINITION_CONTEXT('part definition',#2,'design');
#3483 = SHAPE_REPRESENTATION('',(#11,#3484,#3493,#3502,#3511,#3520,#3529
    ),#3538);
#3484 = GEOMETRIC_CURVE_SET('',(#3485));
#3485 = TRIMMED_CURVE('',#3486,(#3491,PARAMETER_VALUE(0.)),(#3492,
    PARAMETER_VALUE(6.28318530718)),.T.,.PARAMETER.);
#3486 = CIRCLE('',#3487,2.2360679775);
#3487 = AXIS2_PLACEMENT_3D('',#3488,#3489,#3490);
#3488 = CARTESIAN_POINT('',(-10.,-5.,0.));
#3489 = DIRECTION('',(0.,0.,1.));
#3490 = DIRECTION('',(1.,0.,-0.));
#3491 = CARTESIAN_POINT('',(-7.7639320225,-5.,0.));
#3492 = CARTESIAN_POINT('',(-7.7639320225,-5.,0.));
#3493 = GEOMETRIC_CURVE_SET('',(#3494));
#3494 = TRIMMED_CURVE('',#3495,(#3500,PARAMETER_VALUE(0.)),(#3501,
    PARAMETER_VALUE(6.28318530718)),.T.,.PARAMETER.);
#3495 = CIRCLE('',#3496,1.118034);
#3496 = AXIS2_PLACEMENT_3D('',#3497,#3498,#3499);
#3497 = CARTESIAN_POINT('',(-10.,-8.5,0.));
#3498 = DIRECTION('',(0.,0.,1.));
#3499 = DIRECTION('',(1.,0.,-0.));
#3500 = CARTESIAN_POINT('',(-8.881966,-8.5,0.));
#3501 = CARTESIAN_POINT('',(-8.881966,-8.5,0.));
#3502 = GEOMETRIC_CURVE_SET('',(#3503));
#3503 = TRIMMED_CURVE('',#3504,(#3509,PARAMETER_VALUE(0.)),(#3510,
    PARAMETER_VALUE(6.28318530718)),.T.,.PARAMETER.);
#3504 = CIRCLE('',#3505,1.118034);
#3505 = AXIS2_PLACEMENT_3D('',#3506,#3507,#3508);
#3506 = CARTESIAN_POINT('',(-6.5,-5.,0.));
#3507 = DIRECTION('',(0.,0.,1.));
#3508 = DIRECTION('',(1.,0.,-0.));
#3509 = CARTESIAN_POINT('',(-5.381966,-5.,0.));
#3510 = CARTESIAN_POINT('',(-5.381966,-5.,0.));
#3511 = GEOMETRIC_CURVE_SET('',(#3512));
#3512 = TRIMMED_CURVE('',#3513,(#3518,PARAMETER_VALUE(0.)),(#3519,
    PARAMETER_VALUE(6.28318530718)),.T.,.PARAMETER.);
#3513 = CIRCLE('',#3514,1.118034);
#3514 = AXIS2_PLACEMENT_3D('',#3515,#3516,#3517);
#3515 = CARTESIAN_POINT('',(6.5,-5.,0.));
#3516 = DIRECTION('',(0.,0.,1.));
#3517 = DIRECTION('',(1.,0.,-0.));
#3518 = CARTESIAN_POINT('',(7.618034,-5.,0.));
#3519 = CARTESIAN_POINT('',(7.618034,-5.,0.));
#3520 = GEOMETRIC_CURVE_SET('',(#3521));
#3521 = TRIMMED_CURVE('',#3522,(#3527,PARAMETER_VALUE(0.)),(#3528,
    PARAMETER_VALUE(6.28318530718)),.T.,.PARAMETER.);
#3522 = CIRCLE('',#3523,2.2360679775);
#3523 = AXIS2_PLACEMENT_3D('',#3524,#3525,#3526);
#3524 = CARTESIAN_POINT('',(10.,-5.,0.));
#3525 = DIRECTION('',(0.,0.,1.));
#3526 = DIRECTION('',(1.,0.,-0.));
#3527 = CARTESIAN_POINT('',(12.2360679775,-5.,0.));
#3528 = CARTESIAN_POINT('',(12.2360679775,-5.,0.));
#3529 = GEOMETRIC_CURVE_SET('',(#3530));
#3530 = TRIMMED_CURVE('',#3531,(#3536,PARAMETER_VALUE(0.)),(#3537,
    PARAMETER_VALUE(6.28318530718)),.T.,.PARAMETER.);
#3531 = CIRCLE('',#3532,1.118034);
#3532 = AXIS2_PLACEMENT_3D('',#3533,#3534,#3535);
#3533 = CARTESIAN_POINT('',(10.,-8.5,0.));
#3534 = DIRECTION('',(0.,0.,1.));
#3535 = DIRECTION('',(1.,0.,-0.));
#3536 = CARTESIAN_POINT('',(11.118034,-8.5,0.));
#3537 = CARTESIAN_POINT('',(11.118034,-8.5,0.));
#3538 = ( GEOMETRIC_REPRESENTATION_CONTEXT(3) 
GLOBAL_UNCERTAINTY_ASSIGNED_CONTEXT((#3542)) 
GLOBAL_UNIT_ASSIGNED_CONTEXT((#3539,#3540,#3541)) REPRESENTATION_CONTEXT
('Context #1','3D Context with UNIT and UNCERTAINTY') );
#3539 = ( LENGTH_UNIT() NAMED_UNIT(*) SI_UNIT(.MILLI.,.METRE.) );
#3540 = ( NAMED_UNIT(*) PLANE_ANGLE_UNIT() SI_UNIT($,.RADIAN.) );
#3541 = ( NAMED_UNIT(*) SI_UNIT($,.STERADIAN.) SOLID_ANGLE_UNIT() );
#3542 = UNCERTAINTY_MEASURE_WITH_UNIT(LENGTH_MEASURE(1.E-07),#3539,
  'distance_accuracy_value','confusion accuracy');
#3543 = CONTEXT_DEPENDENT_SHAPE_REPRESENTATION(#3544,#3546);
#3544 = ( REPRESENTATION_RELATIONSHIP('','',#3483,#10) 
REPRESENTATION_RELATIONSHIP_WITH_TRANSFORMATION(#3545) 
SHAPE_REPRESENTATION_RELATIONSHIP() );
#3545 = ITEM_DEFINED_TRANSFORMATION('','',#11,#35);
#3546 = PRODUCT_DEFINITION_SHAPE('Placement','Placement of an item',
  #3547);
#3547 = NEXT_ASSEMBLY_USAGE_OCCURRENCE('16','F.CrtYd_','',#5,#3478,$);
#3548 = PRODUCT_RELATED_PRODUCT_CATEGORY('part',$,(#3480));
#3549 = SHAPE_DEFINITION_REPRESENTATION(#3550,#3556);
#3550 = PRODUCT_DEFINITION_SHAPE('','',#3551);
#3551 = PRODUCT_DEFINITION('design','',#3552,#3555);
#3552 = PRODUCT_DEFINITION_FORMATION('','',#3553);
#3553 = PRODUCT('F.CrtYd_outline_','F.CrtYd_outline_','',(#3554));
#3554 = PRODUCT_CONTEXT('',#2,'mechanical');
#3555 = PRODUCT_DEFINITION_CONTEXT('part definition',#2,'design');
#3556 = SHAPE_REPRESENTATION('',(#11,#3557,#3566,#3575,#3584,#3593,#3602
    ,#3611,#3620,#3629,#3638,#3647,#3656),#3665);
#3557 = GEOMETRIC_CURVE_SET('',(#3558));
#3558 = TRIMMED_CURVE('',#3559,(#3564,PARAMETER_VALUE(0.)),(#3565,
    PARAMETER_VALUE(6.28318530718)),.T.,.PARAMETER.);
#3559 = CIRCLE('',#3560,2.3110679775);
#3560 = AXIS2_PLACEMENT_3D('',#3561,#3562,#3563);
#3561 = CARTESIAN_POINT('',(-10.,-5.,0.));
#3562 = DIRECTION('',(0.,0.,1.));
#3563 = DIRECTION('',(1.,0.,-0.));
#3564 = CARTESIAN_POINT('',(-7.6889320225,-5.,0.));
#3565 = CARTESIAN_POINT('',(-7.6889320225,-5.,0.));
#3566 = GEOMETRIC_CURVE_SET('',(#3567));
#3567 = TRIMMED_CURVE('',#3568,(#3573,PARAMETER_VALUE(0.)),(#3574,
    PARAMETER_VALUE(6.28318530718)),.T.,.PARAMETER.);
#3568 = CIRCLE('',#3569,2.1610679775);
#3569 = AXIS2_PLACEMENT_3D('',#3570,#3571,#3572);
#3570 = CARTESIAN_POINT('',(-10.,-5.,0.));
#3571 = DIRECTION('',(0.,0.,1.));
#3572 = DIRECTION('',(1.,0.,-0.));
#3573 = CARTESIAN_POINT('',(-7.8389320225,-5.,0.));
#3574 = CARTESIAN_POINT('',(-7.8389320225,-5.,0.));
#3575 = GEOMETRIC_CURVE_SET('',(#3576));
#3576 = TRIMMED_CURVE('',#3577,(#3582,PARAMETER_VALUE(0.)),(#3583,
    PARAMETER_VALUE(6.28318530718)),.T.,.PARAMETER.);
#3577 = CIRCLE('',#3578,1.193034);
#3578 = AXIS2_PLACEMENT_3D('',#3579,#3580,#3581);
#3579 = CARTESIAN_POINT('',(-10.,-8.5,0.));
#3580 = DIRECTION('',(0.,0.,1.));
#3581 = DIRECTION('',(1.,0.,-0.));
#3582 = CARTESIAN_POINT('',(-8.806966,-8.5,0.));
#3583 = CARTESIAN_POINT('',(-8.806966,-8.5,0.));
#3584 = GEOMETRIC_CURVE_SET('',(#3585));
#3585 = TRIMMED_CURVE('',#3586,(#3591,PARAMETER_VALUE(0.)),(#3592,
    PARAMETER_VALUE(6.28318530718)),.T.,.PARAMETER.);
#3586 = CIRCLE('',#3587,1.043034);
#3587 = AXIS2_PLACEMENT_3D('',#3588,#3589,#3590);
#3588 = CARTESIAN_POINT('',(-10.,-8.5,0.));
#3589 = DIRECTION('',(0.,0.,1.));
#3590 = DIRECTION('',(1.,0.,-0.));
#3591 = CARTESIAN_POINT('',(-8.956966,-8.5,0.));
#3592 = CARTESIAN_POINT('',(-8.956966,-8.5,0.));
#3593 = GEOMETRIC_CURVE_SET('',(#3594));
#3594 = TRIMMED_CURVE('',#3595,(#3600,PARAMETER_VALUE(0.)),(#3601,
    PARAMETER_VALUE(6.28318530718)),.T.,.PARAMETER.);
#3595 = CIRCLE('',#3596,1.193034);
#3596 = AXIS2_PLACEMENT_3D('',#3597,#3598,#3599);
#3597 = CARTESIAN_POINT('',(-6.5,-5.,0.));
#3598 = DIRECTION('',(0.,0.,1.));
#3599 = DIRECTION('',(1.,0.,-0.));
#3600 = CARTESIAN_POINT('',(-5.306966,-5.,0.));
#3601 = CARTESIAN_POINT('',(-5.306966,-5.,0.));
#3602 = GEOMETRIC_CURVE_SET('',(#3603));
#3603 = TRIMMED_CURVE('',#3604,(#3609,PARAMETER_VALUE(0.)),(#3610,
    PARAMETER_VALUE(6.28318530718)),.T.,.PARAMETER.);
#3604 = CIRCLE('',#3605,1.043034);
#3605 = AXIS2_PLACEMENT_3D('',#3606,#3607,#3608);
#3606 = CARTESIAN_POINT('',(-6.5,-5.,0.));
#3607 = DIRECTION('',(0.,0.,1.));
#3608 = DIRECTION('',(1.,0.,-0.));
#3609 = CARTESIAN_POINT('',(-5.456966,-5.,0.));
#3610 = CARTESIAN_POINT('',(-5.456966,-5.,0.));
#3611 = GEOMETRIC_CURVE_SET('',(#3612));
#3612 = TRIMMED_CURVE('',#3613,(#3618,PARAMETER_VALUE(0.)),(#3619,
    PARAMETER_VALUE(6.28318530718)),.T.,.PARAMETER.);
#3613 = CIRCLE('',#3614,1.193034);
#3614 = AXIS2_PLACEMENT_3D('',#3615,#3616,#3617);
#3615 = CARTESIAN_POINT('',(6.5,-5.,0.));
#3616 = DIRECTION('',(0.,0.,1.));
#3617 = DIRECTION('',(1.,0.,-0.));
#3618 = CARTESIAN_POINT('',(7.693034,-5.,0.));
#3619 = CARTESIAN_POINT('',(7.693034,-5.,0.));
#3620 = GEOMETRIC_CURVE_SET('',(#3621));
#3621 = TRIMMED_CURVE('',#3622,(#3627,PARAMETER_VALUE(0.)),(#3628,
    PARAMETER_VALUE(6.28318530718)),.T.,.PARAMETER.);
#3622 = CIRCLE('',#3623,1.043034);
#3623 = AXIS2_PLACEMENT_3D('',#3624,#3625,#3626);
#3624 = CARTESIAN_POINT('',(6.5,-5.,0.));
#3625 = DIRECTION('',(0.,0.,1.));
#3626 = DIRECTION('',(1.,0.,-0.));
#3627 = CARTESIAN_POINT('',(7.543034,-5.,0.));
#3628 = CARTESIAN_POINT('',(7.543034,-5.,0.));
#3629 = GEOMETRIC_CURVE_SET('',(#3630));
#3630 = TRIMMED_CURVE('',#3631,(#3636,PARAMETER_VALUE(0.)),(#3637,
    PARAMETER_VALUE(6.28318530718)),.T.,.PARAMETER.);
#3631 = CIRCLE('',#3632,2.3110679775);
#3632 = AXIS2_PLACEMENT_3D('',#3633,#3634,#3635);
#3633 = CARTESIAN_POINT('',(10.,-5.,0.));
#3634 = DIRECTION('',(0.,0.,1.));
#3635 = DIRECTION('',(1.,0.,-0.));
#3636 = CARTESIAN_POINT('',(12.3110679775,-5.,0.));
#3637 = CARTESIAN_POINT('',(12.3110679775,-5.,0.));
#3638 = GEOMETRIC_CURVE_SET('',(#3639));
#3639 = TRIMMED_CURVE('',#3640,(#3645,PARAMETER_VALUE(0.)),(#3646,
    PARAMETER_VALUE(6.28318530718)),.T.,.PARAMETER.);
#3640 = CIRCLE('',#3641,2.1610679775);
#3641 = AXIS2_PLACEMENT_3D('',#3642,#3643,#3644);
#3642 = CARTESIAN_POINT('',(10.,-5.,0.));
#3643 = DIRECTION('',(0.,0.,1.));
#3644 = DIRECTION('',(1.,0.,-0.));
#3645 = CARTESIAN_POINT('',(12.1610679775,-5.,0.));
#3646 = CARTESIAN_POINT('',(12.1610679775,-5.,0.));
#3647 = GEOMETRIC_CURVE_SET('',(#3648));
#3648 = TRIMMED_CURVE('',#3649,(#3654,PARAMETER_VALUE(0.)),(#3655,
    PARAMETER_VALUE(6.28318530718)),.T.,.PARAMETER.);
#3649 = CIRCLE('',#3650,1.193034);
#3650 = AXIS2_PLACEMENT_3D('',#3651,#3652,#3653);
#3651 = CARTESIAN_POINT('',(10.,-8.5,0.));
#3652 = DIRECTION('',(0.,0.,1.));
#3653 = DIRECTION('',(1.,0.,-0.));
#3654 = CARTESIAN_POINT('',(11.193034,-8.5,0.));
#3655 = CARTESIAN_POINT('',(11.193034,-8.5,0.));
#3656 = GEOMETRIC_CURVE_SET('',(#3657));
#3657 = TRIMMED_CURVE('',#3658,(#3663,PARAMETER_VALUE(0.)),(#3664,
    PARAMETER_VALUE(6.28318530718)),.T.,.PARAMETER.);
#3658 = CIRCLE('',#3659,1.043034);
#3659 = AXIS2_PLACEMENT_3D('',#3660,#3661,#3662);
#3660 = CARTESIAN_POINT('',(10.,-8.5,0.));
#3661 = DIRECTION('',(0.,0.,1.));
#3662 = DIRECTION('',(1.,0.,-0.));
#3663 = CARTESIAN_POINT('',(11.043034,-8.5,0.));
#3664 = CARTESIAN_POINT('',(11.043034,-8.5,0.));
#3665 = ( GEOMETRIC_REPRESENTATION_CONTEXT(3) 
GLOBAL_UNCERTAINTY_ASSIGNED_CONTEXT((#3669)) 
GLOBAL_UNIT_ASSIGNED_CONTEXT((#3666,#3667,#3668)) REPRESENTATION_CONTEXT
('Context #1','3D Context with UNIT and UNCERTAINTY') );
#3666 = ( LENGTH_UNIT() NAMED_UNIT(*) SI_UNIT(.MILLI.,.METRE.) );
#3667 = ( NAMED_UNIT(*) PLANE_ANGLE_UNIT() SI_UNIT($,.RADIAN.) );
#3668 = ( NAMED_UNIT(*) SI_UNIT($,.STERADIAN.) SOLID_ANGLE_UNIT() );
#3669 = UNCERTAINTY_MEASURE_WITH_UNIT(LENGTH_MEASURE(1.E-07),#3666,
  'distance_accuracy_value','confusion accuracy');
#3670 = CONTEXT_DEPENDENT_SHAPE_REPRESENTATION(#3671,#3673);
#3671 = ( REPRESENTATION_RELATIONSHIP('','',#3556,#10) 
REPRESENTATION_RELATIONSHIP_WITH_TRANSFORMATION(#3672) 
SHAPE_REPRESENTATION_RELATIONSHIP() );
#3672 = ITEM_DEFINED_TRANSFORMATION('','',#11,#39);
#3673 = PRODUCT_DEFINITION_SHAPE('Placement','Placement of an item',
  #3674);
#3674 = NEXT_ASSEMBLY_USAGE_OCCURRENCE('17','F.CrtYd_outline_','',#5,
  #3551,$);
#3675 = PRODUCT_RELATED_PRODUCT_CATEGORY('part',$,(#3553));
#3676 = SHAPE_DEFINITION_REPRESENTATION(#3677,#3683);
#3677 = PRODUCT_DEFINITION_SHAPE('','',#3678);
#3678 = PRODUCT_DEFINITION('design','',#3679,#3682);
#3679 = PRODUCT_DEFINITION_FORMATION('','',#3680);
#3680 = PRODUCT('B.SilkS_','B.SilkS_','',(#3681));
#3681 = PRODUCT_CONTEXT('',#2,'mechanical');
#3682 = PRODUCT_DEFINITION_CONTEXT('part definition',#2,'design');
#3683 = SHAPE_REPRESENTATION('',(#11,#3684,#3693),#3702);
#3684 = GEOMETRIC_CURVE_SET('',(#3685));
#3685 = TRIMMED_CURVE('',#3686,(#3691,PARAMETER_VALUE(0.)),(#3692,
    PARAMETER_VALUE(6.28318530718)),.T.,.PARAMETER.);
#3686 = CIRCLE('',#3687,2.12132034356);
#3687 = AXIS2_PLACEMENT_3D('',#3688,#3689,#3690);
#3688 = CARTESIAN_POINT('',(-10.,-5.,0.));
#3689 = DIRECTION('',(0.,0.,1.));
#3690 = DIRECTION('',(1.,0.,-0.));
#3691 = CARTESIAN_POINT('',(-7.87867965644,-5.,0.));
#3692 = CARTESIAN_POINT('',(-7.87867965644,-5.,0.));
#3693 = GEOMETRIC_CURVE_SET('',(#3694));
#3694 = TRIMMED_CURVE('',#3695,(#3700,PARAMETER_VALUE(0.)),(#3701,
    PARAMETER_VALUE(6.28318530718)),.T.,.PARAMETER.);
#3695 = CIRCLE('',#3696,2.12132034356);
#3696 = AXIS2_PLACEMENT_3D('',#3697,#3698,#3699);
#3697 = CARTESIAN_POINT('',(10.,-5.,0.));
#3698 = DIRECTION('',(0.,0.,1.));
#3699 = DIRECTION('',(1.,0.,-0.));
#3700 = CARTESIAN_POINT('',(12.12132034356,-5.,0.));
#3701 = CARTESIAN_POINT('',(12.12132034356,-5.,0.));
#3702 = ( GEOMETRIC_REPRESENTATION_CONTEXT(3) 
GLOBAL_UNCERTAINTY_ASSIGNED_CONTEXT((#3706)) 
GLOBAL_UNIT_ASSIGNED_CONTEXT((#3703,#3704,#3705)) REPRESENTATION_CONTEXT
('Context #1','3D Context with UNIT and UNCERTAINTY') );
#3703 = ( LENGTH_UNIT() NAMED_UNIT(*) SI_UNIT(.MILLI.,.METRE.) );
#3704 = ( NAMED_UNIT(*) PLANE_ANGLE_UNIT() SI_UNIT($,.RADIAN.) );
#3705 = ( NAMED_UNIT(*) SI_UNIT($,.STERADIAN.) SOLID_ANGLE_UNIT() );
#3706 = UNCERTAINTY_MEASURE_WITH_UNIT(LENGTH_MEASURE(1.E-07),#3703,
  'distance_accuracy_value','confusion accuracy');
#3707 = CONTEXT_DEPENDENT_SHAPE_REPRESENTATION(#3708,#3710);
#3708 = ( REPRESENTATION_RELATIONSHIP('','',#3683,#10) 
REPRESENTATION_RELATIONSHIP_WITH_TRANSFORMATION(#3709) 
SHAPE_REPRESENTATION_RELATIONSHIP() );
#3709 = ITEM_DEFINED_TRANSFORMATION('','',#11,#43);
#3710 = PRODUCT_DEFINITION_SHAPE('Placement','Placement of an item',
  #3711);
#3711 = NEXT_ASSEMBLY_USAGE_OCCURRENCE('18','B.SilkS_','',#5,#3678,$);
#3712 = PRODUCT_RELATED_PRODUCT_CATEGORY('part',$,(#3680));
#3713 = SHAPE_DEFINITION_REPRESENTATION(#3714,#3720);
#3714 = PRODUCT_DEFINITION_SHAPE('','',#3715);
#3715 = PRODUCT_DEFINITION('design','',#3716,#3719);
#3716 = PRODUCT_DEFINITION_FORMATION('','',#3717);
#3717 = PRODUCT('B.SilkS_outline_','B.SilkS_outline_','',(#3718));
#3718 = PRODUCT_CONTEXT('',#2,'mechanical');
#3719 = PRODUCT_DEFINITION_CONTEXT('part definition',#2,'design');
#3720 = SHAPE_REPRESENTATION('',(#11,#3721,#3730,#3739,#3748),#3757);
#3721 = GEOMETRIC_CURVE_SET('',(#3722));
#3722 = TRIMMED_CURVE('',#3723,(#3728,PARAMETER_VALUE(0.)),(#3729,
    PARAMETER_VALUE(6.28318530718)),.T.,.PARAMETER.);
#3723 = CIRCLE('',#3724,2.19632034356);
#3724 = AXIS2_PLACEMENT_3D('',#3725,#3726,#3727);
#3725 = CARTESIAN_POINT('',(-10.,-5.,0.));
#3726 = DIRECTION('',(0.,0.,1.));
#3727 = DIRECTION('',(1.,0.,-0.));
#3728 = CARTESIAN_POINT('',(-7.80367965644,-5.,0.));
#3729 = CARTESIAN_POINT('',(-7.80367965644,-5.,0.));
#3730 = GEOMETRIC_CURVE_SET('',(#3731));
#3731 = TRIMMED_CURVE('',#3732,(#3737,PARAMETER_VALUE(0.)),(#3738,
    PARAMETER_VALUE(6.28318530718)),.T.,.PARAMETER.);
#3732 = CIRCLE('',#3733,2.04632034356);
#3733 = AXIS2_PLACEMENT_3D('',#3734,#3735,#3736);
#3734 = CARTESIAN_POINT('',(-10.,-5.,0.));
#3735 = DIRECTION('',(0.,0.,1.));
#3736 = DIRECTION('',(1.,0.,-0.));
#3737 = CARTESIAN_POINT('',(-7.95367965644,-5.,0.));
#3738 = CARTESIAN_POINT('',(-7.95367965644,-5.,0.));
#3739 = GEOMETRIC_CURVE_SET('',(#3740));
#3740 = TRIMMED_CURVE('',#3741,(#3746,PARAMETER_VALUE(0.)),(#3747,
    PARAMETER_VALUE(6.28318530718)),.T.,.PARAMETER.);
#3741 = CIRCLE('',#3742,2.19632034356);
#3742 = AXIS2_PLACEMENT_3D('',#3743,#3744,#3745);
#3743 = CARTESIAN_POINT('',(10.,-5.,0.));
#3744 = DIRECTION('',(0.,0.,1.));
#3745 = DIRECTION('',(1.,0.,-0.));
#3746 = CARTESIAN_POINT('',(12.19632034356,-5.,0.));
#3747 = CARTESIAN_POINT('',(12.19632034356,-5.,0.));
#3748 = GEOMETRIC_CURVE_SET('',(#3749));
#3749 = TRIMMED_CURVE('',#3750,(#3755,PARAMETER_VALUE(0.)),(#3756,
    PARAMETER_VALUE(6.28318530718)),.T.,.PARAMETER.);
#3750 = CIRCLE('',#3751,2.04632034356);
#3751 = AXIS2_PLACEMENT_3D('',#3752,#3753,#3754);
#3752 = CARTESIAN_POINT('',(10.,-5.,0.));
#3753 = DIRECTION('',(0.,0.,1.));
#3754 = DIRECTION('',(1.,0.,-0.));
#3755 = CARTESIAN_POINT('',(12.04632034356,-5.,0.));
#3756 = CARTESIAN_POINT('',(12.04632034356,-5.,0.));
#3757 = ( GEOMETRIC_REPRESENTATION_CONTEXT(3) 
GLOBAL_UNCERTAINTY_ASSIGNED_CONTEXT((#3761)) 
GLOBAL_UNIT_ASSIGNED_CONTEXT((#3758,#3759,#3760)) REPRESENTATION_CONTEXT
('Context #1','3D Context with UNIT and UNCERTAINTY') );
#3758 = ( LENGTH_UNIT() NAMED_UNIT(*) SI_UNIT(.MILLI.,.METRE.) );
#3759 = ( NAMED_UNIT(*) PLANE_ANGLE_UNIT() SI_UNIT($,.RADIAN.) );
#3760 = ( NAMED_UNIT(*) SI_UNIT($,.STERADIAN.) SOLID_ANGLE_UNIT() );
#3761 = UNCERTAINTY_MEASURE_WITH_UNIT(LENGTH_MEASURE(1.E-07),#3758,
  'distance_accuracy_value','confusion accuracy');
#3762 = CONTEXT_DEPENDENT_SHAPE_REPRESENTATION(#3763,#3765);
#3763 = ( REPRESENTATION_RELATIONSHIP('','',#3720,#10) 
REPRESENTATION_RELATIONSHIP_WITH_TRANSFORMATION(#3764) 
SHAPE_REPRESENTATION_RELATIONSHIP() );
#3764 = ITEM_DEFINED_TRANSFORMATION('','',#11,#47);
#3765 = PRODUCT_DEFINITION_SHAPE('Placement','Placement of an item',
  #3766);
#3766 = NEXT_ASSEMBLY_USAGE_OCCURRENCE('19','B.SilkS_outline_','',#5,
  #3715,$);
#3767 = PRODUCT_RELATED_PRODUCT_CATEGORY('part',$,(#3717));
#3768 = SHAPE_DEFINITION_REPRESENTATION(#3769,#3775);
#3769 = PRODUCT_DEFINITION_SHAPE('','',#3770);
#3770 = PRODUCT_DEFINITION('design','',#3771,#3774);
#3771 = PRODUCT_DEFINITION_FORMATION('','',#3772);
#3772 = PRODUCT('PCB','PCB','',(#3773));
#3773 = PRODUCT_CONTEXT('',#2,'mechanical');
#3774 = PRODUCT_DEFINITION_CONTEXT('part definition',#2,'design');
#3775 = ADVANCED_BREP_SHAPE_REPRESENTATION('',(#11,#3776),#5110);
#3776 = MANIFOLD_SOLID_BREP('',#3777);
#3777 = CLOSED_SHELL('',(#3778,#3818,#3849,#4193,#4217,#4554,#4566,#4588
    ,#4600,#4622,#4634,#4656,#4668,#4690,#4702,#4724,#4736,#4758,#4770,
    #4792,#4804,#4826,#4838,#4860,#4872,#4894,#4906,#4928,#4940,#4962,
    #4974,#4996,#5008,#5030,#5042,#5064,#5076,#5098));
#3778 = ADVANCED_FACE('',(#3779),#3813,.F.);
#3779 = FACE_BOUND('',#3780,.F.);
#3780 = EDGE_LOOP('',(#3781,#3791,#3799,#3807));
#3781 = ORIENTED_EDGE('',*,*,#3782,.F.);
#3782 = EDGE_CURVE('',#3783,#3785,#3787,.T.);
#3783 = VERTEX_POINT('',#3784);
#3784 = CARTESIAN_POINT('',(-22.6125,-23.11181645694,-1.59));
#3785 = VERTEX_POINT('',#3786);
#3786 = CARTESIAN_POINT('',(-22.6125,-23.11181645694,-1.E-02));
#3787 = LINE('',#3788,#3789);
#3788 = CARTESIAN_POINT('',(-22.6125,-23.11181645694,-1.59));
#3789 = VECTOR('',#3790,1.);
#3790 = DIRECTION('',(0.,0.,1.));
#3791 = ORIENTED_EDGE('',*,*,#3792,.T.);
#3792 = EDGE_CURVE('',#3783,#3793,#3795,.T.);
#3793 = VERTEX_POINT('',#3794);
#3794 = CARTESIAN_POINT('',(-22.6125,13.112363291389,-1.59));
#3795 = LINE('',#3796,#3797);
#3796 = CARTESIAN_POINT('',(-22.6125,-23.11181645694,-1.59));
#3797 = VECTOR('',#3798,1.);
#3798 = DIRECTION('',(-0.,1.,0.));
#3799 = ORIENTED_EDGE('',*,*,#3800,.T.);
#3800 = EDGE_CURVE('',#3793,#3801,#3803,.T.);
#3801 = VERTEX_POINT('',#3802);
#3802 = CARTESIAN_POINT('',(-22.6125,13.112363291389,-1.E-02));
#3803 = LINE('',#3804,#3805);
#3804 = CARTESIAN_POINT('',(-22.6125,13.112363291389,-1.59));
#3805 = VECTOR('',#3806,1.);
#3806 = DIRECTION('',(0.,0.,1.));
#3807 = ORIENTED_EDGE('',*,*,#3808,.F.);
#3808 = EDGE_CURVE('',#3785,#3801,#3809,.T.);
#3809 = LINE('',#3810,#3811);
#3810 = CARTESIAN_POINT('',(-22.6125,-23.11181645694,-1.E-02));
#3811 = VECTOR('',#3812,1.);
#3812 = DIRECTION('',(-0.,1.,0.));
#3813 = PLANE('',#3814);
#3814 = AXIS2_PLACEMENT_3D('',#3815,#3816,#3817);
#3815 = CARTESIAN_POINT('',(-22.6125,-23.11181645694,-1.59));
#3816 = DIRECTION('',(1.,0.,-0.));
#3817 = DIRECTION('',(0.,0.,1.));
#3818 = ADVANCED_FACE('',(#3819),#3844,.F.);
#3819 = FACE_BOUND('',#3820,.F.);
#3820 = EDGE_LOOP('',(#3821,#3829,#3830,#3838));
#3821 = ORIENTED_EDGE('',*,*,#3822,.F.);
#3822 = EDGE_CURVE('',#3783,#3823,#3825,.T.);
#3823 = VERTEX_POINT('',#3824);
#3824 = CARTESIAN_POINT('',(22.6125,-23.11181645694,-1.59));
#3825 = LINE('',#3826,#3827);
#3826 = CARTESIAN_POINT('',(-22.6125,-23.11181645694,-1.59));
#3827 = VECTOR('',#3828,1.);
#3828 = DIRECTION('',(1.,0.,-0.));
#3829 = ORIENTED_EDGE('',*,*,#3782,.T.);
#3830 = ORIENTED_EDGE('',*,*,#3831,.T.);
#3831 = EDGE_CURVE('',#3785,#3832,#3834,.T.);
#3832 = VERTEX_POINT('',#3833);
#3833 = CARTESIAN_POINT('',(22.6125,-23.11181645694,-1.E-02));
#3834 = LINE('',#3835,#3836);
#3835 = CARTESIAN_POINT('',(-22.6125,-23.11181645694,-1.E-02));
#3836 = VECTOR('',#3837,1.);
#3837 = DIRECTION('',(1.,0.,-0.));
#3838 = ORIENTED_EDGE('',*,*,#3839,.F.);
#3839 = EDGE_CURVE('',#3823,#3832,#3840,.T.);
#3840 = LINE('',#3841,#3842);
#3841 = CARTESIAN_POINT('',(22.6125,-23.11181645694,-1.59));
#3842 = VECTOR('',#3843,1.);
#3843 = DIRECTION('',(0.,0.,1.));
#3844 = PLANE('',#3845);
#3845 = AXIS2_PLACEMENT_3D('',#3846,#3847,#3848);
#3846 = CARTESIAN_POINT('',(-22.6125,-23.11181645694,-1.59));
#3847 = DIRECTION('',(-0.,1.,0.));
#3848 = DIRECTION('',(0.,0.,1.));
#3849 = ADVANCED_FACE('',(#3850,#3868,#3888,#3908,#3928,#3948,#3968,
    #3988,#4008,#4028,#4048,#4068,#4088,#4108,#4128,#4148,#4168),#4188,
  .T.);
#3850 = FACE_BOUND('',#3851,.T.);
#3851 = EDGE_LOOP('',(#3852,#3853,#3854,#3862));
#3852 = ORIENTED_EDGE('',*,*,#3808,.F.);
#3853 = ORIENTED_EDGE('',*,*,#3831,.T.);
#3854 = ORIENTED_EDGE('',*,*,#3855,.T.);
#3855 = EDGE_CURVE('',#3832,#3856,#3858,.T.);
#3856 = VERTEX_POINT('',#3857);
#3857 = CARTESIAN_POINT('',(22.6125,13.112363291389,-1.E-02));
#3858 = LINE('',#3859,#3860);
#3859 = CARTESIAN_POINT('',(22.6125,-23.11181645694,-1.E-02));
#3860 = VECTOR('',#3861,1.);
#3861 = DIRECTION('',(-0.,1.,0.));
#3862 = ORIENTED_EDGE('',*,*,#3863,.F.);
#3863 = EDGE_CURVE('',#3801,#3856,#3864,.T.);
#3864 = LINE('',#3865,#3866);
#3865 = CARTESIAN_POINT('',(-22.6125,13.112363291389,-1.E-02));
#3866 = VECTOR('',#3867,1.);
#3867 = DIRECTION('',(1.,0.,-0.));
#3868 = FACE_BOUND('',#3869,.T.);
#3869 = EDGE_LOOP('',(#3870,#3881));
#3870 = ORIENTED_EDGE('',*,*,#3871,.T.);
#3871 = EDGE_CURVE('',#3872,#3874,#3876,.T.);
#3872 = VERTEX_POINT('',#3873);
#3873 = CARTESIAN_POINT('',(-10.0277032,-7.7066835,-1.E-02));
#3874 = VERTEX_POINT('',#3875);
#3875 = CARTESIAN_POINT('',(-9.9722967,-9.2933164,-1.E-02));
#3876 = CIRCLE('',#3877,0.793800012535);
#3877 = AXIS2_PLACEMENT_3D('',#3878,#3879,#3880);
#3878 = CARTESIAN_POINT('',(-10.00000001253,-8.499999952184,-1.E-02));
#3879 = DIRECTION('',(0.,0.,-1.));
#3880 = DIRECTION('',(-1.,0.,0.));
#3881 = ORIENTED_EDGE('',*,*,#3882,.T.);
#3882 = EDGE_CURVE('',#3874,#3872,#3883,.T.);
#3883 = CIRCLE('',#3884,0.793800012535);
#3884 = AXIS2_PLACEMENT_3D('',#3885,#3886,#3887);
#3885 = CARTESIAN_POINT('',(-9.999999887465,-8.499999947816,-1.E-02));
#3886 = DIRECTION('',(0.,0.,-1.));
#3887 = DIRECTION('',(-1.,0.,0.));
#3888 = FACE_BOUND('',#3889,.T.);
#3889 = EDGE_LOOP('',(#3890,#3901));
#3890 = ORIENTED_EDGE('',*,*,#3891,.T.);
#3891 = EDGE_CURVE('',#3892,#3894,#3896,.T.);
#3892 = VERTEX_POINT('',#3893);
#3893 = CARTESIAN_POINT('',(-9.9999999,-3.91995,-1.E-02));
#3894 = VERTEX_POINT('',#3895);
#3895 = CARTESIAN_POINT('',(-9.9999999,-6.08005,-1.E-02));
#3896 = CIRCLE('',#3897,1.08005);
#3897 = AXIS2_PLACEMENT_3D('',#3898,#3899,#3900);
#3898 = CARTESIAN_POINT('',(-10.,-5.,-1.E-02));
#3899 = DIRECTION('',(0.,0.,-1.));
#3900 = DIRECTION('',(-1.,0.,0.));
#3901 = ORIENTED_EDGE('',*,*,#3902,.T.);
#3902 = EDGE_CURVE('',#3894,#3892,#3903,.T.);
#3903 = CIRCLE('',#3904,1.08005);
#3904 = AXIS2_PLACEMENT_3D('',#3905,#3906,#3907);
#3905 = CARTESIAN_POINT('',(-10.,-5.,-1.E-02));
#3906 = DIRECTION('',(0.,0.,-1.));
#3907 = DIRECTION('',(-1.,0.,0.));
#3908 = FACE_BOUND('',#3909,.T.);
#3909 = EDGE_LOOP('',(#3910,#3921));
#3910 = ORIENTED_EDGE('',*,*,#3911,.T.);
#3911 = EDGE_CURVE('',#3912,#3914,#3916,.T.);
#3912 = VERTEX_POINT('',#3913);
#3913 = CARTESIAN_POINT('',(-6.5277032,-4.2066835,-1.E-02));
#3914 = VERTEX_POINT('',#3915);
#3915 = CARTESIAN_POINT('',(-6.4722967,-5.7933164,-1.E-02));
#3916 = CIRCLE('',#3917,0.793800012535);
#3917 = AXIS2_PLACEMENT_3D('',#3918,#3919,#3920);
#3918 = CARTESIAN_POINT('',(-6.500000012535,-4.999999952184,-1.E-02));
#3919 = DIRECTION('',(0.,0.,-1.));
#3920 = DIRECTION('',(-1.,0.,0.));
#3921 = ORIENTED_EDGE('',*,*,#3922,.T.);
#3922 = EDGE_CURVE('',#3914,#3912,#3923,.T.);
#3923 = CIRCLE('',#3924,0.793800012535);
#3924 = AXIS2_PLACEMENT_3D('',#3925,#3926,#3927);
#3925 = CARTESIAN_POINT('',(-6.499999987465,-4.999999951308,-1.E-02));
#3926 = DIRECTION('',(0.,0.,-1.));
#3927 = DIRECTION('',(-1.,0.,0.));
#3928 = FACE_BOUND('',#3929,.T.);
#3929 = EDGE_LOOP('',(#3930,#3941));
#3930 = ORIENTED_EDGE('',*,*,#3931,.T.);
#3931 = EDGE_CURVE('',#3932,#3934,#3936,.T.);
#3932 = VERTEX_POINT('',#3933);
#3933 = CARTESIAN_POINT('',(9.9722967,-7.7066835,-1.E-02));
#3934 = VERTEX_POINT('',#3935);
#3935 = CARTESIAN_POINT('',(10.0277032,-9.2933164,-1.E-02));
#3936 = CIRCLE('',#3937,0.793800012535);
#3937 = AXIS2_PLACEMENT_3D('',#3938,#3939,#3940);
#3938 = CARTESIAN_POINT('',(9.999999887465,-8.499999952184,-1.E-02));
#3939 = DIRECTION('',(0.,0.,-1.));
#3940 = DIRECTION('',(-1.,0.,0.));
#3941 = ORIENTED_EDGE('',*,*,#3942,.T.);
#3942 = EDGE_CURVE('',#3934,#3932,#3943,.T.);
#3943 = CIRCLE('',#3944,0.793800012535);
#3944 = AXIS2_PLACEMENT_3D('',#3945,#3946,#3947);
#3945 = CARTESIAN_POINT('',(10.000000012535,-8.499999947816,-1.E-02));
#3946 = DIRECTION('',(0.,0.,-1.));
#3947 = DIRECTION('',(-1.,0.,0.));
#3948 = FACE_BOUND('',#3949,.T.);
#3949 = EDGE_LOOP('',(#3950,#3961));
#3950 = ORIENTED_EDGE('',*,*,#3951,.T.);
#3951 = EDGE_CURVE('',#3952,#3954,#3956,.T.);
#3952 = VERTEX_POINT('',#3953);
#3953 = CARTESIAN_POINT('',(6.4722967,-4.2066835,-1.E-02));
#3954 = VERTEX_POINT('',#3955);
#3955 = CARTESIAN_POINT('',(6.5277032,-5.7933164,-1.E-02));
#3956 = CIRCLE('',#3957,0.793800012535);
#3957 = AXIS2_PLACEMENT_3D('',#3958,#3959,#3960);
#3958 = CARTESIAN_POINT('',(6.499999987465,-4.999999948692,-1.E-02));
#3959 = DIRECTION('',(0.,0.,-1.));
#3960 = DIRECTION('',(-1.,0.,0.));
#3961 = ORIENTED_EDGE('',*,*,#3962,.T.);
#3962 = EDGE_CURVE('',#3954,#3952,#3963,.T.);
#3963 = CIRCLE('',#3964,0.793800012535);
#3964 = AXIS2_PLACEMENT_3D('',#3965,#3966,#3967);
#3965 = CARTESIAN_POINT('',(6.500000012535,-4.999999947816,-1.E-02));
#3966 = DIRECTION('',(0.,0.,-1.));
#3967 = DIRECTION('',(-1.,0.,0.));
#3968 = FACE_BOUND('',#3969,.T.);
#3969 = EDGE_LOOP('',(#3970,#3981));
#3970 = ORIENTED_EDGE('',*,*,#3971,.T.);
#3971 = EDGE_CURVE('',#3972,#3974,#3976,.T.);
#3972 = VERTEX_POINT('',#3973);
#3973 = CARTESIAN_POINT('',(10.,-3.91995,-1.E-02));
#3974 = VERTEX_POINT('',#3975);
#3975 = CARTESIAN_POINT('',(10.,-6.08005,-1.E-02));
#3976 = CIRCLE('',#3977,1.08005);
#3977 = AXIS2_PLACEMENT_3D('',#3978,#3979,#3980);
#3978 = CARTESIAN_POINT('',(10.,-5.,-1.E-02));
#3979 = DIRECTION('',(0.,0.,-1.));
#3980 = DIRECTION('',(-1.,0.,0.));
#3981 = ORIENTED_EDGE('',*,*,#3982,.T.);
#3982 = EDGE_CURVE('',#3974,#3972,#3983,.T.);
#3983 = CIRCLE('',#3984,1.08005);
#3984 = AXIS2_PLACEMENT_3D('',#3985,#3986,#3987);
#3985 = CARTESIAN_POINT('',(10.,-5.,-1.E-02));
#3986 = DIRECTION('',(0.,0.,-1.));
#3987 = DIRECTION('',(-1.,0.,0.));
#3988 = FACE_BOUND('',#3989,.T.);
#3989 = EDGE_LOOP('',(#3990,#4001));
#3990 = ORIENTED_EDGE('',*,*,#3991,.T.);
#3991 = EDGE_CURVE('',#3992,#3994,#3996,.T.);
#3992 = VERTEX_POINT('',#3993);
#3993 = CARTESIAN_POINT('',(-2.5626402,-0.1020306,-1.E-02));
#3994 = VERTEX_POINT('',#3995);
#3995 = CARTESIAN_POINT('',(-2.5173597,-1.1679693,-1.E-02));
#3996 = CIRCLE('',#3997,0.533450006054);
#3997 = AXIS2_PLACEMENT_3D('',#3998,#3999,#4000);
#3998 = CARTESIAN_POINT('',(-2.540000006054,-0.634999952381,-1.E-02));
#3999 = DIRECTION('',(0.,0.,-1.));
#4000 = DIRECTION('',(-1.,0.,0.));
#4001 = ORIENTED_EDGE('',*,*,#4002,.T.);
#4002 = EDGE_CURVE('',#3994,#3992,#4003,.T.);
#4003 = CIRCLE('',#4004,0.533450006054);
#4004 = AXIS2_PLACEMENT_3D('',#4005,#4006,#4007);
#4005 = CARTESIAN_POINT('',(-2.539999993946,-0.634999951867,-1.E-02));
#4006 = DIRECTION('',(0.,0.,-1.));
#4007 = DIRECTION('',(-1.,0.,0.));
#4008 = FACE_BOUND('',#4009,.T.);
#4009 = EDGE_LOOP('',(#4010,#4021));
#4010 = ORIENTED_EDGE('',*,*,#4011,.T.);
#4011 = EDGE_CURVE('',#4012,#4014,#4016,.T.);
#4012 = VERTEX_POINT('',#4013);
#4013 = CARTESIAN_POINT('',(-1.27,-0.33025,-1.E-02));
#4014 = VERTEX_POINT('',#4015);
#4015 = CARTESIAN_POINT('',(-1.2699999,-0.93975,-1.E-02));
#4016 = CIRCLE('',#4017,0.30475);
#4017 = AXIS2_PLACEMENT_3D('',#4018,#4019,#4020);
#4018 = CARTESIAN_POINT('',(-1.27,-0.635,-1.E-02));
#4019 = DIRECTION('',(0.,0.,-1.));
#4020 = DIRECTION('',(-1.,0.,0.));
#4021 = ORIENTED_EDGE('',*,*,#4022,.T.);
#4022 = EDGE_CURVE('',#4014,#4012,#4023,.T.);
#4023 = CIRCLE('',#4024,0.30475);
#4024 = AXIS2_PLACEMENT_3D('',#4025,#4026,#4027);
#4025 = CARTESIAN_POINT('',(-1.27,-0.635,-1.E-02));
#4026 = DIRECTION('',(0.,0.,-1.));
#4027 = DIRECTION('',(-1.,0.,0.));
#4028 = FACE_BOUND('',#4029,.T.);
#4029 = EDGE_LOOP('',(#4030,#4041));
#4030 = ORIENTED_EDGE('',*,*,#4031,.T.);
#4031 = EDGE_CURVE('',#4032,#4034,#4036,.T.);
#4032 = VERTEX_POINT('',#4033);
#4033 = CARTESIAN_POINT('',(-2.5626402,1.1679693,-1.E-02));
#4034 = VERTEX_POINT('',#4035);
#4035 = CARTESIAN_POINT('',(-2.5173597,0.1020306,-1.E-02));
#4036 = CIRCLE('',#4037,0.533450006054);
#4037 = AXIS2_PLACEMENT_3D('',#4038,#4039,#4040);
#4038 = CARTESIAN_POINT('',(-2.540000006054,0.634999947619,-1.E-02));
#4039 = DIRECTION('',(0.,0.,-1.));
#4040 = DIRECTION('',(-1.,0.,0.));
#4041 = ORIENTED_EDGE('',*,*,#4042,.T.);
#4042 = EDGE_CURVE('',#4034,#4032,#4043,.T.);
#4043 = CIRCLE('',#4044,0.533450006054);
#4044 = AXIS2_PLACEMENT_3D('',#4045,#4046,#4047);
#4045 = CARTESIAN_POINT('',(-2.539999993946,0.634999948133,-1.E-02));
#4046 = DIRECTION('',(0.,0.,-1.));
#4047 = DIRECTION('',(-1.,0.,0.));
#4048 = FACE_BOUND('',#4049,.T.);
#4049 = EDGE_LOOP('',(#4050,#4061));
#4050 = ORIENTED_EDGE('',*,*,#4051,.T.);
#4051 = EDGE_CURVE('',#4052,#4054,#4056,.T.);
#4052 = VERTEX_POINT('',#4053);
#4053 = CARTESIAN_POINT('',(-1.27,0.93975,-1.E-02));
#4054 = VERTEX_POINT('',#4055);
#4055 = CARTESIAN_POINT('',(-1.2699999,0.3302499,-1.E-02));
#4056 = CIRCLE('',#4057,0.30475005);
#4057 = AXIS2_PLACEMENT_3D('',#4058,#4059,#4060);
#4058 = CARTESIAN_POINT('',(-1.27000005,0.63499995,-1.E-02));
#4059 = DIRECTION('',(0.,0.,-1.));
#4060 = DIRECTION('',(-1.,0.,0.));
#4061 = ORIENTED_EDGE('',*,*,#4062,.T.);
#4062 = EDGE_CURVE('',#4054,#4052,#4063,.T.);
#4063 = CIRCLE('',#4064,0.30475005);
#4064 = AXIS2_PLACEMENT_3D('',#4065,#4066,#4067);
#4065 = CARTESIAN_POINT('',(-1.26999995,0.63499995,-1.E-02));
#4066 = DIRECTION('',(0.,0.,-1.));
#4067 = DIRECTION('',(-1.,0.,0.));
#4068 = FACE_BOUND('',#4069,.T.);
#4069 = EDGE_LOOP('',(#4070,#4081));
#4070 = ORIENTED_EDGE('',*,*,#4071,.T.);
#4071 = EDGE_CURVE('',#4072,#4074,#4076,.T.);
#4072 = VERTEX_POINT('',#4073);
#4073 = CARTESIAN_POINT('',(-6.409875621279E-17,-0.33025,-1.E-02));
#4074 = VERTEX_POINT('',#4075);
#4075 = CARTESIAN_POINT('',(-6.409875621279E-17,-0.93975,-1.E-02));
#4076 = CIRCLE('',#4077,0.30475);
#4077 = AXIS2_PLACEMENT_3D('',#4078,#4079,#4080);
#4078 = CARTESIAN_POINT('',(1.711304256127E-17,-0.635,-1.E-02));
#4079 = DIRECTION('',(0.,0.,-1.));
#4080 = DIRECTION('',(-1.,0.,0.));
#4081 = ORIENTED_EDGE('',*,*,#4082,.T.);
#4082 = EDGE_CURVE('',#4074,#4072,#4083,.T.);
#4083 = CIRCLE('',#4084,0.30475);
#4084 = AXIS2_PLACEMENT_3D('',#4085,#4086,#4087);
#4085 = CARTESIAN_POINT('',(1.000000162247E-07,-0.635,-1.E-02));
#4086 = DIRECTION('',(0.,0.,-1.));
#4087 = DIRECTION('',(-1.,0.,0.));
#4088 = FACE_BOUND('',#4089,.T.);
#4089 = EDGE_LOOP('',(#4090,#4101));
#4090 = ORIENTED_EDGE('',*,*,#4091,.T.);
#4091 = EDGE_CURVE('',#4092,#4094,#4096,.T.);
#4092 = VERTEX_POINT('',#4093);
#4093 = CARTESIAN_POINT('',(1.27,-0.33025,-1.E-02));
#4094 = VERTEX_POINT('',#4095);
#4095 = CARTESIAN_POINT('',(1.27,-0.93975,-1.E-02));
#4096 = CIRCLE('',#4097,0.30475);
#4097 = AXIS2_PLACEMENT_3D('',#4098,#4099,#4100);
#4098 = CARTESIAN_POINT('',(1.27,-0.635,-1.E-02));
#4099 = DIRECTION('',(0.,0.,-1.));
#4100 = DIRECTION('',(-1.,0.,0.));
#4101 = ORIENTED_EDGE('',*,*,#4102,.T.);
#4102 = EDGE_CURVE('',#4094,#4092,#4103,.T.);
#4103 = CIRCLE('',#4104,0.30475);
#4104 = AXIS2_PLACEMENT_3D('',#4105,#4106,#4107);
#4105 = CARTESIAN_POINT('',(1.27,-0.635,-1.E-02));
#4106 = DIRECTION('',(0.,0.,-1.));
#4107 = DIRECTION('',(-1.,0.,0.));
#4108 = FACE_BOUND('',#4109,.T.);
#4109 = EDGE_LOOP('',(#4110,#4121));
#4110 = ORIENTED_EDGE('',*,*,#4111,.T.);
#4111 = EDGE_CURVE('',#4112,#4114,#4116,.T.);
#4112 = VERTEX_POINT('',#4113);
#4113 = CARTESIAN_POINT('',(2.5173597,-0.1020306,-1.E-02));
#4114 = VERTEX_POINT('',#4115);
#4115 = CARTESIAN_POINT('',(2.5626402,-1.1679693,-1.E-02));
#4116 = CIRCLE('',#4117,0.533450006054);
#4117 = AXIS2_PLACEMENT_3D('',#4118,#4119,#4120);
#4118 = CARTESIAN_POINT('',(2.539999993946,-0.634999948133,-1.E-02));
#4119 = DIRECTION('',(0.,0.,-1.));
#4120 = DIRECTION('',(-1.,0.,0.));
#4121 = ORIENTED_EDGE('',*,*,#4122,.T.);
#4122 = EDGE_CURVE('',#4114,#4112,#4123,.T.);
#4123 = CIRCLE('',#4124,0.533450006054);
#4124 = AXIS2_PLACEMENT_3D('',#4125,#4126,#4127);
#4125 = CARTESIAN_POINT('',(2.540000006054,-0.634999947619,-1.E-02));
#4126 = DIRECTION('',(0.,0.,-1.));
#4127 = DIRECTION('',(-1.,0.,0.));
#4128 = FACE_BOUND('',#4129,.T.);
#4129 = EDGE_LOOP('',(#4130,#4141));
#4130 = ORIENTED_EDGE('',*,*,#4131,.T.);
#4131 = EDGE_CURVE('',#4132,#4134,#4136,.T.);
#4132 = VERTEX_POINT('',#4133);
#4133 = CARTESIAN_POINT('',(-6.409875621279E-17,0.9397499,-1.E-02));
#4134 = VERTEX_POINT('',#4135);
#4135 = CARTESIAN_POINT('',(-6.409875621279E-17,0.3302499,-1.E-02));
#4136 = CIRCLE('',#4137,0.30475);
#4137 = AXIS2_PLACEMENT_3D('',#4138,#4139,#4140);
#4138 = CARTESIAN_POINT('',(-3.750775280605E-17,0.6349999,-1.E-02));
#4139 = DIRECTION('',(0.,0.,-1.));
#4140 = DIRECTION('',(-1.,0.,0.));
#4141 = ORIENTED_EDGE('',*,*,#4142,.T.);
#4142 = EDGE_CURVE('',#4134,#4132,#4143,.T.);
#4143 = CIRCLE('',#4144,0.30475);
#4144 = AXIS2_PLACEMENT_3D('',#4145,#4146,#4147);
#4145 = CARTESIAN_POINT('',(1.000000163266E-07,0.6349999,-1.E-02));
#4146 = DIRECTION('',(0.,0.,-1.));
#4147 = DIRECTION('',(-1.,0.,0.));
#4148 = FACE_BOUND('',#4149,.T.);
#4149 = EDGE_LOOP('',(#4150,#4161));
#4150 = ORIENTED_EDGE('',*,*,#4151,.T.);
#4151 = EDGE_CURVE('',#4152,#4154,#4156,.T.);
#4152 = VERTEX_POINT('',#4153);
#4153 = CARTESIAN_POINT('',(1.27,0.93975,-1.E-02));
#4154 = VERTEX_POINT('',#4155);
#4155 = CARTESIAN_POINT('',(1.27,0.3302499,-1.E-02));
#4156 = CIRCLE('',#4157,0.30475005);
#4157 = AXIS2_PLACEMENT_3D('',#4158,#4159,#4160);
#4158 = CARTESIAN_POINT('',(1.26999995,0.63499995,-1.E-02));
#4159 = DIRECTION('',(0.,0.,-1.));
#4160 = DIRECTION('',(-1.,0.,0.));
#4161 = ORIENTED_EDGE('',*,*,#4162,.T.);
#4162 = EDGE_CURVE('',#4154,#4152,#4163,.T.);
#4163 = CIRCLE('',#4164,0.30475005);
#4164 = AXIS2_PLACEMENT_3D('',#4165,#4166,#4167);
#4165 = CARTESIAN_POINT('',(1.27000005,0.63499995,-1.E-02));
#4166 = DIRECTION('',(0.,0.,-1.));
#4167 = DIRECTION('',(-1.,0.,0.));
#4168 = FACE_BOUND('',#4169,.T.);
#4169 = EDGE_LOOP('',(#4170,#4181));
#4170 = ORIENTED_EDGE('',*,*,#4171,.T.);
#4171 = EDGE_CURVE('',#4172,#4174,#4176,.T.);
#4172 = VERTEX_POINT('',#4173);
#4173 = CARTESIAN_POINT('',(2.5173597,1.1679693,-1.E-02));
#4174 = VERTEX_POINT('',#4175);
#4175 = CARTESIAN_POINT('',(2.5626402,0.1020306,-1.E-02));
#4176 = CIRCLE('',#4177,0.533450006054);
#4177 = AXIS2_PLACEMENT_3D('',#4178,#4179,#4180);
#4178 = CARTESIAN_POINT('',(2.539999993946,0.634999951867,-1.E-02));
#4179 = DIRECTION('',(0.,0.,-1.));
#4180 = DIRECTION('',(-1.,0.,0.));
#4181 = ORIENTED_EDGE('',*,*,#4182,.T.);
#4182 = EDGE_CURVE('',#4174,#4172,#4183,.T.);
#4183 = CIRCLE('',#4184,0.533450006054);
#4184 = AXIS2_PLACEMENT_3D('',#4185,#4186,#4187);
#4185 = CARTESIAN_POINT('',(2.540000006054,0.634999952381,-1.E-02));
#4186 = DIRECTION('',(0.,0.,-1.));
#4187 = DIRECTION('',(-1.,0.,0.));
#4188 = PLANE('',#4189);
#4189 = AXIS2_PLACEMENT_3D('',#4190,#4191,#4192);
#4190 = CARTESIAN_POINT('',(-22.6125,-23.11181645694,-1.E-02));
#4191 = DIRECTION('',(0.,0.,1.));
#4192 = DIRECTION('',(1.,0.,-0.));
#4193 = ADVANCED_FACE('',(#4194),#4212,.T.);
#4194 = FACE_BOUND('',#4195,.T.);
#4195 = EDGE_LOOP('',(#4196,#4204,#4205,#4206));
#4196 = ORIENTED_EDGE('',*,*,#4197,.F.);
#4197 = EDGE_CURVE('',#3793,#4198,#4200,.T.);
#4198 = VERTEX_POINT('',#4199);
#4199 = CARTESIAN_POINT('',(22.6125,13.112363291389,-1.59));
#4200 = LINE('',#4201,#4202);
#4201 = CARTESIAN_POINT('',(-22.6125,13.112363291389,-1.59));
#4202 = VECTOR('',#4203,1.);
#4203 = DIRECTION('',(1.,0.,-0.));
#4204 = ORIENTED_EDGE('',*,*,#3800,.T.);
#4205 = ORIENTED_EDGE('',*,*,#3863,.T.);
#4206 = ORIENTED_EDGE('',*,*,#4207,.F.);
#4207 = EDGE_CURVE('',#4198,#3856,#4208,.T.);
#4208 = LINE('',#4209,#4210);
#4209 = CARTESIAN_POINT('',(22.6125,13.112363291389,-1.59));
#4210 = VECTOR('',#4211,1.);
#4211 = DIRECTION('',(0.,0.,1.));
#4212 = PLANE('',#4213);
#4213 = AXIS2_PLACEMENT_3D('',#4214,#4215,#4216);
#4214 = CARTESIAN_POINT('',(-22.6125,13.112363291389,-1.59));
#4215 = DIRECTION('',(-0.,1.,0.));
#4216 = DIRECTION('',(0.,0.,1.));
#4217 = ADVANCED_FACE('',(#4218,#4229,#4249,#4269,#4289,#4309,#4329,
    #4349,#4369,#4389,#4409,#4429,#4449,#4469,#4489,#4509,#4529),#4549,
  .F.);
#4218 = FACE_BOUND('',#4219,.F.);
#4219 = EDGE_LOOP('',(#4220,#4221,#4222,#4228));
#4220 = ORIENTED_EDGE('',*,*,#3792,.F.);
#4221 = ORIENTED_EDGE('',*,*,#3822,.T.);
#4222 = ORIENTED_EDGE('',*,*,#4223,.T.);
#4223 = EDGE_CURVE('',#3823,#4198,#4224,.T.);
#4224 = LINE('',#4225,#4226);
#4225 = CARTESIAN_POINT('',(22.6125,-23.11181645694,-1.59));
#4226 = VECTOR('',#4227,1.);
#4227 = DIRECTION('',(-0.,1.,0.));
#4228 = ORIENTED_EDGE('',*,*,#4197,.F.);
#4229 = FACE_BOUND('',#4230,.F.);
#4230 = EDGE_LOOP('',(#4231,#4242));
#4231 = ORIENTED_EDGE('',*,*,#4232,.T.);
#4232 = EDGE_CURVE('',#4233,#4235,#4237,.T.);
#4233 = VERTEX_POINT('',#4234);
#4234 = CARTESIAN_POINT('',(-10.0277032,-7.7066835,-1.59));
#4235 = VERTEX_POINT('',#4236);
#4236 = CARTESIAN_POINT('',(-9.9722967,-9.2933164,-1.59));
#4237 = CIRCLE('',#4238,0.793800012535);
#4238 = AXIS2_PLACEMENT_3D('',#4239,#4240,#4241);
#4239 = CARTESIAN_POINT('',(-10.00000001253,-8.499999952184,-1.59));
#4240 = DIRECTION('',(0.,0.,-1.));
#4241 = DIRECTION('',(-1.,0.,0.));
#4242 = ORIENTED_EDGE('',*,*,#4243,.T.);
#4243 = EDGE_CURVE('',#4235,#4233,#4244,.T.);
#4244 = CIRCLE('',#4245,0.793800012535);
#4245 = AXIS2_PLACEMENT_3D('',#4246,#4247,#4248);
#4246 = CARTESIAN_POINT('',(-9.999999887465,-8.499999947816,-1.59));
#4247 = DIRECTION('',(0.,0.,-1.));
#4248 = DIRECTION('',(-1.,0.,0.));
#4249 = FACE_BOUND('',#4250,.F.);
#4250 = EDGE_LOOP('',(#4251,#4262));
#4251 = ORIENTED_EDGE('',*,*,#4252,.T.);
#4252 = EDGE_CURVE('',#4253,#4255,#4257,.T.);
#4253 = VERTEX_POINT('',#4254);
#4254 = CARTESIAN_POINT('',(-9.9999999,-3.91995,-1.59));
#4255 = VERTEX_POINT('',#4256);
#4256 = CARTESIAN_POINT('',(-9.9999999,-6.08005,-1.59));
#4257 = CIRCLE('',#4258,1.08005);
#4258 = AXIS2_PLACEMENT_3D('',#4259,#4260,#4261);
#4259 = CARTESIAN_POINT('',(-10.,-5.,-1.59));
#4260 = DIRECTION('',(0.,0.,-1.));
#4261 = DIRECTION('',(-1.,0.,0.));
#4262 = ORIENTED_EDGE('',*,*,#4263,.T.);
#4263 = EDGE_CURVE('',#4255,#4253,#4264,.T.);
#4264 = CIRCLE('',#4265,1.08005);
#4265 = AXIS2_PLACEMENT_3D('',#4266,#4267,#4268);
#4266 = CARTESIAN_POINT('',(-10.,-5.,-1.59));
#4267 = DIRECTION('',(0.,0.,-1.));
#4268 = DIRECTION('',(-1.,0.,0.));
#4269 = FACE_BOUND('',#4270,.F.);
#4270 = EDGE_LOOP('',(#4271,#4282));
#4271 = ORIENTED_EDGE('',*,*,#4272,.T.);
#4272 = EDGE_CURVE('',#4273,#4275,#4277,.T.);
#4273 = VERTEX_POINT('',#4274);
#4274 = CARTESIAN_POINT('',(-6.5277032,-4.2066835,-1.59));
#4275 = VERTEX_POINT('',#4276);
#4276 = CARTESIAN_POINT('',(-6.4722967,-5.7933164,-1.59));
#4277 = CIRCLE('',#4278,0.793800012535);
#4278 = AXIS2_PLACEMENT_3D('',#4279,#4280,#4281);
#4279 = CARTESIAN_POINT('',(-6.500000012535,-4.999999952184,-1.59));
#4280 = DIRECTION('',(0.,0.,-1.));
#4281 = DIRECTION('',(-1.,0.,0.));
#4282 = ORIENTED_EDGE('',*,*,#4283,.T.);
#4283 = EDGE_CURVE('',#4275,#4273,#4284,.T.);
#4284 = CIRCLE('',#4285,0.793800012535);
#4285 = AXIS2_PLACEMENT_3D('',#4286,#4287,#4288);
#4286 = CARTESIAN_POINT('',(-6.499999987465,-4.999999951308,-1.59));
#4287 = DIRECTION('',(0.,0.,-1.));
#4288 = DIRECTION('',(-1.,0.,0.));
#4289 = FACE_BOUND('',#4290,.F.);
#4290 = EDGE_LOOP('',(#4291,#4302));
#4291 = ORIENTED_EDGE('',*,*,#4292,.T.);
#4292 = EDGE_CURVE('',#4293,#4295,#4297,.T.);
#4293 = VERTEX_POINT('',#4294);
#4294 = CARTESIAN_POINT('',(9.9722967,-7.7066835,-1.59));
#4295 = VERTEX_POINT('',#4296);
#4296 = CARTESIAN_POINT('',(10.0277032,-9.2933164,-1.59));
#4297 = CIRCLE('',#4298,0.793800012535);
#4298 = AXIS2_PLACEMENT_3D('',#4299,#4300,#4301);
#4299 = CARTESIAN_POINT('',(9.999999887465,-8.499999952184,-1.59));
#4300 = DIRECTION('',(0.,0.,-1.));
#4301 = DIRECTION('',(-1.,0.,0.));
#4302 = ORIENTED_EDGE('',*,*,#4303,.T.);
#4303 = EDGE_CURVE('',#4295,#4293,#4304,.T.);
#4304 = CIRCLE('',#4305,0.793800012535);
#4305 = AXIS2_PLACEMENT_3D('',#4306,#4307,#4308);
#4306 = CARTESIAN_POINT('',(10.000000012535,-8.499999947816,-1.59));
#4307 = DIRECTION('',(0.,0.,-1.));
#4308 = DIRECTION('',(-1.,0.,0.));
#4309 = FACE_BOUND('',#4310,.F.);
#4310 = EDGE_LOOP('',(#4311,#4322));
#4311 = ORIENTED_EDGE('',*,*,#4312,.T.);
#4312 = EDGE_CURVE('',#4313,#4315,#4317,.T.);
#4313 = VERTEX_POINT('',#4314);
#4314 = CARTESIAN_POINT('',(6.4722967,-4.2066835,-1.59));
#4315 = VERTEX_POINT('',#4316);
#4316 = CARTESIAN_POINT('',(6.5277032,-5.7933164,-1.59));
#4317 = CIRCLE('',#4318,0.793800012535);
#4318 = AXIS2_PLACEMENT_3D('',#4319,#4320,#4321);
#4319 = CARTESIAN_POINT('',(6.499999987465,-4.999999948692,-1.59));
#4320 = DIRECTION('',(0.,0.,-1.));
#4321 = DIRECTION('',(-1.,0.,0.));
#4322 = ORIENTED_EDGE('',*,*,#4323,.T.);
#4323 = EDGE_CURVE('',#4315,#4313,#4324,.T.);
#4324 = CIRCLE('',#4325,0.793800012535);
#4325 = AXIS2_PLACEMENT_3D('',#4326,#4327,#4328);
#4326 = CARTESIAN_POINT('',(6.500000012535,-4.999999947816,-1.59));
#4327 = DIRECTION('',(0.,0.,-1.));
#4328 = DIRECTION('',(-1.,0.,0.));
#4329 = FACE_BOUND('',#4330,.F.);
#4330 = EDGE_LOOP('',(#4331,#4342));
#4331 = ORIENTED_EDGE('',*,*,#4332,.T.);
#4332 = EDGE_CURVE('',#4333,#4335,#4337,.T.);
#4333 = VERTEX_POINT('',#4334);
#4334 = CARTESIAN_POINT('',(10.,-3.91995,-1.59));
#4335 = VERTEX_POINT('',#4336);
#4336 = CARTESIAN_POINT('',(10.,-6.08005,-1.59));
#4337 = CIRCLE('',#4338,1.08005);
#4338 = AXIS2_PLACEMENT_3D('',#4339,#4340,#4341);
#4339 = CARTESIAN_POINT('',(10.,-5.,-1.59));
#4340 = DIRECTION('',(0.,0.,-1.));
#4341 = DIRECTION('',(-1.,0.,0.));
#4342 = ORIENTED_EDGE('',*,*,#4343,.T.);
#4343 = EDGE_CURVE('',#4335,#4333,#4344,.T.);
#4344 = CIRCLE('',#4345,1.08005);
#4345 = AXIS2_PLACEMENT_3D('',#4346,#4347,#4348);
#4346 = CARTESIAN_POINT('',(10.,-5.,-1.59));
#4347 = DIRECTION('',(0.,0.,-1.));
#4348 = DIRECTION('',(-1.,0.,0.));
#4349 = FACE_BOUND('',#4350,.F.);
#4350 = EDGE_LOOP('',(#4351,#4362));
#4351 = ORIENTED_EDGE('',*,*,#4352,.T.);
#4352 = EDGE_CURVE('',#4353,#4355,#4357,.T.);
#4353 = VERTEX_POINT('',#4354);
#4354 = CARTESIAN_POINT('',(-2.5626402,-0.1020306,-1.59));
#4355 = VERTEX_POINT('',#4356);
#4356 = CARTESIAN_POINT('',(-2.5173597,-1.1679693,-1.59));
#4357 = CIRCLE('',#4358,0.533450006054);
#4358 = AXIS2_PLACEMENT_3D('',#4359,#4360,#4361);
#4359 = CARTESIAN_POINT('',(-2.540000006054,-0.634999952381,-1.59));
#4360 = DIRECTION('',(0.,0.,-1.));
#4361 = DIRECTION('',(-1.,0.,0.));
#4362 = ORIENTED_EDGE('',*,*,#4363,.T.);
#4363 = EDGE_CURVE('',#4355,#4353,#4364,.T.);
#4364 = CIRCLE('',#4365,0.533450006054);
#4365 = AXIS2_PLACEMENT_3D('',#4366,#4367,#4368);
#4366 = CARTESIAN_POINT('',(-2.539999993946,-0.634999951867,-1.59));
#4367 = DIRECTION('',(0.,0.,-1.));
#4368 = DIRECTION('',(-1.,0.,0.));
#4369 = FACE_BOUND('',#4370,.F.);
#4370 = EDGE_LOOP('',(#4371,#4382));
#4371 = ORIENTED_EDGE('',*,*,#4372,.T.);
#4372 = EDGE_CURVE('',#4373,#4375,#4377,.T.);
#4373 = VERTEX_POINT('',#4374);
#4374 = CARTESIAN_POINT('',(-1.27,-0.33025,-1.59));
#4375 = VERTEX_POINT('',#4376);
#4376 = CARTESIAN_POINT('',(-1.2699999,-0.93975,-1.59));
#4377 = CIRCLE('',#4378,0.30475);
#4378 = AXIS2_PLACEMENT_3D('',#4379,#4380,#4381);
#4379 = CARTESIAN_POINT('',(-1.27,-0.635,-1.59));
#4380 = DIRECTION('',(0.,0.,-1.));
#4381 = DIRECTION('',(-1.,0.,0.));
#4382 = ORIENTED_EDGE('',*,*,#4383,.T.);
#4383 = EDGE_CURVE('',#4375,#4373,#4384,.T.);
#4384 = CIRCLE('',#4385,0.30475);
#4385 = AXIS2_PLACEMENT_3D('',#4386,#4387,#4388);
#4386 = CARTESIAN_POINT('',(-1.27,-0.635,-1.59));
#4387 = DIRECTION('',(0.,0.,-1.));
#4388 = DIRECTION('',(-1.,0.,0.));
#4389 = FACE_BOUND('',#4390,.F.);
#4390 = EDGE_LOOP('',(#4391,#4402));
#4391 = ORIENTED_EDGE('',*,*,#4392,.T.);
#4392 = EDGE_CURVE('',#4393,#4395,#4397,.T.);
#4393 = VERTEX_POINT('',#4394);
#4394 = CARTESIAN_POINT('',(-2.5626402,1.1679693,-1.59));
#4395 = VERTEX_POINT('',#4396);
#4396 = CARTESIAN_POINT('',(-2.5173597,0.1020306,-1.59));
#4397 = CIRCLE('',#4398,0.533450006054);
#4398 = AXIS2_PLACEMENT_3D('',#4399,#4400,#4401);
#4399 = CARTESIAN_POINT('',(-2.540000006054,0.634999947619,-1.59));
#4400 = DIRECTION('',(0.,0.,-1.));
#4401 = DIRECTION('',(-1.,0.,0.));
#4402 = ORIENTED_EDGE('',*,*,#4403,.T.);
#4403 = EDGE_CURVE('',#4395,#4393,#4404,.T.);
#4404 = CIRCLE('',#4405,0.533450006054);
#4405 = AXIS2_PLACEMENT_3D('',#4406,#4407,#4408);
#4406 = CARTESIAN_POINT('',(-2.539999993946,0.634999948133,-1.59));
#4407 = DIRECTION('',(0.,0.,-1.));
#4408 = DIRECTION('',(-1.,0.,0.));
#4409 = FACE_BOUND('',#4410,.F.);
#4410 = EDGE_LOOP('',(#4411,#4422));
#4411 = ORIENTED_EDGE('',*,*,#4412,.T.);
#4412 = EDGE_CURVE('',#4413,#4415,#4417,.T.);
#4413 = VERTEX_POINT('',#4414);
#4414 = CARTESIAN_POINT('',(-1.27,0.93975,-1.59));
#4415 = VERTEX_POINT('',#4416);
#4416 = CARTESIAN_POINT('',(-1.2699999,0.3302499,-1.59));
#4417 = CIRCLE('',#4418,0.30475005);
#4418 = AXIS2_PLACEMENT_3D('',#4419,#4420,#4421);
#4419 = CARTESIAN_POINT('',(-1.27000005,0.63499995,-1.59));
#4420 = DIRECTION('',(0.,0.,-1.));
#4421 = DIRECTION('',(-1.,0.,0.));
#4422 = ORIENTED_EDGE('',*,*,#4423,.T.);
#4423 = EDGE_CURVE('',#4415,#4413,#4424,.T.);
#4424 = CIRCLE('',#4425,0.30475005);
#4425 = AXIS2_PLACEMENT_3D('',#4426,#4427,#4428);
#4426 = CARTESIAN_POINT('',(-1.26999995,0.63499995,-1.59));
#4427 = DIRECTION('',(0.,0.,-1.));
#4428 = DIRECTION('',(-1.,0.,0.));
#4429 = FACE_BOUND('',#4430,.F.);
#4430 = EDGE_LOOP('',(#4431,#4442));
#4431 = ORIENTED_EDGE('',*,*,#4432,.T.);
#4432 = EDGE_CURVE('',#4433,#4435,#4437,.T.);
#4433 = VERTEX_POINT('',#4434);
#4434 = CARTESIAN_POINT('',(-6.409875621279E-17,-0.33025,-1.59));
#4435 = VERTEX_POINT('',#4436);
#4436 = CARTESIAN_POINT('',(-6.409875621279E-17,-0.93975,-1.59));
#4437 = CIRCLE('',#4438,0.30475);
#4438 = AXIS2_PLACEMENT_3D('',#4439,#4440,#4441);
#4439 = CARTESIAN_POINT('',(1.711304256127E-17,-0.635,-1.59));
#4440 = DIRECTION('',(0.,0.,-1.));
#4441 = DIRECTION('',(-1.,0.,0.));
#4442 = ORIENTED_EDGE('',*,*,#4443,.T.);
#4443 = EDGE_CURVE('',#4435,#4433,#4444,.T.);
#4444 = CIRCLE('',#4445,0.30475);
#4445 = AXIS2_PLACEMENT_3D('',#4446,#4447,#4448);
#4446 = CARTESIAN_POINT('',(1.000000162247E-07,-0.635,-1.59));
#4447 = DIRECTION('',(0.,0.,-1.));
#4448 = DIRECTION('',(-1.,0.,0.));
#4449 = FACE_BOUND('',#4450,.F.);
#4450 = EDGE_LOOP('',(#4451,#4462));
#4451 = ORIENTED_EDGE('',*,*,#4452,.T.);
#4452 = EDGE_CURVE('',#4453,#4455,#4457,.T.);
#4453 = VERTEX_POINT('',#4454);
#4454 = CARTESIAN_POINT('',(1.27,-0.33025,-1.59));
#4455 = VERTEX_POINT('',#4456);
#4456 = CARTESIAN_POINT('',(1.27,-0.93975,-1.59));
#4457 = CIRCLE('',#4458,0.30475);
#4458 = AXIS2_PLACEMENT_3D('',#4459,#4460,#4461);
#4459 = CARTESIAN_POINT('',(1.27,-0.635,-1.59));
#4460 = DIRECTION('',(0.,0.,-1.));
#4461 = DIRECTION('',(-1.,0.,0.));
#4462 = ORIENTED_EDGE('',*,*,#4463,.T.);
#4463 = EDGE_CURVE('',#4455,#4453,#4464,.T.);
#4464 = CIRCLE('',#4465,0.30475);
#4465 = AXIS2_PLACEMENT_3D('',#4466,#4467,#4468);
#4466 = CARTESIAN_POINT('',(1.27,-0.635,-1.59));
#4467 = DIRECTION('',(0.,0.,-1.));
#4468 = DIRECTION('',(-1.,0.,0.));
#4469 = FACE_BOUND('',#4470,.F.);
#4470 = EDGE_LOOP('',(#4471,#4482));
#4471 = ORIENTED_EDGE('',*,*,#4472,.T.);
#4472 = EDGE_CURVE('',#4473,#4475,#4477,.T.);
#4473 = VERTEX_POINT('',#4474);
#4474 = CARTESIAN_POINT('',(2.5173597,-0.1020306,-1.59));
#4475 = VERTEX_POINT('',#4476);
#4476 = CARTESIAN_POINT('',(2.5626402,-1.1679693,-1.59));
#4477 = CIRCLE('',#4478,0.533450006054);
#4478 = AXIS2_PLACEMENT_3D('',#4479,#4480,#4481);
#4479 = CARTESIAN_POINT('',(2.539999993946,-0.634999948133,-1.59));
#4480 = DIRECTION('',(0.,0.,-1.));
#4481 = DIRECTION('',(-1.,0.,0.));
#4482 = ORIENTED_EDGE('',*,*,#4483,.T.);
#4483 = EDGE_CURVE('',#4475,#4473,#4484,.T.);
#4484 = CIRCLE('',#4485,0.533450006054);
#4485 = AXIS2_PLACEMENT_3D('',#4486,#4487,#4488);
#4486 = CARTESIAN_POINT('',(2.540000006054,-0.634999947619,-1.59));
#4487 = DIRECTION('',(0.,0.,-1.));
#4488 = DIRECTION('',(-1.,0.,0.));
#4489 = FACE_BOUND('',#4490,.F.);
#4490 = EDGE_LOOP('',(#4491,#4502));
#4491 = ORIENTED_EDGE('',*,*,#4492,.T.);
#4492 = EDGE_CURVE('',#4493,#4495,#4497,.T.);
#4493 = VERTEX_POINT('',#4494);
#4494 = CARTESIAN_POINT('',(-6.409875621279E-17,0.9397499,-1.59));
#4495 = VERTEX_POINT('',#4496);
#4496 = CARTESIAN_POINT('',(-6.409875621279E-17,0.3302499,-1.59));
#4497 = CIRCLE('',#4498,0.30475);
#4498 = AXIS2_PLACEMENT_3D('',#4499,#4500,#4501);
#4499 = CARTESIAN_POINT('',(-3.750775280605E-17,0.6349999,-1.59));
#4500 = DIRECTION('',(0.,0.,-1.));
#4501 = DIRECTION('',(-1.,0.,0.));
#4502 = ORIENTED_EDGE('',*,*,#4503,.T.);
#4503 = EDGE_CURVE('',#4495,#4493,#4504,.T.);
#4504 = CIRCLE('',#4505,0.30475);
#4505 = AXIS2_PLACEMENT_3D('',#4506,#4507,#4508);
#4506 = CARTESIAN_POINT('',(1.000000163266E-07,0.6349999,-1.59));
#4507 = DIRECTION('',(0.,0.,-1.));
#4508 = DIRECTION('',(-1.,0.,0.));
#4509 = FACE_BOUND('',#4510,.F.);
#4510 = EDGE_LOOP('',(#4511,#4522));
#4511 = ORIENTED_EDGE('',*,*,#4512,.T.);
#4512 = EDGE_CURVE('',#4513,#4515,#4517,.T.);
#4513 = VERTEX_POINT('',#4514);
#4514 = CARTESIAN_POINT('',(1.27,0.93975,-1.59));
#4515 = VERTEX_POINT('',#4516);
#4516 = CARTESIAN_POINT('',(1.27,0.3302499,-1.59));
#4517 = CIRCLE('',#4518,0.30475005);
#4518 = AXIS2_PLACEMENT_3D('',#4519,#4520,#4521);
#4519 = CARTESIAN_POINT('',(1.26999995,0.63499995,-1.59));
#4520 = DIRECTION('',(0.,0.,-1.));
#4521 = DIRECTION('',(-1.,0.,0.));
#4522 = ORIENTED_EDGE('',*,*,#4523,.T.);
#4523 = EDGE_CURVE('',#4515,#4513,#4524,.T.);
#4524 = CIRCLE('',#4525,0.30475005);
#4525 = AXIS2_PLACEMENT_3D('',#4526,#4527,#4528);
#4526 = CARTESIAN_POINT('',(1.27000005,0.63499995,-1.59));
#4527 = DIRECTION('',(0.,0.,-1.));
#4528 = DIRECTION('',(-1.,0.,0.));
#4529 = FACE_BOUND('',#4530,.F.);
#4530 = EDGE_LOOP('',(#4531,#4542));
#4531 = ORIENTED_EDGE('',*,*,#4532,.T.);
#4532 = EDGE_CURVE('',#4533,#4535,#4537,.T.);
#4533 = VERTEX_POINT('',#4534);
#4534 = CARTESIAN_POINT('',(2.5173597,1.1679693,-1.59));
#4535 = VERTEX_POINT('',#4536);
#4536 = CARTESIAN_POINT('',(2.5626402,0.1020306,-1.59));
#4537 = CIRCLE('',#4538,0.533450006054);
#4538 = AXIS2_PLACEMENT_3D('',#4539,#4540,#4541);
#4539 = CARTESIAN_POINT('',(2.539999993946,0.634999951867,-1.59));
#4540 = DIRECTION('',(0.,0.,-1.));
#4541 = DIRECTION('',(-1.,0.,0.));
#4542 = ORIENTED_EDGE('',*,*,#4543,.T.);
#4543 = EDGE_CURVE('',#4535,#4533,#4544,.T.);
#4544 = CIRCLE('',#4545,0.533450006054);
#4545 = AXIS2_PLACEMENT_3D('',#4546,#4547,#4548);
#4546 = CARTESIAN_POINT('',(2.540000006054,0.634999952381,-1.59));
#4547 = DIRECTION('',(0.,0.,-1.));
#4548 = DIRECTION('',(-1.,0.,0.));
#4549 = PLANE('',#4550);
#4550 = AXIS2_PLACEMENT_3D('',#4551,#4552,#4553);
#4551 = CARTESIAN_POINT('',(-22.6125,-23.11181645694,-1.59));
#4552 = DIRECTION('',(0.,0.,1.));
#4553 = DIRECTION('',(1.,0.,-0.));
#4554 = ADVANCED_FACE('',(#4555),#4561,.T.);
#4555 = FACE_BOUND('',#4556,.T.);
#4556 = EDGE_LOOP('',(#4557,#4558,#4559,#4560));
#4557 = ORIENTED_EDGE('',*,*,#3839,.F.);
#4558 = ORIENTED_EDGE('',*,*,#4223,.T.);
#4559 = ORIENTED_EDGE('',*,*,#4207,.T.);
#4560 = ORIENTED_EDGE('',*,*,#3855,.F.);
#4561 = PLANE('',#4562);
#4562 = AXIS2_PLACEMENT_3D('',#4563,#4564,#4565);
#4563 = CARTESIAN_POINT('',(22.6125,-23.11181645694,-1.59));
#4564 = DIRECTION('',(1.,0.,-0.));
#4565 = DIRECTION('',(0.,0.,1.));
#4566 = ADVANCED_FACE('',(#4567),#4583,.F.);
#4567 = FACE_BOUND('',#4568,.F.);
#4568 = EDGE_LOOP('',(#4569,#4570,#4576,#4577));
#4569 = ORIENTED_EDGE('',*,*,#4232,.F.);
#4570 = ORIENTED_EDGE('',*,*,#4571,.T.);
#4571 = EDGE_CURVE('',#4233,#3872,#4572,.T.);
#4572 = LINE('',#4573,#4574);
#4573 = CARTESIAN_POINT('',(-10.0277032,-7.7066835,-1.6));
#4574 = VECTOR('',#4575,1.);
#4575 = DIRECTION('',(0.,0.,1.));
#4576 = ORIENTED_EDGE('',*,*,#3871,.T.);
#4577 = ORIENTED_EDGE('',*,*,#4578,.F.);
#4578 = EDGE_CURVE('',#4235,#3874,#4579,.T.);
#4579 = LINE('',#4580,#4581);
#4580 = CARTESIAN_POINT('',(-9.9722967,-9.2933164,-1.6));
#4581 = VECTOR('',#4582,1.);
#4582 = DIRECTION('',(0.,0.,1.));
#4583 = CYLINDRICAL_SURFACE('',#4584,0.793800012535);
#4584 = AXIS2_PLACEMENT_3D('',#4585,#4586,#4587);
#4585 = CARTESIAN_POINT('',(-10.00000001253,-8.499999952184,-1.6));
#4586 = DIRECTION('',(0.,0.,-1.));
#4587 = DIRECTION('',(-1.,0.,0.));
#4588 = ADVANCED_FACE('',(#4589),#4595,.F.);
#4589 = FACE_BOUND('',#4590,.F.);
#4590 = EDGE_LOOP('',(#4591,#4592,#4593,#4594));
#4591 = ORIENTED_EDGE('',*,*,#4243,.F.);
#4592 = ORIENTED_EDGE('',*,*,#4578,.T.);
#4593 = ORIENTED_EDGE('',*,*,#3882,.T.);
#4594 = ORIENTED_EDGE('',*,*,#4571,.F.);
#4595 = CYLINDRICAL_SURFACE('',#4596,0.793800012535);
#4596 = AXIS2_PLACEMENT_3D('',#4597,#4598,#4599);
#4597 = CARTESIAN_POINT('',(-9.999999887465,-8.499999947816,-1.6));
#4598 = DIRECTION('',(0.,0.,-1.));
#4599 = DIRECTION('',(-1.,0.,0.));
#4600 = ADVANCED_FACE('',(#4601),#4617,.F.);
#4601 = FACE_BOUND('',#4602,.F.);
#4602 = EDGE_LOOP('',(#4603,#4604,#4610,#4611));
#4603 = ORIENTED_EDGE('',*,*,#4252,.F.);
#4604 = ORIENTED_EDGE('',*,*,#4605,.T.);
#4605 = EDGE_CURVE('',#4253,#3892,#4606,.T.);
#4606 = LINE('',#4607,#4608);
#4607 = CARTESIAN_POINT('',(-9.9999999,-3.91995,-1.6));
#4608 = VECTOR('',#4609,1.);
#4609 = DIRECTION('',(0.,0.,1.));
#4610 = ORIENTED_EDGE('',*,*,#3891,.T.);
#4611 = ORIENTED_EDGE('',*,*,#4612,.F.);
#4612 = EDGE_CURVE('',#4255,#3894,#4613,.T.);
#4613 = LINE('',#4614,#4615);
#4614 = CARTESIAN_POINT('',(-9.9999999,-6.08005,-1.6));
#4615 = VECTOR('',#4616,1.);
#4616 = DIRECTION('',(0.,0.,1.));
#4617 = CYLINDRICAL_SURFACE('',#4618,1.08005);
#4618 = AXIS2_PLACEMENT_3D('',#4619,#4620,#4621);
#4619 = CARTESIAN_POINT('',(-10.,-5.,-1.6));
#4620 = DIRECTION('',(0.,0.,-1.));
#4621 = DIRECTION('',(-1.,0.,0.));
#4622 = ADVANCED_FACE('',(#4623),#4629,.F.);
#4623 = FACE_BOUND('',#4624,.F.);
#4624 = EDGE_LOOP('',(#4625,#4626,#4627,#4628));
#4625 = ORIENTED_EDGE('',*,*,#4263,.F.);
#4626 = ORIENTED_EDGE('',*,*,#4612,.T.);
#4627 = ORIENTED_EDGE('',*,*,#3902,.T.);
#4628 = ORIENTED_EDGE('',*,*,#4605,.F.);
#4629 = CYLINDRICAL_SURFACE('',#4630,1.08005);
#4630 = AXIS2_PLACEMENT_3D('',#4631,#4632,#4633);
#4631 = CARTESIAN_POINT('',(-10.,-5.,-1.6));
#4632 = DIRECTION('',(0.,0.,-1.));
#4633 = DIRECTION('',(-1.,0.,0.));
#4634 = ADVANCED_FACE('',(#4635),#4651,.F.);
#4635 = FACE_BOUND('',#4636,.F.);
#4636 = EDGE_LOOP('',(#4637,#4638,#4644,#4645));
#4637 = ORIENTED_EDGE('',*,*,#4272,.F.);
#4638 = ORIENTED_EDGE('',*,*,#4639,.T.);
#4639 = EDGE_CURVE('',#4273,#3912,#4640,.T.);
#4640 = LINE('',#4641,#4642);
#4641 = CARTESIAN_POINT('',(-6.5277032,-4.2066835,-1.6));
#4642 = VECTOR('',#4643,1.);
#4643 = DIRECTION('',(0.,0.,1.));
#4644 = ORIENTED_EDGE('',*,*,#3911,.T.);
#4645 = ORIENTED_EDGE('',*,*,#4646,.F.);
#4646 = EDGE_CURVE('',#4275,#3914,#4647,.T.);
#4647 = LINE('',#4648,#4649);
#4648 = CARTESIAN_POINT('',(-6.4722967,-5.7933164,-1.6));
#4649 = VECTOR('',#4650,1.);
#4650 = DIRECTION('',(0.,0.,1.));
#4651 = CYLINDRICAL_SURFACE('',#4652,0.793800012535);
#4652 = AXIS2_PLACEMENT_3D('',#4653,#4654,#4655);
#4653 = CARTESIAN_POINT('',(-6.500000012535,-4.999999952184,-1.6));
#4654 = DIRECTION('',(0.,0.,-1.));
#4655 = DIRECTION('',(-1.,0.,0.));
#4656 = ADVANCED_FACE('',(#4657),#4663,.F.);
#4657 = FACE_BOUND('',#4658,.F.);
#4658 = EDGE_LOOP('',(#4659,#4660,#4661,#4662));
#4659 = ORIENTED_EDGE('',*,*,#4283,.F.);
#4660 = ORIENTED_EDGE('',*,*,#4646,.T.);
#4661 = ORIENTED_EDGE('',*,*,#3922,.T.);
#4662 = ORIENTED_EDGE('',*,*,#4639,.F.);
#4663 = CYLINDRICAL_SURFACE('',#4664,0.793800012535);
#4664 = AXIS2_PLACEMENT_3D('',#4665,#4666,#4667);
#4665 = CARTESIAN_POINT('',(-6.499999987465,-4.999999951308,-1.6));
#4666 = DIRECTION('',(0.,0.,-1.));
#4667 = DIRECTION('',(-1.,0.,0.));
#4668 = ADVANCED_FACE('',(#4669),#4685,.F.);
#4669 = FACE_BOUND('',#4670,.F.);
#4670 = EDGE_LOOP('',(#4671,#4672,#4678,#4679));
#4671 = ORIENTED_EDGE('',*,*,#4292,.F.);
#4672 = ORIENTED_EDGE('',*,*,#4673,.T.);
#4673 = EDGE_CURVE('',#4293,#3932,#4674,.T.);
#4674 = LINE('',#4675,#4676);
#4675 = CARTESIAN_POINT('',(9.9722967,-7.7066835,-1.6));
#4676 = VECTOR('',#4677,1.);
#4677 = DIRECTION('',(0.,0.,1.));
#4678 = ORIENTED_EDGE('',*,*,#3931,.T.);
#4679 = ORIENTED_EDGE('',*,*,#4680,.F.);
#4680 = EDGE_CURVE('',#4295,#3934,#4681,.T.);
#4681 = LINE('',#4682,#4683);
#4682 = CARTESIAN_POINT('',(10.0277032,-9.2933164,-1.6));
#4683 = VECTOR('',#4684,1.);
#4684 = DIRECTION('',(0.,0.,1.));
#4685 = CYLINDRICAL_SURFACE('',#4686,0.793800012535);
#4686 = AXIS2_PLACEMENT_3D('',#4687,#4688,#4689);
#4687 = CARTESIAN_POINT('',(9.999999887465,-8.499999952184,-1.6));
#4688 = DIRECTION('',(0.,0.,-1.));
#4689 = DIRECTION('',(-1.,0.,0.));
#4690 = ADVANCED_FACE('',(#4691),#4697,.F.);
#4691 = FACE_BOUND('',#4692,.F.);
#4692 = EDGE_LOOP('',(#4693,#4694,#4695,#4696));
#4693 = ORIENTED_EDGE('',*,*,#4303,.F.);
#4694 = ORIENTED_EDGE('',*,*,#4680,.T.);
#4695 = ORIENTED_EDGE('',*,*,#3942,.T.);
#4696 = ORIENTED_EDGE('',*,*,#4673,.F.);
#4697 = CYLINDRICAL_SURFACE('',#4698,0.793800012535);
#4698 = AXIS2_PLACEMENT_3D('',#4699,#4700,#4701);
#4699 = CARTESIAN_POINT('',(10.000000012535,-8.499999947816,-1.6));
#4700 = DIRECTION('',(0.,0.,-1.));
#4701 = DIRECTION('',(-1.,0.,0.));
#4702 = ADVANCED_FACE('',(#4703),#4719,.F.);
#4703 = FACE_BOUND('',#4704,.F.);
#4704 = EDGE_LOOP('',(#4705,#4706,#4712,#4713));
#4705 = ORIENTED_EDGE('',*,*,#4312,.F.);
#4706 = ORIENTED_EDGE('',*,*,#4707,.T.);
#4707 = EDGE_CURVE('',#4313,#3952,#4708,.T.);
#4708 = LINE('',#4709,#4710);
#4709 = CARTESIAN_POINT('',(6.4722967,-4.2066835,-1.6));
#4710 = VECTOR('',#4711,1.);
#4711 = DIRECTION('',(0.,0.,1.));
#4712 = ORIENTED_EDGE('',*,*,#3951,.T.);
#4713 = ORIENTED_EDGE('',*,*,#4714,.F.);
#4714 = EDGE_CURVE('',#4315,#3954,#4715,.T.);
#4715 = LINE('',#4716,#4717);
#4716 = CARTESIAN_POINT('',(6.5277032,-5.7933164,-1.6));
#4717 = VECTOR('',#4718,1.);
#4718 = DIRECTION('',(0.,0.,1.));
#4719 = CYLINDRICAL_SURFACE('',#4720,0.793800012535);
#4720 = AXIS2_PLACEMENT_3D('',#4721,#4722,#4723);
#4721 = CARTESIAN_POINT('',(6.499999987465,-4.999999948692,-1.6));
#4722 = DIRECTION('',(0.,0.,-1.));
#4723 = DIRECTION('',(-1.,0.,0.));
#4724 = ADVANCED_FACE('',(#4725),#4731,.F.);
#4725 = FACE_BOUND('',#4726,.F.);
#4726 = EDGE_LOOP('',(#4727,#4728,#4729,#4730));
#4727 = ORIENTED_EDGE('',*,*,#4323,.F.);
#4728 = ORIENTED_EDGE('',*,*,#4714,.T.);
#4729 = ORIENTED_EDGE('',*,*,#3962,.T.);
#4730 = ORIENTED_EDGE('',*,*,#4707,.F.);
#4731 = CYLINDRICAL_SURFACE('',#4732,0.793800012535);
#4732 = AXIS2_PLACEMENT_3D('',#4733,#4734,#4735);
#4733 = CARTESIAN_POINT('',(6.500000012535,-4.999999947816,-1.6));
#4734 = DIRECTION('',(0.,0.,-1.));
#4735 = DIRECTION('',(-1.,0.,0.));
#4736 = ADVANCED_FACE('',(#4737),#4753,.F.);
#4737 = FACE_BOUND('',#4738,.F.);
#4738 = EDGE_LOOP('',(#4739,#4740,#4746,#4747));
#4739 = ORIENTED_EDGE('',*,*,#4332,.F.);
#4740 = ORIENTED_EDGE('',*,*,#4741,.T.);
#4741 = EDGE_CURVE('',#4333,#3972,#4742,.T.);
#4742 = LINE('',#4743,#4744);
#4743 = CARTESIAN_POINT('',(10.,-3.91995,-1.6));
#4744 = VECTOR('',#4745,1.);
#4745 = DIRECTION('',(0.,0.,1.));
#4746 = ORIENTED_EDGE('',*,*,#3971,.T.);
#4747 = ORIENTED_EDGE('',*,*,#4748,.F.);
#4748 = EDGE_CURVE('',#4335,#3974,#4749,.T.);
#4749 = LINE('',#4750,#4751);
#4750 = CARTESIAN_POINT('',(10.,-6.08005,-1.6));
#4751 = VECTOR('',#4752,1.);
#4752 = DIRECTION('',(0.,0.,1.));
#4753 = CYLINDRICAL_SURFACE('',#4754,1.08005);
#4754 = AXIS2_PLACEMENT_3D('',#4755,#4756,#4757);
#4755 = CARTESIAN_POINT('',(10.,-5.,-1.6));
#4756 = DIRECTION('',(0.,0.,-1.));
#4757 = DIRECTION('',(-1.,0.,0.));
#4758 = ADVANCED_FACE('',(#4759),#4765,.F.);
#4759 = FACE_BOUND('',#4760,.F.);
#4760 = EDGE_LOOP('',(#4761,#4762,#4763,#4764));
#4761 = ORIENTED_EDGE('',*,*,#4343,.F.);
#4762 = ORIENTED_EDGE('',*,*,#4748,.T.);
#4763 = ORIENTED_EDGE('',*,*,#3982,.T.);
#4764 = ORIENTED_EDGE('',*,*,#4741,.F.);
#4765 = CYLINDRICAL_SURFACE('',#4766,1.08005);
#4766 = AXIS2_PLACEMENT_3D('',#4767,#4768,#4769);
#4767 = CARTESIAN_POINT('',(10.,-5.,-1.6));
#4768 = DIRECTION('',(0.,0.,-1.));
#4769 = DIRECTION('',(-1.,0.,0.));
#4770 = ADVANCED_FACE('',(#4771),#4787,.F.);
#4771 = FACE_BOUND('',#4772,.F.);
#4772 = EDGE_LOOP('',(#4773,#4774,#4780,#4781));
#4773 = ORIENTED_EDGE('',*,*,#4352,.F.);
#4774 = ORIENTED_EDGE('',*,*,#4775,.T.);
#4775 = EDGE_CURVE('',#4353,#3992,#4776,.T.);
#4776 = LINE('',#4777,#4778);
#4777 = CARTESIAN_POINT('',(-2.5626402,-0.1020306,-1.6));
#4778 = VECTOR('',#4779,1.);
#4779 = DIRECTION('',(0.,0.,1.));
#4780 = ORIENTED_EDGE('',*,*,#3991,.T.);
#4781 = ORIENTED_EDGE('',*,*,#4782,.F.);
#4782 = EDGE_CURVE('',#4355,#3994,#4783,.T.);
#4783 = LINE('',#4784,#4785);
#4784 = CARTESIAN_POINT('',(-2.5173597,-1.1679693,-1.6));
#4785 = VECTOR('',#4786,1.);
#4786 = DIRECTION('',(0.,0.,1.));
#4787 = CYLINDRICAL_SURFACE('',#4788,0.533450006054);
#4788 = AXIS2_PLACEMENT_3D('',#4789,#4790,#4791);
#4789 = CARTESIAN_POINT('',(-2.540000006054,-0.634999952381,-1.6));
#4790 = DIRECTION('',(0.,0.,-1.));
#4791 = DIRECTION('',(-1.,0.,0.));
#4792 = ADVANCED_FACE('',(#4793),#4799,.F.);
#4793 = FACE_BOUND('',#4794,.F.);
#4794 = EDGE_LOOP('',(#4795,#4796,#4797,#4798));
#4795 = ORIENTED_EDGE('',*,*,#4363,.F.);
#4796 = ORIENTED_EDGE('',*,*,#4782,.T.);
#4797 = ORIENTED_EDGE('',*,*,#4002,.T.);
#4798 = ORIENTED_EDGE('',*,*,#4775,.F.);
#4799 = CYLINDRICAL_SURFACE('',#4800,0.533450006054);
#4800 = AXIS2_PLACEMENT_3D('',#4801,#4802,#4803);
#4801 = CARTESIAN_POINT('',(-2.539999993946,-0.634999951867,-1.6));
#4802 = DIRECTION('',(0.,0.,-1.));
#4803 = DIRECTION('',(-1.,0.,0.));
#4804 = ADVANCED_FACE('',(#4805),#4821,.F.);
#4805 = FACE_BOUND('',#4806,.F.);
#4806 = EDGE_LOOP('',(#4807,#4808,#4814,#4815));
#4807 = ORIENTED_EDGE('',*,*,#4372,.F.);
#4808 = ORIENTED_EDGE('',*,*,#4809,.T.);
#4809 = EDGE_CURVE('',#4373,#4012,#4810,.T.);
#4810 = LINE('',#4811,#4812);
#4811 = CARTESIAN_POINT('',(-1.27,-0.33025,-1.6));
#4812 = VECTOR('',#4813,1.);
#4813 = DIRECTION('',(0.,0.,1.));
#4814 = ORIENTED_EDGE('',*,*,#4011,.T.);
#4815 = ORIENTED_EDGE('',*,*,#4816,.F.);
#4816 = EDGE_CURVE('',#4375,#4014,#4817,.T.);
#4817 = LINE('',#4818,#4819);
#4818 = CARTESIAN_POINT('',(-1.2699999,-0.93975,-1.6));
#4819 = VECTOR('',#4820,1.);
#4820 = DIRECTION('',(0.,0.,1.));
#4821 = CYLINDRICAL_SURFACE('',#4822,0.30475);
#4822 = AXIS2_PLACEMENT_3D('',#4823,#4824,#4825);
#4823 = CARTESIAN_POINT('',(-1.27,-0.635,-1.6));
#4824 = DIRECTION('',(0.,0.,-1.));
#4825 = DIRECTION('',(-1.,0.,0.));
#4826 = ADVANCED_FACE('',(#4827),#4833,.F.);
#4827 = FACE_BOUND('',#4828,.F.);
#4828 = EDGE_LOOP('',(#4829,#4830,#4831,#4832));
#4829 = ORIENTED_EDGE('',*,*,#4383,.F.);
#4830 = ORIENTED_EDGE('',*,*,#4816,.T.);
#4831 = ORIENTED_EDGE('',*,*,#4022,.T.);
#4832 = ORIENTED_EDGE('',*,*,#4809,.F.);
#4833 = CYLINDRICAL_SURFACE('',#4834,0.30475);
#4834 = AXIS2_PLACEMENT_3D('',#4835,#4836,#4837);
#4835 = CARTESIAN_POINT('',(-1.27,-0.635,-1.6));
#4836 = DIRECTION('',(0.,0.,-1.));
#4837 = DIRECTION('',(-1.,0.,0.));
#4838 = ADVANCED_FACE('',(#4839),#4855,.F.);
#4839 = FACE_BOUND('',#4840,.F.);
#4840 = EDGE_LOOP('',(#4841,#4842,#4848,#4849));
#4841 = ORIENTED_EDGE('',*,*,#4392,.F.);
#4842 = ORIENTED_EDGE('',*,*,#4843,.T.);
#4843 = EDGE_CURVE('',#4393,#4032,#4844,.T.);
#4844 = LINE('',#4845,#4846);
#4845 = CARTESIAN_POINT('',(-2.5626402,1.1679693,-1.6));
#4846 = VECTOR('',#4847,1.);
#4847 = DIRECTION('',(0.,0.,1.));
#4848 = ORIENTED_EDGE('',*,*,#4031,.T.);
#4849 = ORIENTED_EDGE('',*,*,#4850,.F.);
#4850 = EDGE_CURVE('',#4395,#4034,#4851,.T.);
#4851 = LINE('',#4852,#4853);
#4852 = CARTESIAN_POINT('',(-2.5173597,0.1020306,-1.6));
#4853 = VECTOR('',#4854,1.);
#4854 = DIRECTION('',(0.,0.,1.));
#4855 = CYLINDRICAL_SURFACE('',#4856,0.533450006054);
#4856 = AXIS2_PLACEMENT_3D('',#4857,#4858,#4859);
#4857 = CARTESIAN_POINT('',(-2.540000006054,0.634999947619,-1.6));
#4858 = DIRECTION('',(0.,0.,-1.));
#4859 = DIRECTION('',(-1.,0.,0.));
#4860 = ADVANCED_FACE('',(#4861),#4867,.F.);
#4861 = FACE_BOUND('',#4862,.F.);
#4862 = EDGE_LOOP('',(#4863,#4864,#4865,#4866));
#4863 = ORIENTED_EDGE('',*,*,#4403,.F.);
#4864 = ORIENTED_EDGE('',*,*,#4850,.T.);
#4865 = ORIENTED_EDGE('',*,*,#4042,.T.);
#4866 = ORIENTED_EDGE('',*,*,#4843,.F.);
#4867 = CYLINDRICAL_SURFACE('',#4868,0.533450006054);
#4868 = AXIS2_PLACEMENT_3D('',#4869,#4870,#4871);
#4869 = CARTESIAN_POINT('',(-2.539999993946,0.634999948133,-1.6));
#4870 = DIRECTION('',(0.,0.,-1.));
#4871 = DIRECTION('',(-1.,0.,0.));
#4872 = ADVANCED_FACE('',(#4873),#4889,.F.);
#4873 = FACE_BOUND('',#4874,.F.);
#4874 = EDGE_LOOP('',(#4875,#4876,#4882,#4883));
#4875 = ORIENTED_EDGE('',*,*,#4412,.F.);
#4876 = ORIENTED_EDGE('',*,*,#4877,.T.);
#4877 = EDGE_CURVE('',#4413,#4052,#4878,.T.);
#4878 = LINE('',#4879,#4880);
#4879 = CARTESIAN_POINT('',(-1.27,0.93975,-1.6));
#4880 = VECTOR('',#4881,1.);
#4881 = DIRECTION('',(0.,0.,1.));
#4882 = ORIENTED_EDGE('',*,*,#4051,.T.);
#4883 = ORIENTED_EDGE('',*,*,#4884,.F.);
#4884 = EDGE_CURVE('',#4415,#4054,#4885,.T.);
#4885 = LINE('',#4886,#4887);
#4886 = CARTESIAN_POINT('',(-1.2699999,0.3302499,-1.6));
#4887 = VECTOR('',#4888,1.);
#4888 = DIRECTION('',(0.,0.,1.));
#4889 = CYLINDRICAL_SURFACE('',#4890,0.30475005);
#4890 = AXIS2_PLACEMENT_3D('',#4891,#4892,#4893);
#4891 = CARTESIAN_POINT('',(-1.27000005,0.63499995,-1.6));
#4892 = DIRECTION('',(0.,0.,-1.));
#4893 = DIRECTION('',(-1.,0.,0.));
#4894 = ADVANCED_FACE('',(#4895),#4901,.F.);
#4895 = FACE_BOUND('',#4896,.F.);
#4896 = EDGE_LOOP('',(#4897,#4898,#4899,#4900));
#4897 = ORIENTED_EDGE('',*,*,#4423,.F.);
#4898 = ORIENTED_EDGE('',*,*,#4884,.T.);
#4899 = ORIENTED_EDGE('',*,*,#4062,.T.);
#4900 = ORIENTED_EDGE('',*,*,#4877,.F.);
#4901 = CYLINDRICAL_SURFACE('',#4902,0.30475005);
#4902 = AXIS2_PLACEMENT_3D('',#4903,#4904,#4905);
#4903 = CARTESIAN_POINT('',(-1.26999995,0.63499995,-1.6));
#4904 = DIRECTION('',(0.,0.,-1.));
#4905 = DIRECTION('',(-1.,0.,0.));
#4906 = ADVANCED_FACE('',(#4907),#4923,.F.);
#4907 = FACE_BOUND('',#4908,.F.);
#4908 = EDGE_LOOP('',(#4909,#4910,#4916,#4917));
#4909 = ORIENTED_EDGE('',*,*,#4432,.F.);
#4910 = ORIENTED_EDGE('',*,*,#4911,.T.);
#4911 = EDGE_CURVE('',#4433,#4072,#4912,.T.);
#4912 = LINE('',#4913,#4914);
#4913 = CARTESIAN_POINT('',(-6.409875621279E-17,-0.33025,-1.6));
#4914 = VECTOR('',#4915,1.);
#4915 = DIRECTION('',(0.,0.,1.));
#4916 = ORIENTED_EDGE('',*,*,#4071,.T.);
#4917 = ORIENTED_EDGE('',*,*,#4918,.F.);
#4918 = EDGE_CURVE('',#4435,#4074,#4919,.T.);
#4919 = LINE('',#4920,#4921);
#4920 = CARTESIAN_POINT('',(-6.409875621279E-17,-0.93975,-1.6));
#4921 = VECTOR('',#4922,1.);
#4922 = DIRECTION('',(0.,0.,1.));
#4923 = CYLINDRICAL_SURFACE('',#4924,0.30475);
#4924 = AXIS2_PLACEMENT_3D('',#4925,#4926,#4927);
#4925 = CARTESIAN_POINT('',(1.711304256127E-17,-0.635,-1.6));
#4926 = DIRECTION('',(0.,0.,-1.));
#4927 = DIRECTION('',(-1.,0.,0.));
#4928 = ADVANCED_FACE('',(#4929),#4935,.F.);
#4929 = FACE_BOUND('',#4930,.F.);
#4930 = EDGE_LOOP('',(#4931,#4932,#4933,#4934));
#4931 = ORIENTED_EDGE('',*,*,#4443,.F.);
#4932 = ORIENTED_EDGE('',*,*,#4918,.T.);
#4933 = ORIENTED_EDGE('',*,*,#4082,.T.);
#4934 = ORIENTED_EDGE('',*,*,#4911,.F.);
#4935 = CYLINDRICAL_SURFACE('',#4936,0.30475);
#4936 = AXIS2_PLACEMENT_3D('',#4937,#4938,#4939);
#4937 = CARTESIAN_POINT('',(1.000000162247E-07,-0.635,-1.6));
#4938 = DIRECTION('',(0.,0.,-1.));
#4939 = DIRECTION('',(-1.,0.,0.));
#4940 = ADVANCED_FACE('',(#4941),#4957,.F.);
#4941 = FACE_BOUND('',#4942,.F.);
#4942 = EDGE_LOOP('',(#4943,#4944,#4950,#4951));
#4943 = ORIENTED_EDGE('',*,*,#4452,.F.);
#4944 = ORIENTED_EDGE('',*,*,#4945,.T.);
#4945 = EDGE_CURVE('',#4453,#4092,#4946,.T.);
#4946 = LINE('',#4947,#4948);
#4947 = CARTESIAN_POINT('',(1.27,-0.33025,-1.6));
#4948 = VECTOR('',#4949,1.);
#4949 = DIRECTION('',(0.,0.,1.));
#4950 = ORIENTED_EDGE('',*,*,#4091,.T.);
#4951 = ORIENTED_EDGE('',*,*,#4952,.F.);
#4952 = EDGE_CURVE('',#4455,#4094,#4953,.T.);
#4953 = LINE('',#4954,#4955);
#4954 = CARTESIAN_POINT('',(1.27,-0.93975,-1.6));
#4955 = VECTOR('',#4956,1.);
#4956 = DIRECTION('',(0.,0.,1.));
#4957 = CYLINDRICAL_SURFACE('',#4958,0.30475);
#4958 = AXIS2_PLACEMENT_3D('',#4959,#4960,#4961);
#4959 = CARTESIAN_POINT('',(1.27,-0.635,-1.6));
#4960 = DIRECTION('',(0.,0.,-1.));
#4961 = DIRECTION('',(-1.,0.,0.));
#4962 = ADVANCED_FACE('',(#4963),#4969,.F.);
#4963 = FACE_BOUND('',#4964,.F.);
#4964 = EDGE_LOOP('',(#4965,#4966,#4967,#4968));
#4965 = ORIENTED_EDGE('',*,*,#4463,.F.);
#4966 = ORIENTED_EDGE('',*,*,#4952,.T.);
#4967 = ORIENTED_EDGE('',*,*,#4102,.T.);
#4968 = ORIENTED_EDGE('',*,*,#4945,.F.);
#4969 = CYLINDRICAL_SURFACE('',#4970,0.30475);
#4970 = AXIS2_PLACEMENT_3D('',#4971,#4972,#4973);
#4971 = CARTESIAN_POINT('',(1.27,-0.635,-1.6));
#4972 = DIRECTION('',(0.,0.,-1.));
#4973 = DIRECTION('',(-1.,0.,0.));
#4974 = ADVANCED_FACE('',(#4975),#4991,.F.);
#4975 = FACE_BOUND('',#4976,.F.);
#4976 = EDGE_LOOP('',(#4977,#4978,#4984,#4985));
#4977 = ORIENTED_EDGE('',*,*,#4472,.F.);
#4978 = ORIENTED_EDGE('',*,*,#4979,.T.);
#4979 = EDGE_CURVE('',#4473,#4112,#4980,.T.);
#4980 = LINE('',#4981,#4982);
#4981 = CARTESIAN_POINT('',(2.5173597,-0.1020306,-1.6));
#4982 = VECTOR('',#4983,1.);
#4983 = DIRECTION('',(0.,0.,1.));
#4984 = ORIENTED_EDGE('',*,*,#4111,.T.);
#4985 = ORIENTED_EDGE('',*,*,#4986,.F.);
#4986 = EDGE_CURVE('',#4475,#4114,#4987,.T.);
#4987 = LINE('',#4988,#4989);
#4988 = CARTESIAN_POINT('',(2.5626402,-1.1679693,-1.6));
#4989 = VECTOR('',#4990,1.);
#4990 = DIRECTION('',(0.,0.,1.));
#4991 = CYLINDRICAL_SURFACE('',#4992,0.533450006054);
#4992 = AXIS2_PLACEMENT_3D('',#4993,#4994,#4995);
#4993 = CARTESIAN_POINT('',(2.539999993946,-0.634999948133,-1.6));
#4994 = DIRECTION('',(0.,0.,-1.));
#4995 = DIRECTION('',(-1.,0.,0.));
#4996 = ADVANCED_FACE('',(#4997),#5003,.F.);
#4997 = FACE_BOUND('',#4998,.F.);
#4998 = EDGE_LOOP('',(#4999,#5000,#5001,#5002));
#4999 = ORIENTED_EDGE('',*,*,#4483,.F.);
#5000 = ORIENTED_EDGE('',*,*,#4986,.T.);
#5001 = ORIENTED_EDGE('',*,*,#4122,.T.);
#5002 = ORIENTED_EDGE('',*,*,#4979,.F.);
#5003 = CYLINDRICAL_SURFACE('',#5004,0.533450006054);
#5004 = AXIS2_PLACEMENT_3D('',#5005,#5006,#5007);
#5005 = CARTESIAN_POINT('',(2.540000006054,-0.634999947619,-1.6));
#5006 = DIRECTION('',(0.,0.,-1.));
#5007 = DIRECTION('',(-1.,0.,0.));
#5008 = ADVANCED_FACE('',(#5009),#5025,.F.);
#5009 = FACE_BOUND('',#5010,.F.);
#5010 = EDGE_LOOP('',(#5011,#5012,#5018,#5019));
#5011 = ORIENTED_EDGE('',*,*,#4492,.F.);
#5012 = ORIENTED_EDGE('',*,*,#5013,.T.);
#5013 = EDGE_CURVE('',#4493,#4132,#5014,.T.);
#5014 = LINE('',#5015,#5016);
#5015 = CARTESIAN_POINT('',(-6.409875621279E-17,0.9397499,-1.6));
#5016 = VECTOR('',#5017,1.);
#5017 = DIRECTION('',(0.,0.,1.));
#5018 = ORIENTED_EDGE('',*,*,#4131,.T.);
#5019 = ORIENTED_EDGE('',*,*,#5020,.F.);
#5020 = EDGE_CURVE('',#4495,#4134,#5021,.T.);
#5021 = LINE('',#5022,#5023);
#5022 = CARTESIAN_POINT('',(-6.409875621279E-17,0.3302499,-1.6));
#5023 = VECTOR('',#5024,1.);
#5024 = DIRECTION('',(0.,0.,1.));
#5025 = CYLINDRICAL_SURFACE('',#5026,0.30475);
#5026 = AXIS2_PLACEMENT_3D('',#5027,#5028,#5029);
#5027 = CARTESIAN_POINT('',(-3.750775280605E-17,0.6349999,-1.6));
#5028 = DIRECTION('',(0.,0.,-1.));
#5029 = DIRECTION('',(-1.,0.,0.));
#5030 = ADVANCED_FACE('',(#5031),#5037,.F.);
#5031 = FACE_BOUND('',#5032,.F.);
#5032 = EDGE_LOOP('',(#5033,#5034,#5035,#5036));
#5033 = ORIENTED_EDGE('',*,*,#4503,.F.);
#5034 = ORIENTED_EDGE('',*,*,#5020,.T.);
#5035 = ORIENTED_EDGE('',*,*,#4142,.T.);
#5036 = ORIENTED_EDGE('',*,*,#5013,.F.);
#5037 = CYLINDRICAL_SURFACE('',#5038,0.30475);
#5038 = AXIS2_PLACEMENT_3D('',#5039,#5040,#5041);
#5039 = CARTESIAN_POINT('',(1.000000163266E-07,0.6349999,-1.6));
#5040 = DIRECTION('',(0.,0.,-1.));
#5041 = DIRECTION('',(-1.,0.,0.));
#5042 = ADVANCED_FACE('',(#5043),#5059,.F.);
#5043 = FACE_BOUND('',#5044,.F.);
#5044 = EDGE_LOOP('',(#5045,#5046,#5052,#5053));
#5045 = ORIENTED_EDGE('',*,*,#4512,.F.);
#5046 = ORIENTED_EDGE('',*,*,#5047,.T.);
#5047 = EDGE_CURVE('',#4513,#4152,#5048,.T.);
#5048 = LINE('',#5049,#5050);
#5049 = CARTESIAN_POINT('',(1.27,0.93975,-1.6));
#5050 = VECTOR('',#5051,1.);
#5051 = DIRECTION('',(0.,0.,1.));
#5052 = ORIENTED_EDGE('',*,*,#4151,.T.);
#5053 = ORIENTED_EDGE('',*,*,#5054,.F.);
#5054 = EDGE_CURVE('',#4515,#4154,#5055,.T.);
#5055 = LINE('',#5056,#5057);
#5056 = CARTESIAN_POINT('',(1.27,0.3302499,-1.6));
#5057 = VECTOR('',#5058,1.);
#5058 = DIRECTION('',(0.,0.,1.));
#5059 = CYLINDRICAL_SURFACE('',#5060,0.30475005);
#5060 = AXIS2_PLACEMENT_3D('',#5061,#5062,#5063);
#5061 = CARTESIAN_POINT('',(1.26999995,0.63499995,-1.6));
#5062 = DIRECTION('',(0.,0.,-1.));
#5063 = DIRECTION('',(-1.,0.,0.));
#5064 = ADVANCED_FACE('',(#5065),#5071,.F.);
#5065 = FACE_BOUND('',#5066,.F.);
#5066 = EDGE_LOOP('',(#5067,#5068,#5069,#5070));
#5067 = ORIENTED_EDGE('',*,*,#4523,.F.);
#5068 = ORIENTED_EDGE('',*,*,#5054,.T.);
#5069 = ORIENTED_EDGE('',*,*,#4162,.T.);
#5070 = ORIENTED_EDGE('',*,*,#5047,.F.);
#5071 = CYLINDRICAL_SURFACE('',#5072,0.30475005);
#5072 = AXIS2_PLACEMENT_3D('',#5073,#5074,#5075);
#5073 = CARTESIAN_POINT('',(1.27000005,0.63499995,-1.6));
#5074 = DIRECTION('',(0.,0.,-1.));
#5075 = DIRECTION('',(-1.,0.,0.));
#5076 = ADVANCED_FACE('',(#5077),#5093,.F.);
#5077 = FACE_BOUND('',#5078,.F.);
#5078 = EDGE_LOOP('',(#5079,#5080,#5086,#5087));
#5079 = ORIENTED_EDGE('',*,*,#4532,.F.);
#5080 = ORIENTED_EDGE('',*,*,#5081,.T.);
#5081 = EDGE_CURVE('',#4533,#4172,#5082,.T.);
#5082 = LINE('',#5083,#5084);
#5083 = CARTESIAN_POINT('',(2.5173597,1.1679693,-1.6));
#5084 = VECTOR('',#5085,1.);
#5085 = DIRECTION('',(0.,0.,1.));
#5086 = ORIENTED_EDGE('',*,*,#4171,.T.);
#5087 = ORIENTED_EDGE('',*,*,#5088,.F.);
#5088 = EDGE_CURVE('',#4535,#4174,#5089,.T.);
#5089 = LINE('',#5090,#5091);
#5090 = CARTESIAN_POINT('',(2.5626402,0.1020306,-1.6));
#5091 = VECTOR('',#5092,1.);
#5092 = DIRECTION('',(0.,0.,1.));
#5093 = CYLINDRICAL_SURFACE('',#5094,0.533450006054);
#5094 = AXIS2_PLACEMENT_3D('',#5095,#5096,#5097);
#5095 = CARTESIAN_POINT('',(2.539999993946,0.634999951867,-1.6));
#5096 = DIRECTION('',(0.,0.,-1.));
#5097 = DIRECTION('',(-1.,0.,0.));
#5098 = ADVANCED_FACE('',(#5099),#5105,.F.);
#5099 = FACE_BOUND('',#5100,.F.);
#5100 = EDGE_LOOP('',(#5101,#5102,#5103,#5104));
#5101 = ORIENTED_EDGE('',*,*,#4543,.F.);
#5102 = ORIENTED_EDGE('',*,*,#5088,.T.);
#5103 = ORIENTED_EDGE('',*,*,#4182,.T.);
#5104 = ORIENTED_EDGE('',*,*,#5081,.F.);
#5105 = CYLINDRICAL_SURFACE('',#5106,0.533450006054);
#5106 = AXIS2_PLACEMENT_3D('',#5107,#5108,#5109);
#5107 = CARTESIAN_POINT('',(2.540000006054,0.634999952381,-1.6));
#5108 = DIRECTION('',(0.,0.,-1.));
#5109 = DIRECTION('',(-1.,0.,0.));
#5110 = ( GEOMETRIC_REPRESENTATION_CONTEXT(3) 
GLOBAL_UNCERTAINTY_ASSIGNED_CONTEXT((#5114)) 
GLOBAL_UNIT_ASSIGNED_CONTEXT((#5111,#5112,#5113)) REPRESENTATION_CONTEXT
('Context #1','3D Context with UNIT and UNCERTAINTY') );
#5111 = ( LENGTH_UNIT() NAMED_UNIT(*) SI_UNIT(.MILLI.,.METRE.) );
#5112 = ( NAMED_UNIT(*) PLANE_ANGLE_UNIT() SI_UNIT($,.RADIAN.) );
#5113 = ( NAMED_UNIT(*) SI_UNIT($,.STERADIAN.) SOLID_ANGLE_UNIT() );
#5114 = UNCERTAINTY_MEASURE_WITH_UNIT(LENGTH_MEASURE(1.E-07),#5111,
  'distance_accuracy_value','confusion accuracy');
#5115 = CONTEXT_DEPENDENT_SHAPE_REPRESENTATION(#5116,#5118);
#5116 = ( REPRESENTATION_RELATIONSHIP('','',#3775,#10) 
REPRESENTATION_RELATIONSHIP_WITH_TRANSFORMATION(#5117) 
SHAPE_REPRESENTATION_RELATIONSHIP() );
#5117 = ITEM_DEFINED_TRANSFORMATION('','',#11,#51);
#5118 = PRODUCT_DEFINITION_SHAPE('Placement','Placement of an item',
  #5119);
#5119 = NEXT_ASSEMBLY_USAGE_OCCURRENCE('20','PCB','',#5,#3770,$);
#5120 = PRODUCT_RELATED_PRODUCT_CATEGORY('part',$,(#3772));
#5121 = MECHANICAL_DESIGN_GEOMETRIC_PRESENTATION_REPRESENTATION('',(
    #5122),#5110);
#5122 = STYLED_ITEM('color',(#5123),#3776);
#5123 = PRESENTATION_STYLE_ASSIGNMENT((#5124,#5132));
#5124 = SURFACE_STYLE_USAGE(.BOTH.,#5125);
#5125 = SURFACE_SIDE_STYLE('',(#5126,#5130));
#5126 = SURFACE_STYLE_FILL_AREA(#5127);
#5127 = FILL_AREA_STYLE('',(#5128));
#5128 = FILL_AREA_STYLE_COLOUR('',#5129);
#5129 = COLOUR_RGB('',0.482352940689,0.800000010877,0.321568635616);
#5130 = SURFACE_STYLE_RENDERING_WITH_PROPERTIES(.NORMAL_SHADING.,#5129,(
    #5131));
#5131 = SURFACE_STYLE_TRANSPARENT(0.800000011921);
#5132 = CURVE_STYLE('',#5133,POSITIVE_LENGTH_MEASURE(0.1),#5134);
#5133 = DRAUGHTING_PRE_DEFINED_CURVE_FONT('continuous');
#5134 = COLOUR_RGB('',9.803921802644E-02,9.803921802644E-02,
  9.803921802644E-02);
#5135 = MECHANICAL_DESIGN_GEOMETRIC_PRESENTATION_REPRESENTATION('',(
    #5136,#5147,#5156,#5165,#5174,#5183),#3193);
#5136 = STYLED_ITEM('color',(#5137),#3122);
#5137 = PRESENTATION_STYLE_ASSIGNMENT((#5138,#5144));
#5138 = SURFACE_STYLE_USAGE(.BOTH.,#5139);
#5139 = SURFACE_SIDE_STYLE('',(#5140));
#5140 = SURFACE_STYLE_FILL_AREA(#5141);
#5141 = FILL_AREA_STYLE('',(#5142));
#5142 = FILL_AREA_STYLE_COLOUR('',#5143);
#5143 = COLOUR_RGB('',0.678430976034,0.709803998361,0.741176010593);
#5144 = CURVE_STYLE('',#5145,POSITIVE_LENGTH_MEASURE(0.1),#5146);
#5145 = DRAUGHTING_PRE_DEFINED_CURVE_FONT('continuous');
#5146 = DRAUGHTING_PRE_DEFINED_COLOUR('blue');
#5147 = STYLED_ITEM('color',(#5148),#3144);
#5148 = PRESENTATION_STYLE_ASSIGNMENT((#5149,#5154));
#5149 = SURFACE_STYLE_USAGE(.BOTH.,#5150);
#5150 = SURFACE_SIDE_STYLE('',(#5151));
#5151 = SURFACE_STYLE_FILL_AREA(#5152);
#5152 = FILL_AREA_STYLE('',(#5153));
#5153 = FILL_AREA_STYLE_COLOUR('',#5143);
#5154 = CURVE_STYLE('',#5155,POSITIVE_LENGTH_MEASURE(0.1),#5146);
#5155 = DRAUGHTING_PRE_DEFINED_CURVE_FONT('continuous');
#5156 = STYLED_ITEM('color',(#5157),#3159);
#5157 = PRESENTATION_STYLE_ASSIGNMENT((#5158,#5163));
#5158 = SURFACE_STYLE_USAGE(.BOTH.,#5159);
#5159 = SURFACE_SIDE_STYLE('',(#5160));
#5160 = SURFACE_STYLE_FILL_AREA(#5161);
#5161 = FILL_AREA_STYLE('',(#5162));
#5162 = FILL_AREA_STYLE_COLOUR('',#5143);
#5163 = CURVE_STYLE('',#5164,POSITIVE_LENGTH_MEASURE(0.1),#5146);
#5164 = DRAUGHTING_PRE_DEFINED_CURVE_FONT('continuous');
#5165 = STYLED_ITEM('color',(#5166),#3167);
#5166 = PRESENTATION_STYLE_ASSIGNMENT((#5167,#5172));
#5167 = SURFACE_STYLE_USAGE(.BOTH.,#5168);
#5168 = SURFACE_SIDE_STYLE('',(#5169));
#5169 = SURFACE_STYLE_FILL_AREA(#5170);
#5170 = FILL_AREA_STYLE('',(#5171));
#5171 = FILL_AREA_STYLE_COLOUR('',#5143);
#5172 = CURVE_STYLE('',#5173,POSITIVE_LENGTH_MEASURE(0.1),#5146);
#5173 = DRAUGHTING_PRE_DEFINED_CURVE_FONT('continuous');
#5174 = STYLED_ITEM('color',(#5175),#3175);
#5175 = PRESENTATION_STYLE_ASSIGNMENT((#5176,#5181));
#5176 = SURFACE_STYLE_USAGE(.BOTH.,#5177);
#5177 = SURFACE_SIDE_STYLE('',(#5178));
#5178 = SURFACE_STYLE_FILL_AREA(#5179);
#5179 = FILL_AREA_STYLE('',(#5180));
#5180 = FILL_AREA_STYLE_COLOUR('',#5143);
#5181 = CURVE_STYLE('',#5182,POSITIVE_LENGTH_MEASURE(0.1),#5146);
#5182 = DRAUGHTING_PRE_DEFINED_CURVE_FONT('continuous');
#5183 = STYLED_ITEM('color',(#5184),#3184);
#5184 = PRESENTATION_STYLE_ASSIGNMENT((#5185,#5190));
#5185 = SURFACE_STYLE_USAGE(.BOTH.,#5186);
#5186 = SURFACE_SIDE_STYLE('',(#5187));
#5187 = SURFACE_STYLE_FILL_AREA(#5188);
#5188 = FILL_AREA_STYLE('',(#5189));
#5189 = FILL_AREA_STYLE_COLOUR('',#5143);
#5190 = CURVE_STYLE('',#5191,POSITIVE_LENGTH_MEASURE(0.1),#5146);
#5191 = DRAUGHTING_PRE_DEFINED_CURVE_FONT('continuous');
#5192 = MECHANICAL_DESIGN_GEOMETRIC_PRESENTATION_REPRESENTATION('',(
    #5193,#5203,#5212,#5221,#5230,#5239),#3538);
#5193 = STYLED_ITEM('color',(#5194),#3484);
#5194 = PRESENTATION_STYLE_ASSIGNMENT((#5195,#5200));
#5195 = SURFACE_STYLE_USAGE(.BOTH.,#5196);
#5196 = SURFACE_SIDE_STYLE('',(#5197));
#5197 = SURFACE_STYLE_FILL_AREA(#5198);
#5198 = FILL_AREA_STYLE('',(#5199));
#5199 = FILL_AREA_STYLE_COLOUR('',#5143);
#5200 = CURVE_STYLE('',#5201,POSITIVE_LENGTH_MEASURE(0.1),#5202);
#5201 = DRAUGHTING_PRE_DEFINED_CURVE_FONT('continuous');
#5202 = COLOUR_RGB('',1.,0.666666687201,1.);
#5203 = STYLED_ITEM('color',(#5204),#3493);
#5204 = PRESENTATION_STYLE_ASSIGNMENT((#5205,#5210));
#5205 = SURFACE_STYLE_USAGE(.BOTH.,#5206);
#5206 = SURFACE_SIDE_STYLE('',(#5207));
#5207 = SURFACE_STYLE_FILL_AREA(#5208);
#5208 = FILL_AREA_STYLE('',(#5209));
#5209 = FILL_AREA_STYLE_COLOUR('',#5143);
#5210 = CURVE_STYLE('',#5211,POSITIVE_LENGTH_MEASURE(0.1),#5202);
#5211 = DRAUGHTING_PRE_DEFINED_CURVE_FONT('continuous');
#5212 = STYLED_ITEM('color',(#5213),#3502);
#5213 = PRESENTATION_STYLE_ASSIGNMENT((#5214,#5219));
#5214 = SURFACE_STYLE_USAGE(.BOTH.,#5215);
#5215 = SURFACE_SIDE_STYLE('',(#5216));
#5216 = SURFACE_STYLE_FILL_AREA(#5217);
#5217 = FILL_AREA_STYLE('',(#5218));
#5218 = FILL_AREA_STYLE_COLOUR('',#5143);
#5219 = CURVE_STYLE('',#5220,POSITIVE_LENGTH_MEASURE(0.1),#5202);
#5220 = DRAUGHTING_PRE_DEFINED_CURVE_FONT('continuous');
#5221 = STYLED_ITEM('color',(#5222),#3511);
#5222 = PRESENTATION_STYLE_ASSIGNMENT((#5223,#5228));
#5223 = SURFACE_STYLE_USAGE(.BOTH.,#5224);
#5224 = SURFACE_SIDE_STYLE('',(#5225));
#5225 = SURFACE_STYLE_FILL_AREA(#5226);
#5226 = FILL_AREA_STYLE('',(#5227));
#5227 = FILL_AREA_STYLE_COLOUR('',#5143);
#5228 = CURVE_STYLE('',#5229,POSITIVE_LENGTH_MEASURE(0.1),#5202);
#5229 = DRAUGHTING_PRE_DEFINED_CURVE_FONT('continuous');
#5230 = STYLED_ITEM('color',(#5231),#3520);
#5231 = PRESENTATION_STYLE_ASSIGNMENT((#5232,#5237));
#5232 = SURFACE_STYLE_USAGE(.BOTH.,#5233);
#5233 = SURFACE_SIDE_STYLE('',(#5234));
#5234 = SURFACE_STYLE_FILL_AREA(#5235);
#5235 = FILL_AREA_STYLE('',(#5236));
#5236 = FILL_AREA_STYLE_COLOUR('',#5143);
#5237 = CURVE_STYLE('',#5238,POSITIVE_LENGTH_MEASURE(0.1),#5202);
#5238 = DRAUGHTING_PRE_DEFINED_CURVE_FONT('continuous');
#5239 = STYLED_ITEM('color',(#5240),#3529);
#5240 = PRESENTATION_STYLE_ASSIGNMENT((#5241,#5246));
#5241 = SURFACE_STYLE_USAGE(.BOTH.,#5242);
#5242 = SURFACE_SIDE_STYLE('',(#5243));
#5243 = SURFACE_STYLE_FILL_AREA(#5244);
#5244 = FILL_AREA_STYLE('',(#5245));
#5245 = FILL_AREA_STYLE_COLOUR('',#5143);
#5246 = CURVE_STYLE('',#5247,POSITIVE_LENGTH_MEASURE(0.1),#5202);
#5247 = DRAUGHTING_PRE_DEFINED_CURVE_FONT('continuous');
#5248 = MECHANICAL_DESIGN_GEOMETRIC_PRESENTATION_REPRESENTATION('',(
    #5249,#5258,#5267,#5276,#5285,#5294,#5303,#5312,#5321,#5330,#5339),
  #3465);
#5249 = STYLED_ITEM('color',(#5250),#3212);
#5250 = PRESENTATION_STYLE_ASSIGNMENT((#5251,#5256));
#5251 = SURFACE_STYLE_USAGE(.BOTH.,#5252);
#5252 = SURFACE_SIDE_STYLE('',(#5253));
#5253 = SURFACE_STYLE_FILL_AREA(#5254);
#5254 = FILL_AREA_STYLE('',(#5255));
#5255 = FILL_AREA_STYLE_COLOUR('',#5143);
#5256 = CURVE_STYLE('',#5257,POSITIVE_LENGTH_MEASURE(0.1),#5134);
#5257 = DRAUGHTING_PRE_DEFINED_CURVE_FONT('continuous');
#5258 = STYLED_ITEM('color',(#5259),#3243);
#5259 = PRESENTATION_STYLE_ASSIGNMENT((#5260,#5265));
#5260 = SURFACE_STYLE_USAGE(.BOTH.,#5261);
#5261 = SURFACE_SIDE_STYLE('',(#5262));
#5262 = SURFACE_STYLE_FILL_AREA(#5263);
#5263 = FILL_AREA_STYLE('',(#5264));
#5264 = FILL_AREA_STYLE_COLOUR('',#5143);
#5265 = CURVE_STYLE('',#5266,POSITIVE_LENGTH_MEASURE(0.1),#5134);
#5266 = DRAUGHTING_PRE_DEFINED_CURVE_FONT('continuous');
#5267 = STYLED_ITEM('color',(#5268),#3274);
#5268 = PRESENTATION_STYLE_ASSIGNMENT((#5269,#5274));
#5269 = SURFACE_STYLE_USAGE(.BOTH.,#5270);
#5270 = SURFACE_SIDE_STYLE('',(#5271));
#5271 = SURFACE_STYLE_FILL_AREA(#5272);
#5272 = FILL_AREA_STYLE('',(#5273));
#5273 = FILL_AREA_STYLE_COLOUR('',#5143);
#5274 = CURVE_STYLE('',#5275,POSITIVE_LENGTH_MEASURE(0.1),#5134);
#5275 = DRAUGHTING_PRE_DEFINED_CURVE_FONT('continuous');
#5276 = STYLED_ITEM('color',(#5277),#3305);
#5277 = PRESENTATION_STYLE_ASSIGNMENT((#5278,#5283));
#5278 = SURFACE_STYLE_USAGE(.BOTH.,#5279);
#5279 = SURFACE_SIDE_STYLE('',(#5280));
#5280 = SURFACE_STYLE_FILL_AREA(#5281);
#5281 = FILL_AREA_STYLE('',(#5282));
#5282 = FILL_AREA_STYLE_COLOUR('',#5143);
#5283 = CURVE_STYLE('',#5284,POSITIVE_LENGTH_MEASURE(0.1),#5134);
#5284 = DRAUGHTING_PRE_DEFINED_CURVE_FONT('continuous');
#5285 = STYLED_ITEM('color',(#5286),#3336);
#5286 = PRESENTATION_STYLE_ASSIGNMENT((#5287,#5292));
#5287 = SURFACE_STYLE_USAGE(.BOTH.,#5288);
#5288 = SURFACE_SIDE_STYLE('',(#5289));
#5289 = SURFACE_STYLE_FILL_AREA(#5290);
#5290 = FILL_AREA_STYLE('',(#5291));
#5291 = FILL_AREA_STYLE_COLOUR('',#5143);
#5292 = CURVE_STYLE('',#5293,POSITIVE_LENGTH_MEASURE(0.1),#5134);
#5293 = DRAUGHTING_PRE_DEFINED_CURVE_FONT('continuous');
#5294 = STYLED_ITEM('color',(#5295),#3367);
#5295 = PRESENTATION_STYLE_ASSIGNMENT((#5296,#5301));
#5296 = SURFACE_STYLE_USAGE(.BOTH.,#5297);
#5297 = SURFACE_SIDE_STYLE('',(#5298));
#5298 = SURFACE_STYLE_FILL_AREA(#5299);
#5299 = FILL_AREA_STYLE('',(#5300));
#5300 = FILL_AREA_STYLE_COLOUR('',#5143);
#5301 = CURVE_STYLE('',#5302,POSITIVE_LENGTH_MEASURE(0.1),#5134);
#5302 = DRAUGHTING_PRE_DEFINED_CURVE_FONT('continuous');
#5303 = STYLED_ITEM('color',(#5304),#3398);
#5304 = PRESENTATION_STYLE_ASSIGNMENT((#5305,#5310));
#5305 = SURFACE_STYLE_USAGE(.BOTH.,#5306);
#5306 = SURFACE_SIDE_STYLE('',(#5307));
#5307 = SURFACE_STYLE_FILL_AREA(#5308);
#5308 = FILL_AREA_STYLE('',(#5309));
#5309 = FILL_AREA_STYLE_COLOUR('',#5143);
#5310 = CURVE_STYLE('',#5311,POSITIVE_LENGTH_MEASURE(0.1),#5134);
#5311 = DRAUGHTING_PRE_DEFINED_CURVE_FONT('continuous');
#5312 = STYLED_ITEM('color',(#5313),#3429);
#5313 = PRESENTATION_STYLE_ASSIGNMENT((#5314,#5319));
#5314 = SURFACE_STYLE_USAGE(.BOTH.,#5315);
#5315 = SURFACE_SIDE_STYLE('',(#5316));
#5316 = SURFACE_STYLE_FILL_AREA(#5317);
#5317 = FILL_AREA_STYLE('',(#5318));
#5318 = FILL_AREA_STYLE_COLOUR('',#5143);
#5319 = CURVE_STYLE('',#5320,POSITIVE_LENGTH_MEASURE(0.1),#5134);
#5320 = DRAUGHTING_PRE_DEFINED_CURVE_FONT('continuous');
#5321 = STYLED_ITEM('color',(#5322),#3438);
#5322 = PRESENTATION_STYLE_ASSIGNMENT((#5323,#5328));
#5323 = SURFACE_STYLE_USAGE(.BOTH.,#5324);
#5324 = SURFACE_SIDE_STYLE('',(#5325));
#5325 = SURFACE_STYLE_FILL_AREA(#5326);
#5326 = FILL_AREA_STYLE('',(#5327));
#5327 = FILL_AREA_STYLE_COLOUR('',#5143);
#5328 = CURVE_STYLE('',#5329,POSITIVE_LENGTH_MEASURE(0.1),#5134);
#5329 = DRAUGHTING_PRE_DEFINED_CURVE_FONT('continuous');
#5330 = STYLED_ITEM('color',(#5331),#3447);
#5331 = PRESENTATION_STYLE_ASSIGNMENT((#5332,#5337));
#5332 = SURFACE_STYLE_USAGE(.BOTH.,#5333);
#5333 = SURFACE_SIDE_STYLE('',(#5334));
#5334 = SURFACE_STYLE_FILL_AREA(#5335);
#5335 = FILL_AREA_STYLE('',(#5336));
#5336 = FILL_AREA_STYLE_COLOUR('',#5143);
#5337 = CURVE_STYLE('',#5338,POSITIVE_LENGTH_MEASURE(0.1),#5134);
#5338 = DRAUGHTING_PRE_DEFINED_CURVE_FONT('continuous');
#5339 = STYLED_ITEM('color',(#5340),#3456);
#5340 = PRESENTATION_STYLE_ASSIGNMENT((#5341,#5346));
#5341 = SURFACE_STYLE_USAGE(.BOTH.,#5342);
#5342 = SURFACE_SIDE_STYLE('',(#5343));
#5343 = SURFACE_STYLE_FILL_AREA(#5344);
#5344 = FILL_AREA_STYLE('',(#5345));
#5345 = FILL_AREA_STYLE_COLOUR('',#5143);
#5346 = CURVE_STYLE('',#5347,POSITIVE_LENGTH_MEASURE(0.1),#5134);
#5347 = DRAUGHTING_PRE_DEFINED_CURVE_FONT('continuous');
#5348 = MECHANICAL_DESIGN_GEOMETRIC_PRESENTATION_REPRESENTATION('',(
    #5349,#5361,#5372,#5383,#5394,#5405),#1612);
#5349 = STYLED_ITEM('color',(#5350),#850);
#5350 = PRESENTATION_STYLE_ASSIGNMENT((#5351,#5359));
#5351 = SURFACE_STYLE_USAGE(.BOTH.,#5352);
#5352 = SURFACE_SIDE_STYLE('',(#5353,#5357));
#5353 = SURFACE_STYLE_FILL_AREA(#5354);
#5354 = FILL_AREA_STYLE('',(#5355));
#5355 = FILL_AREA_STYLE_COLOUR('',#5356);
#5356 = COLOUR_RGB('',0.810000015885,0.709999976869,0.230000002338);
#5357 = SURFACE_STYLE_RENDERING_WITH_PROPERTIES(.NORMAL_SHADING.,#5356,(
    #5358));
#5358 = SURFACE_STYLE_TRANSPARENT(0.600000023842);
#5359 = CURVE_STYLE('',#5360,POSITIVE_LENGTH_MEASURE(0.1),#5134);
#5360 = DRAUGHTING_PRE_DEFINED_CURVE_FONT('continuous');
#5361 = STYLED_ITEM('color',(#5362),#977);
#5362 = PRESENTATION_STYLE_ASSIGNMENT((#5363,#5370));
#5363 = SURFACE_STYLE_USAGE(.BOTH.,#5364);
#5364 = SURFACE_SIDE_STYLE('',(#5365,#5368));
#5365 = SURFACE_STYLE_FILL_AREA(#5366);
#5366 = FILL_AREA_STYLE('',(#5367));
#5367 = FILL_AREA_STYLE_COLOUR('',#5356);
#5368 = SURFACE_STYLE_RENDERING_WITH_PROPERTIES(.NORMAL_SHADING.,#5356,(
    #5369));
#5369 = SURFACE_STYLE_TRANSPARENT(0.600000023842);
#5370 = CURVE_STYLE('',#5371,POSITIVE_LENGTH_MEASURE(0.1),#5134);
#5371 = DRAUGHTING_PRE_DEFINED_CURVE_FONT('continuous');
#5372 = STYLED_ITEM('color',(#5373),#1104);
#5373 = PRESENTATION_STYLE_ASSIGNMENT((#5374,#5381));
#5374 = SURFACE_STYLE_USAGE(.BOTH.,#5375);
#5375 = SURFACE_SIDE_STYLE('',(#5376,#5379));
#5376 = SURFACE_STYLE_FILL_AREA(#5377);
#5377 = FILL_AREA_STYLE('',(#5378));
#5378 = FILL_AREA_STYLE_COLOUR('',#5356);
#5379 = SURFACE_STYLE_RENDERING_WITH_PROPERTIES(.NORMAL_SHADING.,#5356,(
    #5380));
#5380 = SURFACE_STYLE_TRANSPARENT(0.600000023842);
#5381 = CURVE_STYLE('',#5382,POSITIVE_LENGTH_MEASURE(0.1),#5134);
#5382 = DRAUGHTING_PRE_DEFINED_CURVE_FONT('continuous');
#5383 = STYLED_ITEM('color',(#5384),#1231);
#5384 = PRESENTATION_STYLE_ASSIGNMENT((#5385,#5392));
#5385 = SURFACE_STYLE_USAGE(.BOTH.,#5386);
#5386 = SURFACE_SIDE_STYLE('',(#5387,#5390));
#5387 = SURFACE_STYLE_FILL_AREA(#5388);
#5388 = FILL_AREA_STYLE('',(#5389));
#5389 = FILL_AREA_STYLE_COLOUR('',#5356);
#5390 = SURFACE_STYLE_RENDERING_WITH_PROPERTIES(.NORMAL_SHADING.,#5356,(
    #5391));
#5391 = SURFACE_STYLE_TRANSPARENT(0.600000023842);
#5392 = CURVE_STYLE('',#5393,POSITIVE_LENGTH_MEASURE(0.1),#5134);
#5393 = DRAUGHTING_PRE_DEFINED_CURVE_FONT('continuous');
#5394 = STYLED_ITEM('color',(#5395),#1358);
#5395 = PRESENTATION_STYLE_ASSIGNMENT((#5396,#5403));
#5396 = SURFACE_STYLE_USAGE(.BOTH.,#5397);
#5397 = SURFACE_SIDE_STYLE('',(#5398,#5401));
#5398 = SURFACE_STYLE_FILL_AREA(#5399);
#5399 = FILL_AREA_STYLE('',(#5400));
#5400 = FILL_AREA_STYLE_COLOUR('',#5356);
#5401 = SURFACE_STYLE_RENDERING_WITH_PROPERTIES(.NORMAL_SHADING.,#5356,(
    #5402));
#5402 = SURFACE_STYLE_TRANSPARENT(0.600000023842);
#5403 = CURVE_STYLE('',#5404,POSITIVE_LENGTH_MEASURE(0.1),#5134);
#5404 = DRAUGHTING_PRE_DEFINED_CURVE_FONT('continuous');
#5405 = STYLED_ITEM('color',(#5406),#1485);
#5406 = PRESENTATION_STYLE_ASSIGNMENT((#5407,#5414));
#5407 = SURFACE_STYLE_USAGE(.BOTH.,#5408);
#5408 = SURFACE_SIDE_STYLE('',(#5409,#5412));
#5409 = SURFACE_STYLE_FILL_AREA(#5410);
#5410 = FILL_AREA_STYLE('',(#5411));
#5411 = FILL_AREA_STYLE_COLOUR('',#5356);
#5412 = SURFACE_STYLE_RENDERING_WITH_PROPERTIES(.NORMAL_SHADING.,#5356,(
    #5413));
#5413 = SURFACE_STYLE_TRANSPARENT(0.600000023842);
#5414 = CURVE_STYLE('',#5415,POSITIVE_LENGTH_MEASURE(0.1),#5134);
#5415 = DRAUGHTING_PRE_DEFINED_CURVE_FONT('continuous');
#5416 = MECHANICAL_DESIGN_GEOMETRIC_PRESENTATION_REPRESENTATION('',(
    #5417,#5426,#5435,#5444),#3757);
#5417 = STYLED_ITEM('color',(#5418),#3721);
#5418 = PRESENTATION_STYLE_ASSIGNMENT((#5419,#5424));
#5419 = SURFACE_STYLE_USAGE(.BOTH.,#5420);
#5420 = SURFACE_SIDE_STYLE('',(#5421));
#5421 = SURFACE_STYLE_FILL_AREA(#5422);
#5422 = FILL_AREA_STYLE('',(#5423));
#5423 = FILL_AREA_STYLE_COLOUR('',#5143);
#5424 = CURVE_STYLE('',#5425,POSITIVE_LENGTH_MEASURE(0.1),#5134);
#5425 = DRAUGHTING_PRE_DEFINED_CURVE_FONT('continuous');
#5426 = STYLED_ITEM('color',(#5427),#3730);
#5427 = PRESENTATION_STYLE_ASSIGNMENT((#5428,#5433));
#5428 = SURFACE_STYLE_USAGE(.BOTH.,#5429);
#5429 = SURFACE_SIDE_STYLE('',(#5430));
#5430 = SURFACE_STYLE_FILL_AREA(#5431);
#5431 = FILL_AREA_STYLE('',(#5432));
#5432 = FILL_AREA_STYLE_COLOUR('',#5143);
#5433 = CURVE_STYLE('',#5434,POSITIVE_LENGTH_MEASURE(0.1),#5134);
#5434 = DRAUGHTING_PRE_DEFINED_CURVE_FONT('continuous');
#5435 = STYLED_ITEM('color',(#5436),#3739);
#5436 = PRESENTATION_STYLE_ASSIGNMENT((#5437,#5442));
#5437 = SURFACE_STYLE_USAGE(.BOTH.,#5438);
#5438 = SURFACE_SIDE_STYLE('',(#5439));
#5439 = SURFACE_STYLE_FILL_AREA(#5440);
#5440 = FILL_AREA_STYLE('',(#5441));
#5441 = FILL_AREA_STYLE_COLOUR('',#5143);
#5442 = CURVE_STYLE('',#5443,POSITIVE_LENGTH_MEASURE(0.1),#5134);
#5443 = DRAUGHTING_PRE_DEFINED_CURVE_FONT('continuous');
#5444 = STYLED_ITEM('color',(#5445),#3748);
#5445 = PRESENTATION_STYLE_ASSIGNMENT((#5446,#5451));
#5446 = SURFACE_STYLE_USAGE(.BOTH.,#5447);
#5447 = SURFACE_SIDE_STYLE('',(#5448));
#5448 = SURFACE_STYLE_FILL_AREA(#5449);
#5449 = FILL_AREA_STYLE('',(#5450));
#5450 = FILL_AREA_STYLE_COLOUR('',#5143);
#5451 = CURVE_STYLE('',#5452,POSITIVE_LENGTH_MEASURE(0.1),#5134);
#5452 = DRAUGHTING_PRE_DEFINED_CURVE_FONT('continuous');
#5453 = MECHANICAL_DESIGN_GEOMETRIC_PRESENTATION_REPRESENTATION('',(
    #5454,#5463,#5472,#5481,#5490,#5499,#5508,#5517,#5526,#5535,#5544,
    #5553),#3665);
#5454 = STYLED_ITEM('color',(#5455),#3557);
#5455 = PRESENTATION_STYLE_ASSIGNMENT((#5456,#5461));
#5456 = SURFACE_STYLE_USAGE(.BOTH.,#5457);
#5457 = SURFACE_SIDE_STYLE('',(#5458));
#5458 = SURFACE_STYLE_FILL_AREA(#5459);
#5459 = FILL_AREA_STYLE('',(#5460));
#5460 = FILL_AREA_STYLE_COLOUR('',#5143);
#5461 = CURVE_STYLE('',#5462,POSITIVE_LENGTH_MEASURE(0.1),#5134);
#5462 = DRAUGHTING_PRE_DEFINED_CURVE_FONT('continuous');
#5463 = STYLED_ITEM('color',(#5464),#3566);
#5464 = PRESENTATION_STYLE_ASSIGNMENT((#5465,#5470));
#5465 = SURFACE_STYLE_USAGE(.BOTH.,#5466);
#5466 = SURFACE_SIDE_STYLE('',(#5467));
#5467 = SURFACE_STYLE_FILL_AREA(#5468);
#5468 = FILL_AREA_STYLE('',(#5469));
#5469 = FILL_AREA_STYLE_COLOUR('',#5143);
#5470 = CURVE_STYLE('',#5471,POSITIVE_LENGTH_MEASURE(0.1),#5134);
#5471 = DRAUGHTING_PRE_DEFINED_CURVE_FONT('continuous');
#5472 = STYLED_ITEM('color',(#5473),#3575);
#5473 = PRESENTATION_STYLE_ASSIGNMENT((#5474,#5479));
#5474 = SURFACE_STYLE_USAGE(.BOTH.,#5475);
#5475 = SURFACE_SIDE_STYLE('',(#5476));
#5476 = SURFACE_STYLE_FILL_AREA(#5477);
#5477 = FILL_AREA_STYLE('',(#5478));
#5478 = FILL_AREA_STYLE_COLOUR('',#5143);
#5479 = CURVE_STYLE('',#5480,POSITIVE_LENGTH_MEASURE(0.1),#5134);
#5480 = DRAUGHTING_PRE_DEFINED_CURVE_FONT('continuous');
#5481 = STYLED_ITEM('color',(#5482),#3584);
#5482 = PRESENTATION_STYLE_ASSIGNMENT((#5483,#5488));
#5483 = SURFACE_STYLE_USAGE(.BOTH.,#5484);
#5484 = SURFACE_SIDE_STYLE('',(#5485));
#5485 = SURFACE_STYLE_FILL_AREA(#5486);
#5486 = FILL_AREA_STYLE('',(#5487));
#5487 = FILL_AREA_STYLE_COLOUR('',#5143);
#5488 = CURVE_STYLE('',#5489,POSITIVE_LENGTH_MEASURE(0.1),#5134);
#5489 = DRAUGHTING_PRE_DEFINED_CURVE_FONT('continuous');
#5490 = STYLED_ITEM('color',(#5491),#3593);
#5491 = PRESENTATION_STYLE_ASSIGNMENT((#5492,#5497));
#5492 = SURFACE_STYLE_USAGE(.BOTH.,#5493);
#5493 = SURFACE_SIDE_STYLE('',(#5494));
#5494 = SURFACE_STYLE_FILL_AREA(#5495);
#5495 = FILL_AREA_STYLE('',(#5496));
#5496 = FILL_AREA_STYLE_COLOUR('',#5143);
#5497 = CURVE_STYLE('',#5498,POSITIVE_LENGTH_MEASURE(0.1),#5134);
#5498 = DRAUGHTING_PRE_DEFINED_CURVE_FONT('continuous');
#5499 = STYLED_ITEM('color',(#5500),#3602);
#5500 = PRESENTATION_STYLE_ASSIGNMENT((#5501,#5506));
#5501 = SURFACE_STYLE_USAGE(.BOTH.,#5502);
#5502 = SURFACE_SIDE_STYLE('',(#5503));
#5503 = SURFACE_STYLE_FILL_AREA(#5504);
#5504 = FILL_AREA_STYLE('',(#5505));
#5505 = FILL_AREA_STYLE_COLOUR('',#5143);
#5506 = CURVE_STYLE('',#5507,POSITIVE_LENGTH_MEASURE(0.1),#5134);
#5507 = DRAUGHTING_PRE_DEFINED_CURVE_FONT('continuous');
#5508 = STYLED_ITEM('color',(#5509),#3611);
#5509 = PRESENTATION_STYLE_ASSIGNMENT((#5510,#5515));
#5510 = SURFACE_STYLE_USAGE(.BOTH.,#5511);
#5511 = SURFACE_SIDE_STYLE('',(#5512));
#5512 = SURFACE_STYLE_FILL_AREA(#5513);
#5513 = FILL_AREA_STYLE('',(#5514));
#5514 = FILL_AREA_STYLE_COLOUR('',#5143);
#5515 = CURVE_STYLE('',#5516,POSITIVE_LENGTH_MEASURE(0.1),#5134);
#5516 = DRAUGHTING_PRE_DEFINED_CURVE_FONT('continuous');
#5517 = STYLED_ITEM('color',(#5518),#3620);
#5518 = PRESENTATION_STYLE_ASSIGNMENT((#5519,#5524));
#5519 = SURFACE_STYLE_USAGE(.BOTH.,#5520);
#5520 = SURFACE_SIDE_STYLE('',(#5521));
#5521 = SURFACE_STYLE_FILL_AREA(#5522);
#5522 = FILL_AREA_STYLE('',(#5523));
#5523 = FILL_AREA_STYLE_COLOUR('',#5143);
#5524 = CURVE_STYLE('',#5525,POSITIVE_LENGTH_MEASURE(0.1),#5134);
#5525 = DRAUGHTING_PRE_DEFINED_CURVE_FONT('continuous');
#5526 = STYLED_ITEM('color',(#5527),#3629);
#5527 = PRESENTATION_STYLE_ASSIGNMENT((#5528,#5533));
#5528 = SURFACE_STYLE_USAGE(.BOTH.,#5529);
#5529 = SURFACE_SIDE_STYLE('',(#5530));
#5530 = SURFACE_STYLE_FILL_AREA(#5531);
#5531 = FILL_AREA_STYLE('',(#5532));
#5532 = FILL_AREA_STYLE_COLOUR('',#5143);
#5533 = CURVE_STYLE('',#5534,POSITIVE_LENGTH_MEASURE(0.1),#5134);
#5534 = DRAUGHTING_PRE_DEFINED_CURVE_FONT('continuous');
#5535 = STYLED_ITEM('color',(#5536),#3638);
#5536 = PRESENTATION_STYLE_ASSIGNMENT((#5537,#5542));
#5537 = SURFACE_STYLE_USAGE(.BOTH.,#5538);
#5538 = SURFACE_SIDE_STYLE('',(#5539));
#5539 = SURFACE_STYLE_FILL_AREA(#5540);
#5540 = FILL_AREA_STYLE('',(#5541));
#5541 = FILL_AREA_STYLE_COLOUR('',#5143);
#5542 = CURVE_STYLE('',#5543,POSITIVE_LENGTH_MEASURE(0.1),#5134);
#5543 = DRAUGHTING_PRE_DEFINED_CURVE_FONT('continuous');
#5544 = STYLED_ITEM('color',(#5545),#3647);
#5545 = PRESENTATION_STYLE_ASSIGNMENT((#5546,#5551));
#5546 = SURFACE_STYLE_USAGE(.BOTH.,#5547);
#5547 = SURFACE_SIDE_STYLE('',(#5548));
#5548 = SURFACE_STYLE_FILL_AREA(#5549);
#5549 = FILL_AREA_STYLE('',(#5550));
#5550 = FILL_AREA_STYLE_COLOUR('',#5143);
#5551 = CURVE_STYLE('',#5552,POSITIVE_LENGTH_MEASURE(0.1),#5134);
#5552 = DRAUGHTING_PRE_DEFINED_CURVE_FONT('continuous');
#5553 = STYLED_ITEM('color',(#5554),#3656);
#5554 = PRESENTATION_STYLE_ASSIGNMENT((#5555,#5560));
#5555 = SURFACE_STYLE_USAGE(.BOTH.,#5556);
#5556 = SURFACE_SIDE_STYLE('',(#5557));
#5557 = SURFACE_STYLE_FILL_AREA(#5558);
#5558 = FILL_AREA_STYLE('',(#5559));
#5559 = FILL_AREA_STYLE_COLOUR('',#5143);
#5560 = CURVE_STYLE('',#5561,POSITIVE_LENGTH_MEASURE(0.1),#5134);
#5561 = DRAUGHTING_PRE_DEFINED_CURVE_FONT('continuous');
#5562 = MECHANICAL_DESIGN_GEOMETRIC_PRESENTATION_REPRESENTATION('',(
    #5563,#5574,#5585,#5596,#5607,#5618),#831);
#5563 = STYLED_ITEM('color',(#5564),#69);
#5564 = PRESENTATION_STYLE_ASSIGNMENT((#5565,#5572));
#5565 = SURFACE_STYLE_USAGE(.BOTH.,#5566);
#5566 = SURFACE_SIDE_STYLE('',(#5567,#5570));
#5567 = SURFACE_STYLE_FILL_AREA(#5568);
#5568 = FILL_AREA_STYLE('',(#5569));
#5569 = FILL_AREA_STYLE_COLOUR('',#5356);
#5570 = SURFACE_STYLE_RENDERING_WITH_PROPERTIES(.NORMAL_SHADING.,#5356,(
    #5571));
#5571 = SURFACE_STYLE_TRANSPARENT(0.600000023842);
#5572 = CURVE_STYLE('',#5573,POSITIVE_LENGTH_MEASURE(0.1),#5134);
#5573 = DRAUGHTING_PRE_DEFINED_CURVE_FONT('continuous');
#5574 = STYLED_ITEM('color',(#5575),#196);
#5575 = PRESENTATION_STYLE_ASSIGNMENT((#5576,#5583));
#5576 = SURFACE_STYLE_USAGE(.BOTH.,#5577);
#5577 = SURFACE_SIDE_STYLE('',(#5578,#5581));
#5578 = SURFACE_STYLE_FILL_AREA(#5579);
#5579 = FILL_AREA_STYLE('',(#5580));
#5580 = FILL_AREA_STYLE_COLOUR('',#5356);
#5581 = SURFACE_STYLE_RENDERING_WITH_PROPERTIES(.NORMAL_SHADING.,#5356,(
    #5582));
#5582 = SURFACE_STYLE_TRANSPARENT(0.600000023842);
#5583 = CURVE_STYLE('',#5584,POSITIVE_LENGTH_MEASURE(0.1),#5134);
#5584 = DRAUGHTING_PRE_DEFINED_CURVE_FONT('continuous');
#5585 = STYLED_ITEM('color',(#5586),#323);
#5586 = PRESENTATION_STYLE_ASSIGNMENT((#5587,#5594));
#5587 = SURFACE_STYLE_USAGE(.BOTH.,#5588);
#5588 = SURFACE_SIDE_STYLE('',(#5589,#5592));
#5589 = SURFACE_STYLE_FILL_AREA(#5590);
#5590 = FILL_AREA_STYLE('',(#5591));
#5591 = FILL_AREA_STYLE_COLOUR('',#5356);
#5592 = SURFACE_STYLE_RENDERING_WITH_PROPERTIES(.NORMAL_SHADING.,#5356,(
    #5593));
#5593 = SURFACE_STYLE_TRANSPARENT(0.600000023842);
#5594 = CURVE_STYLE('',#5595,POSITIVE_LENGTH_MEASURE(0.1),#5134);
#5595 = DRAUGHTING_PRE_DEFINED_CURVE_FONT('continuous');
#5596 = STYLED_ITEM('color',(#5597),#450);
#5597 = PRESENTATION_STYLE_ASSIGNMENT((#5598,#5605));
#5598 = SURFACE_STYLE_USAGE(.BOTH.,#5599);
#5599 = SURFACE_SIDE_STYLE('',(#5600,#5603));
#5600 = SURFACE_STYLE_FILL_AREA(#5601);
#5601 = FILL_AREA_STYLE('',(#5602));
#5602 = FILL_AREA_STYLE_COLOUR('',#5356);
#5603 = SURFACE_STYLE_RENDERING_WITH_PROPERTIES(.NORMAL_SHADING.,#5356,(
    #5604));
#5604 = SURFACE_STYLE_TRANSPARENT(0.600000023842);
#5605 = CURVE_STYLE('',#5606,POSITIVE_LENGTH_MEASURE(0.1),#5134);
#5606 = DRAUGHTING_PRE_DEFINED_CURVE_FONT('continuous');
#5607 = STYLED_ITEM('color',(#5608),#577);
#5608 = PRESENTATION_STYLE_ASSIGNMENT((#5609,#5616));
#5609 = SURFACE_STYLE_USAGE(.BOTH.,#5610);
#5610 = SURFACE_SIDE_STYLE('',(#5611,#5614));
#5611 = SURFACE_STYLE_FILL_AREA(#5612);
#5612 = FILL_AREA_STYLE('',(#5613));
#5613 = FILL_AREA_STYLE_COLOUR('',#5356);
#5614 = SURFACE_STYLE_RENDERING_WITH_PROPERTIES(.NORMAL_SHADING.,#5356,(
    #5615));
#5615 = SURFACE_STYLE_TRANSPARENT(0.600000023842);
#5616 = CURVE_STYLE('',#5617,POSITIVE_LENGTH_MEASURE(0.1),#5134);
#5617 = DRAUGHTING_PRE_DEFINED_CURVE_FONT('continuous');
#5618 = STYLED_ITEM('color',(#5619),#704);
#5619 = PRESENTATION_STYLE_ASSIGNMENT((#5620,#5627));
#5620 = SURFACE_STYLE_USAGE(.BOTH.,#5621);
#5621 = SURFACE_SIDE_STYLE('',(#5622,#5625));
#5622 = SURFACE_STYLE_FILL_AREA(#5623);
#5623 = FILL_AREA_STYLE('',(#5624));
#5624 = FILL_AREA_STYLE_COLOUR('',#5356);
#5625 = SURFACE_STYLE_RENDERING_WITH_PROPERTIES(.NORMAL_SHADING.,#5356,(
    #5626));
#5626 = SURFACE_STYLE_TRANSPARENT(0.600000023842);
#5627 = CURVE_STYLE('',#5628,POSITIVE_LENGTH_MEASURE(0.1),#5134);
#5628 = DRAUGHTING_PRE_DEFINED_CURVE_FONT('continuous');
#5629 = MECHANICAL_DESIGN_GEOMETRIC_PRESENTATION_REPRESENTATION('',(
    #5630,#5639),#3702);
#5630 = STYLED_ITEM('color',(#5631),#3684);
#5631 = PRESENTATION_STYLE_ASSIGNMENT((#5632,#5637));
#5632 = SURFACE_STYLE_USAGE(.BOTH.,#5633);
#5633 = SURFACE_SIDE_STYLE('',(#5634));
#5634 = SURFACE_STYLE_FILL_AREA(#5635);
#5635 = FILL_AREA_STYLE('',(#5636));
#5636 = FILL_AREA_STYLE_COLOUR('',#5143);
#5637 = CURVE_STYLE('',#5638,POSITIVE_LENGTH_MEASURE(0.1),#5146);
#5638 = DRAUGHTING_PRE_DEFINED_CURVE_FONT('continuous');
#5639 = STYLED_ITEM('color',(#5640),#3693);
#5640 = PRESENTATION_STYLE_ASSIGNMENT((#5641,#5646));
#5641 = SURFACE_STYLE_USAGE(.BOTH.,#5642);
#5642 = SURFACE_SIDE_STYLE('',(#5643));
#5643 = SURFACE_STYLE_FILL_AREA(#5644);
#5644 = FILL_AREA_STYLE('',(#5645));
#5645 = FILL_AREA_STYLE_COLOUR('',#5143);
#5646 = CURVE_STYLE('',#5647,POSITIVE_LENGTH_MEASURE(0.1),#5146);
#5647 = DRAUGHTING_PRE_DEFINED_CURVE_FONT('continuous');
#5648 = MECHANICAL_DESIGN_GEOMETRIC_PRESENTATION_REPRESENTATION('',(
    #5649,#5661,#5672,#5683,#5694,#5705,#5716,#5727,#5738,#5749,#5760,
    #5771,#5782,#5793,#5804,#5815),#3103);
#5649 = STYLED_ITEM('color',(#5650),#1631);
#5650 = PRESENTATION_STYLE_ASSIGNMENT((#5651,#5659));
#5651 = SURFACE_STYLE_USAGE(.BOTH.,#5652);
#5652 = SURFACE_SIDE_STYLE('',(#5653,#5657));
#5653 = SURFACE_STYLE_FILL_AREA(#5654);
#5654 = FILL_AREA_STYLE('',(#5655));
#5655 = FILL_AREA_STYLE_COLOUR('',#5656);
#5656 = COLOUR_RGB('',0.330000010676,1.,0.);
#5657 = SURFACE_STYLE_RENDERING_WITH_PROPERTIES(.NORMAL_SHADING.,#5656,(
    #5658));
#5658 = SURFACE_STYLE_TRANSPARENT(0.699999988079);
#5659 = CURVE_STYLE('',#5660,POSITIVE_LENGTH_MEASURE(0.1),#5134);
#5660 = DRAUGHTING_PRE_DEFINED_CURVE_FONT('continuous');
#5661 = STYLED_ITEM('color',(#5662),#1723);
#5662 = PRESENTATION_STYLE_ASSIGNMENT((#5663,#5670));
#5663 = SURFACE_STYLE_USAGE(.BOTH.,#5664);
#5664 = SURFACE_SIDE_STYLE('',(#5665,#5668));
#5665 = SURFACE_STYLE_FILL_AREA(#5666);
#5666 = FILL_AREA_STYLE('',(#5667));
#5667 = FILL_AREA_STYLE_COLOUR('',#5656);
#5668 = SURFACE_STYLE_RENDERING_WITH_PROPERTIES(.NORMAL_SHADING.,#5656,(
    #5669));
#5669 = SURFACE_STYLE_TRANSPARENT(0.699999988079);
#5670 = CURVE_STYLE('',#5671,POSITIVE_LENGTH_MEASURE(0.1),#5134);
#5671 = DRAUGHTING_PRE_DEFINED_CURVE_FONT('continuous');
#5672 = STYLED_ITEM('color',(#5673),#1815);
#5673 = PRESENTATION_STYLE_ASSIGNMENT((#5674,#5681));
#5674 = SURFACE_STYLE_USAGE(.BOTH.,#5675);
#5675 = SURFACE_SIDE_STYLE('',(#5676,#5679));
#5676 = SURFACE_STYLE_FILL_AREA(#5677);
#5677 = FILL_AREA_STYLE('',(#5678));
#5678 = FILL_AREA_STYLE_COLOUR('',#5656);
#5679 = SURFACE_STYLE_RENDERING_WITH_PROPERTIES(.NORMAL_SHADING.,#5656,(
    #5680));
#5680 = SURFACE_STYLE_TRANSPARENT(0.699999988079);
#5681 = CURVE_STYLE('',#5682,POSITIVE_LENGTH_MEASURE(0.1),#5134);
#5682 = DRAUGHTING_PRE_DEFINED_CURVE_FONT('continuous');
#5683 = STYLED_ITEM('color',(#5684),#1907);
#5684 = PRESENTATION_STYLE_ASSIGNMENT((#5685,#5692));
#5685 = SURFACE_STYLE_USAGE(.BOTH.,#5686);
#5686 = SURFACE_SIDE_STYLE('',(#5687,#5690));
#5687 = SURFACE_STYLE_FILL_AREA(#5688);
#5688 = FILL_AREA_STYLE('',(#5689));
#5689 = FILL_AREA_STYLE_COLOUR('',#5656);
#5690 = SURFACE_STYLE_RENDERING_WITH_PROPERTIES(.NORMAL_SHADING.,#5656,(
    #5691));
#5691 = SURFACE_STYLE_TRANSPARENT(0.699999988079);
#5692 = CURVE_STYLE('',#5693,POSITIVE_LENGTH_MEASURE(0.1),#5134);
#5693 = DRAUGHTING_PRE_DEFINED_CURVE_FONT('continuous');
#5694 = STYLED_ITEM('color',(#5695),#1999);
#5695 = PRESENTATION_STYLE_ASSIGNMENT((#5696,#5703));
#5696 = SURFACE_STYLE_USAGE(.BOTH.,#5697);
#5697 = SURFACE_SIDE_STYLE('',(#5698,#5701));
#5698 = SURFACE_STYLE_FILL_AREA(#5699);
#5699 = FILL_AREA_STYLE('',(#5700));
#5700 = FILL_AREA_STYLE_COLOUR('',#5656);
#5701 = SURFACE_STYLE_RENDERING_WITH_PROPERTIES(.NORMAL_SHADING.,#5656,(
    #5702));
#5702 = SURFACE_STYLE_TRANSPARENT(0.699999988079);
#5703 = CURVE_STYLE('',#5704,POSITIVE_LENGTH_MEASURE(0.1),#5134);
#5704 = DRAUGHTING_PRE_DEFINED_CURVE_FONT('continuous');
#5705 = STYLED_ITEM('color',(#5706),#2091);
#5706 = PRESENTATION_STYLE_ASSIGNMENT((#5707,#5714));
#5707 = SURFACE_STYLE_USAGE(.BOTH.,#5708);
#5708 = SURFACE_SIDE_STYLE('',(#5709,#5712));
#5709 = SURFACE_STYLE_FILL_AREA(#5710);
#5710 = FILL_AREA_STYLE('',(#5711));
#5711 = FILL_AREA_STYLE_COLOUR('',#5656);
#5712 = SURFACE_STYLE_RENDERING_WITH_PROPERTIES(.NORMAL_SHADING.,#5656,(
    #5713));
#5713 = SURFACE_STYLE_TRANSPARENT(0.699999988079);
#5714 = CURVE_STYLE('',#5715,POSITIVE_LENGTH_MEASURE(0.1),#5134);
#5715 = DRAUGHTING_PRE_DEFINED_CURVE_FONT('continuous');
#5716 = STYLED_ITEM('color',(#5717),#2183);
#5717 = PRESENTATION_STYLE_ASSIGNMENT((#5718,#5725));
#5718 = SURFACE_STYLE_USAGE(.BOTH.,#5719);
#5719 = SURFACE_SIDE_STYLE('',(#5720,#5723));
#5720 = SURFACE_STYLE_FILL_AREA(#5721);
#5721 = FILL_AREA_STYLE('',(#5722));
#5722 = FILL_AREA_STYLE_COLOUR('',#5656);
#5723 = SURFACE_STYLE_RENDERING_WITH_PROPERTIES(.NORMAL_SHADING.,#5656,(
    #5724));
#5724 = SURFACE_STYLE_TRANSPARENT(0.699999988079);
#5725 = CURVE_STYLE('',#5726,POSITIVE_LENGTH_MEASURE(0.1),#5134);
#5726 = DRAUGHTING_PRE_DEFINED_CURVE_FONT('continuous');
#5727 = STYLED_ITEM('color',(#5728),#2275);
#5728 = PRESENTATION_STYLE_ASSIGNMENT((#5729,#5736));
#5729 = SURFACE_STYLE_USAGE(.BOTH.,#5730);
#5730 = SURFACE_SIDE_STYLE('',(#5731,#5734));
#5731 = SURFACE_STYLE_FILL_AREA(#5732);
#5732 = FILL_AREA_STYLE('',(#5733));
#5733 = FILL_AREA_STYLE_COLOUR('',#5656);
#5734 = SURFACE_STYLE_RENDERING_WITH_PROPERTIES(.NORMAL_SHADING.,#5656,(
    #5735));
#5735 = SURFACE_STYLE_TRANSPARENT(0.699999988079);
#5736 = CURVE_STYLE('',#5737,POSITIVE_LENGTH_MEASURE(0.1),#5134);
#5737 = DRAUGHTING_PRE_DEFINED_CURVE_FONT('continuous');
#5738 = STYLED_ITEM('color',(#5739),#2367);
#5739 = PRESENTATION_STYLE_ASSIGNMENT((#5740,#5747));
#5740 = SURFACE_STYLE_USAGE(.BOTH.,#5741);
#5741 = SURFACE_SIDE_STYLE('',(#5742,#5745));
#5742 = SURFACE_STYLE_FILL_AREA(#5743);
#5743 = FILL_AREA_STYLE('',(#5744));
#5744 = FILL_AREA_STYLE_COLOUR('',#5656);
#5745 = SURFACE_STYLE_RENDERING_WITH_PROPERTIES(.NORMAL_SHADING.,#5656,(
    #5746));
#5746 = SURFACE_STYLE_TRANSPARENT(0.699999988079);
#5747 = CURVE_STYLE('',#5748,POSITIVE_LENGTH_MEASURE(0.1),#5134);
#5748 = DRAUGHTING_PRE_DEFINED_CURVE_FONT('continuous');
#5749 = STYLED_ITEM('color',(#5750),#2459);
#5750 = PRESENTATION_STYLE_ASSIGNMENT((#5751,#5758));
#5751 = SURFACE_STYLE_USAGE(.BOTH.,#5752);
#5752 = SURFACE_SIDE_STYLE('',(#5753,#5756));
#5753 = SURFACE_STYLE_FILL_AREA(#5754);
#5754 = FILL_AREA_STYLE('',(#5755));
#5755 = FILL_AREA_STYLE_COLOUR('',#5656);
#5756 = SURFACE_STYLE_RENDERING_WITH_PROPERTIES(.NORMAL_SHADING.,#5656,(
    #5757));
#5757 = SURFACE_STYLE_TRANSPARENT(0.699999988079);
#5758 = CURVE_STYLE('',#5759,POSITIVE_LENGTH_MEASURE(0.1),#5134);
#5759 = DRAUGHTING_PRE_DEFINED_CURVE_FONT('continuous');
#5760 = STYLED_ITEM('color',(#5761),#2551);
#5761 = PRESENTATION_STYLE_ASSIGNMENT((#5762,#5769));
#5762 = SURFACE_STYLE_USAGE(.BOTH.,#5763);
#5763 = SURFACE_SIDE_STYLE('',(#5764,#5767));
#5764 = SURFACE_STYLE_FILL_AREA(#5765);
#5765 = FILL_AREA_STYLE('',(#5766));
#5766 = FILL_AREA_STYLE_COLOUR('',#5656);
#5767 = SURFACE_STYLE_RENDERING_WITH_PROPERTIES(.NORMAL_SHADING.,#5656,(
    #5768));
#5768 = SURFACE_STYLE_TRANSPARENT(0.699999988079);
#5769 = CURVE_STYLE('',#5770,POSITIVE_LENGTH_MEASURE(0.1),#5134);
#5770 = DRAUGHTING_PRE_DEFINED_CURVE_FONT('continuous');
#5771 = STYLED_ITEM('color',(#5772),#2643);
#5772 = PRESENTATION_STYLE_ASSIGNMENT((#5773,#5780));
#5773 = SURFACE_STYLE_USAGE(.BOTH.,#5774);
#5774 = SURFACE_SIDE_STYLE('',(#5775,#5778));
#5775 = SURFACE_STYLE_FILL_AREA(#5776);
#5776 = FILL_AREA_STYLE('',(#5777));
#5777 = FILL_AREA_STYLE_COLOUR('',#5656);
#5778 = SURFACE_STYLE_RENDERING_WITH_PROPERTIES(.NORMAL_SHADING.,#5656,(
    #5779));
#5779 = SURFACE_STYLE_TRANSPARENT(0.699999988079);
#5780 = CURVE_STYLE('',#5781,POSITIVE_LENGTH_MEASURE(0.1),#5134);
#5781 = DRAUGHTING_PRE_DEFINED_CURVE_FONT('continuous');
#5782 = STYLED_ITEM('color',(#5783),#2735);
#5783 = PRESENTATION_STYLE_ASSIGNMENT((#5784,#5791));
#5784 = SURFACE_STYLE_USAGE(.BOTH.,#5785);
#5785 = SURFACE_SIDE_STYLE('',(#5786,#5789));
#5786 = SURFACE_STYLE_FILL_AREA(#5787);
#5787 = FILL_AREA_STYLE('',(#5788));
#5788 = FILL_AREA_STYLE_COLOUR('',#5656);
#5789 = SURFACE_STYLE_RENDERING_WITH_PROPERTIES(.NORMAL_SHADING.,#5656,(
    #5790));
#5790 = SURFACE_STYLE_TRANSPARENT(0.699999988079);
#5791 = CURVE_STYLE('',#5792,POSITIVE_LENGTH_MEASURE(0.1),#5134);
#5792 = DRAUGHTING_PRE_DEFINED_CURVE_FONT('continuous');
#5793 = STYLED_ITEM('color',(#5794),#2827);
#5794 = PRESENTATION_STYLE_ASSIGNMENT((#5795,#5802));
#5795 = SURFACE_STYLE_USAGE(.BOTH.,#5796);
#5796 = SURFACE_SIDE_STYLE('',(#5797,#5800));
#5797 = SURFACE_STYLE_FILL_AREA(#5798);
#5798 = FILL_AREA_STYLE('',(#5799));
#5799 = FILL_AREA_STYLE_COLOUR('',#5656);
#5800 = SURFACE_STYLE_RENDERING_WITH_PROPERTIES(.NORMAL_SHADING.,#5656,(
    #5801));
#5801 = SURFACE_STYLE_TRANSPARENT(0.699999988079);
#5802 = CURVE_STYLE('',#5803,POSITIVE_LENGTH_MEASURE(0.1),#5134);
#5803 = DRAUGHTING_PRE_DEFINED_CURVE_FONT('continuous');
#5804 = STYLED_ITEM('color',(#5805),#2919);
#5805 = PRESENTATION_STYLE_ASSIGNMENT((#5806,#5813));
#5806 = SURFACE_STYLE_USAGE(.BOTH.,#5807);
#5807 = SURFACE_SIDE_STYLE('',(#5808,#5811));
#5808 = SURFACE_STYLE_FILL_AREA(#5809);
#5809 = FILL_AREA_STYLE('',(#5810));
#5810 = FILL_AREA_STYLE_COLOUR('',#5656);
#5811 = SURFACE_STYLE_RENDERING_WITH_PROPERTIES(.NORMAL_SHADING.,#5656,(
    #5812));
#5812 = SURFACE_STYLE_TRANSPARENT(0.699999988079);
#5813 = CURVE_STYLE('',#5814,POSITIVE_LENGTH_MEASURE(0.1),#5134);
#5814 = DRAUGHTING_PRE_DEFINED_CURVE_FONT('continuous');
#5815 = STYLED_ITEM('color',(#5816),#3011);
#5816 = PRESENTATION_STYLE_ASSIGNMENT((#5817,#5824));
#5817 = SURFACE_STYLE_USAGE(.BOTH.,#5818);
#5818 = SURFACE_SIDE_STYLE('',(#5819,#5822));
#5819 = SURFACE_STYLE_FILL_AREA(#5820);
#5820 = FILL_AREA_STYLE('',(#5821));
#5821 = FILL_AREA_STYLE_COLOUR('',#5656);
#5822 = SURFACE_STYLE_RENDERING_WITH_PROPERTIES(.NORMAL_SHADING.,#5656,(
    #5823));
#5823 = SURFACE_STYLE_TRANSPARENT(0.699999988079);
#5824 = CURVE_STYLE('',#5825,POSITIVE_LENGTH_MEASURE(0.1),#5134);
#5825 = DRAUGHTING_PRE_DEFINED_CURVE_FONT('continuous');
ENDSEC;
END-ISO-10303-21;
