ISO-10303-21;
HEADER;
/* Generated by software containing ST-Developer
 * from STEP Tools, Inc. (www.steptools.com) 
 */
/* OPTION: using custom renumber hook */

FILE_DESCRIPTION(
/* description */ ('STEP AP203'),
/* implementation_level */ '2;1');

FILE_NAME(
/* name */ 'SS-10-23NP-LE',
/* time_stamp */ '2026-06-19T17:11:33+02:00',
/* author */ ('License CC BY-ND 4.0'),
/* organization */ ('CADENAS'),
/* preprocessor_version */ 'ST-DEVELOPER v20',
/* originating_system */ 'PARTsolutions',
/* authorisation */ '  ');

FILE_SCHEMA (('CONFIG_CONTROL_DESIGN'));
ENDSEC;

DATA;
#10=PROPERTY_DEFINITION_REPRESENTATION(#14,#12);
#11=PROPERTY_DEFINITION_REPRESENTATION(#15,#13);
#12=REPRESENTATION('',(#16),#8865);
#13=REPRESENTATION('',(#17),#8865);
#14=PROPERTY_DEFINITION('pmi validation property','',#8874);
#15=PROPERTY_DEFINITION('pmi validation property','',#8874);
#16=VALUE_REPRESENTATION_ITEM('number of annotations',COUNT_MEASURE(0.));
#17=VALUE_REPRESENTATION_ITEM('number of views',COUNT_MEASURE(0.));
#18=B_SPLINE_CURVE_WITH_KNOTS('',3,(#7999,#8000,#8001,#8002),
 .UNSPECIFIED.,.F.,.F.,(4,4),(3.35345445366098E-7,8.78218170523445E-5),
 .UNSPECIFIED.);
#19=B_SPLINE_CURVE_WITH_KNOTS('',3,(#8004,#8005,#8006,#8007),
 .UNSPECIFIED.,.F.,.F.,(4,4),(6.86177343614315E-5,0.000143536913786814),
 .UNSPECIFIED.);
#20=B_SPLINE_CURVE_WITH_KNOTS('',3,(#8012,#8013,#8014,#8015),
 .UNSPECIFIED.,.F.,.F.,(4,4),(3.27117664822379E-7,0.000165845707520099),
 .UNSPECIFIED.);
#21=B_SPLINE_CURVE_WITH_KNOTS('',3,(#8019,#8020,#8021,#8022),
 .UNSPECIFIED.,.F.,.F.,(4,4),(3.35334361020649E-7,0.000165853924216298),
 .UNSPECIFIED.);
#22=B_SPLINE_CURVE_WITH_KNOTS('',3,(#8027,#8028,#8029,#8030),
 .UNSPECIFIED.,.F.,.F.,(4,4),(3.27117664821682E-7,0.000165845707520099),
 .UNSPECIFIED.);
#23=B_SPLINE_CURVE_WITH_KNOTS('',3,(#8034,#8035,#8036,#8037),
 .UNSPECIFIED.,.F.,.F.,(4,4),(0.000422845636571151,0.000588362206423629),
 .UNSPECIFIED.);
#24=B_SPLINE_CURVE_WITH_KNOTS('',3,(#8042,#8043,#8044,#8045),
 .UNSPECIFIED.,.F.,.F.,(4,4),(0.000442794548037453,0.000608311117889931),
 .UNSPECIFIED.);
#25=B_SPLINE_CURVE_WITH_KNOTS('',3,(#8049,#8050,#8051,#8052),
 .UNSPECIFIED.,.F.,.F.,(4,4),(3.35334361021173E-7,0.000165853924216298),
 .UNSPECIFIED.);
#26=B_SPLINE_CURVE_WITH_KNOTS('',3,(#8057,#8058,#8059,#8060),
 .UNSPECIFIED.,.F.,.F.,(4,4),(3.27117666258556E-7,0.000165845707521536),
 .UNSPECIFIED.);
#27=B_SPLINE_CURVE_WITH_KNOTS('',3,(#8064,#8065,#8066,#8067),
 .UNSPECIFIED.,.F.,.F.,(4,4),(3.35334361021317E-7,0.000165853924216298),
 .UNSPECIFIED.);
#28=B_SPLINE_CURVE_WITH_KNOTS('',3,(#8072,#8073,#8074,#8075),
 .UNSPECIFIED.,.F.,.F.,(4,4),(3.27117664822765E-7,0.0001658457075201),
 .UNSPECIFIED.);
#29=B_SPLINE_CURVE_WITH_KNOTS('',3,(#8079,#8080,#8081,#8082),
 .UNSPECIFIED.,.F.,.F.,(4,4),(3.35334361020648E-7,0.000165853924216298),
 .UNSPECIFIED.);
#30=B_SPLINE_CURVE_WITH_KNOTS('',3,(#8087,#8088,#8089,#8090),
 .UNSPECIFIED.,.F.,.F.,(4,4),(3.27117664822319E-7,0.0001658457075201),
 .UNSPECIFIED.);
#31=B_SPLINE_CURVE_WITH_KNOTS('',3,(#8094,#8095,#8096,#8097),
 .UNSPECIFIED.,.F.,.F.,(4,4),(3.35334359364848E-7,0.000165853924214642),
 .UNSPECIFIED.);
#32=B_SPLINE_CURVE_WITH_KNOTS('',3,(#8102,#8103,#8104,#8105),
 .UNSPECIFIED.,.F.,.F.,(4,4),(3.27117664821694E-7,0.000165845707520099),
 .UNSPECIFIED.);
#33=B_SPLINE_CURVE_WITH_KNOTS('',3,(#8109,#8110,#8111,#8112),
 .UNSPECIFIED.,.F.,.F.,(4,4),(3.35334361021173E-7,0.000165853924216298),
 .UNSPECIFIED.);
#34=B_SPLINE_CURVE_WITH_KNOTS('',3,(#8117,#8118,#8119,#8120),
 .UNSPECIFIED.,.F.,.F.,(4,4),(3.27117664821682E-7,0.000165845707520099),
 .UNSPECIFIED.);
#35=B_SPLINE_CURVE_WITH_KNOTS('',3,(#8124,#8125,#8126,#8127),
 .UNSPECIFIED.,.F.,.F.,(4,4),(0.000422845636571151,0.000588362206423629),
 .UNSPECIFIED.);
#36=B_SPLINE_CURVE_WITH_KNOTS('',3,(#8132,#8133,#8134,#8135),
 .UNSPECIFIED.,.F.,.F.,(4,4),(0.000442794548037453,0.000608311117889931),
 .UNSPECIFIED.);
#37=B_SPLINE_CURVE_WITH_KNOTS('',3,(#8139,#8140,#8141,#8142),
 .UNSPECIFIED.,.F.,.F.,(4,4),(3.35334361021339E-7,0.000165853924216298),
 .UNSPECIFIED.);
#38=B_SPLINE_CURVE_WITH_KNOTS('',3,(#8147,#8148,#8149,#8150),
 .UNSPECIFIED.,.F.,.F.,(4,4),(3.27117666258556E-7,0.000165845707521536),
 .UNSPECIFIED.);
#39=B_SPLINE_CURVE_WITH_KNOTS('',3,(#8154,#8155,#8156,#8157),
 .UNSPECIFIED.,.F.,.F.,(4,4),(3.35334360936754E-7,0.000165853924216214),
 .UNSPECIFIED.);
#40=B_SPLINE_CURVE_WITH_KNOTS('',3,(#8162,#8163,#8164,#8165),
 .UNSPECIFIED.,.F.,.F.,(4,4),(3.35345445366313E-7,8.78218170523432E-5),
 .UNSPECIFIED.);
#41=B_SPLINE_CURVE_WITH_KNOTS('',3,(#8167,#8168,#8169,#8170),
 .UNSPECIFIED.,.F.,.F.,(4,4),(6.86177343614328E-5,0.000143536913786814),
 .UNSPECIFIED.);
#42=B_SPLINE_CURVE_WITH_KNOTS('',3,(#8175,#8176,#8177,#8178),
 .UNSPECIFIED.,.F.,.F.,(4,4),(3.27117664821694E-7,0.000165845707520099),
 .UNSPECIFIED.);
#43=B_SPLINE_CURVE_WITH_KNOTS('',3,(#8182,#8183,#8184,#8185),
 .UNSPECIFIED.,.F.,.F.,(4,4),(3.35334361021173E-7,0.000165853924216298),
 .UNSPECIFIED.);
#44=B_SPLINE_CURVE_WITH_KNOTS('',3,(#8190,#8191,#8192,#8193),
 .UNSPECIFIED.,.F.,.F.,(4,4),(3.27117664821682E-7,0.000165845707520099),
 .UNSPECIFIED.);
#45=B_SPLINE_CURVE_WITH_KNOTS('',3,(#8197,#8198,#8199,#8200),
 .UNSPECIFIED.,.F.,.F.,(4,4),(0.000422845636571149,0.000588362206423627),
 .UNSPECIFIED.);
#46=B_SPLINE_CURVE_WITH_KNOTS('',3,(#8205,#8206,#8207,#8208),
 .UNSPECIFIED.,.F.,.F.,(4,4),(0.000442794548037451,0.000608311117889929),
 .UNSPECIFIED.);
#47=B_SPLINE_CURVE_WITH_KNOTS('',3,(#8212,#8213,#8214,#8215),
 .UNSPECIFIED.,.F.,.F.,(4,4),(3.35334361021339E-7,0.000165853924216298),
 .UNSPECIFIED.);
#48=B_SPLINE_CURVE_WITH_KNOTS('',3,(#8220,#8221,#8222,#8223),
 .UNSPECIFIED.,.F.,.F.,(4,4),(3.27117664822395E-7,0.000165845707520099),
 .UNSPECIFIED.);
#49=B_SPLINE_CURVE_WITH_KNOTS('',3,(#8227,#8228,#8229,#8230),
 .UNSPECIFIED.,.F.,.F.,(4,4),(3.35334360936679E-7,0.000165853924216214),
 .UNSPECIFIED.);
#50=B_SPLINE_CURVE_WITH_KNOTS('',3,(#8235,#8236,#8237,#8238),
 .UNSPECIFIED.,.F.,.F.,(4,4),(3.27117664822379E-7,0.0001658457075201),
 .UNSPECIFIED.);
#51=B_SPLINE_CURVE_WITH_KNOTS('',3,(#8242,#8243,#8244,#8245),
 .UNSPECIFIED.,.F.,.F.,(4,4),(3.35334361021417E-7,0.000165853924216298),
 .UNSPECIFIED.);
#52=B_SPLINE_CURVE_WITH_KNOTS('',3,(#8250,#8251,#8252,#8253),
 .UNSPECIFIED.,.F.,.F.,(4,4),(3.27117664821719E-7,0.000165845707520099),
 .UNSPECIFIED.);
#53=B_SPLINE_CURVE_WITH_KNOTS('',3,(#8257,#8258,#8259,#8260),
 .UNSPECIFIED.,.F.,.F.,(4,4),(3.35334359364848E-7,0.000165853924214642),
 .UNSPECIFIED.);
#54=B_SPLINE_CURVE_WITH_KNOTS('',3,(#8265,#8266,#8267,#8268),
 .UNSPECIFIED.,.F.,.F.,(4,4),(3.27117664821619E-7,0.000165845707520099),
 .UNSPECIFIED.);
#55=B_SPLINE_CURVE_WITH_KNOTS('',3,(#8272,#8273,#8274,#8275),
 .UNSPECIFIED.,.F.,.F.,(4,4),(3.35334361021173E-7,0.000165853924216298),
 .UNSPECIFIED.);
#56=B_SPLINE_CURVE_WITH_KNOTS('',3,(#8280,#8281,#8282,#8283),
 .UNSPECIFIED.,.F.,.F.,(4,4),(3.27117664821682E-7,0.000165845707520099),
 .UNSPECIFIED.);
#57=B_SPLINE_CURVE_WITH_KNOTS('',3,(#8287,#8288,#8289,#8290),
 .UNSPECIFIED.,.F.,.F.,(4,4),(0.000422845636571151,0.000588362206423629),
 .UNSPECIFIED.);
#58=B_SPLINE_CURVE_WITH_KNOTS('',3,(#8295,#8296,#8297,#8298),
 .UNSPECIFIED.,.F.,.F.,(4,4),(0.000442794548037453,0.000608311117889931),
 .UNSPECIFIED.);
#59=B_SPLINE_CURVE_WITH_KNOTS('',3,(#8302,#8303,#8304,#8305),
 .UNSPECIFIED.,.F.,.F.,(4,4),(3.35334361021173E-7,0.000165853924216298),
 .UNSPECIFIED.);
#60=B_SPLINE_CURVE_WITH_KNOTS('',3,(#8310,#8311,#8312,#8313),
 .UNSPECIFIED.,.F.,.F.,(4,4),(3.27117664821704E-7,0.000165845707520099),
 .UNSPECIFIED.);
#61=B_SPLINE_CURVE_WITH_KNOTS('',3,(#8317,#8318,#8319,#8320),
 .UNSPECIFIED.,.F.,.F.,(4,4),(3.35334361021242E-7,0.000165853924216298),
 .UNSPECIFIED.);
#62=B_SPLINE_CURVE_WITH_KNOTS('',3,(#8382,#8383,#8384,#8385),
 .UNSPECIFIED.,.F.,.F.,(4,4),(0.00485667247532914,0.00493035155715883),
 .UNSPECIFIED.);
#63=B_SPLINE_CURVE_WITH_KNOTS('',3,(#8387,#8388,#8389,#8390),
 .UNSPECIFIED.,.F.,.F.,(4,4),(5.02236069423459E-7,8.79887076764049E-5),
 .UNSPECIFIED.);
#64=B_SPLINE_CURVE_WITH_KNOTS('',3,(#8452,#8453,#8454,#8455),
 .UNSPECIFIED.,.F.,.F.,(4,4),(0.00485667247532914,0.00493035155715883),
 .UNSPECIFIED.);
#65=B_SPLINE_CURVE_WITH_KNOTS('',3,(#8457,#8458,#8459,#8460),
 .UNSPECIFIED.,.F.,.F.,(4,4),(5.02236069423481E-7,8.79887076764024E-5),
 .UNSPECIFIED.);
#66=CONICAL_SURFACE('',#5490,1.85,0.785398163397443);
#67=CONICAL_SURFACE('',#5492,1.85,0.785398163397443);
#68=CONICAL_SURFACE('',#5495,1.85,0.785398163397443);
#69=CONICAL_SURFACE('',#5498,1.85,0.785398163397443);
#70=CONICAL_SURFACE('',#5501,1.85,0.785398163397443);
#71=CONICAL_SURFACE('',#5504,1.85,0.785398163397443);
#72=CONICAL_SURFACE('',#5507,1.85,0.785398163397443);
#73=CONICAL_SURFACE('',#5510,1.85,0.785398163397443);
#74=CONICAL_SURFACE('',#5513,1.85,0.785398163397443);
#75=CONICAL_SURFACE('',#5516,1.85,0.785398163397443);
#76=CONICAL_SURFACE('',#5519,1.85,0.785398163397443);
#77=CONICAL_SURFACE('',#5522,1.85,0.785398163397443);
#78=CONICAL_SURFACE('',#5524,1.85,0.785398163397443);
#79=CONICAL_SURFACE('',#5527,1.85,0.785398163397443);
#80=CONICAL_SURFACE('',#5530,1.85,0.785398163397443);
#81=CONICAL_SURFACE('',#5533,1.85,0.785398163397443);
#82=CONICAL_SURFACE('',#5536,1.85,0.785398163397443);
#83=CONICAL_SURFACE('',#5539,1.85,0.785398163397443);
#84=CONICAL_SURFACE('',#5542,1.85,0.785398163397443);
#85=CONICAL_SURFACE('',#5545,1.85,0.785398163397443);
#86=CONICAL_SURFACE('',#5548,1.85,0.785398163397443);
#87=CONICAL_SURFACE('',#5551,1.85,0.785398163397443);
#88=CONICAL_SURFACE('',#5567,1.85,0.785398163397443);
#89=CONICAL_SURFACE('',#5581,1.85,0.785398163397443);
#90=CONTEXT_DEPENDENT_SHAPE_REPRESENTATION(#94,#8876);
#91=CONTEXT_DEPENDENT_SHAPE_REPRESENTATION(#95,#8878);
#92=NEXT_ASSEMBLY_USAGE_OCCURRENCE('NAUO1','SS-10-3-w/o-body',
'SS-10-3-w/o-body',#8879,#8880,'');
#93=NEXT_ASSEMBLY_USAGE_OCCURRENCE('NAUO2','SS-10_3wkwo-knob',
'SS-10_3wkwo-knob',#8879,#8881,'');
#94=(
REPRESENTATION_RELATIONSHIP(' ',' ',#5269,#5268)
REPRESENTATION_RELATIONSHIP_WITH_TRANSFORMATION(#96)
SHAPE_REPRESENTATION_RELATIONSHIP()
);
#95=(
REPRESENTATION_RELATIONSHIP(' ',' ',#5270,#5268)
REPRESENTATION_RELATIONSHIP_WITH_TRANSFORMATION(#97)
SHAPE_REPRESENTATION_RELATIONSHIP()
);
#96=ITEM_DEFINED_TRANSFORMATION(' ',' ',#5271,#5489);
#97=ITEM_DEFINED_TRANSFORMATION(' ',' ',#5271,#5728);
#98=SHAPE_REPRESENTATION_RELATIONSHIP('','',#5269,#100);
#99=SHAPE_REPRESENTATION_RELATIONSHIP('','',#5270,#101);
#100=ADVANCED_BREP_SHAPE_REPRESENTATION('',(#5263),#8866);
#101=ADVANCED_BREP_SHAPE_REPRESENTATION('',(#5264),#8867);
#102=TOROIDAL_SURFACE('',#5336,0.300000000000001,0.0999999999999985);
#103=TOROIDAL_SURFACE('',#5341,0.300000000000001,0.0999999999999985);
#104=TOROIDAL_SURFACE('',#5346,0.300000000000001,0.0999999999999985);
#105=TOROIDAL_SURFACE('',#5351,0.300000000000001,0.0999999999999985);
#106=CYLINDRICAL_SURFACE('',#5304,0.5);
#107=CYLINDRICAL_SURFACE('',#5308,0.5);
#108=CYLINDRICAL_SURFACE('',#5311,0.5);
#109=CYLINDRICAL_SURFACE('',#5313,0.5);
#110=CYLINDRICAL_SURFACE('',#5321,0.399999999999999);
#111=CYLINDRICAL_SURFACE('',#5322,0.399999999999999);
#112=CYLINDRICAL_SURFACE('',#5324,0.4);
#113=CYLINDRICAL_SURFACE('',#5325,0.4);
#114=CYLINDRICAL_SURFACE('',#5334,0.4);
#115=CYLINDRICAL_SURFACE('',#5339,0.4);
#116=CYLINDRICAL_SURFACE('',#5344,0.4);
#117=CYLINDRICAL_SURFACE('',#5349,0.4);
#118=CYLINDRICAL_SURFACE('',#5365,0.222999999999998);
#119=CYLINDRICAL_SURFACE('',#5367,0.339);
#120=CYLINDRICAL_SURFACE('',#5369,0.3);
#121=CYLINDRICAL_SURFACE('',#5373,0.15);
#122=CYLINDRICAL_SURFACE('',#5375,0.189000000000001);
#123=CYLINDRICAL_SURFACE('',#5377,0.372999999999999);
#124=CYLINDRICAL_SURFACE('',#5382,0.3);
#125=CYLINDRICAL_SURFACE('',#5384,0.275);
#126=CYLINDRICAL_SURFACE('',#5388,0.125);
#127=CYLINDRICAL_SURFACE('',#5392,0.112);
#128=CYLINDRICAL_SURFACE('',#5396,2.);
#129=CYLINDRICAL_SURFACE('',#5476,0.1);
#130=CYLINDRICAL_SURFACE('',#5480,0.1);
#131=CYLINDRICAL_SURFACE('',#5485,0.1);
#132=CYLINDRICAL_SURFACE('',#5582,1.95);
#133=CYLINDRICAL_SURFACE('',#5618,0.0699999999999996);
#134=CYLINDRICAL_SURFACE('',#5626,0.0700000000000005);
#135=CYLINDRICAL_SURFACE('',#5631,0.0699999999999997);
#136=CYLINDRICAL_SURFACE('',#5634,0.07);
#137=CYLINDRICAL_SURFACE('',#5637,0.0700000000000003);
#138=CYLINDRICAL_SURFACE('',#5642,0.0700000000000003);
#139=CYLINDRICAL_SURFACE('',#5647,0.07);
#140=CYLINDRICAL_SURFACE('',#5652,0.0699999999999995);
#141=CYLINDRICAL_SURFACE('',#5657,0.0700000000000002);
#142=CYLINDRICAL_SURFACE('',#5662,0.0699999999999997);
#143=CYLINDRICAL_SURFACE('',#5667,0.0700000000000004);
#144=CYLINDRICAL_SURFACE('',#5672,0.07);
#145=CYLINDRICAL_SURFACE('',#5677,0.0700000000000002);
#146=CYLINDRICAL_SURFACE('',#5682,0.0700000000000002);
#147=CYLINDRICAL_SURFACE('',#5687,0.0699999999999997);
#148=CYLINDRICAL_SURFACE('',#5692,0.0700000000000004);
#149=CYLINDRICAL_SURFACE('',#5697,0.07);
#150=CYLINDRICAL_SURFACE('',#5702,0.0700000000000008);
#151=CYLINDRICAL_SURFACE('',#5707,0.0699999999999996);
#152=CYLINDRICAL_SURFACE('',#5712,0.0700000000000002);
#153=CYLINDRICAL_SURFACE('',#5717,0.0699999999999999);
#154=CYLINDRICAL_SURFACE('',#5722,0.0700000000000002);
#155=CYLINDRICAL_SURFACE('',#5723,0.0700000000000003);
#156=CIRCLE('',#5273,0.5);
#157=CIRCLE('',#5274,0.5);
#158=CIRCLE('',#5275,0.5);
#159=CIRCLE('',#5276,0.372999999999999);
#160=CIRCLE('',#5277,0.189000000000001);
#161=CIRCLE('',#5278,0.15);
#162=CIRCLE('',#5279,0.3);
#163=CIRCLE('',#5280,0.339);
#164=CIRCLE('',#5281,0.222999999999998);
#165=CIRCLE('',#5282,0.3);
#166=CIRCLE('',#5283,0.112);
#167=CIRCLE('',#5284,0.125);
#168=CIRCLE('',#5285,0.275);
#169=CIRCLE('',#5286,2.);
#170=CIRCLE('',#5287,0.1);
#171=CIRCLE('',#5288,2.);
#172=CIRCLE('',#5289,0.1);
#173=CIRCLE('',#5290,2.);
#174=CIRCLE('',#5291,0.1);
#175=CIRCLE('',#5293,0.4);
#176=CIRCLE('',#5294,0.4);
#177=CIRCLE('',#5295,0.4);
#178=CIRCLE('',#5296,0.4);
#179=CIRCLE('',#5297,0.399999999999999);
#180=CIRCLE('',#5298,0.4);
#181=CIRCLE('',#5299,0.4);
#182=CIRCLE('',#5300,0.399999999999999);
#183=CIRCLE('',#5305,0.5);
#184=CIRCLE('',#5306,0.5);
#185=CIRCLE('',#5309,0.5);
#186=CIRCLE('',#5312,0.5);
#187=CIRCLE('',#5314,0.5);
#188=CIRCLE('',#5317,0.399999999999999);
#189=CIRCLE('',#5318,0.399999999999999);
#190=CIRCLE('',#5319,0.4);
#191=CIRCLE('',#5320,0.4);
#192=CIRCLE('',#5335,0.4);
#193=CIRCLE('',#5337,0.3);
#194=CIRCLE('',#5340,0.4);
#195=CIRCLE('',#5342,0.3);
#196=CIRCLE('',#5345,0.4);
#197=CIRCLE('',#5347,0.3);
#198=CIRCLE('',#5350,0.4);
#199=CIRCLE('',#5352,0.3);
#200=CIRCLE('',#5366,0.222999999999998);
#201=CIRCLE('',#5368,0.339);
#202=CIRCLE('',#5370,0.3);
#203=CIRCLE('',#5374,0.15);
#204=CIRCLE('',#5376,0.189000000000001);
#205=CIRCLE('',#5378,0.372999999999999);
#206=CIRCLE('',#5383,0.3);
#207=CIRCLE('',#5385,0.275);
#208=CIRCLE('',#5389,0.125);
#209=CIRCLE('',#5393,0.112);
#210=CIRCLE('',#5397,2.);
#211=CIRCLE('',#5398,1.99999999999979);
#212=CIRCLE('',#5399,2.00000000000016);
#213=CIRCLE('',#5400,1.99999999999997);
#214=CIRCLE('',#5477,0.1);
#215=CIRCLE('',#5481,0.1);
#216=CIRCLE('',#5486,0.1);
#217=CIRCLE('',#5491,1.85);
#218=CIRCLE('',#5493,1.95);
#219=CIRCLE('',#5494,1.85);
#220=CIRCLE('',#5496,1.95);
#221=CIRCLE('',#5497,1.85);
#222=CIRCLE('',#5499,1.95);
#223=CIRCLE('',#5500,1.85);
#224=CIRCLE('',#5502,1.95);
#225=CIRCLE('',#5503,1.85);
#226=CIRCLE('',#5505,1.95);
#227=CIRCLE('',#5506,1.85);
#228=CIRCLE('',#5508,1.95);
#229=CIRCLE('',#5509,1.85);
#230=CIRCLE('',#5511,1.95);
#231=CIRCLE('',#5512,1.85);
#232=CIRCLE('',#5514,1.95);
#233=CIRCLE('',#5515,1.85);
#234=CIRCLE('',#5517,1.95);
#235=CIRCLE('',#5518,1.85);
#236=CIRCLE('',#5520,1.95);
#237=CIRCLE('',#5521,1.85);
#238=CIRCLE('',#5523,1.85);
#239=CIRCLE('',#5525,1.95);
#240=CIRCLE('',#5526,1.85);
#241=CIRCLE('',#5528,1.95);
#242=CIRCLE('',#5529,1.85);
#243=CIRCLE('',#5531,1.95);
#244=CIRCLE('',#5532,1.85);
#245=CIRCLE('',#5534,1.95);
#246=CIRCLE('',#5535,1.85);
#247=CIRCLE('',#5537,1.95);
#248=CIRCLE('',#5538,1.85);
#249=CIRCLE('',#5540,1.95);
#250=CIRCLE('',#5541,1.85);
#251=CIRCLE('',#5543,1.95);
#252=CIRCLE('',#5544,1.85);
#253=CIRCLE('',#5546,1.95);
#254=CIRCLE('',#5547,1.85);
#255=CIRCLE('',#5549,1.95);
#256=CIRCLE('',#5550,1.85);
#257=CIRCLE('',#5552,1.95);
#258=CIRCLE('',#5553,1.85);
#259=CIRCLE('',#5555,0.0700000000000003);
#260=CIRCLE('',#5556,1.85);
#261=CIRCLE('',#5557,0.0700000000000005);
#262=CIRCLE('',#5558,0.0700000000000002);
#263=CIRCLE('',#5559,0.0700000000000002);
#264=CIRCLE('',#5560,0.07);
#265=CIRCLE('',#5561,0.0700000000000004);
#266=CIRCLE('',#5562,0.0699999999999997);
#267=CIRCLE('',#5563,0.0700000000000002);
#268=CIRCLE('',#5564,0.0699999999999995);
#269=CIRCLE('',#5565,0.07);
#270=CIRCLE('',#5566,0.0700000000000003);
#271=CIRCLE('',#5569,0.0699999999999997);
#272=CIRCLE('',#5570,1.85);
#273=CIRCLE('',#5571,0.07);
#274=CIRCLE('',#5572,0.0700000000000003);
#275=CIRCLE('',#5573,0.0700000000000002);
#276=CIRCLE('',#5574,0.0699999999999999);
#277=CIRCLE('',#5575,0.0700000000000002);
#278=CIRCLE('',#5576,0.0699999999999996);
#279=CIRCLE('',#5577,0.0700000000000008);
#280=CIRCLE('',#5578,0.07);
#281=CIRCLE('',#5579,0.0700000000000004);
#282=CIRCLE('',#5580,0.0699999999999997);
#283=CIRCLE('',#5583,1.95);
#284=CIRCLE('',#5584,1.95);
#285=CIRCLE('',#5585,1.95);
#286=CIRCLE('',#5586,1.95);
#287=CIRCLE('',#5587,1.95);
#288=CIRCLE('',#5588,1.95);
#289=CIRCLE('',#5589,1.95);
#290=CIRCLE('',#5590,1.95);
#291=CIRCLE('',#5591,1.95);
#292=CIRCLE('',#5592,1.95);
#293=CIRCLE('',#5593,1.95);
#294=CIRCLE('',#5594,1.95);
#295=CIRCLE('',#5595,1.95);
#296=CIRCLE('',#5596,1.95);
#297=CIRCLE('',#5597,1.95);
#298=CIRCLE('',#5598,1.95);
#299=CIRCLE('',#5599,1.95);
#300=CIRCLE('',#5600,1.95);
#301=CIRCLE('',#5601,1.95);
#302=CIRCLE('',#5602,1.95);
#303=CIRCLE('',#5603,1.95);
#304=CIRCLE('',#5604,1.95);
#305=CIRCLE('',#5605,1.95);
#306=CIRCLE('',#5606,1.95);
#307=CIRCLE('',#5607,1.95);
#308=CIRCLE('',#5612,0.0699999999999996);
#309=CIRCLE('',#5614,0.07);
#310=CIRCLE('',#5615,0.0700000000000003);
#311=CIRCLE('',#5619,0.0699999999999996);
#312=CIRCLE('',#5624,0.0700000000000005);
#313=CIRCLE('',#5629,0.0699999999999997);
#314=CIRCLE('',#5639,0.0700000000000003);
#315=CIRCLE('',#5644,0.07);
#316=CIRCLE('',#5649,0.0699999999999995);
#317=CIRCLE('',#5654,0.0700000000000002);
#318=CIRCLE('',#5659,0.0699999999999997);
#319=CIRCLE('',#5664,0.0700000000000004);
#320=CIRCLE('',#5669,0.07);
#321=CIRCLE('',#5674,0.0700000000000002);
#322=CIRCLE('',#5679,0.0700000000000002);
#323=CIRCLE('',#5684,0.0699999999999997);
#324=CIRCLE('',#5689,0.0700000000000004);
#325=CIRCLE('',#5694,0.07);
#326=CIRCLE('',#5699,0.0700000000000008);
#327=CIRCLE('',#5704,0.0699999999999996);
#328=CIRCLE('',#5709,0.0700000000000002);
#329=CIRCLE('',#5714,0.0699999999999999);
#330=CIRCLE('',#5719,0.0700000000000002);
#331=CIRCLE('',#5724,0.0700000000000003);
#332=ORIENTED_EDGE('',*,*,#1842,.T.);
#333=ORIENTED_EDGE('',*,*,#1843,.T.);
#334=ORIENTED_EDGE('',*,*,#1844,.T.);
#335=ORIENTED_EDGE('',*,*,#1845,.T.);
#336=ORIENTED_EDGE('',*,*,#1846,.T.);
#337=ORIENTED_EDGE('',*,*,#1847,.T.);
#338=ORIENTED_EDGE('',*,*,#1848,.T.);
#339=ORIENTED_EDGE('',*,*,#1849,.T.);
#340=ORIENTED_EDGE('',*,*,#1850,.F.);
#341=ORIENTED_EDGE('',*,*,#1851,.F.);
#342=ORIENTED_EDGE('',*,*,#1852,.F.);
#343=ORIENTED_EDGE('',*,*,#1853,.F.);
#344=ORIENTED_EDGE('',*,*,#1854,.F.);
#345=ORIENTED_EDGE('',*,*,#1855,.F.);
#346=ORIENTED_EDGE('',*,*,#1856,.F.);
#347=ORIENTED_EDGE('',*,*,#1857,.F.);
#348=ORIENTED_EDGE('',*,*,#1858,.F.);
#349=ORIENTED_EDGE('',*,*,#1859,.F.);
#350=ORIENTED_EDGE('',*,*,#1860,.F.);
#351=ORIENTED_EDGE('',*,*,#1861,.T.);
#352=ORIENTED_EDGE('',*,*,#1862,.T.);
#353=ORIENTED_EDGE('',*,*,#1863,.F.);
#354=ORIENTED_EDGE('',*,*,#1864,.F.);
#355=ORIENTED_EDGE('',*,*,#1865,.F.);
#356=ORIENTED_EDGE('',*,*,#1866,.F.);
#357=ORIENTED_EDGE('',*,*,#1867,.T.);
#358=ORIENTED_EDGE('',*,*,#1868,.F.);
#359=ORIENTED_EDGE('',*,*,#1869,.F.);
#360=ORIENTED_EDGE('',*,*,#1870,.F.);
#361=ORIENTED_EDGE('',*,*,#1871,.F.);
#362=ORIENTED_EDGE('',*,*,#1872,.T.);
#363=ORIENTED_EDGE('',*,*,#1873,.F.);
#364=ORIENTED_EDGE('',*,*,#1874,.F.);
#365=ORIENTED_EDGE('',*,*,#1875,.T.);
#366=ORIENTED_EDGE('',*,*,#1876,.F.);
#367=ORIENTED_EDGE('',*,*,#1877,.F.);
#368=ORIENTED_EDGE('',*,*,#1878,.F.);
#369=ORIENTED_EDGE('',*,*,#1879,.F.);
#370=ORIENTED_EDGE('',*,*,#1880,.F.);
#371=ORIENTED_EDGE('',*,*,#1881,.F.);
#372=ORIENTED_EDGE('',*,*,#1882,.F.);
#373=ORIENTED_EDGE('',*,*,#1883,.F.);
#374=ORIENTED_EDGE('',*,*,#1884,.F.);
#375=ORIENTED_EDGE('',*,*,#1885,.F.);
#376=ORIENTED_EDGE('',*,*,#1886,.F.);
#377=ORIENTED_EDGE('',*,*,#1887,.F.);
#378=ORIENTED_EDGE('',*,*,#1888,.F.);
#379=ORIENTED_EDGE('',*,*,#1889,.F.);
#380=ORIENTED_EDGE('',*,*,#1890,.F.);
#381=ORIENTED_EDGE('',*,*,#1891,.F.);
#382=ORIENTED_EDGE('',*,*,#1892,.F.);
#383=ORIENTED_EDGE('',*,*,#1893,.F.);
#384=ORIENTED_EDGE('',*,*,#1894,.F.);
#385=ORIENTED_EDGE('',*,*,#1895,.F.);
#386=ORIENTED_EDGE('',*,*,#1896,.T.);
#387=ORIENTED_EDGE('',*,*,#1897,.T.);
#388=ORIENTED_EDGE('',*,*,#1898,.F.);
#389=ORIENTED_EDGE('',*,*,#1899,.T.);
#390=ORIENTED_EDGE('',*,*,#1900,.T.);
#391=ORIENTED_EDGE('',*,*,#1901,.T.);
#392=ORIENTED_EDGE('',*,*,#1902,.F.);
#393=ORIENTED_EDGE('',*,*,#1903,.T.);
#394=ORIENTED_EDGE('',*,*,#1904,.T.);
#395=ORIENTED_EDGE('',*,*,#1905,.T.);
#396=ORIENTED_EDGE('',*,*,#1906,.F.);
#397=ORIENTED_EDGE('',*,*,#1907,.T.);
#398=ORIENTED_EDGE('',*,*,#1908,.T.);
#399=ORIENTED_EDGE('',*,*,#1909,.T.);
#400=ORIENTED_EDGE('',*,*,#1910,.F.);
#401=ORIENTED_EDGE('',*,*,#1911,.T.);
#402=ORIENTED_EDGE('',*,*,#1912,.T.);
#403=ORIENTED_EDGE('',*,*,#1913,.T.);
#404=ORIENTED_EDGE('',*,*,#1914,.F.);
#405=ORIENTED_EDGE('',*,*,#1915,.F.);
#406=ORIENTED_EDGE('',*,*,#1916,.F.);
#407=ORIENTED_EDGE('',*,*,#1917,.F.);
#408=ORIENTED_EDGE('',*,*,#1918,.F.);
#409=ORIENTED_EDGE('',*,*,#1919,.T.);
#410=ORIENTED_EDGE('',*,*,#1920,.T.);
#411=ORIENTED_EDGE('',*,*,#1921,.T.);
#412=ORIENTED_EDGE('',*,*,#1922,.F.);
#413=ORIENTED_EDGE('',*,*,#1923,.T.);
#414=ORIENTED_EDGE('',*,*,#1924,.T.);
#415=ORIENTED_EDGE('',*,*,#1925,.T.);
#416=ORIENTED_EDGE('',*,*,#1926,.F.);
#417=ORIENTED_EDGE('',*,*,#1927,.T.);
#418=ORIENTED_EDGE('',*,*,#1928,.T.);
#419=ORIENTED_EDGE('',*,*,#1929,.T.);
#420=ORIENTED_EDGE('',*,*,#1930,.F.);
#421=ORIENTED_EDGE('',*,*,#1931,.T.);
#422=ORIENTED_EDGE('',*,*,#1932,.T.);
#423=ORIENTED_EDGE('',*,*,#1933,.T.);
#424=ORIENTED_EDGE('',*,*,#1934,.F.);
#425=ORIENTED_EDGE('',*,*,#1935,.F.);
#426=ORIENTED_EDGE('',*,*,#1936,.F.);
#427=ORIENTED_EDGE('',*,*,#1937,.F.);
#428=ORIENTED_EDGE('',*,*,#1938,.F.);
#429=ORIENTED_EDGE('',*,*,#1939,.T.);
#430=ORIENTED_EDGE('',*,*,#1940,.T.);
#431=ORIENTED_EDGE('',*,*,#1938,.T.);
#432=ORIENTED_EDGE('',*,*,#1941,.T.);
#433=ORIENTED_EDGE('',*,*,#1942,.F.);
#434=ORIENTED_EDGE('',*,*,#1943,.F.);
#435=ORIENTED_EDGE('',*,*,#1914,.T.);
#436=ORIENTED_EDGE('',*,*,#1944,.F.);
#437=ORIENTED_EDGE('',*,*,#1945,.T.);
#438=ORIENTED_EDGE('',*,*,#1946,.T.);
#439=ORIENTED_EDGE('',*,*,#1910,.T.);
#440=ORIENTED_EDGE('',*,*,#1947,.F.);
#441=ORIENTED_EDGE('',*,*,#1948,.T.);
#442=ORIENTED_EDGE('',*,*,#1949,.T.);
#443=ORIENTED_EDGE('',*,*,#1906,.T.);
#444=ORIENTED_EDGE('',*,*,#1950,.F.);
#445=ORIENTED_EDGE('',*,*,#1951,.T.);
#446=ORIENTED_EDGE('',*,*,#1952,.T.);
#447=ORIENTED_EDGE('',*,*,#1902,.T.);
#448=ORIENTED_EDGE('',*,*,#1953,.F.);
#449=ORIENTED_EDGE('',*,*,#1930,.T.);
#450=ORIENTED_EDGE('',*,*,#1954,.F.);
#451=ORIENTED_EDGE('',*,*,#1955,.T.);
#452=ORIENTED_EDGE('',*,*,#1956,.T.);
#453=ORIENTED_EDGE('',*,*,#1926,.T.);
#454=ORIENTED_EDGE('',*,*,#1957,.F.);
#455=ORIENTED_EDGE('',*,*,#1958,.T.);
#456=ORIENTED_EDGE('',*,*,#1959,.T.);
#457=ORIENTED_EDGE('',*,*,#1922,.T.);
#458=ORIENTED_EDGE('',*,*,#1960,.F.);
#459=ORIENTED_EDGE('',*,*,#1961,.T.);
#460=ORIENTED_EDGE('',*,*,#1962,.T.);
#461=ORIENTED_EDGE('',*,*,#1918,.T.);
#462=ORIENTED_EDGE('',*,*,#1963,.T.);
#463=ORIENTED_EDGE('',*,*,#1964,.F.);
#464=ORIENTED_EDGE('',*,*,#1965,.F.);
#465=ORIENTED_EDGE('',*,*,#1934,.T.);
#466=ORIENTED_EDGE('',*,*,#1966,.F.);
#467=ORIENTED_EDGE('',*,*,#1967,.T.);
#468=ORIENTED_EDGE('',*,*,#1968,.T.);
#469=ORIENTED_EDGE('',*,*,#1969,.T.);
#470=ORIENTED_EDGE('',*,*,#1970,.T.);
#471=ORIENTED_EDGE('',*,*,#1971,.T.);
#472=ORIENTED_EDGE('',*,*,#1842,.F.);
#473=ORIENTED_EDGE('',*,*,#1972,.F.);
#474=ORIENTED_EDGE('',*,*,#1973,.T.);
#475=ORIENTED_EDGE('',*,*,#1974,.T.);
#476=ORIENTED_EDGE('',*,*,#1975,.T.);
#477=ORIENTED_EDGE('',*,*,#1969,.F.);
#478=ORIENTED_EDGE('',*,*,#1976,.T.);
#479=ORIENTED_EDGE('',*,*,#1977,.T.);
#480=ORIENTED_EDGE('',*,*,#1844,.F.);
#481=ORIENTED_EDGE('',*,*,#1978,.F.);
#482=ORIENTED_EDGE('',*,*,#1979,.T.);
#483=ORIENTED_EDGE('',*,*,#1974,.F.);
#484=ORIENTED_EDGE('',*,*,#1980,.T.);
#485=ORIENTED_EDGE('',*,*,#1847,.F.);
#486=ORIENTED_EDGE('',*,*,#1981,.F.);
#487=ORIENTED_EDGE('',*,*,#1982,.T.);
#488=ORIENTED_EDGE('',*,*,#1983,.T.);
#489=ORIENTED_EDGE('',*,*,#1848,.F.);
#490=ORIENTED_EDGE('',*,*,#1983,.F.);
#491=ORIENTED_EDGE('',*,*,#1984,.T.);
#492=ORIENTED_EDGE('',*,*,#1985,.T.);
#493=ORIENTED_EDGE('',*,*,#1849,.F.);
#494=ORIENTED_EDGE('',*,*,#1985,.F.);
#495=ORIENTED_EDGE('',*,*,#1986,.T.);
#496=ORIENTED_EDGE('',*,*,#1972,.T.);
#497=ORIENTED_EDGE('',*,*,#1845,.F.);
#498=ORIENTED_EDGE('',*,*,#1977,.F.);
#499=ORIENTED_EDGE('',*,*,#1987,.T.);
#500=ORIENTED_EDGE('',*,*,#1988,.T.);
#501=ORIENTED_EDGE('',*,*,#1846,.F.);
#502=ORIENTED_EDGE('',*,*,#1988,.F.);
#503=ORIENTED_EDGE('',*,*,#1989,.T.);
#504=ORIENTED_EDGE('',*,*,#1981,.T.);
#505=ORIENTED_EDGE('',*,*,#1990,.T.);
#506=ORIENTED_EDGE('',*,*,#1991,.T.);
#507=ORIENTED_EDGE('',*,*,#1942,.T.);
#508=ORIENTED_EDGE('',*,*,#1992,.T.);
#509=ORIENTED_EDGE('',*,*,#1993,.T.);
#510=ORIENTED_EDGE('',*,*,#1994,.T.);
#511=ORIENTED_EDGE('',*,*,#1964,.T.);
#512=ORIENTED_EDGE('',*,*,#1995,.T.);
#513=ORIENTED_EDGE('',*,*,#1982,.F.);
#514=ORIENTED_EDGE('',*,*,#1989,.F.);
#515=ORIENTED_EDGE('',*,*,#1987,.F.);
#516=ORIENTED_EDGE('',*,*,#1980,.F.);
#517=ORIENTED_EDGE('',*,*,#1976,.F.);
#518=ORIENTED_EDGE('',*,*,#1973,.F.);
#519=ORIENTED_EDGE('',*,*,#1986,.F.);
#520=ORIENTED_EDGE('',*,*,#1984,.F.);
#521=ORIENTED_EDGE('',*,*,#1991,.F.);
#522=ORIENTED_EDGE('',*,*,#1996,.F.);
#523=ORIENTED_EDGE('',*,*,#1915,.T.);
#524=ORIENTED_EDGE('',*,*,#1943,.T.);
#525=ORIENTED_EDGE('',*,*,#1992,.F.);
#526=ORIENTED_EDGE('',*,*,#1941,.F.);
#527=ORIENTED_EDGE('',*,*,#1937,.T.);
#528=ORIENTED_EDGE('',*,*,#1997,.T.);
#529=ORIENTED_EDGE('',*,*,#1993,.F.);
#530=ORIENTED_EDGE('',*,*,#1997,.F.);
#531=ORIENTED_EDGE('',*,*,#1936,.T.);
#532=ORIENTED_EDGE('',*,*,#1998,.T.);
#533=ORIENTED_EDGE('',*,*,#1994,.F.);
#534=ORIENTED_EDGE('',*,*,#1998,.F.);
#535=ORIENTED_EDGE('',*,*,#1935,.T.);
#536=ORIENTED_EDGE('',*,*,#1965,.T.);
#537=ORIENTED_EDGE('',*,*,#1995,.F.);
#538=ORIENTED_EDGE('',*,*,#1963,.F.);
#539=ORIENTED_EDGE('',*,*,#1917,.T.);
#540=ORIENTED_EDGE('',*,*,#1999,.T.);
#541=ORIENTED_EDGE('',*,*,#1990,.F.);
#542=ORIENTED_EDGE('',*,*,#1999,.F.);
#543=ORIENTED_EDGE('',*,*,#1916,.T.);
#544=ORIENTED_EDGE('',*,*,#1996,.T.);
#545=ORIENTED_EDGE('',*,*,#1843,.F.);
#546=ORIENTED_EDGE('',*,*,#1971,.F.);
#547=ORIENTED_EDGE('',*,*,#2000,.T.);
#548=ORIENTED_EDGE('',*,*,#1978,.T.);
#549=ORIENTED_EDGE('',*,*,#1975,.F.);
#550=ORIENTED_EDGE('',*,*,#1979,.F.);
#551=ORIENTED_EDGE('',*,*,#2000,.F.);
#552=ORIENTED_EDGE('',*,*,#1970,.F.);
#553=ORIENTED_EDGE('',*,*,#2001,.F.);
#554=ORIENTED_EDGE('',*,*,#2002,.F.);
#555=ORIENTED_EDGE('',*,*,#2003,.T.);
#556=ORIENTED_EDGE('',*,*,#2004,.T.);
#557=ORIENTED_EDGE('',*,*,#2005,.F.);
#558=ORIENTED_EDGE('',*,*,#2004,.F.);
#559=ORIENTED_EDGE('',*,*,#2006,.T.);
#560=ORIENTED_EDGE('',*,*,#1895,.T.);
#561=ORIENTED_EDGE('',*,*,#2007,.F.);
#562=ORIENTED_EDGE('',*,*,#1897,.F.);
#563=ORIENTED_EDGE('',*,*,#2008,.T.);
#564=ORIENTED_EDGE('',*,*,#2002,.T.);
#565=ORIENTED_EDGE('',*,*,#2003,.F.);
#566=ORIENTED_EDGE('',*,*,#2008,.F.);
#567=ORIENTED_EDGE('',*,*,#1896,.F.);
#568=ORIENTED_EDGE('',*,*,#2006,.F.);
#569=ORIENTED_EDGE('',*,*,#2001,.T.);
#570=ORIENTED_EDGE('',*,*,#2005,.T.);
#571=ORIENTED_EDGE('',*,*,#1898,.T.);
#572=ORIENTED_EDGE('',*,*,#2007,.T.);
#573=ORIENTED_EDGE('',*,*,#2009,.F.);
#574=ORIENTED_EDGE('',*,*,#1894,.T.);
#575=ORIENTED_EDGE('',*,*,#2009,.T.);
#576=ORIENTED_EDGE('',*,*,#2010,.F.);
#577=ORIENTED_EDGE('',*,*,#2010,.T.);
#578=ORIENTED_EDGE('',*,*,#2011,.F.);
#579=ORIENTED_EDGE('',*,*,#1893,.T.);
#580=ORIENTED_EDGE('',*,*,#2011,.T.);
#581=ORIENTED_EDGE('',*,*,#2012,.F.);
#582=ORIENTED_EDGE('',*,*,#2012,.T.);
#583=ORIENTED_EDGE('',*,*,#2013,.F.);
#584=ORIENTED_EDGE('',*,*,#1892,.T.);
#585=ORIENTED_EDGE('',*,*,#2013,.T.);
#586=ORIENTED_EDGE('',*,*,#2014,.F.);
#587=ORIENTED_EDGE('',*,*,#2014,.T.);
#588=ORIENTED_EDGE('',*,*,#2015,.F.);
#589=ORIENTED_EDGE('',*,*,#1891,.T.);
#590=ORIENTED_EDGE('',*,*,#2015,.T.);
#591=ORIENTED_EDGE('',*,*,#2016,.F.);
#592=ORIENTED_EDGE('',*,*,#2016,.T.);
#593=ORIENTED_EDGE('',*,*,#1851,.T.);
#594=ORIENTED_EDGE('',*,*,#2017,.F.);
#595=ORIENTED_EDGE('',*,*,#2018,.F.);
#596=ORIENTED_EDGE('',*,*,#2019,.T.);
#597=ORIENTED_EDGE('',*,*,#1850,.T.);
#598=ORIENTED_EDGE('',*,*,#2020,.F.);
#599=ORIENTED_EDGE('',*,*,#2021,.F.);
#600=ORIENTED_EDGE('',*,*,#2017,.T.);
#601=ORIENTED_EDGE('',*,*,#1856,.T.);
#602=ORIENTED_EDGE('',*,*,#2022,.F.);
#603=ORIENTED_EDGE('',*,*,#2023,.F.);
#604=ORIENTED_EDGE('',*,*,#2020,.T.);
#605=ORIENTED_EDGE('',*,*,#1855,.T.);
#606=ORIENTED_EDGE('',*,*,#2024,.F.);
#607=ORIENTED_EDGE('',*,*,#2025,.F.);
#608=ORIENTED_EDGE('',*,*,#2022,.T.);
#609=ORIENTED_EDGE('',*,*,#1854,.T.);
#610=ORIENTED_EDGE('',*,*,#2026,.F.);
#611=ORIENTED_EDGE('',*,*,#2027,.F.);
#612=ORIENTED_EDGE('',*,*,#2024,.T.);
#613=ORIENTED_EDGE('',*,*,#1853,.T.);
#614=ORIENTED_EDGE('',*,*,#2028,.F.);
#615=ORIENTED_EDGE('',*,*,#2029,.F.);
#616=ORIENTED_EDGE('',*,*,#2026,.T.);
#617=ORIENTED_EDGE('',*,*,#1852,.T.);
#618=ORIENTED_EDGE('',*,*,#2019,.F.);
#619=ORIENTED_EDGE('',*,*,#2030,.F.);
#620=ORIENTED_EDGE('',*,*,#2028,.T.);
#621=ORIENTED_EDGE('',*,*,#2018,.T.);
#622=ORIENTED_EDGE('',*,*,#2021,.T.);
#623=ORIENTED_EDGE('',*,*,#2023,.T.);
#624=ORIENTED_EDGE('',*,*,#2025,.T.);
#625=ORIENTED_EDGE('',*,*,#2027,.T.);
#626=ORIENTED_EDGE('',*,*,#2029,.T.);
#627=ORIENTED_EDGE('',*,*,#2030,.T.);
#628=ORIENTED_EDGE('',*,*,#1858,.T.);
#629=ORIENTED_EDGE('',*,*,#2031,.F.);
#630=ORIENTED_EDGE('',*,*,#2032,.F.);
#631=ORIENTED_EDGE('',*,*,#2033,.T.);
#632=ORIENTED_EDGE('',*,*,#1857,.T.);
#633=ORIENTED_EDGE('',*,*,#2034,.F.);
#634=ORIENTED_EDGE('',*,*,#2035,.F.);
#635=ORIENTED_EDGE('',*,*,#2031,.T.);
#636=ORIENTED_EDGE('',*,*,#1868,.T.);
#637=ORIENTED_EDGE('',*,*,#2036,.F.);
#638=ORIENTED_EDGE('',*,*,#2037,.F.);
#639=ORIENTED_EDGE('',*,*,#2034,.T.);
#640=ORIENTED_EDGE('',*,*,#1867,.F.);
#641=ORIENTED_EDGE('',*,*,#2038,.F.);
#642=ORIENTED_EDGE('',*,*,#2039,.T.);
#643=ORIENTED_EDGE('',*,*,#2036,.T.);
#644=ORIENTED_EDGE('',*,*,#1866,.T.);
#645=ORIENTED_EDGE('',*,*,#2040,.F.);
#646=ORIENTED_EDGE('',*,*,#2041,.F.);
#647=ORIENTED_EDGE('',*,*,#2038,.T.);
#648=ORIENTED_EDGE('',*,*,#1865,.T.);
#649=ORIENTED_EDGE('',*,*,#2042,.F.);
#650=ORIENTED_EDGE('',*,*,#2043,.F.);
#651=ORIENTED_EDGE('',*,*,#2040,.T.);
#652=ORIENTED_EDGE('',*,*,#1864,.T.);
#653=ORIENTED_EDGE('',*,*,#2044,.F.);
#654=ORIENTED_EDGE('',*,*,#2045,.F.);
#655=ORIENTED_EDGE('',*,*,#2042,.T.);
#656=ORIENTED_EDGE('',*,*,#1863,.T.);
#657=ORIENTED_EDGE('',*,*,#2046,.F.);
#658=ORIENTED_EDGE('',*,*,#2047,.F.);
#659=ORIENTED_EDGE('',*,*,#2044,.T.);
#660=ORIENTED_EDGE('',*,*,#1862,.F.);
#661=ORIENTED_EDGE('',*,*,#2048,.F.);
#662=ORIENTED_EDGE('',*,*,#2049,.T.);
#663=ORIENTED_EDGE('',*,*,#2046,.T.);
#664=ORIENTED_EDGE('',*,*,#1861,.F.);
#665=ORIENTED_EDGE('',*,*,#2050,.F.);
#666=ORIENTED_EDGE('',*,*,#2051,.T.);
#667=ORIENTED_EDGE('',*,*,#2048,.T.);
#668=ORIENTED_EDGE('',*,*,#1860,.T.);
#669=ORIENTED_EDGE('',*,*,#2052,.F.);
#670=ORIENTED_EDGE('',*,*,#2053,.F.);
#671=ORIENTED_EDGE('',*,*,#2050,.T.);
#672=ORIENTED_EDGE('',*,*,#1859,.T.);
#673=ORIENTED_EDGE('',*,*,#2033,.F.);
#674=ORIENTED_EDGE('',*,*,#2054,.F.);
#675=ORIENTED_EDGE('',*,*,#2052,.T.);
#676=ORIENTED_EDGE('',*,*,#2032,.T.);
#677=ORIENTED_EDGE('',*,*,#2035,.T.);
#678=ORIENTED_EDGE('',*,*,#2037,.T.);
#679=ORIENTED_EDGE('',*,*,#2039,.F.);
#680=ORIENTED_EDGE('',*,*,#2041,.T.);
#681=ORIENTED_EDGE('',*,*,#2043,.T.);
#682=ORIENTED_EDGE('',*,*,#2045,.T.);
#683=ORIENTED_EDGE('',*,*,#2047,.T.);
#684=ORIENTED_EDGE('',*,*,#2049,.F.);
#685=ORIENTED_EDGE('',*,*,#2051,.F.);
#686=ORIENTED_EDGE('',*,*,#2053,.T.);
#687=ORIENTED_EDGE('',*,*,#2054,.T.);
#688=ORIENTED_EDGE('',*,*,#1870,.T.);
#689=ORIENTED_EDGE('',*,*,#2055,.F.);
#690=ORIENTED_EDGE('',*,*,#2056,.F.);
#691=ORIENTED_EDGE('',*,*,#2057,.T.);
#692=ORIENTED_EDGE('',*,*,#1869,.T.);
#693=ORIENTED_EDGE('',*,*,#2058,.F.);
#694=ORIENTED_EDGE('',*,*,#2059,.F.);
#695=ORIENTED_EDGE('',*,*,#2055,.T.);
#696=ORIENTED_EDGE('',*,*,#1878,.T.);
#697=ORIENTED_EDGE('',*,*,#2060,.F.);
#698=ORIENTED_EDGE('',*,*,#2061,.F.);
#699=ORIENTED_EDGE('',*,*,#2058,.T.);
#700=ORIENTED_EDGE('',*,*,#1877,.T.);
#701=ORIENTED_EDGE('',*,*,#2062,.F.);
#702=ORIENTED_EDGE('',*,*,#2063,.F.);
#703=ORIENTED_EDGE('',*,*,#2060,.T.);
#704=ORIENTED_EDGE('',*,*,#1876,.T.);
#705=ORIENTED_EDGE('',*,*,#2064,.F.);
#706=ORIENTED_EDGE('',*,*,#2065,.F.);
#707=ORIENTED_EDGE('',*,*,#2062,.T.);
#708=ORIENTED_EDGE('',*,*,#1875,.F.);
#709=ORIENTED_EDGE('',*,*,#2066,.F.);
#710=ORIENTED_EDGE('',*,*,#2067,.T.);
#711=ORIENTED_EDGE('',*,*,#2064,.T.);
#712=ORIENTED_EDGE('',*,*,#1874,.T.);
#713=ORIENTED_EDGE('',*,*,#2068,.F.);
#714=ORIENTED_EDGE('',*,*,#2069,.F.);
#715=ORIENTED_EDGE('',*,*,#2066,.T.);
#716=ORIENTED_EDGE('',*,*,#1873,.T.);
#717=ORIENTED_EDGE('',*,*,#2070,.F.);
#718=ORIENTED_EDGE('',*,*,#2071,.F.);
#719=ORIENTED_EDGE('',*,*,#2068,.T.);
#720=ORIENTED_EDGE('',*,*,#1872,.F.);
#721=ORIENTED_EDGE('',*,*,#2072,.F.);
#722=ORIENTED_EDGE('',*,*,#2073,.T.);
#723=ORIENTED_EDGE('',*,*,#2070,.T.);
#724=ORIENTED_EDGE('',*,*,#1871,.T.);
#725=ORIENTED_EDGE('',*,*,#2057,.F.);
#726=ORIENTED_EDGE('',*,*,#2074,.F.);
#727=ORIENTED_EDGE('',*,*,#2072,.T.);
#728=ORIENTED_EDGE('',*,*,#2056,.T.);
#729=ORIENTED_EDGE('',*,*,#2059,.T.);
#730=ORIENTED_EDGE('',*,*,#2061,.T.);
#731=ORIENTED_EDGE('',*,*,#2063,.T.);
#732=ORIENTED_EDGE('',*,*,#2065,.T.);
#733=ORIENTED_EDGE('',*,*,#2067,.F.);
#734=ORIENTED_EDGE('',*,*,#2069,.T.);
#735=ORIENTED_EDGE('',*,*,#2071,.T.);
#736=ORIENTED_EDGE('',*,*,#2073,.F.);
#737=ORIENTED_EDGE('',*,*,#2074,.T.);
#738=ORIENTED_EDGE('',*,*,#2075,.F.);
#739=ORIENTED_EDGE('',*,*,#1883,.T.);
#740=ORIENTED_EDGE('',*,*,#2076,.F.);
#741=ORIENTED_EDGE('',*,*,#2077,.T.);
#742=ORIENTED_EDGE('',*,*,#2078,.T.);
#743=ORIENTED_EDGE('',*,*,#1879,.T.);
#744=ORIENTED_EDGE('',*,*,#2079,.F.);
#745=ORIENTED_EDGE('',*,*,#2080,.T.);
#746=ORIENTED_EDGE('',*,*,#2081,.T.);
#747=ORIENTED_EDGE('',*,*,#1887,.T.);
#748=ORIENTED_EDGE('',*,*,#2082,.F.);
#749=ORIENTED_EDGE('',*,*,#2083,.T.);
#750=ORIENTED_EDGE('',*,*,#2084,.T.);
#751=ORIENTED_EDGE('',*,*,#2075,.T.);
#752=ORIENTED_EDGE('',*,*,#1920,.F.);
#753=ORIENTED_EDGE('',*,*,#2085,.F.);
#754=ORIENTED_EDGE('',*,*,#2086,.T.);
#755=ORIENTED_EDGE('',*,*,#2087,.T.);
#756=ORIENTED_EDGE('',*,*,#1921,.F.);
#757=ORIENTED_EDGE('',*,*,#2087,.F.);
#758=ORIENTED_EDGE('',*,*,#2088,.T.);
#759=ORIENTED_EDGE('',*,*,#1960,.T.);
#760=ORIENTED_EDGE('',*,*,#1919,.F.);
#761=ORIENTED_EDGE('',*,*,#1962,.F.);
#762=ORIENTED_EDGE('',*,*,#2089,.T.);
#763=ORIENTED_EDGE('',*,*,#2085,.T.);
#764=ORIENTED_EDGE('',*,*,#2090,.F.);
#765=ORIENTED_EDGE('',*,*,#2091,.T.);
#766=ORIENTED_EDGE('',*,*,#2092,.F.);
#767=ORIENTED_EDGE('',*,*,#2093,.F.);
#768=ORIENTED_EDGE('',*,*,#2086,.F.);
#769=ORIENTED_EDGE('',*,*,#2089,.F.);
#770=ORIENTED_EDGE('',*,*,#1961,.F.);
#771=ORIENTED_EDGE('',*,*,#2088,.F.);
#772=ORIENTED_EDGE('',*,*,#1924,.F.);
#773=ORIENTED_EDGE('',*,*,#2094,.F.);
#774=ORIENTED_EDGE('',*,*,#2095,.T.);
#775=ORIENTED_EDGE('',*,*,#2096,.T.);
#776=ORIENTED_EDGE('',*,*,#1925,.F.);
#777=ORIENTED_EDGE('',*,*,#2096,.F.);
#778=ORIENTED_EDGE('',*,*,#2097,.T.);
#779=ORIENTED_EDGE('',*,*,#1957,.T.);
#780=ORIENTED_EDGE('',*,*,#1923,.F.);
#781=ORIENTED_EDGE('',*,*,#1959,.F.);
#782=ORIENTED_EDGE('',*,*,#2098,.T.);
#783=ORIENTED_EDGE('',*,*,#2094,.T.);
#784=ORIENTED_EDGE('',*,*,#2099,.F.);
#785=ORIENTED_EDGE('',*,*,#2100,.T.);
#786=ORIENTED_EDGE('',*,*,#2101,.F.);
#787=ORIENTED_EDGE('',*,*,#2102,.F.);
#788=ORIENTED_EDGE('',*,*,#2095,.F.);
#789=ORIENTED_EDGE('',*,*,#2098,.F.);
#790=ORIENTED_EDGE('',*,*,#1958,.F.);
#791=ORIENTED_EDGE('',*,*,#2097,.F.);
#792=ORIENTED_EDGE('',*,*,#1932,.F.);
#793=ORIENTED_EDGE('',*,*,#2103,.F.);
#794=ORIENTED_EDGE('',*,*,#2104,.T.);
#795=ORIENTED_EDGE('',*,*,#2105,.T.);
#796=ORIENTED_EDGE('',*,*,#1933,.F.);
#797=ORIENTED_EDGE('',*,*,#2105,.F.);
#798=ORIENTED_EDGE('',*,*,#2106,.T.);
#799=ORIENTED_EDGE('',*,*,#1966,.T.);
#800=ORIENTED_EDGE('',*,*,#1931,.F.);
#801=ORIENTED_EDGE('',*,*,#1968,.F.);
#802=ORIENTED_EDGE('',*,*,#2107,.T.);
#803=ORIENTED_EDGE('',*,*,#2103,.T.);
#804=ORIENTED_EDGE('',*,*,#2108,.F.);
#805=ORIENTED_EDGE('',*,*,#2109,.T.);
#806=ORIENTED_EDGE('',*,*,#2110,.F.);
#807=ORIENTED_EDGE('',*,*,#2111,.F.);
#808=ORIENTED_EDGE('',*,*,#2104,.F.);
#809=ORIENTED_EDGE('',*,*,#2107,.F.);
#810=ORIENTED_EDGE('',*,*,#1967,.F.);
#811=ORIENTED_EDGE('',*,*,#2106,.F.);
#812=ORIENTED_EDGE('',*,*,#1928,.F.);
#813=ORIENTED_EDGE('',*,*,#2112,.F.);
#814=ORIENTED_EDGE('',*,*,#2113,.T.);
#815=ORIENTED_EDGE('',*,*,#2114,.T.);
#816=ORIENTED_EDGE('',*,*,#1929,.F.);
#817=ORIENTED_EDGE('',*,*,#2114,.F.);
#818=ORIENTED_EDGE('',*,*,#2115,.T.);
#819=ORIENTED_EDGE('',*,*,#1954,.T.);
#820=ORIENTED_EDGE('',*,*,#1927,.F.);
#821=ORIENTED_EDGE('',*,*,#1956,.F.);
#822=ORIENTED_EDGE('',*,*,#2116,.T.);
#823=ORIENTED_EDGE('',*,*,#2112,.T.);
#824=ORIENTED_EDGE('',*,*,#2117,.F.);
#825=ORIENTED_EDGE('',*,*,#2118,.T.);
#826=ORIENTED_EDGE('',*,*,#2119,.F.);
#827=ORIENTED_EDGE('',*,*,#2120,.F.);
#828=ORIENTED_EDGE('',*,*,#2113,.F.);
#829=ORIENTED_EDGE('',*,*,#2116,.F.);
#830=ORIENTED_EDGE('',*,*,#1955,.F.);
#831=ORIENTED_EDGE('',*,*,#2115,.F.);
#832=ORIENTED_EDGE('',*,*,#1911,.F.);
#833=ORIENTED_EDGE('',*,*,#1946,.F.);
#834=ORIENTED_EDGE('',*,*,#2121,.T.);
#835=ORIENTED_EDGE('',*,*,#2122,.T.);
#836=ORIENTED_EDGE('',*,*,#1912,.F.);
#837=ORIENTED_EDGE('',*,*,#2122,.F.);
#838=ORIENTED_EDGE('',*,*,#2123,.T.);
#839=ORIENTED_EDGE('',*,*,#2124,.T.);
#840=ORIENTED_EDGE('',*,*,#1913,.F.);
#841=ORIENTED_EDGE('',*,*,#2124,.F.);
#842=ORIENTED_EDGE('',*,*,#2125,.T.);
#843=ORIENTED_EDGE('',*,*,#1944,.T.);
#844=ORIENTED_EDGE('',*,*,#2126,.F.);
#845=ORIENTED_EDGE('',*,*,#2127,.T.);
#846=ORIENTED_EDGE('',*,*,#2128,.F.);
#847=ORIENTED_EDGE('',*,*,#2129,.F.);
#848=ORIENTED_EDGE('',*,*,#1945,.F.);
#849=ORIENTED_EDGE('',*,*,#2125,.F.);
#850=ORIENTED_EDGE('',*,*,#2123,.F.);
#851=ORIENTED_EDGE('',*,*,#2121,.F.);
#852=ORIENTED_EDGE('',*,*,#1907,.F.);
#853=ORIENTED_EDGE('',*,*,#1949,.F.);
#854=ORIENTED_EDGE('',*,*,#2130,.T.);
#855=ORIENTED_EDGE('',*,*,#2131,.T.);
#856=ORIENTED_EDGE('',*,*,#1908,.F.);
#857=ORIENTED_EDGE('',*,*,#2131,.F.);
#858=ORIENTED_EDGE('',*,*,#2132,.T.);
#859=ORIENTED_EDGE('',*,*,#2133,.T.);
#860=ORIENTED_EDGE('',*,*,#1909,.F.);
#861=ORIENTED_EDGE('',*,*,#2133,.F.);
#862=ORIENTED_EDGE('',*,*,#2134,.T.);
#863=ORIENTED_EDGE('',*,*,#1947,.T.);
#864=ORIENTED_EDGE('',*,*,#2135,.F.);
#865=ORIENTED_EDGE('',*,*,#2136,.T.);
#866=ORIENTED_EDGE('',*,*,#2137,.F.);
#867=ORIENTED_EDGE('',*,*,#2138,.F.);
#868=ORIENTED_EDGE('',*,*,#1948,.F.);
#869=ORIENTED_EDGE('',*,*,#2134,.F.);
#870=ORIENTED_EDGE('',*,*,#2132,.F.);
#871=ORIENTED_EDGE('',*,*,#2130,.F.);
#872=ORIENTED_EDGE('',*,*,#1903,.F.);
#873=ORIENTED_EDGE('',*,*,#1952,.F.);
#874=ORIENTED_EDGE('',*,*,#2139,.T.);
#875=ORIENTED_EDGE('',*,*,#2140,.T.);
#876=ORIENTED_EDGE('',*,*,#1904,.F.);
#877=ORIENTED_EDGE('',*,*,#2140,.F.);
#878=ORIENTED_EDGE('',*,*,#2141,.T.);
#879=ORIENTED_EDGE('',*,*,#2142,.T.);
#880=ORIENTED_EDGE('',*,*,#1905,.F.);
#881=ORIENTED_EDGE('',*,*,#2142,.F.);
#882=ORIENTED_EDGE('',*,*,#2143,.T.);
#883=ORIENTED_EDGE('',*,*,#1950,.T.);
#884=ORIENTED_EDGE('',*,*,#2144,.F.);
#885=ORIENTED_EDGE('',*,*,#2145,.T.);
#886=ORIENTED_EDGE('',*,*,#2146,.F.);
#887=ORIENTED_EDGE('',*,*,#2147,.F.);
#888=ORIENTED_EDGE('',*,*,#1951,.F.);
#889=ORIENTED_EDGE('',*,*,#2143,.F.);
#890=ORIENTED_EDGE('',*,*,#2141,.F.);
#891=ORIENTED_EDGE('',*,*,#2139,.F.);
#892=ORIENTED_EDGE('',*,*,#1899,.F.);
#893=ORIENTED_EDGE('',*,*,#1940,.F.);
#894=ORIENTED_EDGE('',*,*,#2148,.T.);
#895=ORIENTED_EDGE('',*,*,#2149,.T.);
#896=ORIENTED_EDGE('',*,*,#1900,.F.);
#897=ORIENTED_EDGE('',*,*,#2149,.F.);
#898=ORIENTED_EDGE('',*,*,#2150,.T.);
#899=ORIENTED_EDGE('',*,*,#2151,.T.);
#900=ORIENTED_EDGE('',*,*,#1901,.F.);
#901=ORIENTED_EDGE('',*,*,#2151,.F.);
#902=ORIENTED_EDGE('',*,*,#2152,.T.);
#903=ORIENTED_EDGE('',*,*,#1953,.T.);
#904=ORIENTED_EDGE('',*,*,#2153,.F.);
#905=ORIENTED_EDGE('',*,*,#2154,.T.);
#906=ORIENTED_EDGE('',*,*,#2155,.F.);
#907=ORIENTED_EDGE('',*,*,#2156,.F.);
#908=ORIENTED_EDGE('',*,*,#1939,.F.);
#909=ORIENTED_EDGE('',*,*,#2152,.F.);
#910=ORIENTED_EDGE('',*,*,#2150,.F.);
#911=ORIENTED_EDGE('',*,*,#2148,.F.);
#912=ORIENTED_EDGE('',*,*,#2157,.F.);
#913=ORIENTED_EDGE('',*,*,#2126,.T.);
#914=ORIENTED_EDGE('',*,*,#2158,.T.);
#915=ORIENTED_EDGE('',*,*,#2159,.F.);
#916=ORIENTED_EDGE('',*,*,#2160,.T.);
#917=ORIENTED_EDGE('',*,*,#2128,.T.);
#918=ORIENTED_EDGE('',*,*,#2161,.F.);
#919=ORIENTED_EDGE('',*,*,#2162,.T.);
#920=ORIENTED_EDGE('',*,*,#2127,.F.);
#921=ORIENTED_EDGE('',*,*,#2157,.T.);
#922=ORIENTED_EDGE('',*,*,#2163,.T.);
#923=ORIENTED_EDGE('',*,*,#2161,.T.);
#924=ORIENTED_EDGE('',*,*,#2158,.F.);
#925=ORIENTED_EDGE('',*,*,#2129,.T.);
#926=ORIENTED_EDGE('',*,*,#2160,.F.);
#927=ORIENTED_EDGE('',*,*,#2164,.F.);
#928=ORIENTED_EDGE('',*,*,#2164,.T.);
#929=ORIENTED_EDGE('',*,*,#2162,.F.);
#930=ORIENTED_EDGE('',*,*,#2163,.F.);
#931=ORIENTED_EDGE('',*,*,#2159,.T.);
#932=ORIENTED_EDGE('',*,*,#2165,.F.);
#933=ORIENTED_EDGE('',*,*,#2135,.T.);
#934=ORIENTED_EDGE('',*,*,#2166,.T.);
#935=ORIENTED_EDGE('',*,*,#2167,.F.);
#936=ORIENTED_EDGE('',*,*,#2168,.T.);
#937=ORIENTED_EDGE('',*,*,#2137,.T.);
#938=ORIENTED_EDGE('',*,*,#2169,.F.);
#939=ORIENTED_EDGE('',*,*,#2170,.T.);
#940=ORIENTED_EDGE('',*,*,#2136,.F.);
#941=ORIENTED_EDGE('',*,*,#2165,.T.);
#942=ORIENTED_EDGE('',*,*,#2171,.T.);
#943=ORIENTED_EDGE('',*,*,#2169,.T.);
#944=ORIENTED_EDGE('',*,*,#2166,.F.);
#945=ORIENTED_EDGE('',*,*,#2138,.T.);
#946=ORIENTED_EDGE('',*,*,#2168,.F.);
#947=ORIENTED_EDGE('',*,*,#2172,.F.);
#948=ORIENTED_EDGE('',*,*,#2172,.T.);
#949=ORIENTED_EDGE('',*,*,#2170,.F.);
#950=ORIENTED_EDGE('',*,*,#2171,.F.);
#951=ORIENTED_EDGE('',*,*,#2167,.T.);
#952=ORIENTED_EDGE('',*,*,#2173,.F.);
#953=ORIENTED_EDGE('',*,*,#2144,.T.);
#954=ORIENTED_EDGE('',*,*,#2174,.T.);
#955=ORIENTED_EDGE('',*,*,#2175,.F.);
#956=ORIENTED_EDGE('',*,*,#2176,.T.);
#957=ORIENTED_EDGE('',*,*,#2146,.T.);
#958=ORIENTED_EDGE('',*,*,#2177,.F.);
#959=ORIENTED_EDGE('',*,*,#2178,.T.);
#960=ORIENTED_EDGE('',*,*,#2145,.F.);
#961=ORIENTED_EDGE('',*,*,#2173,.T.);
#962=ORIENTED_EDGE('',*,*,#2179,.T.);
#963=ORIENTED_EDGE('',*,*,#2177,.T.);
#964=ORIENTED_EDGE('',*,*,#2174,.F.);
#965=ORIENTED_EDGE('',*,*,#2147,.T.);
#966=ORIENTED_EDGE('',*,*,#2176,.F.);
#967=ORIENTED_EDGE('',*,*,#2180,.F.);
#968=ORIENTED_EDGE('',*,*,#2180,.T.);
#969=ORIENTED_EDGE('',*,*,#2178,.F.);
#970=ORIENTED_EDGE('',*,*,#2179,.F.);
#971=ORIENTED_EDGE('',*,*,#2175,.T.);
#972=ORIENTED_EDGE('',*,*,#2181,.F.);
#973=ORIENTED_EDGE('',*,*,#2153,.T.);
#974=ORIENTED_EDGE('',*,*,#2182,.T.);
#975=ORIENTED_EDGE('',*,*,#2183,.F.);
#976=ORIENTED_EDGE('',*,*,#2184,.T.);
#977=ORIENTED_EDGE('',*,*,#2155,.T.);
#978=ORIENTED_EDGE('',*,*,#2185,.F.);
#979=ORIENTED_EDGE('',*,*,#2186,.T.);
#980=ORIENTED_EDGE('',*,*,#2154,.F.);
#981=ORIENTED_EDGE('',*,*,#2181,.T.);
#982=ORIENTED_EDGE('',*,*,#2187,.T.);
#983=ORIENTED_EDGE('',*,*,#2185,.T.);
#984=ORIENTED_EDGE('',*,*,#2182,.F.);
#985=ORIENTED_EDGE('',*,*,#2156,.T.);
#986=ORIENTED_EDGE('',*,*,#2184,.F.);
#987=ORIENTED_EDGE('',*,*,#2188,.F.);
#988=ORIENTED_EDGE('',*,*,#2188,.T.);
#989=ORIENTED_EDGE('',*,*,#2186,.F.);
#990=ORIENTED_EDGE('',*,*,#2187,.F.);
#991=ORIENTED_EDGE('',*,*,#2183,.T.);
#992=ORIENTED_EDGE('',*,*,#2189,.F.);
#993=ORIENTED_EDGE('',*,*,#2090,.T.);
#994=ORIENTED_EDGE('',*,*,#2190,.T.);
#995=ORIENTED_EDGE('',*,*,#2191,.F.);
#996=ORIENTED_EDGE('',*,*,#2192,.T.);
#997=ORIENTED_EDGE('',*,*,#2092,.T.);
#998=ORIENTED_EDGE('',*,*,#2193,.F.);
#999=ORIENTED_EDGE('',*,*,#2194,.T.);
#1000=ORIENTED_EDGE('',*,*,#2091,.F.);
#1001=ORIENTED_EDGE('',*,*,#2189,.T.);
#1002=ORIENTED_EDGE('',*,*,#2195,.T.);
#1003=ORIENTED_EDGE('',*,*,#2193,.T.);
#1004=ORIENTED_EDGE('',*,*,#2190,.F.);
#1005=ORIENTED_EDGE('',*,*,#2093,.T.);
#1006=ORIENTED_EDGE('',*,*,#2192,.F.);
#1007=ORIENTED_EDGE('',*,*,#2196,.F.);
#1008=ORIENTED_EDGE('',*,*,#2196,.T.);
#1009=ORIENTED_EDGE('',*,*,#2194,.F.);
#1010=ORIENTED_EDGE('',*,*,#2195,.F.);
#1011=ORIENTED_EDGE('',*,*,#2191,.T.);
#1012=ORIENTED_EDGE('',*,*,#2197,.F.);
#1013=ORIENTED_EDGE('',*,*,#2099,.T.);
#1014=ORIENTED_EDGE('',*,*,#2198,.T.);
#1015=ORIENTED_EDGE('',*,*,#2199,.F.);
#1016=ORIENTED_EDGE('',*,*,#2200,.T.);
#1017=ORIENTED_EDGE('',*,*,#2101,.T.);
#1018=ORIENTED_EDGE('',*,*,#2201,.F.);
#1019=ORIENTED_EDGE('',*,*,#2202,.T.);
#1020=ORIENTED_EDGE('',*,*,#2100,.F.);
#1021=ORIENTED_EDGE('',*,*,#2197,.T.);
#1022=ORIENTED_EDGE('',*,*,#2203,.T.);
#1023=ORIENTED_EDGE('',*,*,#2201,.T.);
#1024=ORIENTED_EDGE('',*,*,#2198,.F.);
#1025=ORIENTED_EDGE('',*,*,#2102,.T.);
#1026=ORIENTED_EDGE('',*,*,#2200,.F.);
#1027=ORIENTED_EDGE('',*,*,#2204,.F.);
#1028=ORIENTED_EDGE('',*,*,#2204,.T.);
#1029=ORIENTED_EDGE('',*,*,#2202,.F.);
#1030=ORIENTED_EDGE('',*,*,#2203,.F.);
#1031=ORIENTED_EDGE('',*,*,#2199,.T.);
#1032=ORIENTED_EDGE('',*,*,#2205,.F.);
#1033=ORIENTED_EDGE('',*,*,#2108,.T.);
#1034=ORIENTED_EDGE('',*,*,#2206,.T.);
#1035=ORIENTED_EDGE('',*,*,#2207,.F.);
#1036=ORIENTED_EDGE('',*,*,#2208,.T.);
#1037=ORIENTED_EDGE('',*,*,#2110,.T.);
#1038=ORIENTED_EDGE('',*,*,#2209,.F.);
#1039=ORIENTED_EDGE('',*,*,#2210,.T.);
#1040=ORIENTED_EDGE('',*,*,#2109,.F.);
#1041=ORIENTED_EDGE('',*,*,#2205,.T.);
#1042=ORIENTED_EDGE('',*,*,#2211,.T.);
#1043=ORIENTED_EDGE('',*,*,#2209,.T.);
#1044=ORIENTED_EDGE('',*,*,#2206,.F.);
#1045=ORIENTED_EDGE('',*,*,#2111,.T.);
#1046=ORIENTED_EDGE('',*,*,#2208,.F.);
#1047=ORIENTED_EDGE('',*,*,#2212,.F.);
#1048=ORIENTED_EDGE('',*,*,#2212,.T.);
#1049=ORIENTED_EDGE('',*,*,#2210,.F.);
#1050=ORIENTED_EDGE('',*,*,#2211,.F.);
#1051=ORIENTED_EDGE('',*,*,#2207,.T.);
#1052=ORIENTED_EDGE('',*,*,#2213,.F.);
#1053=ORIENTED_EDGE('',*,*,#2117,.T.);
#1054=ORIENTED_EDGE('',*,*,#2214,.T.);
#1055=ORIENTED_EDGE('',*,*,#2215,.F.);
#1056=ORIENTED_EDGE('',*,*,#2216,.T.);
#1057=ORIENTED_EDGE('',*,*,#2119,.T.);
#1058=ORIENTED_EDGE('',*,*,#2217,.F.);
#1059=ORIENTED_EDGE('',*,*,#2218,.T.);
#1060=ORIENTED_EDGE('',*,*,#2118,.F.);
#1061=ORIENTED_EDGE('',*,*,#2213,.T.);
#1062=ORIENTED_EDGE('',*,*,#2219,.T.);
#1063=ORIENTED_EDGE('',*,*,#2217,.T.);
#1064=ORIENTED_EDGE('',*,*,#2214,.F.);
#1065=ORIENTED_EDGE('',*,*,#2120,.T.);
#1066=ORIENTED_EDGE('',*,*,#2216,.F.);
#1067=ORIENTED_EDGE('',*,*,#2220,.F.);
#1068=ORIENTED_EDGE('',*,*,#2220,.T.);
#1069=ORIENTED_EDGE('',*,*,#2218,.F.);
#1070=ORIENTED_EDGE('',*,*,#2219,.F.);
#1071=ORIENTED_EDGE('',*,*,#2215,.T.);
#1072=ORIENTED_EDGE('',*,*,#1884,.T.);
#1073=ORIENTED_EDGE('',*,*,#2084,.F.);
#1074=ORIENTED_EDGE('',*,*,#2221,.F.);
#1075=ORIENTED_EDGE('',*,*,#2222,.T.);
#1076=ORIENTED_EDGE('',*,*,#1886,.T.);
#1077=ORIENTED_EDGE('',*,*,#2223,.F.);
#1078=ORIENTED_EDGE('',*,*,#2224,.F.);
#1079=ORIENTED_EDGE('',*,*,#2082,.T.);
#1080=ORIENTED_EDGE('',*,*,#1885,.T.);
#1081=ORIENTED_EDGE('',*,*,#2222,.F.);
#1082=ORIENTED_EDGE('',*,*,#2225,.F.);
#1083=ORIENTED_EDGE('',*,*,#2223,.T.);
#1084=ORIENTED_EDGE('',*,*,#2221,.T.);
#1085=ORIENTED_EDGE('',*,*,#2083,.F.);
#1086=ORIENTED_EDGE('',*,*,#2224,.T.);
#1087=ORIENTED_EDGE('',*,*,#2225,.T.);
#1088=ORIENTED_EDGE('',*,*,#1888,.T.);
#1089=ORIENTED_EDGE('',*,*,#2081,.F.);
#1090=ORIENTED_EDGE('',*,*,#2226,.F.);
#1091=ORIENTED_EDGE('',*,*,#2227,.T.);
#1092=ORIENTED_EDGE('',*,*,#1889,.T.);
#1093=ORIENTED_EDGE('',*,*,#2227,.F.);
#1094=ORIENTED_EDGE('',*,*,#2228,.F.);
#1095=ORIENTED_EDGE('',*,*,#2229,.T.);
#1096=ORIENTED_EDGE('',*,*,#1890,.T.);
#1097=ORIENTED_EDGE('',*,*,#2229,.F.);
#1098=ORIENTED_EDGE('',*,*,#2230,.F.);
#1099=ORIENTED_EDGE('',*,*,#2079,.T.);
#1100=ORIENTED_EDGE('',*,*,#2080,.F.);
#1101=ORIENTED_EDGE('',*,*,#2230,.T.);
#1102=ORIENTED_EDGE('',*,*,#2228,.T.);
#1103=ORIENTED_EDGE('',*,*,#2226,.T.);
#1104=ORIENTED_EDGE('',*,*,#1880,.T.);
#1105=ORIENTED_EDGE('',*,*,#2078,.F.);
#1106=ORIENTED_EDGE('',*,*,#2231,.F.);
#1107=ORIENTED_EDGE('',*,*,#2232,.T.);
#1108=ORIENTED_EDGE('',*,*,#1881,.T.);
#1109=ORIENTED_EDGE('',*,*,#2232,.F.);
#1110=ORIENTED_EDGE('',*,*,#2233,.F.);
#1111=ORIENTED_EDGE('',*,*,#2234,.T.);
#1112=ORIENTED_EDGE('',*,*,#1882,.T.);
#1113=ORIENTED_EDGE('',*,*,#2234,.F.);
#1114=ORIENTED_EDGE('',*,*,#2235,.F.);
#1115=ORIENTED_EDGE('',*,*,#2076,.T.);
#1116=ORIENTED_EDGE('',*,*,#2077,.F.);
#1117=ORIENTED_EDGE('',*,*,#2235,.T.);
#1118=ORIENTED_EDGE('',*,*,#2233,.T.);
#1119=ORIENTED_EDGE('',*,*,#2231,.T.);
#1120=ORIENTED_EDGE('',*,*,#2236,.T.);
#1121=ORIENTED_EDGE('',*,*,#2237,.T.);
#1122=ORIENTED_EDGE('',*,*,#2238,.T.);
#1123=ORIENTED_EDGE('',*,*,#2239,.F.);
#1124=ORIENTED_EDGE('',*,*,#2240,.T.);
#1125=ORIENTED_EDGE('',*,*,#2241,.T.);
#1126=ORIENTED_EDGE('',*,*,#2242,.T.);
#1127=ORIENTED_EDGE('',*,*,#2243,.F.);
#1128=ORIENTED_EDGE('',*,*,#2244,.T.);
#1129=ORIENTED_EDGE('',*,*,#2245,.T.);
#1130=ORIENTED_EDGE('',*,*,#2246,.T.);
#1131=ORIENTED_EDGE('',*,*,#2247,.F.);
#1132=ORIENTED_EDGE('',*,*,#2248,.T.);
#1133=ORIENTED_EDGE('',*,*,#2249,.T.);
#1134=ORIENTED_EDGE('',*,*,#2250,.T.);
#1135=ORIENTED_EDGE('',*,*,#2251,.F.);
#1136=ORIENTED_EDGE('',*,*,#2252,.T.);
#1137=ORIENTED_EDGE('',*,*,#2253,.T.);
#1138=ORIENTED_EDGE('',*,*,#2254,.T.);
#1139=ORIENTED_EDGE('',*,*,#2255,.F.);
#1140=ORIENTED_EDGE('',*,*,#2256,.T.);
#1141=ORIENTED_EDGE('',*,*,#2257,.T.);
#1142=ORIENTED_EDGE('',*,*,#2258,.T.);
#1143=ORIENTED_EDGE('',*,*,#2259,.F.);
#1144=ORIENTED_EDGE('',*,*,#2260,.T.);
#1145=ORIENTED_EDGE('',*,*,#2261,.T.);
#1146=ORIENTED_EDGE('',*,*,#2262,.T.);
#1147=ORIENTED_EDGE('',*,*,#2263,.F.);
#1148=ORIENTED_EDGE('',*,*,#2264,.T.);
#1149=ORIENTED_EDGE('',*,*,#2265,.T.);
#1150=ORIENTED_EDGE('',*,*,#2266,.T.);
#1151=ORIENTED_EDGE('',*,*,#2267,.F.);
#1152=ORIENTED_EDGE('',*,*,#2268,.T.);
#1153=ORIENTED_EDGE('',*,*,#2269,.T.);
#1154=ORIENTED_EDGE('',*,*,#2270,.T.);
#1155=ORIENTED_EDGE('',*,*,#2271,.F.);
#1156=ORIENTED_EDGE('',*,*,#2272,.T.);
#1157=ORIENTED_EDGE('',*,*,#2273,.T.);
#1158=ORIENTED_EDGE('',*,*,#2274,.T.);
#1159=ORIENTED_EDGE('',*,*,#2275,.F.);
#1160=ORIENTED_EDGE('',*,*,#2276,.T.);
#1161=ORIENTED_EDGE('',*,*,#2277,.T.);
#1162=ORIENTED_EDGE('',*,*,#2278,.T.);
#1163=ORIENTED_EDGE('',*,*,#2279,.T.);
#1164=ORIENTED_EDGE('',*,*,#2280,.T.);
#1165=ORIENTED_EDGE('',*,*,#2281,.T.);
#1166=ORIENTED_EDGE('',*,*,#2282,.F.);
#1167=ORIENTED_EDGE('',*,*,#2283,.T.);
#1168=ORIENTED_EDGE('',*,*,#2284,.T.);
#1169=ORIENTED_EDGE('',*,*,#2285,.T.);
#1170=ORIENTED_EDGE('',*,*,#2286,.F.);
#1171=ORIENTED_EDGE('',*,*,#2287,.T.);
#1172=ORIENTED_EDGE('',*,*,#2288,.T.);
#1173=ORIENTED_EDGE('',*,*,#2289,.T.);
#1174=ORIENTED_EDGE('',*,*,#2290,.F.);
#1175=ORIENTED_EDGE('',*,*,#2291,.T.);
#1176=ORIENTED_EDGE('',*,*,#2292,.T.);
#1177=ORIENTED_EDGE('',*,*,#2293,.T.);
#1178=ORIENTED_EDGE('',*,*,#2294,.F.);
#1179=ORIENTED_EDGE('',*,*,#2295,.T.);
#1180=ORIENTED_EDGE('',*,*,#2296,.T.);
#1181=ORIENTED_EDGE('',*,*,#2297,.T.);
#1182=ORIENTED_EDGE('',*,*,#2298,.F.);
#1183=ORIENTED_EDGE('',*,*,#2299,.T.);
#1184=ORIENTED_EDGE('',*,*,#2300,.T.);
#1185=ORIENTED_EDGE('',*,*,#2301,.T.);
#1186=ORIENTED_EDGE('',*,*,#2302,.F.);
#1187=ORIENTED_EDGE('',*,*,#2303,.T.);
#1188=ORIENTED_EDGE('',*,*,#2304,.T.);
#1189=ORIENTED_EDGE('',*,*,#2305,.T.);
#1190=ORIENTED_EDGE('',*,*,#2306,.F.);
#1191=ORIENTED_EDGE('',*,*,#2307,.T.);
#1192=ORIENTED_EDGE('',*,*,#2308,.T.);
#1193=ORIENTED_EDGE('',*,*,#2309,.T.);
#1194=ORIENTED_EDGE('',*,*,#2310,.F.);
#1195=ORIENTED_EDGE('',*,*,#2311,.T.);
#1196=ORIENTED_EDGE('',*,*,#2312,.T.);
#1197=ORIENTED_EDGE('',*,*,#2313,.T.);
#1198=ORIENTED_EDGE('',*,*,#2314,.F.);
#1199=ORIENTED_EDGE('',*,*,#2315,.T.);
#1200=ORIENTED_EDGE('',*,*,#2316,.T.);
#1201=ORIENTED_EDGE('',*,*,#2317,.T.);
#1202=ORIENTED_EDGE('',*,*,#2318,.F.);
#1203=ORIENTED_EDGE('',*,*,#2319,.T.);
#1204=ORIENTED_EDGE('',*,*,#2320,.T.);
#1205=ORIENTED_EDGE('',*,*,#2321,.T.);
#1206=ORIENTED_EDGE('',*,*,#2322,.F.);
#1207=ORIENTED_EDGE('',*,*,#2323,.T.);
#1208=ORIENTED_EDGE('',*,*,#2236,.F.);
#1209=ORIENTED_EDGE('',*,*,#2324,.F.);
#1210=ORIENTED_EDGE('',*,*,#2325,.F.);
#1211=ORIENTED_EDGE('',*,*,#2326,.T.);
#1212=ORIENTED_EDGE('',*,*,#2327,.F.);
#1213=ORIENTED_EDGE('',*,*,#2328,.T.);
#1214=ORIENTED_EDGE('',*,*,#2277,.F.);
#1215=ORIENTED_EDGE('',*,*,#2329,.T.);
#1216=ORIENTED_EDGE('',*,*,#2330,.F.);
#1217=ORIENTED_EDGE('',*,*,#2331,.T.);
#1218=ORIENTED_EDGE('',*,*,#2273,.F.);
#1219=ORIENTED_EDGE('',*,*,#2332,.T.);
#1220=ORIENTED_EDGE('',*,*,#2333,.F.);
#1221=ORIENTED_EDGE('',*,*,#2334,.T.);
#1222=ORIENTED_EDGE('',*,*,#2269,.F.);
#1223=ORIENTED_EDGE('',*,*,#2335,.T.);
#1224=ORIENTED_EDGE('',*,*,#2336,.F.);
#1225=ORIENTED_EDGE('',*,*,#2337,.T.);
#1226=ORIENTED_EDGE('',*,*,#2265,.F.);
#1227=ORIENTED_EDGE('',*,*,#2338,.T.);
#1228=ORIENTED_EDGE('',*,*,#2339,.F.);
#1229=ORIENTED_EDGE('',*,*,#2340,.T.);
#1230=ORIENTED_EDGE('',*,*,#2261,.F.);
#1231=ORIENTED_EDGE('',*,*,#2341,.T.);
#1232=ORIENTED_EDGE('',*,*,#2342,.F.);
#1233=ORIENTED_EDGE('',*,*,#2343,.T.);
#1234=ORIENTED_EDGE('',*,*,#2257,.F.);
#1235=ORIENTED_EDGE('',*,*,#2344,.T.);
#1236=ORIENTED_EDGE('',*,*,#2345,.F.);
#1237=ORIENTED_EDGE('',*,*,#2346,.T.);
#1238=ORIENTED_EDGE('',*,*,#2253,.F.);
#1239=ORIENTED_EDGE('',*,*,#2347,.T.);
#1240=ORIENTED_EDGE('',*,*,#2348,.F.);
#1241=ORIENTED_EDGE('',*,*,#2349,.T.);
#1242=ORIENTED_EDGE('',*,*,#2249,.F.);
#1243=ORIENTED_EDGE('',*,*,#2350,.T.);
#1244=ORIENTED_EDGE('',*,*,#2351,.F.);
#1245=ORIENTED_EDGE('',*,*,#2352,.T.);
#1246=ORIENTED_EDGE('',*,*,#2245,.F.);
#1247=ORIENTED_EDGE('',*,*,#2353,.T.);
#1248=ORIENTED_EDGE('',*,*,#2354,.F.);
#1249=ORIENTED_EDGE('',*,*,#2355,.T.);
#1250=ORIENTED_EDGE('',*,*,#2241,.F.);
#1251=ORIENTED_EDGE('',*,*,#2356,.T.);
#1252=ORIENTED_EDGE('',*,*,#2357,.T.);
#1253=ORIENTED_EDGE('',*,*,#2358,.T.);
#1254=ORIENTED_EDGE('',*,*,#2325,.T.);
#1255=ORIENTED_EDGE('',*,*,#2359,.F.);
#1256=ORIENTED_EDGE('',*,*,#2360,.T.);
#1257=ORIENTED_EDGE('',*,*,#2279,.F.);
#1258=ORIENTED_EDGE('',*,*,#2361,.F.);
#1259=ORIENTED_EDGE('',*,*,#2362,.F.);
#1260=ORIENTED_EDGE('',*,*,#2363,.T.);
#1261=ORIENTED_EDGE('',*,*,#2364,.F.);
#1262=ORIENTED_EDGE('',*,*,#2365,.T.);
#1263=ORIENTED_EDGE('',*,*,#2320,.F.);
#1264=ORIENTED_EDGE('',*,*,#2366,.T.);
#1265=ORIENTED_EDGE('',*,*,#2367,.F.);
#1266=ORIENTED_EDGE('',*,*,#2368,.T.);
#1267=ORIENTED_EDGE('',*,*,#2316,.F.);
#1268=ORIENTED_EDGE('',*,*,#2369,.T.);
#1269=ORIENTED_EDGE('',*,*,#2370,.F.);
#1270=ORIENTED_EDGE('',*,*,#2371,.T.);
#1271=ORIENTED_EDGE('',*,*,#2312,.F.);
#1272=ORIENTED_EDGE('',*,*,#2372,.T.);
#1273=ORIENTED_EDGE('',*,*,#2373,.F.);
#1274=ORIENTED_EDGE('',*,*,#2374,.T.);
#1275=ORIENTED_EDGE('',*,*,#2308,.F.);
#1276=ORIENTED_EDGE('',*,*,#2375,.T.);
#1277=ORIENTED_EDGE('',*,*,#2376,.F.);
#1278=ORIENTED_EDGE('',*,*,#2377,.T.);
#1279=ORIENTED_EDGE('',*,*,#2304,.F.);
#1280=ORIENTED_EDGE('',*,*,#2378,.T.);
#1281=ORIENTED_EDGE('',*,*,#2379,.F.);
#1282=ORIENTED_EDGE('',*,*,#2380,.T.);
#1283=ORIENTED_EDGE('',*,*,#2300,.F.);
#1284=ORIENTED_EDGE('',*,*,#2381,.T.);
#1285=ORIENTED_EDGE('',*,*,#2382,.F.);
#1286=ORIENTED_EDGE('',*,*,#2383,.T.);
#1287=ORIENTED_EDGE('',*,*,#2296,.F.);
#1288=ORIENTED_EDGE('',*,*,#2384,.T.);
#1289=ORIENTED_EDGE('',*,*,#2385,.F.);
#1290=ORIENTED_EDGE('',*,*,#2386,.T.);
#1291=ORIENTED_EDGE('',*,*,#2292,.F.);
#1292=ORIENTED_EDGE('',*,*,#2387,.T.);
#1293=ORIENTED_EDGE('',*,*,#2388,.F.);
#1294=ORIENTED_EDGE('',*,*,#2389,.T.);
#1295=ORIENTED_EDGE('',*,*,#2288,.F.);
#1296=ORIENTED_EDGE('',*,*,#2390,.T.);
#1297=ORIENTED_EDGE('',*,*,#2391,.F.);
#1298=ORIENTED_EDGE('',*,*,#2392,.T.);
#1299=ORIENTED_EDGE('',*,*,#2284,.F.);
#1300=ORIENTED_EDGE('',*,*,#2393,.T.);
#1301=ORIENTED_EDGE('',*,*,#2394,.T.);
#1302=ORIENTED_EDGE('',*,*,#2395,.T.);
#1303=ORIENTED_EDGE('',*,*,#2362,.T.);
#1304=ORIENTED_EDGE('',*,*,#2318,.T.);
#1305=ORIENTED_EDGE('',*,*,#2396,.T.);
#1306=ORIENTED_EDGE('',*,*,#2397,.F.);
#1307=ORIENTED_EDGE('',*,*,#2398,.T.);
#1308=ORIENTED_EDGE('',*,*,#2239,.T.);
#1309=ORIENTED_EDGE('',*,*,#2399,.T.);
#1310=ORIENTED_EDGE('',*,*,#2400,.F.);
#1311=ORIENTED_EDGE('',*,*,#2401,.T.);
#1312=ORIENTED_EDGE('',*,*,#2243,.T.);
#1313=ORIENTED_EDGE('',*,*,#2402,.T.);
#1314=ORIENTED_EDGE('',*,*,#2403,.F.);
#1315=ORIENTED_EDGE('',*,*,#2404,.T.);
#1316=ORIENTED_EDGE('',*,*,#2247,.T.);
#1317=ORIENTED_EDGE('',*,*,#2405,.T.);
#1318=ORIENTED_EDGE('',*,*,#2406,.F.);
#1319=ORIENTED_EDGE('',*,*,#2407,.T.);
#1320=ORIENTED_EDGE('',*,*,#2251,.T.);
#1321=ORIENTED_EDGE('',*,*,#2408,.T.);
#1322=ORIENTED_EDGE('',*,*,#2409,.F.);
#1323=ORIENTED_EDGE('',*,*,#2410,.T.);
#1324=ORIENTED_EDGE('',*,*,#2255,.T.);
#1325=ORIENTED_EDGE('',*,*,#2411,.T.);
#1326=ORIENTED_EDGE('',*,*,#2412,.F.);
#1327=ORIENTED_EDGE('',*,*,#2413,.T.);
#1328=ORIENTED_EDGE('',*,*,#2259,.T.);
#1329=ORIENTED_EDGE('',*,*,#2414,.T.);
#1330=ORIENTED_EDGE('',*,*,#2415,.F.);
#1331=ORIENTED_EDGE('',*,*,#2416,.T.);
#1332=ORIENTED_EDGE('',*,*,#2263,.T.);
#1333=ORIENTED_EDGE('',*,*,#2417,.T.);
#1334=ORIENTED_EDGE('',*,*,#2418,.F.);
#1335=ORIENTED_EDGE('',*,*,#2419,.T.);
#1336=ORIENTED_EDGE('',*,*,#2267,.T.);
#1337=ORIENTED_EDGE('',*,*,#2420,.T.);
#1338=ORIENTED_EDGE('',*,*,#2421,.F.);
#1339=ORIENTED_EDGE('',*,*,#2422,.T.);
#1340=ORIENTED_EDGE('',*,*,#2271,.T.);
#1341=ORIENTED_EDGE('',*,*,#2423,.T.);
#1342=ORIENTED_EDGE('',*,*,#2424,.F.);
#1343=ORIENTED_EDGE('',*,*,#2425,.T.);
#1344=ORIENTED_EDGE('',*,*,#2275,.T.);
#1345=ORIENTED_EDGE('',*,*,#2426,.T.);
#1346=ORIENTED_EDGE('',*,*,#2427,.F.);
#1347=ORIENTED_EDGE('',*,*,#2428,.T.);
#1348=ORIENTED_EDGE('',*,*,#2429,.F.);
#1349=ORIENTED_EDGE('',*,*,#2430,.T.);
#1350=ORIENTED_EDGE('',*,*,#2431,.F.);
#1351=ORIENTED_EDGE('',*,*,#2432,.T.);
#1352=ORIENTED_EDGE('',*,*,#2433,.F.);
#1353=ORIENTED_EDGE('',*,*,#2434,.T.);
#1354=ORIENTED_EDGE('',*,*,#2435,.F.);
#1355=ORIENTED_EDGE('',*,*,#2436,.T.);
#1356=ORIENTED_EDGE('',*,*,#2282,.T.);
#1357=ORIENTED_EDGE('',*,*,#2437,.T.);
#1358=ORIENTED_EDGE('',*,*,#2438,.F.);
#1359=ORIENTED_EDGE('',*,*,#2439,.T.);
#1360=ORIENTED_EDGE('',*,*,#2286,.T.);
#1361=ORIENTED_EDGE('',*,*,#2440,.T.);
#1362=ORIENTED_EDGE('',*,*,#2441,.F.);
#1363=ORIENTED_EDGE('',*,*,#2442,.T.);
#1364=ORIENTED_EDGE('',*,*,#2290,.T.);
#1365=ORIENTED_EDGE('',*,*,#2443,.T.);
#1366=ORIENTED_EDGE('',*,*,#2444,.F.);
#1367=ORIENTED_EDGE('',*,*,#2445,.T.);
#1368=ORIENTED_EDGE('',*,*,#2294,.T.);
#1369=ORIENTED_EDGE('',*,*,#2446,.T.);
#1370=ORIENTED_EDGE('',*,*,#2447,.F.);
#1371=ORIENTED_EDGE('',*,*,#2448,.T.);
#1372=ORIENTED_EDGE('',*,*,#2298,.T.);
#1373=ORIENTED_EDGE('',*,*,#2449,.T.);
#1374=ORIENTED_EDGE('',*,*,#2450,.F.);
#1375=ORIENTED_EDGE('',*,*,#2451,.T.);
#1376=ORIENTED_EDGE('',*,*,#2302,.T.);
#1377=ORIENTED_EDGE('',*,*,#2452,.T.);
#1378=ORIENTED_EDGE('',*,*,#2453,.F.);
#1379=ORIENTED_EDGE('',*,*,#2454,.T.);
#1380=ORIENTED_EDGE('',*,*,#2306,.T.);
#1381=ORIENTED_EDGE('',*,*,#2455,.T.);
#1382=ORIENTED_EDGE('',*,*,#2456,.F.);
#1383=ORIENTED_EDGE('',*,*,#2457,.T.);
#1384=ORIENTED_EDGE('',*,*,#2310,.T.);
#1385=ORIENTED_EDGE('',*,*,#2458,.T.);
#1386=ORIENTED_EDGE('',*,*,#2459,.F.);
#1387=ORIENTED_EDGE('',*,*,#2460,.T.);
#1388=ORIENTED_EDGE('',*,*,#2314,.T.);
#1389=ORIENTED_EDGE('',*,*,#2461,.T.);
#1390=ORIENTED_EDGE('',*,*,#2462,.F.);
#1391=ORIENTED_EDGE('',*,*,#2463,.T.);
#1392=ORIENTED_EDGE('',*,*,#2464,.F.);
#1393=ORIENTED_EDGE('',*,*,#2464,.T.);
#1394=ORIENTED_EDGE('',*,*,#2238,.F.);
#1395=ORIENTED_EDGE('',*,*,#2465,.T.);
#1396=ORIENTED_EDGE('',*,*,#2466,.F.);
#1397=ORIENTED_EDGE('',*,*,#2467,.T.);
#1398=ORIENTED_EDGE('',*,*,#2468,.F.);
#1399=ORIENTED_EDGE('',*,*,#2469,.T.);
#1400=ORIENTED_EDGE('',*,*,#2357,.F.);
#1401=ORIENTED_EDGE('',*,*,#2324,.T.);
#1402=ORIENTED_EDGE('',*,*,#2281,.F.);
#1403=ORIENTED_EDGE('',*,*,#2470,.T.);
#1404=ORIENTED_EDGE('',*,*,#2471,.F.);
#1405=ORIENTED_EDGE('',*,*,#2472,.F.);
#1406=ORIENTED_EDGE('',*,*,#2473,.F.);
#1407=ORIENTED_EDGE('',*,*,#2474,.T.);
#1408=ORIENTED_EDGE('',*,*,#2394,.F.);
#1409=ORIENTED_EDGE('',*,*,#2361,.T.);
#1410=ORIENTED_EDGE('',*,*,#2475,.F.);
#1411=ORIENTED_EDGE('',*,*,#2433,.T.);
#1412=ORIENTED_EDGE('',*,*,#2476,.F.);
#1413=ORIENTED_EDGE('',*,*,#2477,.T.);
#1414=ORIENTED_EDGE('',*,*,#2478,.F.);
#1415=ORIENTED_EDGE('',*,*,#2429,.T.);
#1416=ORIENTED_EDGE('',*,*,#2479,.F.);
#1417=ORIENTED_EDGE('',*,*,#2468,.T.);
#1418=ORIENTED_EDGE('',*,*,#2480,.F.);
#1419=ORIENTED_EDGE('',*,*,#2471,.T.);
#1420=ORIENTED_EDGE('',*,*,#2397,.T.);
#1421=ORIENTED_EDGE('',*,*,#2481,.F.);
#1422=ORIENTED_EDGE('',*,*,#2482,.T.);
#1423=ORIENTED_EDGE('',*,*,#2483,.F.);
#1424=ORIENTED_EDGE('',*,*,#2473,.T.);
#1425=ORIENTED_EDGE('',*,*,#2484,.T.);
#1426=ORIENTED_EDGE('',*,*,#2466,.T.);
#1427=ORIENTED_EDGE('',*,*,#2485,.F.);
#1428=ORIENTED_EDGE('',*,*,#2486,.T.);
#1429=ORIENTED_EDGE('',*,*,#2487,.F.);
#1430=ORIENTED_EDGE('',*,*,#2480,.T.);
#1431=ORIENTED_EDGE('',*,*,#2467,.F.);
#1432=ORIENTED_EDGE('',*,*,#2484,.F.);
#1433=ORIENTED_EDGE('',*,*,#2472,.T.);
#1434=ORIENTED_EDGE('',*,*,#2488,.T.);
#1435=ORIENTED_EDGE('',*,*,#2489,.F.);
#1436=ORIENTED_EDGE('',*,*,#2476,.T.);
#1437=ORIENTED_EDGE('',*,*,#2432,.F.);
#1438=ORIENTED_EDGE('',*,*,#2489,.T.);
#1439=ORIENTED_EDGE('',*,*,#2490,.F.);
#1440=ORIENTED_EDGE('',*,*,#2491,.F.);
#1441=ORIENTED_EDGE('',*,*,#2477,.F.);
#1442=ORIENTED_EDGE('',*,*,#2478,.T.);
#1443=ORIENTED_EDGE('',*,*,#2491,.T.);
#1444=ORIENTED_EDGE('',*,*,#2492,.T.);
#1445=ORIENTED_EDGE('',*,*,#2430,.F.);
#1446=ORIENTED_EDGE('',*,*,#2431,.T.);
#1447=ORIENTED_EDGE('',*,*,#2492,.F.);
#1448=ORIENTED_EDGE('',*,*,#2490,.T.);
#1449=ORIENTED_EDGE('',*,*,#2488,.F.);
#1450=ORIENTED_EDGE('',*,*,#2358,.F.);
#1451=ORIENTED_EDGE('',*,*,#2469,.F.);
#1452=ORIENTED_EDGE('',*,*,#2479,.T.);
#1453=ORIENTED_EDGE('',*,*,#2428,.F.);
#1454=ORIENTED_EDGE('',*,*,#2493,.T.);
#1455=ORIENTED_EDGE('',*,*,#2494,.F.);
#1456=ORIENTED_EDGE('',*,*,#2326,.F.);
#1457=ORIENTED_EDGE('',*,*,#2427,.T.);
#1458=ORIENTED_EDGE('',*,*,#2495,.F.);
#1459=ORIENTED_EDGE('',*,*,#2496,.T.);
#1460=ORIENTED_EDGE('',*,*,#2493,.F.);
#1461=ORIENTED_EDGE('',*,*,#2497,.T.);
#1462=ORIENTED_EDGE('',*,*,#2495,.T.);
#1463=ORIENTED_EDGE('',*,*,#2426,.F.);
#1464=ORIENTED_EDGE('',*,*,#2278,.F.);
#1465=ORIENTED_EDGE('',*,*,#2328,.F.);
#1466=ORIENTED_EDGE('',*,*,#2327,.T.);
#1467=ORIENTED_EDGE('',*,*,#2494,.T.);
#1468=ORIENTED_EDGE('',*,*,#2496,.F.);
#1469=ORIENTED_EDGE('',*,*,#2497,.F.);
#1470=ORIENTED_EDGE('',*,*,#2498,.T.);
#1471=ORIENTED_EDGE('',*,*,#2499,.T.);
#1472=ORIENTED_EDGE('',*,*,#2434,.F.);
#1473=ORIENTED_EDGE('',*,*,#2475,.T.);
#1474=ORIENTED_EDGE('',*,*,#2470,.F.);
#1475=ORIENTED_EDGE('',*,*,#2280,.F.);
#1476=ORIENTED_EDGE('',*,*,#2360,.F.);
#1477=ORIENTED_EDGE('',*,*,#2435,.T.);
#1478=ORIENTED_EDGE('',*,*,#2499,.F.);
#1479=ORIENTED_EDGE('',*,*,#2500,.T.);
#1480=ORIENTED_EDGE('',*,*,#2501,.F.);
#1481=ORIENTED_EDGE('',*,*,#2283,.F.);
#1482=ORIENTED_EDGE('',*,*,#2436,.F.);
#1483=ORIENTED_EDGE('',*,*,#2501,.T.);
#1484=ORIENTED_EDGE('',*,*,#2502,.F.);
#1485=ORIENTED_EDGE('',*,*,#2393,.F.);
#1486=ORIENTED_EDGE('',*,*,#2359,.T.);
#1487=ORIENTED_EDGE('',*,*,#2502,.T.);
#1488=ORIENTED_EDGE('',*,*,#2500,.F.);
#1489=ORIENTED_EDGE('',*,*,#2498,.F.);
#1490=ORIENTED_EDGE('',*,*,#2395,.F.);
#1491=ORIENTED_EDGE('',*,*,#2474,.F.);
#1492=ORIENTED_EDGE('',*,*,#2483,.T.);
#1493=ORIENTED_EDGE('',*,*,#2503,.F.);
#1494=ORIENTED_EDGE('',*,*,#2363,.F.);
#1495=ORIENTED_EDGE('',*,*,#2504,.T.);
#1496=ORIENTED_EDGE('',*,*,#2481,.T.);
#1497=ORIENTED_EDGE('',*,*,#2396,.F.);
#1498=ORIENTED_EDGE('',*,*,#2321,.F.);
#1499=ORIENTED_EDGE('',*,*,#2365,.F.);
#1500=ORIENTED_EDGE('',*,*,#2364,.T.);
#1501=ORIENTED_EDGE('',*,*,#2503,.T.);
#1502=ORIENTED_EDGE('',*,*,#2482,.F.);
#1503=ORIENTED_EDGE('',*,*,#2504,.F.);
#1504=ORIENTED_EDGE('',*,*,#2505,.T.);
#1505=ORIENTED_EDGE('',*,*,#2485,.T.);
#1506=ORIENTED_EDGE('',*,*,#2465,.F.);
#1507=ORIENTED_EDGE('',*,*,#2237,.F.);
#1508=ORIENTED_EDGE('',*,*,#2323,.F.);
#1509=ORIENTED_EDGE('',*,*,#2240,.F.);
#1510=ORIENTED_EDGE('',*,*,#2398,.F.);
#1511=ORIENTED_EDGE('',*,*,#2487,.T.);
#1512=ORIENTED_EDGE('',*,*,#2506,.F.);
#1513=ORIENTED_EDGE('',*,*,#2356,.F.);
#1514=ORIENTED_EDGE('',*,*,#2322,.T.);
#1515=ORIENTED_EDGE('',*,*,#2506,.T.);
#1516=ORIENTED_EDGE('',*,*,#2486,.F.);
#1517=ORIENTED_EDGE('',*,*,#2505,.F.);
#1518=ORIENTED_EDGE('',*,*,#2400,.T.);
#1519=ORIENTED_EDGE('',*,*,#2507,.F.);
#1520=ORIENTED_EDGE('',*,*,#2508,.T.);
#1521=ORIENTED_EDGE('',*,*,#2509,.F.);
#1522=ORIENTED_EDGE('',*,*,#2244,.F.);
#1523=ORIENTED_EDGE('',*,*,#2401,.F.);
#1524=ORIENTED_EDGE('',*,*,#2509,.T.);
#1525=ORIENTED_EDGE('',*,*,#2510,.F.);
#1526=ORIENTED_EDGE('',*,*,#2353,.F.);
#1527=ORIENTED_EDGE('',*,*,#2511,.T.);
#1528=ORIENTED_EDGE('',*,*,#2507,.T.);
#1529=ORIENTED_EDGE('',*,*,#2399,.F.);
#1530=ORIENTED_EDGE('',*,*,#2242,.F.);
#1531=ORIENTED_EDGE('',*,*,#2355,.F.);
#1532=ORIENTED_EDGE('',*,*,#2354,.T.);
#1533=ORIENTED_EDGE('',*,*,#2510,.T.);
#1534=ORIENTED_EDGE('',*,*,#2508,.F.);
#1535=ORIENTED_EDGE('',*,*,#2511,.F.);
#1536=ORIENTED_EDGE('',*,*,#2403,.T.);
#1537=ORIENTED_EDGE('',*,*,#2512,.F.);
#1538=ORIENTED_EDGE('',*,*,#2513,.T.);
#1539=ORIENTED_EDGE('',*,*,#2514,.F.);
#1540=ORIENTED_EDGE('',*,*,#2248,.F.);
#1541=ORIENTED_EDGE('',*,*,#2404,.F.);
#1542=ORIENTED_EDGE('',*,*,#2514,.T.);
#1543=ORIENTED_EDGE('',*,*,#2515,.F.);
#1544=ORIENTED_EDGE('',*,*,#2350,.F.);
#1545=ORIENTED_EDGE('',*,*,#2516,.T.);
#1546=ORIENTED_EDGE('',*,*,#2512,.T.);
#1547=ORIENTED_EDGE('',*,*,#2402,.F.);
#1548=ORIENTED_EDGE('',*,*,#2246,.F.);
#1549=ORIENTED_EDGE('',*,*,#2352,.F.);
#1550=ORIENTED_EDGE('',*,*,#2351,.T.);
#1551=ORIENTED_EDGE('',*,*,#2515,.T.);
#1552=ORIENTED_EDGE('',*,*,#2513,.F.);
#1553=ORIENTED_EDGE('',*,*,#2516,.F.);
#1554=ORIENTED_EDGE('',*,*,#2406,.T.);
#1555=ORIENTED_EDGE('',*,*,#2517,.F.);
#1556=ORIENTED_EDGE('',*,*,#2518,.T.);
#1557=ORIENTED_EDGE('',*,*,#2519,.F.);
#1558=ORIENTED_EDGE('',*,*,#2252,.F.);
#1559=ORIENTED_EDGE('',*,*,#2407,.F.);
#1560=ORIENTED_EDGE('',*,*,#2519,.T.);
#1561=ORIENTED_EDGE('',*,*,#2520,.F.);
#1562=ORIENTED_EDGE('',*,*,#2347,.F.);
#1563=ORIENTED_EDGE('',*,*,#2521,.T.);
#1564=ORIENTED_EDGE('',*,*,#2517,.T.);
#1565=ORIENTED_EDGE('',*,*,#2405,.F.);
#1566=ORIENTED_EDGE('',*,*,#2250,.F.);
#1567=ORIENTED_EDGE('',*,*,#2349,.F.);
#1568=ORIENTED_EDGE('',*,*,#2348,.T.);
#1569=ORIENTED_EDGE('',*,*,#2520,.T.);
#1570=ORIENTED_EDGE('',*,*,#2518,.F.);
#1571=ORIENTED_EDGE('',*,*,#2521,.F.);
#1572=ORIENTED_EDGE('',*,*,#2409,.T.);
#1573=ORIENTED_EDGE('',*,*,#2522,.F.);
#1574=ORIENTED_EDGE('',*,*,#2523,.T.);
#1575=ORIENTED_EDGE('',*,*,#2524,.F.);
#1576=ORIENTED_EDGE('',*,*,#2256,.F.);
#1577=ORIENTED_EDGE('',*,*,#2410,.F.);
#1578=ORIENTED_EDGE('',*,*,#2524,.T.);
#1579=ORIENTED_EDGE('',*,*,#2525,.F.);
#1580=ORIENTED_EDGE('',*,*,#2344,.F.);
#1581=ORIENTED_EDGE('',*,*,#2526,.T.);
#1582=ORIENTED_EDGE('',*,*,#2522,.T.);
#1583=ORIENTED_EDGE('',*,*,#2408,.F.);
#1584=ORIENTED_EDGE('',*,*,#2254,.F.);
#1585=ORIENTED_EDGE('',*,*,#2346,.F.);
#1586=ORIENTED_EDGE('',*,*,#2345,.T.);
#1587=ORIENTED_EDGE('',*,*,#2525,.T.);
#1588=ORIENTED_EDGE('',*,*,#2523,.F.);
#1589=ORIENTED_EDGE('',*,*,#2526,.F.);
#1590=ORIENTED_EDGE('',*,*,#2412,.T.);
#1591=ORIENTED_EDGE('',*,*,#2527,.F.);
#1592=ORIENTED_EDGE('',*,*,#2528,.T.);
#1593=ORIENTED_EDGE('',*,*,#2529,.F.);
#1594=ORIENTED_EDGE('',*,*,#2260,.F.);
#1595=ORIENTED_EDGE('',*,*,#2413,.F.);
#1596=ORIENTED_EDGE('',*,*,#2529,.T.);
#1597=ORIENTED_EDGE('',*,*,#2530,.F.);
#1598=ORIENTED_EDGE('',*,*,#2341,.F.);
#1599=ORIENTED_EDGE('',*,*,#2531,.T.);
#1600=ORIENTED_EDGE('',*,*,#2527,.T.);
#1601=ORIENTED_EDGE('',*,*,#2411,.F.);
#1602=ORIENTED_EDGE('',*,*,#2258,.F.);
#1603=ORIENTED_EDGE('',*,*,#2343,.F.);
#1604=ORIENTED_EDGE('',*,*,#2342,.T.);
#1605=ORIENTED_EDGE('',*,*,#2530,.T.);
#1606=ORIENTED_EDGE('',*,*,#2528,.F.);
#1607=ORIENTED_EDGE('',*,*,#2531,.F.);
#1608=ORIENTED_EDGE('',*,*,#2415,.T.);
#1609=ORIENTED_EDGE('',*,*,#2532,.F.);
#1610=ORIENTED_EDGE('',*,*,#2533,.T.);
#1611=ORIENTED_EDGE('',*,*,#2534,.F.);
#1612=ORIENTED_EDGE('',*,*,#2264,.F.);
#1613=ORIENTED_EDGE('',*,*,#2416,.F.);
#1614=ORIENTED_EDGE('',*,*,#2534,.T.);
#1615=ORIENTED_EDGE('',*,*,#2535,.F.);
#1616=ORIENTED_EDGE('',*,*,#2338,.F.);
#1617=ORIENTED_EDGE('',*,*,#2536,.T.);
#1618=ORIENTED_EDGE('',*,*,#2532,.T.);
#1619=ORIENTED_EDGE('',*,*,#2414,.F.);
#1620=ORIENTED_EDGE('',*,*,#2262,.F.);
#1621=ORIENTED_EDGE('',*,*,#2340,.F.);
#1622=ORIENTED_EDGE('',*,*,#2339,.T.);
#1623=ORIENTED_EDGE('',*,*,#2535,.T.);
#1624=ORIENTED_EDGE('',*,*,#2533,.F.);
#1625=ORIENTED_EDGE('',*,*,#2536,.F.);
#1626=ORIENTED_EDGE('',*,*,#2418,.T.);
#1627=ORIENTED_EDGE('',*,*,#2537,.F.);
#1628=ORIENTED_EDGE('',*,*,#2538,.T.);
#1629=ORIENTED_EDGE('',*,*,#2539,.F.);
#1630=ORIENTED_EDGE('',*,*,#2268,.F.);
#1631=ORIENTED_EDGE('',*,*,#2419,.F.);
#1632=ORIENTED_EDGE('',*,*,#2539,.T.);
#1633=ORIENTED_EDGE('',*,*,#2540,.F.);
#1634=ORIENTED_EDGE('',*,*,#2335,.F.);
#1635=ORIENTED_EDGE('',*,*,#2541,.T.);
#1636=ORIENTED_EDGE('',*,*,#2537,.T.);
#1637=ORIENTED_EDGE('',*,*,#2417,.F.);
#1638=ORIENTED_EDGE('',*,*,#2266,.F.);
#1639=ORIENTED_EDGE('',*,*,#2337,.F.);
#1640=ORIENTED_EDGE('',*,*,#2336,.T.);
#1641=ORIENTED_EDGE('',*,*,#2540,.T.);
#1642=ORIENTED_EDGE('',*,*,#2538,.F.);
#1643=ORIENTED_EDGE('',*,*,#2541,.F.);
#1644=ORIENTED_EDGE('',*,*,#2421,.T.);
#1645=ORIENTED_EDGE('',*,*,#2542,.F.);
#1646=ORIENTED_EDGE('',*,*,#2543,.T.);
#1647=ORIENTED_EDGE('',*,*,#2544,.F.);
#1648=ORIENTED_EDGE('',*,*,#2272,.F.);
#1649=ORIENTED_EDGE('',*,*,#2422,.F.);
#1650=ORIENTED_EDGE('',*,*,#2544,.T.);
#1651=ORIENTED_EDGE('',*,*,#2545,.F.);
#1652=ORIENTED_EDGE('',*,*,#2332,.F.);
#1653=ORIENTED_EDGE('',*,*,#2546,.T.);
#1654=ORIENTED_EDGE('',*,*,#2542,.T.);
#1655=ORIENTED_EDGE('',*,*,#2420,.F.);
#1656=ORIENTED_EDGE('',*,*,#2270,.F.);
#1657=ORIENTED_EDGE('',*,*,#2334,.F.);
#1658=ORIENTED_EDGE('',*,*,#2333,.T.);
#1659=ORIENTED_EDGE('',*,*,#2545,.T.);
#1660=ORIENTED_EDGE('',*,*,#2543,.F.);
#1661=ORIENTED_EDGE('',*,*,#2546,.F.);
#1662=ORIENTED_EDGE('',*,*,#2424,.T.);
#1663=ORIENTED_EDGE('',*,*,#2547,.F.);
#1664=ORIENTED_EDGE('',*,*,#2548,.T.);
#1665=ORIENTED_EDGE('',*,*,#2549,.F.);
#1666=ORIENTED_EDGE('',*,*,#2276,.F.);
#1667=ORIENTED_EDGE('',*,*,#2425,.F.);
#1668=ORIENTED_EDGE('',*,*,#2549,.T.);
#1669=ORIENTED_EDGE('',*,*,#2550,.F.);
#1670=ORIENTED_EDGE('',*,*,#2329,.F.);
#1671=ORIENTED_EDGE('',*,*,#2551,.T.);
#1672=ORIENTED_EDGE('',*,*,#2547,.T.);
#1673=ORIENTED_EDGE('',*,*,#2423,.F.);
#1674=ORIENTED_EDGE('',*,*,#2274,.F.);
#1675=ORIENTED_EDGE('',*,*,#2331,.F.);
#1676=ORIENTED_EDGE('',*,*,#2330,.T.);
#1677=ORIENTED_EDGE('',*,*,#2550,.T.);
#1678=ORIENTED_EDGE('',*,*,#2548,.F.);
#1679=ORIENTED_EDGE('',*,*,#2551,.F.);
#1680=ORIENTED_EDGE('',*,*,#2438,.T.);
#1681=ORIENTED_EDGE('',*,*,#2552,.F.);
#1682=ORIENTED_EDGE('',*,*,#2553,.T.);
#1683=ORIENTED_EDGE('',*,*,#2554,.F.);
#1684=ORIENTED_EDGE('',*,*,#2287,.F.);
#1685=ORIENTED_EDGE('',*,*,#2439,.F.);
#1686=ORIENTED_EDGE('',*,*,#2554,.T.);
#1687=ORIENTED_EDGE('',*,*,#2555,.F.);
#1688=ORIENTED_EDGE('',*,*,#2390,.F.);
#1689=ORIENTED_EDGE('',*,*,#2556,.T.);
#1690=ORIENTED_EDGE('',*,*,#2552,.T.);
#1691=ORIENTED_EDGE('',*,*,#2437,.F.);
#1692=ORIENTED_EDGE('',*,*,#2285,.F.);
#1693=ORIENTED_EDGE('',*,*,#2392,.F.);
#1694=ORIENTED_EDGE('',*,*,#2391,.T.);
#1695=ORIENTED_EDGE('',*,*,#2555,.T.);
#1696=ORIENTED_EDGE('',*,*,#2553,.F.);
#1697=ORIENTED_EDGE('',*,*,#2556,.F.);
#1698=ORIENTED_EDGE('',*,*,#2441,.T.);
#1699=ORIENTED_EDGE('',*,*,#2557,.F.);
#1700=ORIENTED_EDGE('',*,*,#2558,.T.);
#1701=ORIENTED_EDGE('',*,*,#2559,.F.);
#1702=ORIENTED_EDGE('',*,*,#2291,.F.);
#1703=ORIENTED_EDGE('',*,*,#2442,.F.);
#1704=ORIENTED_EDGE('',*,*,#2559,.T.);
#1705=ORIENTED_EDGE('',*,*,#2560,.F.);
#1706=ORIENTED_EDGE('',*,*,#2387,.F.);
#1707=ORIENTED_EDGE('',*,*,#2561,.T.);
#1708=ORIENTED_EDGE('',*,*,#2557,.T.);
#1709=ORIENTED_EDGE('',*,*,#2440,.F.);
#1710=ORIENTED_EDGE('',*,*,#2289,.F.);
#1711=ORIENTED_EDGE('',*,*,#2389,.F.);
#1712=ORIENTED_EDGE('',*,*,#2388,.T.);
#1713=ORIENTED_EDGE('',*,*,#2560,.T.);
#1714=ORIENTED_EDGE('',*,*,#2558,.F.);
#1715=ORIENTED_EDGE('',*,*,#2561,.F.);
#1716=ORIENTED_EDGE('',*,*,#2444,.T.);
#1717=ORIENTED_EDGE('',*,*,#2562,.F.);
#1718=ORIENTED_EDGE('',*,*,#2563,.T.);
#1719=ORIENTED_EDGE('',*,*,#2564,.F.);
#1720=ORIENTED_EDGE('',*,*,#2295,.F.);
#1721=ORIENTED_EDGE('',*,*,#2445,.F.);
#1722=ORIENTED_EDGE('',*,*,#2564,.T.);
#1723=ORIENTED_EDGE('',*,*,#2565,.F.);
#1724=ORIENTED_EDGE('',*,*,#2384,.F.);
#1725=ORIENTED_EDGE('',*,*,#2566,.T.);
#1726=ORIENTED_EDGE('',*,*,#2562,.T.);
#1727=ORIENTED_EDGE('',*,*,#2443,.F.);
#1728=ORIENTED_EDGE('',*,*,#2293,.F.);
#1729=ORIENTED_EDGE('',*,*,#2386,.F.);
#1730=ORIENTED_EDGE('',*,*,#2385,.T.);
#1731=ORIENTED_EDGE('',*,*,#2565,.T.);
#1732=ORIENTED_EDGE('',*,*,#2563,.F.);
#1733=ORIENTED_EDGE('',*,*,#2566,.F.);
#1734=ORIENTED_EDGE('',*,*,#2447,.T.);
#1735=ORIENTED_EDGE('',*,*,#2567,.F.);
#1736=ORIENTED_EDGE('',*,*,#2568,.T.);
#1737=ORIENTED_EDGE('',*,*,#2569,.F.);
#1738=ORIENTED_EDGE('',*,*,#2299,.F.);
#1739=ORIENTED_EDGE('',*,*,#2448,.F.);
#1740=ORIENTED_EDGE('',*,*,#2569,.T.);
#1741=ORIENTED_EDGE('',*,*,#2570,.F.);
#1742=ORIENTED_EDGE('',*,*,#2381,.F.);
#1743=ORIENTED_EDGE('',*,*,#2571,.T.);
#1744=ORIENTED_EDGE('',*,*,#2567,.T.);
#1745=ORIENTED_EDGE('',*,*,#2446,.F.);
#1746=ORIENTED_EDGE('',*,*,#2297,.F.);
#1747=ORIENTED_EDGE('',*,*,#2383,.F.);
#1748=ORIENTED_EDGE('',*,*,#2382,.T.);
#1749=ORIENTED_EDGE('',*,*,#2570,.T.);
#1750=ORIENTED_EDGE('',*,*,#2568,.F.);
#1751=ORIENTED_EDGE('',*,*,#2571,.F.);
#1752=ORIENTED_EDGE('',*,*,#2450,.T.);
#1753=ORIENTED_EDGE('',*,*,#2572,.F.);
#1754=ORIENTED_EDGE('',*,*,#2573,.T.);
#1755=ORIENTED_EDGE('',*,*,#2574,.F.);
#1756=ORIENTED_EDGE('',*,*,#2303,.F.);
#1757=ORIENTED_EDGE('',*,*,#2451,.F.);
#1758=ORIENTED_EDGE('',*,*,#2574,.T.);
#1759=ORIENTED_EDGE('',*,*,#2575,.F.);
#1760=ORIENTED_EDGE('',*,*,#2378,.F.);
#1761=ORIENTED_EDGE('',*,*,#2576,.T.);
#1762=ORIENTED_EDGE('',*,*,#2572,.T.);
#1763=ORIENTED_EDGE('',*,*,#2449,.F.);
#1764=ORIENTED_EDGE('',*,*,#2301,.F.);
#1765=ORIENTED_EDGE('',*,*,#2380,.F.);
#1766=ORIENTED_EDGE('',*,*,#2379,.T.);
#1767=ORIENTED_EDGE('',*,*,#2575,.T.);
#1768=ORIENTED_EDGE('',*,*,#2573,.F.);
#1769=ORIENTED_EDGE('',*,*,#2576,.F.);
#1770=ORIENTED_EDGE('',*,*,#2453,.T.);
#1771=ORIENTED_EDGE('',*,*,#2577,.F.);
#1772=ORIENTED_EDGE('',*,*,#2578,.T.);
#1773=ORIENTED_EDGE('',*,*,#2579,.F.);
#1774=ORIENTED_EDGE('',*,*,#2307,.F.);
#1775=ORIENTED_EDGE('',*,*,#2454,.F.);
#1776=ORIENTED_EDGE('',*,*,#2579,.T.);
#1777=ORIENTED_EDGE('',*,*,#2580,.F.);
#1778=ORIENTED_EDGE('',*,*,#2375,.F.);
#1779=ORIENTED_EDGE('',*,*,#2581,.T.);
#1780=ORIENTED_EDGE('',*,*,#2577,.T.);
#1781=ORIENTED_EDGE('',*,*,#2452,.F.);
#1782=ORIENTED_EDGE('',*,*,#2305,.F.);
#1783=ORIENTED_EDGE('',*,*,#2377,.F.);
#1784=ORIENTED_EDGE('',*,*,#2376,.T.);
#1785=ORIENTED_EDGE('',*,*,#2580,.T.);
#1786=ORIENTED_EDGE('',*,*,#2578,.F.);
#1787=ORIENTED_EDGE('',*,*,#2581,.F.);
#1788=ORIENTED_EDGE('',*,*,#2456,.T.);
#1789=ORIENTED_EDGE('',*,*,#2582,.F.);
#1790=ORIENTED_EDGE('',*,*,#2583,.T.);
#1791=ORIENTED_EDGE('',*,*,#2584,.F.);
#1792=ORIENTED_EDGE('',*,*,#2311,.F.);
#1793=ORIENTED_EDGE('',*,*,#2457,.F.);
#1794=ORIENTED_EDGE('',*,*,#2584,.T.);
#1795=ORIENTED_EDGE('',*,*,#2585,.F.);
#1796=ORIENTED_EDGE('',*,*,#2372,.F.);
#1797=ORIENTED_EDGE('',*,*,#2586,.T.);
#1798=ORIENTED_EDGE('',*,*,#2582,.T.);
#1799=ORIENTED_EDGE('',*,*,#2455,.F.);
#1800=ORIENTED_EDGE('',*,*,#2309,.F.);
#1801=ORIENTED_EDGE('',*,*,#2374,.F.);
#1802=ORIENTED_EDGE('',*,*,#2373,.T.);
#1803=ORIENTED_EDGE('',*,*,#2585,.T.);
#1804=ORIENTED_EDGE('',*,*,#2583,.F.);
#1805=ORIENTED_EDGE('',*,*,#2586,.F.);
#1806=ORIENTED_EDGE('',*,*,#2459,.T.);
#1807=ORIENTED_EDGE('',*,*,#2587,.F.);
#1808=ORIENTED_EDGE('',*,*,#2588,.T.);
#1809=ORIENTED_EDGE('',*,*,#2589,.F.);
#1810=ORIENTED_EDGE('',*,*,#2315,.F.);
#1811=ORIENTED_EDGE('',*,*,#2460,.F.);
#1812=ORIENTED_EDGE('',*,*,#2589,.T.);
#1813=ORIENTED_EDGE('',*,*,#2590,.F.);
#1814=ORIENTED_EDGE('',*,*,#2369,.F.);
#1815=ORIENTED_EDGE('',*,*,#2591,.T.);
#1816=ORIENTED_EDGE('',*,*,#2587,.T.);
#1817=ORIENTED_EDGE('',*,*,#2458,.F.);
#1818=ORIENTED_EDGE('',*,*,#2313,.F.);
#1819=ORIENTED_EDGE('',*,*,#2371,.F.);
#1820=ORIENTED_EDGE('',*,*,#2370,.T.);
#1821=ORIENTED_EDGE('',*,*,#2590,.T.);
#1822=ORIENTED_EDGE('',*,*,#2588,.F.);
#1823=ORIENTED_EDGE('',*,*,#2591,.F.);
#1824=ORIENTED_EDGE('',*,*,#2367,.T.);
#1825=ORIENTED_EDGE('',*,*,#2592,.T.);
#1826=ORIENTED_EDGE('',*,*,#2593,.F.);
#1827=ORIENTED_EDGE('',*,*,#2594,.F.);
#1828=ORIENTED_EDGE('',*,*,#2594,.T.);
#1829=ORIENTED_EDGE('',*,*,#2595,.T.);
#1830=ORIENTED_EDGE('',*,*,#2461,.F.);
#1831=ORIENTED_EDGE('',*,*,#2317,.F.);
#1832=ORIENTED_EDGE('',*,*,#2368,.F.);
#1833=ORIENTED_EDGE('',*,*,#2319,.F.);
#1834=ORIENTED_EDGE('',*,*,#2463,.F.);
#1835=ORIENTED_EDGE('',*,*,#2596,.T.);
#1836=ORIENTED_EDGE('',*,*,#2592,.F.);
#1837=ORIENTED_EDGE('',*,*,#2366,.F.);
#1838=ORIENTED_EDGE('',*,*,#2462,.T.);
#1839=ORIENTED_EDGE('',*,*,#2595,.F.);
#1840=ORIENTED_EDGE('',*,*,#2593,.T.);
#1841=ORIENTED_EDGE('',*,*,#2596,.F.);
#1842=EDGE_CURVE('',#2597,#2598,#3105,.T.);
#1843=EDGE_CURVE('',#2598,#2599,#3106,.T.);
#1844=EDGE_CURVE('',#2599,#2600,#3107,.T.);
#1845=EDGE_CURVE('',#2600,#2601,#156,.T.);
#1846=EDGE_CURVE('',#2601,#2602,#3108,.T.);
#1847=EDGE_CURVE('',#2602,#2603,#157,.T.);
#1848=EDGE_CURVE('',#2603,#2604,#3109,.T.);
#1849=EDGE_CURVE('',#2604,#2597,#158,.T.);
#1850=EDGE_CURVE('',#2605,#2606,#3110,.T.);
#1851=EDGE_CURVE('',#2607,#2605,#3111,.T.);
#1852=EDGE_CURVE('',#2608,#2607,#3112,.T.);
#1853=EDGE_CURVE('',#2609,#2608,#3113,.T.);
#1854=EDGE_CURVE('',#2610,#2609,#3114,.T.);
#1855=EDGE_CURVE('',#2611,#2610,#3115,.T.);
#1856=EDGE_CURVE('',#2606,#2611,#3116,.T.);
#1857=EDGE_CURVE('',#2612,#2613,#3117,.T.);
#1858=EDGE_CURVE('',#2614,#2612,#3118,.T.);
#1859=EDGE_CURVE('',#2615,#2614,#3119,.T.);
#1860=EDGE_CURVE('',#2616,#2615,#159,.T.);
#1861=EDGE_CURVE('',#2616,#2617,#160,.T.);
#1862=EDGE_CURVE('',#2617,#2618,#161,.T.);
#1863=EDGE_CURVE('',#2619,#2618,#3120,.T.);
#1864=EDGE_CURVE('',#2620,#2619,#3121,.T.);
#1865=EDGE_CURVE('',#2621,#2620,#162,.T.);
#1866=EDGE_CURVE('',#2622,#2621,#163,.T.);
#1867=EDGE_CURVE('',#2622,#2623,#164,.T.);
#1868=EDGE_CURVE('',#2613,#2623,#3122,.T.);
#1869=EDGE_CURVE('',#2624,#2625,#165,.T.);
#1870=EDGE_CURVE('',#2626,#2624,#3123,.T.);
#1871=EDGE_CURVE('',#2627,#2626,#3124,.T.);
#1872=EDGE_CURVE('',#2627,#2628,#166,.T.);
#1873=EDGE_CURVE('',#2629,#2628,#3125,.T.);
#1874=EDGE_CURVE('',#2630,#2629,#3126,.T.);
#1875=EDGE_CURVE('',#2630,#2631,#167,.T.);
#1876=EDGE_CURVE('',#2632,#2631,#3127,.T.);
#1877=EDGE_CURVE('',#2633,#2632,#3128,.T.);
#1878=EDGE_CURVE('',#2625,#2633,#168,.T.);
#1879=EDGE_CURVE('',#2634,#2635,#169,.T.);
#1880=EDGE_CURVE('',#2636,#2634,#3129,.T.);
#1881=EDGE_CURVE('',#2637,#2636,#170,.T.);
#1882=EDGE_CURVE('',#2638,#2637,#3130,.T.);
#1883=EDGE_CURVE('',#2639,#2638,#171,.T.);
#1884=EDGE_CURVE('',#2640,#2639,#3131,.T.);
#1885=EDGE_CURVE('',#2641,#2640,#172,.T.);
#1886=EDGE_CURVE('',#2642,#2641,#3132,.T.);
#1887=EDGE_CURVE('',#2643,#2642,#173,.T.);
#1888=EDGE_CURVE('',#2644,#2643,#3133,.T.);
#1889=EDGE_CURVE('',#2645,#2644,#174,.T.);
#1890=EDGE_CURVE('',#2635,#2645,#3134,.T.);
#1891=EDGE_CURVE('',#2646,#2646,#175,.F.);
#1892=EDGE_CURVE('',#2647,#2647,#176,.F.);
#1893=EDGE_CURVE('',#2648,#2648,#177,.F.);
#1894=EDGE_CURVE('',#2649,#2649,#178,.F.);
#1895=EDGE_CURVE('',#2650,#2651,#3135,.T.);
#1896=EDGE_CURVE('',#2650,#2652,#3136,.T.);
#1897=EDGE_CURVE('',#2652,#2653,#3137,.T.);
#1898=EDGE_CURVE('',#2651,#2653,#3138,.T.);
#1899=EDGE_CURVE('',#2654,#2655,#3139,.T.);
#1900=EDGE_CURVE('',#2655,#2656,#3140,.T.);
#1901=EDGE_CURVE('',#2656,#2657,#3141,.T.);
#1902=EDGE_CURVE('',#2658,#2657,#3142,.T.);
#1903=EDGE_CURVE('',#2658,#2659,#3143,.T.);
#1904=EDGE_CURVE('',#2659,#2660,#3144,.T.);
#1905=EDGE_CURVE('',#2660,#2661,#3145,.T.);
#1906=EDGE_CURVE('',#2662,#2661,#3146,.T.);
#1907=EDGE_CURVE('',#2662,#2663,#3147,.T.);
#1908=EDGE_CURVE('',#2663,#2664,#3148,.T.);
#1909=EDGE_CURVE('',#2664,#2665,#3149,.T.);
#1910=EDGE_CURVE('',#2666,#2665,#3150,.T.);
#1911=EDGE_CURVE('',#2666,#2667,#3151,.T.);
#1912=EDGE_CURVE('',#2667,#2668,#3152,.T.);
#1913=EDGE_CURVE('',#2668,#2669,#3153,.T.);
#1914=EDGE_CURVE('',#2670,#2669,#3154,.T.);
#1915=EDGE_CURVE('',#2671,#2670,#179,.T.);
#1916=EDGE_CURVE('',#2672,#2671,#3155,.T.);
#1917=EDGE_CURVE('',#2673,#2672,#180,.T.);
#1918=EDGE_CURVE('',#2674,#2673,#3156,.T.);
#1919=EDGE_CURVE('',#2674,#2675,#3157,.T.);
#1920=EDGE_CURVE('',#2675,#2676,#3158,.T.);
#1921=EDGE_CURVE('',#2676,#2677,#3159,.T.);
#1922=EDGE_CURVE('',#2678,#2677,#3160,.T.);
#1923=EDGE_CURVE('',#2678,#2679,#3161,.T.);
#1924=EDGE_CURVE('',#2679,#2680,#3162,.T.);
#1925=EDGE_CURVE('',#2680,#2681,#3163,.T.);
#1926=EDGE_CURVE('',#2682,#2681,#3164,.T.);
#1927=EDGE_CURVE('',#2682,#2683,#3165,.T.);
#1928=EDGE_CURVE('',#2683,#2684,#3166,.T.);
#1929=EDGE_CURVE('',#2684,#2685,#3167,.T.);
#1930=EDGE_CURVE('',#2686,#2685,#3168,.T.);
#1931=EDGE_CURVE('',#2686,#2687,#3169,.T.);
#1932=EDGE_CURVE('',#2687,#2688,#3170,.T.);
#1933=EDGE_CURVE('',#2688,#2689,#3171,.T.);
#1934=EDGE_CURVE('',#2690,#2689,#3172,.T.);
#1935=EDGE_CURVE('',#2691,#2690,#181,.T.);
#1936=EDGE_CURVE('',#2692,#2691,#3173,.T.);
#1937=EDGE_CURVE('',#2693,#2692,#182,.T.);
#1938=EDGE_CURVE('',#2654,#2693,#3174,.T.);
#1939=EDGE_CURVE('',#2694,#2695,#3175,.T.);
#1940=EDGE_CURVE('',#2695,#2654,#3176,.T.);
#1941=EDGE_CURVE('',#2693,#2696,#3177,.T.);
#1942=EDGE_CURVE('',#2697,#2696,#3178,.T.);
#1943=EDGE_CURVE('',#2670,#2697,#3179,.T.);
#1944=EDGE_CURVE('',#2698,#2669,#3180,.T.);
#1945=EDGE_CURVE('',#2698,#2699,#3181,.T.);
#1946=EDGE_CURVE('',#2699,#2666,#3182,.T.);
#1947=EDGE_CURVE('',#2700,#2665,#3183,.T.);
#1948=EDGE_CURVE('',#2700,#2701,#3184,.T.);
#1949=EDGE_CURVE('',#2701,#2662,#3185,.T.);
#1950=EDGE_CURVE('',#2702,#2661,#3186,.T.);
#1951=EDGE_CURVE('',#2702,#2703,#3187,.T.);
#1952=EDGE_CURVE('',#2703,#2658,#3188,.T.);
#1953=EDGE_CURVE('',#2694,#2657,#3189,.T.);
#1954=EDGE_CURVE('',#2704,#2685,#3190,.T.);
#1955=EDGE_CURVE('',#2704,#2705,#3191,.T.);
#1956=EDGE_CURVE('',#2705,#2682,#3192,.T.);
#1957=EDGE_CURVE('',#2706,#2681,#3193,.T.);
#1958=EDGE_CURVE('',#2706,#2707,#3194,.T.);
#1959=EDGE_CURVE('',#2707,#2678,#3195,.T.);
#1960=EDGE_CURVE('',#2708,#2677,#3196,.T.);
#1961=EDGE_CURVE('',#2708,#2709,#3197,.T.);
#1962=EDGE_CURVE('',#2709,#2674,#3198,.T.);
#1963=EDGE_CURVE('',#2673,#2710,#3199,.T.);
#1964=EDGE_CURVE('',#2711,#2710,#3200,.T.);
#1965=EDGE_CURVE('',#2690,#2711,#3201,.T.);
#1966=EDGE_CURVE('',#2712,#2689,#3202,.T.);
#1967=EDGE_CURVE('',#2712,#2713,#3203,.T.);
#1968=EDGE_CURVE('',#2713,#2686,#3204,.T.);
#1969=EDGE_CURVE('',#2714,#2715,#3205,.T.);
#1970=EDGE_CURVE('',#2715,#2716,#3206,.T.);
#1971=EDGE_CURVE('',#2716,#2598,#3207,.T.);
#1972=EDGE_CURVE('',#2717,#2597,#3208,.T.);
#1973=EDGE_CURVE('',#2717,#2714,#3209,.T.);
#1974=EDGE_CURVE('',#2718,#2719,#3210,.T.);
#1975=EDGE_CURVE('',#2719,#2715,#183,.F.);
#1976=EDGE_CURVE('',#2714,#2718,#184,.T.);
#1977=EDGE_CURVE('',#2720,#2600,#3211,.T.);
#1978=EDGE_CURVE('',#2721,#2599,#3212,.T.);
#1979=EDGE_CURVE('',#2721,#2719,#3213,.T.);
#1980=EDGE_CURVE('',#2718,#2720,#3214,.T.);
#1981=EDGE_CURVE('',#2722,#2602,#3215,.T.);
#1982=EDGE_CURVE('',#2722,#2723,#185,.T.);
#1983=EDGE_CURVE('',#2723,#2603,#3216,.T.);
#1984=EDGE_CURVE('',#2723,#2724,#3217,.T.);
#1985=EDGE_CURVE('',#2724,#2604,#3218,.T.);
#1986=EDGE_CURVE('',#2724,#2717,#186,.T.);
#1987=EDGE_CURVE('',#2720,#2725,#187,.T.);
#1988=EDGE_CURVE('',#2725,#2601,#3219,.T.);
#1989=EDGE_CURVE('',#2725,#2722,#3220,.T.);
#1990=EDGE_CURVE('',#2726,#2727,#3221,.T.);
#1991=EDGE_CURVE('',#2727,#2697,#188,.T.);
#1992=EDGE_CURVE('',#2696,#2728,#189,.T.);
#1993=EDGE_CURVE('',#2728,#2729,#3222,.T.);
#1994=EDGE_CURVE('',#2729,#2711,#190,.T.);
#1995=EDGE_CURVE('',#2710,#2726,#191,.T.);
#1996=EDGE_CURVE('',#2671,#2727,#3223,.T.);
#1997=EDGE_CURVE('',#2692,#2728,#3224,.T.);
#1998=EDGE_CURVE('',#2691,#2729,#3225,.T.);
#1999=EDGE_CURVE('',#2672,#2726,#3226,.T.);
#2000=EDGE_CURVE('',#2716,#2721,#3227,.T.);
#2001=EDGE_CURVE('',#2730,#2731,#3228,.T.);
#2002=EDGE_CURVE('',#2732,#2730,#3229,.T.);
#2003=EDGE_CURVE('',#2732,#2733,#3230,.T.);
#2004=EDGE_CURVE('',#2733,#2731,#3231,.T.);
#2005=EDGE_CURVE('',#2731,#2651,#3232,.T.);
#2006=EDGE_CURVE('',#2733,#2650,#3233,.T.);
#2007=EDGE_CURVE('',#2653,#2730,#3234,.T.);
#2008=EDGE_CURVE('',#2652,#2732,#3235,.T.);
#2009=EDGE_CURVE('',#2734,#2734,#192,.T.);
#2010=EDGE_CURVE('',#2735,#2735,#193,.T.);
#2011=EDGE_CURVE('',#2736,#2736,#194,.T.);
#2012=EDGE_CURVE('',#2737,#2737,#195,.T.);
#2013=EDGE_CURVE('',#2738,#2738,#196,.T.);
#2014=EDGE_CURVE('',#2739,#2739,#197,.T.);
#2015=EDGE_CURVE('',#2740,#2740,#198,.T.);
#2016=EDGE_CURVE('',#2741,#2741,#199,.T.);
#2017=EDGE_CURVE('',#2742,#2605,#3236,.T.);
#2018=EDGE_CURVE('',#2743,#2742,#3237,.T.);
#2019=EDGE_CURVE('',#2743,#2607,#3238,.T.);
#2020=EDGE_CURVE('',#2744,#2606,#3239,.T.);
#2021=EDGE_CURVE('',#2742,#2744,#3240,.T.);
#2022=EDGE_CURVE('',#2745,#2611,#3241,.T.);
#2023=EDGE_CURVE('',#2744,#2745,#3242,.T.);
#2024=EDGE_CURVE('',#2746,#2610,#3243,.T.);
#2025=EDGE_CURVE('',#2745,#2746,#3244,.T.);
#2026=EDGE_CURVE('',#2747,#2609,#3245,.T.);
#2027=EDGE_CURVE('',#2746,#2747,#3246,.T.);
#2028=EDGE_CURVE('',#2748,#2608,#3247,.T.);
#2029=EDGE_CURVE('',#2747,#2748,#3248,.T.);
#2030=EDGE_CURVE('',#2748,#2743,#3249,.T.);
#2031=EDGE_CURVE('',#2749,#2612,#3250,.T.);
#2032=EDGE_CURVE('',#2750,#2749,#3251,.T.);
#2033=EDGE_CURVE('',#2750,#2614,#3252,.T.);
#2034=EDGE_CURVE('',#2751,#2613,#3253,.T.);
#2035=EDGE_CURVE('',#2749,#2751,#3254,.T.);
#2036=EDGE_CURVE('',#2752,#2623,#3255,.T.);
#2037=EDGE_CURVE('',#2751,#2752,#3256,.T.);
#2038=EDGE_CURVE('',#2753,#2622,#3257,.T.);
#2039=EDGE_CURVE('',#2753,#2752,#200,.T.);
#2040=EDGE_CURVE('',#2754,#2621,#3258,.T.);
#2041=EDGE_CURVE('',#2753,#2754,#201,.T.);
#2042=EDGE_CURVE('',#2755,#2620,#3259,.T.);
#2043=EDGE_CURVE('',#2754,#2755,#202,.T.);
#2044=EDGE_CURVE('',#2756,#2619,#3260,.T.);
#2045=EDGE_CURVE('',#2755,#2756,#3261,.T.);
#2046=EDGE_CURVE('',#2757,#2618,#3262,.T.);
#2047=EDGE_CURVE('',#2756,#2757,#3263,.T.);
#2048=EDGE_CURVE('',#2758,#2617,#3264,.T.);
#2049=EDGE_CURVE('',#2758,#2757,#203,.T.);
#2050=EDGE_CURVE('',#2759,#2616,#3265,.T.);
#2051=EDGE_CURVE('',#2759,#2758,#204,.T.);
#2052=EDGE_CURVE('',#2760,#2615,#3266,.T.);
#2053=EDGE_CURVE('',#2759,#2760,#205,.T.);
#2054=EDGE_CURVE('',#2760,#2750,#3267,.T.);
#2055=EDGE_CURVE('',#2761,#2624,#3268,.T.);
#2056=EDGE_CURVE('',#2762,#2761,#3269,.T.);
#2057=EDGE_CURVE('',#2762,#2626,#3270,.T.);
#2058=EDGE_CURVE('',#2763,#2625,#3271,.T.);
#2059=EDGE_CURVE('',#2761,#2763,#206,.T.);
#2060=EDGE_CURVE('',#2764,#2633,#3272,.T.);
#2061=EDGE_CURVE('',#2763,#2764,#207,.T.);
#2062=EDGE_CURVE('',#2765,#2632,#3273,.T.);
#2063=EDGE_CURVE('',#2764,#2765,#3274,.T.);
#2064=EDGE_CURVE('',#2766,#2631,#3275,.T.);
#2065=EDGE_CURVE('',#2765,#2766,#3276,.T.);
#2066=EDGE_CURVE('',#2767,#2630,#3277,.T.);
#2067=EDGE_CURVE('',#2767,#2766,#208,.T.);
#2068=EDGE_CURVE('',#2768,#2629,#3278,.T.);
#2069=EDGE_CURVE('',#2767,#2768,#3279,.T.);
#2070=EDGE_CURVE('',#2769,#2628,#3280,.T.);
#2071=EDGE_CURVE('',#2768,#2769,#3281,.T.);
#2072=EDGE_CURVE('',#2770,#2627,#3282,.T.);
#2073=EDGE_CURVE('',#2770,#2769,#209,.T.);
#2074=EDGE_CURVE('',#2770,#2762,#3283,.T.);
#2075=EDGE_CURVE('',#2771,#2771,#210,.T.);
#2076=EDGE_CURVE('',#2772,#2638,#3284,.T.);
#2077=EDGE_CURVE('',#2772,#2773,#211,.T.);
#2078=EDGE_CURVE('',#2773,#2634,#3285,.T.);
#2079=EDGE_CURVE('',#2774,#2635,#3286,.T.);
#2080=EDGE_CURVE('',#2774,#2775,#212,.T.);
#2081=EDGE_CURVE('',#2775,#2643,#3287,.T.);
#2082=EDGE_CURVE('',#2776,#2642,#3288,.T.);
#2083=EDGE_CURVE('',#2776,#2777,#213,.T.);
#2084=EDGE_CURVE('',#2777,#2639,#3289,.T.);
#2085=EDGE_CURVE('',#2778,#2675,#3290,.T.);
#2086=EDGE_CURVE('',#2778,#2779,#3291,.T.);
#2087=EDGE_CURVE('',#2779,#2676,#3292,.T.);
#2088=EDGE_CURVE('',#2779,#2708,#3293,.T.);
#2089=EDGE_CURVE('',#2709,#2778,#3294,.T.);
#2090=EDGE_CURVE('',#2780,#2781,#3295,.T.);
#2091=EDGE_CURVE('',#2780,#2782,#3296,.T.);
#2092=EDGE_CURVE('',#2783,#2782,#3297,.T.);
#2093=EDGE_CURVE('',#2781,#2783,#3298,.T.);
#2094=EDGE_CURVE('',#2784,#2679,#3299,.T.);
#2095=EDGE_CURVE('',#2784,#2785,#3300,.T.);
#2096=EDGE_CURVE('',#2785,#2680,#3301,.T.);
#2097=EDGE_CURVE('',#2785,#2706,#3302,.T.);
#2098=EDGE_CURVE('',#2707,#2784,#3303,.T.);
#2099=EDGE_CURVE('',#2786,#2787,#3304,.T.);
#2100=EDGE_CURVE('',#2786,#2788,#3305,.T.);
#2101=EDGE_CURVE('',#2789,#2788,#3306,.T.);
#2102=EDGE_CURVE('',#2787,#2789,#3307,.T.);
#2103=EDGE_CURVE('',#2790,#2687,#3308,.T.);
#2104=EDGE_CURVE('',#2790,#2791,#3309,.T.);
#2105=EDGE_CURVE('',#2791,#2688,#3310,.T.);
#2106=EDGE_CURVE('',#2791,#2712,#3311,.T.);
#2107=EDGE_CURVE('',#2713,#2790,#3312,.T.);
#2108=EDGE_CURVE('',#2792,#2793,#3313,.T.);
#2109=EDGE_CURVE('',#2792,#2794,#3314,.T.);
#2110=EDGE_CURVE('',#2795,#2794,#3315,.T.);
#2111=EDGE_CURVE('',#2793,#2795,#3316,.T.);
#2112=EDGE_CURVE('',#2796,#2683,#3317,.T.);
#2113=EDGE_CURVE('',#2796,#2797,#3318,.T.);
#2114=EDGE_CURVE('',#2797,#2684,#3319,.T.);
#2115=EDGE_CURVE('',#2797,#2704,#3320,.T.);
#2116=EDGE_CURVE('',#2705,#2796,#3321,.T.);
#2117=EDGE_CURVE('',#2798,#2799,#3322,.T.);
#2118=EDGE_CURVE('',#2798,#2800,#3323,.T.);
#2119=EDGE_CURVE('',#2801,#2800,#3324,.T.);
#2120=EDGE_CURVE('',#2799,#2801,#3325,.T.);
#2121=EDGE_CURVE('',#2699,#2802,#3326,.T.);
#2122=EDGE_CURVE('',#2802,#2667,#3327,.T.);
#2123=EDGE_CURVE('',#2802,#2803,#3328,.T.);
#2124=EDGE_CURVE('',#2803,#2668,#3329,.T.);
#2125=EDGE_CURVE('',#2803,#2698,#3330,.T.);
#2126=EDGE_CURVE('',#2804,#2805,#3331,.T.);
#2127=EDGE_CURVE('',#2804,#2806,#3332,.T.);
#2128=EDGE_CURVE('',#2807,#2806,#3333,.T.);
#2129=EDGE_CURVE('',#2805,#2807,#3334,.T.);
#2130=EDGE_CURVE('',#2701,#2808,#3335,.T.);
#2131=EDGE_CURVE('',#2808,#2663,#3336,.T.);
#2132=EDGE_CURVE('',#2808,#2809,#3337,.T.);
#2133=EDGE_CURVE('',#2809,#2664,#3338,.T.);
#2134=EDGE_CURVE('',#2809,#2700,#3339,.T.);
#2135=EDGE_CURVE('',#2810,#2811,#3340,.T.);
#2136=EDGE_CURVE('',#2810,#2812,#3341,.T.);
#2137=EDGE_CURVE('',#2813,#2812,#3342,.T.);
#2138=EDGE_CURVE('',#2811,#2813,#3343,.T.);
#2139=EDGE_CURVE('',#2703,#2814,#3344,.T.);
#2140=EDGE_CURVE('',#2814,#2659,#3345,.T.);
#2141=EDGE_CURVE('',#2814,#2815,#3346,.T.);
#2142=EDGE_CURVE('',#2815,#2660,#3347,.T.);
#2143=EDGE_CURVE('',#2815,#2702,#3348,.T.);
#2144=EDGE_CURVE('',#2816,#2817,#3349,.T.);
#2145=EDGE_CURVE('',#2816,#2818,#3350,.T.);
#2146=EDGE_CURVE('',#2819,#2818,#3351,.T.);
#2147=EDGE_CURVE('',#2817,#2819,#3352,.T.);
#2148=EDGE_CURVE('',#2695,#2820,#3353,.T.);
#2149=EDGE_CURVE('',#2820,#2655,#3354,.T.);
#2150=EDGE_CURVE('',#2820,#2821,#3355,.T.);
#2151=EDGE_CURVE('',#2821,#2656,#3356,.T.);
#2152=EDGE_CURVE('',#2821,#2694,#3357,.T.);
#2153=EDGE_CURVE('',#2822,#2823,#3358,.T.);
#2154=EDGE_CURVE('',#2822,#2824,#3359,.T.);
#2155=EDGE_CURVE('',#2825,#2824,#3360,.T.);
#2156=EDGE_CURVE('',#2823,#2825,#3361,.T.);
#2157=EDGE_CURVE('',#2804,#2826,#3362,.T.);
#2158=EDGE_CURVE('',#2805,#2827,#3363,.T.);
#2159=EDGE_CURVE('',#2826,#2827,#3364,.T.);
#2160=EDGE_CURVE('',#2828,#2807,#3365,.T.);
#2161=EDGE_CURVE('',#2829,#2806,#3366,.T.);
#2162=EDGE_CURVE('',#2829,#2828,#3367,.T.);
#2163=EDGE_CURVE('',#2826,#2829,#3368,.T.);
#2164=EDGE_CURVE('',#2827,#2828,#3369,.T.);
#2165=EDGE_CURVE('',#2810,#2830,#3370,.T.);
#2166=EDGE_CURVE('',#2811,#2831,#3371,.T.);
#2167=EDGE_CURVE('',#2830,#2831,#3372,.T.);
#2168=EDGE_CURVE('',#2832,#2813,#3373,.T.);
#2169=EDGE_CURVE('',#2833,#2812,#3374,.T.);
#2170=EDGE_CURVE('',#2833,#2832,#3375,.T.);
#2171=EDGE_CURVE('',#2830,#2833,#3376,.T.);
#2172=EDGE_CURVE('',#2831,#2832,#3377,.T.);
#2173=EDGE_CURVE('',#2816,#2834,#3378,.T.);
#2174=EDGE_CURVE('',#2817,#2835,#3379,.T.);
#2175=EDGE_CURVE('',#2834,#2835,#3380,.T.);
#2176=EDGE_CURVE('',#2836,#2819,#3381,.T.);
#2177=EDGE_CURVE('',#2837,#2818,#3382,.T.);
#2178=EDGE_CURVE('',#2837,#2836,#3383,.T.);
#2179=EDGE_CURVE('',#2834,#2837,#3384,.T.);
#2180=EDGE_CURVE('',#2835,#2836,#3385,.T.);
#2181=EDGE_CURVE('',#2822,#2838,#3386,.T.);
#2182=EDGE_CURVE('',#2823,#2839,#3387,.T.);
#2183=EDGE_CURVE('',#2838,#2839,#3388,.T.);
#2184=EDGE_CURVE('',#2840,#2825,#3389,.T.);
#2185=EDGE_CURVE('',#2841,#2824,#3390,.T.);
#2186=EDGE_CURVE('',#2841,#2840,#3391,.T.);
#2187=EDGE_CURVE('',#2838,#2841,#3392,.T.);
#2188=EDGE_CURVE('',#2839,#2840,#3393,.T.);
#2189=EDGE_CURVE('',#2780,#2842,#3394,.T.);
#2190=EDGE_CURVE('',#2781,#2843,#3395,.T.);
#2191=EDGE_CURVE('',#2842,#2843,#3396,.T.);
#2192=EDGE_CURVE('',#2844,#2783,#3397,.T.);
#2193=EDGE_CURVE('',#2845,#2782,#3398,.T.);
#2194=EDGE_CURVE('',#2845,#2844,#3399,.T.);
#2195=EDGE_CURVE('',#2842,#2845,#3400,.T.);
#2196=EDGE_CURVE('',#2843,#2844,#3401,.T.);
#2197=EDGE_CURVE('',#2786,#2846,#3402,.T.);
#2198=EDGE_CURVE('',#2787,#2847,#3403,.T.);
#2199=EDGE_CURVE('',#2846,#2847,#3404,.T.);
#2200=EDGE_CURVE('',#2848,#2789,#3405,.T.);
#2201=EDGE_CURVE('',#2849,#2788,#3406,.T.);
#2202=EDGE_CURVE('',#2849,#2848,#3407,.T.);
#2203=EDGE_CURVE('',#2846,#2849,#3408,.T.);
#2204=EDGE_CURVE('',#2847,#2848,#3409,.T.);
#2205=EDGE_CURVE('',#2792,#2850,#3410,.T.);
#2206=EDGE_CURVE('',#2793,#2851,#3411,.T.);
#2207=EDGE_CURVE('',#2850,#2851,#3412,.T.);
#2208=EDGE_CURVE('',#2852,#2795,#3413,.T.);
#2209=EDGE_CURVE('',#2853,#2794,#3414,.T.);
#2210=EDGE_CURVE('',#2853,#2852,#3415,.T.);
#2211=EDGE_CURVE('',#2850,#2853,#3416,.T.);
#2212=EDGE_CURVE('',#2851,#2852,#3417,.T.);
#2213=EDGE_CURVE('',#2798,#2854,#3418,.T.);
#2214=EDGE_CURVE('',#2799,#2855,#3419,.T.);
#2215=EDGE_CURVE('',#2854,#2855,#3420,.T.);
#2216=EDGE_CURVE('',#2856,#2801,#3421,.T.);
#2217=EDGE_CURVE('',#2857,#2800,#3422,.T.);
#2218=EDGE_CURVE('',#2857,#2856,#3423,.T.);
#2219=EDGE_CURVE('',#2854,#2857,#3424,.T.);
#2220=EDGE_CURVE('',#2855,#2856,#3425,.T.);
#2221=EDGE_CURVE('',#2858,#2777,#3426,.T.);
#2222=EDGE_CURVE('',#2858,#2640,#3427,.T.);
#2223=EDGE_CURVE('',#2859,#2641,#3428,.T.);
#2224=EDGE_CURVE('',#2776,#2859,#3429,.T.);
#2225=EDGE_CURVE('',#2859,#2858,#214,.T.);
#2226=EDGE_CURVE('',#2860,#2775,#3430,.T.);
#2227=EDGE_CURVE('',#2860,#2644,#3431,.T.);
#2228=EDGE_CURVE('',#2861,#2860,#215,.T.);
#2229=EDGE_CURVE('',#2861,#2645,#3432,.T.);
#2230=EDGE_CURVE('',#2774,#2861,#3433,.T.);
#2231=EDGE_CURVE('',#2862,#2773,#3434,.T.);
#2232=EDGE_CURVE('',#2862,#2636,#3435,.T.);
#2233=EDGE_CURVE('',#2863,#2862,#216,.T.);
#2234=EDGE_CURVE('',#2863,#2637,#3436,.T.);
#2235=EDGE_CURVE('',#2772,#2863,#3437,.T.);
#2236=EDGE_CURVE('',#2864,#2865,#217,.T.);
#2237=EDGE_CURVE('',#2865,#2866,#18,.T.);
#2238=EDGE_CURVE('',#2866,#2864,#19,.T.);
#2239=EDGE_CURVE('',#2867,#2868,#218,.T.);
#2240=EDGE_CURVE('',#2867,#2869,#20,.T.);
#2241=EDGE_CURVE('',#2869,#2870,#219,.T.);
#2242=EDGE_CURVE('',#2870,#2868,#21,.T.);
#2243=EDGE_CURVE('',#2871,#2872,#220,.T.);
#2244=EDGE_CURVE('',#2871,#2873,#22,.T.);
#2245=EDGE_CURVE('',#2873,#2874,#221,.T.);
#2246=EDGE_CURVE('',#2874,#2872,#23,.T.);
#2247=EDGE_CURVE('',#2875,#2876,#222,.T.);
#2248=EDGE_CURVE('',#2875,#2877,#24,.T.);
#2249=EDGE_CURVE('',#2877,#2878,#223,.T.);
#2250=EDGE_CURVE('',#2878,#2876,#25,.T.);
#2251=EDGE_CURVE('',#2879,#2880,#224,.T.);
#2252=EDGE_CURVE('',#2879,#2881,#26,.T.);
#2253=EDGE_CURVE('',#2881,#2882,#225,.T.);
#2254=EDGE_CURVE('',#2882,#2880,#27,.T.);
#2255=EDGE_CURVE('',#2883,#2884,#226,.T.);
#2256=EDGE_CURVE('',#2883,#2885,#28,.T.);
#2257=EDGE_CURVE('',#2885,#2886,#227,.T.);
#2258=EDGE_CURVE('',#2886,#2884,#29,.T.);
#2259=EDGE_CURVE('',#2887,#2888,#228,.T.);
#2260=EDGE_CURVE('',#2887,#2889,#30,.T.);
#2261=EDGE_CURVE('',#2889,#2890,#229,.T.);
#2262=EDGE_CURVE('',#2890,#2888,#31,.T.);
#2263=EDGE_CURVE('',#2891,#2892,#230,.T.);
#2264=EDGE_CURVE('',#2891,#2893,#32,.T.);
#2265=EDGE_CURVE('',#2893,#2894,#231,.T.);
#2266=EDGE_CURVE('',#2894,#2892,#33,.T.);
#2267=EDGE_CURVE('',#2895,#2896,#232,.T.);
#2268=EDGE_CURVE('',#2895,#2897,#34,.T.);
#2269=EDGE_CURVE('',#2897,#2898,#233,.T.);
#2270=EDGE_CURVE('',#2898,#2896,#35,.T.);
#2271=EDGE_CURVE('',#2899,#2900,#234,.T.);
#2272=EDGE_CURVE('',#2899,#2901,#36,.T.);
#2273=EDGE_CURVE('',#2901,#2902,#235,.T.);
#2274=EDGE_CURVE('',#2902,#2900,#37,.T.);
#2275=EDGE_CURVE('',#2903,#2904,#236,.T.);
#2276=EDGE_CURVE('',#2903,#2905,#38,.T.);
#2277=EDGE_CURVE('',#2905,#2906,#237,.T.);
#2278=EDGE_CURVE('',#2906,#2904,#39,.T.);
#2279=EDGE_CURVE('',#2907,#2908,#238,.T.);
#2280=EDGE_CURVE('',#2908,#2909,#40,.T.);
#2281=EDGE_CURVE('',#2909,#2907,#41,.T.);
#2282=EDGE_CURVE('',#2910,#2911,#239,.T.);
#2283=EDGE_CURVE('',#2910,#2912,#42,.T.);
#2284=EDGE_CURVE('',#2912,#2913,#240,.T.);
#2285=EDGE_CURVE('',#2913,#2911,#43,.T.);
#2286=EDGE_CURVE('',#2914,#2915,#241,.T.);
#2287=EDGE_CURVE('',#2914,#2916,#44,.T.);
#2288=EDGE_CURVE('',#2916,#2917,#242,.T.);
#2289=EDGE_CURVE('',#2917,#2915,#45,.T.);
#2290=EDGE_CURVE('',#2918,#2919,#243,.T.);
#2291=EDGE_CURVE('',#2918,#2920,#46,.T.);
#2292=EDGE_CURVE('',#2920,#2921,#244,.T.);
#2293=EDGE_CURVE('',#2921,#2919,#47,.T.);
#2294=EDGE_CURVE('',#2922,#2923,#245,.T.);
#2295=EDGE_CURVE('',#2922,#2924,#48,.T.);
#2296=EDGE_CURVE('',#2924,#2925,#246,.T.);
#2297=EDGE_CURVE('',#2925,#2923,#49,.T.);
#2298=EDGE_CURVE('',#2926,#2927,#247,.T.);
#2299=EDGE_CURVE('',#2926,#2928,#50,.T.);
#2300=EDGE_CURVE('',#2928,#2929,#248,.T.);
#2301=EDGE_CURVE('',#2929,#2927,#51,.T.);
#2302=EDGE_CURVE('',#2930,#2931,#249,.T.);
#2303=EDGE_CURVE('',#2930,#2932,#52,.T.);
#2304=EDGE_CURVE('',#2932,#2933,#250,.T.);
#2305=EDGE_CURVE('',#2933,#2931,#53,.T.);
#2306=EDGE_CURVE('',#2934,#2935,#251,.T.);
#2307=EDGE_CURVE('',#2934,#2936,#54,.T.);
#2308=EDGE_CURVE('',#2936,#2937,#252,.T.);
#2309=EDGE_CURVE('',#2937,#2935,#55,.T.);
#2310=EDGE_CURVE('',#2938,#2939,#253,.T.);
#2311=EDGE_CURVE('',#2938,#2940,#56,.T.);
#2312=EDGE_CURVE('',#2940,#2941,#254,.T.);
#2313=EDGE_CURVE('',#2941,#2939,#57,.T.);
#2314=EDGE_CURVE('',#2942,#2943,#255,.T.);
#2315=EDGE_CURVE('',#2942,#2944,#58,.T.);
#2316=EDGE_CURVE('',#2944,#2945,#256,.T.);
#2317=EDGE_CURVE('',#2945,#2943,#59,.T.);
#2318=EDGE_CURVE('',#2946,#2947,#257,.T.);
#2319=EDGE_CURVE('',#2946,#2948,#60,.T.);
#2320=EDGE_CURVE('',#2948,#2949,#258,.T.);
#2321=EDGE_CURVE('',#2949,#2947,#61,.T.);
#2322=EDGE_CURVE('',#2950,#2951,#259,.F.);
#2323=EDGE_CURVE('',#2950,#2865,#3438,.T.);
#2324=EDGE_CURVE('',#2952,#2864,#3439,.T.);
#2325=EDGE_CURVE('',#2953,#2952,#260,.T.);
#2326=EDGE_CURVE('',#2953,#2954,#3440,.T.);
#2327=EDGE_CURVE('',#2955,#2954,#261,.F.);
#2328=EDGE_CURVE('',#2955,#2906,#3441,.T.);
#2329=EDGE_CURVE('',#2905,#2956,#3442,.T.);
#2330=EDGE_CURVE('',#2957,#2956,#262,.F.);
#2331=EDGE_CURVE('',#2957,#2902,#3443,.T.);
#2332=EDGE_CURVE('',#2901,#2958,#3444,.T.);
#2333=EDGE_CURVE('',#2959,#2958,#263,.F.);
#2334=EDGE_CURVE('',#2959,#2898,#3445,.T.);
#2335=EDGE_CURVE('',#2897,#2960,#3446,.T.);
#2336=EDGE_CURVE('',#2961,#2960,#264,.F.);
#2337=EDGE_CURVE('',#2961,#2894,#3447,.T.);
#2338=EDGE_CURVE('',#2893,#2962,#3448,.T.);
#2339=EDGE_CURVE('',#2963,#2962,#265,.F.);
#2340=EDGE_CURVE('',#2963,#2890,#3449,.T.);
#2341=EDGE_CURVE('',#2889,#2964,#3450,.T.);
#2342=EDGE_CURVE('',#2965,#2964,#266,.F.);
#2343=EDGE_CURVE('',#2965,#2886,#3451,.T.);
#2344=EDGE_CURVE('',#2885,#2966,#3452,.T.);
#2345=EDGE_CURVE('',#2967,#2966,#267,.F.);
#2346=EDGE_CURVE('',#2967,#2882,#3453,.T.);
#2347=EDGE_CURVE('',#2881,#2968,#3454,.T.);
#2348=EDGE_CURVE('',#2969,#2968,#268,.F.);
#2349=EDGE_CURVE('',#2969,#2878,#3455,.T.);
#2350=EDGE_CURVE('',#2877,#2970,#3456,.T.);
#2351=EDGE_CURVE('',#2971,#2970,#269,.F.);
#2352=EDGE_CURVE('',#2971,#2874,#3457,.T.);
#2353=EDGE_CURVE('',#2873,#2972,#3458,.T.);
#2354=EDGE_CURVE('',#2973,#2972,#270,.F.);
#2355=EDGE_CURVE('',#2973,#2870,#3459,.T.);
#2356=EDGE_CURVE('',#2869,#2951,#3460,.T.);
#2357=EDGE_CURVE('',#2952,#2974,#62,.T.);
#2358=EDGE_CURVE('',#2974,#2953,#63,.T.);
#2359=EDGE_CURVE('',#2975,#2976,#271,.F.);
#2360=EDGE_CURVE('',#2975,#2908,#3461,.T.);
#2361=EDGE_CURVE('',#2977,#2907,#3462,.T.);
#2362=EDGE_CURVE('',#2978,#2977,#272,.T.);
#2363=EDGE_CURVE('',#2978,#2979,#3463,.T.);
#2364=EDGE_CURVE('',#2980,#2979,#273,.F.);
#2365=EDGE_CURVE('',#2980,#2949,#3464,.T.);
#2366=EDGE_CURVE('',#2948,#2981,#3465,.T.);
#2367=EDGE_CURVE('',#2982,#2981,#274,.F.);
#2368=EDGE_CURVE('',#2982,#2945,#3466,.T.);
#2369=EDGE_CURVE('',#2944,#2983,#3467,.T.);
#2370=EDGE_CURVE('',#2984,#2983,#275,.F.);
#2371=EDGE_CURVE('',#2984,#2941,#3468,.T.);
#2372=EDGE_CURVE('',#2940,#2985,#3469,.T.);
#2373=EDGE_CURVE('',#2986,#2985,#276,.F.);
#2374=EDGE_CURVE('',#2986,#2937,#3470,.T.);
#2375=EDGE_CURVE('',#2936,#2987,#3471,.T.);
#2376=EDGE_CURVE('',#2988,#2987,#277,.F.);
#2377=EDGE_CURVE('',#2988,#2933,#3472,.T.);
#2378=EDGE_CURVE('',#2932,#2989,#3473,.T.);
#2379=EDGE_CURVE('',#2990,#2989,#278,.F.);
#2380=EDGE_CURVE('',#2990,#2929,#3474,.T.);
#2381=EDGE_CURVE('',#2928,#2991,#3475,.T.);
#2382=EDGE_CURVE('',#2992,#2991,#279,.F.);
#2383=EDGE_CURVE('',#2992,#2925,#3476,.T.);
#2384=EDGE_CURVE('',#2924,#2993,#3477,.T.);
#2385=EDGE_CURVE('',#2994,#2993,#280,.F.);
#2386=EDGE_CURVE('',#2994,#2921,#3478,.T.);
#2387=EDGE_CURVE('',#2920,#2995,#3479,.T.);
#2388=EDGE_CURVE('',#2996,#2995,#281,.F.);
#2389=EDGE_CURVE('',#2996,#2917,#3480,.T.);
#2390=EDGE_CURVE('',#2916,#2997,#3481,.T.);
#2391=EDGE_CURVE('',#2998,#2997,#282,.F.);
#2392=EDGE_CURVE('',#2998,#2913,#3482,.T.);
#2393=EDGE_CURVE('',#2912,#2976,#3483,.T.);
#2394=EDGE_CURVE('',#2977,#2999,#64,.T.);
#2395=EDGE_CURVE('',#2999,#2978,#65,.T.);
#2396=EDGE_CURVE('',#2947,#3000,#3484,.T.);
#2397=EDGE_CURVE('',#3001,#3000,#283,.T.);
#2398=EDGE_CURVE('',#3001,#2867,#3485,.F.);
#2399=EDGE_CURVE('',#2868,#3002,#3486,.T.);
#2400=EDGE_CURVE('',#3003,#3002,#284,.T.);
#2401=EDGE_CURVE('',#3003,#2871,#3487,.F.);
#2402=EDGE_CURVE('',#2872,#3004,#3488,.T.);
#2403=EDGE_CURVE('',#3005,#3004,#285,.T.);
#2404=EDGE_CURVE('',#3005,#2875,#3489,.F.);
#2405=EDGE_CURVE('',#2876,#3006,#3490,.T.);
#2406=EDGE_CURVE('',#3007,#3006,#286,.T.);
#2407=EDGE_CURVE('',#3007,#2879,#3491,.F.);
#2408=EDGE_CURVE('',#2880,#3008,#3492,.T.);
#2409=EDGE_CURVE('',#3009,#3008,#287,.T.);
#2410=EDGE_CURVE('',#3009,#2883,#3493,.F.);
#2411=EDGE_CURVE('',#2884,#3010,#3494,.T.);
#2412=EDGE_CURVE('',#3011,#3010,#288,.T.);
#2413=EDGE_CURVE('',#3011,#2887,#3495,.F.);
#2414=EDGE_CURVE('',#2888,#3012,#3496,.T.);
#2415=EDGE_CURVE('',#3013,#3012,#289,.T.);
#2416=EDGE_CURVE('',#3013,#2891,#3497,.F.);
#2417=EDGE_CURVE('',#2892,#3014,#3498,.T.);
#2418=EDGE_CURVE('',#3015,#3014,#290,.T.);
#2419=EDGE_CURVE('',#3015,#2895,#3499,.F.);
#2420=EDGE_CURVE('',#2896,#3016,#3500,.T.);
#2421=EDGE_CURVE('',#3017,#3016,#291,.T.);
#2422=EDGE_CURVE('',#3017,#2899,#3501,.F.);
#2423=EDGE_CURVE('',#2900,#3018,#3502,.T.);
#2424=EDGE_CURVE('',#3019,#3018,#292,.T.);
#2425=EDGE_CURVE('',#3019,#2903,#3503,.F.);
#2426=EDGE_CURVE('',#2904,#3020,#3504,.T.);
#2427=EDGE_CURVE('',#3021,#3020,#293,.T.);
#2428=EDGE_CURVE('',#3021,#3022,#3505,.F.);
#2429=EDGE_CURVE('',#3023,#3022,#294,.T.);
#2430=EDGE_CURVE('',#3023,#3024,#3506,.T.);
#2431=EDGE_CURVE('',#3025,#3024,#295,.T.);
#2432=EDGE_CURVE('',#3025,#3026,#3507,.F.);
#2433=EDGE_CURVE('',#3027,#3026,#296,.T.);
#2434=EDGE_CURVE('',#3027,#3028,#3508,.T.);
#2435=EDGE_CURVE('',#3029,#3028,#297,.T.);
#2436=EDGE_CURVE('',#3029,#2910,#3509,.F.);
#2437=EDGE_CURVE('',#2911,#3030,#3510,.T.);
#2438=EDGE_CURVE('',#3031,#3030,#298,.T.);
#2439=EDGE_CURVE('',#3031,#2914,#3511,.F.);
#2440=EDGE_CURVE('',#2915,#3032,#3512,.T.);
#2441=EDGE_CURVE('',#3033,#3032,#299,.T.);
#2442=EDGE_CURVE('',#3033,#2918,#3513,.F.);
#2443=EDGE_CURVE('',#2919,#3034,#3514,.T.);
#2444=EDGE_CURVE('',#3035,#3034,#300,.T.);
#2445=EDGE_CURVE('',#3035,#2922,#3515,.F.);
#2446=EDGE_CURVE('',#2923,#3036,#3516,.T.);
#2447=EDGE_CURVE('',#3037,#3036,#301,.T.);
#2448=EDGE_CURVE('',#3037,#2926,#3517,.F.);
#2449=EDGE_CURVE('',#2927,#3038,#3518,.T.);
#2450=EDGE_CURVE('',#3039,#3038,#302,.T.);
#2451=EDGE_CURVE('',#3039,#2930,#3519,.F.);
#2452=EDGE_CURVE('',#2931,#3040,#3520,.T.);
#2453=EDGE_CURVE('',#3041,#3040,#303,.T.);
#2454=EDGE_CURVE('',#3041,#2934,#3521,.F.);
#2455=EDGE_CURVE('',#2935,#3042,#3522,.T.);
#2456=EDGE_CURVE('',#3043,#3042,#304,.T.);
#2457=EDGE_CURVE('',#3043,#2938,#3523,.F.);
#2458=EDGE_CURVE('',#2939,#3044,#3524,.T.);
#2459=EDGE_CURVE('',#3045,#3044,#305,.T.);
#2460=EDGE_CURVE('',#3045,#2942,#3525,.F.);
#2461=EDGE_CURVE('',#2943,#3046,#3526,.T.);
#2462=EDGE_CURVE('',#3047,#3046,#306,.T.);
#2463=EDGE_CURVE('',#3047,#2946,#3527,.F.);
#2464=EDGE_CURVE('',#3048,#3048,#307,.T.);
#2465=EDGE_CURVE('',#2866,#3049,#3528,.T.);
#2466=EDGE_CURVE('',#3050,#3049,#3529,.T.);
#2467=EDGE_CURVE('',#3050,#3051,#3530,.T.);
#2468=EDGE_CURVE('',#3052,#3051,#3531,.T.);
#2469=EDGE_CURVE('',#3052,#2974,#3532,.T.);
#2470=EDGE_CURVE('',#2909,#3053,#3533,.T.);
#2471=EDGE_CURVE('',#3054,#3053,#3534,.T.);
#2472=EDGE_CURVE('',#3055,#3054,#3535,.T.);
#2473=EDGE_CURVE('',#3056,#3055,#3536,.T.);
#2474=EDGE_CURVE('',#3056,#2999,#3537,.T.);
#2475=EDGE_CURVE('',#3027,#3053,#3538,.T.);
#2476=EDGE_CURVE('',#3057,#3026,#3539,.T.);
#2477=EDGE_CURVE('',#3057,#3058,#308,.F.);
#2478=EDGE_CURVE('',#3023,#3058,#3540,.T.);
#2479=EDGE_CURVE('',#3052,#3022,#3541,.T.);
#2480=EDGE_CURVE('',#3054,#3051,#3542,.T.);
#2481=EDGE_CURVE('',#3059,#3000,#3543,.T.);
#2482=EDGE_CURVE('',#3059,#3060,#309,.T.);
#2483=EDGE_CURVE('',#3056,#3060,#3544,.T.);
#2484=EDGE_CURVE('',#3055,#3050,#3545,.T.);
#2485=EDGE_CURVE('',#3061,#3049,#3546,.T.);
#2486=EDGE_CURVE('',#3061,#3062,#310,.T.);
#2487=EDGE_CURVE('',#3001,#3062,#3547,.T.);
#2488=EDGE_CURVE('',#3025,#3063,#3548,.T.);
#2489=EDGE_CURVE('',#3057,#3063,#3549,.T.);
#2490=EDGE_CURVE('',#3064,#3063,#311,.T.);
#2491=EDGE_CURVE('',#3058,#3064,#3550,.T.);
#2492=EDGE_CURVE('',#3064,#3024,#3551,.T.);
#2493=EDGE_CURVE('',#3021,#3065,#3552,.T.);
#2494=EDGE_CURVE('',#2954,#3065,#3553,.T.);
#2495=EDGE_CURVE('',#3066,#3020,#3554,.T.);
#2496=EDGE_CURVE('',#3066,#3065,#312,.T.);
#2497=EDGE_CURVE('',#2955,#3066,#3555,.T.);
#2498=EDGE_CURVE('',#2975,#3067,#3556,.T.);
#2499=EDGE_CURVE('',#3067,#3028,#3557,.T.);
#2500=EDGE_CURVE('',#3067,#3068,#313,.T.);
#2501=EDGE_CURVE('',#3029,#3068,#3558,.T.);
#2502=EDGE_CURVE('',#2976,#3068,#3559,.T.);
#2503=EDGE_CURVE('',#2979,#3060,#3560,.T.);
#2504=EDGE_CURVE('',#2980,#3059,#3561,.T.);
#2505=EDGE_CURVE('',#2950,#3061,#3562,.T.);
#2506=EDGE_CURVE('',#2951,#3062,#3563,.T.);
#2507=EDGE_CURVE('',#3069,#3002,#3564,.T.);
#2508=EDGE_CURVE('',#3069,#3070,#314,.T.);
#2509=EDGE_CURVE('',#3003,#3070,#3565,.T.);
#2510=EDGE_CURVE('',#2972,#3070,#3566,.T.);
#2511=EDGE_CURVE('',#2973,#3069,#3567,.T.);
#2512=EDGE_CURVE('',#3071,#3004,#3568,.T.);
#2513=EDGE_CURVE('',#3071,#3072,#315,.T.);
#2514=EDGE_CURVE('',#3005,#3072,#3569,.T.);
#2515=EDGE_CURVE('',#2970,#3072,#3570,.T.);
#2516=EDGE_CURVE('',#2971,#3071,#3571,.T.);
#2517=EDGE_CURVE('',#3073,#3006,#3572,.T.);
#2518=EDGE_CURVE('',#3073,#3074,#316,.T.);
#2519=EDGE_CURVE('',#3007,#3074,#3573,.T.);
#2520=EDGE_CURVE('',#2968,#3074,#3574,.T.);
#2521=EDGE_CURVE('',#2969,#3073,#3575,.T.);
#2522=EDGE_CURVE('',#3075,#3008,#3576,.T.);
#2523=EDGE_CURVE('',#3075,#3076,#317,.T.);
#2524=EDGE_CURVE('',#3009,#3076,#3577,.T.);
#2525=EDGE_CURVE('',#2966,#3076,#3578,.T.);
#2526=EDGE_CURVE('',#2967,#3075,#3579,.T.);
#2527=EDGE_CURVE('',#3077,#3010,#3580,.T.);
#2528=EDGE_CURVE('',#3077,#3078,#318,.T.);
#2529=EDGE_CURVE('',#3011,#3078,#3581,.T.);
#2530=EDGE_CURVE('',#2964,#3078,#3582,.T.);
#2531=EDGE_CURVE('',#2965,#3077,#3583,.T.);
#2532=EDGE_CURVE('',#3079,#3012,#3584,.T.);
#2533=EDGE_CURVE('',#3079,#3080,#319,.T.);
#2534=EDGE_CURVE('',#3013,#3080,#3585,.T.);
#2535=EDGE_CURVE('',#2962,#3080,#3586,.T.);
#2536=EDGE_CURVE('',#2963,#3079,#3587,.T.);
#2537=EDGE_CURVE('',#3081,#3014,#3588,.T.);
#2538=EDGE_CURVE('',#3081,#3082,#320,.T.);
#2539=EDGE_CURVE('',#3015,#3082,#3589,.T.);
#2540=EDGE_CURVE('',#2960,#3082,#3590,.T.);
#2541=EDGE_CURVE('',#2961,#3081,#3591,.T.);
#2542=EDGE_CURVE('',#3083,#3016,#3592,.T.);
#2543=EDGE_CURVE('',#3083,#3084,#321,.T.);
#2544=EDGE_CURVE('',#3017,#3084,#3593,.T.);
#2545=EDGE_CURVE('',#2958,#3084,#3594,.T.);
#2546=EDGE_CURVE('',#2959,#3083,#3595,.T.);
#2547=EDGE_CURVE('',#3085,#3018,#3596,.T.);
#2548=EDGE_CURVE('',#3085,#3086,#322,.T.);
#2549=EDGE_CURVE('',#3019,#3086,#3597,.T.);
#2550=EDGE_CURVE('',#2956,#3086,#3598,.T.);
#2551=EDGE_CURVE('',#2957,#3085,#3599,.T.);
#2552=EDGE_CURVE('',#3087,#3030,#3600,.T.);
#2553=EDGE_CURVE('',#3087,#3088,#323,.T.);
#2554=EDGE_CURVE('',#3031,#3088,#3601,.T.);
#2555=EDGE_CURVE('',#2997,#3088,#3602,.T.);
#2556=EDGE_CURVE('',#2998,#3087,#3603,.T.);
#2557=EDGE_CURVE('',#3089,#3032,#3604,.T.);
#2558=EDGE_CURVE('',#3089,#3090,#324,.T.);
#2559=EDGE_CURVE('',#3033,#3090,#3605,.T.);
#2560=EDGE_CURVE('',#2995,#3090,#3606,.T.);
#2561=EDGE_CURVE('',#2996,#3089,#3607,.T.);
#2562=EDGE_CURVE('',#3091,#3034,#3608,.T.);
#2563=EDGE_CURVE('',#3091,#3092,#325,.T.);
#2564=EDGE_CURVE('',#3035,#3092,#3609,.T.);
#2565=EDGE_CURVE('',#2993,#3092,#3610,.T.);
#2566=EDGE_CURVE('',#2994,#3091,#3611,.T.);
#2567=EDGE_CURVE('',#3093,#3036,#3612,.T.);
#2568=EDGE_CURVE('',#3093,#3094,#326,.T.);
#2569=EDGE_CURVE('',#3037,#3094,#3613,.T.);
#2570=EDGE_CURVE('',#2991,#3094,#3614,.T.);
#2571=EDGE_CURVE('',#2992,#3093,#3615,.T.);
#2572=EDGE_CURVE('',#3095,#3038,#3616,.T.);
#2573=EDGE_CURVE('',#3095,#3096,#327,.T.);
#2574=EDGE_CURVE('',#3039,#3096,#3617,.T.);
#2575=EDGE_CURVE('',#2989,#3096,#3618,.T.);
#2576=EDGE_CURVE('',#2990,#3095,#3619,.T.);
#2577=EDGE_CURVE('',#3097,#3040,#3620,.T.);
#2578=EDGE_CURVE('',#3097,#3098,#328,.T.);
#2579=EDGE_CURVE('',#3041,#3098,#3621,.T.);
#2580=EDGE_CURVE('',#2987,#3098,#3622,.T.);
#2581=EDGE_CURVE('',#2988,#3097,#3623,.T.);
#2582=EDGE_CURVE('',#3099,#3042,#3624,.T.);
#2583=EDGE_CURVE('',#3099,#3100,#329,.T.);
#2584=EDGE_CURVE('',#3043,#3100,#3625,.T.);
#2585=EDGE_CURVE('',#2985,#3100,#3626,.T.);
#2586=EDGE_CURVE('',#2986,#3099,#3627,.T.);
#2587=EDGE_CURVE('',#3101,#3044,#3628,.T.);
#2588=EDGE_CURVE('',#3101,#3102,#330,.T.);
#2589=EDGE_CURVE('',#3045,#3102,#3629,.T.);
#2590=EDGE_CURVE('',#2983,#3102,#3630,.T.);
#2591=EDGE_CURVE('',#2984,#3101,#3631,.T.);
#2592=EDGE_CURVE('',#2981,#3103,#3632,.T.);
#2593=EDGE_CURVE('',#3104,#3103,#331,.T.);
#2594=EDGE_CURVE('',#2982,#3104,#3633,.T.);
#2595=EDGE_CURVE('',#3104,#3046,#3634,.T.);
#2596=EDGE_CURVE('',#3047,#3103,#3635,.T.);
#2597=VERTEX_POINT('',#7179);
#2598=VERTEX_POINT('',#7180);
#2599=VERTEX_POINT('',#7182);
#2600=VERTEX_POINT('',#7184);
#2601=VERTEX_POINT('',#7186);
#2602=VERTEX_POINT('',#7188);
#2603=VERTEX_POINT('',#7190);
#2604=VERTEX_POINT('',#7192);
#2605=VERTEX_POINT('',#7195);
#2606=VERTEX_POINT('',#7196);
#2607=VERTEX_POINT('',#7198);
#2608=VERTEX_POINT('',#7200);
#2609=VERTEX_POINT('',#7202);
#2610=VERTEX_POINT('',#7204);
#2611=VERTEX_POINT('',#7206);
#2612=VERTEX_POINT('',#7209);
#2613=VERTEX_POINT('',#7210);
#2614=VERTEX_POINT('',#7212);
#2615=VERTEX_POINT('',#7214);
#2616=VERTEX_POINT('',#7216);
#2617=VERTEX_POINT('',#7218);
#2618=VERTEX_POINT('',#7220);
#2619=VERTEX_POINT('',#7222);
#2620=VERTEX_POINT('',#7224);
#2621=VERTEX_POINT('',#7226);
#2622=VERTEX_POINT('',#7228);
#2623=VERTEX_POINT('',#7230);
#2624=VERTEX_POINT('',#7233);
#2625=VERTEX_POINT('',#7234);
#2626=VERTEX_POINT('',#7236);
#2627=VERTEX_POINT('',#7238);
#2628=VERTEX_POINT('',#7240);
#2629=VERTEX_POINT('',#7242);
#2630=VERTEX_POINT('',#7244);
#2631=VERTEX_POINT('',#7246);
#2632=VERTEX_POINT('',#7248);
#2633=VERTEX_POINT('',#7250);
#2634=VERTEX_POINT('',#7253);
#2635=VERTEX_POINT('',#7254);
#2636=VERTEX_POINT('',#7256);
#2637=VERTEX_POINT('',#7258);
#2638=VERTEX_POINT('',#7260);
#2639=VERTEX_POINT('',#7262);
#2640=VERTEX_POINT('',#7264);
#2641=VERTEX_POINT('',#7266);
#2642=VERTEX_POINT('',#7268);
#2643=VERTEX_POINT('',#7270);
#2644=VERTEX_POINT('',#7272);
#2645=VERTEX_POINT('',#7274);
#2646=VERTEX_POINT('',#7278);
#2647=VERTEX_POINT('',#7280);
#2648=VERTEX_POINT('',#7282);
#2649=VERTEX_POINT('',#7284);
#2650=VERTEX_POINT('',#7286);
#2651=VERTEX_POINT('',#7287);
#2652=VERTEX_POINT('',#7289);
#2653=VERTEX_POINT('',#7291);
#2654=VERTEX_POINT('',#7294);
#2655=VERTEX_POINT('',#7295);
#2656=VERTEX_POINT('',#7297);
#2657=VERTEX_POINT('',#7299);
#2658=VERTEX_POINT('',#7301);
#2659=VERTEX_POINT('',#7303);
#2660=VERTEX_POINT('',#7305);
#2661=VERTEX_POINT('',#7307);
#2662=VERTEX_POINT('',#7309);
#2663=VERTEX_POINT('',#7311);
#2664=VERTEX_POINT('',#7313);
#2665=VERTEX_POINT('',#7315);
#2666=VERTEX_POINT('',#7317);
#2667=VERTEX_POINT('',#7319);
#2668=VERTEX_POINT('',#7321);
#2669=VERTEX_POINT('',#7323);
#2670=VERTEX_POINT('',#7325);
#2671=VERTEX_POINT('',#7327);
#2672=VERTEX_POINT('',#7329);
#2673=VERTEX_POINT('',#7331);
#2674=VERTEX_POINT('',#7333);
#2675=VERTEX_POINT('',#7335);
#2676=VERTEX_POINT('',#7337);
#2677=VERTEX_POINT('',#7339);
#2678=VERTEX_POINT('',#7341);
#2679=VERTEX_POINT('',#7343);
#2680=VERTEX_POINT('',#7345);
#2681=VERTEX_POINT('',#7347);
#2682=VERTEX_POINT('',#7349);
#2683=VERTEX_POINT('',#7351);
#2684=VERTEX_POINT('',#7353);
#2685=VERTEX_POINT('',#7355);
#2686=VERTEX_POINT('',#7357);
#2687=VERTEX_POINT('',#7359);
#2688=VERTEX_POINT('',#7361);
#2689=VERTEX_POINT('',#7363);
#2690=VERTEX_POINT('',#7365);
#2691=VERTEX_POINT('',#7367);
#2692=VERTEX_POINT('',#7369);
#2693=VERTEX_POINT('',#7371);
#2694=VERTEX_POINT('',#7375);
#2695=VERTEX_POINT('',#7376);
#2696=VERTEX_POINT('',#7379);
#2697=VERTEX_POINT('',#7381);
#2698=VERTEX_POINT('',#7384);
#2699=VERTEX_POINT('',#7386);
#2700=VERTEX_POINT('',#7389);
#2701=VERTEX_POINT('',#7391);
#2702=VERTEX_POINT('',#7394);
#2703=VERTEX_POINT('',#7396);
#2704=VERTEX_POINT('',#7401);
#2705=VERTEX_POINT('',#7403);
#2706=VERTEX_POINT('',#7406);
#2707=VERTEX_POINT('',#7408);
#2708=VERTEX_POINT('',#7411);
#2709=VERTEX_POINT('',#7413);
#2710=VERTEX_POINT('',#7416);
#2711=VERTEX_POINT('',#7418);
#2712=VERTEX_POINT('',#7421);
#2713=VERTEX_POINT('',#7423);
#2714=VERTEX_POINT('',#7427);
#2715=VERTEX_POINT('',#7428);
#2716=VERTEX_POINT('',#7430);
#2717=VERTEX_POINT('',#7433);
#2718=VERTEX_POINT('',#7437);
#2719=VERTEX_POINT('',#7438);
#2720=VERTEX_POINT('',#7443);
#2721=VERTEX_POINT('',#7445);
#2722=VERTEX_POINT('',#7450);
#2723=VERTEX_POINT('',#7452);
#2724=VERTEX_POINT('',#7456);
#2725=VERTEX_POINT('',#7462);
#2726=VERTEX_POINT('',#7468);
#2727=VERTEX_POINT('',#7469);
#2728=VERTEX_POINT('',#7472);
#2729=VERTEX_POINT('',#7474);
#2730=VERTEX_POINT('',#7492);
#2731=VERTEX_POINT('',#7493);
#2732=VERTEX_POINT('',#7495);
#2733=VERTEX_POINT('',#7497);
#2734=VERTEX_POINT('',#7509);
#2735=VERTEX_POINT('',#7512);
#2736=VERTEX_POINT('',#7516);
#2737=VERTEX_POINT('',#7519);
#2738=VERTEX_POINT('',#7523);
#2739=VERTEX_POINT('',#7526);
#2740=VERTEX_POINT('',#7530);
#2741=VERTEX_POINT('',#7533);
#2742=VERTEX_POINT('',#7537);
#2743=VERTEX_POINT('',#7539);
#2744=VERTEX_POINT('',#7543);
#2745=VERTEX_POINT('',#7547);
#2746=VERTEX_POINT('',#7551);
#2747=VERTEX_POINT('',#7555);
#2748=VERTEX_POINT('',#7559);
#2749=VERTEX_POINT('',#7566);
#2750=VERTEX_POINT('',#7568);
#2751=VERTEX_POINT('',#7572);
#2752=VERTEX_POINT('',#7576);
#2753=VERTEX_POINT('',#7580);
#2754=VERTEX_POINT('',#7584);
#2755=VERTEX_POINT('',#7588);
#2756=VERTEX_POINT('',#7592);
#2757=VERTEX_POINT('',#7596);
#2758=VERTEX_POINT('',#7600);
#2759=VERTEX_POINT('',#7604);
#2760=VERTEX_POINT('',#7608);
#2761=VERTEX_POINT('',#7615);
#2762=VERTEX_POINT('',#7617);
#2763=VERTEX_POINT('',#7621);
#2764=VERTEX_POINT('',#7625);
#2765=VERTEX_POINT('',#7629);
#2766=VERTEX_POINT('',#7633);
#2767=VERTEX_POINT('',#7637);
#2768=VERTEX_POINT('',#7641);
#2769=VERTEX_POINT('',#7645);
#2770=VERTEX_POINT('',#7649);
#2771=VERTEX_POINT('',#7656);
#2772=VERTEX_POINT('',#7658);
#2773=VERTEX_POINT('',#7660);
#2774=VERTEX_POINT('',#7663);
#2775=VERTEX_POINT('',#7665);
#2776=VERTEX_POINT('',#7668);
#2777=VERTEX_POINT('',#7670);
#2778=VERTEX_POINT('',#7675);
#2779=VERTEX_POINT('',#7677);
#2780=VERTEX_POINT('',#7685);
#2781=VERTEX_POINT('',#7686);
#2782=VERTEX_POINT('',#7688);
#2783=VERTEX_POINT('',#7690);
#2784=VERTEX_POINT('',#7694);
#2785=VERTEX_POINT('',#7696);
#2786=VERTEX_POINT('',#7704);
#2787=VERTEX_POINT('',#7705);
#2788=VERTEX_POINT('',#7707);
#2789=VERTEX_POINT('',#7709);
#2790=VERTEX_POINT('',#7713);
#2791=VERTEX_POINT('',#7715);
#2792=VERTEX_POINT('',#7723);
#2793=VERTEX_POINT('',#7724);
#2794=VERTEX_POINT('',#7726);
#2795=VERTEX_POINT('',#7728);
#2796=VERTEX_POINT('',#7732);
#2797=VERTEX_POINT('',#7734);
#2798=VERTEX_POINT('',#7742);
#2799=VERTEX_POINT('',#7743);
#2800=VERTEX_POINT('',#7745);
#2801=VERTEX_POINT('',#7747);
#2802=VERTEX_POINT('',#7751);
#2803=VERTEX_POINT('',#7755);
#2804=VERTEX_POINT('',#7761);
#2805=VERTEX_POINT('',#7762);
#2806=VERTEX_POINT('',#7764);
#2807=VERTEX_POINT('',#7766);
#2808=VERTEX_POINT('',#7770);
#2809=VERTEX_POINT('',#7774);
#2810=VERTEX_POINT('',#7780);
#2811=VERTEX_POINT('',#7781);
#2812=VERTEX_POINT('',#7783);
#2813=VERTEX_POINT('',#7785);
#2814=VERTEX_POINT('',#7789);
#2815=VERTEX_POINT('',#7793);
#2816=VERTEX_POINT('',#7799);
#2817=VERTEX_POINT('',#7800);
#2818=VERTEX_POINT('',#7802);
#2819=VERTEX_POINT('',#7804);
#2820=VERTEX_POINT('',#7808);
#2821=VERTEX_POINT('',#7812);
#2822=VERTEX_POINT('',#7818);
#2823=VERTEX_POINT('',#7819);
#2824=VERTEX_POINT('',#7821);
#2825=VERTEX_POINT('',#7823);
#2826=VERTEX_POINT('',#7827);
#2827=VERTEX_POINT('',#7829);
#2828=VERTEX_POINT('',#7833);
#2829=VERTEX_POINT('',#7835);
#2830=VERTEX_POINT('',#7844);
#2831=VERTEX_POINT('',#7846);
#2832=VERTEX_POINT('',#7850);
#2833=VERTEX_POINT('',#7852);
#2834=VERTEX_POINT('',#7861);
#2835=VERTEX_POINT('',#7863);
#2836=VERTEX_POINT('',#7867);
#2837=VERTEX_POINT('',#7869);
#2838=VERTEX_POINT('',#7878);
#2839=VERTEX_POINT('',#7880);
#2840=VERTEX_POINT('',#7884);
#2841=VERTEX_POINT('',#7886);
#2842=VERTEX_POINT('',#7895);
#2843=VERTEX_POINT('',#7897);
#2844=VERTEX_POINT('',#7901);
#2845=VERTEX_POINT('',#7903);
#2846=VERTEX_POINT('',#7912);
#2847=VERTEX_POINT('',#7914);
#2848=VERTEX_POINT('',#7918);
#2849=VERTEX_POINT('',#7920);
#2850=VERTEX_POINT('',#7929);
#2851=VERTEX_POINT('',#7931);
#2852=VERTEX_POINT('',#7935);
#2853=VERTEX_POINT('',#7937);
#2854=VERTEX_POINT('',#7946);
#2855=VERTEX_POINT('',#7948);
#2856=VERTEX_POINT('',#7952);
#2857=VERTEX_POINT('',#7954);
#2858=VERTEX_POINT('',#7963);
#2859=VERTEX_POINT('',#7967);
#2860=VERTEX_POINT('',#7974);
#2861=VERTEX_POINT('',#7978);
#2862=VERTEX_POINT('',#7985);
#2863=VERTEX_POINT('',#7989);
#2864=VERTEX_POINT('',#7997);
#2865=VERTEX_POINT('',#7998);
#2866=VERTEX_POINT('',#8003);
#2867=VERTEX_POINT('',#8010);
#2868=VERTEX_POINT('',#8011);
#2869=VERTEX_POINT('',#8016);
#2870=VERTEX_POINT('',#8018);
#2871=VERTEX_POINT('',#8025);
#2872=VERTEX_POINT('',#8026);
#2873=VERTEX_POINT('',#8031);
#2874=VERTEX_POINT('',#8033);
#2875=VERTEX_POINT('',#8040);
#2876=VERTEX_POINT('',#8041);
#2877=VERTEX_POINT('',#8046);
#2878=VERTEX_POINT('',#8048);
#2879=VERTEX_POINT('',#8055);
#2880=VERTEX_POINT('',#8056);
#2881=VERTEX_POINT('',#8061);
#2882=VERTEX_POINT('',#8063);
#2883=VERTEX_POINT('',#8070);
#2884=VERTEX_POINT('',#8071);
#2885=VERTEX_POINT('',#8076);
#2886=VERTEX_POINT('',#8078);
#2887=VERTEX_POINT('',#8085);
#2888=VERTEX_POINT('',#8086);
#2889=VERTEX_POINT('',#8091);
#2890=VERTEX_POINT('',#8093);
#2891=VERTEX_POINT('',#8100);
#2892=VERTEX_POINT('',#8101);
#2893=VERTEX_POINT('',#8106);
#2894=VERTEX_POINT('',#8108);
#2895=VERTEX_POINT('',#8115);
#2896=VERTEX_POINT('',#8116);
#2897=VERTEX_POINT('',#8121);
#2898=VERTEX_POINT('',#8123);
#2899=VERTEX_POINT('',#8130);
#2900=VERTEX_POINT('',#8131);
#2901=VERTEX_POINT('',#8136);
#2902=VERTEX_POINT('',#8138);
#2903=VERTEX_POINT('',#8145);
#2904=VERTEX_POINT('',#8146);
#2905=VERTEX_POINT('',#8151);
#2906=VERTEX_POINT('',#8153);
#2907=VERTEX_POINT('',#8160);
#2908=VERTEX_POINT('',#8161);
#2909=VERTEX_POINT('',#8166);
#2910=VERTEX_POINT('',#8173);
#2911=VERTEX_POINT('',#8174);
#2912=VERTEX_POINT('',#8179);
#2913=VERTEX_POINT('',#8181);
#2914=VERTEX_POINT('',#8188);
#2915=VERTEX_POINT('',#8189);
#2916=VERTEX_POINT('',#8194);
#2917=VERTEX_POINT('',#8196);
#2918=VERTEX_POINT('',#8203);
#2919=VERTEX_POINT('',#8204);
#2920=VERTEX_POINT('',#8209);
#2921=VERTEX_POINT('',#8211);
#2922=VERTEX_POINT('',#8218);
#2923=VERTEX_POINT('',#8219);
#2924=VERTEX_POINT('',#8224);
#2925=VERTEX_POINT('',#8226);
#2926=VERTEX_POINT('',#8233);
#2927=VERTEX_POINT('',#8234);
#2928=VERTEX_POINT('',#8239);
#2929=VERTEX_POINT('',#8241);
#2930=VERTEX_POINT('',#8248);
#2931=VERTEX_POINT('',#8249);
#2932=VERTEX_POINT('',#8254);
#2933=VERTEX_POINT('',#8256);
#2934=VERTEX_POINT('',#8263);
#2935=VERTEX_POINT('',#8264);
#2936=VERTEX_POINT('',#8269);
#2937=VERTEX_POINT('',#8271);
#2938=VERTEX_POINT('',#8278);
#2939=VERTEX_POINT('',#8279);
#2940=VERTEX_POINT('',#8284);
#2941=VERTEX_POINT('',#8286);
#2942=VERTEX_POINT('',#8293);
#2943=VERTEX_POINT('',#8294);
#2944=VERTEX_POINT('',#8299);
#2945=VERTEX_POINT('',#8301);
#2946=VERTEX_POINT('',#8308);
#2947=VERTEX_POINT('',#8309);
#2948=VERTEX_POINT('',#8314);
#2949=VERTEX_POINT('',#8316);
#2950=VERTEX_POINT('',#8323);
#2951=VERTEX_POINT('',#8324);
#2952=VERTEX_POINT('',#8327);
#2953=VERTEX_POINT('',#8329);
#2954=VERTEX_POINT('',#8331);
#2955=VERTEX_POINT('',#8333);
#2956=VERTEX_POINT('',#8336);
#2957=VERTEX_POINT('',#8338);
#2958=VERTEX_POINT('',#8341);
#2959=VERTEX_POINT('',#8343);
#2960=VERTEX_POINT('',#8346);
#2961=VERTEX_POINT('',#8348);
#2962=VERTEX_POINT('',#8351);
#2963=VERTEX_POINT('',#8353);
#2964=VERTEX_POINT('',#8356);
#2965=VERTEX_POINT('',#8358);
#2966=VERTEX_POINT('',#8361);
#2967=VERTEX_POINT('',#8363);
#2968=VERTEX_POINT('',#8366);
#2969=VERTEX_POINT('',#8368);
#2970=VERTEX_POINT('',#8371);
#2971=VERTEX_POINT('',#8373);
#2972=VERTEX_POINT('',#8376);
#2973=VERTEX_POINT('',#8378);
#2974=VERTEX_POINT('',#8386);
#2975=VERTEX_POINT('',#8393);
#2976=VERTEX_POINT('',#8394);
#2977=VERTEX_POINT('',#8397);
#2978=VERTEX_POINT('',#8399);
#2979=VERTEX_POINT('',#8401);
#2980=VERTEX_POINT('',#8403);
#2981=VERTEX_POINT('',#8406);
#2982=VERTEX_POINT('',#8408);
#2983=VERTEX_POINT('',#8411);
#2984=VERTEX_POINT('',#8413);
#2985=VERTEX_POINT('',#8416);
#2986=VERTEX_POINT('',#8418);
#2987=VERTEX_POINT('',#8421);
#2988=VERTEX_POINT('',#8423);
#2989=VERTEX_POINT('',#8426);
#2990=VERTEX_POINT('',#8428);
#2991=VERTEX_POINT('',#8431);
#2992=VERTEX_POINT('',#8433);
#2993=VERTEX_POINT('',#8436);
#2994=VERTEX_POINT('',#8438);
#2995=VERTEX_POINT('',#8441);
#2996=VERTEX_POINT('',#8443);
#2997=VERTEX_POINT('',#8446);
#2998=VERTEX_POINT('',#8448);
#2999=VERTEX_POINT('',#8456);
#3000=VERTEX_POINT('',#8463);
#3001=VERTEX_POINT('',#8465);
#3002=VERTEX_POINT('',#8468);
#3003=VERTEX_POINT('',#8470);
#3004=VERTEX_POINT('',#8473);
#3005=VERTEX_POINT('',#8475);
#3006=VERTEX_POINT('',#8478);
#3007=VERTEX_POINT('',#8480);
#3008=VERTEX_POINT('',#8483);
#3009=VERTEX_POINT('',#8485);
#3010=VERTEX_POINT('',#8488);
#3011=VERTEX_POINT('',#8490);
#3012=VERTEX_POINT('',#8493);
#3013=VERTEX_POINT('',#8495);
#3014=VERTEX_POINT('',#8498);
#3015=VERTEX_POINT('',#8500);
#3016=VERTEX_POINT('',#8503);
#3017=VERTEX_POINT('',#8505);
#3018=VERTEX_POINT('',#8508);
#3019=VERTEX_POINT('',#8510);
#3020=VERTEX_POINT('',#8513);
#3021=VERTEX_POINT('',#8515);
#3022=VERTEX_POINT('',#8517);
#3023=VERTEX_POINT('',#8519);
#3024=VERTEX_POINT('',#8521);
#3025=VERTEX_POINT('',#8523);
#3026=VERTEX_POINT('',#8525);
#3027=VERTEX_POINT('',#8527);
#3028=VERTEX_POINT('',#8529);
#3029=VERTEX_POINT('',#8531);
#3030=VERTEX_POINT('',#8534);
#3031=VERTEX_POINT('',#8536);
#3032=VERTEX_POINT('',#8539);
#3033=VERTEX_POINT('',#8541);
#3034=VERTEX_POINT('',#8544);
#3035=VERTEX_POINT('',#8546);
#3036=VERTEX_POINT('',#8549);
#3037=VERTEX_POINT('',#8551);
#3038=VERTEX_POINT('',#8554);
#3039=VERTEX_POINT('',#8556);
#3040=VERTEX_POINT('',#8559);
#3041=VERTEX_POINT('',#8561);
#3042=VERTEX_POINT('',#8564);
#3043=VERTEX_POINT('',#8566);
#3044=VERTEX_POINT('',#8569);
#3045=VERTEX_POINT('',#8571);
#3046=VERTEX_POINT('',#8574);
#3047=VERTEX_POINT('',#8576);
#3048=VERTEX_POINT('',#8579);
#3049=VERTEX_POINT('',#8583);
#3050=VERTEX_POINT('',#8585);
#3051=VERTEX_POINT('',#8587);
#3052=VERTEX_POINT('',#8589);
#3053=VERTEX_POINT('',#8593);
#3054=VERTEX_POINT('',#8595);
#3055=VERTEX_POINT('',#8597);
#3056=VERTEX_POINT('',#8599);
#3057=VERTEX_POINT('',#8604);
#3058=VERTEX_POINT('',#8606);
#3059=VERTEX_POINT('',#8612);
#3060=VERTEX_POINT('',#8614);
#3061=VERTEX_POINT('',#8618);
#3062=VERTEX_POINT('',#8620);
#3063=VERTEX_POINT('',#8625);
#3064=VERTEX_POINT('',#8629);
#3065=VERTEX_POINT('',#8636);
#3066=VERTEX_POINT('',#8640);
#3067=VERTEX_POINT('',#8647);
#3068=VERTEX_POINT('',#8651);
#3069=VERTEX_POINT('',#8668);
#3070=VERTEX_POINT('',#8670);
#3071=VERTEX_POINT('',#8679);
#3072=VERTEX_POINT('',#8681);
#3073=VERTEX_POINT('',#8690);
#3074=VERTEX_POINT('',#8692);
#3075=VERTEX_POINT('',#8701);
#3076=VERTEX_POINT('',#8703);
#3077=VERTEX_POINT('',#8712);
#3078=VERTEX_POINT('',#8714);
#3079=VERTEX_POINT('',#8723);
#3080=VERTEX_POINT('',#8725);
#3081=VERTEX_POINT('',#8734);
#3082=VERTEX_POINT('',#8736);
#3083=VERTEX_POINT('',#8745);
#3084=VERTEX_POINT('',#8747);
#3085=VERTEX_POINT('',#8756);
#3086=VERTEX_POINT('',#8758);
#3087=VERTEX_POINT('',#8767);
#3088=VERTEX_POINT('',#8769);
#3089=VERTEX_POINT('',#8778);
#3090=VERTEX_POINT('',#8780);
#3091=VERTEX_POINT('',#8789);
#3092=VERTEX_POINT('',#8791);
#3093=VERTEX_POINT('',#8800);
#3094=VERTEX_POINT('',#8802);
#3095=VERTEX_POINT('',#8811);
#3096=VERTEX_POINT('',#8813);
#3097=VERTEX_POINT('',#8822);
#3098=VERTEX_POINT('',#8824);
#3099=VERTEX_POINT('',#8833);
#3100=VERTEX_POINT('',#8835);
#3101=VERTEX_POINT('',#8844);
#3102=VERTEX_POINT('',#8846);
#3103=VERTEX_POINT('',#8855);
#3104=VERTEX_POINT('',#8857);
#3105=LINE('',#7178,#3636);
#3106=LINE('',#7181,#3637);
#3107=LINE('',#7183,#3638);
#3108=LINE('',#7187,#3639);
#3109=LINE('',#7191,#3640);
#3110=LINE('',#7194,#3641);
#3111=LINE('',#7197,#3642);
#3112=LINE('',#7199,#3643);
#3113=LINE('',#7201,#3644);
#3114=LINE('',#7203,#3645);
#3115=LINE('',#7205,#3646);
#3116=LINE('',#7207,#3647);
#3117=LINE('',#7208,#3648);
#3118=LINE('',#7211,#3649);
#3119=LINE('',#7213,#3650);
#3120=LINE('',#7221,#3651);
#3121=LINE('',#7223,#3652);
#3122=LINE('',#7231,#3653);
#3123=LINE('',#7235,#3654);
#3124=LINE('',#7237,#3655);
#3125=LINE('',#7241,#3656);
#3126=LINE('',#7243,#3657);
#3127=LINE('',#7247,#3658);
#3128=LINE('',#7249,#3659);
#3129=LINE('',#7255,#3660);
#3130=LINE('',#7259,#3661);
#3131=LINE('',#7263,#3662);
#3132=LINE('',#7267,#3663);
#3133=LINE('',#7271,#3664);
#3134=LINE('',#7275,#3665);
#3135=LINE('',#7285,#3666);
#3136=LINE('',#7288,#3667);
#3137=LINE('',#7290,#3668);
#3138=LINE('',#7292,#3669);
#3139=LINE('',#7293,#3670);
#3140=LINE('',#7296,#3671);
#3141=LINE('',#7298,#3672);
#3142=LINE('',#7300,#3673);
#3143=LINE('',#7302,#3674);
#3144=LINE('',#7304,#3675);
#3145=LINE('',#7306,#3676);
#3146=LINE('',#7308,#3677);
#3147=LINE('',#7310,#3678);
#3148=LINE('',#7312,#3679);
#3149=LINE('',#7314,#3680);
#3150=LINE('',#7316,#3681);
#3151=LINE('',#7318,#3682);
#3152=LINE('',#7320,#3683);
#3153=LINE('',#7322,#3684);
#3154=LINE('',#7324,#3685);
#3155=LINE('',#7328,#3686);
#3156=LINE('',#7332,#3687);
#3157=LINE('',#7334,#3688);
#3158=LINE('',#7336,#3689);
#3159=LINE('',#7338,#3690);
#3160=LINE('',#7340,#3691);
#3161=LINE('',#7342,#3692);
#3162=LINE('',#7344,#3693);
#3163=LINE('',#7346,#3694);
#3164=LINE('',#7348,#3695);
#3165=LINE('',#7350,#3696);
#3166=LINE('',#7352,#3697);
#3167=LINE('',#7354,#3698);
#3168=LINE('',#7356,#3699);
#3169=LINE('',#7358,#3700);
#3170=LINE('',#7360,#3701);
#3171=LINE('',#7362,#3702);
#3172=LINE('',#7364,#3703);
#3173=LINE('',#7368,#3704);
#3174=LINE('',#7372,#3705);
#3175=LINE('',#7374,#3706);
#3176=LINE('',#7377,#3707);
#3177=LINE('',#7378,#3708);
#3178=LINE('',#7380,#3709);
#3179=LINE('',#7382,#3710);
#3180=LINE('',#7383,#3711);
#3181=LINE('',#7385,#3712);
#3182=LINE('',#7387,#3713);
#3183=LINE('',#7388,#3714);
#3184=LINE('',#7390,#3715);
#3185=LINE('',#7392,#3716);
#3186=LINE('',#7393,#3717);
#3187=LINE('',#7395,#3718);
#3188=LINE('',#7397,#3719);
#3189=LINE('',#7398,#3720);
#3190=LINE('',#7400,#3721);
#3191=LINE('',#7402,#3722);
#3192=LINE('',#7404,#3723);
#3193=LINE('',#7405,#3724);
#3194=LINE('',#7407,#3725);
#3195=LINE('',#7409,#3726);
#3196=LINE('',#7410,#3727);
#3197=LINE('',#7412,#3728);
#3198=LINE('',#7414,#3729);
#3199=LINE('',#7415,#3730);
#3200=LINE('',#7417,#3731);
#3201=LINE('',#7419,#3732);
#3202=LINE('',#7420,#3733);
#3203=LINE('',#7422,#3734);
#3204=LINE('',#7424,#3735);
#3205=LINE('',#7426,#3736);
#3206=LINE('',#7429,#3737);
#3207=LINE('',#7431,#3738);
#3208=LINE('',#7432,#3739);
#3209=LINE('',#7434,#3740);
#3210=LINE('',#7436,#3741);
#3211=LINE('',#7442,#3742);
#3212=LINE('',#7444,#3743);
#3213=LINE('',#7446,#3744);
#3214=LINE('',#7447,#3745);
#3215=LINE('',#7449,#3746);
#3216=LINE('',#7453,#3747);
#3217=LINE('',#7455,#3748);
#3218=LINE('',#7457,#3749);
#3219=LINE('',#7463,#3750);
#3220=LINE('',#7465,#3751);
#3221=LINE('',#7467,#3752);
#3222=LINE('',#7473,#3753);
#3223=LINE('',#7478,#3754);
#3224=LINE('',#7480,#3755);
#3225=LINE('',#7482,#3756);
#3226=LINE('',#7485,#3757);
#3227=LINE('',#7488,#3758);
#3228=LINE('',#7491,#3759);
#3229=LINE('',#7494,#3760);
#3230=LINE('',#7496,#3761);
#3231=LINE('',#7498,#3762);
#3232=LINE('',#7500,#3763);
#3233=LINE('',#7501,#3764);
#3234=LINE('',#7503,#3765);
#3235=LINE('',#7504,#3766);
#3236=LINE('',#7536,#3767);
#3237=LINE('',#7538,#3768);
#3238=LINE('',#7540,#3769);
#3239=LINE('',#7542,#3770);
#3240=LINE('',#7544,#3771);
#3241=LINE('',#7546,#3772);
#3242=LINE('',#7548,#3773);
#3243=LINE('',#7550,#3774);
#3244=LINE('',#7552,#3775);
#3245=LINE('',#7554,#3776);
#3246=LINE('',#7556,#3777);
#3247=LINE('',#7558,#3778);
#3248=LINE('',#7560,#3779);
#3249=LINE('',#7562,#3780);
#3250=LINE('',#7565,#3781);
#3251=LINE('',#7567,#3782);
#3252=LINE('',#7569,#3783);
#3253=LINE('',#7571,#3784);
#3254=LINE('',#7573,#3785);
#3255=LINE('',#7575,#3786);
#3256=LINE('',#7577,#3787);
#3257=LINE('',#7579,#3788);
#3258=LINE('',#7583,#3789);
#3259=LINE('',#7587,#3790);
#3260=LINE('',#7591,#3791);
#3261=LINE('',#7593,#3792);
#3262=LINE('',#7595,#3793);
#3263=LINE('',#7597,#3794);
#3264=LINE('',#7599,#3795);
#3265=LINE('',#7603,#3796);
#3266=LINE('',#7607,#3797);
#3267=LINE('',#7611,#3798);
#3268=LINE('',#7614,#3799);
#3269=LINE('',#7616,#3800);
#3270=LINE('',#7618,#3801);
#3271=LINE('',#7620,#3802);
#3272=LINE('',#7624,#3803);
#3273=LINE('',#7628,#3804);
#3274=LINE('',#7630,#3805);
#3275=LINE('',#7632,#3806);
#3276=LINE('',#7634,#3807);
#3277=LINE('',#7636,#3808);
#3278=LINE('',#7640,#3809);
#3279=LINE('',#7642,#3810);
#3280=LINE('',#7644,#3811);
#3281=LINE('',#7646,#3812);
#3282=LINE('',#7648,#3813);
#3283=LINE('',#7652,#3814);
#3284=LINE('',#7657,#3815);
#3285=LINE('',#7661,#3816);
#3286=LINE('',#7662,#3817);
#3287=LINE('',#7666,#3818);
#3288=LINE('',#7667,#3819);
#3289=LINE('',#7671,#3820);
#3290=LINE('',#7674,#3821);
#3291=LINE('',#7676,#3822);
#3292=LINE('',#7678,#3823);
#3293=LINE('',#7680,#3824);
#3294=LINE('',#7682,#3825);
#3295=LINE('',#7684,#3826);
#3296=LINE('',#7687,#3827);
#3297=LINE('',#7689,#3828);
#3298=LINE('',#7691,#3829);
#3299=LINE('',#7693,#3830);
#3300=LINE('',#7695,#3831);
#3301=LINE('',#7697,#3832);
#3302=LINE('',#7699,#3833);
#3303=LINE('',#7701,#3834);
#3304=LINE('',#7703,#3835);
#3305=LINE('',#7706,#3836);
#3306=LINE('',#7708,#3837);
#3307=LINE('',#7710,#3838);
#3308=LINE('',#7712,#3839);
#3309=LINE('',#7714,#3840);
#3310=LINE('',#7716,#3841);
#3311=LINE('',#7718,#3842);
#3312=LINE('',#7720,#3843);
#3313=LINE('',#7722,#3844);
#3314=LINE('',#7725,#3845);
#3315=LINE('',#7727,#3846);
#3316=LINE('',#7729,#3847);
#3317=LINE('',#7731,#3848);
#3318=LINE('',#7733,#3849);
#3319=LINE('',#7735,#3850);
#3320=LINE('',#7737,#3851);
#3321=LINE('',#7739,#3852);
#3322=LINE('',#7741,#3853);
#3323=LINE('',#7744,#3854);
#3324=LINE('',#7746,#3855);
#3325=LINE('',#7748,#3856);
#3326=LINE('',#7750,#3857);
#3327=LINE('',#7752,#3858);
#3328=LINE('',#7754,#3859);
#3329=LINE('',#7756,#3860);
#3330=LINE('',#7758,#3861);
#3331=LINE('',#7760,#3862);
#3332=LINE('',#7763,#3863);
#3333=LINE('',#7765,#3864);
#3334=LINE('',#7767,#3865);
#3335=LINE('',#7769,#3866);
#3336=LINE('',#7771,#3867);
#3337=LINE('',#7773,#3868);
#3338=LINE('',#7775,#3869);
#3339=LINE('',#7777,#3870);
#3340=LINE('',#7779,#3871);
#3341=LINE('',#7782,#3872);
#3342=LINE('',#7784,#3873);
#3343=LINE('',#7786,#3874);
#3344=LINE('',#7788,#3875);
#3345=LINE('',#7790,#3876);
#3346=LINE('',#7792,#3877);
#3347=LINE('',#7794,#3878);
#3348=LINE('',#7796,#3879);
#3349=LINE('',#7798,#3880);
#3350=LINE('',#7801,#3881);
#3351=LINE('',#7803,#3882);
#3352=LINE('',#7805,#3883);
#3353=LINE('',#7807,#3884);
#3354=LINE('',#7809,#3885);
#3355=LINE('',#7811,#3886);
#3356=LINE('',#7813,#3887);
#3357=LINE('',#7815,#3888);
#3358=LINE('',#7817,#3889);
#3359=LINE('',#7820,#3890);
#3360=LINE('',#7822,#3891);
#3361=LINE('',#7824,#3892);
#3362=LINE('',#7826,#3893);
#3363=LINE('',#7828,#3894);
#3364=LINE('',#7830,#3895);
#3365=LINE('',#7832,#3896);
#3366=LINE('',#7834,#3897);
#3367=LINE('',#7836,#3898);
#3368=LINE('',#7838,#3899);
#3369=LINE('',#7840,#3900);
#3370=LINE('',#7843,#3901);
#3371=LINE('',#7845,#3902);
#3372=LINE('',#7847,#3903);
#3373=LINE('',#7849,#3904);
#3374=LINE('',#7851,#3905);
#3375=LINE('',#7853,#3906);
#3376=LINE('',#7855,#3907);
#3377=LINE('',#7857,#3908);
#3378=LINE('',#7860,#3909);
#3379=LINE('',#7862,#3910);
#3380=LINE('',#7864,#3911);
#3381=LINE('',#7866,#3912);
#3382=LINE('',#7868,#3913);
#3383=LINE('',#7870,#3914);
#3384=LINE('',#7872,#3915);
#3385=LINE('',#7874,#3916);
#3386=LINE('',#7877,#3917);
#3387=LINE('',#7879,#3918);
#3388=LINE('',#7881,#3919);
#3389=LINE('',#7883,#3920);
#3390=LINE('',#7885,#3921);
#3391=LINE('',#7887,#3922);
#3392=LINE('',#7889,#3923);
#3393=LINE('',#7891,#3924);
#3394=LINE('',#7894,#3925);
#3395=LINE('',#7896,#3926);
#3396=LINE('',#7898,#3927);
#3397=LINE('',#7900,#3928);
#3398=LINE('',#7902,#3929);
#3399=LINE('',#7904,#3930);
#3400=LINE('',#7906,#3931);
#3401=LINE('',#7908,#3932);
#3402=LINE('',#7911,#3933);
#3403=LINE('',#7913,#3934);
#3404=LINE('',#7915,#3935);
#3405=LINE('',#7917,#3936);
#3406=LINE('',#7919,#3937);
#3407=LINE('',#7921,#3938);
#3408=LINE('',#7923,#3939);
#3409=LINE('',#7925,#3940);
#3410=LINE('',#7928,#3941);
#3411=LINE('',#7930,#3942);
#3412=LINE('',#7932,#3943);
#3413=LINE('',#7934,#3944);
#3414=LINE('',#7936,#3945);
#3415=LINE('',#7938,#3946);
#3416=LINE('',#7940,#3947);
#3417=LINE('',#7942,#3948);
#3418=LINE('',#7945,#3949);
#3419=LINE('',#7947,#3950);
#3420=LINE('',#7949,#3951);
#3421=LINE('',#7951,#3952);
#3422=LINE('',#7953,#3953);
#3423=LINE('',#7955,#3954);
#3424=LINE('',#7957,#3955);
#3425=LINE('',#7959,#3956);
#3426=LINE('',#7962,#3957);
#3427=LINE('',#7964,#3958);
#3428=LINE('',#7966,#3959);
#3429=LINE('',#7968,#3960);
#3430=LINE('',#7973,#3961);
#3431=LINE('',#7975,#3962);
#3432=LINE('',#7979,#3963);
#3433=LINE('',#7981,#3964);
#3434=LINE('',#7984,#3965);
#3435=LINE('',#7986,#3966);
#3436=LINE('',#7990,#3967);
#3437=LINE('',#7992,#3968);
#3438=LINE('',#8325,#3969);
#3439=LINE('',#8326,#3970);
#3440=LINE('',#8330,#3971);
#3441=LINE('',#8334,#3972);
#3442=LINE('',#8335,#3973);
#3443=LINE('',#8339,#3974);
#3444=LINE('',#8340,#3975);
#3445=LINE('',#8344,#3976);
#3446=LINE('',#8345,#3977);
#3447=LINE('',#8349,#3978);
#3448=LINE('',#8350,#3979);
#3449=LINE('',#8354,#3980);
#3450=LINE('',#8355,#3981);
#3451=LINE('',#8359,#3982);
#3452=LINE('',#8360,#3983);
#3453=LINE('',#8364,#3984);
#3454=LINE('',#8365,#3985);
#3455=LINE('',#8369,#3986);
#3456=LINE('',#8370,#3987);
#3457=LINE('',#8374,#3988);
#3458=LINE('',#8375,#3989);
#3459=LINE('',#8379,#3990);
#3460=LINE('',#8380,#3991);
#3461=LINE('',#8395,#3992);
#3462=LINE('',#8396,#3993);
#3463=LINE('',#8400,#3994);
#3464=LINE('',#8404,#3995);
#3465=LINE('',#8405,#3996);
#3466=LINE('',#8409,#3997);
#3467=LINE('',#8410,#3998);
#3468=LINE('',#8414,#3999);
#3469=LINE('',#8415,#4000);
#3470=LINE('',#8419,#4001);
#3471=LINE('',#8420,#4002);
#3472=LINE('',#8424,#4003);
#3473=LINE('',#8425,#4004);
#3474=LINE('',#8429,#4005);
#3475=LINE('',#8430,#4006);
#3476=LINE('',#8434,#4007);
#3477=LINE('',#8435,#4008);
#3478=LINE('',#8439,#4009);
#3479=LINE('',#8440,#4010);
#3480=LINE('',#8444,#4011);
#3481=LINE('',#8445,#4012);
#3482=LINE('',#8449,#4013);
#3483=LINE('',#8450,#4014);
#3484=LINE('',#8462,#4015);
#3485=LINE('',#8466,#4016);
#3486=LINE('',#8467,#4017);
#3487=LINE('',#8471,#4018);
#3488=LINE('',#8472,#4019);
#3489=LINE('',#8476,#4020);
#3490=LINE('',#8477,#4021);
#3491=LINE('',#8481,#4022);
#3492=LINE('',#8482,#4023);
#3493=LINE('',#8486,#4024);
#3494=LINE('',#8487,#4025);
#3495=LINE('',#8491,#4026);
#3496=LINE('',#8492,#4027);
#3497=LINE('',#8496,#4028);
#3498=LINE('',#8497,#4029);
#3499=LINE('',#8501,#4030);
#3500=LINE('',#8502,#4031);
#3501=LINE('',#8506,#4032);
#3502=LINE('',#8507,#4033);
#3503=LINE('',#8511,#4034);
#3504=LINE('',#8512,#4035);
#3505=LINE('',#8516,#4036);
#3506=LINE('',#8520,#4037);
#3507=LINE('',#8524,#4038);
#3508=LINE('',#8528,#4039);
#3509=LINE('',#8532,#4040);
#3510=LINE('',#8533,#4041);
#3511=LINE('',#8537,#4042);
#3512=LINE('',#8538,#4043);
#3513=LINE('',#8542,#4044);
#3514=LINE('',#8543,#4045);
#3515=LINE('',#8547,#4046);
#3516=LINE('',#8548,#4047);
#3517=LINE('',#8552,#4048);
#3518=LINE('',#8553,#4049);
#3519=LINE('',#8557,#4050);
#3520=LINE('',#8558,#4051);
#3521=LINE('',#8562,#4052);
#3522=LINE('',#8563,#4053);
#3523=LINE('',#8567,#4054);
#3524=LINE('',#8568,#4055);
#3525=LINE('',#8572,#4056);
#3526=LINE('',#8573,#4057);
#3527=LINE('',#8577,#4058);
#3528=LINE('',#8582,#4059);
#3529=LINE('',#8584,#4060);
#3530=LINE('',#8586,#4061);
#3531=LINE('',#8588,#4062);
#3532=LINE('',#8590,#4063);
#3533=LINE('',#8592,#4064);
#3534=LINE('',#8594,#4065);
#3535=LINE('',#8596,#4066);
#3536=LINE('',#8598,#4067);
#3537=LINE('',#8600,#4068);
#3538=LINE('',#8602,#4069);
#3539=LINE('',#8603,#4070);
#3540=LINE('',#8607,#4071);
#3541=LINE('',#8608,#4072);
#3542=LINE('',#8609,#4073);
#3543=LINE('',#8611,#4074);
#3544=LINE('',#8615,#4075);
#3545=LINE('',#8616,#4076);
#3546=LINE('',#8617,#4077);
#3547=LINE('',#8621,#4078);
#3548=LINE('',#8624,#4079);
#3549=LINE('',#8626,#4080);
#3550=LINE('',#8630,#4081);
#3551=LINE('',#8632,#4082);
#3552=LINE('',#8635,#4083);
#3553=LINE('',#8637,#4084);
#3554=LINE('',#8639,#4085);
#3555=LINE('',#8643,#4086);
#3556=LINE('',#8646,#4087);
#3557=LINE('',#8648,#4088);
#3558=LINE('',#8652,#4089);
#3559=LINE('',#8654,#4090);
#3560=LINE('',#8657,#4091);
#3561=LINE('',#8659,#4092);
#3562=LINE('',#8662,#4093);
#3563=LINE('',#8664,#4094);
#3564=LINE('',#8667,#4095);
#3565=LINE('',#8671,#4096);
#3566=LINE('',#8673,#4097);
#3567=LINE('',#8675,#4098);
#3568=LINE('',#8678,#4099);
#3569=LINE('',#8682,#4100);
#3570=LINE('',#8684,#4101);
#3571=LINE('',#8686,#4102);
#3572=LINE('',#8689,#4103);
#3573=LINE('',#8693,#4104);
#3574=LINE('',#8695,#4105);
#3575=LINE('',#8697,#4106);
#3576=LINE('',#8700,#4107);
#3577=LINE('',#8704,#4108);
#3578=LINE('',#8706,#4109);
#3579=LINE('',#8708,#4110);
#3580=LINE('',#8711,#4111);
#3581=LINE('',#8715,#4112);
#3582=LINE('',#8717,#4113);
#3583=LINE('',#8719,#4114);
#3584=LINE('',#8722,#4115);
#3585=LINE('',#8726,#4116);
#3586=LINE('',#8728,#4117);
#3587=LINE('',#8730,#4118);
#3588=LINE('',#8733,#4119);
#3589=LINE('',#8737,#4120);
#3590=LINE('',#8739,#4121);
#3591=LINE('',#8741,#4122);
#3592=LINE('',#8744,#4123);
#3593=LINE('',#8748,#4124);
#3594=LINE('',#8750,#4125);
#3595=LINE('',#8752,#4126);
#3596=LINE('',#8755,#4127);
#3597=LINE('',#8759,#4128);
#3598=LINE('',#8761,#4129);
#3599=LINE('',#8763,#4130);
#3600=LINE('',#8766,#4131);
#3601=LINE('',#8770,#4132);
#3602=LINE('',#8772,#4133);
#3603=LINE('',#8774,#4134);
#3604=LINE('',#8777,#4135);
#3605=LINE('',#8781,#4136);
#3606=LINE('',#8783,#4137);
#3607=LINE('',#8785,#4138);
#3608=LINE('',#8788,#4139);
#3609=LINE('',#8792,#4140);
#3610=LINE('',#8794,#4141);
#3611=LINE('',#8796,#4142);
#3612=LINE('',#8799,#4143);
#3613=LINE('',#8803,#4144);
#3614=LINE('',#8805,#4145);
#3615=LINE('',#8807,#4146);
#3616=LINE('',#8810,#4147);
#3617=LINE('',#8814,#4148);
#3618=LINE('',#8816,#4149);
#3619=LINE('',#8818,#4150);
#3620=LINE('',#8821,#4151);
#3621=LINE('',#8825,#4152);
#3622=LINE('',#8827,#4153);
#3623=LINE('',#8829,#4154);
#3624=LINE('',#8832,#4155);
#3625=LINE('',#8836,#4156);
#3626=LINE('',#8838,#4157);
#3627=LINE('',#8840,#4158);
#3628=LINE('',#8843,#4159);
#3629=LINE('',#8847,#4160);
#3630=LINE('',#8849,#4161);
#3631=LINE('',#8851,#4162);
#3632=LINE('',#8854,#4163);
#3633=LINE('',#8858,#4164);
#3634=LINE('',#8860,#4165);
#3635=LINE('',#8862,#4166);
#3636=VECTOR('',#5733,1000.);
#3637=VECTOR('',#5734,1000.);
#3638=VECTOR('',#5735,1000.);
#3639=VECTOR('',#5738,1000.);
#3640=VECTOR('',#5741,1000.);
#3641=VECTOR('',#5744,1000.);
#3642=VECTOR('',#5745,1000.);
#3643=VECTOR('',#5746,1000.);
#3644=VECTOR('',#5747,1000.);
#3645=VECTOR('',#5748,1000.);
#3646=VECTOR('',#5749,1000.);
#3647=VECTOR('',#5750,1000.);
#3648=VECTOR('',#5751,1000.);
#3649=VECTOR('',#5752,1000.);
#3650=VECTOR('',#5753,1000.);
#3651=VECTOR('',#5760,1000.);
#3652=VECTOR('',#5761,1000.);
#3653=VECTOR('',#5768,1000.);
#3654=VECTOR('',#5771,1000.);
#3655=VECTOR('',#5772,1000.);
#3656=VECTOR('',#5775,1000.);
#3657=VECTOR('',#5776,1000.);
#3658=VECTOR('',#5779,1000.);
#3659=VECTOR('',#5780,1000.);
#3660=VECTOR('',#5785,1000.);
#3661=VECTOR('',#5788,1000.);
#3662=VECTOR('',#5791,1000.);
#3663=VECTOR('',#5794,1000.);
#3664=VECTOR('',#5797,1000.);
#3665=VECTOR('',#5800,1000.);
#3666=VECTOR('',#5811,1000.);
#3667=VECTOR('',#5812,1000.);
#3668=VECTOR('',#5813,1000.);
#3669=VECTOR('',#5814,1000.);
#3670=VECTOR('',#5815,1000.);
#3671=VECTOR('',#5816,1000.);
#3672=VECTOR('',#5817,1000.);
#3673=VECTOR('',#5818,1000.);
#3674=VECTOR('',#5819,1000.);
#3675=VECTOR('',#5820,1000.);
#3676=VECTOR('',#5821,1000.);
#3677=VECTOR('',#5822,1000.);
#3678=VECTOR('',#5823,1000.);
#3679=VECTOR('',#5824,1000.);
#3680=VECTOR('',#5825,1000.);
#3681=VECTOR('',#5826,1000.);
#3682=VECTOR('',#5827,1000.);
#3683=VECTOR('',#5828,1000.);
#3684=VECTOR('',#5829,1000.);
#3685=VECTOR('',#5830,1000.);
#3686=VECTOR('',#5833,1000.);
#3687=VECTOR('',#5836,1000.);
#3688=VECTOR('',#5837,1000.);
#3689=VECTOR('',#5838,1000.);
#3690=VECTOR('',#5839,1000.);
#3691=VECTOR('',#5840,1000.);
#3692=VECTOR('',#5841,1000.);
#3693=VECTOR('',#5842,1000.);
#3694=VECTOR('',#5843,1000.);
#3695=VECTOR('',#5844,1000.);
#3696=VECTOR('',#5845,1000.);
#3697=VECTOR('',#5846,1000.);
#3698=VECTOR('',#5847,1000.);
#3699=VECTOR('',#5848,1000.);
#3700=VECTOR('',#5849,1000.);
#3701=VECTOR('',#5850,1000.);
#3702=VECTOR('',#5851,1000.);
#3703=VECTOR('',#5852,1000.);
#3704=VECTOR('',#5855,1000.);
#3705=VECTOR('',#5858,1000.);
#3706=VECTOR('',#5861,1000.);
#3707=VECTOR('',#5862,1000.);
#3708=VECTOR('',#5863,1000.);
#3709=VECTOR('',#5864,1000.);
#3710=VECTOR('',#5865,1000.);
#3711=VECTOR('',#5866,1000.);
#3712=VECTOR('',#5867,1000.);
#3713=VECTOR('',#5868,1000.);
#3714=VECTOR('',#5869,1000.);
#3715=VECTOR('',#5870,1000.);
#3716=VECTOR('',#5871,1000.);
#3717=VECTOR('',#5872,1000.);
#3718=VECTOR('',#5873,1000.);
#3719=VECTOR('',#5874,1000.);
#3720=VECTOR('',#5875,1000.);
#3721=VECTOR('',#5878,1000.);
#3722=VECTOR('',#5879,1000.);
#3723=VECTOR('',#5880,1000.);
#3724=VECTOR('',#5881,1000.);
#3725=VECTOR('',#5882,1000.);
#3726=VECTOR('',#5883,1000.);
#3727=VECTOR('',#5884,1000.);
#3728=VECTOR('',#5885,1000.);
#3729=VECTOR('',#5886,1000.);
#3730=VECTOR('',#5887,1000.);
#3731=VECTOR('',#5888,1000.);
#3732=VECTOR('',#5889,1000.);
#3733=VECTOR('',#5890,1000.);
#3734=VECTOR('',#5891,1000.);
#3735=VECTOR('',#5892,1000.);
#3736=VECTOR('',#5895,1000.);
#3737=VECTOR('',#5896,1000.);
#3738=VECTOR('',#5897,1000.);
#3739=VECTOR('',#5898,1000.);
#3740=VECTOR('',#5899,1000.);
#3741=VECTOR('',#5902,1000.);
#3742=VECTOR('',#5909,1000.);
#3743=VECTOR('',#5910,1000.);
#3744=VECTOR('',#5911,1000.);
#3745=VECTOR('',#5912,1000.);
#3746=VECTOR('',#5915,1000.);
#3747=VECTOR('',#5918,1000.);
#3748=VECTOR('',#5921,1000.);
#3749=VECTOR('',#5922,1000.);
#3750=VECTOR('',#5931,1000.);
#3751=VECTOR('',#5934,1000.);
#3752=VECTOR('',#5937,1000.);
#3753=VECTOR('',#5942,1000.);
#3754=VECTOR('',#5949,1000.);
#3755=VECTOR('',#5952,1000.);
#3756=VECTOR('',#5955,1000.);
#3757=VECTOR('',#5960,1000.);
#3758=VECTOR('',#5965,1000.);
#3759=VECTOR('',#5970,1000.);
#3760=VECTOR('',#5971,1000.);
#3761=VECTOR('',#5972,1000.);
#3762=VECTOR('',#5973,1000.);
#3763=VECTOR('',#5976,1000.);
#3764=VECTOR('',#5977,1000.);
#3765=VECTOR('',#5980,1000.);
#3766=VECTOR('',#5981,1000.);
#3767=VECTOR('',#6028,1000.);
#3768=VECTOR('',#6029,1000.);
#3769=VECTOR('',#6030,1000.);
#3770=VECTOR('',#6033,1000.);
#3771=VECTOR('',#6034,1000.);
#3772=VECTOR('',#6037,1000.);
#3773=VECTOR('',#6038,1000.);
#3774=VECTOR('',#6041,1000.);
#3775=VECTOR('',#6042,1000.);
#3776=VECTOR('',#6045,1000.);
#3777=VECTOR('',#6046,1000.);
#3778=VECTOR('',#6049,1000.);
#3779=VECTOR('',#6050,1000.);
#3780=VECTOR('',#6053,1000.);
#3781=VECTOR('',#6058,1000.);
#3782=VECTOR('',#6059,1000.);
#3783=VECTOR('',#6060,1000.);
#3784=VECTOR('',#6063,1000.);
#3785=VECTOR('',#6064,1000.);
#3786=VECTOR('',#6067,1000.);
#3787=VECTOR('',#6068,1000.);
#3788=VECTOR('',#6071,1000.);
#3789=VECTOR('',#6076,1000.);
#3790=VECTOR('',#6081,1000.);
#3791=VECTOR('',#6086,1000.);
#3792=VECTOR('',#6087,1000.);
#3793=VECTOR('',#6090,1000.);
#3794=VECTOR('',#6091,1000.);
#3795=VECTOR('',#6094,1000.);
#3796=VECTOR('',#6099,1000.);
#3797=VECTOR('',#6104,1000.);
#3798=VECTOR('',#6109,1000.);
#3799=VECTOR('',#6114,1000.);
#3800=VECTOR('',#6115,1000.);
#3801=VECTOR('',#6116,1000.);
#3802=VECTOR('',#6119,1000.);
#3803=VECTOR('',#6124,1000.);
#3804=VECTOR('',#6129,1000.);
#3805=VECTOR('',#6130,1000.);
#3806=VECTOR('',#6133,1000.);
#3807=VECTOR('',#6134,1000.);
#3808=VECTOR('',#6137,1000.);
#3809=VECTOR('',#6142,1000.);
#3810=VECTOR('',#6143,1000.);
#3811=VECTOR('',#6146,1000.);
#3812=VECTOR('',#6147,1000.);
#3813=VECTOR('',#6150,1000.);
#3814=VECTOR('',#6155,1000.);
#3815=VECTOR('',#6162,1000.);
#3816=VECTOR('',#6165,1000.);
#3817=VECTOR('',#6166,1000.);
#3818=VECTOR('',#6169,1000.);
#3819=VECTOR('',#6170,1000.);
#3820=VECTOR('',#6173,1000.);
#3821=VECTOR('',#6178,1000.);
#3822=VECTOR('',#6179,1000.);
#3823=VECTOR('',#6180,1000.);
#3824=VECTOR('',#6183,1000.);
#3825=VECTOR('',#6186,1000.);
#3826=VECTOR('',#6189,1000.);
#3827=VECTOR('',#6190,1000.);
#3828=VECTOR('',#6191,1000.);
#3829=VECTOR('',#6192,1000.);
#3830=VECTOR('',#6195,1000.);
#3831=VECTOR('',#6196,1000.);
#3832=VECTOR('',#6197,1000.);
#3833=VECTOR('',#6200,1000.);
#3834=VECTOR('',#6203,1000.);
#3835=VECTOR('',#6206,1000.);
#3836=VECTOR('',#6207,1000.);
#3837=VECTOR('',#6208,1000.);
#3838=VECTOR('',#6209,1000.);
#3839=VECTOR('',#6212,1000.);
#3840=VECTOR('',#6213,1000.);
#3841=VECTOR('',#6214,1000.);
#3842=VECTOR('',#6217,1000.);
#3843=VECTOR('',#6220,1000.);
#3844=VECTOR('',#6223,1000.);
#3845=VECTOR('',#6224,1000.);
#3846=VECTOR('',#6225,1000.);
#3847=VECTOR('',#6226,1000.);
#3848=VECTOR('',#6229,1000.);
#3849=VECTOR('',#6230,1000.);
#3850=VECTOR('',#6231,1000.);
#3851=VECTOR('',#6234,1000.);
#3852=VECTOR('',#6237,1000.);
#3853=VECTOR('',#6240,1000.);
#3854=VECTOR('',#6241,1000.);
#3855=VECTOR('',#6242,1000.);
#3856=VECTOR('',#6243,1000.);
#3857=VECTOR('',#6246,1000.);
#3858=VECTOR('',#6247,1000.);
#3859=VECTOR('',#6250,1000.);
#3860=VECTOR('',#6251,1000.);
#3861=VECTOR('',#6254,1000.);
#3862=VECTOR('',#6257,1000.);
#3863=VECTOR('',#6258,1000.);
#3864=VECTOR('',#6259,1000.);
#3865=VECTOR('',#6260,1000.);
#3866=VECTOR('',#6263,1000.);
#3867=VECTOR('',#6264,1000.);
#3868=VECTOR('',#6267,1000.);
#3869=VECTOR('',#6268,1000.);
#3870=VECTOR('',#6271,1000.);
#3871=VECTOR('',#6274,1000.);
#3872=VECTOR('',#6275,1000.);
#3873=VECTOR('',#6276,1000.);
#3874=VECTOR('',#6277,1000.);
#3875=VECTOR('',#6280,1000.);
#3876=VECTOR('',#6281,1000.);
#3877=VECTOR('',#6284,1000.);
#3878=VECTOR('',#6285,1000.);
#3879=VECTOR('',#6288,1000.);
#3880=VECTOR('',#6291,1000.);
#3881=VECTOR('',#6292,1000.);
#3882=VECTOR('',#6293,1000.);
#3883=VECTOR('',#6294,1000.);
#3884=VECTOR('',#6297,1000.);
#3885=VECTOR('',#6298,1000.);
#3886=VECTOR('',#6301,1000.);
#3887=VECTOR('',#6302,1000.);
#3888=VECTOR('',#6305,1000.);
#3889=VECTOR('',#6308,1000.);
#3890=VECTOR('',#6309,1000.);
#3891=VECTOR('',#6310,1000.);
#3892=VECTOR('',#6311,1000.);
#3893=VECTOR('',#6314,1000.);
#3894=VECTOR('',#6315,1000.);
#3895=VECTOR('',#6316,1000.);
#3896=VECTOR('',#6319,1000.);
#3897=VECTOR('',#6320,1000.);
#3898=VECTOR('',#6321,1000.);
#3899=VECTOR('',#6324,1000.);
#3900=VECTOR('',#6327,1000.);
#3901=VECTOR('',#6332,1000.);
#3902=VECTOR('',#6333,1000.);
#3903=VECTOR('',#6334,1000.);
#3904=VECTOR('',#6337,1000.);
#3905=VECTOR('',#6338,1000.);
#3906=VECTOR('',#6339,1000.);
#3907=VECTOR('',#6342,1000.);
#3908=VECTOR('',#6345,1000.);
#3909=VECTOR('',#6350,1000.);
#3910=VECTOR('',#6351,1000.);
#3911=VECTOR('',#6352,1000.);
#3912=VECTOR('',#6355,1000.);
#3913=VECTOR('',#6356,1000.);
#3914=VECTOR('',#6357,1000.);
#3915=VECTOR('',#6360,1000.);
#3916=VECTOR('',#6363,1000.);
#3917=VECTOR('',#6368,1000.);
#3918=VECTOR('',#6369,1000.);
#3919=VECTOR('',#6370,1000.);
#3920=VECTOR('',#6373,1000.);
#3921=VECTOR('',#6374,1000.);
#3922=VECTOR('',#6375,1000.);
#3923=VECTOR('',#6378,1000.);
#3924=VECTOR('',#6381,1000.);
#3925=VECTOR('',#6386,1000.);
#3926=VECTOR('',#6387,1000.);
#3927=VECTOR('',#6388,1000.);
#3928=VECTOR('',#6391,1000.);
#3929=VECTOR('',#6392,1000.);
#3930=VECTOR('',#6393,1000.);
#3931=VECTOR('',#6396,1000.);
#3932=VECTOR('',#6399,1000.);
#3933=VECTOR('',#6404,1000.);
#3934=VECTOR('',#6405,1000.);
#3935=VECTOR('',#6406,1000.);
#3936=VECTOR('',#6409,1000.);
#3937=VECTOR('',#6410,1000.);
#3938=VECTOR('',#6411,1000.);
#3939=VECTOR('',#6414,1000.);
#3940=VECTOR('',#6417,1000.);
#3941=VECTOR('',#6422,1000.);
#3942=VECTOR('',#6423,1000.);
#3943=VECTOR('',#6424,1000.);
#3944=VECTOR('',#6427,1000.);
#3945=VECTOR('',#6428,1000.);
#3946=VECTOR('',#6429,1000.);
#3947=VECTOR('',#6432,1000.);
#3948=VECTOR('',#6435,1000.);
#3949=VECTOR('',#6440,1000.);
#3950=VECTOR('',#6441,1000.);
#3951=VECTOR('',#6442,1000.);
#3952=VECTOR('',#6445,1000.);
#3953=VECTOR('',#6446,1000.);
#3954=VECTOR('',#6447,1000.);
#3955=VECTOR('',#6450,1000.);
#3956=VECTOR('',#6453,1000.);
#3957=VECTOR('',#6458,1000.);
#3958=VECTOR('',#6459,1000.);
#3959=VECTOR('',#6462,1000.);
#3960=VECTOR('',#6463,1000.);
#3961=VECTOR('',#6472,1000.);
#3962=VECTOR('',#6473,1000.);
#3963=VECTOR('',#6478,1000.);
#3964=VECTOR('',#6481,1000.);
#3965=VECTOR('',#6486,1000.);
#3966=VECTOR('',#6487,1000.);
#3967=VECTOR('',#6492,1000.);
#3968=VECTOR('',#6495,1000.);
#3969=VECTOR('',#6632,1000.);
#3970=VECTOR('',#6633,1000.);
#3971=VECTOR('',#6636,1000.);
#3972=VECTOR('',#6639,1000.);
#3973=VECTOR('',#6640,1000.);
#3974=VECTOR('',#6643,1000.);
#3975=VECTOR('',#6644,1000.);
#3976=VECTOR('',#6647,1000.);
#3977=VECTOR('',#6648,1000.);
#3978=VECTOR('',#6651,1000.);
#3979=VECTOR('',#6652,1000.);
#3980=VECTOR('',#6655,1000.);
#3981=VECTOR('',#6656,1000.);
#3982=VECTOR('',#6659,1000.);
#3983=VECTOR('',#6660,1000.);
#3984=VECTOR('',#6663,1000.);
#3985=VECTOR('',#6664,1000.);
#3986=VECTOR('',#6667,1000.);
#3987=VECTOR('',#6668,1000.);
#3988=VECTOR('',#6671,1000.);
#3989=VECTOR('',#6672,1000.);
#3990=VECTOR('',#6675,1000.);
#3991=VECTOR('',#6676,1000.);
#3992=VECTOR('',#6683,1000.);
#3993=VECTOR('',#6684,1000.);
#3994=VECTOR('',#6687,1000.);
#3995=VECTOR('',#6690,1000.);
#3996=VECTOR('',#6691,1000.);
#3997=VECTOR('',#6694,1000.);
#3998=VECTOR('',#6695,1000.);
#3999=VECTOR('',#6698,1000.);
#4000=VECTOR('',#6699,1000.);
#4001=VECTOR('',#6702,1000.);
#4002=VECTOR('',#6703,1000.);
#4003=VECTOR('',#6706,1000.);
#4004=VECTOR('',#6707,1000.);
#4005=VECTOR('',#6710,1000.);
#4006=VECTOR('',#6711,1000.);
#4007=VECTOR('',#6714,1000.);
#4008=VECTOR('',#6715,1000.);
#4009=VECTOR('',#6718,1000.);
#4010=VECTOR('',#6719,1000.);
#4011=VECTOR('',#6722,1000.);
#4012=VECTOR('',#6723,1000.);
#4013=VECTOR('',#6726,1000.);
#4014=VECTOR('',#6727,1000.);
#4015=VECTOR('',#6732,1000.);
#4016=VECTOR('',#6735,1000.);
#4017=VECTOR('',#6736,1000.);
#4018=VECTOR('',#6739,1000.);
#4019=VECTOR('',#6740,1000.);
#4020=VECTOR('',#6743,1000.);
#4021=VECTOR('',#6744,1000.);
#4022=VECTOR('',#6747,1000.);
#4023=VECTOR('',#6748,1000.);
#4024=VECTOR('',#6751,1000.);
#4025=VECTOR('',#6752,1000.);
#4026=VECTOR('',#6755,1000.);
#4027=VECTOR('',#6756,1000.);
#4028=VECTOR('',#6759,1000.);
#4029=VECTOR('',#6760,1000.);
#4030=VECTOR('',#6763,1000.);
#4031=VECTOR('',#6764,1000.);
#4032=VECTOR('',#6767,1000.);
#4033=VECTOR('',#6768,1000.);
#4034=VECTOR('',#6771,1000.);
#4035=VECTOR('',#6772,1000.);
#4036=VECTOR('',#6775,1000.);
#4037=VECTOR('',#6778,1000.);
#4038=VECTOR('',#6781,1000.);
#4039=VECTOR('',#6784,1000.);
#4040=VECTOR('',#6787,1000.);
#4041=VECTOR('',#6788,1000.);
#4042=VECTOR('',#6791,1000.);
#4043=VECTOR('',#6792,1000.);
#4044=VECTOR('',#6795,1000.);
#4045=VECTOR('',#6796,1000.);
#4046=VECTOR('',#6799,1000.);
#4047=VECTOR('',#6800,1000.);
#4048=VECTOR('',#6803,1000.);
#4049=VECTOR('',#6804,1000.);
#4050=VECTOR('',#6807,1000.);
#4051=VECTOR('',#6808,1000.);
#4052=VECTOR('',#6811,1000.);
#4053=VECTOR('',#6812,1000.);
#4054=VECTOR('',#6815,1000.);
#4055=VECTOR('',#6816,1000.);
#4056=VECTOR('',#6819,1000.);
#4057=VECTOR('',#6820,1000.);
#4058=VECTOR('',#6823,1000.);
#4059=VECTOR('',#6830,1000.);
#4060=VECTOR('',#6831,1000.);
#4061=VECTOR('',#6832,1000.);
#4062=VECTOR('',#6833,1000.);
#4063=VECTOR('',#6834,1000.);
#4064=VECTOR('',#6837,1000.);
#4065=VECTOR('',#6838,1000.);
#4066=VECTOR('',#6839,1000.);
#4067=VECTOR('',#6840,1000.);
#4068=VECTOR('',#6841,1000.);
#4069=VECTOR('',#6844,1000.);
#4070=VECTOR('',#6845,1000.);
#4071=VECTOR('',#6848,1000.);
#4072=VECTOR('',#6849,1000.);
#4073=VECTOR('',#6850,1000.);
#4074=VECTOR('',#6853,1000.);
#4075=VECTOR('',#6856,1000.);
#4076=VECTOR('',#6857,1000.);
#4077=VECTOR('',#6858,1000.);
#4078=VECTOR('',#6861,1000.);
#4079=VECTOR('',#6866,1000.);
#4080=VECTOR('',#6867,1000.);
#4081=VECTOR('',#6872,1000.);
#4082=VECTOR('',#6875,1000.);
#4083=VECTOR('',#6880,1000.);
#4084=VECTOR('',#6881,1000.);
#4085=VECTOR('',#6884,1000.);
#4086=VECTOR('',#6889,1000.);
#4087=VECTOR('',#6894,1000.);
#4088=VECTOR('',#6895,1000.);
#4089=VECTOR('',#6900,1000.);
#4090=VECTOR('',#6903,1000.);
#4091=VECTOR('',#6908,1000.);
#4092=VECTOR('',#6911,1000.);
#4093=VECTOR('',#6916,1000.);
#4094=VECTOR('',#6919,1000.);
#4095=VECTOR('',#6924,1000.);
#4096=VECTOR('',#6927,1000.);
#4097=VECTOR('',#6930,1000.);
#4098=VECTOR('',#6933,1000.);
#4099=VECTOR('',#6938,1000.);
#4100=VECTOR('',#6941,1000.);
#4101=VECTOR('',#6944,1000.);
#4102=VECTOR('',#6947,1000.);
#4103=VECTOR('',#6952,1000.);
#4104=VECTOR('',#6955,1000.);
#4105=VECTOR('',#6958,1000.);
#4106=VECTOR('',#6961,1000.);
#4107=VECTOR('',#6966,1000.);
#4108=VECTOR('',#6969,1000.);
#4109=VECTOR('',#6972,1000.);
#4110=VECTOR('',#6975,1000.);
#4111=VECTOR('',#6980,1000.);
#4112=VECTOR('',#6983,1000.);
#4113=VECTOR('',#6986,1000.);
#4114=VECTOR('',#6989,1000.);
#4115=VECTOR('',#6994,1000.);
#4116=VECTOR('',#6997,1000.);
#4117=VECTOR('',#7000,1000.);
#4118=VECTOR('',#7003,1000.);
#4119=VECTOR('',#7008,1000.);
#4120=VECTOR('',#7011,1000.);
#4121=VECTOR('',#7014,1000.);
#4122=VECTOR('',#7017,1000.);
#4123=VECTOR('',#7022,1000.);
#4124=VECTOR('',#7025,1000.);
#4125=VECTOR('',#7028,1000.);
#4126=VECTOR('',#7031,1000.);
#4127=VECTOR('',#7036,1000.);
#4128=VECTOR('',#7039,1000.);
#4129=VECTOR('',#7042,1000.);
#4130=VECTOR('',#7045,1000.);
#4131=VECTOR('',#7050,1000.);
#4132=VECTOR('',#7053,1000.);
#4133=VECTOR('',#7056,1000.);
#4134=VECTOR('',#7059,1000.);
#4135=VECTOR('',#7064,1000.);
#4136=VECTOR('',#7067,1000.);
#4137=VECTOR('',#7070,1000.);
#4138=VECTOR('',#7073,1000.);
#4139=VECTOR('',#7078,1000.);
#4140=VECTOR('',#7081,1000.);
#4141=VECTOR('',#7084,1000.);
#4142=VECTOR('',#7087,1000.);
#4143=VECTOR('',#7092,1000.);
#4144=VECTOR('',#7095,1000.);
#4145=VECTOR('',#7098,1000.);
#4146=VECTOR('',#7101,1000.);
#4147=VECTOR('',#7106,1000.);
#4148=VECTOR('',#7109,1000.);
#4149=VECTOR('',#7112,1000.);
#4150=VECTOR('',#7115,1000.);
#4151=VECTOR('',#7120,1000.);
#4152=VECTOR('',#7123,1000.);
#4153=VECTOR('',#7126,1000.);
#4154=VECTOR('',#7129,1000.);
#4155=VECTOR('',#7134,1000.);
#4156=VECTOR('',#7137,1000.);
#4157=VECTOR('',#7140,1000.);
#4158=VECTOR('',#7143,1000.);
#4159=VECTOR('',#7148,1000.);
#4160=VECTOR('',#7151,1000.);
#4161=VECTOR('',#7154,1000.);
#4162=VECTOR('',#7157,1000.);
#4163=VECTOR('',#7162,1000.);
#4164=VECTOR('',#7165,1000.);
#4165=VECTOR('',#7168,1000.);
#4166=VECTOR('',#7171,1000.);
#4167=EDGE_LOOP('',(#332,#333,#334,#335,#336,#337,#338,#339));
#4168=EDGE_LOOP('',(#340,#341,#342,#343,#344,#345,#346));
#4169=EDGE_LOOP('',(#347,#348,#349,#350,#351,#352,#353,#354,#355,#356,#357,
#358));
#4170=EDGE_LOOP('',(#359,#360,#361,#362,#363,#364,#365,#366,#367,#368));
#4171=EDGE_LOOP('',(#369,#370,#371,#372,#373,#374,#375,#376,#377,#378,#379,
#380));
#4172=EDGE_LOOP('',(#381));
#4173=EDGE_LOOP('',(#382));
#4174=EDGE_LOOP('',(#383));
#4175=EDGE_LOOP('',(#384));
#4176=EDGE_LOOP('',(#385,#386,#387,#388));
#4177=EDGE_LOOP('',(#389,#390,#391,#392,#393,#394,#395,#396,#397,#398,#399,
#400,#401,#402,#403,#404,#405,#406,#407,#408,#409,#410,#411,#412,#413,#414,
#415,#416,#417,#418,#419,#420,#421,#422,#423,#424,#425,#426,#427,#428));
#4178=EDGE_LOOP('',(#429,#430,#431,#432,#433,#434,#435,#436,#437,#438,#439,
#440,#441,#442,#443,#444,#445,#446,#447,#448));
#4179=EDGE_LOOP('',(#449,#450,#451,#452,#453,#454,#455,#456,#457,#458,#459,
#460,#461,#462,#463,#464,#465,#466,#467,#468));
#4180=EDGE_LOOP('',(#469,#470,#471,#472,#473,#474));
#4181=EDGE_LOOP('',(#475,#476,#477,#478));
#4182=EDGE_LOOP('',(#479,#480,#481,#482,#483,#484));
#4183=EDGE_LOOP('',(#485,#486,#487,#488));
#4184=EDGE_LOOP('',(#489,#490,#491,#492));
#4185=EDGE_LOOP('',(#493,#494,#495,#496));
#4186=EDGE_LOOP('',(#497,#498,#499,#500));
#4187=EDGE_LOOP('',(#501,#502,#503,#504));
#4188=EDGE_LOOP('',(#505,#506,#507,#508,#509,#510,#511,#512));
#4189=EDGE_LOOP('',(#513,#514,#515,#516,#517,#518,#519,#520));
#4190=EDGE_LOOP('',(#521,#522,#523,#524));
#4191=EDGE_LOOP('',(#525,#526,#527,#528));
#4192=EDGE_LOOP('',(#529,#530,#531,#532));
#4193=EDGE_LOOP('',(#533,#534,#535,#536));
#4194=EDGE_LOOP('',(#537,#538,#539,#540));
#4195=EDGE_LOOP('',(#541,#542,#543,#544));
#4196=EDGE_LOOP('',(#545,#546,#547,#548));
#4197=EDGE_LOOP('',(#549,#550,#551,#552));
#4198=EDGE_LOOP('',(#553,#554,#555,#556));
#4199=EDGE_LOOP('',(#557,#558,#559,#560));
#4200=EDGE_LOOP('',(#561,#562,#563,#564));
#4201=EDGE_LOOP('',(#565,#566,#567,#568));
#4202=EDGE_LOOP('',(#569,#570,#571,#572));
#4203=EDGE_LOOP('',(#573));
#4204=EDGE_LOOP('',(#574));
#4205=EDGE_LOOP('',(#575));
#4206=EDGE_LOOP('',(#576));
#4207=EDGE_LOOP('',(#577));
#4208=EDGE_LOOP('',(#578));
#4209=EDGE_LOOP('',(#579));
#4210=EDGE_LOOP('',(#580));
#4211=EDGE_LOOP('',(#581));
#4212=EDGE_LOOP('',(#582));
#4213=EDGE_LOOP('',(#583));
#4214=EDGE_LOOP('',(#584));
#4215=EDGE_LOOP('',(#585));
#4216=EDGE_LOOP('',(#586));
#4217=EDGE_LOOP('',(#587));
#4218=EDGE_LOOP('',(#588));
#4219=EDGE_LOOP('',(#589));
#4220=EDGE_LOOP('',(#590));
#4221=EDGE_LOOP('',(#591));
#4222=EDGE_LOOP('',(#592));
#4223=EDGE_LOOP('',(#593,#594,#595,#596));
#4224=EDGE_LOOP('',(#597,#598,#599,#600));
#4225=EDGE_LOOP('',(#601,#602,#603,#604));
#4226=EDGE_LOOP('',(#605,#606,#607,#608));
#4227=EDGE_LOOP('',(#609,#610,#611,#612));
#4228=EDGE_LOOP('',(#613,#614,#615,#616));
#4229=EDGE_LOOP('',(#617,#618,#619,#620));
#4230=EDGE_LOOP('',(#621,#622,#623,#624,#625,#626,#627));
#4231=EDGE_LOOP('',(#628,#629,#630,#631));
#4232=EDGE_LOOP('',(#632,#633,#634,#635));
#4233=EDGE_LOOP('',(#636,#637,#638,#639));
#4234=EDGE_LOOP('',(#640,#641,#642,#643));
#4235=EDGE_LOOP('',(#644,#645,#646,#647));
#4236=EDGE_LOOP('',(#648,#649,#650,#651));
#4237=EDGE_LOOP('',(#652,#653,#654,#655));
#4238=EDGE_LOOP('',(#656,#657,#658,#659));
#4239=EDGE_LOOP('',(#660,#661,#662,#663));
#4240=EDGE_LOOP('',(#664,#665,#666,#667));
#4241=EDGE_LOOP('',(#668,#669,#670,#671));
#4242=EDGE_LOOP('',(#672,#673,#674,#675));
#4243=EDGE_LOOP('',(#676,#677,#678,#679,#680,#681,#682,#683,#684,#685,#686,
#687));
#4244=EDGE_LOOP('',(#688,#689,#690,#691));
#4245=EDGE_LOOP('',(#692,#693,#694,#695));
#4246=EDGE_LOOP('',(#696,#697,#698,#699));
#4247=EDGE_LOOP('',(#700,#701,#702,#703));
#4248=EDGE_LOOP('',(#704,#705,#706,#707));
#4249=EDGE_LOOP('',(#708,#709,#710,#711));
#4250=EDGE_LOOP('',(#712,#713,#714,#715));
#4251=EDGE_LOOP('',(#716,#717,#718,#719));
#4252=EDGE_LOOP('',(#720,#721,#722,#723));
#4253=EDGE_LOOP('',(#724,#725,#726,#727));
#4254=EDGE_LOOP('',(#728,#729,#730,#731,#732,#733,#734,#735,#736,#737));
#4255=EDGE_LOOP('',(#738));
#4256=EDGE_LOOP('',(#739,#740,#741,#742,#743,#744,#745,#746,#747,#748,#749,
#750));
#4257=EDGE_LOOP('',(#751));
#4258=EDGE_LOOP('',(#752,#753,#754,#755));
#4259=EDGE_LOOP('',(#756,#757,#758,#759));
#4260=EDGE_LOOP('',(#760,#761,#762,#763));
#4261=EDGE_LOOP('',(#764,#765,#766,#767));
#4262=EDGE_LOOP('',(#768,#769,#770,#771));
#4263=EDGE_LOOP('',(#772,#773,#774,#775));
#4264=EDGE_LOOP('',(#776,#777,#778,#779));
#4265=EDGE_LOOP('',(#780,#781,#782,#783));
#4266=EDGE_LOOP('',(#784,#785,#786,#787));
#4267=EDGE_LOOP('',(#788,#789,#790,#791));
#4268=EDGE_LOOP('',(#792,#793,#794,#795));
#4269=EDGE_LOOP('',(#796,#797,#798,#799));
#4270=EDGE_LOOP('',(#800,#801,#802,#803));
#4271=EDGE_LOOP('',(#804,#805,#806,#807));
#4272=EDGE_LOOP('',(#808,#809,#810,#811));
#4273=EDGE_LOOP('',(#812,#813,#814,#815));
#4274=EDGE_LOOP('',(#816,#817,#818,#819));
#4275=EDGE_LOOP('',(#820,#821,#822,#823));
#4276=EDGE_LOOP('',(#824,#825,#826,#827));
#4277=EDGE_LOOP('',(#828,#829,#830,#831));
#4278=EDGE_LOOP('',(#832,#833,#834,#835));
#4279=EDGE_LOOP('',(#836,#837,#838,#839));
#4280=EDGE_LOOP('',(#840,#841,#842,#843));
#4281=EDGE_LOOP('',(#844,#845,#846,#847));
#4282=EDGE_LOOP('',(#848,#849,#850,#851));
#4283=EDGE_LOOP('',(#852,#853,#854,#855));
#4284=EDGE_LOOP('',(#856,#857,#858,#859));
#4285=EDGE_LOOP('',(#860,#861,#862,#863));
#4286=EDGE_LOOP('',(#864,#865,#866,#867));
#4287=EDGE_LOOP('',(#868,#869,#870,#871));
#4288=EDGE_LOOP('',(#872,#873,#874,#875));
#4289=EDGE_LOOP('',(#876,#877,#878,#879));
#4290=EDGE_LOOP('',(#880,#881,#882,#883));
#4291=EDGE_LOOP('',(#884,#885,#886,#887));
#4292=EDGE_LOOP('',(#888,#889,#890,#891));
#4293=EDGE_LOOP('',(#892,#893,#894,#895));
#4294=EDGE_LOOP('',(#896,#897,#898,#899));
#4295=EDGE_LOOP('',(#900,#901,#902,#903));
#4296=EDGE_LOOP('',(#904,#905,#906,#907));
#4297=EDGE_LOOP('',(#908,#909,#910,#911));
#4298=EDGE_LOOP('',(#912,#913,#914,#915));
#4299=EDGE_LOOP('',(#916,#917,#918,#919));
#4300=EDGE_LOOP('',(#920,#921,#922,#923));
#4301=EDGE_LOOP('',(#924,#925,#926,#927));
#4302=EDGE_LOOP('',(#928,#929,#930,#931));
#4303=EDGE_LOOP('',(#932,#933,#934,#935));
#4304=EDGE_LOOP('',(#936,#937,#938,#939));
#4305=EDGE_LOOP('',(#940,#941,#942,#943));
#4306=EDGE_LOOP('',(#944,#945,#946,#947));
#4307=EDGE_LOOP('',(#948,#949,#950,#951));
#4308=EDGE_LOOP('',(#952,#953,#954,#955));
#4309=EDGE_LOOP('',(#956,#957,#958,#959));
#4310=EDGE_LOOP('',(#960,#961,#962,#963));
#4311=EDGE_LOOP('',(#964,#965,#966,#967));
#4312=EDGE_LOOP('',(#968,#969,#970,#971));
#4313=EDGE_LOOP('',(#972,#973,#974,#975));
#4314=EDGE_LOOP('',(#976,#977,#978,#979));
#4315=EDGE_LOOP('',(#980,#981,#982,#983));
#4316=EDGE_LOOP('',(#984,#985,#986,#987));
#4317=EDGE_LOOP('',(#988,#989,#990,#991));
#4318=EDGE_LOOP('',(#992,#993,#994,#995));
#4319=EDGE_LOOP('',(#996,#997,#998,#999));
#4320=EDGE_LOOP('',(#1000,#1001,#1002,#1003));
#4321=EDGE_LOOP('',(#1004,#1005,#1006,#1007));
#4322=EDGE_LOOP('',(#1008,#1009,#1010,#1011));
#4323=EDGE_LOOP('',(#1012,#1013,#1014,#1015));
#4324=EDGE_LOOP('',(#1016,#1017,#1018,#1019));
#4325=EDGE_LOOP('',(#1020,#1021,#1022,#1023));
#4326=EDGE_LOOP('',(#1024,#1025,#1026,#1027));
#4327=EDGE_LOOP('',(#1028,#1029,#1030,#1031));
#4328=EDGE_LOOP('',(#1032,#1033,#1034,#1035));
#4329=EDGE_LOOP('',(#1036,#1037,#1038,#1039));
#4330=EDGE_LOOP('',(#1040,#1041,#1042,#1043));
#4331=EDGE_LOOP('',(#1044,#1045,#1046,#1047));
#4332=EDGE_LOOP('',(#1048,#1049,#1050,#1051));
#4333=EDGE_LOOP('',(#1052,#1053,#1054,#1055));
#4334=EDGE_LOOP('',(#1056,#1057,#1058,#1059));
#4335=EDGE_LOOP('',(#1060,#1061,#1062,#1063));
#4336=EDGE_LOOP('',(#1064,#1065,#1066,#1067));
#4337=EDGE_LOOP('',(#1068,#1069,#1070,#1071));
#4338=EDGE_LOOP('',(#1072,#1073,#1074,#1075));
#4339=EDGE_LOOP('',(#1076,#1077,#1078,#1079));
#4340=EDGE_LOOP('',(#1080,#1081,#1082,#1083));
#4341=EDGE_LOOP('',(#1084,#1085,#1086,#1087));
#4342=EDGE_LOOP('',(#1088,#1089,#1090,#1091));
#4343=EDGE_LOOP('',(#1092,#1093,#1094,#1095));
#4344=EDGE_LOOP('',(#1096,#1097,#1098,#1099));
#4345=EDGE_LOOP('',(#1100,#1101,#1102,#1103));
#4346=EDGE_LOOP('',(#1104,#1105,#1106,#1107));
#4347=EDGE_LOOP('',(#1108,#1109,#1110,#1111));
#4348=EDGE_LOOP('',(#1112,#1113,#1114,#1115));
#4349=EDGE_LOOP('',(#1116,#1117,#1118,#1119));
#4350=EDGE_LOOP('',(#1120,#1121,#1122));
#4351=EDGE_LOOP('',(#1123,#1124,#1125,#1126));
#4352=EDGE_LOOP('',(#1127,#1128,#1129,#1130));
#4353=EDGE_LOOP('',(#1131,#1132,#1133,#1134));
#4354=EDGE_LOOP('',(#1135,#1136,#1137,#1138));
#4355=EDGE_LOOP('',(#1139,#1140,#1141,#1142));
#4356=EDGE_LOOP('',(#1143,#1144,#1145,#1146));
#4357=EDGE_LOOP('',(#1147,#1148,#1149,#1150));
#4358=EDGE_LOOP('',(#1151,#1152,#1153,#1154));
#4359=EDGE_LOOP('',(#1155,#1156,#1157,#1158));
#4360=EDGE_LOOP('',(#1159,#1160,#1161,#1162));
#4361=EDGE_LOOP('',(#1163,#1164,#1165));
#4362=EDGE_LOOP('',(#1166,#1167,#1168,#1169));
#4363=EDGE_LOOP('',(#1170,#1171,#1172,#1173));
#4364=EDGE_LOOP('',(#1174,#1175,#1176,#1177));
#4365=EDGE_LOOP('',(#1178,#1179,#1180,#1181));
#4366=EDGE_LOOP('',(#1182,#1183,#1184,#1185));
#4367=EDGE_LOOP('',(#1186,#1187,#1188,#1189));
#4368=EDGE_LOOP('',(#1190,#1191,#1192,#1193));
#4369=EDGE_LOOP('',(#1194,#1195,#1196,#1197));
#4370=EDGE_LOOP('',(#1198,#1199,#1200,#1201));
#4371=EDGE_LOOP('',(#1202,#1203,#1204,#1205));
#4372=EDGE_LOOP('',(#1206,#1207,#1208,#1209,#1210,#1211,#1212,#1213,#1214,
#1215,#1216,#1217,#1218,#1219,#1220,#1221,#1222,#1223,#1224,#1225,#1226,
#1227,#1228,#1229,#1230,#1231,#1232,#1233,#1234,#1235,#1236,#1237,#1238,
#1239,#1240,#1241,#1242,#1243,#1244,#1245,#1246,#1247,#1248,#1249,#1250,
#1251));
#4373=EDGE_LOOP('',(#1252,#1253,#1254));
#4374=EDGE_LOOP('',(#1255,#1256,#1257,#1258,#1259,#1260,#1261,#1262,#1263,
#1264,#1265,#1266,#1267,#1268,#1269,#1270,#1271,#1272,#1273,#1274,#1275,
#1276,#1277,#1278,#1279,#1280,#1281,#1282,#1283,#1284,#1285,#1286,#1287,
#1288,#1289,#1290,#1291,#1292,#1293,#1294,#1295,#1296,#1297,#1298,#1299,
#1300));
#4375=EDGE_LOOP('',(#1301,#1302,#1303));
#4376=EDGE_LOOP('',(#1304,#1305,#1306,#1307,#1308,#1309,#1310,#1311,#1312,
#1313,#1314,#1315,#1316,#1317,#1318,#1319,#1320,#1321,#1322,#1323,#1324,
#1325,#1326,#1327,#1328,#1329,#1330,#1331,#1332,#1333,#1334,#1335,#1336,
#1337,#1338,#1339,#1340,#1341,#1342,#1343,#1344,#1345,#1346,#1347,#1348,
#1349,#1350,#1351,#1352,#1353,#1354,#1355,#1356,#1357,#1358,#1359,#1360,
#1361,#1362,#1363,#1364,#1365,#1366,#1367,#1368,#1369,#1370,#1371,#1372,
#1373,#1374,#1375,#1376,#1377,#1378,#1379,#1380,#1381,#1382,#1383,#1384,
#1385,#1386,#1387,#1388,#1389,#1390,#1391));
#4377=EDGE_LOOP('',(#1392));
#4378=EDGE_LOOP('',(#1393));
#4379=EDGE_LOOP('',(#1394,#1395,#1396,#1397,#1398,#1399,#1400,#1401));
#4380=EDGE_LOOP('',(#1402,#1403,#1404,#1405,#1406,#1407,#1408,#1409));
#4381=EDGE_LOOP('',(#1410,#1411,#1412,#1413,#1414,#1415,#1416,#1417,#1418,
#1419));
#4382=EDGE_LOOP('',(#1420,#1421,#1422,#1423,#1424,#1425,#1426,#1427,#1428,
#1429));
#4383=EDGE_LOOP('',(#1430,#1431,#1432,#1433));
#4384=EDGE_LOOP('',(#1434,#1435,#1436,#1437));
#4385=EDGE_LOOP('',(#1438,#1439,#1440,#1441));
#4386=EDGE_LOOP('',(#1442,#1443,#1444,#1445));
#4387=EDGE_LOOP('',(#1446,#1447,#1448,#1449));
#4388=EDGE_LOOP('',(#1450,#1451,#1452,#1453,#1454,#1455,#1456));
#4389=EDGE_LOOP('',(#1457,#1458,#1459,#1460));
#4390=EDGE_LOOP('',(#1461,#1462,#1463,#1464,#1465));
#4391=EDGE_LOOP('',(#1466,#1467,#1468,#1469));
#4392=EDGE_LOOP('',(#1470,#1471,#1472,#1473,#1474,#1475,#1476));
#4393=EDGE_LOOP('',(#1477,#1478,#1479,#1480));
#4394=EDGE_LOOP('',(#1481,#1482,#1483,#1484,#1485));
#4395=EDGE_LOOP('',(#1486,#1487,#1488,#1489));
#4396=EDGE_LOOP('',(#1490,#1491,#1492,#1493,#1494));
#4397=EDGE_LOOP('',(#1495,#1496,#1497,#1498,#1499));
#4398=EDGE_LOOP('',(#1500,#1501,#1502,#1503));
#4399=EDGE_LOOP('',(#1504,#1505,#1506,#1507,#1508));
#4400=EDGE_LOOP('',(#1509,#1510,#1511,#1512,#1513));
#4401=EDGE_LOOP('',(#1514,#1515,#1516,#1517));
#4402=EDGE_LOOP('',(#1518,#1519,#1520,#1521));
#4403=EDGE_LOOP('',(#1522,#1523,#1524,#1525,#1526));
#4404=EDGE_LOOP('',(#1527,#1528,#1529,#1530,#1531));
#4405=EDGE_LOOP('',(#1532,#1533,#1534,#1535));
#4406=EDGE_LOOP('',(#1536,#1537,#1538,#1539));
#4407=EDGE_LOOP('',(#1540,#1541,#1542,#1543,#1544));
#4408=EDGE_LOOP('',(#1545,#1546,#1547,#1548,#1549));
#4409=EDGE_LOOP('',(#1550,#1551,#1552,#1553));
#4410=EDGE_LOOP('',(#1554,#1555,#1556,#1557));
#4411=EDGE_LOOP('',(#1558,#1559,#1560,#1561,#1562));
#4412=EDGE_LOOP('',(#1563,#1564,#1565,#1566,#1567));
#4413=EDGE_LOOP('',(#1568,#1569,#1570,#1571));
#4414=EDGE_LOOP('',(#1572,#1573,#1574,#1575));
#4415=EDGE_LOOP('',(#1576,#1577,#1578,#1579,#1580));
#4416=EDGE_LOOP('',(#1581,#1582,#1583,#1584,#1585));
#4417=EDGE_LOOP('',(#1586,#1587,#1588,#1589));
#4418=EDGE_LOOP('',(#1590,#1591,#1592,#1593));
#4419=EDGE_LOOP('',(#1594,#1595,#1596,#1597,#1598));
#4420=EDGE_LOOP('',(#1599,#1600,#1601,#1602,#1603));
#4421=EDGE_LOOP('',(#1604,#1605,#1606,#1607));
#4422=EDGE_LOOP('',(#1608,#1609,#1610,#1611));
#4423=EDGE_LOOP('',(#1612,#1613,#1614,#1615,#1616));
#4424=EDGE_LOOP('',(#1617,#1618,#1619,#1620,#1621));
#4425=EDGE_LOOP('',(#1622,#1623,#1624,#1625));
#4426=EDGE_LOOP('',(#1626,#1627,#1628,#1629));
#4427=EDGE_LOOP('',(#1630,#1631,#1632,#1633,#1634));
#4428=EDGE_LOOP('',(#1635,#1636,#1637,#1638,#1639));
#4429=EDGE_LOOP('',(#1640,#1641,#1642,#1643));
#4430=EDGE_LOOP('',(#1644,#1645,#1646,#1647));
#4431=EDGE_LOOP('',(#1648,#1649,#1650,#1651,#1652));
#4432=EDGE_LOOP('',(#1653,#1654,#1655,#1656,#1657));
#4433=EDGE_LOOP('',(#1658,#1659,#1660,#1661));
#4434=EDGE_LOOP('',(#1662,#1663,#1664,#1665));
#4435=EDGE_LOOP('',(#1666,#1667,#1668,#1669,#1670));
#4436=EDGE_LOOP('',(#1671,#1672,#1673,#1674,#1675));
#4437=EDGE_LOOP('',(#1676,#1677,#1678,#1679));
#4438=EDGE_LOOP('',(#1680,#1681,#1682,#1683));
#4439=EDGE_LOOP('',(#1684,#1685,#1686,#1687,#1688));
#4440=EDGE_LOOP('',(#1689,#1690,#1691,#1692,#1693));
#4441=EDGE_LOOP('',(#1694,#1695,#1696,#1697));
#4442=EDGE_LOOP('',(#1698,#1699,#1700,#1701));
#4443=EDGE_LOOP('',(#1702,#1703,#1704,#1705,#1706));
#4444=EDGE_LOOP('',(#1707,#1708,#1709,#1710,#1711));
#4445=EDGE_LOOP('',(#1712,#1713,#1714,#1715));
#4446=EDGE_LOOP('',(#1716,#1717,#1718,#1719));
#4447=EDGE_LOOP('',(#1720,#1721,#1722,#1723,#1724));
#4448=EDGE_LOOP('',(#1725,#1726,#1727,#1728,#1729));
#4449=EDGE_LOOP('',(#1730,#1731,#1732,#1733));
#4450=EDGE_LOOP('',(#1734,#1735,#1736,#1737));
#4451=EDGE_LOOP('',(#1738,#1739,#1740,#1741,#1742));
#4452=EDGE_LOOP('',(#1743,#1744,#1745,#1746,#1747));
#4453=EDGE_LOOP('',(#1748,#1749,#1750,#1751));
#4454=EDGE_LOOP('',(#1752,#1753,#1754,#1755));
#4455=EDGE_LOOP('',(#1756,#1757,#1758,#1759,#1760));
#4456=EDGE_LOOP('',(#1761,#1762,#1763,#1764,#1765));
#4457=EDGE_LOOP('',(#1766,#1767,#1768,#1769));
#4458=EDGE_LOOP('',(#1770,#1771,#1772,#1773));
#4459=EDGE_LOOP('',(#1774,#1775,#1776,#1777,#1778));
#4460=EDGE_LOOP('',(#1779,#1780,#1781,#1782,#1783));
#4461=EDGE_LOOP('',(#1784,#1785,#1786,#1787));
#4462=EDGE_LOOP('',(#1788,#1789,#1790,#1791));
#4463=EDGE_LOOP('',(#1792,#1793,#1794,#1795,#1796));
#4464=EDGE_LOOP('',(#1797,#1798,#1799,#1800,#1801));
#4465=EDGE_LOOP('',(#1802,#1803,#1804,#1805));
#4466=EDGE_LOOP('',(#1806,#1807,#1808,#1809));
#4467=EDGE_LOOP('',(#1810,#1811,#1812,#1813,#1814));
#4468=EDGE_LOOP('',(#1815,#1816,#1817,#1818,#1819));
#4469=EDGE_LOOP('',(#1820,#1821,#1822,#1823));
#4470=EDGE_LOOP('',(#1824,#1825,#1826,#1827));
#4471=EDGE_LOOP('',(#1828,#1829,#1830,#1831,#1832));
#4472=EDGE_LOOP('',(#1833,#1834,#1835,#1836,#1837));
#4473=EDGE_LOOP('',(#1838,#1839,#1840,#1841));
#4474=FACE_BOUND('',#4167,.T.);
#4475=FACE_BOUND('',#4168,.T.);
#4476=FACE_BOUND('',#4169,.T.);
#4477=FACE_BOUND('',#4170,.T.);
#4478=FACE_BOUND('',#4171,.T.);
#4479=FACE_BOUND('',#4172,.T.);
#4480=FACE_BOUND('',#4173,.T.);
#4481=FACE_BOUND('',#4174,.T.);
#4482=FACE_BOUND('',#4175,.T.);
#4483=FACE_BOUND('',#4176,.T.);
#4484=FACE_BOUND('',#4177,.T.);
#4485=FACE_BOUND('',#4178,.T.);
#4486=FACE_BOUND('',#4179,.T.);
#4487=FACE_BOUND('',#4180,.T.);
#4488=FACE_BOUND('',#4181,.T.);
#4489=FACE_BOUND('',#4182,.T.);
#4490=FACE_BOUND('',#4183,.T.);
#4491=FACE_BOUND('',#4184,.T.);
#4492=FACE_BOUND('',#4185,.T.);
#4493=FACE_BOUND('',#4186,.T.);
#4494=FACE_BOUND('',#4187,.T.);
#4495=FACE_BOUND('',#4188,.T.);
#4496=FACE_BOUND('',#4189,.T.);
#4497=FACE_BOUND('',#4190,.T.);
#4498=FACE_BOUND('',#4191,.T.);
#4499=FACE_BOUND('',#4192,.T.);
#4500=FACE_BOUND('',#4193,.T.);
#4501=FACE_BOUND('',#4194,.T.);
#4502=FACE_BOUND('',#4195,.T.);
#4503=FACE_BOUND('',#4196,.T.);
#4504=FACE_BOUND('',#4197,.T.);
#4505=FACE_BOUND('',#4198,.T.);
#4506=FACE_BOUND('',#4199,.T.);
#4507=FACE_BOUND('',#4200,.T.);
#4508=FACE_BOUND('',#4201,.T.);
#4509=FACE_BOUND('',#4202,.T.);
#4510=FACE_BOUND('',#4203,.T.);
#4511=FACE_BOUND('',#4204,.T.);
#4512=FACE_BOUND('',#4205,.T.);
#4513=FACE_BOUND('',#4206,.T.);
#4514=FACE_BOUND('',#4207,.T.);
#4515=FACE_BOUND('',#4208,.T.);
#4516=FACE_BOUND('',#4209,.T.);
#4517=FACE_BOUND('',#4210,.T.);
#4518=FACE_BOUND('',#4211,.T.);
#4519=FACE_BOUND('',#4212,.T.);
#4520=FACE_BOUND('',#4213,.T.);
#4521=FACE_BOUND('',#4214,.T.);
#4522=FACE_BOUND('',#4215,.T.);
#4523=FACE_BOUND('',#4216,.T.);
#4524=FACE_BOUND('',#4217,.T.);
#4525=FACE_BOUND('',#4218,.T.);
#4526=FACE_BOUND('',#4219,.T.);
#4527=FACE_BOUND('',#4220,.T.);
#4528=FACE_BOUND('',#4221,.T.);
#4529=FACE_BOUND('',#4222,.T.);
#4530=FACE_BOUND('',#4223,.T.);
#4531=FACE_BOUND('',#4224,.T.);
#4532=FACE_BOUND('',#4225,.T.);
#4533=FACE_BOUND('',#4226,.T.);
#4534=FACE_BOUND('',#4227,.T.);
#4535=FACE_BOUND('',#4228,.T.);
#4536=FACE_BOUND('',#4229,.T.);
#4537=FACE_BOUND('',#4230,.T.);
#4538=FACE_BOUND('',#4231,.T.);
#4539=FACE_BOUND('',#4232,.T.);
#4540=FACE_BOUND('',#4233,.T.);
#4541=FACE_BOUND('',#4234,.T.);
#4542=FACE_BOUND('',#4235,.T.);
#4543=FACE_BOUND('',#4236,.T.);
#4544=FACE_BOUND('',#4237,.T.);
#4545=FACE_BOUND('',#4238,.T.);
#4546=FACE_BOUND('',#4239,.T.);
#4547=FACE_BOUND('',#4240,.T.);
#4548=FACE_BOUND('',#4241,.T.);
#4549=FACE_BOUND('',#4242,.T.);
#4550=FACE_BOUND('',#4243,.T.);
#4551=FACE_BOUND('',#4244,.T.);
#4552=FACE_BOUND('',#4245,.T.);
#4553=FACE_BOUND('',#4246,.T.);
#4554=FACE_BOUND('',#4247,.T.);
#4555=FACE_BOUND('',#4248,.T.);
#4556=FACE_BOUND('',#4249,.T.);
#4557=FACE_BOUND('',#4250,.T.);
#4558=FACE_BOUND('',#4251,.T.);
#4559=FACE_BOUND('',#4252,.T.);
#4560=FACE_BOUND('',#4253,.T.);
#4561=FACE_BOUND('',#4254,.T.);
#4562=FACE_BOUND('',#4255,.T.);
#4563=FACE_BOUND('',#4256,.T.);
#4564=FACE_BOUND('',#4257,.T.);
#4565=FACE_BOUND('',#4258,.T.);
#4566=FACE_BOUND('',#4259,.T.);
#4567=FACE_BOUND('',#4260,.T.);
#4568=FACE_BOUND('',#4261,.T.);
#4569=FACE_BOUND('',#4262,.T.);
#4570=FACE_BOUND('',#4263,.T.);
#4571=FACE_BOUND('',#4264,.T.);
#4572=FACE_BOUND('',#4265,.T.);
#4573=FACE_BOUND('',#4266,.T.);
#4574=FACE_BOUND('',#4267,.T.);
#4575=FACE_BOUND('',#4268,.T.);
#4576=FACE_BOUND('',#4269,.T.);
#4577=FACE_BOUND('',#4270,.T.);
#4578=FACE_BOUND('',#4271,.T.);
#4579=FACE_BOUND('',#4272,.T.);
#4580=FACE_BOUND('',#4273,.T.);
#4581=FACE_BOUND('',#4274,.T.);
#4582=FACE_BOUND('',#4275,.T.);
#4583=FACE_BOUND('',#4276,.T.);
#4584=FACE_BOUND('',#4277,.T.);
#4585=FACE_BOUND('',#4278,.T.);
#4586=FACE_BOUND('',#4279,.T.);
#4587=FACE_BOUND('',#4280,.T.);
#4588=FACE_BOUND('',#4281,.T.);
#4589=FACE_BOUND('',#4282,.T.);
#4590=FACE_BOUND('',#4283,.T.);
#4591=FACE_BOUND('',#4284,.T.);
#4592=FACE_BOUND('',#4285,.T.);
#4593=FACE_BOUND('',#4286,.T.);
#4594=FACE_BOUND('',#4287,.T.);
#4595=FACE_BOUND('',#4288,.T.);
#4596=FACE_BOUND('',#4289,.T.);
#4597=FACE_BOUND('',#4290,.T.);
#4598=FACE_BOUND('',#4291,.T.);
#4599=FACE_BOUND('',#4292,.T.);
#4600=FACE_BOUND('',#4293,.T.);
#4601=FACE_BOUND('',#4294,.T.);
#4602=FACE_BOUND('',#4295,.T.);
#4603=FACE_BOUND('',#4296,.T.);
#4604=FACE_BOUND('',#4297,.T.);
#4605=FACE_BOUND('',#4298,.T.);
#4606=FACE_BOUND('',#4299,.T.);
#4607=FACE_BOUND('',#4300,.T.);
#4608=FACE_BOUND('',#4301,.T.);
#4609=FACE_BOUND('',#4302,.T.);
#4610=FACE_BOUND('',#4303,.T.);
#4611=FACE_BOUND('',#4304,.T.);
#4612=FACE_BOUND('',#4305,.T.);
#4613=FACE_BOUND('',#4306,.T.);
#4614=FACE_BOUND('',#4307,.T.);
#4615=FACE_BOUND('',#4308,.T.);
#4616=FACE_BOUND('',#4309,.T.);
#4617=FACE_BOUND('',#4310,.T.);
#4618=FACE_BOUND('',#4311,.T.);
#4619=FACE_BOUND('',#4312,.T.);
#4620=FACE_BOUND('',#4313,.T.);
#4621=FACE_BOUND('',#4314,.T.);
#4622=FACE_BOUND('',#4315,.T.);
#4623=FACE_BOUND('',#4316,.T.);
#4624=FACE_BOUND('',#4317,.T.);
#4625=FACE_BOUND('',#4318,.T.);
#4626=FACE_BOUND('',#4319,.T.);
#4627=FACE_BOUND('',#4320,.T.);
#4628=FACE_BOUND('',#4321,.T.);
#4629=FACE_BOUND('',#4322,.T.);
#4630=FACE_BOUND('',#4323,.T.);
#4631=FACE_BOUND('',#4324,.T.);
#4632=FACE_BOUND('',#4325,.T.);
#4633=FACE_BOUND('',#4326,.T.);
#4634=FACE_BOUND('',#4327,.T.);
#4635=FACE_BOUND('',#4328,.T.);
#4636=FACE_BOUND('',#4329,.T.);
#4637=FACE_BOUND('',#4330,.T.);
#4638=FACE_BOUND('',#4331,.T.);
#4639=FACE_BOUND('',#4332,.T.);
#4640=FACE_BOUND('',#4333,.T.);
#4641=FACE_BOUND('',#4334,.T.);
#4642=FACE_BOUND('',#4335,.T.);
#4643=FACE_BOUND('',#4336,.T.);
#4644=FACE_BOUND('',#4337,.T.);
#4645=FACE_BOUND('',#4338,.T.);
#4646=FACE_BOUND('',#4339,.T.);
#4647=FACE_BOUND('',#4340,.T.);
#4648=FACE_BOUND('',#4341,.T.);
#4649=FACE_BOUND('',#4342,.T.);
#4650=FACE_BOUND('',#4343,.T.);
#4651=FACE_BOUND('',#4344,.T.);
#4652=FACE_BOUND('',#4345,.T.);
#4653=FACE_BOUND('',#4346,.T.);
#4654=FACE_BOUND('',#4347,.T.);
#4655=FACE_BOUND('',#4348,.T.);
#4656=FACE_BOUND('',#4349,.T.);
#4657=FACE_BOUND('',#4350,.T.);
#4658=FACE_BOUND('',#4351,.T.);
#4659=FACE_BOUND('',#4352,.T.);
#4660=FACE_BOUND('',#4353,.T.);
#4661=FACE_BOUND('',#4354,.T.);
#4662=FACE_BOUND('',#4355,.T.);
#4663=FACE_BOUND('',#4356,.T.);
#4664=FACE_BOUND('',#4357,.T.);
#4665=FACE_BOUND('',#4358,.T.);
#4666=FACE_BOUND('',#4359,.T.);
#4667=FACE_BOUND('',#4360,.T.);
#4668=FACE_BOUND('',#4361,.T.);
#4669=FACE_BOUND('',#4362,.T.);
#4670=FACE_BOUND('',#4363,.T.);
#4671=FACE_BOUND('',#4364,.T.);
#4672=FACE_BOUND('',#4365,.T.);
#4673=FACE_BOUND('',#4366,.T.);
#4674=FACE_BOUND('',#4367,.T.);
#4675=FACE_BOUND('',#4368,.T.);
#4676=FACE_BOUND('',#4369,.T.);
#4677=FACE_BOUND('',#4370,.T.);
#4678=FACE_BOUND('',#4371,.T.);
#4679=FACE_BOUND('',#4372,.T.);
#4680=FACE_BOUND('',#4373,.T.);
#4681=FACE_BOUND('',#4374,.T.);
#4682=FACE_BOUND('',#4375,.T.);
#4683=FACE_BOUND('',#4376,.T.);
#4684=FACE_BOUND('',#4377,.T.);
#4685=FACE_BOUND('',#4378,.T.);
#4686=FACE_BOUND('',#4379,.T.);
#4687=FACE_BOUND('',#4380,.T.);
#4688=FACE_BOUND('',#4381,.T.);
#4689=FACE_BOUND('',#4382,.T.);
#4690=FACE_BOUND('',#4383,.T.);
#4691=FACE_BOUND('',#4384,.T.);
#4692=FACE_BOUND('',#4385,.T.);
#4693=FACE_BOUND('',#4386,.T.);
#4694=FACE_BOUND('',#4387,.T.);
#4695=FACE_BOUND('',#4388,.T.);
#4696=FACE_BOUND('',#4389,.T.);
#4697=FACE_BOUND('',#4390,.T.);
#4698=FACE_BOUND('',#4391,.T.);
#4699=FACE_BOUND('',#4392,.T.);
#4700=FACE_BOUND('',#4393,.T.);
#4701=FACE_BOUND('',#4394,.T.);
#4702=FACE_BOUND('',#4395,.T.);
#4703=FACE_BOUND('',#4396,.T.);
#4704=FACE_BOUND('',#4397,.T.);
#4705=FACE_BOUND('',#4398,.T.);
#4706=FACE_BOUND('',#4399,.T.);
#4707=FACE_BOUND('',#4400,.T.);
#4708=FACE_BOUND('',#4401,.T.);
#4709=FACE_BOUND('',#4402,.T.);
#4710=FACE_BOUND('',#4403,.T.);
#4711=FACE_BOUND('',#4404,.T.);
#4712=FACE_BOUND('',#4405,.T.);
#4713=FACE_BOUND('',#4406,.T.);
#4714=FACE_BOUND('',#4407,.T.);
#4715=FACE_BOUND('',#4408,.T.);
#4716=FACE_BOUND('',#4409,.T.);
#4717=FACE_BOUND('',#4410,.T.);
#4718=FACE_BOUND('',#4411,.T.);
#4719=FACE_BOUND('',#4412,.T.);
#4720=FACE_BOUND('',#4413,.T.);
#4721=FACE_BOUND('',#4414,.T.);
#4722=FACE_BOUND('',#4415,.T.);
#4723=FACE_BOUND('',#4416,.T.);
#4724=FACE_BOUND('',#4417,.T.);
#4725=FACE_BOUND('',#4418,.T.);
#4726=FACE_BOUND('',#4419,.T.);
#4727=FACE_BOUND('',#4420,.T.);
#4728=FACE_BOUND('',#4421,.T.);
#4729=FACE_BOUND('',#4422,.T.);
#4730=FACE_BOUND('',#4423,.T.);
#4731=FACE_BOUND('',#4424,.T.);
#4732=FACE_BOUND('',#4425,.T.);
#4733=FACE_BOUND('',#4426,.T.);
#4734=FACE_BOUND('',#4427,.T.);
#4735=FACE_BOUND('',#4428,.T.);
#4736=FACE_BOUND('',#4429,.T.);
#4737=FACE_BOUND('',#4430,.T.);
#4738=FACE_BOUND('',#4431,.T.);
#4739=FACE_BOUND('',#4432,.T.);
#4740=FACE_BOUND('',#4433,.T.);
#4741=FACE_BOUND('',#4434,.T.);
#4742=FACE_BOUND('',#4435,.T.);
#4743=FACE_BOUND('',#4436,.T.);
#4744=FACE_BOUND('',#4437,.T.);
#4745=FACE_BOUND('',#4438,.T.);
#4746=FACE_BOUND('',#4439,.T.);
#4747=FACE_BOUND('',#4440,.T.);
#4748=FACE_BOUND('',#4441,.T.);
#4749=FACE_BOUND('',#4442,.T.);
#4750=FACE_BOUND('',#4443,.T.);
#4751=FACE_BOUND('',#4444,.T.);
#4752=FACE_BOUND('',#4445,.T.);
#4753=FACE_BOUND('',#4446,.T.);
#4754=FACE_BOUND('',#4447,.T.);
#4755=FACE_BOUND('',#4448,.T.);
#4756=FACE_BOUND('',#4449,.T.);
#4757=FACE_BOUND('',#4450,.T.);
#4758=FACE_BOUND('',#4451,.T.);
#4759=FACE_BOUND('',#4452,.T.);
#4760=FACE_BOUND('',#4453,.T.);
#4761=FACE_BOUND('',#4454,.T.);
#4762=FACE_BOUND('',#4455,.T.);
#4763=FACE_BOUND('',#4456,.T.);
#4764=FACE_BOUND('',#4457,.T.);
#4765=FACE_BOUND('',#4458,.T.);
#4766=FACE_BOUND('',#4459,.T.);
#4767=FACE_BOUND('',#4460,.T.);
#4768=FACE_BOUND('',#4461,.T.);
#4769=FACE_BOUND('',#4462,.T.);
#4770=FACE_BOUND('',#4463,.T.);
#4771=FACE_BOUND('',#4464,.T.);
#4772=FACE_BOUND('',#4465,.T.);
#4773=FACE_BOUND('',#4466,.T.);
#4774=FACE_BOUND('',#4467,.T.);
#4775=FACE_BOUND('',#4468,.T.);
#4776=FACE_BOUND('',#4469,.T.);
#4777=FACE_BOUND('',#4470,.T.);
#4778=FACE_BOUND('',#4471,.T.);
#4779=FACE_BOUND('',#4472,.T.);
#4780=FACE_BOUND('',#4473,.T.);
#4781=PLANE('',#5272);
#4782=PLANE('',#5292);
#4783=PLANE('',#5301);
#4784=PLANE('',#5302);
#4785=PLANE('',#5303);
#4786=PLANE('',#5307);
#4787=PLANE('',#5310);
#4788=PLANE('',#5315);
#4789=PLANE('',#5316);
#4790=PLANE('',#5323);
#4791=PLANE('',#5326);
#4792=PLANE('',#5327);
#4793=PLANE('',#5328);
#4794=PLANE('',#5329);
#4795=PLANE('',#5330);
#4796=PLANE('',#5331);
#4797=PLANE('',#5332);
#4798=PLANE('',#5333);
#4799=PLANE('',#5338);
#4800=PLANE('',#5343);
#4801=PLANE('',#5348);
#4802=PLANE('',#5353);
#4803=PLANE('',#5354);
#4804=PLANE('',#5355);
#4805=PLANE('',#5356);
#4806=PLANE('',#5357);
#4807=PLANE('',#5358);
#4808=PLANE('',#5359);
#4809=PLANE('',#5360);
#4810=PLANE('',#5361);
#4811=PLANE('',#5362);
#4812=PLANE('',#5363);
#4813=PLANE('',#5364);
#4814=PLANE('',#5371);
#4815=PLANE('',#5372);
#4816=PLANE('',#5379);
#4817=PLANE('',#5380);
#4818=PLANE('',#5381);
#4819=PLANE('',#5386);
#4820=PLANE('',#5387);
#4821=PLANE('',#5390);
#4822=PLANE('',#5391);
#4823=PLANE('',#5394);
#4824=PLANE('',#5395);
#4825=PLANE('',#5401);
#4826=PLANE('',#5402);
#4827=PLANE('',#5403);
#4828=PLANE('',#5404);
#4829=PLANE('',#5405);
#4830=PLANE('',#5406);
#4831=PLANE('',#5407);
#4832=PLANE('',#5408);
#4833=PLANE('',#5409);
#4834=PLANE('',#5410);
#4835=PLANE('',#5411);
#4836=PLANE('',#5412);
#4837=PLANE('',#5413);
#4838=PLANE('',#5414);
#4839=PLANE('',#5415);
#4840=PLANE('',#5416);
#4841=PLANE('',#5417);
#4842=PLANE('',#5418);
#4843=PLANE('',#5419);
#4844=PLANE('',#5420);
#4845=PLANE('',#5421);
#4846=PLANE('',#5422);
#4847=PLANE('',#5423);
#4848=PLANE('',#5424);
#4849=PLANE('',#5425);
#4850=PLANE('',#5426);
#4851=PLANE('',#5427);
#4852=PLANE('',#5428);
#4853=PLANE('',#5429);
#4854=PLANE('',#5430);
#4855=PLANE('',#5431);
#4856=PLANE('',#5432);
#4857=PLANE('',#5433);
#4858=PLANE('',#5434);
#4859=PLANE('',#5435);
#4860=PLANE('',#5436);
#4861=PLANE('',#5437);
#4862=PLANE('',#5438);
#4863=PLANE('',#5439);
#4864=PLANE('',#5440);
#4865=PLANE('',#5441);
#4866=PLANE('',#5442);
#4867=PLANE('',#5443);
#4868=PLANE('',#5444);
#4869=PLANE('',#5445);
#4870=PLANE('',#5446);
#4871=PLANE('',#5447);
#4872=PLANE('',#5448);
#4873=PLANE('',#5449);
#4874=PLANE('',#5450);
#4875=PLANE('',#5451);
#4876=PLANE('',#5452);
#4877=PLANE('',#5453);
#4878=PLANE('',#5454);
#4879=PLANE('',#5455);
#4880=PLANE('',#5456);
#4881=PLANE('',#5457);
#4882=PLANE('',#5458);
#4883=PLANE('',#5459);
#4884=PLANE('',#5460);
#4885=PLANE('',#5461);
#4886=PLANE('',#5462);
#4887=PLANE('',#5463);
#4888=PLANE('',#5464);
#4889=PLANE('',#5465);
#4890=PLANE('',#5466);
#4891=PLANE('',#5467);
#4892=PLANE('',#5468);
#4893=PLANE('',#5469);
#4894=PLANE('',#5470);
#4895=PLANE('',#5471);
#4896=PLANE('',#5472);
#4897=PLANE('',#5473);
#4898=PLANE('',#5474);
#4899=PLANE('',#5475);
#4900=PLANE('',#5478);
#4901=PLANE('',#5479);
#4902=PLANE('',#5482);
#4903=PLANE('',#5483);
#4904=PLANE('',#5484);
#4905=PLANE('',#5487);
#4906=PLANE('',#5488);
#4907=PLANE('',#5554);
#4908=PLANE('',#5568);
#4909=PLANE('',#5608);
#4910=PLANE('',#5609);
#4911=PLANE('',#5610);
#4912=PLANE('',#5611);
#4913=PLANE('',#5613);
#4914=PLANE('',#5616);
#4915=PLANE('',#5617);
#4916=PLANE('',#5620);
#4917=PLANE('',#5621);
#4918=PLANE('',#5622);
#4919=PLANE('',#5623);
#4920=PLANE('',#5625);
#4921=PLANE('',#5627);
#4922=PLANE('',#5628);
#4923=PLANE('',#5630);
#4924=PLANE('',#5632);
#4925=PLANE('',#5633);
#4926=PLANE('',#5635);
#4927=PLANE('',#5636);
#4928=PLANE('',#5638);
#4929=PLANE('',#5640);
#4930=PLANE('',#5641);
#4931=PLANE('',#5643);
#4932=PLANE('',#5645);
#4933=PLANE('',#5646);
#4934=PLANE('',#5648);
#4935=PLANE('',#5650);
#4936=PLANE('',#5651);
#4937=PLANE('',#5653);
#4938=PLANE('',#5655);
#4939=PLANE('',#5656);
#4940=PLANE('',#5658);
#4941=PLANE('',#5660);
#4942=PLANE('',#5661);
#4943=PLANE('',#5663);
#4944=PLANE('',#5665);
#4945=PLANE('',#5666);
#4946=PLANE('',#5668);
#4947=PLANE('',#5670);
#4948=PLANE('',#5671);
#4949=PLANE('',#5673);
#4950=PLANE('',#5675);
#4951=PLANE('',#5676);
#4952=PLANE('',#5678);
#4953=PLANE('',#5680);
#4954=PLANE('',#5681);
#4955=PLANE('',#5683);
#4956=PLANE('',#5685);
#4957=PLANE('',#5686);
#4958=PLANE('',#5688);
#4959=PLANE('',#5690);
#4960=PLANE('',#5691);
#4961=PLANE('',#5693);
#4962=PLANE('',#5695);
#4963=PLANE('',#5696);
#4964=PLANE('',#5698);
#4965=PLANE('',#5700);
#4966=PLANE('',#5701);
#4967=PLANE('',#5703);
#4968=PLANE('',#5705);
#4969=PLANE('',#5706);
#4970=PLANE('',#5708);
#4971=PLANE('',#5710);
#4972=PLANE('',#5711);
#4973=PLANE('',#5713);
#4974=PLANE('',#5715);
#4975=PLANE('',#5716);
#4976=PLANE('',#5718);
#4977=PLANE('',#5720);
#4978=PLANE('',#5721);
#4979=PLANE('',#5725);
#4980=PLANE('',#5726);
#4981=PLANE('',#5727);
#4982=ADVANCED_FACE('',(#4474,#4475,#4476,#4477,#4478),#4781,.T.);
#4983=ADVANCED_FACE('',(#4479,#4480,#4481,#4482,#4483,#4484),#4782,.F.);
#4984=ADVANCED_FACE('',(#4485),#4783,.T.);
#4985=ADVANCED_FACE('',(#4486),#4784,.T.);
#4986=ADVANCED_FACE('',(#4487),#4785,.T.);
#4987=ADVANCED_FACE('',(#4488),#106,.T.);
#4988=ADVANCED_FACE('',(#4489),#4786,.T.);
#4989=ADVANCED_FACE('',(#4490),#107,.T.);
#4990=ADVANCED_FACE('',(#4491),#4787,.T.);
#4991=ADVANCED_FACE('',(#4492),#108,.T.);
#4992=ADVANCED_FACE('',(#4493),#109,.T.);
#4993=ADVANCED_FACE('',(#4494),#4788,.T.);
#4994=ADVANCED_FACE('',(#4495,#4496),#4789,.F.);
#4995=ADVANCED_FACE('',(#4497),#110,.T.);
#4996=ADVANCED_FACE('',(#4498),#111,.T.);
#4997=ADVANCED_FACE('',(#4499),#4790,.T.);
#4998=ADVANCED_FACE('',(#4500),#112,.T.);
#4999=ADVANCED_FACE('',(#4501),#113,.T.);
#5000=ADVANCED_FACE('',(#4502),#4791,.T.);
#5001=ADVANCED_FACE('',(#4503),#4792,.T.);
#5002=ADVANCED_FACE('',(#4504),#4793,.T.);
#5003=ADVANCED_FACE('',(#4505),#4794,.T.);
#5004=ADVANCED_FACE('',(#4506),#4795,.T.);
#5005=ADVANCED_FACE('',(#4507),#4796,.T.);
#5006=ADVANCED_FACE('',(#4508),#4797,.F.);
#5007=ADVANCED_FACE('',(#4509),#4798,.T.);
#5008=ADVANCED_FACE('',(#4510,#4511),#114,.T.);
#5009=ADVANCED_FACE('',(#4512,#4513),#102,.T.);
#5010=ADVANCED_FACE('',(#4514),#4799,.F.);
#5011=ADVANCED_FACE('',(#4515,#4516),#115,.T.);
#5012=ADVANCED_FACE('',(#4517,#4518),#103,.T.);
#5013=ADVANCED_FACE('',(#4519),#4800,.F.);
#5014=ADVANCED_FACE('',(#4520,#4521),#116,.T.);
#5015=ADVANCED_FACE('',(#4522,#4523),#104,.T.);
#5016=ADVANCED_FACE('',(#4524),#4801,.F.);
#5017=ADVANCED_FACE('',(#4525,#4526),#117,.T.);
#5018=ADVANCED_FACE('',(#4527,#4528),#105,.T.);
#5019=ADVANCED_FACE('',(#4529),#4802,.F.);
#5020=ADVANCED_FACE('',(#4530),#4803,.F.);
#5021=ADVANCED_FACE('',(#4531),#4804,.F.);
#5022=ADVANCED_FACE('',(#4532),#4805,.F.);
#5023=ADVANCED_FACE('',(#4533),#4806,.F.);
#5024=ADVANCED_FACE('',(#4534),#4807,.F.);
#5025=ADVANCED_FACE('',(#4535),#4808,.F.);
#5026=ADVANCED_FACE('',(#4536),#4809,.F.);
#5027=ADVANCED_FACE('',(#4537),#4810,.T.);
#5028=ADVANCED_FACE('',(#4538),#4811,.F.);
#5029=ADVANCED_FACE('',(#4539),#4812,.F.);
#5030=ADVANCED_FACE('',(#4540),#4813,.F.);
#5031=ADVANCED_FACE('',(#4541),#118,.F.);
#5032=ADVANCED_FACE('',(#4542),#119,.T.);
#5033=ADVANCED_FACE('',(#4543),#120,.T.);
#5034=ADVANCED_FACE('',(#4544),#4814,.F.);
#5035=ADVANCED_FACE('',(#4545),#4815,.F.);
#5036=ADVANCED_FACE('',(#4546),#121,.F.);
#5037=ADVANCED_FACE('',(#4547),#122,.F.);
#5038=ADVANCED_FACE('',(#4548),#123,.T.);
#5039=ADVANCED_FACE('',(#4549),#4816,.F.);
#5040=ADVANCED_FACE('',(#4550),#4817,.T.);
#5041=ADVANCED_FACE('',(#4551),#4818,.F.);
#5042=ADVANCED_FACE('',(#4552),#124,.T.);
#5043=ADVANCED_FACE('',(#4553),#125,.T.);
#5044=ADVANCED_FACE('',(#4554),#4819,.F.);
#5045=ADVANCED_FACE('',(#4555),#4820,.F.);
#5046=ADVANCED_FACE('',(#4556),#126,.F.);
#5047=ADVANCED_FACE('',(#4557),#4821,.F.);
#5048=ADVANCED_FACE('',(#4558),#4822,.F.);
#5049=ADVANCED_FACE('',(#4559),#127,.F.);
#5050=ADVANCED_FACE('',(#4560),#4823,.F.);
#5051=ADVANCED_FACE('',(#4561),#4824,.T.);
#5052=ADVANCED_FACE('',(#4562,#4563),#128,.F.);
#5053=ADVANCED_FACE('',(#4564),#4825,.T.);
#5054=ADVANCED_FACE('',(#4565),#4826,.T.);
#5055=ADVANCED_FACE('',(#4566),#4827,.T.);
#5056=ADVANCED_FACE('',(#4567),#4828,.T.);
#5057=ADVANCED_FACE('',(#4568,#4569),#4829,.F.);
#5058=ADVANCED_FACE('',(#4570),#4830,.T.);
#5059=ADVANCED_FACE('',(#4571),#4831,.T.);
#5060=ADVANCED_FACE('',(#4572),#4832,.T.);
#5061=ADVANCED_FACE('',(#4573,#4574),#4833,.F.);
#5062=ADVANCED_FACE('',(#4575),#4834,.T.);
#5063=ADVANCED_FACE('',(#4576),#4835,.T.);
#5064=ADVANCED_FACE('',(#4577),#4836,.T.);
#5065=ADVANCED_FACE('',(#4578,#4579),#4837,.F.);
#5066=ADVANCED_FACE('',(#4580),#4838,.T.);
#5067=ADVANCED_FACE('',(#4581),#4839,.T.);
#5068=ADVANCED_FACE('',(#4582),#4840,.T.);
#5069=ADVANCED_FACE('',(#4583,#4584),#4841,.F.);
#5070=ADVANCED_FACE('',(#4585),#4842,.T.);
#5071=ADVANCED_FACE('',(#4586),#4843,.T.);
#5072=ADVANCED_FACE('',(#4587),#4844,.T.);
#5073=ADVANCED_FACE('',(#4588,#4589),#4845,.F.);
#5074=ADVANCED_FACE('',(#4590),#4846,.T.);
#5075=ADVANCED_FACE('',(#4591),#4847,.T.);
#5076=ADVANCED_FACE('',(#4592),#4848,.T.);
#5077=ADVANCED_FACE('',(#4593,#4594),#4849,.F.);
#5078=ADVANCED_FACE('',(#4595),#4850,.T.);
#5079=ADVANCED_FACE('',(#4596),#4851,.T.);
#5080=ADVANCED_FACE('',(#4597),#4852,.T.);
#5081=ADVANCED_FACE('',(#4598,#4599),#4853,.F.);
#5082=ADVANCED_FACE('',(#4600),#4854,.T.);
#5083=ADVANCED_FACE('',(#4601),#4855,.T.);
#5084=ADVANCED_FACE('',(#4602),#4856,.T.);
#5085=ADVANCED_FACE('',(#4603,#4604),#4857,.F.);
#5086=ADVANCED_FACE('',(#4605),#4858,.F.);
#5087=ADVANCED_FACE('',(#4606),#4859,.F.);
#5088=ADVANCED_FACE('',(#4607),#4860,.T.);
#5089=ADVANCED_FACE('',(#4608),#4861,.F.);
#5090=ADVANCED_FACE('',(#4609),#4862,.F.);
#5091=ADVANCED_FACE('',(#4610),#4863,.F.);
#5092=ADVANCED_FACE('',(#4611),#4864,.F.);
#5093=ADVANCED_FACE('',(#4612),#4865,.T.);
#5094=ADVANCED_FACE('',(#4613),#4866,.F.);
#5095=ADVANCED_FACE('',(#4614),#4867,.F.);
#5096=ADVANCED_FACE('',(#4615),#4868,.F.);
#5097=ADVANCED_FACE('',(#4616),#4869,.F.);
#5098=ADVANCED_FACE('',(#4617),#4870,.T.);
#5099=ADVANCED_FACE('',(#4618),#4871,.F.);
#5100=ADVANCED_FACE('',(#4619),#4872,.F.);
#5101=ADVANCED_FACE('',(#4620),#4873,.F.);
#5102=ADVANCED_FACE('',(#4621),#4874,.F.);
#5103=ADVANCED_FACE('',(#4622),#4875,.T.);
#5104=ADVANCED_FACE('',(#4623),#4876,.F.);
#5105=ADVANCED_FACE('',(#4624),#4877,.F.);
#5106=ADVANCED_FACE('',(#4625),#4878,.F.);
#5107=ADVANCED_FACE('',(#4626),#4879,.F.);
#5108=ADVANCED_FACE('',(#4627),#4880,.T.);
#5109=ADVANCED_FACE('',(#4628),#4881,.F.);
#5110=ADVANCED_FACE('',(#4629),#4882,.F.);
#5111=ADVANCED_FACE('',(#4630),#4883,.F.);
#5112=ADVANCED_FACE('',(#4631),#4884,.F.);
#5113=ADVANCED_FACE('',(#4632),#4885,.T.);
#5114=ADVANCED_FACE('',(#4633),#4886,.F.);
#5115=ADVANCED_FACE('',(#4634),#4887,.F.);
#5116=ADVANCED_FACE('',(#4635),#4888,.F.);
#5117=ADVANCED_FACE('',(#4636),#4889,.F.);
#5118=ADVANCED_FACE('',(#4637),#4890,.T.);
#5119=ADVANCED_FACE('',(#4638),#4891,.F.);
#5120=ADVANCED_FACE('',(#4639),#4892,.F.);
#5121=ADVANCED_FACE('',(#4640),#4893,.F.);
#5122=ADVANCED_FACE('',(#4641),#4894,.F.);
#5123=ADVANCED_FACE('',(#4642),#4895,.T.);
#5124=ADVANCED_FACE('',(#4643),#4896,.F.);
#5125=ADVANCED_FACE('',(#4644),#4897,.F.);
#5126=ADVANCED_FACE('',(#4645),#4898,.F.);
#5127=ADVANCED_FACE('',(#4646),#4899,.F.);
#5128=ADVANCED_FACE('',(#4647),#129,.T.);
#5129=ADVANCED_FACE('',(#4648),#4900,.T.);
#5130=ADVANCED_FACE('',(#4649),#4901,.F.);
#5131=ADVANCED_FACE('',(#4650),#130,.T.);
#5132=ADVANCED_FACE('',(#4651),#4902,.F.);
#5133=ADVANCED_FACE('',(#4652),#4903,.T.);
#5134=ADVANCED_FACE('',(#4653),#4904,.F.);
#5135=ADVANCED_FACE('',(#4654),#131,.T.);
#5136=ADVANCED_FACE('',(#4655),#4905,.F.);
#5137=ADVANCED_FACE('',(#4656),#4906,.T.);
#5138=ADVANCED_FACE('',(#4657),#66,.T.);
#5139=ADVANCED_FACE('',(#4658),#67,.T.);
#5140=ADVANCED_FACE('',(#4659),#68,.T.);
#5141=ADVANCED_FACE('',(#4660),#69,.T.);
#5142=ADVANCED_FACE('',(#4661),#70,.T.);
#5143=ADVANCED_FACE('',(#4662),#71,.T.);
#5144=ADVANCED_FACE('',(#4663),#72,.T.);
#5145=ADVANCED_FACE('',(#4664),#73,.T.);
#5146=ADVANCED_FACE('',(#4665),#74,.T.);
#5147=ADVANCED_FACE('',(#4666),#75,.T.);
#5148=ADVANCED_FACE('',(#4667),#76,.T.);
#5149=ADVANCED_FACE('',(#4668),#77,.T.);
#5150=ADVANCED_FACE('',(#4669),#78,.T.);
#5151=ADVANCED_FACE('',(#4670),#79,.T.);
#5152=ADVANCED_FACE('',(#4671),#80,.T.);
#5153=ADVANCED_FACE('',(#4672),#81,.T.);
#5154=ADVANCED_FACE('',(#4673),#82,.T.);
#5155=ADVANCED_FACE('',(#4674),#83,.T.);
#5156=ADVANCED_FACE('',(#4675),#84,.T.);
#5157=ADVANCED_FACE('',(#4676),#85,.T.);
#5158=ADVANCED_FACE('',(#4677),#86,.T.);
#5159=ADVANCED_FACE('',(#4678),#87,.T.);
#5160=ADVANCED_FACE('',(#4679),#4907,.F.);
#5161=ADVANCED_FACE('',(#4680),#88,.T.);
#5162=ADVANCED_FACE('',(#4681),#4908,.F.);
#5163=ADVANCED_FACE('',(#4682),#89,.T.);
#5164=ADVANCED_FACE('',(#4683,#4684),#132,.T.);
#5165=ADVANCED_FACE('',(#4685),#4909,.F.);
#5166=ADVANCED_FACE('',(#4686),#4910,.F.);
#5167=ADVANCED_FACE('',(#4687),#4911,.F.);
#5168=ADVANCED_FACE('',(#4688),#4912,.T.);
#5169=ADVANCED_FACE('',(#4689),#4913,.T.);
#5170=ADVANCED_FACE('',(#4690),#4914,.F.);
#5171=ADVANCED_FACE('',(#4691),#4915,.F.);
#5172=ADVANCED_FACE('',(#4692),#133,.F.);
#5173=ADVANCED_FACE('',(#4693),#4916,.F.);
#5174=ADVANCED_FACE('',(#4694),#4917,.T.);
#5175=ADVANCED_FACE('',(#4695),#4918,.F.);
#5176=ADVANCED_FACE('',(#4696),#4919,.T.);
#5177=ADVANCED_FACE('',(#4697),#4920,.F.);
#5178=ADVANCED_FACE('',(#4698),#134,.F.);
#5179=ADVANCED_FACE('',(#4699),#4921,.F.);
#5180=ADVANCED_FACE('',(#4700),#4922,.T.);
#5181=ADVANCED_FACE('',(#4701),#4923,.F.);
#5182=ADVANCED_FACE('',(#4702),#135,.F.);
#5183=ADVANCED_FACE('',(#4703),#4924,.F.);
#5184=ADVANCED_FACE('',(#4704),#4925,.F.);
#5185=ADVANCED_FACE('',(#4705),#136,.F.);
#5186=ADVANCED_FACE('',(#4706),#4926,.F.);
#5187=ADVANCED_FACE('',(#4707),#4927,.F.);
#5188=ADVANCED_FACE('',(#4708),#137,.F.);
#5189=ADVANCED_FACE('',(#4709),#4928,.T.);
#5190=ADVANCED_FACE('',(#4710),#4929,.F.);
#5191=ADVANCED_FACE('',(#4711),#4930,.F.);
#5192=ADVANCED_FACE('',(#4712),#138,.F.);
#5193=ADVANCED_FACE('',(#4713),#4931,.T.);
#5194=ADVANCED_FACE('',(#4714),#4932,.F.);
#5195=ADVANCED_FACE('',(#4715),#4933,.F.);
#5196=ADVANCED_FACE('',(#4716),#139,.F.);
#5197=ADVANCED_FACE('',(#4717),#4934,.T.);
#5198=ADVANCED_FACE('',(#4718),#4935,.F.);
#5199=ADVANCED_FACE('',(#4719),#4936,.F.);
#5200=ADVANCED_FACE('',(#4720),#140,.F.);
#5201=ADVANCED_FACE('',(#4721),#4937,.T.);
#5202=ADVANCED_FACE('',(#4722),#4938,.F.);
#5203=ADVANCED_FACE('',(#4723),#4939,.F.);
#5204=ADVANCED_FACE('',(#4724),#141,.F.);
#5205=ADVANCED_FACE('',(#4725),#4940,.T.);
#5206=ADVANCED_FACE('',(#4726),#4941,.F.);
#5207=ADVANCED_FACE('',(#4727),#4942,.F.);
#5208=ADVANCED_FACE('',(#4728),#142,.F.);
#5209=ADVANCED_FACE('',(#4729),#4943,.T.);
#5210=ADVANCED_FACE('',(#4730),#4944,.F.);
#5211=ADVANCED_FACE('',(#4731),#4945,.F.);
#5212=ADVANCED_FACE('',(#4732),#143,.F.);
#5213=ADVANCED_FACE('',(#4733),#4946,.T.);
#5214=ADVANCED_FACE('',(#4734),#4947,.F.);
#5215=ADVANCED_FACE('',(#4735),#4948,.F.);
#5216=ADVANCED_FACE('',(#4736),#144,.F.);
#5217=ADVANCED_FACE('',(#4737),#4949,.T.);
#5218=ADVANCED_FACE('',(#4738),#4950,.F.);
#5219=ADVANCED_FACE('',(#4739),#4951,.F.);
#5220=ADVANCED_FACE('',(#4740),#145,.F.);
#5221=ADVANCED_FACE('',(#4741),#4952,.T.);
#5222=ADVANCED_FACE('',(#4742),#4953,.F.);
#5223=ADVANCED_FACE('',(#4743),#4954,.F.);
#5224=ADVANCED_FACE('',(#4744),#146,.F.);
#5225=ADVANCED_FACE('',(#4745),#4955,.T.);
#5226=ADVANCED_FACE('',(#4746),#4956,.F.);
#5227=ADVANCED_FACE('',(#4747),#4957,.F.);
#5228=ADVANCED_FACE('',(#4748),#147,.F.);
#5229=ADVANCED_FACE('',(#4749),#4958,.T.);
#5230=ADVANCED_FACE('',(#4750),#4959,.F.);
#5231=ADVANCED_FACE('',(#4751),#4960,.F.);
#5232=ADVANCED_FACE('',(#4752),#148,.F.);
#5233=ADVANCED_FACE('',(#4753),#4961,.T.);
#5234=ADVANCED_FACE('',(#4754),#4962,.F.);
#5235=ADVANCED_FACE('',(#4755),#4963,.F.);
#5236=ADVANCED_FACE('',(#4756),#149,.F.);
#5237=ADVANCED_FACE('',(#4757),#4964,.T.);
#5238=ADVANCED_FACE('',(#4758),#4965,.F.);
#5239=ADVANCED_FACE('',(#4759),#4966,.F.);
#5240=ADVANCED_FACE('',(#4760),#150,.F.);
#5241=ADVANCED_FACE('',(#4761),#4967,.T.);
#5242=ADVANCED_FACE('',(#4762),#4968,.F.);
#5243=ADVANCED_FACE('',(#4763),#4969,.F.);
#5244=ADVANCED_FACE('',(#4764),#151,.F.);
#5245=ADVANCED_FACE('',(#4765),#4970,.T.);
#5246=ADVANCED_FACE('',(#4766),#4971,.F.);
#5247=ADVANCED_FACE('',(#4767),#4972,.F.);
#5248=ADVANCED_FACE('',(#4768),#152,.F.);
#5249=ADVANCED_FACE('',(#4769),#4973,.T.);
#5250=ADVANCED_FACE('',(#4770),#4974,.F.);
#5251=ADVANCED_FACE('',(#4771),#4975,.F.);
#5252=ADVANCED_FACE('',(#4772),#153,.F.);
#5253=ADVANCED_FACE('',(#4773),#4976,.T.);
#5254=ADVANCED_FACE('',(#4774),#4977,.F.);
#5255=ADVANCED_FACE('',(#4775),#4978,.F.);
#5256=ADVANCED_FACE('',(#4776),#154,.F.);
#5257=ADVANCED_FACE('',(#4777),#155,.F.);
#5258=ADVANCED_FACE('',(#4778),#4979,.F.);
#5259=ADVANCED_FACE('',(#4779),#4980,.F.);
#5260=ADVANCED_FACE('',(#4780),#4981,.T.);
#5261=CLOSED_SHELL('',(#4982,#4983,#4984,#4985,#4986,#4987,#4988,#4989,
#4990,#4991,#4992,#4993,#4994,#4995,#4996,#4997,#4998,#4999,#5000,#5001,
#5002,#5003,#5004,#5005,#5006,#5007,#5008,#5009,#5010,#5011,#5012,#5013,
#5014,#5015,#5016,#5017,#5018,#5019,#5020,#5021,#5022,#5023,#5024,#5025,
#5026,#5027,#5028,#5029,#5030,#5031,#5032,#5033,#5034,#5035,#5036,#5037,
#5038,#5039,#5040,#5041,#5042,#5043,#5044,#5045,#5046,#5047,#5048,#5049,
#5050,#5051,#5052,#5053,#5054,#5055,#5056,#5057,#5058,#5059,#5060,#5061,
#5062,#5063,#5064,#5065,#5066,#5067,#5068,#5069,#5070,#5071,#5072,#5073,
#5074,#5075,#5076,#5077,#5078,#5079,#5080,#5081,#5082,#5083,#5084,#5085,
#5086,#5087,#5088,#5089,#5090,#5091,#5092,#5093,#5094,#5095,#5096,#5097,
#5098,#5099,#5100,#5101,#5102,#5103,#5104,#5105,#5106,#5107,#5108,#5109,
#5110,#5111,#5112,#5113,#5114,#5115,#5116,#5117,#5118,#5119,#5120,#5121,
#5122,#5123,#5124,#5125,#5126,#5127,#5128,#5129,#5130,#5131,#5132,#5133,
#5134,#5135,#5136,#5137));
#5262=CLOSED_SHELL('',(#5138,#5139,#5140,#5141,#5142,#5143,#5144,#5145,
#5146,#5147,#5148,#5149,#5150,#5151,#5152,#5153,#5154,#5155,#5156,#5157,
#5158,#5159,#5160,#5161,#5162,#5163,#5164,#5165,#5166,#5167,#5168,#5169,
#5170,#5171,#5172,#5173,#5174,#5175,#5176,#5177,#5178,#5179,#5180,#5181,
#5182,#5183,#5184,#5185,#5186,#5187,#5188,#5189,#5190,#5191,#5192,#5193,
#5194,#5195,#5196,#5197,#5198,#5199,#5200,#5201,#5202,#5203,#5204,#5205,
#5206,#5207,#5208,#5209,#5210,#5211,#5212,#5213,#5214,#5215,#5216,#5217,
#5218,#5219,#5220,#5221,#5222,#5223,#5224,#5225,#5226,#5227,#5228,#5229,
#5230,#5231,#5232,#5233,#5234,#5235,#5236,#5237,#5238,#5239,#5240,#5241,
#5242,#5243,#5244,#5245,#5246,#5247,#5248,#5249,#5250,#5251,#5252,#5253,
#5254,#5255,#5256,#5257,#5258,#5259,#5260));
#5263=MANIFOLD_SOLID_BREP('SS-10-3-w/o-body',#5261);
#5264=MANIFOLD_SOLID_BREP('SS-10_3wkwo-knob',#5262);
#5265=SHAPE_DEFINITION_REPRESENTATION(#8874,#5268);
#5266=SHAPE_DEFINITION_REPRESENTATION(#8875,#5269);
#5267=SHAPE_DEFINITION_REPRESENTATION(#8877,#5270);
#5268=SHAPE_REPRESENTATION('SS-10-23NP-LE',(#5271,#5489,#5728),#8865);
#5269=SHAPE_REPRESENTATION('SS-10-3-w/o-body',(#5271),#8866);
#5270=SHAPE_REPRESENTATION('SS-10_3wkwo-knob',(#5271),#8867);
#5271=AXIS2_PLACEMENT_3D('',#7176,#5729,#5730);
#5272=AXIS2_PLACEMENT_3D('',#7177,#5731,#5732);
#5273=AXIS2_PLACEMENT_3D('',#7185,#5736,#5737);
#5274=AXIS2_PLACEMENT_3D('',#7189,#5739,#5740);
#5275=AXIS2_PLACEMENT_3D('',#7193,#5742,#5743);
#5276=AXIS2_PLACEMENT_3D('',#7215,#5754,#5755);
#5277=AXIS2_PLACEMENT_3D('',#7217,#5756,#5757);
#5278=AXIS2_PLACEMENT_3D('',#7219,#5758,#5759);
#5279=AXIS2_PLACEMENT_3D('',#7225,#5762,#5763);
#5280=AXIS2_PLACEMENT_3D('',#7227,#5764,#5765);
#5281=AXIS2_PLACEMENT_3D('',#7229,#5766,#5767);
#5282=AXIS2_PLACEMENT_3D('',#7232,#5769,#5770);
#5283=AXIS2_PLACEMENT_3D('',#7239,#5773,#5774);
#5284=AXIS2_PLACEMENT_3D('',#7245,#5777,#5778);
#5285=AXIS2_PLACEMENT_3D('',#7251,#5781,#5782);
#5286=AXIS2_PLACEMENT_3D('',#7252,#5783,#5784);
#5287=AXIS2_PLACEMENT_3D('',#7257,#5786,#5787);
#5288=AXIS2_PLACEMENT_3D('',#7261,#5789,#5790);
#5289=AXIS2_PLACEMENT_3D('',#7265,#5792,#5793);
#5290=AXIS2_PLACEMENT_3D('',#7269,#5795,#5796);
#5291=AXIS2_PLACEMENT_3D('',#7273,#5798,#5799);
#5292=AXIS2_PLACEMENT_3D('',#7276,#5801,#5802);
#5293=AXIS2_PLACEMENT_3D('',#7277,#5803,#5804);
#5294=AXIS2_PLACEMENT_3D('',#7279,#5805,#5806);
#5295=AXIS2_PLACEMENT_3D('',#7281,#5807,#5808);
#5296=AXIS2_PLACEMENT_3D('',#7283,#5809,#5810);
#5297=AXIS2_PLACEMENT_3D('',#7326,#5831,#5832);
#5298=AXIS2_PLACEMENT_3D('',#7330,#5834,#5835);
#5299=AXIS2_PLACEMENT_3D('',#7366,#5853,#5854);
#5300=AXIS2_PLACEMENT_3D('',#7370,#5856,#5857);
#5301=AXIS2_PLACEMENT_3D('',#7373,#5859,#5860);
#5302=AXIS2_PLACEMENT_3D('',#7399,#5876,#5877);
#5303=AXIS2_PLACEMENT_3D('',#7425,#5893,#5894);
#5304=AXIS2_PLACEMENT_3D('',#7435,#5900,#5901);
#5305=AXIS2_PLACEMENT_3D('',#7439,#5903,#5904);
#5306=AXIS2_PLACEMENT_3D('',#7440,#5905,#5906);
#5307=AXIS2_PLACEMENT_3D('',#7441,#5907,#5908);
#5308=AXIS2_PLACEMENT_3D('',#7448,#5913,#5914);
#5309=AXIS2_PLACEMENT_3D('',#7451,#5916,#5917);
#5310=AXIS2_PLACEMENT_3D('',#7454,#5919,#5920);
#5311=AXIS2_PLACEMENT_3D('',#7458,#5923,#5924);
#5312=AXIS2_PLACEMENT_3D('',#7459,#5925,#5926);
#5313=AXIS2_PLACEMENT_3D('',#7460,#5927,#5928);
#5314=AXIS2_PLACEMENT_3D('',#7461,#5929,#5930);
#5315=AXIS2_PLACEMENT_3D('',#7464,#5932,#5933);
#5316=AXIS2_PLACEMENT_3D('',#7466,#5935,#5936);
#5317=AXIS2_PLACEMENT_3D('',#7470,#5938,#5939);
#5318=AXIS2_PLACEMENT_3D('',#7471,#5940,#5941);
#5319=AXIS2_PLACEMENT_3D('',#7475,#5943,#5944);
#5320=AXIS2_PLACEMENT_3D('',#7476,#5945,#5946);
#5321=AXIS2_PLACEMENT_3D('',#7477,#5947,#5948);
#5322=AXIS2_PLACEMENT_3D('',#7479,#5950,#5951);
#5323=AXIS2_PLACEMENT_3D('',#7481,#5953,#5954);
#5324=AXIS2_PLACEMENT_3D('',#7483,#5956,#5957);
#5325=AXIS2_PLACEMENT_3D('',#7484,#5958,#5959);
#5326=AXIS2_PLACEMENT_3D('',#7486,#5961,#5962);
#5327=AXIS2_PLACEMENT_3D('',#7487,#5963,#5964);
#5328=AXIS2_PLACEMENT_3D('',#7489,#5966,#5967);
#5329=AXIS2_PLACEMENT_3D('',#7490,#5968,#5969);
#5330=AXIS2_PLACEMENT_3D('',#7499,#5974,#5975);
#5331=AXIS2_PLACEMENT_3D('',#7502,#5978,#5979);
#5332=AXIS2_PLACEMENT_3D('',#7505,#5982,#5983);
#5333=AXIS2_PLACEMENT_3D('',#7506,#5984,#5985);
#5334=AXIS2_PLACEMENT_3D('',#7507,#5986,#5987);
#5335=AXIS2_PLACEMENT_3D('',#7508,#5988,#5989);
#5336=AXIS2_PLACEMENT_3D('',#7510,#5990,#5991);
#5337=AXIS2_PLACEMENT_3D('',#7511,#5992,#5993);
#5338=AXIS2_PLACEMENT_3D('',#7513,#5994,#5995);
#5339=AXIS2_PLACEMENT_3D('',#7514,#5996,#5997);
#5340=AXIS2_PLACEMENT_3D('',#7515,#5998,#5999);
#5341=AXIS2_PLACEMENT_3D('',#7517,#6000,#6001);
#5342=AXIS2_PLACEMENT_3D('',#7518,#6002,#6003);
#5343=AXIS2_PLACEMENT_3D('',#7520,#6004,#6005);
#5344=AXIS2_PLACEMENT_3D('',#7521,#6006,#6007);
#5345=AXIS2_PLACEMENT_3D('',#7522,#6008,#6009);
#5346=AXIS2_PLACEMENT_3D('',#7524,#6010,#6011);
#5347=AXIS2_PLACEMENT_3D('',#7525,#6012,#6013);
#5348=AXIS2_PLACEMENT_3D('',#7527,#6014,#6015);
#5349=AXIS2_PLACEMENT_3D('',#7528,#6016,#6017);
#5350=AXIS2_PLACEMENT_3D('',#7529,#6018,#6019);
#5351=AXIS2_PLACEMENT_3D('',#7531,#6020,#6021);
#5352=AXIS2_PLACEMENT_3D('',#7532,#6022,#6023);
#5353=AXIS2_PLACEMENT_3D('',#7534,#6024,#6025);
#5354=AXIS2_PLACEMENT_3D('',#7535,#6026,#6027);
#5355=AXIS2_PLACEMENT_3D('',#7541,#6031,#6032);
#5356=AXIS2_PLACEMENT_3D('',#7545,#6035,#6036);
#5357=AXIS2_PLACEMENT_3D('',#7549,#6039,#6040);
#5358=AXIS2_PLACEMENT_3D('',#7553,#6043,#6044);
#5359=AXIS2_PLACEMENT_3D('',#7557,#6047,#6048);
#5360=AXIS2_PLACEMENT_3D('',#7561,#6051,#6052);
#5361=AXIS2_PLACEMENT_3D('',#7563,#6054,#6055);
#5362=AXIS2_PLACEMENT_3D('',#7564,#6056,#6057);
#5363=AXIS2_PLACEMENT_3D('',#7570,#6061,#6062);
#5364=AXIS2_PLACEMENT_3D('',#7574,#6065,#6066);
#5365=AXIS2_PLACEMENT_3D('',#7578,#6069,#6070);
#5366=AXIS2_PLACEMENT_3D('',#7581,#6072,#6073);
#5367=AXIS2_PLACEMENT_3D('',#7582,#6074,#6075);
#5368=AXIS2_PLACEMENT_3D('',#7585,#6077,#6078);
#5369=AXIS2_PLACEMENT_3D('',#7586,#6079,#6080);
#5370=AXIS2_PLACEMENT_3D('',#7589,#6082,#6083);
#5371=AXIS2_PLACEMENT_3D('',#7590,#6084,#6085);
#5372=AXIS2_PLACEMENT_3D('',#7594,#6088,#6089);
#5373=AXIS2_PLACEMENT_3D('',#7598,#6092,#6093);
#5374=AXIS2_PLACEMENT_3D('',#7601,#6095,#6096);
#5375=AXIS2_PLACEMENT_3D('',#7602,#6097,#6098);
#5376=AXIS2_PLACEMENT_3D('',#7605,#6100,#6101);
#5377=AXIS2_PLACEMENT_3D('',#7606,#6102,#6103);
#5378=AXIS2_PLACEMENT_3D('',#7609,#6105,#6106);
#5379=AXIS2_PLACEMENT_3D('',#7610,#6107,#6108);
#5380=AXIS2_PLACEMENT_3D('',#7612,#6110,#6111);
#5381=AXIS2_PLACEMENT_3D('',#7613,#6112,#6113);
#5382=AXIS2_PLACEMENT_3D('',#7619,#6117,#6118);
#5383=AXIS2_PLACEMENT_3D('',#7622,#6120,#6121);
#5384=AXIS2_PLACEMENT_3D('',#7623,#6122,#6123);
#5385=AXIS2_PLACEMENT_3D('',#7626,#6125,#6126);
#5386=AXIS2_PLACEMENT_3D('',#7627,#6127,#6128);
#5387=AXIS2_PLACEMENT_3D('',#7631,#6131,#6132);
#5388=AXIS2_PLACEMENT_3D('',#7635,#6135,#6136);
#5389=AXIS2_PLACEMENT_3D('',#7638,#6138,#6139);
#5390=AXIS2_PLACEMENT_3D('',#7639,#6140,#6141);
#5391=AXIS2_PLACEMENT_3D('',#7643,#6144,#6145);
#5392=AXIS2_PLACEMENT_3D('',#7647,#6148,#6149);
#5393=AXIS2_PLACEMENT_3D('',#7650,#6151,#6152);
#5394=AXIS2_PLACEMENT_3D('',#7651,#6153,#6154);
#5395=AXIS2_PLACEMENT_3D('',#7653,#6156,#6157);
#5396=AXIS2_PLACEMENT_3D('',#7654,#6158,#6159);
#5397=AXIS2_PLACEMENT_3D('',#7655,#6160,#6161);
#5398=AXIS2_PLACEMENT_3D('',#7659,#6163,#6164);
#5399=AXIS2_PLACEMENT_3D('',#7664,#6167,#6168);
#5400=AXIS2_PLACEMENT_3D('',#7669,#6171,#6172);
#5401=AXIS2_PLACEMENT_3D('',#7672,#6174,#6175);
#5402=AXIS2_PLACEMENT_3D('',#7673,#6176,#6177);
#5403=AXIS2_PLACEMENT_3D('',#7679,#6181,#6182);
#5404=AXIS2_PLACEMENT_3D('',#7681,#6184,#6185);
#5405=AXIS2_PLACEMENT_3D('',#7683,#6187,#6188);
#5406=AXIS2_PLACEMENT_3D('',#7692,#6193,#6194);
#5407=AXIS2_PLACEMENT_3D('',#7698,#6198,#6199);
#5408=AXIS2_PLACEMENT_3D('',#7700,#6201,#6202);
#5409=AXIS2_PLACEMENT_3D('',#7702,#6204,#6205);
#5410=AXIS2_PLACEMENT_3D('',#7711,#6210,#6211);
#5411=AXIS2_PLACEMENT_3D('',#7717,#6215,#6216);
#5412=AXIS2_PLACEMENT_3D('',#7719,#6218,#6219);
#5413=AXIS2_PLACEMENT_3D('',#7721,#6221,#6222);
#5414=AXIS2_PLACEMENT_3D('',#7730,#6227,#6228);
#5415=AXIS2_PLACEMENT_3D('',#7736,#6232,#6233);
#5416=AXIS2_PLACEMENT_3D('',#7738,#6235,#6236);
#5417=AXIS2_PLACEMENT_3D('',#7740,#6238,#6239);
#5418=AXIS2_PLACEMENT_3D('',#7749,#6244,#6245);
#5419=AXIS2_PLACEMENT_3D('',#7753,#6248,#6249);
#5420=AXIS2_PLACEMENT_3D('',#7757,#6252,#6253);
#5421=AXIS2_PLACEMENT_3D('',#7759,#6255,#6256);
#5422=AXIS2_PLACEMENT_3D('',#7768,#6261,#6262);
#5423=AXIS2_PLACEMENT_3D('',#7772,#6265,#6266);
#5424=AXIS2_PLACEMENT_3D('',#7776,#6269,#6270);
#5425=AXIS2_PLACEMENT_3D('',#7778,#6272,#6273);
#5426=AXIS2_PLACEMENT_3D('',#7787,#6278,#6279);
#5427=AXIS2_PLACEMENT_3D('',#7791,#6282,#6283);
#5428=AXIS2_PLACEMENT_3D('',#7795,#6286,#6287);
#5429=AXIS2_PLACEMENT_3D('',#7797,#6289,#6290);
#5430=AXIS2_PLACEMENT_3D('',#7806,#6295,#6296);
#5431=AXIS2_PLACEMENT_3D('',#7810,#6299,#6300);
#5432=AXIS2_PLACEMENT_3D('',#7814,#6303,#6304);
#5433=AXIS2_PLACEMENT_3D('',#7816,#6306,#6307);
#5434=AXIS2_PLACEMENT_3D('',#7825,#6312,#6313);
#5435=AXIS2_PLACEMENT_3D('',#7831,#6317,#6318);
#5436=AXIS2_PLACEMENT_3D('',#7837,#6322,#6323);
#5437=AXIS2_PLACEMENT_3D('',#7839,#6325,#6326);
#5438=AXIS2_PLACEMENT_3D('',#7841,#6328,#6329);
#5439=AXIS2_PLACEMENT_3D('',#7842,#6330,#6331);
#5440=AXIS2_PLACEMENT_3D('',#7848,#6335,#6336);
#5441=AXIS2_PLACEMENT_3D('',#7854,#6340,#6341);
#5442=AXIS2_PLACEMENT_3D('',#7856,#6343,#6344);
#5443=AXIS2_PLACEMENT_3D('',#7858,#6346,#6347);
#5444=AXIS2_PLACEMENT_3D('',#7859,#6348,#6349);
#5445=AXIS2_PLACEMENT_3D('',#7865,#6353,#6354);
#5446=AXIS2_PLACEMENT_3D('',#7871,#6358,#6359);
#5447=AXIS2_PLACEMENT_3D('',#7873,#6361,#6362);
#5448=AXIS2_PLACEMENT_3D('',#7875,#6364,#6365);
#5449=AXIS2_PLACEMENT_3D('',#7876,#6366,#6367);
#5450=AXIS2_PLACEMENT_3D('',#7882,#6371,#6372);
#5451=AXIS2_PLACEMENT_3D('',#7888,#6376,#6377);
#5452=AXIS2_PLACEMENT_3D('',#7890,#6379,#6380);
#5453=AXIS2_PLACEMENT_3D('',#7892,#6382,#6383);
#5454=AXIS2_PLACEMENT_3D('',#7893,#6384,#6385);
#5455=AXIS2_PLACEMENT_3D('',#7899,#6389,#6390);
#5456=AXIS2_PLACEMENT_3D('',#7905,#6394,#6395);
#5457=AXIS2_PLACEMENT_3D('',#7907,#6397,#6398);
#5458=AXIS2_PLACEMENT_3D('',#7909,#6400,#6401);
#5459=AXIS2_PLACEMENT_3D('',#7910,#6402,#6403);
#5460=AXIS2_PLACEMENT_3D('',#7916,#6407,#6408);
#5461=AXIS2_PLACEMENT_3D('',#7922,#6412,#6413);
#5462=AXIS2_PLACEMENT_3D('',#7924,#6415,#6416);
#5463=AXIS2_PLACEMENT_3D('',#7926,#6418,#6419);
#5464=AXIS2_PLACEMENT_3D('',#7927,#6420,#6421);
#5465=AXIS2_PLACEMENT_3D('',#7933,#6425,#6426);
#5466=AXIS2_PLACEMENT_3D('',#7939,#6430,#6431);
#5467=AXIS2_PLACEMENT_3D('',#7941,#6433,#6434);
#5468=AXIS2_PLACEMENT_3D('',#7943,#6436,#6437);
#5469=AXIS2_PLACEMENT_3D('',#7944,#6438,#6439);
#5470=AXIS2_PLACEMENT_3D('',#7950,#6443,#6444);
#5471=AXIS2_PLACEMENT_3D('',#7956,#6448,#6449);
#5472=AXIS2_PLACEMENT_3D('',#7958,#6451,#6452);
#5473=AXIS2_PLACEMENT_3D('',#7960,#6454,#6455);
#5474=AXIS2_PLACEMENT_3D('',#7961,#6456,#6457);
#5475=AXIS2_PLACEMENT_3D('',#7965,#6460,#6461);
#5476=AXIS2_PLACEMENT_3D('',#7969,#6464,#6465);
#5477=AXIS2_PLACEMENT_3D('',#7970,#6466,#6467);
#5478=AXIS2_PLACEMENT_3D('',#7971,#6468,#6469);
#5479=AXIS2_PLACEMENT_3D('',#7972,#6470,#6471);
#5480=AXIS2_PLACEMENT_3D('',#7976,#6474,#6475);
#5481=AXIS2_PLACEMENT_3D('',#7977,#6476,#6477);
#5482=AXIS2_PLACEMENT_3D('',#7980,#6479,#6480);
#5483=AXIS2_PLACEMENT_3D('',#7982,#6482,#6483);
#5484=AXIS2_PLACEMENT_3D('',#7983,#6484,#6485);
#5485=AXIS2_PLACEMENT_3D('',#7987,#6488,#6489);
#5486=AXIS2_PLACEMENT_3D('',#7988,#6490,#6491);
#5487=AXIS2_PLACEMENT_3D('',#7991,#6493,#6494);
#5488=AXIS2_PLACEMENT_3D('',#7993,#6496,#6497);
#5489=AXIS2_PLACEMENT_3D('',#7994,#6498,#6499);
#5490=AXIS2_PLACEMENT_3D('',#7995,#6500,#6501);
#5491=AXIS2_PLACEMENT_3D('',#7996,#6502,#6503);
#5492=AXIS2_PLACEMENT_3D('',#8008,#6504,#6505);
#5493=AXIS2_PLACEMENT_3D('',#8009,#6506,#6507);
#5494=AXIS2_PLACEMENT_3D('',#8017,#6508,#6509);
#5495=AXIS2_PLACEMENT_3D('',#8023,#6510,#6511);
#5496=AXIS2_PLACEMENT_3D('',#8024,#6512,#6513);
#5497=AXIS2_PLACEMENT_3D('',#8032,#6514,#6515);
#5498=AXIS2_PLACEMENT_3D('',#8038,#6516,#6517);
#5499=AXIS2_PLACEMENT_3D('',#8039,#6518,#6519);
#5500=AXIS2_PLACEMENT_3D('',#8047,#6520,#6521);
#5501=AXIS2_PLACEMENT_3D('',#8053,#6522,#6523);
#5502=AXIS2_PLACEMENT_3D('',#8054,#6524,#6525);
#5503=AXIS2_PLACEMENT_3D('',#8062,#6526,#6527);
#5504=AXIS2_PLACEMENT_3D('',#8068,#6528,#6529);
#5505=AXIS2_PLACEMENT_3D('',#8069,#6530,#6531);
#5506=AXIS2_PLACEMENT_3D('',#8077,#6532,#6533);
#5507=AXIS2_PLACEMENT_3D('',#8083,#6534,#6535);
#5508=AXIS2_PLACEMENT_3D('',#8084,#6536,#6537);
#5509=AXIS2_PLACEMENT_3D('',#8092,#6538,#6539);
#5510=AXIS2_PLACEMENT_3D('',#8098,#6540,#6541);
#5511=AXIS2_PLACEMENT_3D('',#8099,#6542,#6543);
#5512=AXIS2_PLACEMENT_3D('',#8107,#6544,#6545);
#5513=AXIS2_PLACEMENT_3D('',#8113,#6546,#6547);
#5514=AXIS2_PLACEMENT_3D('',#8114,#6548,#6549);
#5515=AXIS2_PLACEMENT_3D('',#8122,#6550,#6551);
#5516=AXIS2_PLACEMENT_3D('',#8128,#6552,#6553);
#5517=AXIS2_PLACEMENT_3D('',#8129,#6554,#6555);
#5518=AXIS2_PLACEMENT_3D('',#8137,#6556,#6557);
#5519=AXIS2_PLACEMENT_3D('',#8143,#6558,#6559);
#5520=AXIS2_PLACEMENT_3D('',#8144,#6560,#6561);
#5521=AXIS2_PLACEMENT_3D('',#8152,#6562,#6563);
#5522=AXIS2_PLACEMENT_3D('',#8158,#6564,#6565);
#5523=AXIS2_PLACEMENT_3D('',#8159,#6566,#6567);
#5524=AXIS2_PLACEMENT_3D('',#8171,#6568,#6569);
#5525=AXIS2_PLACEMENT_3D('',#8172,#6570,#6571);
#5526=AXIS2_PLACEMENT_3D('',#8180,#6572,#6573);
#5527=AXIS2_PLACEMENT_3D('',#8186,#6574,#6575);
#5528=AXIS2_PLACEMENT_3D('',#8187,#6576,#6577);
#5529=AXIS2_PLACEMENT_3D('',#8195,#6578,#6579);
#5530=AXIS2_PLACEMENT_3D('',#8201,#6580,#6581);
#5531=AXIS2_PLACEMENT_3D('',#8202,#6582,#6583);
#5532=AXIS2_PLACEMENT_3D('',#8210,#6584,#6585);
#5533=AXIS2_PLACEMENT_3D('',#8216,#6586,#6587);
#5534=AXIS2_PLACEMENT_3D('',#8217,#6588,#6589);
#5535=AXIS2_PLACEMENT_3D('',#8225,#6590,#6591);
#5536=AXIS2_PLACEMENT_3D('',#8231,#6592,#6593);
#5537=AXIS2_PLACEMENT_3D('',#8232,#6594,#6595);
#5538=AXIS2_PLACEMENT_3D('',#8240,#6596,#6597);
#5539=AXIS2_PLACEMENT_3D('',#8246,#6598,#6599);
#5540=AXIS2_PLACEMENT_3D('',#8247,#6600,#6601);
#5541=AXIS2_PLACEMENT_3D('',#8255,#6602,#6603);
#5542=AXIS2_PLACEMENT_3D('',#8261,#6604,#6605);
#5543=AXIS2_PLACEMENT_3D('',#8262,#6606,#6607);
#5544=AXIS2_PLACEMENT_3D('',#8270,#6608,#6609);
#5545=AXIS2_PLACEMENT_3D('',#8276,#6610,#6611);
#5546=AXIS2_PLACEMENT_3D('',#8277,#6612,#6613);
#5547=AXIS2_PLACEMENT_3D('',#8285,#6614,#6615);
#5548=AXIS2_PLACEMENT_3D('',#8291,#6616,#6617);
#5549=AXIS2_PLACEMENT_3D('',#8292,#6618,#6619);
#5550=AXIS2_PLACEMENT_3D('',#8300,#6620,#6621);
#5551=AXIS2_PLACEMENT_3D('',#8306,#6622,#6623);
#5552=AXIS2_PLACEMENT_3D('',#8307,#6624,#6625);
#5553=AXIS2_PLACEMENT_3D('',#8315,#6626,#6627);
#5554=AXIS2_PLACEMENT_3D('',#8321,#6628,#6629);
#5555=AXIS2_PLACEMENT_3D('',#8322,#6630,#6631);
#5556=AXIS2_PLACEMENT_3D('',#8328,#6634,#6635);
#5557=AXIS2_PLACEMENT_3D('',#8332,#6637,#6638);
#5558=AXIS2_PLACEMENT_3D('',#8337,#6641,#6642);
#5559=AXIS2_PLACEMENT_3D('',#8342,#6645,#6646);
#5560=AXIS2_PLACEMENT_3D('',#8347,#6649,#6650);
#5561=AXIS2_PLACEMENT_3D('',#8352,#6653,#6654);
#5562=AXIS2_PLACEMENT_3D('',#8357,#6657,#6658);
#5563=AXIS2_PLACEMENT_3D('',#8362,#6661,#6662);
#5564=AXIS2_PLACEMENT_3D('',#8367,#6665,#6666);
#5565=AXIS2_PLACEMENT_3D('',#8372,#6669,#6670);
#5566=AXIS2_PLACEMENT_3D('',#8377,#6673,#6674);
#5567=AXIS2_PLACEMENT_3D('',#8381,#6677,#6678);
#5568=AXIS2_PLACEMENT_3D('',#8391,#6679,#6680);
#5569=AXIS2_PLACEMENT_3D('',#8392,#6681,#6682);
#5570=AXIS2_PLACEMENT_3D('',#8398,#6685,#6686);
#5571=AXIS2_PLACEMENT_3D('',#8402,#6688,#6689);
#5572=AXIS2_PLACEMENT_3D('',#8407,#6692,#6693);
#5573=AXIS2_PLACEMENT_3D('',#8412,#6696,#6697);
#5574=AXIS2_PLACEMENT_3D('',#8417,#6700,#6701);
#5575=AXIS2_PLACEMENT_3D('',#8422,#6704,#6705);
#5576=AXIS2_PLACEMENT_3D('',#8427,#6708,#6709);
#5577=AXIS2_PLACEMENT_3D('',#8432,#6712,#6713);
#5578=AXIS2_PLACEMENT_3D('',#8437,#6716,#6717);
#5579=AXIS2_PLACEMENT_3D('',#8442,#6720,#6721);
#5580=AXIS2_PLACEMENT_3D('',#8447,#6724,#6725);
#5581=AXIS2_PLACEMENT_3D('',#8451,#6728,#6729);
#5582=AXIS2_PLACEMENT_3D('',#8461,#6730,#6731);
#5583=AXIS2_PLACEMENT_3D('',#8464,#6733,#6734);
#5584=AXIS2_PLACEMENT_3D('',#8469,#6737,#6738);
#5585=AXIS2_PLACEMENT_3D('',#8474,#6741,#6742);
#5586=AXIS2_PLACEMENT_3D('',#8479,#6745,#6746);
#5587=AXIS2_PLACEMENT_3D('',#8484,#6749,#6750);
#5588=AXIS2_PLACEMENT_3D('',#8489,#6753,#6754);
#5589=AXIS2_PLACEMENT_3D('',#8494,#6757,#6758);
#5590=AXIS2_PLACEMENT_3D('',#8499,#6761,#6762);
#5591=AXIS2_PLACEMENT_3D('',#8504,#6765,#6766);
#5592=AXIS2_PLACEMENT_3D('',#8509,#6769,#6770);
#5593=AXIS2_PLACEMENT_3D('',#8514,#6773,#6774);
#5594=AXIS2_PLACEMENT_3D('',#8518,#6776,#6777);
#5595=AXIS2_PLACEMENT_3D('',#8522,#6779,#6780);
#5596=AXIS2_PLACEMENT_3D('',#8526,#6782,#6783);
#5597=AXIS2_PLACEMENT_3D('',#8530,#6785,#6786);
#5598=AXIS2_PLACEMENT_3D('',#8535,#6789,#6790);
#5599=AXIS2_PLACEMENT_3D('',#8540,#6793,#6794);
#5600=AXIS2_PLACEMENT_3D('',#8545,#6797,#6798);
#5601=AXIS2_PLACEMENT_3D('',#8550,#6801,#6802);
#5602=AXIS2_PLACEMENT_3D('',#8555,#6805,#6806);
#5603=AXIS2_PLACEMENT_3D('',#8560,#6809,#6810);
#5604=AXIS2_PLACEMENT_3D('',#8565,#6813,#6814);
#5605=AXIS2_PLACEMENT_3D('',#8570,#6817,#6818);
#5606=AXIS2_PLACEMENT_3D('',#8575,#6821,#6822);
#5607=AXIS2_PLACEMENT_3D('',#8578,#6824,#6825);
#5608=AXIS2_PLACEMENT_3D('',#8580,#6826,#6827);
#5609=AXIS2_PLACEMENT_3D('',#8581,#6828,#6829);
#5610=AXIS2_PLACEMENT_3D('',#8591,#6835,#6836);
#5611=AXIS2_PLACEMENT_3D('',#8601,#6842,#6843);
#5612=AXIS2_PLACEMENT_3D('',#8605,#6846,#6847);
#5613=AXIS2_PLACEMENT_3D('',#8610,#6851,#6852);
#5614=AXIS2_PLACEMENT_3D('',#8613,#6854,#6855);
#5615=AXIS2_PLACEMENT_3D('',#8619,#6859,#6860);
#5616=AXIS2_PLACEMENT_3D('',#8622,#6862,#6863);
#5617=AXIS2_PLACEMENT_3D('',#8623,#6864,#6865);
#5618=AXIS2_PLACEMENT_3D('',#8627,#6868,#6869);
#5619=AXIS2_PLACEMENT_3D('',#8628,#6870,#6871);
#5620=AXIS2_PLACEMENT_3D('',#8631,#6873,#6874);
#5621=AXIS2_PLACEMENT_3D('',#8633,#6876,#6877);
#5622=AXIS2_PLACEMENT_3D('',#8634,#6878,#6879);
#5623=AXIS2_PLACEMENT_3D('',#8638,#6882,#6883);
#5624=AXIS2_PLACEMENT_3D('',#8641,#6885,#6886);
#5625=AXIS2_PLACEMENT_3D('',#8642,#6887,#6888);
#5626=AXIS2_PLACEMENT_3D('',#8644,#6890,#6891);
#5627=AXIS2_PLACEMENT_3D('',#8645,#6892,#6893);
#5628=AXIS2_PLACEMENT_3D('',#8649,#6896,#6897);
#5629=AXIS2_PLACEMENT_3D('',#8650,#6898,#6899);
#5630=AXIS2_PLACEMENT_3D('',#8653,#6901,#6902);
#5631=AXIS2_PLACEMENT_3D('',#8655,#6904,#6905);
#5632=AXIS2_PLACEMENT_3D('',#8656,#6906,#6907);
#5633=AXIS2_PLACEMENT_3D('',#8658,#6909,#6910);
#5634=AXIS2_PLACEMENT_3D('',#8660,#6912,#6913);
#5635=AXIS2_PLACEMENT_3D('',#8661,#6914,#6915);
#5636=AXIS2_PLACEMENT_3D('',#8663,#6917,#6918);
#5637=AXIS2_PLACEMENT_3D('',#8665,#6920,#6921);
#5638=AXIS2_PLACEMENT_3D('',#8666,#6922,#6923);
#5639=AXIS2_PLACEMENT_3D('',#8669,#6925,#6926);
#5640=AXIS2_PLACEMENT_3D('',#8672,#6928,#6929);
#5641=AXIS2_PLACEMENT_3D('',#8674,#6931,#6932);
#5642=AXIS2_PLACEMENT_3D('',#8676,#6934,#6935);
#5643=AXIS2_PLACEMENT_3D('',#8677,#6936,#6937);
#5644=AXIS2_PLACEMENT_3D('',#8680,#6939,#6940);
#5645=AXIS2_PLACEMENT_3D('',#8683,#6942,#6943);
#5646=AXIS2_PLACEMENT_3D('',#8685,#6945,#6946);
#5647=AXIS2_PLACEMENT_3D('',#8687,#6948,#6949);
#5648=AXIS2_PLACEMENT_3D('',#8688,#6950,#6951);
#5649=AXIS2_PLACEMENT_3D('',#8691,#6953,#6954);
#5650=AXIS2_PLACEMENT_3D('',#8694,#6956,#6957);
#5651=AXIS2_PLACEMENT_3D('',#8696,#6959,#6960);
#5652=AXIS2_PLACEMENT_3D('',#8698,#6962,#6963);
#5653=AXIS2_PLACEMENT_3D('',#8699,#6964,#6965);
#5654=AXIS2_PLACEMENT_3D('',#8702,#6967,#6968);
#5655=AXIS2_PLACEMENT_3D('',#8705,#6970,#6971);
#5656=AXIS2_PLACEMENT_3D('',#8707,#6973,#6974);
#5657=AXIS2_PLACEMENT_3D('',#8709,#6976,#6977);
#5658=AXIS2_PLACEMENT_3D('',#8710,#6978,#6979);
#5659=AXIS2_PLACEMENT_3D('',#8713,#6981,#6982);
#5660=AXIS2_PLACEMENT_3D('',#8716,#6984,#6985);
#5661=AXIS2_PLACEMENT_3D('',#8718,#6987,#6988);
#5662=AXIS2_PLACEMENT_3D('',#8720,#6990,#6991);
#5663=AXIS2_PLACEMENT_3D('',#8721,#6992,#6993);
#5664=AXIS2_PLACEMENT_3D('',#8724,#6995,#6996);
#5665=AXIS2_PLACEMENT_3D('',#8727,#6998,#6999);
#5666=AXIS2_PLACEMENT_3D('',#8729,#7001,#7002);
#5667=AXIS2_PLACEMENT_3D('',#8731,#7004,#7005);
#5668=AXIS2_PLACEMENT_3D('',#8732,#7006,#7007);
#5669=AXIS2_PLACEMENT_3D('',#8735,#7009,#7010);
#5670=AXIS2_PLACEMENT_3D('',#8738,#7012,#7013);
#5671=AXIS2_PLACEMENT_3D('',#8740,#7015,#7016);
#5672=AXIS2_PLACEMENT_3D('',#8742,#7018,#7019);
#5673=AXIS2_PLACEMENT_3D('',#8743,#7020,#7021);
#5674=AXIS2_PLACEMENT_3D('',#8746,#7023,#7024);
#5675=AXIS2_PLACEMENT_3D('',#8749,#7026,#7027);
#5676=AXIS2_PLACEMENT_3D('',#8751,#7029,#7030);
#5677=AXIS2_PLACEMENT_3D('',#8753,#7032,#7033);
#5678=AXIS2_PLACEMENT_3D('',#8754,#7034,#7035);
#5679=AXIS2_PLACEMENT_3D('',#8757,#7037,#7038);
#5680=AXIS2_PLACEMENT_3D('',#8760,#7040,#7041);
#5681=AXIS2_PLACEMENT_3D('',#8762,#7043,#7044);
#5682=AXIS2_PLACEMENT_3D('',#8764,#7046,#7047);
#5683=AXIS2_PLACEMENT_3D('',#8765,#7048,#7049);
#5684=AXIS2_PLACEMENT_3D('',#8768,#7051,#7052);
#5685=AXIS2_PLACEMENT_3D('',#8771,#7054,#7055);
#5686=AXIS2_PLACEMENT_3D('',#8773,#7057,#7058);
#5687=AXIS2_PLACEMENT_3D('',#8775,#7060,#7061);
#5688=AXIS2_PLACEMENT_3D('',#8776,#7062,#7063);
#5689=AXIS2_PLACEMENT_3D('',#8779,#7065,#7066);
#5690=AXIS2_PLACEMENT_3D('',#8782,#7068,#7069);
#5691=AXIS2_PLACEMENT_3D('',#8784,#7071,#7072);
#5692=AXIS2_PLACEMENT_3D('',#8786,#7074,#7075);
#5693=AXIS2_PLACEMENT_3D('',#8787,#7076,#7077);
#5694=AXIS2_PLACEMENT_3D('',#8790,#7079,#7080);
#5695=AXIS2_PLACEMENT_3D('',#8793,#7082,#7083);
#5696=AXIS2_PLACEMENT_3D('',#8795,#7085,#7086);
#5697=AXIS2_PLACEMENT_3D('',#8797,#7088,#7089);
#5698=AXIS2_PLACEMENT_3D('',#8798,#7090,#7091);
#5699=AXIS2_PLACEMENT_3D('',#8801,#7093,#7094);
#5700=AXIS2_PLACEMENT_3D('',#8804,#7096,#7097);
#5701=AXIS2_PLACEMENT_3D('',#8806,#7099,#7100);
#5702=AXIS2_PLACEMENT_3D('',#8808,#7102,#7103);
#5703=AXIS2_PLACEMENT_3D('',#8809,#7104,#7105);
#5704=AXIS2_PLACEMENT_3D('',#8812,#7107,#7108);
#5705=AXIS2_PLACEMENT_3D('',#8815,#7110,#7111);
#5706=AXIS2_PLACEMENT_3D('',#8817,#7113,#7114);
#5707=AXIS2_PLACEMENT_3D('',#8819,#7116,#7117);
#5708=AXIS2_PLACEMENT_3D('',#8820,#7118,#7119);
#5709=AXIS2_PLACEMENT_3D('',#8823,#7121,#7122);
#5710=AXIS2_PLACEMENT_3D('',#8826,#7124,#7125);
#5711=AXIS2_PLACEMENT_3D('',#8828,#7127,#7128);
#5712=AXIS2_PLACEMENT_3D('',#8830,#7130,#7131);
#5713=AXIS2_PLACEMENT_3D('',#8831,#7132,#7133);
#5714=AXIS2_PLACEMENT_3D('',#8834,#7135,#7136);
#5715=AXIS2_PLACEMENT_3D('',#8837,#7138,#7139);
#5716=AXIS2_PLACEMENT_3D('',#8839,#7141,#7142);
#5717=AXIS2_PLACEMENT_3D('',#8841,#7144,#7145);
#5718=AXIS2_PLACEMENT_3D('',#8842,#7146,#7147);
#5719=AXIS2_PLACEMENT_3D('',#8845,#7149,#7150);
#5720=AXIS2_PLACEMENT_3D('',#8848,#7152,#7153);
#5721=AXIS2_PLACEMENT_3D('',#8850,#7155,#7156);
#5722=AXIS2_PLACEMENT_3D('',#8852,#7158,#7159);
#5723=AXIS2_PLACEMENT_3D('',#8853,#7160,#7161);
#5724=AXIS2_PLACEMENT_3D('',#8856,#7163,#7164);
#5725=AXIS2_PLACEMENT_3D('',#8859,#7166,#7167);
#5726=AXIS2_PLACEMENT_3D('',#8861,#7169,#7170);
#5727=AXIS2_PLACEMENT_3D('',#8863,#7172,#7173);
#5728=AXIS2_PLACEMENT_3D('',#8864,#7174,#7175);
#5729=DIRECTION('',(0.,0.,1.));
#5730=DIRECTION('',(1.,0.,0.));
#5731=DIRECTION('',(0.,0.,1.));
#5732=DIRECTION('',(1.,0.,0.));
#5733=DIRECTION('',(1.,0.,0.));
#5734=DIRECTION('',(0.707106781186548,0.707106781186548,0.));
#5735=DIRECTION('',(0.,1.,0.));
#5736=DIRECTION('',(0.,0.,1.));
#5737=DIRECTION('',(1.,0.,0.));
#5738=DIRECTION('',(-1.,0.,0.));
#5739=DIRECTION('',(0.,0.,1.));
#5740=DIRECTION('',(1.,0.,0.));
#5741=DIRECTION('',(0.,-1.,0.));
#5742=DIRECTION('',(0.,0.,1.));
#5743=DIRECTION('',(1.,0.,0.));
#5744=DIRECTION('',(0.587785252292474,-0.809016994374947,0.));
#5745=DIRECTION('',(-0.809016994374947,-0.587785252292473,0.));
#5746=DIRECTION('',(0.994590721079408,0.103871543469531,0.));
#5747=DIRECTION('',(0.105471225701003,-0.994422355213884,0.));
#5748=DIRECTION('',(-0.994646303021052,-0.10333794988558,0.));
#5749=DIRECTION('',(-0.587785252292473,0.809016994374947,0.));
#5750=DIRECTION('',(0.809016994374947,0.587785252292473,0.));
#5751=DIRECTION('',(1.,0.,0.));
#5752=DIRECTION('',(0.,-1.,0.));
#5753=DIRECTION('',(-1.,0.,0.));
#5754=DIRECTION('',(0.,0.,1.));
#5755=DIRECTION('',(1.,0.,0.));
#5756=DIRECTION('',(0.,0.,1.));
#5757=DIRECTION('',(1.,0.,0.));
#5758=DIRECTION('',(0.,0.,1.));
#5759=DIRECTION('',(1.,0.,0.));
#5760=DIRECTION('',(0.316227766016839,-0.948683298050514,0.));
#5761=DIRECTION('',(-1.,0.,0.));
#5762=DIRECTION('',(0.,0.,1.));
#5763=DIRECTION('',(1.,0.,0.));
#5764=DIRECTION('',(0.,0.,1.));
#5765=DIRECTION('',(1.,0.,0.));
#5766=DIRECTION('',(0.,0.,1.));
#5767=DIRECTION('',(1.,0.,0.));
#5768=DIRECTION('',(0.,1.,0.));
#5769=DIRECTION('',(0.,0.,1.));
#5770=DIRECTION('',(1.,0.,0.));
#5771=DIRECTION('',(-0.80065891809641,0.599120436033262,0.));
#5772=DIRECTION('',(0.587785252292473,0.809016994374948,0.));
#5773=DIRECTION('',(0.,0.,1.));
#5774=DIRECTION('',(1.,0.,0.));
#5775=DIRECTION('',(-0.806630686272755,0.591055780754359,0.));
#5776=DIRECTION('',(0.564440144290167,0.825473999295978,0.));
#5777=DIRECTION('',(0.,0.,1.));
#5778=DIRECTION('',(1.,0.,0.));
#5779=DIRECTION('',(-0.584922883303764,-0.811088910408478,0.));
#5780=DIRECTION('',(-0.800658918096404,0.59912043603327,0.));
#5781=DIRECTION('',(0.,0.,1.));
#5782=DIRECTION('',(1.,0.,0.));
#5783=DIRECTION('',(0.,0.,1.));
#5784=DIRECTION('',(1.,0.,0.));
#5785=DIRECTION('',(-0.809016994374947,0.587785252292474,0.));
#5786=DIRECTION('',(0.,0.,1.));
#5787=DIRECTION('',(1.,0.,0.));
#5788=DIRECTION('',(0.809016994374947,-0.587785252292473,0.));
#5789=DIRECTION('',(0.,0.,1.));
#5790=DIRECTION('',(1.,0.,0.));
#5791=DIRECTION('',(-0.809016994374948,-0.587785252292473,0.));
#5792=DIRECTION('',(0.,0.,1.));
#5793=DIRECTION('',(1.,0.,0.));
#5794=DIRECTION('',(0.809016994374947,0.587785252292474,0.));
#5795=DIRECTION('',(0.,0.,1.));
#5796=DIRECTION('',(1.,0.,0.));
#5797=DIRECTION('',(-1.,0.,0.));
#5798=DIRECTION('',(0.,0.,1.));
#5799=DIRECTION('',(1.,0.,0.));
#5800=DIRECTION('',(1.,0.,0.));
#5801=DIRECTION('',(0.,0.,1.));
#5802=DIRECTION('',(1.,0.,0.));
#5803=DIRECTION('',(0.,0.,1.));
#5804=DIRECTION('',(1.,0.,0.));
#5805=DIRECTION('',(0.,0.,1.));
#5806=DIRECTION('',(1.,0.,0.));
#5807=DIRECTION('',(0.,0.,1.));
#5808=DIRECTION('',(1.,0.,0.));
#5809=DIRECTION('',(0.,0.,1.));
#5810=DIRECTION('',(1.,0.,0.));
#5811=DIRECTION('',(-1.,0.,0.));
#5812=DIRECTION('',(0.,1.,0.));
#5813=DIRECTION('',(-1.,0.,0.));
#5814=DIRECTION('',(0.,1.,0.));
#5815=DIRECTION('',(1.,0.,0.));
#5816=DIRECTION('',(0.,1.,0.));
#5817=DIRECTION('',(-1.,0.,0.));
#5818=DIRECTION('',(0.,-1.,0.));
#5819=DIRECTION('',(1.,0.,0.));
#5820=DIRECTION('',(0.,1.,0.));
#5821=DIRECTION('',(-1.,0.,0.));
#5822=DIRECTION('',(0.,-1.,0.));
#5823=DIRECTION('',(1.,0.,0.));
#5824=DIRECTION('',(0.,1.,0.));
#5825=DIRECTION('',(-1.,0.,0.));
#5826=DIRECTION('',(0.,-1.,0.));
#5827=DIRECTION('',(1.,0.,0.));
#5828=DIRECTION('',(0.,1.,0.));
#5829=DIRECTION('',(-1.,0.,0.));
#5830=DIRECTION('',(0.,-1.,0.));
#5831=DIRECTION('',(0.,0.,1.));
#5832=DIRECTION('',(1.,0.,0.));
#5833=DIRECTION('',(-1.,0.,0.));
#5834=DIRECTION('',(0.,0.,1.));
#5835=DIRECTION('',(1.,0.,0.));
#5836=DIRECTION('',(0.,1.,0.));
#5837=DIRECTION('',(-1.,0.,0.));
#5838=DIRECTION('',(0.,-1.,0.));
#5839=DIRECTION('',(1.,0.,0.));
#5840=DIRECTION('',(0.,1.,0.));
#5841=DIRECTION('',(-1.,0.,0.));
#5842=DIRECTION('',(0.,-1.,0.));
#5843=DIRECTION('',(1.,0.,0.));
#5844=DIRECTION('',(0.,1.,0.));
#5845=DIRECTION('',(-1.,0.,0.));
#5846=DIRECTION('',(0.,-1.,0.));
#5847=DIRECTION('',(1.,0.,0.));
#5848=DIRECTION('',(0.,1.,0.));
#5849=DIRECTION('',(-1.,0.,0.));
#5850=DIRECTION('',(0.,-1.,0.));
#5851=DIRECTION('',(1.,0.,0.));
#5852=DIRECTION('',(0.,1.,0.));
#5853=DIRECTION('',(0.,0.,1.));
#5854=DIRECTION('',(1.,0.,0.));
#5855=DIRECTION('',(1.,0.,0.));
#5856=DIRECTION('',(0.,0.,1.));
#5857=DIRECTION('',(1.,0.,0.));
#5858=DIRECTION('',(0.,-1.,0.));
#5859=DIRECTION('',(-1.,0.,0.));
#5860=DIRECTION('',(0.,0.,1.));
#5861=DIRECTION('',(0.,-1.,0.));
#5862=DIRECTION('',(0.,0.,-1.));
#5863=DIRECTION('',(0.,0.,1.));
#5864=DIRECTION('',(0.,-1.,0.));
#5865=DIRECTION('',(0.,0.,1.));
#5866=DIRECTION('',(0.,0.,-1.));
#5867=DIRECTION('',(0.,-1.,0.));
#5868=DIRECTION('',(0.,0.,-1.));
#5869=DIRECTION('',(0.,0.,-1.));
#5870=DIRECTION('',(0.,-1.,0.));
#5871=DIRECTION('',(0.,0.,-1.));
#5872=DIRECTION('',(0.,0.,-1.));
#5873=DIRECTION('',(0.,-1.,0.));
#5874=DIRECTION('',(0.,0.,-1.));
#5875=DIRECTION('',(0.,0.,-1.));
#5876=DIRECTION('',(1.,0.,0.));
#5877=DIRECTION('',(0.,0.,-1.));
#5878=DIRECTION('',(0.,0.,-1.));
#5879=DIRECTION('',(0.,1.,0.));
#5880=DIRECTION('',(0.,0.,-1.));
#5881=DIRECTION('',(0.,0.,-1.));
#5882=DIRECTION('',(0.,1.,0.));
#5883=DIRECTION('',(0.,0.,-1.));
#5884=DIRECTION('',(0.,0.,-1.));
#5885=DIRECTION('',(0.,1.,0.));
#5886=DIRECTION('',(0.,0.,-1.));
#5887=DIRECTION('',(0.,0.,1.));
#5888=DIRECTION('',(0.,1.,0.));
#5889=DIRECTION('',(0.,0.,1.));
#5890=DIRECTION('',(0.,0.,-1.));
#5891=DIRECTION('',(0.,1.,0.));
#5892=DIRECTION('',(0.,0.,-1.));
#5893=DIRECTION('',(0.,-1.,0.));
#5894=DIRECTION('',(0.,0.,-1.));
#5895=DIRECTION('',(0.,0.,1.));
#5896=DIRECTION('',(-1.,0.,0.));
#5897=DIRECTION('',(0.,0.,1.));
#5898=DIRECTION('',(0.,0.,1.));
#5899=DIRECTION('',(1.,0.,0.));
#5900=DIRECTION('',(0.,0.,1.));
#5901=DIRECTION('',(1.,0.,0.));
#5902=DIRECTION('',(0.,0.,1.));
#5903=DIRECTION('',(0.,0.,1.));
#5904=DIRECTION('',(1.,0.,0.));
#5905=DIRECTION('',(0.,0.,1.));
#5906=DIRECTION('',(1.,0.,0.));
#5907=DIRECTION('',(1.,0.,0.));
#5908=DIRECTION('',(0.,0.,-1.));
#5909=DIRECTION('',(0.,0.,1.));
#5910=DIRECTION('',(0.,0.,1.));
#5911=DIRECTION('',(0.,-1.,0.));
#5912=DIRECTION('',(0.,1.,0.));
#5913=DIRECTION('',(0.,0.,1.));
#5914=DIRECTION('',(1.,0.,0.));
#5915=DIRECTION('',(0.,0.,1.));
#5916=DIRECTION('',(0.,0.,1.));
#5917=DIRECTION('',(1.,0.,0.));
#5918=DIRECTION('',(0.,0.,1.));
#5919=DIRECTION('',(-1.,0.,0.));
#5920=DIRECTION('',(0.,0.,1.));
#5921=DIRECTION('',(0.,-1.,0.));
#5922=DIRECTION('',(0.,0.,1.));
#5923=DIRECTION('',(0.,0.,1.));
#5924=DIRECTION('',(1.,0.,0.));
#5925=DIRECTION('',(0.,0.,1.));
#5926=DIRECTION('',(1.,0.,0.));
#5927=DIRECTION('',(0.,0.,1.));
#5928=DIRECTION('',(1.,0.,0.));
#5929=DIRECTION('',(0.,0.,1.));
#5930=DIRECTION('',(1.,0.,0.));
#5931=DIRECTION('',(0.,0.,1.));
#5932=DIRECTION('',(0.,1.,0.));
#5933=DIRECTION('',(0.,0.,1.));
#5934=DIRECTION('',(-1.,0.,0.));
#5935=DIRECTION('',(0.,0.,1.));
#5936=DIRECTION('',(1.,0.,0.));
#5937=DIRECTION('',(-1.,0.,0.));
#5938=DIRECTION('',(0.,0.,1.));
#5939=DIRECTION('',(1.,0.,0.));
#5940=DIRECTION('',(0.,0.,1.));
#5941=DIRECTION('',(1.,0.,0.));
#5942=DIRECTION('',(1.,0.,0.));
#5943=DIRECTION('',(0.,0.,1.));
#5944=DIRECTION('',(1.,0.,0.));
#5945=DIRECTION('',(0.,0.,1.));
#5946=DIRECTION('',(1.,0.,0.));
#5947=DIRECTION('',(0.,0.,1.));
#5948=DIRECTION('',(1.,0.,0.));
#5949=DIRECTION('',(0.,0.,1.));
#5950=DIRECTION('',(0.,0.,1.));
#5951=DIRECTION('',(1.,0.,0.));
#5952=DIRECTION('',(0.,0.,1.));
#5953=DIRECTION('',(0.,-1.,0.));
#5954=DIRECTION('',(0.,0.,-1.));
#5955=DIRECTION('',(0.,0.,1.));
#5956=DIRECTION('',(0.,0.,1.));
#5957=DIRECTION('',(1.,0.,0.));
#5958=DIRECTION('',(0.,0.,1.));
#5959=DIRECTION('',(1.,0.,0.));
#5960=DIRECTION('',(0.,0.,1.));
#5961=DIRECTION('',(0.,1.,0.));
#5962=DIRECTION('',(0.,0.,1.));
#5963=DIRECTION('',(0.707106781186547,-0.707106781186547,0.));
#5964=DIRECTION('',(0.707106781186548,0.707106781186548,0.));
#5965=DIRECTION('',(0.707106781186548,0.707106781186548,0.));
#5966=DIRECTION('',(0.,0.,1.));
#5967=DIRECTION('',(1.,0.,0.));
#5968=DIRECTION('',(0.,0.,-1.));
#5969=DIRECTION('',(-1.,0.,0.));
#5970=DIRECTION('',(0.,-1.,0.));
#5971=DIRECTION('',(-1.,0.,0.));
#5972=DIRECTION('',(0.,-1.,0.));
#5973=DIRECTION('',(-1.,0.,0.));
#5974=DIRECTION('',(0.,1.,0.));
#5975=DIRECTION('',(0.,0.,1.));
#5976=DIRECTION('',(0.,0.,-1.));
#5977=DIRECTION('',(0.,0.,-1.));
#5978=DIRECTION('',(0.,-1.,0.));
#5979=DIRECTION('',(0.,0.,-1.));
#5980=DIRECTION('',(0.,0.,1.));
#5981=DIRECTION('',(0.,0.,1.));
#5982=DIRECTION('',(1.,0.,0.));
#5983=DIRECTION('',(0.,0.,-1.));
#5984=DIRECTION('',(1.,0.,0.));
#5985=DIRECTION('',(0.,0.,-1.));
#5986=DIRECTION('',(0.,0.,-1.));
#5987=DIRECTION('',(-1.,0.,0.));
#5988=DIRECTION('',(0.,0.,-1.));
#5989=DIRECTION('',(-1.,0.,0.));
#5990=DIRECTION('',(0.,0.,-1.));
#5991=DIRECTION('',(-1.,0.,0.));
#5992=DIRECTION('',(0.,0.,-1.));
#5993=DIRECTION('',(-1.,0.,0.));
#5994=DIRECTION('',(0.,0.,1.));
#5995=DIRECTION('',(1.,0.,0.));
#5996=DIRECTION('',(0.,0.,-1.));
#5997=DIRECTION('',(-1.,0.,0.));
#5998=DIRECTION('',(0.,0.,-1.));
#5999=DIRECTION('',(-1.,0.,0.));
#6000=DIRECTION('',(0.,0.,-1.));
#6001=DIRECTION('',(-1.,0.,0.));
#6002=DIRECTION('',(0.,0.,-1.));
#6003=DIRECTION('',(-1.,0.,0.));
#6004=DIRECTION('',(0.,0.,1.));
#6005=DIRECTION('',(1.,0.,0.));
#6006=DIRECTION('',(0.,0.,-1.));
#6007=DIRECTION('',(-1.,0.,0.));
#6008=DIRECTION('',(0.,0.,-1.));
#6009=DIRECTION('',(-1.,0.,0.));
#6010=DIRECTION('',(0.,0.,-1.));
#6011=DIRECTION('',(-1.,0.,0.));
#6012=DIRECTION('',(0.,0.,-1.));
#6013=DIRECTION('',(-1.,0.,0.));
#6014=DIRECTION('',(0.,0.,1.));
#6015=DIRECTION('',(1.,0.,0.));
#6016=DIRECTION('',(0.,0.,-1.));
#6017=DIRECTION('',(-1.,0.,0.));
#6018=DIRECTION('',(0.,0.,-1.));
#6019=DIRECTION('',(-1.,0.,0.));
#6020=DIRECTION('',(0.,0.,-1.));
#6021=DIRECTION('',(-1.,0.,0.));
#6022=DIRECTION('',(0.,0.,-1.));
#6023=DIRECTION('',(-1.,0.,0.));
#6024=DIRECTION('',(0.,0.,1.));
#6025=DIRECTION('',(1.,0.,0.));
#6026=DIRECTION('',(0.587785252292473,-0.809016994374947,0.));
#6027=DIRECTION('',(0.809016994374948,0.587785252292473,0.));
#6028=DIRECTION('',(0.,0.,-1.));
#6029=DIRECTION('',(-0.809016994374947,-0.587785252292473,0.));
#6030=DIRECTION('',(0.,0.,-1.));
#6031=DIRECTION('',(0.809016994374947,0.587785252292474,0.));
#6032=DIRECTION('',(-0.587785252292474,0.809016994374947,0.));
#6033=DIRECTION('',(0.,0.,-1.));
#6034=DIRECTION('',(0.587785252292474,-0.809016994374947,0.));
#6035=DIRECTION('',(-0.587785252292473,0.809016994374948,0.));
#6036=DIRECTION('',(-0.809016994374947,-0.587785252292473,0.));
#6037=DIRECTION('',(0.,0.,-1.));
#6038=DIRECTION('',(0.809016994374947,0.587785252292473,0.));
#6039=DIRECTION('',(-0.809016994374947,-0.587785252292473,0.));
#6040=DIRECTION('',(0.587785252292473,-0.809016994374947,0.));
#6041=DIRECTION('',(0.,0.,-1.));
#6042=DIRECTION('',(-0.587785252292473,0.809016994374947,0.));
#6043=DIRECTION('',(0.10333794988558,-0.994646303021052,0.));
#6044=DIRECTION('',(0.994646303021052,0.10333794988558,0.));
#6045=DIRECTION('',(0.,0.,-1.));
#6046=DIRECTION('',(-0.994646303021052,-0.10333794988558,0.));
#6047=DIRECTION('',(0.994422355213884,0.105471225701003,0.));
#6048=DIRECTION('',(-0.105471225701003,0.994422355213884,0.));
#6049=DIRECTION('',(0.,0.,-1.));
#6050=DIRECTION('',(0.105471225701003,-0.994422355213884,0.));
#6051=DIRECTION('',(-0.103871543469531,0.994590721079408,0.));
#6052=DIRECTION('',(-0.994590721079408,-0.103871543469531,0.));
#6053=DIRECTION('',(0.994590721079408,0.103871543469531,0.));
#6054=DIRECTION('',(0.,0.,1.));
#6055=DIRECTION('',(1.,0.,0.));
#6056=DIRECTION('',(1.,0.,0.));
#6057=DIRECTION('',(0.,0.,-1.));
#6058=DIRECTION('',(0.,0.,-1.));
#6059=DIRECTION('',(0.,-1.,0.));
#6060=DIRECTION('',(0.,0.,-1.));
#6061=DIRECTION('',(0.,1.,0.));
#6062=DIRECTION('',(0.,0.,1.));
#6063=DIRECTION('',(0.,0.,-1.));
#6064=DIRECTION('',(1.,0.,0.));
#6065=DIRECTION('',(-1.,0.,0.));
#6066=DIRECTION('',(0.,0.,1.));
#6067=DIRECTION('',(0.,0.,-1.));
#6068=DIRECTION('',(0.,1.,0.));
#6069=DIRECTION('',(0.,0.,-1.));
#6070=DIRECTION('',(-1.,0.,0.));
#6071=DIRECTION('',(0.,0.,-1.));
#6072=DIRECTION('',(0.,0.,1.));
#6073=DIRECTION('',(1.,0.,0.));
#6074=DIRECTION('',(0.,0.,-1.));
#6075=DIRECTION('',(-1.,0.,0.));
#6076=DIRECTION('',(0.,0.,-1.));
#6077=DIRECTION('',(0.,0.,1.));
#6078=DIRECTION('',(1.,0.,0.));
#6079=DIRECTION('',(0.,0.,-1.));
#6080=DIRECTION('',(-1.,0.,0.));
#6081=DIRECTION('',(0.,0.,-1.));
#6082=DIRECTION('',(0.,0.,1.));
#6083=DIRECTION('',(1.,0.,0.));
#6084=DIRECTION('',(0.,-1.,0.));
#6085=DIRECTION('',(0.,0.,-1.));
#6086=DIRECTION('',(0.,0.,-1.));
#6087=DIRECTION('',(-1.,0.,0.));
#6088=DIRECTION('',(0.948683298050513,0.316227766016839,0.));
#6089=DIRECTION('',(-0.316227766016839,0.948683298050514,0.));
#6090=DIRECTION('',(0.,0.,-1.));
#6091=DIRECTION('',(0.316227766016839,-0.948683298050514,0.));
#6092=DIRECTION('',(0.,0.,-1.));
#6093=DIRECTION('',(-1.,0.,0.));
#6094=DIRECTION('',(0.,0.,-1.));
#6095=DIRECTION('',(0.,0.,1.));
#6096=DIRECTION('',(1.,0.,0.));
#6097=DIRECTION('',(0.,0.,-1.));
#6098=DIRECTION('',(-1.,0.,0.));
#6099=DIRECTION('',(0.,0.,-1.));
#6100=DIRECTION('',(0.,0.,1.));
#6101=DIRECTION('',(1.,0.,0.));
#6102=DIRECTION('',(0.,0.,-1.));
#6103=DIRECTION('',(-1.,0.,0.));
#6104=DIRECTION('',(0.,0.,-1.));
#6105=DIRECTION('',(0.,0.,1.));
#6106=DIRECTION('',(1.,0.,0.));
#6107=DIRECTION('',(0.,-1.,0.));
#6108=DIRECTION('',(0.,0.,-1.));
#6109=DIRECTION('',(-1.,0.,0.));
#6110=DIRECTION('',(0.,0.,1.));
#6111=DIRECTION('',(1.,0.,0.));
#6112=DIRECTION('',(-0.599120436033262,-0.80065891809641,0.));
#6113=DIRECTION('',(0.80065891809641,-0.599120436033262,0.));
#6114=DIRECTION('',(0.,0.,-1.));
#6115=DIRECTION('',(-0.80065891809641,0.599120436033262,0.));
#6116=DIRECTION('',(0.,0.,-1.));
#6117=DIRECTION('',(0.,0.,-1.));
#6118=DIRECTION('',(-1.,0.,0.));
#6119=DIRECTION('',(0.,0.,-1.));
#6120=DIRECTION('',(0.,0.,1.));
#6121=DIRECTION('',(1.,0.,0.));
#6122=DIRECTION('',(0.,0.,-1.));
#6123=DIRECTION('',(-1.,0.,0.));
#6124=DIRECTION('',(0.,0.,-1.));
#6125=DIRECTION('',(0.,0.,1.));
#6126=DIRECTION('',(1.,0.,0.));
#6127=DIRECTION('',(-0.59912043603327,-0.800658918096404,0.));
#6128=DIRECTION('',(0.800658918096404,-0.59912043603327,0.));
#6129=DIRECTION('',(0.,0.,-1.));
#6130=DIRECTION('',(-0.800658918096404,0.59912043603327,0.));
#6131=DIRECTION('',(0.811088910408478,-0.584922883303764,0.));
#6132=DIRECTION('',(0.584922883303764,0.811088910408478,0.));
#6133=DIRECTION('',(0.,0.,-1.));
#6134=DIRECTION('',(-0.584922883303764,-0.811088910408478,0.));
#6135=DIRECTION('',(0.,0.,-1.));
#6136=DIRECTION('',(-1.,0.,0.));
#6137=DIRECTION('',(0.,0.,-1.));
#6138=DIRECTION('',(0.,0.,1.));
#6139=DIRECTION('',(1.,0.,0.));
#6140=DIRECTION('',(-0.825473999295978,0.564440144290167,0.));
#6141=DIRECTION('',(-0.564440144290167,-0.825473999295978,0.));
#6142=DIRECTION('',(0.,0.,-1.));
#6143=DIRECTION('',(0.564440144290167,0.825473999295978,0.));
#6144=DIRECTION('',(-0.591055780754358,-0.806630686272755,0.));
#6145=DIRECTION('',(0.806630686272755,-0.591055780754359,0.));
#6146=DIRECTION('',(0.,0.,-1.));
#6147=DIRECTION('',(-0.806630686272755,0.591055780754359,0.));
#6148=DIRECTION('',(0.,0.,-1.));
#6149=DIRECTION('',(-1.,0.,0.));
#6150=DIRECTION('',(0.,0.,-1.));
#6151=DIRECTION('',(0.,0.,1.));
#6152=DIRECTION('',(1.,0.,0.));
#6153=DIRECTION('',(-0.809016994374948,0.587785252292473,0.));
#6154=DIRECTION('',(-0.587785252292473,-0.809016994374948,0.));
#6155=DIRECTION('',(0.587785252292473,0.809016994374948,0.));
#6156=DIRECTION('',(0.,0.,1.));
#6157=DIRECTION('',(1.,0.,0.));
#6158=DIRECTION('',(0.,0.,1.));
#6159=DIRECTION('',(1.,0.,0.));
#6160=DIRECTION('',(0.,0.,1.));
#6161=DIRECTION('',(1.,0.,0.));
#6162=DIRECTION('',(0.,0.,-1.));
#6163=DIRECTION('',(0.,0.,1.));
#6164=DIRECTION('',(1.,0.,0.));
#6165=DIRECTION('',(0.,0.,-1.));
#6166=DIRECTION('',(0.,0.,-1.));
#6167=DIRECTION('',(0.,0.,1.));
#6168=DIRECTION('',(1.,0.,0.));
#6169=DIRECTION('',(0.,0.,-1.));
#6170=DIRECTION('',(0.,0.,-1.));
#6171=DIRECTION('',(0.,0.,1.));
#6172=DIRECTION('',(1.,0.,0.));
#6173=DIRECTION('',(0.,0.,-1.));
#6174=DIRECTION('',(0.,0.,1.));
#6175=DIRECTION('',(1.,0.,0.));
#6176=DIRECTION('',(1.,0.,0.));
#6177=DIRECTION('',(0.,0.,-1.));
#6178=DIRECTION('',(0.,0.,-1.));
#6179=DIRECTION('',(0.,-1.,0.));
#6180=DIRECTION('',(0.,0.,-1.));
#6181=DIRECTION('',(0.,1.,0.));
#6182=DIRECTION('',(0.,0.,1.));
#6183=DIRECTION('',(1.,0.,0.));
#6184=DIRECTION('',(0.,-1.,0.));
#6185=DIRECTION('',(0.,0.,-1.));
#6186=DIRECTION('',(-1.,0.,0.));
#6187=DIRECTION('',(0.,0.,1.));
#6188=DIRECTION('',(1.,0.,0.));
#6189=DIRECTION('',(-1.,0.,0.));
#6190=DIRECTION('',(0.,1.,0.));
#6191=DIRECTION('',(1.,0.,0.));
#6192=DIRECTION('',(0.,1.,0.));
#6193=DIRECTION('',(1.,0.,0.));
#6194=DIRECTION('',(0.,0.,-1.));
#6195=DIRECTION('',(0.,0.,-1.));
#6196=DIRECTION('',(0.,-1.,0.));
#6197=DIRECTION('',(0.,0.,-1.));
#6198=DIRECTION('',(0.,1.,0.));
#6199=DIRECTION('',(0.,0.,1.));
#6200=DIRECTION('',(1.,0.,0.));
#6201=DIRECTION('',(0.,-1.,0.));
#6202=DIRECTION('',(0.,0.,-1.));
#6203=DIRECTION('',(-1.,0.,0.));
#6204=DIRECTION('',(0.,0.,1.));
#6205=DIRECTION('',(1.,0.,0.));
#6206=DIRECTION('',(-1.,0.,0.));
#6207=DIRECTION('',(0.,1.,0.));
#6208=DIRECTION('',(1.,0.,0.));
#6209=DIRECTION('',(0.,1.,0.));
#6210=DIRECTION('',(1.,0.,0.));
#6211=DIRECTION('',(0.,0.,-1.));
#6212=DIRECTION('',(0.,0.,-1.));
#6213=DIRECTION('',(0.,-1.,0.));
#6214=DIRECTION('',(0.,0.,-1.));
#6215=DIRECTION('',(0.,1.,0.));
#6216=DIRECTION('',(0.,0.,1.));
#6217=DIRECTION('',(1.,0.,0.));
#6218=DIRECTION('',(0.,-1.,0.));
#6219=DIRECTION('',(0.,0.,-1.));
#6220=DIRECTION('',(-1.,0.,0.));
#6221=DIRECTION('',(0.,0.,1.));
#6222=DIRECTION('',(1.,0.,0.));
#6223=DIRECTION('',(-1.,0.,0.));
#6224=DIRECTION('',(0.,1.,0.));
#6225=DIRECTION('',(1.,0.,0.));
#6226=DIRECTION('',(0.,1.,0.));
#6227=DIRECTION('',(1.,0.,0.));
#6228=DIRECTION('',(0.,0.,-1.));
#6229=DIRECTION('',(0.,0.,-1.));
#6230=DIRECTION('',(0.,-1.,0.));
#6231=DIRECTION('',(0.,0.,-1.));
#6232=DIRECTION('',(0.,1.,0.));
#6233=DIRECTION('',(0.,0.,1.));
#6234=DIRECTION('',(1.,0.,0.));
#6235=DIRECTION('',(0.,-1.,0.));
#6236=DIRECTION('',(0.,0.,-1.));
#6237=DIRECTION('',(-1.,0.,0.));
#6238=DIRECTION('',(0.,0.,1.));
#6239=DIRECTION('',(1.,0.,0.));
#6240=DIRECTION('',(-1.,0.,0.));
#6241=DIRECTION('',(0.,1.,0.));
#6242=DIRECTION('',(1.,0.,0.));
#6243=DIRECTION('',(0.,1.,0.));
#6244=DIRECTION('',(0.,1.,0.));
#6245=DIRECTION('',(0.,0.,1.));
#6246=DIRECTION('',(1.,0.,0.));
#6247=DIRECTION('',(0.,0.,-1.));
#6248=DIRECTION('',(-1.,0.,0.));
#6249=DIRECTION('',(0.,0.,1.));
#6250=DIRECTION('',(0.,1.,0.));
#6251=DIRECTION('',(0.,0.,-1.));
#6252=DIRECTION('',(0.,-1.,0.));
#6253=DIRECTION('',(0.,0.,-1.));
#6254=DIRECTION('',(-1.,0.,0.));
#6255=DIRECTION('',(0.,0.,1.));
#6256=DIRECTION('',(1.,0.,0.));
#6257=DIRECTION('',(-1.,0.,0.));
#6258=DIRECTION('',(0.,1.,0.));
#6259=DIRECTION('',(1.,0.,0.));
#6260=DIRECTION('',(0.,1.,0.));
#6261=DIRECTION('',(0.,1.,0.));
#6262=DIRECTION('',(0.,0.,1.));
#6263=DIRECTION('',(1.,0.,0.));
#6264=DIRECTION('',(0.,0.,-1.));
#6265=DIRECTION('',(-1.,0.,0.));
#6266=DIRECTION('',(0.,0.,1.));
#6267=DIRECTION('',(0.,1.,0.));
#6268=DIRECTION('',(0.,0.,-1.));
#6269=DIRECTION('',(0.,-1.,0.));
#6270=DIRECTION('',(0.,0.,-1.));
#6271=DIRECTION('',(-1.,0.,0.));
#6272=DIRECTION('',(0.,0.,1.));
#6273=DIRECTION('',(1.,0.,0.));
#6274=DIRECTION('',(-1.,0.,0.));
#6275=DIRECTION('',(0.,1.,0.));
#6276=DIRECTION('',(1.,0.,0.));
#6277=DIRECTION('',(0.,1.,0.));
#6278=DIRECTION('',(0.,1.,0.));
#6279=DIRECTION('',(0.,0.,1.));
#6280=DIRECTION('',(1.,0.,0.));
#6281=DIRECTION('',(0.,0.,-1.));
#6282=DIRECTION('',(-1.,0.,0.));
#6283=DIRECTION('',(0.,0.,1.));
#6284=DIRECTION('',(0.,1.,0.));
#6285=DIRECTION('',(0.,0.,-1.));
#6286=DIRECTION('',(0.,-1.,0.));
#6287=DIRECTION('',(0.,0.,-1.));
#6288=DIRECTION('',(-1.,0.,0.));
#6289=DIRECTION('',(0.,0.,1.));
#6290=DIRECTION('',(1.,0.,0.));
#6291=DIRECTION('',(-1.,0.,0.));
#6292=DIRECTION('',(0.,1.,0.));
#6293=DIRECTION('',(1.,0.,0.));
#6294=DIRECTION('',(0.,1.,0.));
#6295=DIRECTION('',(0.,1.,0.));
#6296=DIRECTION('',(0.,0.,1.));
#6297=DIRECTION('',(1.,0.,0.));
#6298=DIRECTION('',(0.,0.,-1.));
#6299=DIRECTION('',(-1.,0.,0.));
#6300=DIRECTION('',(0.,0.,1.));
#6301=DIRECTION('',(0.,1.,0.));
#6302=DIRECTION('',(0.,0.,-1.));
#6303=DIRECTION('',(0.,-1.,0.));
#6304=DIRECTION('',(0.,0.,-1.));
#6305=DIRECTION('',(-1.,0.,0.));
#6306=DIRECTION('',(0.,0.,1.));
#6307=DIRECTION('',(1.,0.,0.));
#6308=DIRECTION('',(-1.,0.,0.));
#6309=DIRECTION('',(0.,1.,0.));
#6310=DIRECTION('',(1.,0.,0.));
#6311=DIRECTION('',(0.,1.,0.));
#6312=DIRECTION('',(0.,1.,0.));
#6313=DIRECTION('',(0.,0.,1.));
#6314=DIRECTION('',(0.,0.,-1.));
#6315=DIRECTION('',(0.,0.,-1.));
#6316=DIRECTION('',(-1.,0.,0.));
#6317=DIRECTION('',(0.,-1.,0.));
#6318=DIRECTION('',(0.,0.,-1.));
#6319=DIRECTION('',(0.,0.,1.));
#6320=DIRECTION('',(0.,0.,1.));
#6321=DIRECTION('',(-1.,0.,0.));
#6322=DIRECTION('',(1.,0.,0.));
#6323=DIRECTION('',(0.,0.,-1.));
#6324=DIRECTION('',(0.,1.,0.));
#6325=DIRECTION('',(1.,0.,0.));
#6326=DIRECTION('',(0.,0.,-1.));
#6327=DIRECTION('',(0.,1.,0.));
#6328=DIRECTION('',(0.,0.,1.));
#6329=DIRECTION('',(1.,0.,0.));
#6330=DIRECTION('',(0.,1.,0.));
#6331=DIRECTION('',(0.,0.,1.));
#6332=DIRECTION('',(0.,0.,-1.));
#6333=DIRECTION('',(0.,0.,-1.));
#6334=DIRECTION('',(-1.,0.,0.));
#6335=DIRECTION('',(0.,-1.,0.));
#6336=DIRECTION('',(0.,0.,-1.));
#6337=DIRECTION('',(0.,0.,1.));
#6338=DIRECTION('',(0.,0.,1.));
#6339=DIRECTION('',(-1.,0.,0.));
#6340=DIRECTION('',(1.,0.,0.));
#6341=DIRECTION('',(0.,0.,-1.));
#6342=DIRECTION('',(0.,1.,0.));
#6343=DIRECTION('',(1.,0.,0.));
#6344=DIRECTION('',(0.,0.,-1.));
#6345=DIRECTION('',(0.,1.,0.));
#6346=DIRECTION('',(0.,0.,1.));
#6347=DIRECTION('',(1.,0.,0.));
#6348=DIRECTION('',(0.,1.,0.));
#6349=DIRECTION('',(0.,0.,1.));
#6350=DIRECTION('',(0.,0.,-1.));
#6351=DIRECTION('',(0.,0.,-1.));
#6352=DIRECTION('',(-1.,0.,0.));
#6353=DIRECTION('',(0.,-1.,0.));
#6354=DIRECTION('',(0.,0.,-1.));
#6355=DIRECTION('',(0.,0.,1.));
#6356=DIRECTION('',(0.,0.,1.));
#6357=DIRECTION('',(-1.,0.,0.));
#6358=DIRECTION('',(1.,0.,0.));
#6359=DIRECTION('',(0.,0.,-1.));
#6360=DIRECTION('',(0.,1.,0.));
#6361=DIRECTION('',(1.,0.,0.));
#6362=DIRECTION('',(0.,0.,-1.));
#6363=DIRECTION('',(0.,1.,0.));
#6364=DIRECTION('',(0.,0.,1.));
#6365=DIRECTION('',(1.,0.,0.));
#6366=DIRECTION('',(0.,1.,0.));
#6367=DIRECTION('',(0.,0.,1.));
#6368=DIRECTION('',(0.,0.,-1.));
#6369=DIRECTION('',(0.,0.,-1.));
#6370=DIRECTION('',(-1.,0.,0.));
#6371=DIRECTION('',(0.,-1.,0.));
#6372=DIRECTION('',(0.,0.,-1.));
#6373=DIRECTION('',(0.,0.,1.));
#6374=DIRECTION('',(0.,0.,1.));
#6375=DIRECTION('',(-1.,0.,0.));
#6376=DIRECTION('',(1.,0.,0.));
#6377=DIRECTION('',(0.,0.,-1.));
#6378=DIRECTION('',(0.,1.,0.));
#6379=DIRECTION('',(1.,0.,0.));
#6380=DIRECTION('',(0.,0.,-1.));
#6381=DIRECTION('',(0.,1.,0.));
#6382=DIRECTION('',(0.,0.,1.));
#6383=DIRECTION('',(1.,0.,0.));
#6384=DIRECTION('',(0.,1.,0.));
#6385=DIRECTION('',(0.,0.,1.));
#6386=DIRECTION('',(0.,0.,-1.));
#6387=DIRECTION('',(0.,0.,-1.));
#6388=DIRECTION('',(-1.,0.,0.));
#6389=DIRECTION('',(0.,-1.,0.));
#6390=DIRECTION('',(0.,0.,-1.));
#6391=DIRECTION('',(0.,0.,1.));
#6392=DIRECTION('',(0.,0.,1.));
#6393=DIRECTION('',(-1.,0.,0.));
#6394=DIRECTION('',(1.,0.,0.));
#6395=DIRECTION('',(0.,0.,-1.));
#6396=DIRECTION('',(0.,1.,0.));
#6397=DIRECTION('',(1.,0.,0.));
#6398=DIRECTION('',(0.,0.,-1.));
#6399=DIRECTION('',(0.,1.,0.));
#6400=DIRECTION('',(0.,0.,1.));
#6401=DIRECTION('',(1.,0.,0.));
#6402=DIRECTION('',(0.,1.,0.));
#6403=DIRECTION('',(0.,0.,1.));
#6404=DIRECTION('',(0.,0.,-1.));
#6405=DIRECTION('',(0.,0.,-1.));
#6406=DIRECTION('',(-1.,0.,0.));
#6407=DIRECTION('',(0.,-1.,0.));
#6408=DIRECTION('',(0.,0.,-1.));
#6409=DIRECTION('',(0.,0.,1.));
#6410=DIRECTION('',(0.,0.,1.));
#6411=DIRECTION('',(-1.,0.,0.));
#6412=DIRECTION('',(1.,0.,0.));
#6413=DIRECTION('',(0.,0.,-1.));
#6414=DIRECTION('',(0.,1.,0.));
#6415=DIRECTION('',(1.,0.,0.));
#6416=DIRECTION('',(0.,0.,-1.));
#6417=DIRECTION('',(0.,1.,0.));
#6418=DIRECTION('',(0.,0.,1.));
#6419=DIRECTION('',(1.,0.,0.));
#6420=DIRECTION('',(0.,1.,0.));
#6421=DIRECTION('',(0.,0.,1.));
#6422=DIRECTION('',(0.,0.,-1.));
#6423=DIRECTION('',(0.,0.,-1.));
#6424=DIRECTION('',(-1.,0.,0.));
#6425=DIRECTION('',(0.,-1.,0.));
#6426=DIRECTION('',(0.,0.,-1.));
#6427=DIRECTION('',(0.,0.,1.));
#6428=DIRECTION('',(0.,0.,1.));
#6429=DIRECTION('',(-1.,0.,0.));
#6430=DIRECTION('',(1.,0.,0.));
#6431=DIRECTION('',(0.,0.,-1.));
#6432=DIRECTION('',(0.,1.,0.));
#6433=DIRECTION('',(1.,0.,0.));
#6434=DIRECTION('',(0.,0.,-1.));
#6435=DIRECTION('',(0.,1.,0.));
#6436=DIRECTION('',(0.,0.,1.));
#6437=DIRECTION('',(1.,0.,0.));
#6438=DIRECTION('',(0.,1.,0.));
#6439=DIRECTION('',(0.,0.,1.));
#6440=DIRECTION('',(0.,0.,-1.));
#6441=DIRECTION('',(0.,0.,-1.));
#6442=DIRECTION('',(-1.,0.,0.));
#6443=DIRECTION('',(0.,-1.,0.));
#6444=DIRECTION('',(0.,0.,-1.));
#6445=DIRECTION('',(0.,0.,1.));
#6446=DIRECTION('',(0.,0.,1.));
#6447=DIRECTION('',(-1.,0.,0.));
#6448=DIRECTION('',(1.,0.,0.));
#6449=DIRECTION('',(0.,0.,-1.));
#6450=DIRECTION('',(0.,1.,0.));
#6451=DIRECTION('',(1.,0.,0.));
#6452=DIRECTION('',(0.,0.,-1.));
#6453=DIRECTION('',(0.,1.,0.));
#6454=DIRECTION('',(0.,0.,1.));
#6455=DIRECTION('',(1.,0.,0.));
#6456=DIRECTION('',(0.587785252292473,-0.809016994374948,0.));
#6457=DIRECTION('',(0.809016994374948,0.587785252292473,0.));
#6458=DIRECTION('',(-0.809016994374948,-0.587785252292473,0.));
#6459=DIRECTION('',(0.,0.,-1.));
#6460=DIRECTION('',(-0.587785252292474,0.809016994374947,0.));
#6461=DIRECTION('',(-0.809016994374947,-0.587785252292474,0.));
#6462=DIRECTION('',(0.,0.,-1.));
#6463=DIRECTION('',(0.809016994374947,0.587785252292474,0.));
#6464=DIRECTION('',(0.,0.,-1.));
#6465=DIRECTION('',(-1.,0.,0.));
#6466=DIRECTION('',(0.,0.,1.));
#6467=DIRECTION('',(1.,0.,0.));
#6468=DIRECTION('',(0.,0.,1.));
#6469=DIRECTION('',(1.,0.,0.));
#6470=DIRECTION('',(0.,-1.,0.));
#6471=DIRECTION('',(0.,0.,-1.));
#6472=DIRECTION('',(-1.,0.,0.));
#6473=DIRECTION('',(0.,0.,-1.));
#6474=DIRECTION('',(0.,0.,-1.));
#6475=DIRECTION('',(-1.,0.,0.));
#6476=DIRECTION('',(0.,0.,1.));
#6477=DIRECTION('',(1.,0.,0.));
#6478=DIRECTION('',(0.,0.,-1.));
#6479=DIRECTION('',(0.,1.,0.));
#6480=DIRECTION('',(0.,0.,1.));
#6481=DIRECTION('',(1.,0.,0.));
#6482=DIRECTION('',(0.,0.,1.));
#6483=DIRECTION('',(1.,0.,0.));
#6484=DIRECTION('',(-0.587785252292474,-0.809016994374947,0.));
#6485=DIRECTION('',(0.809016994374947,-0.587785252292474,0.));
#6486=DIRECTION('',(-0.809016994374947,0.587785252292474,0.));
#6487=DIRECTION('',(0.,0.,-1.));
#6488=DIRECTION('',(0.,0.,-1.));
#6489=DIRECTION('',(-1.,0.,0.));
#6490=DIRECTION('',(0.,0.,1.));
#6491=DIRECTION('',(1.,0.,0.));
#6492=DIRECTION('',(0.,0.,-1.));
#6493=DIRECTION('',(0.587785252292473,0.809016994374947,0.));
#6494=DIRECTION('',(-0.809016994374947,0.587785252292473,0.));
#6495=DIRECTION('',(0.809016994374947,-0.587785252292473,0.));
#6496=DIRECTION('',(0.,0.,1.));
#6497=DIRECTION('',(1.,0.,0.));
#6498=DIRECTION('',(0.,0.,1.));
#6499=DIRECTION('',(1.,0.,0.));
#6500=DIRECTION('',(0.,0.,-1.));
#6501=DIRECTION('',(-1.,0.,0.));
#6502=DIRECTION('',(0.,0.,-1.));
#6503=DIRECTION('',(-1.,0.,0.));
#6504=DIRECTION('',(0.,0.,-1.));
#6505=DIRECTION('',(-1.,0.,0.));
#6506=DIRECTION('',(0.,0.,-1.));
#6507=DIRECTION('',(-1.,0.,0.));
#6508=DIRECTION('',(0.,0.,-1.));
#6509=DIRECTION('',(-1.,0.,0.));
#6510=DIRECTION('',(0.,0.,-1.));
#6511=DIRECTION('',(-1.,0.,0.));
#6512=DIRECTION('',(0.,0.,-1.));
#6513=DIRECTION('',(-1.,0.,0.));
#6514=DIRECTION('',(0.,0.,-1.));
#6515=DIRECTION('',(-1.,0.,0.));
#6516=DIRECTION('',(0.,0.,-1.));
#6517=DIRECTION('',(-1.,0.,0.));
#6518=DIRECTION('',(0.,0.,-1.));
#6519=DIRECTION('',(-1.,0.,0.));
#6520=DIRECTION('',(0.,0.,-1.));
#6521=DIRECTION('',(-1.,0.,0.));
#6522=DIRECTION('',(0.,0.,-1.));
#6523=DIRECTION('',(-1.,0.,0.));
#6524=DIRECTION('',(0.,0.,-1.));
#6525=DIRECTION('',(-1.,0.,0.));
#6526=DIRECTION('',(0.,0.,-1.));
#6527=DIRECTION('',(-1.,0.,0.));
#6528=DIRECTION('',(0.,0.,-1.));
#6529=DIRECTION('',(-1.,0.,0.));
#6530=DIRECTION('',(0.,0.,-1.));
#6531=DIRECTION('',(-1.,0.,0.));
#6532=DIRECTION('',(0.,0.,-1.));
#6533=DIRECTION('',(-1.,0.,0.));
#6534=DIRECTION('',(0.,0.,-1.));
#6535=DIRECTION('',(-1.,0.,0.));
#6536=DIRECTION('',(0.,0.,-1.));
#6537=DIRECTION('',(-1.,0.,0.));
#6538=DIRECTION('',(0.,0.,-1.));
#6539=DIRECTION('',(-1.,0.,0.));
#6540=DIRECTION('',(0.,0.,-1.));
#6541=DIRECTION('',(-1.,0.,0.));
#6542=DIRECTION('',(0.,0.,-1.));
#6543=DIRECTION('',(-1.,0.,0.));
#6544=DIRECTION('',(0.,0.,-1.));
#6545=DIRECTION('',(-1.,0.,0.));
#6546=DIRECTION('',(0.,0.,-1.));
#6547=DIRECTION('',(-1.,0.,0.));
#6548=DIRECTION('',(0.,0.,-1.));
#6549=DIRECTION('',(-1.,0.,0.));
#6550=DIRECTION('',(0.,0.,-1.));
#6551=DIRECTION('',(-1.,0.,0.));
#6552=DIRECTION('',(0.,0.,-1.));
#6553=DIRECTION('',(-1.,0.,0.));
#6554=DIRECTION('',(0.,0.,-1.));
#6555=DIRECTION('',(-1.,0.,0.));
#6556=DIRECTION('',(0.,0.,-1.));
#6557=DIRECTION('',(-1.,0.,0.));
#6558=DIRECTION('',(0.,0.,-1.));
#6559=DIRECTION('',(-1.,0.,0.));
#6560=DIRECTION('',(0.,0.,-1.));
#6561=DIRECTION('',(-1.,0.,0.));
#6562=DIRECTION('',(0.,0.,-1.));
#6563=DIRECTION('',(-1.,0.,0.));
#6564=DIRECTION('',(0.,0.,-1.));
#6565=DIRECTION('',(-1.,0.,0.));
#6566=DIRECTION('',(0.,0.,-1.));
#6567=DIRECTION('',(-1.,0.,0.));
#6568=DIRECTION('',(0.,0.,-1.));
#6569=DIRECTION('',(-1.,0.,0.));
#6570=DIRECTION('',(0.,0.,-1.));
#6571=DIRECTION('',(-1.,0.,0.));
#6572=DIRECTION('',(0.,0.,-1.));
#6573=DIRECTION('',(-1.,0.,0.));
#6574=DIRECTION('',(0.,0.,-1.));
#6575=DIRECTION('',(-1.,0.,0.));
#6576=DIRECTION('',(0.,0.,-1.));
#6577=DIRECTION('',(-1.,0.,0.));
#6578=DIRECTION('',(0.,0.,-1.));
#6579=DIRECTION('',(-1.,0.,0.));
#6580=DIRECTION('',(0.,0.,-1.));
#6581=DIRECTION('',(-1.,0.,0.));
#6582=DIRECTION('',(0.,0.,-1.));
#6583=DIRECTION('',(-1.,0.,0.));
#6584=DIRECTION('',(0.,0.,-1.));
#6585=DIRECTION('',(-1.,0.,0.));
#6586=DIRECTION('',(0.,0.,-1.));
#6587=DIRECTION('',(-1.,0.,0.));
#6588=DIRECTION('',(0.,0.,-1.));
#6589=DIRECTION('',(-1.,0.,0.));
#6590=DIRECTION('',(0.,0.,-1.));
#6591=DIRECTION('',(-1.,0.,0.));
#6592=DIRECTION('',(0.,0.,-1.));
#6593=DIRECTION('',(-1.,0.,0.));
#6594=DIRECTION('',(0.,0.,-1.));
#6595=DIRECTION('',(-1.,0.,0.));
#6596=DIRECTION('',(0.,0.,-1.));
#6597=DIRECTION('',(-1.,0.,0.));
#6598=DIRECTION('',(0.,0.,-1.));
#6599=DIRECTION('',(-1.,0.,0.));
#6600=DIRECTION('',(0.,0.,-1.));
#6601=DIRECTION('',(-1.,0.,0.));
#6602=DIRECTION('',(0.,0.,-1.));
#6603=DIRECTION('',(-1.,0.,0.));
#6604=DIRECTION('',(0.,0.,-1.));
#6605=DIRECTION('',(-1.,0.,0.));
#6606=DIRECTION('',(0.,0.,-1.));
#6607=DIRECTION('',(-1.,0.,0.));
#6608=DIRECTION('',(0.,0.,-1.));
#6609=DIRECTION('',(-1.,0.,0.));
#6610=DIRECTION('',(0.,0.,-1.));
#6611=DIRECTION('',(-1.,0.,0.));
#6612=DIRECTION('',(0.,0.,-1.));
#6613=DIRECTION('',(-1.,0.,0.));
#6614=DIRECTION('',(0.,0.,-1.));
#6615=DIRECTION('',(-1.,0.,0.));
#6616=DIRECTION('',(0.,0.,-1.));
#6617=DIRECTION('',(-1.,0.,0.));
#6618=DIRECTION('',(0.,0.,-1.));
#6619=DIRECTION('',(-1.,0.,0.));
#6620=DIRECTION('',(0.,0.,-1.));
#6621=DIRECTION('',(-1.,0.,0.));
#6622=DIRECTION('',(0.,0.,-1.));
#6623=DIRECTION('',(-1.,0.,0.));
#6624=DIRECTION('',(0.,0.,-1.));
#6625=DIRECTION('',(-1.,0.,0.));
#6626=DIRECTION('',(0.,0.,-1.));
#6627=DIRECTION('',(-1.,0.,0.));
#6628=DIRECTION('',(0.,0.,-1.));
#6629=DIRECTION('',(-1.,0.,0.));
#6630=DIRECTION('',(0.,0.,-1.));
#6631=DIRECTION('',(-1.,0.,0.));
#6632=DIRECTION('',(0.866025403784439,0.5,0.));
#6633=DIRECTION('',(1.,0.,0.));
#6634=DIRECTION('',(0.,0.,-1.));
#6635=DIRECTION('',(-1.,0.,0.));
#6636=DIRECTION('',(0.866025403784439,-0.5,0.));
#6637=DIRECTION('',(0.,0.,-1.));
#6638=DIRECTION('',(-1.,0.,0.));
#6639=DIRECTION('',(-0.500000000000001,-0.866025403784438,0.));
#6640=DIRECTION('',(0.965925826289068,-0.258819045102522,0.));
#6641=DIRECTION('',(0.,0.,-1.));
#6642=DIRECTION('',(-1.,0.,0.));
#6643=DIRECTION('',(-0.258819045102521,-0.965925826289068,0.));
#6644=DIRECTION('',(1.,0.,0.));
#6645=DIRECTION('',(0.,0.,-1.));
#6646=DIRECTION('',(-1.,0.,0.));
#6647=DIRECTION('',(0.,-1.,0.));
#6648=DIRECTION('',(0.965925826289069,0.25881904510252,0.));
#6649=DIRECTION('',(0.,0.,-1.));
#6650=DIRECTION('',(-1.,0.,0.));
#6651=DIRECTION('',(0.258819045102522,-0.965925826289068,0.));
#6652=DIRECTION('',(0.866025403784439,0.5,0.));
#6653=DIRECTION('',(0.,0.,-1.));
#6654=DIRECTION('',(-1.,0.,0.));
#6655=DIRECTION('',(0.500000000000001,-0.866025403784438,0.));
#6656=DIRECTION('',(0.707106781186549,0.707106781186547,0.));
#6657=DIRECTION('',(0.,0.,-1.));
#6658=DIRECTION('',(-1.,0.,0.));
#6659=DIRECTION('',(0.707106781186548,-0.707106781186547,0.));
#6660=DIRECTION('',(0.500000000000001,0.866025403784438,0.));
#6661=DIRECTION('',(0.,0.,-1.));
#6662=DIRECTION('',(-1.,0.,0.));
#6663=DIRECTION('',(0.866025403784439,-0.499999999999999,0.));
#6664=DIRECTION('',(0.258819045102522,0.965925826289068,0.));
#6665=DIRECTION('',(0.,0.,-1.));
#6666=DIRECTION('',(-1.,0.,0.));
#6667=DIRECTION('',(0.965925826289069,-0.258819045102519,0.));
#6668=DIRECTION('',(8.26001755816811E-16,1.,0.));
#6669=DIRECTION('',(0.,0.,-1.));
#6670=DIRECTION('',(-1.,0.,0.));
#6671=DIRECTION('',(1.,8.26001755816812E-16,0.));
#6672=DIRECTION('',(-0.258819045102519,0.965925826289069,0.));
#6673=DIRECTION('',(0.,0.,-1.));
#6674=DIRECTION('',(-1.,0.,0.));
#6675=DIRECTION('',(0.965925826289068,0.258819045102521,0.));
#6676=DIRECTION('',(-0.5,0.866025403784439,0.));
#6677=DIRECTION('',(0.,0.,-1.));
#6678=DIRECTION('',(-1.,0.,0.));
#6679=DIRECTION('',(0.,0.,-1.));
#6680=DIRECTION('',(-1.,0.,0.));
#6681=DIRECTION('',(0.,0.,-1.));
#6682=DIRECTION('',(-1.,0.,0.));
#6683=DIRECTION('',(-0.866025403784439,-0.5,0.));
#6684=DIRECTION('',(-1.,0.,0.));
#6685=DIRECTION('',(0.,0.,-1.));
#6686=DIRECTION('',(-1.,0.,0.));
#6687=DIRECTION('',(-0.866025403784438,0.500000000000001,0.));
#6688=DIRECTION('',(0.,0.,-1.));
#6689=DIRECTION('',(-1.,0.,0.));
#6690=DIRECTION('',(0.5,0.866025403784439,0.));
#6691=DIRECTION('',(-0.965925826289068,0.258819045102522,0.));
#6692=DIRECTION('',(0.,0.,-1.));
#6693=DIRECTION('',(-1.,0.,0.));
#6694=DIRECTION('',(0.258819045102521,0.965925826289068,0.));
#6695=DIRECTION('',(-1.,8.2600175581681E-16,0.));
#6696=DIRECTION('',(0.,0.,-1.));
#6697=DIRECTION('',(-1.,0.,0.));
#6698=DIRECTION('',(0.,1.,0.));
#6699=DIRECTION('',(-0.965925826289068,-0.258819045102521,0.));
#6700=DIRECTION('',(0.,0.,-1.));
#6701=DIRECTION('',(-1.,0.,0.));
#6702=DIRECTION('',(-0.258819045102521,0.965925826289068,0.));
#6703=DIRECTION('',(-0.866025403784439,-0.5,0.));
#6704=DIRECTION('',(0.,0.,-1.));
#6705=DIRECTION('',(-1.,0.,0.));
#6706=DIRECTION('',(-0.5,0.866025403784438,0.));
#6707=DIRECTION('',(-0.707106781186548,-0.707106781186547,0.));
#6708=DIRECTION('',(0.,0.,-1.));
#6709=DIRECTION('',(-1.,0.,0.));
#6710=DIRECTION('',(-0.707106781186548,0.707106781186547,0.));
#6711=DIRECTION('',(-0.5,-0.866025403784439,0.));
#6712=DIRECTION('',(0.,0.,-1.));
#6713=DIRECTION('',(-1.,0.,0.));
#6714=DIRECTION('',(-0.866025403784439,0.5,0.));
#6715=DIRECTION('',(-0.25881904510252,-0.965925826289069,0.));
#6716=DIRECTION('',(0.,0.,-1.));
#6717=DIRECTION('',(-1.,0.,0.));
#6718=DIRECTION('',(-0.965925826289069,0.25881904510252,0.));
#6719=DIRECTION('',(8.26001755816814E-16,-1.,0.));
#6720=DIRECTION('',(0.,0.,-1.));
#6721=DIRECTION('',(-1.,0.,0.));
#6722=DIRECTION('',(-1.,0.,0.));
#6723=DIRECTION('',(0.258819045102521,-0.965925826289068,0.));
#6724=DIRECTION('',(0.,0.,-1.));
#6725=DIRECTION('',(-1.,0.,0.));
#6726=DIRECTION('',(-0.965925826289068,-0.258819045102521,0.));
#6727=DIRECTION('',(0.499999999999999,-0.866025403784439,0.));
#6728=DIRECTION('',(0.,0.,-1.));
#6729=DIRECTION('',(-1.,0.,0.));
#6730=DIRECTION('',(0.,0.,-1.));
#6731=DIRECTION('',(-1.,0.,0.));
#6732=DIRECTION('',(0.,0.,-1.));
#6733=DIRECTION('',(0.,0.,1.));
#6734=DIRECTION('',(1.,0.,0.));
#6735=DIRECTION('',(0.,0.,-1.));
#6736=DIRECTION('',(0.,0.,-1.));
#6737=DIRECTION('',(0.,0.,1.));
#6738=DIRECTION('',(1.,0.,0.));
#6739=DIRECTION('',(0.,0.,-1.));
#6740=DIRECTION('',(0.,0.,-1.));
#6741=DIRECTION('',(0.,0.,1.));
#6742=DIRECTION('',(1.,0.,0.));
#6743=DIRECTION('',(0.,0.,-1.));
#6744=DIRECTION('',(0.,0.,-1.));
#6745=DIRECTION('',(0.,0.,1.));
#6746=DIRECTION('',(1.,0.,0.));
#6747=DIRECTION('',(0.,0.,-1.));
#6748=DIRECTION('',(0.,0.,-1.));
#6749=DIRECTION('',(0.,0.,1.));
#6750=DIRECTION('',(1.,0.,0.));
#6751=DIRECTION('',(0.,0.,-1.));
#6752=DIRECTION('',(0.,0.,-1.));
#6753=DIRECTION('',(0.,0.,1.));
#6754=DIRECTION('',(1.,0.,0.));
#6755=DIRECTION('',(0.,0.,-1.));
#6756=DIRECTION('',(0.,0.,-1.));
#6757=DIRECTION('',(0.,0.,1.));
#6758=DIRECTION('',(1.,0.,0.));
#6759=DIRECTION('',(0.,0.,-1.));
#6760=DIRECTION('',(0.,0.,-1.));
#6761=DIRECTION('',(0.,0.,1.));
#6762=DIRECTION('',(1.,0.,0.));
#6763=DIRECTION('',(0.,0.,-1.));
#6764=DIRECTION('',(0.,0.,-1.));
#6765=DIRECTION('',(0.,0.,1.));
#6766=DIRECTION('',(1.,0.,0.));
#6767=DIRECTION('',(0.,0.,-1.));
#6768=DIRECTION('',(0.,0.,-1.));
#6769=DIRECTION('',(0.,0.,1.));
#6770=DIRECTION('',(1.,0.,0.));
#6771=DIRECTION('',(0.,0.,-1.));
#6772=DIRECTION('',(0.,0.,-1.));
#6773=DIRECTION('',(0.,0.,1.));
#6774=DIRECTION('',(1.,0.,0.));
#6775=DIRECTION('',(0.,0.,-1.));
#6776=DIRECTION('',(0.,0.,1.));
#6777=DIRECTION('',(1.,0.,0.));
#6778=DIRECTION('',(0.,0.,-1.));
#6779=DIRECTION('',(0.,0.,1.));
#6780=DIRECTION('',(1.,0.,0.));
#6781=DIRECTION('',(0.,0.,-1.));
#6782=DIRECTION('',(0.,0.,1.));
#6783=DIRECTION('',(1.,0.,0.));
#6784=DIRECTION('',(0.,0.,-1.));
#6785=DIRECTION('',(0.,0.,1.));
#6786=DIRECTION('',(1.,0.,0.));
#6787=DIRECTION('',(0.,0.,-1.));
#6788=DIRECTION('',(0.,0.,-1.));
#6789=DIRECTION('',(0.,0.,1.));
#6790=DIRECTION('',(1.,0.,0.));
#6791=DIRECTION('',(0.,0.,-1.));
#6792=DIRECTION('',(0.,0.,-1.));
#6793=DIRECTION('',(0.,0.,1.));
#6794=DIRECTION('',(1.,0.,0.));
#6795=DIRECTION('',(0.,0.,-1.));
#6796=DIRECTION('',(0.,0.,-1.));
#6797=DIRECTION('',(0.,0.,1.));
#6798=DIRECTION('',(1.,0.,0.));
#6799=DIRECTION('',(0.,0.,-1.));
#6800=DIRECTION('',(0.,0.,-1.));
#6801=DIRECTION('',(0.,0.,1.));
#6802=DIRECTION('',(1.,0.,0.));
#6803=DIRECTION('',(0.,0.,-1.));
#6804=DIRECTION('',(0.,0.,-1.));
#6805=DIRECTION('',(0.,0.,1.));
#6806=DIRECTION('',(1.,0.,0.));
#6807=DIRECTION('',(0.,0.,-1.));
#6808=DIRECTION('',(0.,0.,-1.));
#6809=DIRECTION('',(0.,0.,1.));
#6810=DIRECTION('',(1.,0.,0.));
#6811=DIRECTION('',(0.,0.,-1.));
#6812=DIRECTION('',(0.,0.,-1.));
#6813=DIRECTION('',(0.,0.,1.));
#6814=DIRECTION('',(1.,0.,0.));
#6815=DIRECTION('',(0.,0.,-1.));
#6816=DIRECTION('',(0.,0.,-1.));
#6817=DIRECTION('',(0.,0.,1.));
#6818=DIRECTION('',(1.,0.,0.));
#6819=DIRECTION('',(0.,0.,-1.));
#6820=DIRECTION('',(0.,0.,-1.));
#6821=DIRECTION('',(0.,0.,1.));
#6822=DIRECTION('',(1.,0.,0.));
#6823=DIRECTION('',(0.,0.,-1.));
#6824=DIRECTION('',(0.,0.,-1.));
#6825=DIRECTION('',(-1.,0.,0.));
#6826=DIRECTION('',(0.,0.,1.));
#6827=DIRECTION('',(1.,0.,0.));
#6828=DIRECTION('',(0.,-1.,0.));
#6829=DIRECTION('',(0.,0.,-1.));
#6830=DIRECTION('',(0.,0.,-1.));
#6831=DIRECTION('',(1.,0.,0.));
#6832=DIRECTION('',(0.,0.,1.));
#6833=DIRECTION('',(1.,0.,0.));
#6834=DIRECTION('',(0.,0.,1.));
#6835=DIRECTION('',(0.,1.,0.));
#6836=DIRECTION('',(0.,0.,1.));
#6837=DIRECTION('',(0.,0.,-1.));
#6838=DIRECTION('',(-1.,0.,0.));
#6839=DIRECTION('',(0.,0.,1.));
#6840=DIRECTION('',(-1.,0.,0.));
#6841=DIRECTION('',(0.,0.,1.));
#6842=DIRECTION('',(0.,0.,1.));
#6843=DIRECTION('',(1.,0.,0.));
#6844=DIRECTION('',(0.866025403784439,0.5,0.));
#6845=DIRECTION('',(-0.707106781186547,0.707106781186548,0.));
#6846=DIRECTION('',(0.,0.,1.));
#6847=DIRECTION('',(1.,0.,0.));
#6848=DIRECTION('',(0.707106781186547,0.707106781186548,0.));
#6849=DIRECTION('',(-0.866025403784439,0.5,0.));
#6850=DIRECTION('',(0.,-1.,0.));
#6851=DIRECTION('',(0.,0.,1.));
#6852=DIRECTION('',(1.,0.,0.));
#6853=DIRECTION('',(0.5,0.866025403784439,0.));
#6854=DIRECTION('',(0.,0.,1.));
#6855=DIRECTION('',(1.,0.,0.));
#6856=DIRECTION('',(-0.866025403784438,0.500000000000001,0.));
#6857=DIRECTION('',(0.,-1.,0.));
#6858=DIRECTION('',(0.866025403784439,0.5,0.));
#6859=DIRECTION('',(0.,0.,1.));
#6860=DIRECTION('',(1.,0.,0.));
#6861=DIRECTION('',(-0.5,0.866025403784439,0.));
#6862=DIRECTION('',(-1.,0.,0.));
#6863=DIRECTION('',(0.,0.,1.));
#6864=DIRECTION('',(0.707106781186548,0.707106781186547,0.));
#6865=DIRECTION('',(-0.707106781186547,0.707106781186548,0.));
#6866=DIRECTION('',(0.707106781186547,-0.707106781186548,0.));
#6867=DIRECTION('',(0.,0.,-1.));
#6868=DIRECTION('',(0.,0.,-1.));
#6869=DIRECTION('',(-1.,0.,0.));
#6870=DIRECTION('',(0.,0.,1.));
#6871=DIRECTION('',(1.,0.,0.));
#6872=DIRECTION('',(0.,0.,-1.));
#6873=DIRECTION('',(0.707106781186548,-0.707106781186547,0.));
#6874=DIRECTION('',(0.707106781186547,0.707106781186548,0.));
#6875=DIRECTION('',(-0.707106781186547,-0.707106781186548,0.));
#6876=DIRECTION('',(0.,0.,1.));
#6877=DIRECTION('',(1.,0.,0.));
#6878=DIRECTION('',(0.5,0.866025403784439,0.));
#6879=DIRECTION('',(-0.866025403784439,0.5,0.));
#6880=DIRECTION('',(0.866025403784439,-0.5,0.));
#6881=DIRECTION('',(0.,0.,-1.));
#6882=DIRECTION('',(0.,0.,1.));
#6883=DIRECTION('',(1.,0.,0.));
#6884=DIRECTION('',(-0.500000000000001,-0.866025403784438,0.));
#6885=DIRECTION('',(0.,0.,1.));
#6886=DIRECTION('',(1.,0.,0.));
#6887=DIRECTION('',(0.866025403784438,-0.500000000000001,0.));
#6888=DIRECTION('',(0.500000000000001,0.866025403784438,0.));
#6889=DIRECTION('',(0.,0.,-1.));
#6890=DIRECTION('',(0.,0.,-1.));
#6891=DIRECTION('',(-1.,0.,0.));
#6892=DIRECTION('',(0.5,-0.866025403784439,0.));
#6893=DIRECTION('',(0.866025403784439,0.5,0.));
#6894=DIRECTION('',(0.,0.,-1.));
#6895=DIRECTION('',(-0.866025403784439,-0.5,0.));
#6896=DIRECTION('',(0.,0.,1.));
#6897=DIRECTION('',(1.,0.,0.));
#6898=DIRECTION('',(0.,0.,1.));
#6899=DIRECTION('',(1.,0.,0.));
#6900=DIRECTION('',(0.499999999999999,-0.866025403784439,0.));
#6901=DIRECTION('',(0.866025403784439,0.499999999999999,0.));
#6902=DIRECTION('',(-0.499999999999999,0.866025403784439,0.));
#6903=DIRECTION('',(0.,0.,-1.));
#6904=DIRECTION('',(0.,0.,-1.));
#6905=DIRECTION('',(-1.,0.,0.));
#6906=DIRECTION('',(-0.500000000000001,-0.866025403784438,0.));
#6907=DIRECTION('',(0.866025403784438,-0.500000000000001,0.));
#6908=DIRECTION('',(0.,0.,-1.));
#6909=DIRECTION('',(-0.866025403784438,0.5,0.));
#6910=DIRECTION('',(-0.5,-0.866025403784439,0.));
#6911=DIRECTION('',(0.,0.,-1.));
#6912=DIRECTION('',(0.,0.,-1.));
#6913=DIRECTION('',(-1.,0.,0.));
#6914=DIRECTION('',(-0.5,0.866025403784438,0.));
#6915=DIRECTION('',(-0.866025403784439,-0.5,0.));
#6916=DIRECTION('',(0.,0.,-1.));
#6917=DIRECTION('',(-0.866025403784439,-0.5,0.));
#6918=DIRECTION('',(0.5,-0.866025403784439,0.));
#6919=DIRECTION('',(0.,0.,-1.));
#6920=DIRECTION('',(0.,0.,-1.));
#6921=DIRECTION('',(-1.,0.,0.));
#6922=DIRECTION('',(0.,0.,1.));
#6923=DIRECTION('',(1.,0.,0.));
#6924=DIRECTION('',(0.965925826289068,0.258819045102521,0.));
#6925=DIRECTION('',(0.,0.,1.));
#6926=DIRECTION('',(1.,0.,0.));
#6927=DIRECTION('',(-0.258819045102519,0.965925826289069,0.));
#6928=DIRECTION('',(-0.965925826289069,-0.258819045102519,0.));
#6929=DIRECTION('',(0.258819045102519,-0.965925826289069,0.));
#6930=DIRECTION('',(0.,0.,-1.));
#6931=DIRECTION('',(-0.258819045102521,0.965925826289068,0.));
#6932=DIRECTION('',(-0.965925826289068,-0.258819045102521,0.));
#6933=DIRECTION('',(0.,0.,-1.));
#6934=DIRECTION('',(0.,0.,-1.));
#6935=DIRECTION('',(-1.,0.,0.));
#6936=DIRECTION('',(0.,0.,1.));
#6937=DIRECTION('',(1.,0.,0.));
#6938=DIRECTION('',(1.,8.26001755816812E-16,0.));
#6939=DIRECTION('',(0.,0.,1.));
#6940=DIRECTION('',(1.,0.,0.));
#6941=DIRECTION('',(8.26001755816811E-16,1.,0.));
#6942=DIRECTION('',(-1.,8.26001755816811E-16,0.));
#6943=DIRECTION('',(-8.26001755816811E-16,-1.,0.));
#6944=DIRECTION('',(0.,0.,-1.));
#6945=DIRECTION('',(-8.26001755816812E-16,1.,0.));
#6946=DIRECTION('',(-1.,-8.26001755816812E-16,0.));
#6947=DIRECTION('',(0.,0.,-1.));
#6948=DIRECTION('',(0.,0.,-1.));
#6949=DIRECTION('',(-1.,0.,0.));
#6950=DIRECTION('',(0.,0.,1.));
#6951=DIRECTION('',(1.,0.,0.));
#6952=DIRECTION('',(0.965925826289069,-0.258819045102519,0.));
#6953=DIRECTION('',(0.,0.,1.));
#6954=DIRECTION('',(1.,0.,0.));
#6955=DIRECTION('',(0.258819045102522,0.965925826289068,0.));
#6956=DIRECTION('',(-0.965925826289068,0.258819045102522,0.));
#6957=DIRECTION('',(-0.258819045102522,-0.965925826289068,0.));
#6958=DIRECTION('',(0.,0.,-1.));
#6959=DIRECTION('',(0.258819045102519,0.965925826289069,0.));
#6960=DIRECTION('',(-0.965925826289069,0.258819045102519,0.));
#6961=DIRECTION('',(0.,0.,-1.));
#6962=DIRECTION('',(0.,0.,-1.));
#6963=DIRECTION('',(-1.,0.,0.));
#6964=DIRECTION('',(0.,0.,1.));
#6965=DIRECTION('',(1.,0.,0.));
#6966=DIRECTION('',(0.866025403784439,-0.499999999999999,0.));
#6967=DIRECTION('',(0.,0.,1.));
#6968=DIRECTION('',(1.,0.,0.));
#6969=DIRECTION('',(0.500000000000001,0.866025403784438,0.));
#6970=DIRECTION('',(-0.866025403784438,0.500000000000001,0.));
#6971=DIRECTION('',(-0.500000000000001,-0.866025403784438,0.));
#6972=DIRECTION('',(0.,0.,-1.));
#6973=DIRECTION('',(0.499999999999999,0.866025403784439,0.));
#6974=DIRECTION('',(-0.866025403784439,0.499999999999999,0.));
#6975=DIRECTION('',(0.,0.,-1.));
#6976=DIRECTION('',(0.,0.,-1.));
#6977=DIRECTION('',(-1.,0.,0.));
#6978=DIRECTION('',(0.,0.,1.));
#6979=DIRECTION('',(1.,0.,0.));
#6980=DIRECTION('',(0.707106781186548,-0.707106781186547,0.));
#6981=DIRECTION('',(0.,0.,1.));
#6982=DIRECTION('',(1.,0.,0.));
#6983=DIRECTION('',(0.707106781186549,0.707106781186547,0.));
#6984=DIRECTION('',(-0.707106781186546,0.707106781186548,0.));
#6985=DIRECTION('',(-0.707106781186549,-0.707106781186547,0.));
#6986=DIRECTION('',(0.,0.,-1.));
#6987=DIRECTION('',(0.707106781186547,0.707106781186548,0.));
#6988=DIRECTION('',(-0.707106781186548,0.707106781186547,0.));
#6989=DIRECTION('',(0.,0.,-1.));
#6990=DIRECTION('',(0.,0.,-1.));
#6991=DIRECTION('',(-1.,0.,0.));
#6992=DIRECTION('',(0.,0.,1.));
#6993=DIRECTION('',(1.,0.,0.));
#6994=DIRECTION('',(0.500000000000001,-0.866025403784438,0.));
#6995=DIRECTION('',(0.,0.,1.));
#6996=DIRECTION('',(1.,0.,0.));
#6997=DIRECTION('',(0.866025403784439,0.5,0.));
#6998=DIRECTION('',(-0.5,0.866025403784439,0.));
#6999=DIRECTION('',(-0.866025403784439,-0.5,0.));
#7000=DIRECTION('',(0.,0.,-1.));
#7001=DIRECTION('',(0.866025403784438,0.500000000000001,0.));
#7002=DIRECTION('',(-0.500000000000001,0.866025403784438,0.));
#7003=DIRECTION('',(0.,0.,-1.));
#7004=DIRECTION('',(0.,0.,-1.));
#7005=DIRECTION('',(-1.,0.,0.));
#7006=DIRECTION('',(0.,0.,1.));
#7007=DIRECTION('',(1.,0.,0.));
#7008=DIRECTION('',(0.258819045102522,-0.965925826289068,0.));
#7009=DIRECTION('',(0.,0.,1.));
#7010=DIRECTION('',(1.,0.,0.));
#7011=DIRECTION('',(0.965925826289069,0.25881904510252,0.));
#7012=DIRECTION('',(-0.25881904510252,0.965925826289069,0.));
#7013=DIRECTION('',(-0.965925826289069,-0.25881904510252,0.));
#7014=DIRECTION('',(0.,0.,-1.));
#7015=DIRECTION('',(0.965925826289068,0.258819045102522,0.));
#7016=DIRECTION('',(-0.258819045102522,0.965925826289068,0.));
#7017=DIRECTION('',(0.,0.,-1.));
#7018=DIRECTION('',(0.,0.,-1.));
#7019=DIRECTION('',(-1.,0.,0.));
#7020=DIRECTION('',(0.,0.,1.));
#7021=DIRECTION('',(1.,0.,0.));
#7022=DIRECTION('',(0.,-1.,0.));
#7023=DIRECTION('',(0.,0.,1.));
#7024=DIRECTION('',(1.,0.,0.));
#7025=DIRECTION('',(1.,0.,0.));
#7026=DIRECTION('',(0.,1.,0.));
#7027=DIRECTION('',(0.,0.,1.));
#7028=DIRECTION('',(0.,0.,-1.));
#7029=DIRECTION('',(1.,0.,0.));
#7030=DIRECTION('',(0.,0.,-1.));
#7031=DIRECTION('',(0.,0.,-1.));
#7032=DIRECTION('',(0.,0.,-1.));
#7033=DIRECTION('',(-1.,0.,0.));
#7034=DIRECTION('',(0.,0.,1.));
#7035=DIRECTION('',(1.,0.,0.));
#7036=DIRECTION('',(-0.258819045102521,-0.965925826289068,0.));
#7037=DIRECTION('',(0.,0.,1.));
#7038=DIRECTION('',(1.,0.,0.));
#7039=DIRECTION('',(0.965925826289068,-0.258819045102522,0.));
#7040=DIRECTION('',(0.258819045102522,0.965925826289068,0.));
#7041=DIRECTION('',(-0.965925826289068,0.258819045102522,0.));
#7042=DIRECTION('',(0.,0.,-1.));
#7043=DIRECTION('',(0.965925826289068,-0.258819045102521,0.));
#7044=DIRECTION('',(0.258819045102521,0.965925826289068,0.));
#7045=DIRECTION('',(0.,0.,-1.));
#7046=DIRECTION('',(0.,0.,-1.));
#7047=DIRECTION('',(-1.,0.,0.));
#7048=DIRECTION('',(0.,0.,1.));
#7049=DIRECTION('',(1.,0.,0.));
#7050=DIRECTION('',(-0.965925826289068,-0.258819045102521,0.));
#7051=DIRECTION('',(0.,0.,1.));
#7052=DIRECTION('',(1.,0.,0.));
#7053=DIRECTION('',(0.258819045102521,-0.965925826289068,0.));
#7054=DIRECTION('',(0.965925826289068,0.258819045102521,0.));
#7055=DIRECTION('',(-0.258819045102521,0.965925826289068,0.));
#7056=DIRECTION('',(0.,0.,-1.));
#7057=DIRECTION('',(0.258819045102521,-0.965925826289068,0.));
#7058=DIRECTION('',(0.965925826289068,0.258819045102521,0.));
#7059=DIRECTION('',(0.,0.,-1.));
#7060=DIRECTION('',(0.,0.,-1.));
#7061=DIRECTION('',(-1.,0.,0.));
#7062=DIRECTION('',(0.,0.,1.));
#7063=DIRECTION('',(1.,0.,0.));
#7064=DIRECTION('',(-1.,0.,0.));
#7065=DIRECTION('',(0.,0.,1.));
#7066=DIRECTION('',(1.,0.,0.));
#7067=DIRECTION('',(8.26001755816814E-16,-1.,0.));
#7068=DIRECTION('',(1.,8.26001755816814E-16,0.));
#7069=DIRECTION('',(-8.26001755816814E-16,1.,0.));
#7070=DIRECTION('',(0.,0.,-1.));
#7071=DIRECTION('',(0.,-1.,0.));
#7072=DIRECTION('',(0.,0.,-1.));
#7073=DIRECTION('',(0.,0.,-1.));
#7074=DIRECTION('',(0.,0.,-1.));
#7075=DIRECTION('',(-1.,0.,0.));
#7076=DIRECTION('',(0.,0.,1.));
#7077=DIRECTION('',(1.,0.,0.));
#7078=DIRECTION('',(-0.965925826289069,0.25881904510252,0.));
#7079=DIRECTION('',(0.,0.,1.));
#7080=DIRECTION('',(1.,0.,0.));
#7081=DIRECTION('',(-0.25881904510252,-0.965925826289069,0.));
#7082=DIRECTION('',(0.965925826289069,-0.25881904510252,0.));
#7083=DIRECTION('',(0.25881904510252,0.965925826289069,0.));
#7084=DIRECTION('',(0.,0.,-1.));
#7085=DIRECTION('',(-0.25881904510252,-0.965925826289069,0.));
#7086=DIRECTION('',(0.965925826289069,-0.25881904510252,0.));
#7087=DIRECTION('',(0.,0.,-1.));
#7088=DIRECTION('',(0.,0.,-1.));
#7089=DIRECTION('',(-1.,0.,0.));
#7090=DIRECTION('',(0.,0.,1.));
#7091=DIRECTION('',(1.,0.,0.));
#7092=DIRECTION('',(-0.866025403784439,0.5,0.));
#7093=DIRECTION('',(0.,0.,1.));
#7094=DIRECTION('',(1.,0.,0.));
#7095=DIRECTION('',(-0.5,-0.866025403784439,0.));
#7096=DIRECTION('',(0.866025403784439,-0.5,0.));
#7097=DIRECTION('',(0.5,0.866025403784439,0.));
#7098=DIRECTION('',(0.,0.,-1.));
#7099=DIRECTION('',(-0.5,-0.866025403784439,0.));
#7100=DIRECTION('',(0.866025403784439,-0.5,0.));
#7101=DIRECTION('',(0.,0.,-1.));
#7102=DIRECTION('',(0.,0.,-1.));
#7103=DIRECTION('',(-1.,0.,0.));
#7104=DIRECTION('',(0.,0.,1.));
#7105=DIRECTION('',(1.,0.,0.));
#7106=DIRECTION('',(-0.707106781186548,0.707106781186547,0.));
#7107=DIRECTION('',(0.,0.,1.));
#7108=DIRECTION('',(1.,0.,0.));
#7109=DIRECTION('',(-0.707106781186548,-0.707106781186547,0.));
#7110=DIRECTION('',(0.707106781186547,-0.707106781186548,0.));
#7111=DIRECTION('',(0.707106781186548,0.707106781186547,0.));
#7112=DIRECTION('',(0.,0.,-1.));
#7113=DIRECTION('',(-0.707106781186547,-0.707106781186548,0.));
#7114=DIRECTION('',(0.707106781186548,-0.707106781186547,0.));
#7115=DIRECTION('',(0.,0.,-1.));
#7116=DIRECTION('',(0.,0.,-1.));
#7117=DIRECTION('',(-1.,0.,0.));
#7118=DIRECTION('',(0.,0.,1.));
#7119=DIRECTION('',(1.,0.,0.));
#7120=DIRECTION('',(-0.5,0.866025403784438,0.));
#7121=DIRECTION('',(0.,0.,1.));
#7122=DIRECTION('',(1.,0.,0.));
#7123=DIRECTION('',(-0.866025403784439,-0.5,0.));
#7124=DIRECTION('',(0.5,-0.866025403784439,0.));
#7125=DIRECTION('',(0.866025403784439,0.5,0.));
#7126=DIRECTION('',(0.,0.,-1.));
#7127=DIRECTION('',(-0.866025403784438,-0.5,0.));
#7128=DIRECTION('',(0.5,-0.866025403784438,0.));
#7129=DIRECTION('',(0.,0.,-1.));
#7130=DIRECTION('',(0.,0.,-1.));
#7131=DIRECTION('',(-1.,0.,0.));
#7132=DIRECTION('',(0.,0.,1.));
#7133=DIRECTION('',(1.,0.,0.));
#7134=DIRECTION('',(-0.258819045102521,0.965925826289068,0.));
#7135=DIRECTION('',(0.,0.,1.));
#7136=DIRECTION('',(1.,0.,0.));
#7137=DIRECTION('',(-0.965925826289068,-0.258819045102521,0.));
#7138=DIRECTION('',(0.258819045102521,-0.965925826289068,0.));
#7139=DIRECTION('',(0.965925826289068,0.258819045102521,0.));
#7140=DIRECTION('',(0.,0.,-1.));
#7141=DIRECTION('',(-0.965925826289068,-0.258819045102521,0.));
#7142=DIRECTION('',(0.258819045102521,-0.965925826289068,0.));
#7143=DIRECTION('',(0.,0.,-1.));
#7144=DIRECTION('',(0.,0.,-1.));
#7145=DIRECTION('',(-1.,0.,0.));
#7146=DIRECTION('',(0.,0.,1.));
#7147=DIRECTION('',(1.,0.,0.));
#7148=DIRECTION('',(0.,1.,0.));
#7149=DIRECTION('',(0.,0.,1.));
#7150=DIRECTION('',(1.,0.,0.));
#7151=DIRECTION('',(-1.,8.2600175581681E-16,0.));
#7152=DIRECTION('',(-8.2600175581681E-16,-1.,0.));
#7153=DIRECTION('',(1.,-8.2600175581681E-16,0.));
#7154=DIRECTION('',(0.,0.,-1.));
#7155=DIRECTION('',(-1.,0.,0.));
#7156=DIRECTION('',(0.,0.,1.));
#7157=DIRECTION('',(0.,0.,-1.));
#7158=DIRECTION('',(0.,0.,-1.));
#7159=DIRECTION('',(-1.,0.,0.));
#7160=DIRECTION('',(0.,0.,-1.));
#7161=DIRECTION('',(-1.,0.,0.));
#7162=DIRECTION('',(0.,0.,-1.));
#7163=DIRECTION('',(0.,0.,1.));
#7164=DIRECTION('',(1.,0.,0.));
#7165=DIRECTION('',(0.,0.,-1.));
#7166=DIRECTION('',(-0.965925826289068,0.258819045102521,0.));
#7167=DIRECTION('',(-0.258819045102521,-0.965925826289068,0.));
#7168=DIRECTION('',(0.258819045102521,0.965925826289068,0.));
#7169=DIRECTION('',(-0.258819045102522,-0.965925826289068,0.));
#7170=DIRECTION('',(0.965925826289068,-0.258819045102522,0.));
#7171=DIRECTION('',(-0.965925826289068,0.258819045102522,0.));
#7172=DIRECTION('',(0.,0.,1.));
#7173=DIRECTION('',(1.,0.,0.));
#7174=DIRECTION('',(0.,0.,1.));
#7175=DIRECTION('',(1.,0.,0.));
#7176=CARTESIAN_POINT('',(0.,0.,0.));
#7177=CARTESIAN_POINT('',(-4.5,4.5,0.));
#7178=CARTESIAN_POINT('',(-4.5,-5.,0.));
#7179=CARTESIAN_POINT('',(-4.5,-5.,0.));
#7180=CARTESIAN_POINT('',(2.,-5.,0.));
#7181=CARTESIAN_POINT('',(2.,-5.,0.));
#7182=CARTESIAN_POINT('',(5.,-2.,0.));
#7183=CARTESIAN_POINT('',(5.,-4.5,0.));
#7184=CARTESIAN_POINT('',(5.,4.5,0.));
#7185=CARTESIAN_POINT('',(4.5,4.5,0.));
#7186=CARTESIAN_POINT('',(4.5,5.,0.));
#7187=CARTESIAN_POINT('',(4.5,5.,0.));
#7188=CARTESIAN_POINT('',(-4.5,5.,0.));
#7189=CARTESIAN_POINT('',(-4.5,4.5,0.));
#7190=CARTESIAN_POINT('',(-5.,4.5,0.));
#7191=CARTESIAN_POINT('',(-5.,4.5,0.));
#7192=CARTESIAN_POINT('',(-5.,-4.5,0.));
#7193=CARTESIAN_POINT('',(-4.5,-4.5,0.));
#7194=CARTESIAN_POINT('',(2.38299452772043,1.82399426557609,0.));
#7195=CARTESIAN_POINT('',(2.38299452772043,1.82399426557609,0.));
#7196=CARTESIAN_POINT('',(2.47110743852925,1.70271724817874,0.));
#7197=CARTESIAN_POINT('',(2.96535303578883,2.24710248823354,0.));
#7198=CARTESIAN_POINT('',(2.96535303578883,2.24710248823354,0.));
#7199=CARTESIAN_POINT('',(2.84593171986355,2.23463054761976,0.));
#7200=CARTESIAN_POINT('',(2.84593171986355,2.23463054761976,0.));
#7201=CARTESIAN_POINT('',(2.83009487201117,2.38394630114262,0.));
#7202=CARTESIAN_POINT('',(2.83009487201117,2.38394630114262,0.));
#7203=CARTESIAN_POINT('',(3.1852393203002,2.4208437380385,0.));
#7204=CARTESIAN_POINT('',(3.1852393203002,2.4208437380385,0.));
#7205=CARTESIAN_POINT('',(3.28000226211346,2.29041373819606,0.));
#7206=CARTESIAN_POINT('',(3.28000226211346,2.29041373819606,0.));
#7207=CARTESIAN_POINT('',(2.47110743852925,1.70271724817874,0.));
#7208=CARTESIAN_POINT('',(3.,-0.3,0.));
#7209=CARTESIAN_POINT('',(3.,-0.3,0.));
#7210=CARTESIAN_POINT('',(3.15,-0.3,0.));
#7211=CARTESIAN_POINT('',(3.,0.3,0.));
#7212=CARTESIAN_POINT('',(3.,0.3,0.));
#7213=CARTESIAN_POINT('',(3.14941407561413,0.3,0.));
#7214=CARTESIAN_POINT('',(3.14941407561413,0.3,0.));
#7215=CARTESIAN_POINT('',(3.14941416876471,-0.0729999999999873,0.));
#7216=CARTESIAN_POINT('',(3.51500000000003,0.000999999999835117,0.));
#7217=CARTESIAN_POINT('',(3.70014049791663,0.038999947778659,0.));
#7218=CARTESIAN_POINT('',(3.7000000000001,-0.15,0.));
#7219=CARTESIAN_POINT('',(3.7,1.35525271560688E-17,0.));
#7220=CARTESIAN_POINT('',(3.7,0.15,0.));
#7221=CARTESIAN_POINT('',(3.65,0.3,0.));
#7222=CARTESIAN_POINT('',(3.65,0.3,0.));
#7223=CARTESIAN_POINT('',(3.7,0.3,0.));
#7224=CARTESIAN_POINT('',(3.7,0.3,0.));
#7225=CARTESIAN_POINT('',(3.7,-2.43945488809238E-16,0.));
#7226=CARTESIAN_POINT('',(3.70000000000007,-0.3,0.));
#7227=CARTESIAN_POINT('',(3.70031313452711,0.0389998553786833,0.));
#7228=CARTESIAN_POINT('',(3.36800000000002,-0.0280000000001159,0.));
#7229=CARTESIAN_POINT('',(3.14958746752589,-0.0729996184233442,0.));
#7230=CARTESIAN_POINT('',(3.15,0.15,0.));
#7231=CARTESIAN_POINT('',(3.15,-0.3,0.));
#7232=CARTESIAN_POINT('',(2.67400649810914,-1.93368770813389,0.));
#7233=CARTESIAN_POINT('',(2.85042381765395,-1.69104202124739,0.));
#7234=CARTESIAN_POINT('',(2.74566410959822,-2.22500400825402,0.));
#7235=CARTESIAN_POINT('',(2.89062455031623,-1.7211235952324,0.));
#7236=CARTESIAN_POINT('',(2.89062455031623,-1.7211235952324,0.));
#7237=CARTESIAN_POINT('',(2.77341775386299,-1.88244491082699,0.));
#7238=CARTESIAN_POINT('',(2.77341775386299,-1.88244491082699,0.));
#7239=CARTESIAN_POINT('',(2.68425742037047,-1.95022717201311,0.));
#7240=CARTESIAN_POINT('',(2.78999980715725,-1.98713987493007,0.));
#7241=CARTESIAN_POINT('',(2.93088334671544,-2.09037178996392,0.));
#7242=CARTESIAN_POINT('',(2.93088334671544,-2.09037178996392,0.));
#7243=CARTESIAN_POINT('',(2.91690846529605,-2.11080956600032,0.));
#7244=CARTESIAN_POINT('',(2.91690846529605,-2.11080956600032,0.));
#7245=CARTESIAN_POINT('',(2.98696554484671,-2.21433253738751,0.));
#7246=CARTESIAN_POINT('',(3.02160342939913,-2.09422751270605,0.));
#7247=CARTESIAN_POINT('',(3.13865379138733,-1.93191850877087,0.));
#7248=CARTESIAN_POINT('',(3.13865379138733,-1.93191850877087,0.));
#7249=CARTESIAN_POINT('',(3.17885452404961,-1.96200008275589,0.));
#7250=CARTESIAN_POINT('',(3.17885452404961,-1.96200008275589,0.));
#7251=CARTESIAN_POINT('',(3.01771586891346,-2.18484382581572,0.));
#7252=CARTESIAN_POINT('',(0.,0.,0.));
#7253=CARTESIAN_POINT('',(1.67478870582157,-1.09319842245245,0.));
#7254=CARTESIAN_POINT('',(1.99749843554382,-0.1,0.));
#7255=CARTESIAN_POINT('',(2.08132101116662,-1.38856143129369,0.));
#7256=CARTESIAN_POINT('',(2.08132101116662,-1.38856143129369,0.));
#7257=CARTESIAN_POINT('',(2.02254248593737,-1.46946313073118,0.));
#7258=CARTESIAN_POINT('',(1.96376396070812,-1.55036483016868,0.));
#7259=CARTESIAN_POINT('',(1.55723165536307,-1.25500182132744,0.));
#7260=CARTESIAN_POINT('',(1.55723165536307,-1.25500182132744,0.));
#7261=CARTESIAN_POINT('',(0.,0.,0.));
#7262=CARTESIAN_POINT('',(1.55723165536307,1.25500182132744,0.));
#7263=CARTESIAN_POINT('',(1.96376396070812,1.55036483016868,0.));
#7264=CARTESIAN_POINT('',(1.96376396070812,1.55036483016868,0.));
#7265=CARTESIAN_POINT('',(2.02254248593737,1.46946313073118,0.));
#7266=CARTESIAN_POINT('',(2.08132101116662,1.38856143129369,0.));
#7267=CARTESIAN_POINT('',(1.67478870582157,1.09319842245245,0.));
#7268=CARTESIAN_POINT('',(1.67478870582157,1.09319842245245,0.));
#7269=CARTESIAN_POINT('',(0.,0.,0.));
#7270=CARTESIAN_POINT('',(1.99749843554382,0.1,0.));
#7271=CARTESIAN_POINT('',(2.5,0.1,0.));
#7272=CARTESIAN_POINT('',(2.5,0.1,0.));
#7273=CARTESIAN_POINT('',(2.5,-6.7762635780344E-18,0.));
#7274=CARTESIAN_POINT('',(2.5,-0.1,0.));
#7275=CARTESIAN_POINT('',(1.99749843554382,-0.1,0.));
#7276=CARTESIAN_POINT('',(-4.35,4.35,-6.2));
#7277=CARTESIAN_POINT('',(3.,-3.,-6.2));
#7278=CARTESIAN_POINT('',(3.4,-3.,-6.2));
#7279=CARTESIAN_POINT('',(3.,3.,-6.2));
#7280=CARTESIAN_POINT('',(3.4,3.,-6.2));
#7281=CARTESIAN_POINT('',(-3.,-3.,-6.2));
#7282=CARTESIAN_POINT('',(-2.6,-3.,-6.2));
#7283=CARTESIAN_POINT('',(-3.,3.,-6.2));
#7284=CARTESIAN_POINT('',(-2.6,3.,-6.2));
#7285=CARTESIAN_POINT('',(1.,-2.,-6.2));
#7286=CARTESIAN_POINT('',(1.,-2.,-6.2));
#7287=CARTESIAN_POINT('',(-1.,-2.,-6.2));
#7288=CARTESIAN_POINT('',(1.,-2.,-6.2));
#7289=CARTESIAN_POINT('',(1.,2.,-6.2));
#7290=CARTESIAN_POINT('',(1.,2.,-6.2));
#7291=CARTESIAN_POINT('',(-1.,2.,-6.2));
#7292=CARTESIAN_POINT('',(-1.,-2.,-6.2));
#7293=CARTESIAN_POINT('',(-4.75,-4.21,-6.2));
#7294=CARTESIAN_POINT('',(-4.75,-4.21,-6.2));
#7295=CARTESIAN_POINT('',(-3.5,-4.21,-6.2));
#7296=CARTESIAN_POINT('',(-3.5,-4.21,-6.2));
#7297=CARTESIAN_POINT('',(-3.5,-3.41,-6.2));
#7298=CARTESIAN_POINT('',(-3.5,-3.41,-6.2));
#7299=CARTESIAN_POINT('',(-4.75,-3.41,-6.2));
#7300=CARTESIAN_POINT('',(-4.75,4.35,-6.2));
#7301=CARTESIAN_POINT('',(-4.75,-1.67,-6.2));
#7302=CARTESIAN_POINT('',(-4.75,-1.67,-6.2));
#7303=CARTESIAN_POINT('',(-3.5,-1.67,-6.2));
#7304=CARTESIAN_POINT('',(-3.5,-1.67,-6.2));
#7305=CARTESIAN_POINT('',(-3.5,-0.87,-6.2));
#7306=CARTESIAN_POINT('',(-3.5,-0.87,-6.2));
#7307=CARTESIAN_POINT('',(-4.75,-0.87,-6.2));
#7308=CARTESIAN_POINT('',(-4.75,4.35,-6.2));
#7309=CARTESIAN_POINT('',(-4.75,0.87,-6.2));
#7310=CARTESIAN_POINT('',(-4.75,0.87,-6.2));
#7311=CARTESIAN_POINT('',(-3.5,0.87,-6.2));
#7312=CARTESIAN_POINT('',(-3.5,0.87,-6.2));
#7313=CARTESIAN_POINT('',(-3.5,1.67,-6.2));
#7314=CARTESIAN_POINT('',(-3.5,1.67,-6.2));
#7315=CARTESIAN_POINT('',(-4.75,1.67,-6.2));
#7316=CARTESIAN_POINT('',(-4.75,4.35,-6.2));
#7317=CARTESIAN_POINT('',(-4.75,3.41,-6.2));
#7318=CARTESIAN_POINT('',(-4.75,3.41,-6.2));
#7319=CARTESIAN_POINT('',(-3.5,3.41,-6.2));
#7320=CARTESIAN_POINT('',(-3.5,3.41,-6.2));
#7321=CARTESIAN_POINT('',(-3.5,4.21,-6.2));
#7322=CARTESIAN_POINT('',(-3.5,4.21,-6.2));
#7323=CARTESIAN_POINT('',(-4.75,4.21,-6.2));
#7324=CARTESIAN_POINT('',(-4.75,4.35,-6.2));
#7325=CARTESIAN_POINT('',(-4.75,4.35,-6.2));
#7326=CARTESIAN_POINT('',(-4.35,4.35,-6.2));
#7327=CARTESIAN_POINT('',(-4.35,4.75,-6.2));
#7328=CARTESIAN_POINT('',(4.35,4.75,-6.2));
#7329=CARTESIAN_POINT('',(4.35,4.75,-6.2));
#7330=CARTESIAN_POINT('',(4.35,4.35,-6.2));
#7331=CARTESIAN_POINT('',(4.75,4.35,-6.2));
#7332=CARTESIAN_POINT('',(4.75,-4.35,-6.2));
#7333=CARTESIAN_POINT('',(4.75,4.21,-6.2));
#7334=CARTESIAN_POINT('',(4.75,4.21,-6.2));
#7335=CARTESIAN_POINT('',(3.5,4.21,-6.2));
#7336=CARTESIAN_POINT('',(3.5,4.21,-6.2));
#7337=CARTESIAN_POINT('',(3.5,3.41,-6.2));
#7338=CARTESIAN_POINT('',(3.5,3.41,-6.2));
#7339=CARTESIAN_POINT('',(4.75,3.41,-6.2));
#7340=CARTESIAN_POINT('',(4.75,-4.35,-6.2));
#7341=CARTESIAN_POINT('',(4.75,1.67,-6.2));
#7342=CARTESIAN_POINT('',(4.75,1.67,-6.2));
#7343=CARTESIAN_POINT('',(3.5,1.67,-6.2));
#7344=CARTESIAN_POINT('',(3.5,1.67,-6.2));
#7345=CARTESIAN_POINT('',(3.5,0.87,-6.2));
#7346=CARTESIAN_POINT('',(3.5,0.87,-6.2));
#7347=CARTESIAN_POINT('',(4.75,0.87,-6.2));
#7348=CARTESIAN_POINT('',(4.75,-4.35,-6.2));
#7349=CARTESIAN_POINT('',(4.75,-0.87,-6.2));
#7350=CARTESIAN_POINT('',(4.75,-0.87,-6.2));
#7351=CARTESIAN_POINT('',(3.5,-0.87,-6.2));
#7352=CARTESIAN_POINT('',(3.5,-0.87,-6.2));
#7353=CARTESIAN_POINT('',(3.5,-1.67,-6.2));
#7354=CARTESIAN_POINT('',(3.5,-1.67,-6.2));
#7355=CARTESIAN_POINT('',(4.75,-1.67,-6.2));
#7356=CARTESIAN_POINT('',(4.75,-4.35,-6.2));
#7357=CARTESIAN_POINT('',(4.75,-3.41,-6.2));
#7358=CARTESIAN_POINT('',(4.75,-3.41,-6.2));
#7359=CARTESIAN_POINT('',(3.5,-3.41,-6.2));
#7360=CARTESIAN_POINT('',(3.5,-3.41,-6.2));
#7361=CARTESIAN_POINT('',(3.5,-4.21,-6.2));
#7362=CARTESIAN_POINT('',(3.5,-4.21,-6.2));
#7363=CARTESIAN_POINT('',(4.75,-4.21,-6.2));
#7364=CARTESIAN_POINT('',(4.75,-4.35,-6.2));
#7365=CARTESIAN_POINT('',(4.75,-4.35,-6.2));
#7366=CARTESIAN_POINT('',(4.35,-4.35,-6.2));
#7367=CARTESIAN_POINT('',(4.35,-4.75,-6.2));
#7368=CARTESIAN_POINT('',(-4.35,-4.75,-6.2));
#7369=CARTESIAN_POINT('',(-4.35,-4.75,-6.2));
#7370=CARTESIAN_POINT('',(-4.35,-4.35,-6.2));
#7371=CARTESIAN_POINT('',(-4.75,-4.35,-6.2));
#7372=CARTESIAN_POINT('',(-4.75,4.35,-6.2));
#7373=CARTESIAN_POINT('',(-4.75,4.35,-6.2));
#7374=CARTESIAN_POINT('',(-4.75,-3.41,-5.8));
#7375=CARTESIAN_POINT('',(-4.75,-3.41,-5.8));
#7376=CARTESIAN_POINT('',(-4.75,-4.21,-5.8));
#7377=CARTESIAN_POINT('',(-4.75,-4.21,-5.8));
#7378=CARTESIAN_POINT('',(-4.75,-4.35,-6.2));
#7379=CARTESIAN_POINT('',(-4.75,-4.35,-5.2));
#7380=CARTESIAN_POINT('',(-4.75,4.35,-5.2));
#7381=CARTESIAN_POINT('',(-4.75,4.35,-5.2));
#7382=CARTESIAN_POINT('',(-4.75,4.35,-6.2));
#7383=CARTESIAN_POINT('',(-4.75,4.21,-5.8));
#7384=CARTESIAN_POINT('',(-4.75,4.21,-5.8));
#7385=CARTESIAN_POINT('',(-4.75,4.21,-5.8));
#7386=CARTESIAN_POINT('',(-4.75,3.41,-5.8));
#7387=CARTESIAN_POINT('',(-4.75,3.41,-5.8));
#7388=CARTESIAN_POINT('',(-4.75,1.67,-5.8));
#7389=CARTESIAN_POINT('',(-4.75,1.67,-5.8));
#7390=CARTESIAN_POINT('',(-4.75,1.67,-5.8));
#7391=CARTESIAN_POINT('',(-4.75,0.87,-5.8));
#7392=CARTESIAN_POINT('',(-4.75,0.87,-5.8));
#7393=CARTESIAN_POINT('',(-4.75,-0.87,-5.8));
#7394=CARTESIAN_POINT('',(-4.75,-0.87,-5.8));
#7395=CARTESIAN_POINT('',(-4.75,-0.87,-5.8));
#7396=CARTESIAN_POINT('',(-4.75,-1.67,-5.8));
#7397=CARTESIAN_POINT('',(-4.75,-1.67,-5.8));
#7398=CARTESIAN_POINT('',(-4.75,-3.41,-5.8));
#7399=CARTESIAN_POINT('',(4.75,-4.35,-6.2));
#7400=CARTESIAN_POINT('',(4.75,-1.67,-5.8));
#7401=CARTESIAN_POINT('',(4.75,-1.67,-5.8));
#7402=CARTESIAN_POINT('',(4.75,-1.67,-5.8));
#7403=CARTESIAN_POINT('',(4.75,-0.87,-5.8));
#7404=CARTESIAN_POINT('',(4.75,-0.87,-5.8));
#7405=CARTESIAN_POINT('',(4.75,0.87,-5.8));
#7406=CARTESIAN_POINT('',(4.75,0.87,-5.8));
#7407=CARTESIAN_POINT('',(4.75,0.87,-5.8));
#7408=CARTESIAN_POINT('',(4.75,1.67,-5.8));
#7409=CARTESIAN_POINT('',(4.75,1.67,-5.8));
#7410=CARTESIAN_POINT('',(4.75,3.41,-5.8));
#7411=CARTESIAN_POINT('',(4.75,3.41,-5.8));
#7412=CARTESIAN_POINT('',(4.75,3.41,-5.8));
#7413=CARTESIAN_POINT('',(4.75,4.21,-5.8));
#7414=CARTESIAN_POINT('',(4.75,4.21,-5.8));
#7415=CARTESIAN_POINT('',(4.75,4.35,-6.2));
#7416=CARTESIAN_POINT('',(4.75,4.35,-5.2));
#7417=CARTESIAN_POINT('',(4.75,-4.35,-5.2));
#7418=CARTESIAN_POINT('',(4.75,-4.35,-5.2));
#7419=CARTESIAN_POINT('',(4.75,-4.35,-6.2));
#7420=CARTESIAN_POINT('',(4.75,-4.21,-5.8));
#7421=CARTESIAN_POINT('',(4.75,-4.21,-5.8));
#7422=CARTESIAN_POINT('',(4.75,-4.21,-5.8));
#7423=CARTESIAN_POINT('',(4.75,-3.41,-5.8));
#7424=CARTESIAN_POINT('',(4.75,-3.41,-5.8));
#7425=CARTESIAN_POINT('',(-4.5,-5.,-5.2));
#7426=CARTESIAN_POINT('',(4.5,-5.,-5.2));
#7427=CARTESIAN_POINT('',(4.5,-5.,-5.2));
#7428=CARTESIAN_POINT('',(4.5,-5.,-1.5));
#7429=CARTESIAN_POINT('',(-4.5,-5.,-1.5));
#7430=CARTESIAN_POINT('',(2.,-5.,-1.5));
#7431=CARTESIAN_POINT('',(2.,-5.,-1.5));
#7432=CARTESIAN_POINT('',(-4.5,-5.,-5.2));
#7433=CARTESIAN_POINT('',(-4.5,-5.,-5.2));
#7434=CARTESIAN_POINT('',(-4.5,-5.,-5.2));
#7435=CARTESIAN_POINT('',(4.5,-4.5,-5.2));
#7436=CARTESIAN_POINT('',(5.,-4.5,-5.2));
#7437=CARTESIAN_POINT('',(5.,-4.5,-5.2));
#7438=CARTESIAN_POINT('',(5.,-4.5,-1.5));
#7439=CARTESIAN_POINT('',(4.5,-4.5,-1.5));
#7440=CARTESIAN_POINT('',(4.5,-4.5,-5.2));
#7441=CARTESIAN_POINT('',(5.,-4.5,-5.2));
#7442=CARTESIAN_POINT('',(5.,4.5,-5.2));
#7443=CARTESIAN_POINT('',(5.,4.5,-5.2));
#7444=CARTESIAN_POINT('',(5.,-2.,-1.5));
#7445=CARTESIAN_POINT('',(5.,-2.,-1.5));
#7446=CARTESIAN_POINT('',(5.,-4.5,-1.5));
#7447=CARTESIAN_POINT('',(5.,-4.5,-5.2));
#7448=CARTESIAN_POINT('',(-4.5,4.5,-5.2));
#7449=CARTESIAN_POINT('',(-4.5,5.,-5.2));
#7450=CARTESIAN_POINT('',(-4.5,5.,-5.2));
#7451=CARTESIAN_POINT('',(-4.5,4.5,-5.2));
#7452=CARTESIAN_POINT('',(-5.,4.5,-5.2));
#7453=CARTESIAN_POINT('',(-5.,4.5,-5.2));
#7454=CARTESIAN_POINT('',(-5.,4.5,-5.2));
#7455=CARTESIAN_POINT('',(-5.,4.5,-5.2));
#7456=CARTESIAN_POINT('',(-5.,-4.5,-5.2));
#7457=CARTESIAN_POINT('',(-5.,-4.5,-5.2));
#7458=CARTESIAN_POINT('',(-4.5,-4.5,-5.2));
#7459=CARTESIAN_POINT('',(-4.5,-4.5,-5.2));
#7460=CARTESIAN_POINT('',(4.5,4.5,-5.2));
#7461=CARTESIAN_POINT('',(4.5,4.5,-5.2));
#7462=CARTESIAN_POINT('',(4.5,5.,-5.2));
#7463=CARTESIAN_POINT('',(4.5,5.,-5.2));
#7464=CARTESIAN_POINT('',(4.5,5.,-5.2));
#7465=CARTESIAN_POINT('',(4.5,5.,-5.2));
#7466=CARTESIAN_POINT('',(-4.5,4.5,-5.2));
#7467=CARTESIAN_POINT('',(4.35,4.75,-5.2));
#7468=CARTESIAN_POINT('',(4.35,4.75,-5.2));
#7469=CARTESIAN_POINT('',(-4.35,4.75,-5.2));
#7470=CARTESIAN_POINT('',(-4.35,4.35,-5.2));
#7471=CARTESIAN_POINT('',(-4.35,-4.35,-5.2));
#7472=CARTESIAN_POINT('',(-4.35,-4.75,-5.2));
#7473=CARTESIAN_POINT('',(-4.35,-4.75,-5.2));
#7474=CARTESIAN_POINT('',(4.35,-4.75,-5.2));
#7475=CARTESIAN_POINT('',(4.35,-4.35,-5.2));
#7476=CARTESIAN_POINT('',(4.35,4.35,-5.2));
#7477=CARTESIAN_POINT('',(-4.35,4.35,-6.2));
#7478=CARTESIAN_POINT('',(-4.35,4.75,-6.2));
#7479=CARTESIAN_POINT('',(-4.35,-4.35,-6.2));
#7480=CARTESIAN_POINT('',(-4.35,-4.75,-6.2));
#7481=CARTESIAN_POINT('',(-4.35,-4.75,-6.2));
#7482=CARTESIAN_POINT('',(4.35,-4.75,-6.2));
#7483=CARTESIAN_POINT('',(4.35,-4.35,-6.2));
#7484=CARTESIAN_POINT('',(4.35,4.35,-6.2));
#7485=CARTESIAN_POINT('',(4.35,4.75,-6.2));
#7486=CARTESIAN_POINT('',(4.35,4.75,-6.2));
#7487=CARTESIAN_POINT('',(2.,-5.,-1.5));
#7488=CARTESIAN_POINT('',(2.,-5.,-1.5));
#7489=CARTESIAN_POINT('',(0.,0.,-1.5));
#7490=CARTESIAN_POINT('',(1.,2.,-6.));
#7491=CARTESIAN_POINT('',(-1.,2.,-6.));
#7492=CARTESIAN_POINT('',(-1.,2.,-6.));
#7493=CARTESIAN_POINT('',(-1.,-2.,-6.));
#7494=CARTESIAN_POINT('',(1.,2.,-6.));
#7495=CARTESIAN_POINT('',(1.,2.,-6.));
#7496=CARTESIAN_POINT('',(1.,2.,-6.));
#7497=CARTESIAN_POINT('',(1.,-2.,-6.));
#7498=CARTESIAN_POINT('',(1.,-2.,-6.));
#7499=CARTESIAN_POINT('',(1.,-2.,-6.));
#7500=CARTESIAN_POINT('',(-1.,-2.,-6.));
#7501=CARTESIAN_POINT('',(1.,-2.,-6.));
#7502=CARTESIAN_POINT('',(1.,2.,-6.2));
#7503=CARTESIAN_POINT('',(-1.,2.,-6.2));
#7504=CARTESIAN_POINT('',(1.,2.,-6.2));
#7505=CARTESIAN_POINT('',(1.,0.,0.));
#7506=CARTESIAN_POINT('',(-1.,0.,0.));
#7507=CARTESIAN_POINT('',(-3.,3.,-6.7));
#7508=CARTESIAN_POINT('',(-3.,3.,-6.6));
#7509=CARTESIAN_POINT('',(-3.4,3.,-6.6));
#7510=CARTESIAN_POINT('',(-3.,3.,-6.6));
#7511=CARTESIAN_POINT('',(-3.,3.,-6.7));
#7512=CARTESIAN_POINT('',(-3.3,3.,-6.7));
#7513=CARTESIAN_POINT('',(-3.,3.3,-6.7));
#7514=CARTESIAN_POINT('',(-3.,-3.,-6.7));
#7515=CARTESIAN_POINT('',(-3.,-3.,-6.6));
#7516=CARTESIAN_POINT('',(-3.4,-3.,-6.6));
#7517=CARTESIAN_POINT('',(-3.,-3.,-6.6));
#7518=CARTESIAN_POINT('',(-3.,-3.,-6.7));
#7519=CARTESIAN_POINT('',(-3.3,-3.,-6.7));
#7520=CARTESIAN_POINT('',(-3.,-2.7,-6.7));
#7521=CARTESIAN_POINT('',(3.,3.,-6.7));
#7522=CARTESIAN_POINT('',(3.,3.,-6.6));
#7523=CARTESIAN_POINT('',(2.6,3.,-6.6));
#7524=CARTESIAN_POINT('',(3.,3.,-6.6));
#7525=CARTESIAN_POINT('',(3.,3.,-6.7));
#7526=CARTESIAN_POINT('',(2.7,3.,-6.7));
#7527=CARTESIAN_POINT('',(3.,3.3,-6.7));
#7528=CARTESIAN_POINT('',(3.,-3.,-6.7));
#7529=CARTESIAN_POINT('',(3.,-3.,-6.6));
#7530=CARTESIAN_POINT('',(2.6,-3.,-6.6));
#7531=CARTESIAN_POINT('',(3.,-3.,-6.6));
#7532=CARTESIAN_POINT('',(3.,-3.,-6.7));
#7533=CARTESIAN_POINT('',(2.7,-3.,-6.7));
#7534=CARTESIAN_POINT('',(3.,-2.7,-6.7));
#7535=CARTESIAN_POINT('',(2.96535303578883,2.24710248823354,0.3));
#7536=CARTESIAN_POINT('',(2.38299452772043,1.82399426557609,0.3));
#7537=CARTESIAN_POINT('',(2.38299452772043,1.82399426557609,0.3));
#7538=CARTESIAN_POINT('',(2.96535303578883,2.24710248823354,0.3));
#7539=CARTESIAN_POINT('',(2.96535303578883,2.24710248823354,0.3));
#7540=CARTESIAN_POINT('',(2.96535303578883,2.24710248823354,0.3));
#7541=CARTESIAN_POINT('',(2.38299452772043,1.82399426557609,0.3));
#7542=CARTESIAN_POINT('',(2.47110743852925,1.70271724817874,0.3));
#7543=CARTESIAN_POINT('',(2.47110743852925,1.70271724817874,0.3));
#7544=CARTESIAN_POINT('',(2.38299452772043,1.82399426557609,0.3));
#7545=CARTESIAN_POINT('',(2.47110743852925,1.70271724817874,0.3));
#7546=CARTESIAN_POINT('',(3.28000226211346,2.29041373819606,0.3));
#7547=CARTESIAN_POINT('',(3.28000226211346,2.29041373819606,0.3));
#7548=CARTESIAN_POINT('',(2.47110743852925,1.70271724817874,0.3));
#7549=CARTESIAN_POINT('',(3.28000226211346,2.29041373819606,0.3));
#7550=CARTESIAN_POINT('',(3.1852393203002,2.4208437380385,0.3));
#7551=CARTESIAN_POINT('',(3.1852393203002,2.4208437380385,0.3));
#7552=CARTESIAN_POINT('',(3.28000226211346,2.29041373819606,0.3));
#7553=CARTESIAN_POINT('',(3.1852393203002,2.4208437380385,0.3));
#7554=CARTESIAN_POINT('',(2.83009487201117,2.38394630114262,0.3));
#7555=CARTESIAN_POINT('',(2.83009487201117,2.38394630114262,0.3));
#7556=CARTESIAN_POINT('',(3.1852393203002,2.4208437380385,0.3));
#7557=CARTESIAN_POINT('',(2.83009487201117,2.38394630114262,0.3));
#7558=CARTESIAN_POINT('',(2.84593171986355,2.23463054761976,0.3));
#7559=CARTESIAN_POINT('',(2.84593171986355,2.23463054761976,0.3));
#7560=CARTESIAN_POINT('',(2.83009487201117,2.38394630114262,0.3));
#7561=CARTESIAN_POINT('',(2.84593171986355,2.23463054761976,0.3));
#7562=CARTESIAN_POINT('',(2.84593171986355,2.23463054761976,0.3));
#7563=CARTESIAN_POINT('',(0.,0.,0.3));
#7564=CARTESIAN_POINT('',(3.,0.3,0.3));
#7565=CARTESIAN_POINT('',(3.,-0.3,0.3));
#7566=CARTESIAN_POINT('',(3.,-0.3,0.3));
#7567=CARTESIAN_POINT('',(3.,0.3,0.3));
#7568=CARTESIAN_POINT('',(3.,0.3,0.3));
#7569=CARTESIAN_POINT('',(3.,0.3,0.3));
#7570=CARTESIAN_POINT('',(3.,-0.3,0.3));
#7571=CARTESIAN_POINT('',(3.15,-0.3,0.3));
#7572=CARTESIAN_POINT('',(3.15,-0.3,0.3));
#7573=CARTESIAN_POINT('',(3.,-0.3,0.3));
#7574=CARTESIAN_POINT('',(3.15,-0.3,0.3));
#7575=CARTESIAN_POINT('',(3.15,0.15,0.3));
#7576=CARTESIAN_POINT('',(3.15,0.15,0.3));
#7577=CARTESIAN_POINT('',(3.15,-0.3,0.3));
#7578=CARTESIAN_POINT('',(3.14958746752589,-0.0729996184233442,0.3));
#7579=CARTESIAN_POINT('',(3.36800000000002,-0.0280000000001159,0.3));
#7580=CARTESIAN_POINT('',(3.36800000000002,-0.0280000000001159,0.3));
#7581=CARTESIAN_POINT('',(3.14958746752589,-0.0729996184233442,0.3));
#7582=CARTESIAN_POINT('',(3.70031313452711,0.0389998553786833,0.3));
#7583=CARTESIAN_POINT('',(3.70000000000007,-0.3,0.3));
#7584=CARTESIAN_POINT('',(3.70000000000007,-0.3,0.3));
#7585=CARTESIAN_POINT('',(3.70031313452711,0.0389998553786833,0.3));
#7586=CARTESIAN_POINT('',(3.7,-2.43945488809238E-16,0.3));
#7587=CARTESIAN_POINT('',(3.7,0.3,0.3));
#7588=CARTESIAN_POINT('',(3.7,0.3,0.3));
#7589=CARTESIAN_POINT('',(3.7,-2.43945488809238E-16,0.3));
#7590=CARTESIAN_POINT('',(3.7,0.3,0.3));
#7591=CARTESIAN_POINT('',(3.65,0.3,0.3));
#7592=CARTESIAN_POINT('',(3.65,0.3,0.3));
#7593=CARTESIAN_POINT('',(3.7,0.3,0.3));
#7594=CARTESIAN_POINT('',(3.65,0.3,0.3));
#7595=CARTESIAN_POINT('',(3.7,0.15,0.3));
#7596=CARTESIAN_POINT('',(3.7,0.15,0.3));
#7597=CARTESIAN_POINT('',(3.65,0.3,0.3));
#7598=CARTESIAN_POINT('',(3.7,1.35525271560688E-17,0.3));
#7599=CARTESIAN_POINT('',(3.7000000000001,-0.15,0.3));
#7600=CARTESIAN_POINT('',(3.7000000000001,-0.15,0.3));
#7601=CARTESIAN_POINT('',(3.7,1.35525271560688E-17,0.3));
#7602=CARTESIAN_POINT('',(3.70014049791663,0.038999947778659,0.3));
#7603=CARTESIAN_POINT('',(3.51500000000003,0.000999999999835117,0.3));
#7604=CARTESIAN_POINT('',(3.51500000000003,0.000999999999835117,0.3));
#7605=CARTESIAN_POINT('',(3.70014049791663,0.038999947778659,0.3));
#7606=CARTESIAN_POINT('',(3.14941416876471,-0.0729999999999873,0.3));
#7607=CARTESIAN_POINT('',(3.14941407561413,0.3,0.3));
#7608=CARTESIAN_POINT('',(3.14941407561413,0.3,0.3));
#7609=CARTESIAN_POINT('',(3.14941416876471,-0.0729999999999873,0.3));
#7610=CARTESIAN_POINT('',(3.14941407561413,0.3,0.3));
#7611=CARTESIAN_POINT('',(3.14941407561413,0.3,0.3));
#7612=CARTESIAN_POINT('',(3.14958746752589,-0.0729996184233442,0.3));
#7613=CARTESIAN_POINT('',(2.89062455031623,-1.7211235952324,0.3));
#7614=CARTESIAN_POINT('',(2.85042381765395,-1.69104202124739,0.3));
#7615=CARTESIAN_POINT('',(2.85042381765395,-1.69104202124739,0.3));
#7616=CARTESIAN_POINT('',(2.89062455031623,-1.7211235952324,0.3));
#7617=CARTESIAN_POINT('',(2.89062455031623,-1.7211235952324,0.3));
#7618=CARTESIAN_POINT('',(2.89062455031623,-1.7211235952324,0.3));
#7619=CARTESIAN_POINT('',(2.67400649810914,-1.93368770813389,0.3));
#7620=CARTESIAN_POINT('',(2.74566410959822,-2.22500400825402,0.3));
#7621=CARTESIAN_POINT('',(2.74566410959822,-2.22500400825402,0.3));
#7622=CARTESIAN_POINT('',(2.67400649810914,-1.93368770813389,0.3));
#7623=CARTESIAN_POINT('',(3.01771586891346,-2.18484382581572,0.3));
#7624=CARTESIAN_POINT('',(3.17885452404961,-1.96200008275589,0.3));
#7625=CARTESIAN_POINT('',(3.17885452404961,-1.96200008275589,0.3));
#7626=CARTESIAN_POINT('',(3.01771586891346,-2.18484382581572,0.3));
#7627=CARTESIAN_POINT('',(3.17885452404961,-1.96200008275589,0.3));
#7628=CARTESIAN_POINT('',(3.13865379138733,-1.93191850877087,0.3));
#7629=CARTESIAN_POINT('',(3.13865379138733,-1.93191850877087,0.3));
#7630=CARTESIAN_POINT('',(3.17885452404961,-1.96200008275589,0.3));
#7631=CARTESIAN_POINT('',(3.13865379138733,-1.93191850877087,0.3));
#7632=CARTESIAN_POINT('',(3.02160342939913,-2.09422751270605,0.3));
#7633=CARTESIAN_POINT('',(3.02160342939913,-2.09422751270605,0.3));
#7634=CARTESIAN_POINT('',(3.13865379138733,-1.93191850877087,0.3));
#7635=CARTESIAN_POINT('',(2.98696554484671,-2.21433253738751,0.3));
#7636=CARTESIAN_POINT('',(2.91690846529605,-2.11080956600032,0.3));
#7637=CARTESIAN_POINT('',(2.91690846529605,-2.11080956600032,0.3));
#7638=CARTESIAN_POINT('',(2.98696554484671,-2.21433253738751,0.3));
#7639=CARTESIAN_POINT('',(2.91690846529605,-2.11080956600032,0.3));
#7640=CARTESIAN_POINT('',(2.93088334671544,-2.09037178996392,0.3));
#7641=CARTESIAN_POINT('',(2.93088334671544,-2.09037178996392,0.3));
#7642=CARTESIAN_POINT('',(2.91690846529605,-2.11080956600032,0.3));
#7643=CARTESIAN_POINT('',(2.93088334671544,-2.09037178996392,0.3));
#7644=CARTESIAN_POINT('',(2.78999980715725,-1.98713987493007,0.3));
#7645=CARTESIAN_POINT('',(2.78999980715725,-1.98713987493007,0.3));
#7646=CARTESIAN_POINT('',(2.93088334671544,-2.09037178996392,0.3));
#7647=CARTESIAN_POINT('',(2.68425742037047,-1.95022717201311,0.3));
#7648=CARTESIAN_POINT('',(2.77341775386299,-1.88244491082699,0.3));
#7649=CARTESIAN_POINT('',(2.77341775386299,-1.88244491082699,0.3));
#7650=CARTESIAN_POINT('',(2.68425742037047,-1.95022717201311,0.3));
#7651=CARTESIAN_POINT('',(2.77341775386299,-1.88244491082699,0.3));
#7652=CARTESIAN_POINT('',(2.77341775386299,-1.88244491082699,0.3));
#7653=CARTESIAN_POINT('',(2.67400649810914,-1.93368770813389,0.3));
#7654=CARTESIAN_POINT('',(0.,0.,-1.4));
#7655=CARTESIAN_POINT('',(0.,0.,-1.4));
#7656=CARTESIAN_POINT('',(2.,0.,-1.4));
#7657=CARTESIAN_POINT('',(1.55723165536307,-1.25500182132744,0.3));
#7658=CARTESIAN_POINT('',(1.55723165536307,-1.25500182132744,0.3));
#7659=CARTESIAN_POINT('',(1.71520783687207E-13,-1.25550611573821E-13,0.3));
#7660=CARTESIAN_POINT('',(1.67478870582157,-1.09319842245245,0.3));
#7661=CARTESIAN_POINT('',(1.67478870582157,-1.09319842245245,0.3));
#7662=CARTESIAN_POINT('',(1.99749843554382,-0.1,0.3));
#7663=CARTESIAN_POINT('',(1.99749843554382,-0.1,0.3));
#7664=CARTESIAN_POINT('',(-1.63931368479808E-13,-4.35036121709809E-15,0.3));
#7665=CARTESIAN_POINT('',(1.99749843554382,0.1,0.3));
#7666=CARTESIAN_POINT('',(1.99749843554382,0.1,0.3));
#7667=CARTESIAN_POINT('',(1.67478870582157,1.09319842245245,0.3));
#7668=CARTESIAN_POINT('',(1.67478870582157,1.09319842245245,0.3));
#7669=CARTESIAN_POINT('',(2.32019264911898E-14,1.56125112837913E-14,0.3));
#7670=CARTESIAN_POINT('',(1.55723165536307,1.25500182132744,0.3));
#7671=CARTESIAN_POINT('',(1.55723165536307,1.25500182132744,0.3));
#7672=CARTESIAN_POINT('',(0.,0.,-1.4));
#7673=CARTESIAN_POINT('',(3.5,4.21,-5.8));
#7674=CARTESIAN_POINT('',(3.5,4.21,-5.8));
#7675=CARTESIAN_POINT('',(3.5,4.21,-5.8));
#7676=CARTESIAN_POINT('',(3.5,4.21,-5.8));
#7677=CARTESIAN_POINT('',(3.5,3.41,-5.8));
#7678=CARTESIAN_POINT('',(3.5,3.41,-5.8));
#7679=CARTESIAN_POINT('',(3.5,3.41,-5.8));
#7680=CARTESIAN_POINT('',(3.5,3.41,-5.8));
#7681=CARTESIAN_POINT('',(4.75,4.21,-5.8));
#7682=CARTESIAN_POINT('',(4.75,4.21,-5.8));
#7683=CARTESIAN_POINT('',(0.,0.,-5.8));
#7684=CARTESIAN_POINT('',(0.,3.56,-5.8));
#7685=CARTESIAN_POINT('',(3.91,3.56,-5.8));
#7686=CARTESIAN_POINT('',(3.71,3.56,-5.8));
#7687=CARTESIAN_POINT('',(3.91,0.,-5.8));
#7688=CARTESIAN_POINT('',(3.91,4.06,-5.8));
#7689=CARTESIAN_POINT('',(0.,4.06,-5.8));
#7690=CARTESIAN_POINT('',(3.71,4.06,-5.8));
#7691=CARTESIAN_POINT('',(3.71,0.,-5.8));
#7692=CARTESIAN_POINT('',(3.5,1.67,-5.8));
#7693=CARTESIAN_POINT('',(3.5,1.67,-5.8));
#7694=CARTESIAN_POINT('',(3.5,1.67,-5.8));
#7695=CARTESIAN_POINT('',(3.5,1.67,-5.8));
#7696=CARTESIAN_POINT('',(3.5,0.87,-5.8));
#7697=CARTESIAN_POINT('',(3.5,0.87,-5.8));
#7698=CARTESIAN_POINT('',(3.5,0.87,-5.8));
#7699=CARTESIAN_POINT('',(3.5,0.87,-5.8));
#7700=CARTESIAN_POINT('',(4.75,1.67,-5.8));
#7701=CARTESIAN_POINT('',(4.75,1.67,-5.8));
#7702=CARTESIAN_POINT('',(0.,0.,-5.8));
#7703=CARTESIAN_POINT('',(0.,1.02,-5.8));
#7704=CARTESIAN_POINT('',(3.91,1.02,-5.8));
#7705=CARTESIAN_POINT('',(3.71,1.02,-5.8));
#7706=CARTESIAN_POINT('',(3.91,0.,-5.8));
#7707=CARTESIAN_POINT('',(3.91,1.52,-5.8));
#7708=CARTESIAN_POINT('',(0.,1.52,-5.8));
#7709=CARTESIAN_POINT('',(3.71,1.52,-5.8));
#7710=CARTESIAN_POINT('',(3.71,0.,-5.8));
#7711=CARTESIAN_POINT('',(3.5,-3.41,-5.8));
#7712=CARTESIAN_POINT('',(3.5,-3.41,-5.8));
#7713=CARTESIAN_POINT('',(3.5,-3.41,-5.8));
#7714=CARTESIAN_POINT('',(3.5,-3.41,-5.8));
#7715=CARTESIAN_POINT('',(3.5,-4.21,-5.8));
#7716=CARTESIAN_POINT('',(3.5,-4.21,-5.8));
#7717=CARTESIAN_POINT('',(3.5,-4.21,-5.8));
#7718=CARTESIAN_POINT('',(3.5,-4.21,-5.8));
#7719=CARTESIAN_POINT('',(4.75,-3.41,-5.8));
#7720=CARTESIAN_POINT('',(4.75,-3.41,-5.8));
#7721=CARTESIAN_POINT('',(0.,0.,-5.8));
#7722=CARTESIAN_POINT('',(0.,-4.06,-5.8));
#7723=CARTESIAN_POINT('',(3.91,-4.06,-5.8));
#7724=CARTESIAN_POINT('',(3.71,-4.06,-5.8));
#7725=CARTESIAN_POINT('',(3.91,0.,-5.8));
#7726=CARTESIAN_POINT('',(3.91,-3.56,-5.8));
#7727=CARTESIAN_POINT('',(0.,-3.56,-5.8));
#7728=CARTESIAN_POINT('',(3.71,-3.56,-5.8));
#7729=CARTESIAN_POINT('',(3.71,0.,-5.8));
#7730=CARTESIAN_POINT('',(3.5,-0.87,-5.8));
#7731=CARTESIAN_POINT('',(3.5,-0.87,-5.8));
#7732=CARTESIAN_POINT('',(3.5,-0.87,-5.8));
#7733=CARTESIAN_POINT('',(3.5,-0.87,-5.8));
#7734=CARTESIAN_POINT('',(3.5,-1.67,-5.8));
#7735=CARTESIAN_POINT('',(3.5,-1.67,-5.8));
#7736=CARTESIAN_POINT('',(3.5,-1.67,-5.8));
#7737=CARTESIAN_POINT('',(3.5,-1.67,-5.8));
#7738=CARTESIAN_POINT('',(4.75,-0.87,-5.8));
#7739=CARTESIAN_POINT('',(4.75,-0.87,-5.8));
#7740=CARTESIAN_POINT('',(0.,0.,-5.8));
#7741=CARTESIAN_POINT('',(0.,-1.52,-5.8));
#7742=CARTESIAN_POINT('',(3.91,-1.52,-5.8));
#7743=CARTESIAN_POINT('',(3.71,-1.52,-5.8));
#7744=CARTESIAN_POINT('',(3.91,0.,-5.8));
#7745=CARTESIAN_POINT('',(3.91,-1.02,-5.8));
#7746=CARTESIAN_POINT('',(0.,-1.02,-5.8));
#7747=CARTESIAN_POINT('',(3.71,-1.02,-5.8));
#7748=CARTESIAN_POINT('',(3.71,0.,-5.8));
#7749=CARTESIAN_POINT('',(-4.75,3.41,-5.8));
#7750=CARTESIAN_POINT('',(-4.75,3.41,-5.8));
#7751=CARTESIAN_POINT('',(-3.5,3.41,-5.8));
#7752=CARTESIAN_POINT('',(-3.5,3.41,-5.8));
#7753=CARTESIAN_POINT('',(-3.5,3.41,-5.8));
#7754=CARTESIAN_POINT('',(-3.5,3.41,-5.8));
#7755=CARTESIAN_POINT('',(-3.5,4.21,-5.8));
#7756=CARTESIAN_POINT('',(-3.5,4.21,-5.8));
#7757=CARTESIAN_POINT('',(-3.5,4.21,-5.8));
#7758=CARTESIAN_POINT('',(-3.5,4.21,-5.8));
#7759=CARTESIAN_POINT('',(0.,0.,-5.8));
#7760=CARTESIAN_POINT('',(0.,3.56,-5.8));
#7761=CARTESIAN_POINT('',(-3.71,3.56,-5.8));
#7762=CARTESIAN_POINT('',(-3.91,3.56,-5.8));
#7763=CARTESIAN_POINT('',(-3.71,0.,-5.8));
#7764=CARTESIAN_POINT('',(-3.71,4.06,-5.8));
#7765=CARTESIAN_POINT('',(0.,4.06,-5.8));
#7766=CARTESIAN_POINT('',(-3.91,4.06,-5.8));
#7767=CARTESIAN_POINT('',(-3.91,0.,-5.8));
#7768=CARTESIAN_POINT('',(-4.75,0.87,-5.8));
#7769=CARTESIAN_POINT('',(-4.75,0.87,-5.8));
#7770=CARTESIAN_POINT('',(-3.5,0.87,-5.8));
#7771=CARTESIAN_POINT('',(-3.5,0.87,-5.8));
#7772=CARTESIAN_POINT('',(-3.5,0.87,-5.8));
#7773=CARTESIAN_POINT('',(-3.5,0.87,-5.8));
#7774=CARTESIAN_POINT('',(-3.5,1.67,-5.8));
#7775=CARTESIAN_POINT('',(-3.5,1.67,-5.8));
#7776=CARTESIAN_POINT('',(-3.5,1.67,-5.8));
#7777=CARTESIAN_POINT('',(-3.5,1.67,-5.8));
#7778=CARTESIAN_POINT('',(0.,0.,-5.8));
#7779=CARTESIAN_POINT('',(0.,1.02,-5.8));
#7780=CARTESIAN_POINT('',(-3.71,1.02,-5.8));
#7781=CARTESIAN_POINT('',(-3.91,1.02,-5.8));
#7782=CARTESIAN_POINT('',(-3.71,0.,-5.8));
#7783=CARTESIAN_POINT('',(-3.71,1.52,-5.8));
#7784=CARTESIAN_POINT('',(0.,1.52,-5.8));
#7785=CARTESIAN_POINT('',(-3.91,1.52,-5.8));
#7786=CARTESIAN_POINT('',(-3.91,0.,-5.8));
#7787=CARTESIAN_POINT('',(-4.75,-1.67,-5.8));
#7788=CARTESIAN_POINT('',(-4.75,-1.67,-5.8));
#7789=CARTESIAN_POINT('',(-3.5,-1.67,-5.8));
#7790=CARTESIAN_POINT('',(-3.5,-1.67,-5.8));
#7791=CARTESIAN_POINT('',(-3.5,-1.67,-5.8));
#7792=CARTESIAN_POINT('',(-3.5,-1.67,-5.8));
#7793=CARTESIAN_POINT('',(-3.5,-0.87,-5.8));
#7794=CARTESIAN_POINT('',(-3.5,-0.87,-5.8));
#7795=CARTESIAN_POINT('',(-3.5,-0.87,-5.8));
#7796=CARTESIAN_POINT('',(-3.5,-0.87,-5.8));
#7797=CARTESIAN_POINT('',(0.,0.,-5.8));
#7798=CARTESIAN_POINT('',(0.,-1.52,-5.8));
#7799=CARTESIAN_POINT('',(-3.71,-1.52,-5.8));
#7800=CARTESIAN_POINT('',(-3.91,-1.52,-5.8));
#7801=CARTESIAN_POINT('',(-3.71,0.,-5.8));
#7802=CARTESIAN_POINT('',(-3.71,-1.02,-5.8));
#7803=CARTESIAN_POINT('',(0.,-1.02,-5.8));
#7804=CARTESIAN_POINT('',(-3.91,-1.02,-5.8));
#7805=CARTESIAN_POINT('',(-3.91,0.,-5.8));
#7806=CARTESIAN_POINT('',(-4.75,-4.21,-5.8));
#7807=CARTESIAN_POINT('',(-4.75,-4.21,-5.8));
#7808=CARTESIAN_POINT('',(-3.5,-4.21,-5.8));
#7809=CARTESIAN_POINT('',(-3.5,-4.21,-5.8));
#7810=CARTESIAN_POINT('',(-3.5,-4.21,-5.8));
#7811=CARTESIAN_POINT('',(-3.5,-4.21,-5.8));
#7812=CARTESIAN_POINT('',(-3.5,-3.41,-5.8));
#7813=CARTESIAN_POINT('',(-3.5,-3.41,-5.8));
#7814=CARTESIAN_POINT('',(-3.5,-3.41,-5.8));
#7815=CARTESIAN_POINT('',(-3.5,-3.41,-5.8));
#7816=CARTESIAN_POINT('',(0.,0.,-5.8));
#7817=CARTESIAN_POINT('',(0.,-4.06,-5.8));
#7818=CARTESIAN_POINT('',(-3.71,-4.06,-5.8));
#7819=CARTESIAN_POINT('',(-3.91,-4.06,-5.8));
#7820=CARTESIAN_POINT('',(-3.71,0.,-5.8));
#7821=CARTESIAN_POINT('',(-3.71,-3.56,-5.8));
#7822=CARTESIAN_POINT('',(0.,-3.56,-5.8));
#7823=CARTESIAN_POINT('',(-3.91,-3.56,-5.8));
#7824=CARTESIAN_POINT('',(-3.91,0.,-5.8));
#7825=CARTESIAN_POINT('',(-3.71,3.56,-5.7));
#7826=CARTESIAN_POINT('',(-3.71,3.56,-5.7));
#7827=CARTESIAN_POINT('',(-3.71,3.56,-11.2));
#7828=CARTESIAN_POINT('',(-3.91,3.56,-5.7));
#7829=CARTESIAN_POINT('',(-3.91,3.56,-11.2));
#7830=CARTESIAN_POINT('',(-3.71,3.56,-11.2));
#7831=CARTESIAN_POINT('',(-3.71,4.06,-11.2));
#7832=CARTESIAN_POINT('',(-3.91,4.06,-11.2));
#7833=CARTESIAN_POINT('',(-3.91,4.06,-11.2));
#7834=CARTESIAN_POINT('',(-3.71,4.06,-11.2));
#7835=CARTESIAN_POINT('',(-3.71,4.06,-11.2));
#7836=CARTESIAN_POINT('',(-3.71,4.06,-11.2));
#7837=CARTESIAN_POINT('',(-3.71,0.,0.));
#7838=CARTESIAN_POINT('',(-3.71,3.56,-11.2));
#7839=CARTESIAN_POINT('',(-3.91,0.,0.));
#7840=CARTESIAN_POINT('',(-3.91,3.56,-11.2));
#7841=CARTESIAN_POINT('',(-3.71,3.56,-11.2));
#7842=CARTESIAN_POINT('',(-3.71,1.02,-5.7));
#7843=CARTESIAN_POINT('',(-3.71,1.02,-5.7));
#7844=CARTESIAN_POINT('',(-3.71,1.02,-11.2));
#7845=CARTESIAN_POINT('',(-3.91,1.02,-5.7));
#7846=CARTESIAN_POINT('',(-3.91,1.02,-11.2));
#7847=CARTESIAN_POINT('',(-3.71,1.02,-11.2));
#7848=CARTESIAN_POINT('',(-3.71,1.52,-11.2));
#7849=CARTESIAN_POINT('',(-3.91,1.52,-11.2));
#7850=CARTESIAN_POINT('',(-3.91,1.52,-11.2));
#7851=CARTESIAN_POINT('',(-3.71,1.52,-11.2));
#7852=CARTESIAN_POINT('',(-3.71,1.52,-11.2));
#7853=CARTESIAN_POINT('',(-3.71,1.52,-11.2));
#7854=CARTESIAN_POINT('',(-3.71,0.,0.));
#7855=CARTESIAN_POINT('',(-3.71,1.02,-11.2));
#7856=CARTESIAN_POINT('',(-3.91,0.,0.));
#7857=CARTESIAN_POINT('',(-3.91,1.02,-11.2));
#7858=CARTESIAN_POINT('',(-3.71,1.02,-11.2));
#7859=CARTESIAN_POINT('',(-3.71,-1.52,-5.7));
#7860=CARTESIAN_POINT('',(-3.71,-1.52,-5.7));
#7861=CARTESIAN_POINT('',(-3.71,-1.52,-11.2));
#7862=CARTESIAN_POINT('',(-3.91,-1.52,-5.7));
#7863=CARTESIAN_POINT('',(-3.91,-1.52,-11.2));
#7864=CARTESIAN_POINT('',(-3.71,-1.52,-11.2));
#7865=CARTESIAN_POINT('',(-3.71,-1.02,-11.2));
#7866=CARTESIAN_POINT('',(-3.91,-1.02,-11.2));
#7867=CARTESIAN_POINT('',(-3.91,-1.02,-11.2));
#7868=CARTESIAN_POINT('',(-3.71,-1.02,-11.2));
#7869=CARTESIAN_POINT('',(-3.71,-1.02,-11.2));
#7870=CARTESIAN_POINT('',(-3.71,-1.02,-11.2));
#7871=CARTESIAN_POINT('',(-3.71,0.,0.));
#7872=CARTESIAN_POINT('',(-3.71,-1.52,-11.2));
#7873=CARTESIAN_POINT('',(-3.91,0.,0.));
#7874=CARTESIAN_POINT('',(-3.91,-1.52,-11.2));
#7875=CARTESIAN_POINT('',(-3.71,-1.52,-11.2));
#7876=CARTESIAN_POINT('',(-3.71,-4.06,-5.7));
#7877=CARTESIAN_POINT('',(-3.71,-4.06,-5.7));
#7878=CARTESIAN_POINT('',(-3.71,-4.06,-11.2));
#7879=CARTESIAN_POINT('',(-3.91,-4.06,-5.7));
#7880=CARTESIAN_POINT('',(-3.91,-4.06,-11.2));
#7881=CARTESIAN_POINT('',(-3.71,-4.06,-11.2));
#7882=CARTESIAN_POINT('',(-3.71,-3.56,-11.2));
#7883=CARTESIAN_POINT('',(-3.91,-3.56,-11.2));
#7884=CARTESIAN_POINT('',(-3.91,-3.56,-11.2));
#7885=CARTESIAN_POINT('',(-3.71,-3.56,-11.2));
#7886=CARTESIAN_POINT('',(-3.71,-3.56,-11.2));
#7887=CARTESIAN_POINT('',(-3.71,-3.56,-11.2));
#7888=CARTESIAN_POINT('',(-3.71,0.,0.));
#7889=CARTESIAN_POINT('',(-3.71,-4.06,-11.2));
#7890=CARTESIAN_POINT('',(-3.91,0.,0.));
#7891=CARTESIAN_POINT('',(-3.91,-4.06,-11.2));
#7892=CARTESIAN_POINT('',(-3.71,-4.06,-11.2));
#7893=CARTESIAN_POINT('',(3.91,3.56,-5.7));
#7894=CARTESIAN_POINT('',(3.91,3.56,-5.7));
#7895=CARTESIAN_POINT('',(3.91,3.56,-11.2));
#7896=CARTESIAN_POINT('',(3.71,3.56,-5.7));
#7897=CARTESIAN_POINT('',(3.71,3.56,-11.2));
#7898=CARTESIAN_POINT('',(3.91,3.56,-11.2));
#7899=CARTESIAN_POINT('',(3.91,4.06,-11.2));
#7900=CARTESIAN_POINT('',(3.71,4.06,-11.2));
#7901=CARTESIAN_POINT('',(3.71,4.06,-11.2));
#7902=CARTESIAN_POINT('',(3.91,4.06,-11.2));
#7903=CARTESIAN_POINT('',(3.91,4.06,-11.2));
#7904=CARTESIAN_POINT('',(3.91,4.06,-11.2));
#7905=CARTESIAN_POINT('',(3.91,0.,0.));
#7906=CARTESIAN_POINT('',(3.91,3.56,-11.2));
#7907=CARTESIAN_POINT('',(3.71,0.,0.));
#7908=CARTESIAN_POINT('',(3.71,3.56,-11.2));
#7909=CARTESIAN_POINT('',(3.91,3.56,-11.2));
#7910=CARTESIAN_POINT('',(3.91,1.02,-5.7));
#7911=CARTESIAN_POINT('',(3.91,1.02,-5.7));
#7912=CARTESIAN_POINT('',(3.91,1.02,-11.2));
#7913=CARTESIAN_POINT('',(3.71,1.02,-5.7));
#7914=CARTESIAN_POINT('',(3.71,1.02,-11.2));
#7915=CARTESIAN_POINT('',(3.91,1.02,-11.2));
#7916=CARTESIAN_POINT('',(3.91,1.52,-11.2));
#7917=CARTESIAN_POINT('',(3.71,1.52,-11.2));
#7918=CARTESIAN_POINT('',(3.71,1.52,-11.2));
#7919=CARTESIAN_POINT('',(3.91,1.52,-11.2));
#7920=CARTESIAN_POINT('',(3.91,1.52,-11.2));
#7921=CARTESIAN_POINT('',(3.91,1.52,-11.2));
#7922=CARTESIAN_POINT('',(3.91,0.,0.));
#7923=CARTESIAN_POINT('',(3.91,1.02,-11.2));
#7924=CARTESIAN_POINT('',(3.71,0.,0.));
#7925=CARTESIAN_POINT('',(3.71,1.02,-11.2));
#7926=CARTESIAN_POINT('',(3.91,1.02,-11.2));
#7927=CARTESIAN_POINT('',(3.91,-4.06,-5.7));
#7928=CARTESIAN_POINT('',(3.91,-4.06,-5.7));
#7929=CARTESIAN_POINT('',(3.91,-4.06,-11.2));
#7930=CARTESIAN_POINT('',(3.71,-4.06,-5.7));
#7931=CARTESIAN_POINT('',(3.71,-4.06,-11.2));
#7932=CARTESIAN_POINT('',(3.91,-4.06,-11.2));
#7933=CARTESIAN_POINT('',(3.91,-3.56,-11.2));
#7934=CARTESIAN_POINT('',(3.71,-3.56,-11.2));
#7935=CARTESIAN_POINT('',(3.71,-3.56,-11.2));
#7936=CARTESIAN_POINT('',(3.91,-3.56,-11.2));
#7937=CARTESIAN_POINT('',(3.91,-3.56,-11.2));
#7938=CARTESIAN_POINT('',(3.91,-3.56,-11.2));
#7939=CARTESIAN_POINT('',(3.91,0.,0.));
#7940=CARTESIAN_POINT('',(3.91,-4.06,-11.2));
#7941=CARTESIAN_POINT('',(3.71,0.,0.));
#7942=CARTESIAN_POINT('',(3.71,-4.06,-11.2));
#7943=CARTESIAN_POINT('',(3.91,-4.06,-11.2));
#7944=CARTESIAN_POINT('',(3.91,-1.52,-5.7));
#7945=CARTESIAN_POINT('',(3.91,-1.52,-5.7));
#7946=CARTESIAN_POINT('',(3.91,-1.52,-11.2));
#7947=CARTESIAN_POINT('',(3.71,-1.52,-5.7));
#7948=CARTESIAN_POINT('',(3.71,-1.52,-11.2));
#7949=CARTESIAN_POINT('',(3.91,-1.52,-11.2));
#7950=CARTESIAN_POINT('',(3.91,-1.02,-11.2));
#7951=CARTESIAN_POINT('',(3.71,-1.02,-11.2));
#7952=CARTESIAN_POINT('',(3.71,-1.02,-11.2));
#7953=CARTESIAN_POINT('',(3.91,-1.02,-11.2));
#7954=CARTESIAN_POINT('',(3.91,-1.02,-11.2));
#7955=CARTESIAN_POINT('',(3.91,-1.02,-11.2));
#7956=CARTESIAN_POINT('',(3.91,0.,0.));
#7957=CARTESIAN_POINT('',(3.91,-1.52,-11.2));
#7958=CARTESIAN_POINT('',(3.71,0.,0.));
#7959=CARTESIAN_POINT('',(3.71,-1.52,-11.2));
#7960=CARTESIAN_POINT('',(3.91,-1.52,-11.2));
#7961=CARTESIAN_POINT('',(1.96376396070812,1.55036483016868,0.3));
#7962=CARTESIAN_POINT('',(1.96376396070812,1.55036483016868,0.3));
#7963=CARTESIAN_POINT('',(1.96376396070812,1.55036483016868,0.3));
#7964=CARTESIAN_POINT('',(1.96376396070812,1.55036483016868,0.3));
#7965=CARTESIAN_POINT('',(1.67478870582157,1.09319842245245,0.3));
#7966=CARTESIAN_POINT('',(2.08132101116662,1.38856143129369,0.3));
#7967=CARTESIAN_POINT('',(2.08132101116662,1.38856143129369,0.3));
#7968=CARTESIAN_POINT('',(1.67478870582157,1.09319842245245,0.3));
#7969=CARTESIAN_POINT('',(2.02254248593737,1.46946313073118,0.3));
#7970=CARTESIAN_POINT('',(2.02254248593737,1.46946313073118,0.3));
#7971=CARTESIAN_POINT('',(2.32019264911898E-14,1.56125112837913E-14,0.3));
#7972=CARTESIAN_POINT('',(2.5,0.1,0.3));
#7973=CARTESIAN_POINT('',(2.5,0.1,0.3));
#7974=CARTESIAN_POINT('',(2.5,0.1,0.3));
#7975=CARTESIAN_POINT('',(2.5,0.1,0.3));
#7976=CARTESIAN_POINT('',(2.5,-6.7762635780344E-18,0.3));
#7977=CARTESIAN_POINT('',(2.5,-6.7762635780344E-18,0.3));
#7978=CARTESIAN_POINT('',(2.5,-0.1,0.3));
#7979=CARTESIAN_POINT('',(2.5,-0.1,0.3));
#7980=CARTESIAN_POINT('',(1.99749843554382,-0.1,0.3));
#7981=CARTESIAN_POINT('',(1.99749843554382,-0.1,0.3));
#7982=CARTESIAN_POINT('',(-1.63931368479808E-13,-4.35036121709809E-15,0.3));
#7983=CARTESIAN_POINT('',(2.08132101116662,-1.38856143129369,0.3));
#7984=CARTESIAN_POINT('',(2.08132101116662,-1.38856143129369,0.3));
#7985=CARTESIAN_POINT('',(2.08132101116662,-1.38856143129369,0.3));
#7986=CARTESIAN_POINT('',(2.08132101116662,-1.38856143129369,0.3));
#7987=CARTESIAN_POINT('',(2.02254248593737,-1.46946313073118,0.3));
#7988=CARTESIAN_POINT('',(2.02254248593737,-1.46946313073118,0.3));
#7989=CARTESIAN_POINT('',(1.96376396070812,-1.55036483016868,0.3));
#7990=CARTESIAN_POINT('',(1.96376396070812,-1.55036483016868,0.3));
#7991=CARTESIAN_POINT('',(1.55723165536307,-1.25500182132744,0.3));
#7992=CARTESIAN_POINT('',(1.55723165536307,-1.25500182132744,0.3));
#7993=CARTESIAN_POINT('',(1.71520783687207E-13,-1.25550611573821E-13,0.3));
#7994=CARTESIAN_POINT('',(0.,0.,0.));
#7995=CARTESIAN_POINT('',(0.,0.,6.9));
#7996=CARTESIAN_POINT('',(0.,0.,6.9));
#7997=CARTESIAN_POINT('',(1.81659021245849,-0.35,6.9));
#7998=CARTESIAN_POINT('',(1.8095014235892,-0.384973503021509,6.9));
#7999=CARTESIAN_POINT('',(1.8095014235892,-0.384973503021509,6.9));
#8000=CARTESIAN_POINT('',(1.82977355634062,-0.373269381720431,6.88260720189416));
#8001=CARTESIAN_POINT('',(1.84996269764688,-0.361613175552551,6.86508684600758));
#8002=CARTESIAN_POINT('',(1.87007730774112,-0.35,6.84745193571141));
#8003=CARTESIAN_POINT('',(1.87007730774112,-0.35,6.84745193571141));
#8004=CARTESIAN_POINT('',(1.87007730774112,-0.35,6.84745193571141));
#8005=CARTESIAN_POINT('',(1.85225245506225,-0.35,6.86497257192253));
#8006=CARTESIAN_POINT('',(1.83442354404989,-0.35,6.88248872668948));
#8007=CARTESIAN_POINT('',(1.81659021245849,-0.35,6.9));
#8008=CARTESIAN_POINT('',(0.,0.,6.9));
#8009=CARTESIAN_POINT('',(0.,0.,6.8));
#8010=CARTESIAN_POINT('',(1.82550866587953,-0.685578668570391,6.8));
#8011=CARTESIAN_POINT('',(1.77560688234119,-0.806052231175252,6.8));
#8012=CARTESIAN_POINT('',(1.82550866587953,-0.685578668570391,6.8));
#8013=CARTESIAN_POINT('',(1.80367722240163,-0.6477654992641,6.83373199565384));
#8014=CARTESIAN_POINT('',(1.78170510205543,-0.609708670474467,6.8670928972681));
#8015=CARTESIAN_POINT('',(1.75956095252311,-0.571353878394089,6.9));
#8016=CARTESIAN_POINT('',(1.75956095252311,-0.571353878394088,6.9));
#8017=CARTESIAN_POINT('',(0.,0.,6.9));
#8018=CARTESIAN_POINT('',(1.64820568330985,-0.840189279570457,6.9));
#8019=CARTESIAN_POINT('',(1.64820568330985,-0.840189279570457,6.9));
#8020=CARTESIAN_POINT('',(1.69098489517879,-0.828726624297333,6.8670928972681));
#8021=CARTESIAN_POINT('',(1.73343177218024,-0.817353017883572,6.83373199565385));
#8022=CARTESIAN_POINT('',(1.77560688234119,-0.806052231175252,6.8));
#8023=CARTESIAN_POINT('',(0.,0.,6.9));
#8024=CARTESIAN_POINT('',(0.,0.,6.8));
#8025=CARTESIAN_POINT('',(1.58586515014549,-1.13469455165433,6.8));
#8026=CARTESIAN_POINT('',(1.50648287621443,-1.23814754519511,6.8));
#8027=CARTESIAN_POINT('',(1.58586515014549,-1.13469455165433,6.8));
#8028=CARTESIAN_POINT('',(1.57456436343717,-1.09251944149338,6.83373199565385));
#8029=CARTESIAN_POINT('',(1.56319075702341,-1.05007256449193,6.8670928972681));
#8030=CARTESIAN_POINT('',(1.55172810175028,-1.00729335262299,6.9));
#8031=CARTESIAN_POINT('',(1.55172810175029,-1.00729335262299,6.9));
#8032=CARTESIAN_POINT('',(0.,0.,6.9));
#8033=CARTESIAN_POINT('',(1.3745874495016,-1.23814754519511,6.9));
#8034=CARTESIAN_POINT('',(1.3745874495016,-1.23814754519511,6.9));
#8035=CARTESIAN_POINT('',(1.41887362813648,-1.23814754519511,6.86709447279033));
#8036=CARTESIAN_POINT('',(1.46281803380221,-1.23814754519511,6.83373350635211));
#8037=CARTESIAN_POINT('',(1.50648287621443,-1.23814754519511,6.8));
#8038=CARTESIAN_POINT('',(0.,0.,6.9));
#8039=CARTESIAN_POINT('',(0.,0.,6.8));
#8040=CARTESIAN_POINT('',(1.23814754519511,-1.50648287621443,6.8));
#8041=CARTESIAN_POINT('',(1.13469455165433,-1.58586515014549,6.8));
#8042=CARTESIAN_POINT('',(1.23814754519511,-1.50648287621452,6.80000000000012));
#8043=CARTESIAN_POINT('',(1.23814754519511,-1.46281803380229,6.83373350635223));
#8044=CARTESIAN_POINT('',(1.23814754519511,-1.41887362813648,6.86709447279033));
#8045=CARTESIAN_POINT('',(1.23814754519511,-1.3745874495016,6.9));
#8046=CARTESIAN_POINT('',(1.23814754519511,-1.3745874495016,6.9));
#8047=CARTESIAN_POINT('',(0.,0.,6.9));
#8048=CARTESIAN_POINT('',(1.00729335262299,-1.55172810175028,6.9));
#8049=CARTESIAN_POINT('',(1.00729335262299,-1.55172810175028,6.9));
#8050=CARTESIAN_POINT('',(1.05007256449193,-1.56319075702341,6.8670928972681));
#8051=CARTESIAN_POINT('',(1.09251944149338,-1.57456436343717,6.83373199565385));
#8052=CARTESIAN_POINT('',(1.13469455165433,-1.58586515014549,6.8));
#8053=CARTESIAN_POINT('',(0.,0.,6.9));
#8054=CARTESIAN_POINT('',(0.,0.,6.8));
#8055=CARTESIAN_POINT('',(0.806052231175253,-1.77560688234119,6.8));
#8056=CARTESIAN_POINT('',(0.685578668570393,-1.82550866587953,6.8));
#8057=CARTESIAN_POINT('',(0.806052231175252,-1.77560688234119,6.8));
#8058=CARTESIAN_POINT('',(0.817353017883572,-1.73343177218024,6.83373199565384));
#8059=CARTESIAN_POINT('',(0.828726624297334,-1.69098489517879,6.8670928972681));
#8060=CARTESIAN_POINT('',(0.840189279570458,-1.64820568330985,6.9));
#8061=CARTESIAN_POINT('',(0.840189279570458,-1.64820568330985,6.9));
#8062=CARTESIAN_POINT('',(0.,0.,6.9));
#8063=CARTESIAN_POINT('',(0.571353878394089,-1.75956095252311,6.9));
#8064=CARTESIAN_POINT('',(0.57135387839409,-1.75956095252311,6.9));
#8065=CARTESIAN_POINT('',(0.609708670474467,-1.78170510205543,6.8670928972681));
#8066=CARTESIAN_POINT('',(0.647765499264101,-1.80367722240163,6.83373199565384));
#8067=CARTESIAN_POINT('',(0.685578668570392,-1.82550866587953,6.8));
#8068=CARTESIAN_POINT('',(0.,0.,6.9));
#8069=CARTESIAN_POINT('',(0.,0.,6.8));
#8070=CARTESIAN_POINT('',(0.319025789665093,-1.9237262137655,6.8));
#8071=CARTESIAN_POINT('',(0.1897417321957,-1.94074678282958,6.8));
#8072=CARTESIAN_POINT('',(0.319025789665092,-1.9237262137655,6.8));
#8073=CARTESIAN_POINT('',(0.340857233142993,-1.88591304445921,6.83373199565385));
#8074=CARTESIAN_POINT('',(0.362829353489191,-1.84785621566958,6.8670928972681));
#8075=CARTESIAN_POINT('',(0.38497350302151,-1.8095014235892,6.9));
#8076=CARTESIAN_POINT('',(0.38497350302151,-1.8095014235892,6.9));
#8077=CARTESIAN_POINT('',(0.,0.,6.9));
#8078=CARTESIAN_POINT('',(0.0964775815595614,-1.84748263219344,6.9));
#8079=CARTESIAN_POINT('',(0.0964775815595612,-1.84748263219344,6.9));
#8080=CARTESIAN_POINT('',(0.127794138155384,-1.87879918878927,6.8670928972681));
#8081=CARTESIAN_POINT('',(0.158867408743072,-1.90987245937695,6.83373199565385));
#8082=CARTESIAN_POINT('',(0.1897417321957,-1.94074678282958,6.8));
#8083=CARTESIAN_POINT('',(0.,0.,6.9));
#8084=CARTESIAN_POINT('',(0.,0.,6.8));
#8085=CARTESIAN_POINT('',(-0.189741732195699,-1.94074678282958,6.8));
#8086=CARTESIAN_POINT('',(-0.319025789665092,-1.9237262137655,6.8));
#8087=CARTESIAN_POINT('',(-0.189741732195699,-1.94074678282958,6.8));
#8088=CARTESIAN_POINT('',(-0.15886740874307,-1.90987245937695,6.83373199565384));
#8089=CARTESIAN_POINT('',(-0.127794138155383,-1.87879918878927,6.8670928972681));
#8090=CARTESIAN_POINT('',(-0.0964775815595602,-1.84748263219344,6.9));
#8091=CARTESIAN_POINT('',(-0.0964775815595603,-1.84748263219344,6.9));
#8092=CARTESIAN_POINT('',(0.,0.,6.9));
#8093=CARTESIAN_POINT('',(-0.384973503021508,-1.8095014235892,6.9));
#8094=CARTESIAN_POINT('',(-0.384973503021508,-1.8095014235892,6.9));
#8095=CARTESIAN_POINT('',(-0.36282935348919,-1.84785621566958,6.8670928972681));
#8096=CARTESIAN_POINT('',(-0.340857233142992,-1.88591304445921,6.83373199565385));
#8097=CARTESIAN_POINT('',(-0.319025789665091,-1.9237262137655,6.8));
#8098=CARTESIAN_POINT('',(0.,0.,6.9));
#8099=CARTESIAN_POINT('',(0.,0.,6.8));
#8100=CARTESIAN_POINT('',(-0.685578668570391,-1.82550866587953,6.8));
#8101=CARTESIAN_POINT('',(-0.806052231175251,-1.77560688234119,6.8));
#8102=CARTESIAN_POINT('',(-0.685578668570392,-1.82550866587953,6.8));
#8103=CARTESIAN_POINT('',(-0.6477654992641,-1.80367722240163,6.83373199565385));
#8104=CARTESIAN_POINT('',(-0.609708670474466,-1.78170510205543,6.8670928972681));
#8105=CARTESIAN_POINT('',(-0.571353878394088,-1.75956095252311,6.9));
#8106=CARTESIAN_POINT('',(-0.571353878394088,-1.75956095252311,6.9));
#8107=CARTESIAN_POINT('',(0.,0.,6.9));
#8108=CARTESIAN_POINT('',(-0.840189279570457,-1.64820568330985,6.9));
#8109=CARTESIAN_POINT('',(-0.840189279570457,-1.64820568330985,6.9));
#8110=CARTESIAN_POINT('',(-0.828726624297333,-1.69098489517879,6.86709289726809));
#8111=CARTESIAN_POINT('',(-0.817353017883571,-1.73343177218024,6.83373199565384));
#8112=CARTESIAN_POINT('',(-0.806052231175251,-1.77560688234119,6.8));
#8113=CARTESIAN_POINT('',(0.,0.,6.9));
#8114=CARTESIAN_POINT('',(0.,0.,6.8));
#8115=CARTESIAN_POINT('',(-1.13469455165433,-1.58586515014549,6.8));
#8116=CARTESIAN_POINT('',(-1.23814754519511,-1.50648287621443,6.8));
#8117=CARTESIAN_POINT('',(-1.13469455165433,-1.58586515014549,6.8));
#8118=CARTESIAN_POINT('',(-1.09251944149338,-1.57456436343717,6.83373199565385));
#8119=CARTESIAN_POINT('',(-1.05007256449193,-1.56319075702341,6.86709289726809));
#8120=CARTESIAN_POINT('',(-1.00729335262299,-1.55172810175029,6.9));
#8121=CARTESIAN_POINT('',(-1.00729335262299,-1.55172810175029,6.9));
#8122=CARTESIAN_POINT('',(0.,0.,6.9));
#8123=CARTESIAN_POINT('',(-1.23814754519511,-1.3745874495016,6.9));
#8124=CARTESIAN_POINT('',(-1.23814754519511,-1.3745874495016,6.9));
#8125=CARTESIAN_POINT('',(-1.23814754519511,-1.41887362813648,6.86709447279033));
#8126=CARTESIAN_POINT('',(-1.23814754519511,-1.46281803380221,6.83373350635211));
#8127=CARTESIAN_POINT('',(-1.23814754519511,-1.50648287621444,6.8));
#8128=CARTESIAN_POINT('',(0.,0.,6.9));
#8129=CARTESIAN_POINT('',(0.,0.,6.8));
#8130=CARTESIAN_POINT('',(-1.50648287621443,-1.23814754519511,6.8));
#8131=CARTESIAN_POINT('',(-1.58586515014549,-1.13469455165433,6.8));
#8132=CARTESIAN_POINT('',(-1.50648287621452,-1.23814754519511,6.80000000000012));
#8133=CARTESIAN_POINT('',(-1.46281803380229,-1.23814754519511,6.83373350635223));
#8134=CARTESIAN_POINT('',(-1.41887362813648,-1.23814754519511,6.86709447279033));
#8135=CARTESIAN_POINT('',(-1.3745874495016,-1.23814754519511,6.9));
#8136=CARTESIAN_POINT('',(-1.3745874495016,-1.23814754519511,6.9));
#8137=CARTESIAN_POINT('',(0.,0.,6.9));
#8138=CARTESIAN_POINT('',(-1.55172810175028,-1.00729335262299,6.9));
#8139=CARTESIAN_POINT('',(-1.55172810175028,-1.00729335262299,6.9));
#8140=CARTESIAN_POINT('',(-1.56319075702341,-1.05007256449193,6.8670928972681));
#8141=CARTESIAN_POINT('',(-1.57456436343717,-1.09251944149338,6.83373199565384));
#8142=CARTESIAN_POINT('',(-1.58586515014549,-1.13469455165433,6.8));
#8143=CARTESIAN_POINT('',(0.,0.,6.9));
#8144=CARTESIAN_POINT('',(0.,0.,6.8));
#8145=CARTESIAN_POINT('',(-1.77560688234119,-0.806052231175253,6.8));
#8146=CARTESIAN_POINT('',(-1.82550866587953,-0.685578668570392,6.8));
#8147=CARTESIAN_POINT('',(-1.77560688234119,-0.806052231175253,6.8));
#8148=CARTESIAN_POINT('',(-1.73343177218024,-0.817353017883572,6.83373199565384));
#8149=CARTESIAN_POINT('',(-1.69098489517879,-0.828726624297334,6.8670928972681));
#8150=CARTESIAN_POINT('',(-1.64820568330985,-0.840189279570458,6.9));
#8151=CARTESIAN_POINT('',(-1.64820568330985,-0.840189279570458,6.9));
#8152=CARTESIAN_POINT('',(0.,0.,6.9));
#8153=CARTESIAN_POINT('',(-1.75956095252311,-0.57135387839409,6.9));
#8154=CARTESIAN_POINT('',(-1.75956095252311,-0.57135387839409,6.9));
#8155=CARTESIAN_POINT('',(-1.78170510205543,-0.609708670474468,6.8670928972681));
#8156=CARTESIAN_POINT('',(-1.80367722240163,-0.647765499264101,6.83373199565385));
#8157=CARTESIAN_POINT('',(-1.82550866587953,-0.685578668570392,6.8));
#8158=CARTESIAN_POINT('',(0.,0.,6.9));
#8159=CARTESIAN_POINT('',(0.,0.,6.9));
#8160=CARTESIAN_POINT('',(-1.81659021245849,0.35,6.9));
#8161=CARTESIAN_POINT('',(-1.8095014235892,0.384973503021508,6.9));
#8162=CARTESIAN_POINT('',(-1.8095014235892,0.384973503021508,6.9));
#8163=CARTESIAN_POINT('',(-1.82977355634062,0.37326938172043,6.88260720189416));
#8164=CARTESIAN_POINT('',(-1.84996269764688,0.36161317555255,6.86508684600759));
#8165=CARTESIAN_POINT('',(-1.87007730774112,0.35,6.84745193571141));
#8166=CARTESIAN_POINT('',(-1.87007730774112,0.35,6.84745193571141));
#8167=CARTESIAN_POINT('',(-1.87007730774112,0.35,6.84745193571141));
#8168=CARTESIAN_POINT('',(-1.85225245506225,0.35,6.86497257192253));
#8169=CARTESIAN_POINT('',(-1.83442354404989,0.35,6.88248872668948));
#8170=CARTESIAN_POINT('',(-1.81659021245849,0.35,6.9));
#8171=CARTESIAN_POINT('',(0.,0.,6.9));
#8172=CARTESIAN_POINT('',(0.,0.,6.8));
#8173=CARTESIAN_POINT('',(-1.82550866587953,0.685578668570391,6.8));
#8174=CARTESIAN_POINT('',(-1.77560688234119,0.806052231175252,6.8));
#8175=CARTESIAN_POINT('',(-1.82550866587953,0.685578668570391,6.8));
#8176=CARTESIAN_POINT('',(-1.80367722240163,0.6477654992641,6.83373199565385));
#8177=CARTESIAN_POINT('',(-1.78170510205543,0.609708670474465,6.8670928972681));
#8178=CARTESIAN_POINT('',(-1.75956095252311,0.571353878394088,6.9));
#8179=CARTESIAN_POINT('',(-1.75956095252311,0.571353878394088,6.9));
#8180=CARTESIAN_POINT('',(0.,0.,6.9));
#8181=CARTESIAN_POINT('',(-1.64820568330985,0.840189279570457,6.9));
#8182=CARTESIAN_POINT('',(-1.64820568330985,0.840189279570456,6.9));
#8183=CARTESIAN_POINT('',(-1.69098489517879,0.828726624297332,6.8670928972681));
#8184=CARTESIAN_POINT('',(-1.73343177218024,0.817353017883571,6.83373199565385));
#8185=CARTESIAN_POINT('',(-1.77560688234119,0.806052231175251,6.8));
#8186=CARTESIAN_POINT('',(0.,0.,6.9));
#8187=CARTESIAN_POINT('',(0.,0.,6.8));
#8188=CARTESIAN_POINT('',(-1.58586515014549,1.13469455165433,6.8));
#8189=CARTESIAN_POINT('',(-1.50648287621443,1.23814754519511,6.8));
#8190=CARTESIAN_POINT('',(-1.58586515014549,1.13469455165433,6.8));
#8191=CARTESIAN_POINT('',(-1.57456436343717,1.09251944149338,6.83373199565384));
#8192=CARTESIAN_POINT('',(-1.56319075702341,1.05007256449193,6.8670928972681));
#8193=CARTESIAN_POINT('',(-1.55172810175029,1.00729335262299,6.9));
#8194=CARTESIAN_POINT('',(-1.55172810175029,1.00729335262299,6.9));
#8195=CARTESIAN_POINT('',(0.,0.,6.9));
#8196=CARTESIAN_POINT('',(-1.3745874495016,1.23814754519511,6.9));
#8197=CARTESIAN_POINT('',(-1.3745874495016,1.23814754519511,6.9));
#8198=CARTESIAN_POINT('',(-1.41887362813648,1.23814754519511,6.86709447279033));
#8199=CARTESIAN_POINT('',(-1.46281803380221,1.23814754519511,6.83373350635211));
#8200=CARTESIAN_POINT('',(-1.50648287621443,1.23814754519511,6.8));
#8201=CARTESIAN_POINT('',(0.,0.,6.9));
#8202=CARTESIAN_POINT('',(0.,0.,6.8));
#8203=CARTESIAN_POINT('',(-1.23814754519511,1.50648287621443,6.8));
#8204=CARTESIAN_POINT('',(-1.13469455165433,1.58586515014549,6.8));
#8205=CARTESIAN_POINT('',(-1.23814754519511,1.50648287621452,6.80000000000012));
#8206=CARTESIAN_POINT('',(-1.23814754519511,1.46281803380229,6.83373350635223));
#8207=CARTESIAN_POINT('',(-1.23814754519511,1.41887362813648,6.86709447279033));
#8208=CARTESIAN_POINT('',(-1.23814754519511,1.3745874495016,6.9));
#8209=CARTESIAN_POINT('',(-1.23814754519511,1.3745874495016,6.9));
#8210=CARTESIAN_POINT('',(0.,0.,6.9));
#8211=CARTESIAN_POINT('',(-1.00729335262299,1.55172810175028,6.9));
#8212=CARTESIAN_POINT('',(-1.00729335262299,1.55172810175028,6.9));
#8213=CARTESIAN_POINT('',(-1.05007256449193,1.56319075702341,6.8670928972681));
#8214=CARTESIAN_POINT('',(-1.09251944149338,1.57456436343717,6.83373199565385));
#8215=CARTESIAN_POINT('',(-1.13469455165433,1.58586515014549,6.8));
#8216=CARTESIAN_POINT('',(0.,0.,6.9));
#8217=CARTESIAN_POINT('',(0.,0.,6.8));
#8218=CARTESIAN_POINT('',(-0.806052231175253,1.77560688234119,6.8));
#8219=CARTESIAN_POINT('',(-0.685578668570392,1.82550866587953,6.8));
#8220=CARTESIAN_POINT('',(-0.806052231175254,1.77560688234119,6.8));
#8221=CARTESIAN_POINT('',(-0.817353017883573,1.73343177218024,6.83373199565385));
#8222=CARTESIAN_POINT('',(-0.828726624297334,1.69098489517879,6.8670928972681));
#8223=CARTESIAN_POINT('',(-0.840189279570458,1.64820568330984,6.9));
#8224=CARTESIAN_POINT('',(-0.840189279570458,1.64820568330985,6.9));
#8225=CARTESIAN_POINT('',(0.,0.,6.9));
#8226=CARTESIAN_POINT('',(-0.57135387839409,1.75956095252311,6.9));
#8227=CARTESIAN_POINT('',(-0.57135387839409,1.75956095252311,6.9));
#8228=CARTESIAN_POINT('',(-0.609708670474468,1.78170510205543,6.8670928972681));
#8229=CARTESIAN_POINT('',(-0.647765499264101,1.80367722240163,6.83373199565385));
#8230=CARTESIAN_POINT('',(-0.685578668570393,1.82550866587953,6.8));
#8231=CARTESIAN_POINT('',(0.,0.,6.9));
#8232=CARTESIAN_POINT('',(0.,0.,6.8));
#8233=CARTESIAN_POINT('',(-0.319025789665094,1.9237262137655,6.8));
#8234=CARTESIAN_POINT('',(-0.1897417321957,1.94074678282958,6.8));
#8235=CARTESIAN_POINT('',(-0.319025789665093,1.9237262137655,6.8));
#8236=CARTESIAN_POINT('',(-0.340857233142993,1.88591304445921,6.83373199565384));
#8237=CARTESIAN_POINT('',(-0.362829353489192,1.84785621566958,6.86709289726809));
#8238=CARTESIAN_POINT('',(-0.38497350302151,1.8095014235892,6.9));
#8239=CARTESIAN_POINT('',(-0.38497350302151,1.8095014235892,6.9));
#8240=CARTESIAN_POINT('',(0.,0.,6.9));
#8241=CARTESIAN_POINT('',(-0.0964775815595611,1.84748263219344,6.9));
#8242=CARTESIAN_POINT('',(-0.0964775815595613,1.84748263219344,6.9));
#8243=CARTESIAN_POINT('',(-0.127794138155384,1.87879918878927,6.8670928972681));
#8244=CARTESIAN_POINT('',(-0.158867408743071,1.90987245937695,6.83373199565385));
#8245=CARTESIAN_POINT('',(-0.189741732195699,1.94074678282958,6.8));
#8246=CARTESIAN_POINT('',(0.,0.,6.9));
#8247=CARTESIAN_POINT('',(0.,0.,6.8));
#8248=CARTESIAN_POINT('',(0.1897417321957,1.94074678282958,6.8));
#8249=CARTESIAN_POINT('',(0.319025789665092,1.9237262137655,6.8));
#8250=CARTESIAN_POINT('',(0.1897417321957,1.94074678282958,6.8));
#8251=CARTESIAN_POINT('',(0.158867408743071,1.90987245937695,6.83373199565385));
#8252=CARTESIAN_POINT('',(0.127794138155383,1.87879918878927,6.8670928972681));
#8253=CARTESIAN_POINT('',(0.0964775815595609,1.84748263219344,6.9));
#8254=CARTESIAN_POINT('',(0.0964775815595611,1.84748263219344,6.9));
#8255=CARTESIAN_POINT('',(0.,0.,6.9));
#8256=CARTESIAN_POINT('',(0.384973503021509,1.8095014235892,6.9));
#8257=CARTESIAN_POINT('',(0.384973503021509,1.8095014235892,6.9));
#8258=CARTESIAN_POINT('',(0.362829353489191,1.84785621566958,6.8670928972681));
#8259=CARTESIAN_POINT('',(0.340857233142992,1.88591304445921,6.83373199565385));
#8260=CARTESIAN_POINT('',(0.319025789665092,1.9237262137655,6.8));
#8261=CARTESIAN_POINT('',(0.,0.,6.9));
#8262=CARTESIAN_POINT('',(0.,0.,6.8));
#8263=CARTESIAN_POINT('',(0.685578668570392,1.82550866587953,6.8));
#8264=CARTESIAN_POINT('',(0.806052231175252,1.77560688234119,6.8));
#8265=CARTESIAN_POINT('',(0.685578668570392,1.82550866587953,6.8));
#8266=CARTESIAN_POINT('',(0.647765499264101,1.80367722240163,6.83373199565385));
#8267=CARTESIAN_POINT('',(0.609708670474467,1.78170510205543,6.8670928972681));
#8268=CARTESIAN_POINT('',(0.571353878394089,1.75956095252311,6.9));
#8269=CARTESIAN_POINT('',(0.571353878394089,1.75956095252311,6.9));
#8270=CARTESIAN_POINT('',(0.,0.,6.9));
#8271=CARTESIAN_POINT('',(0.840189279570457,1.64820568330985,6.9));
#8272=CARTESIAN_POINT('',(0.840189279570457,1.64820568330985,6.9));
#8273=CARTESIAN_POINT('',(0.828726624297333,1.69098489517879,6.8670928972681));
#8274=CARTESIAN_POINT('',(0.817353017883572,1.73343177218024,6.83373199565384));
#8275=CARTESIAN_POINT('',(0.806052231175252,1.77560688234119,6.8));
#8276=CARTESIAN_POINT('',(0.,0.,6.9));
#8277=CARTESIAN_POINT('',(0.,0.,6.8));
#8278=CARTESIAN_POINT('',(1.13469455165433,1.58586515014549,6.8));
#8279=CARTESIAN_POINT('',(1.23814754519511,1.50648287621443,6.8));
#8280=CARTESIAN_POINT('',(1.13469455165433,1.58586515014549,6.8));
#8281=CARTESIAN_POINT('',(1.09251944149338,1.57456436343717,6.83373199565385));
#8282=CARTESIAN_POINT('',(1.05007256449193,1.56319075702341,6.8670928972681));
#8283=CARTESIAN_POINT('',(1.00729335262299,1.55172810175028,6.9));
#8284=CARTESIAN_POINT('',(1.00729335262299,1.55172810175028,6.9));
#8285=CARTESIAN_POINT('',(0.,0.,6.9));
#8286=CARTESIAN_POINT('',(1.23814754519511,1.3745874495016,6.9));
#8287=CARTESIAN_POINT('',(1.23814754519511,1.3745874495016,6.9));
#8288=CARTESIAN_POINT('',(1.23814754519511,1.41887362813648,6.86709447279033));
#8289=CARTESIAN_POINT('',(1.23814754519511,1.46281803380221,6.83373350635211));
#8290=CARTESIAN_POINT('',(1.23814754519511,1.50648287621443,6.8));
#8291=CARTESIAN_POINT('',(0.,0.,6.9));
#8292=CARTESIAN_POINT('',(0.,0.,6.8));
#8293=CARTESIAN_POINT('',(1.50648287621443,1.23814754519511,6.8));
#8294=CARTESIAN_POINT('',(1.58586515014549,1.13469455165433,6.8));
#8295=CARTESIAN_POINT('',(1.50648287621452,1.23814754519511,6.80000000000012));
#8296=CARTESIAN_POINT('',(1.46281803380229,1.23814754519511,6.83373350635223));
#8297=CARTESIAN_POINT('',(1.41887362813648,1.23814754519511,6.86709447279033));
#8298=CARTESIAN_POINT('',(1.3745874495016,1.23814754519511,6.9));
#8299=CARTESIAN_POINT('',(1.3745874495016,1.23814754519511,6.9));
#8300=CARTESIAN_POINT('',(0.,0.,6.9));
#8301=CARTESIAN_POINT('',(1.55172810175028,1.00729335262299,6.9));
#8302=CARTESIAN_POINT('',(1.55172810175028,1.00729335262299,6.9));
#8303=CARTESIAN_POINT('',(1.56319075702341,1.05007256449193,6.8670928972681));
#8304=CARTESIAN_POINT('',(1.57456436343717,1.09251944149338,6.83373199565384));
#8305=CARTESIAN_POINT('',(1.58586515014549,1.13469455165433,6.8));
#8306=CARTESIAN_POINT('',(0.,0.,6.9));
#8307=CARTESIAN_POINT('',(0.,0.,6.8));
#8308=CARTESIAN_POINT('',(1.77560688234119,0.806052231175252,6.8));
#8309=CARTESIAN_POINT('',(1.82550866587953,0.685578668570392,6.8));
#8310=CARTESIAN_POINT('',(1.77560688234119,0.806052231175252,6.8));
#8311=CARTESIAN_POINT('',(1.73343177218024,0.817353017883571,6.83373199565384));
#8312=CARTESIAN_POINT('',(1.69098489517879,0.828726624297333,6.8670928972681));
#8313=CARTESIAN_POINT('',(1.64820568330985,0.840189279570457,6.9));
#8314=CARTESIAN_POINT('',(1.64820568330985,0.840189279570457,6.9));
#8315=CARTESIAN_POINT('',(0.,0.,6.9));
#8316=CARTESIAN_POINT('',(1.75956095252311,0.571353878394089,6.9));
#8317=CARTESIAN_POINT('',(1.75956095252311,0.571353878394089,6.9));
#8318=CARTESIAN_POINT('',(1.78170510205543,0.609708670474467,6.8670928972681));
#8319=CARTESIAN_POINT('',(1.80367722240163,0.6477654992641,6.83373199565385));
#8320=CARTESIAN_POINT('',(1.82550866587953,0.685578668570392,6.8));
#8321=CARTESIAN_POINT('',(0.,0.,6.9));
#8322=CARTESIAN_POINT('',(1.78696277863478,-0.478815233439663,6.9));
#8323=CARTESIAN_POINT('',(1.75196277863478,-0.418193455174752,6.9));
#8324=CARTESIAN_POINT('',(1.72634100036987,-0.513815233439663,6.9));
#8325=CARTESIAN_POINT('',(0.619073772597557,-1.07226722777231,6.9));
#8326=CARTESIAN_POINT('',(-2.,-0.35,6.9));
#8327=CARTESIAN_POINT('',(-1.81659021245849,-0.35,6.9));
#8328=CARTESIAN_POINT('',(0.,0.,6.9));
#8329=CARTESIAN_POINT('',(-1.8095014235892,-0.38497350302151,6.9));
#8330=CARTESIAN_POINT('',(-0.619073772597557,-1.07226722777231,6.9));
#8331=CARTESIAN_POINT('',(-1.75196277863478,-0.418193455174753,6.9));
#8332=CARTESIAN_POINT('',(-1.78696277863478,-0.478815233439665,6.9));
#8333=CARTESIAN_POINT('',(-1.72634100036987,-0.513815233439665,6.9));
#8334=CARTESIAN_POINT('',(-1.07226722777231,0.619073772597556,6.9));
#8335=CARTESIAN_POINT('',(-0.320456165343431,-1.19595869066037,6.9));
#8336=CARTESIAN_POINT('',(-1.58402966384404,-0.857385192159766,6.9));
#8337=CARTESIAN_POINT('',(-1.60214699700121,-0.925000000000001,6.9));
#8338=CARTESIAN_POINT('',(-1.53453218916098,-0.943117333157177,6.9));
#8339=CARTESIAN_POINT('',(-1.19595869066037,0.320456165343429,6.9));
#8340=CARTESIAN_POINT('',(0.,-1.23814754519511,6.9));
#8341=CARTESIAN_POINT('',(-1.30814754519511,-1.23814754519511,6.9));
#8342=CARTESIAN_POINT('',(-1.30814754519511,-1.30814754519511,6.9));
#8343=CARTESIAN_POINT('',(-1.23814754519511,-1.30814754519511,6.9));
#8344=CARTESIAN_POINT('',(-1.23814754519511,0.,6.9));
#8345=CARTESIAN_POINT('',(0.320456165343429,-1.19595869066037,6.9));
#8346=CARTESIAN_POINT('',(-0.943117333157176,-1.53453218916098,6.9));
#8347=CARTESIAN_POINT('',(-0.924999999999999,-1.60214699700121,6.9));
#8348=CARTESIAN_POINT('',(-0.857385192159765,-1.58402966384404,6.9));
#8349=CARTESIAN_POINT('',(-1.19595869066037,-0.320456165343431,6.9));
#8350=CARTESIAN_POINT('',(0.619073772597557,-1.07226722777231,6.9));
#8351=CARTESIAN_POINT('',(-0.513815233439663,-1.72634100036987,6.9));
#8352=CARTESIAN_POINT('',(-0.478815233439663,-1.78696277863478,6.9));
#8353=CARTESIAN_POINT('',(-0.418193455174752,-1.75196277863478,6.9));
#8354=CARTESIAN_POINT('',(-1.07226722777231,-0.619073772597558,6.9));
#8355=CARTESIAN_POINT('',(0.875502525316942,-0.875502525316945,6.9));
#8356=CARTESIAN_POINT('',(-0.0494974746830577,-1.80050252531694,6.9));
#8357=CARTESIAN_POINT('',(6.20028117390148E-16,-1.85,6.9));
#8358=CARTESIAN_POINT('',(0.0494974746830589,-1.80050252531694,6.9));
#8359=CARTESIAN_POINT('',(-0.875502525316942,-0.875502525316943,6.9));
#8360=CARTESIAN_POINT('',(1.07226722777231,-0.619073772597558,6.9));
#8361=CARTESIAN_POINT('',(0.418193455174753,-1.75196277863478,6.9));
#8362=CARTESIAN_POINT('',(0.478815233439664,-1.78696277863478,6.9));
#8363=CARTESIAN_POINT('',(0.513815233439664,-1.72634100036987,6.9));
#8364=CARTESIAN_POINT('',(-0.619073772597556,-1.07226722777231,6.9));
#8365=CARTESIAN_POINT('',(1.19595869066037,-0.320456165343431,6.9));
#8366=CARTESIAN_POINT('',(0.857385192159766,-1.58402966384404,6.9));
#8367=CARTESIAN_POINT('',(0.925,-1.60214699700121,6.9));
#8368=CARTESIAN_POINT('',(0.943117333157177,-1.53453218916098,6.9));
#8369=CARTESIAN_POINT('',(-0.320456165343427,-1.19595869066037,6.9));
#8370=CARTESIAN_POINT('',(1.23814754519511,-1.02271204629144E-15,6.9));
#8371=CARTESIAN_POINT('',(1.23814754519511,-1.30814754519511,6.9));
#8372=CARTESIAN_POINT('',(1.30814754519511,-1.30814754519511,6.9));
#8373=CARTESIAN_POINT('',(1.30814754519511,-1.23814754519511,6.9));
#8374=CARTESIAN_POINT('',(1.02271204629144E-15,-1.23814754519511,6.9));
#8375=CARTESIAN_POINT('',(1.19595869066037,0.320456165343428,6.9));
#8376=CARTESIAN_POINT('',(1.53453218916098,-0.943117333157176,6.9));
#8377=CARTESIAN_POINT('',(1.60214699700121,-0.925,6.9));
#8378=CARTESIAN_POINT('',(1.58402966384404,-0.857385192159765,6.9));
#8379=CARTESIAN_POINT('',(0.32045616534343,-1.19595869066037,6.9));
#8380=CARTESIAN_POINT('',(1.07226722777231,0.619073772597556,6.9));
#8381=CARTESIAN_POINT('',(0.,0.,6.9));
#8382=CARTESIAN_POINT('',(-1.81659021245849,-0.35,6.9));
#8383=CARTESIAN_POINT('',(-1.83442372907099,-0.35,6.88248854500975));
#8384=CARTESIAN_POINT('',(-1.85225263479841,-0.35,6.86497239525398));
#8385=CARTESIAN_POINT('',(-1.87007730774115,-0.35,6.84745193571143));
#8386=CARTESIAN_POINT('',(-1.87007730774112,-0.35,6.8474519357114));
#8387=CARTESIAN_POINT('',(-1.87007730774112,-0.35,6.8474519357114));
#8388=CARTESIAN_POINT('',(-1.84996269764689,-0.361613175552551,6.86508684600758));
#8389=CARTESIAN_POINT('',(-1.82977355634062,-0.373269381720431,6.88260720189415));
#8390=CARTESIAN_POINT('',(-1.8095014235892,-0.38497350302151,6.9));
#8391=CARTESIAN_POINT('',(0.,0.,6.9));
#8392=CARTESIAN_POINT('',(-1.78696277863478,0.478815233439662,6.9));
#8393=CARTESIAN_POINT('',(-1.75196277863478,0.418193455174752,6.9));
#8394=CARTESIAN_POINT('',(-1.72634100036987,0.513815233439663,6.9));
#8395=CARTESIAN_POINT('',(-0.619073772597556,1.07226722777231,6.9));
#8396=CARTESIAN_POINT('',(2.,0.35,6.9));
#8397=CARTESIAN_POINT('',(1.81659021245849,0.35,6.9));
#8398=CARTESIAN_POINT('',(0.,0.,6.9));
#8399=CARTESIAN_POINT('',(1.8095014235892,0.384973503021509,6.9));
#8400=CARTESIAN_POINT('',(0.619073772597559,1.07226722777231,6.9));
#8401=CARTESIAN_POINT('',(1.75196277863478,0.418193455174753,6.9));
#8402=CARTESIAN_POINT('',(1.78696277863478,0.478815233439664,6.9));
#8403=CARTESIAN_POINT('',(1.72634100036987,0.513815233439664,6.9));
#8404=CARTESIAN_POINT('',(1.07226722777231,-0.619073772597557,6.9));
#8405=CARTESIAN_POINT('',(0.320456165343431,1.19595869066037,6.9));
#8406=CARTESIAN_POINT('',(1.58402966384403,0.857385192159765,6.9));
#8407=CARTESIAN_POINT('',(1.60214699700121,0.925,6.9));
#8408=CARTESIAN_POINT('',(1.53453218916098,0.943117333157177,6.9));
#8409=CARTESIAN_POINT('',(1.19595869066037,-0.32045616534343,6.9));
#8410=CARTESIAN_POINT('',(1.02271204629144E-15,1.23814754519511,6.9));
#8411=CARTESIAN_POINT('',(1.30814754519511,1.23814754519511,6.9));
#8412=CARTESIAN_POINT('',(1.30814754519511,1.30814754519511,6.9));
#8413=CARTESIAN_POINT('',(1.23814754519511,1.30814754519511,6.9));
#8414=CARTESIAN_POINT('',(1.23814754519511,0.,6.9));
#8415=CARTESIAN_POINT('',(-0.320456165343429,1.19595869066037,6.9));
#8416=CARTESIAN_POINT('',(0.943117333157176,1.53453218916098,6.9));
#8417=CARTESIAN_POINT('',(0.925,1.60214699700121,6.9));
#8418=CARTESIAN_POINT('',(0.857385192159765,1.58402966384404,6.9));
#8419=CARTESIAN_POINT('',(1.19595869066037,0.32045616534343,6.9));
#8420=CARTESIAN_POINT('',(-0.619073772597556,1.07226722777231,6.9));
#8421=CARTESIAN_POINT('',(0.513815233439663,1.72634100036987,6.9));
#8422=CARTESIAN_POINT('',(0.478815233439664,1.78696277863478,6.9));
#8423=CARTESIAN_POINT('',(0.418193455174753,1.75196277863478,6.9));
#8424=CARTESIAN_POINT('',(1.07226722777231,0.619073772597557,6.9));
#8425=CARTESIAN_POINT('',(-0.875502525316942,0.875502525316944,6.9));
#8426=CARTESIAN_POINT('',(0.0494974746830582,1.80050252531694,6.9));
#8427=CARTESIAN_POINT('',(-4.40457132572236E-17,1.85,6.9));
#8428=CARTESIAN_POINT('',(-0.0494974746830584,1.80050252531694,6.9));
#8429=CARTESIAN_POINT('',(0.875502525316942,0.875502525316944,6.9));
#8430=CARTESIAN_POINT('',(-1.07226722777231,0.619073772597556,6.9));
#8431=CARTESIAN_POINT('',(-0.418193455174754,1.75196277863478,6.9));
#8432=CARTESIAN_POINT('',(-0.478815233439665,1.78696277863478,6.9));
#8433=CARTESIAN_POINT('',(-0.513815233439665,1.72634100036987,6.9));
#8434=CARTESIAN_POINT('',(0.619073772597556,1.07226722777231,6.9));
#8435=CARTESIAN_POINT('',(-1.19595869066037,0.320456165343428,6.9));
#8436=CARTESIAN_POINT('',(-0.857385192159766,1.58402966384404,6.9));
#8437=CARTESIAN_POINT('',(-0.925000000000001,1.60214699700121,6.9));
#8438=CARTESIAN_POINT('',(-0.943117333157178,1.53453218916098,6.9));
#8439=CARTESIAN_POINT('',(0.320456165343428,1.19595869066037,6.9));
#8440=CARTESIAN_POINT('',(-1.23814754519511,-1.02271204629144E-15,6.9));
#8441=CARTESIAN_POINT('',(-1.23814754519511,1.30814754519511,6.9));
#8442=CARTESIAN_POINT('',(-1.30814754519511,1.30814754519511,6.9));
#8443=CARTESIAN_POINT('',(-1.30814754519511,1.23814754519511,6.9));
#8444=CARTESIAN_POINT('',(0.,1.23814754519511,6.9));
#8445=CARTESIAN_POINT('',(-1.19595869066037,-0.32045616534343,6.9));
#8446=CARTESIAN_POINT('',(-1.53453218916098,0.943117333157176,6.9));
#8447=CARTESIAN_POINT('',(-1.60214699700121,0.924999999999999,6.9));
#8448=CARTESIAN_POINT('',(-1.58402966384404,0.857385192159764,6.9));
#8449=CARTESIAN_POINT('',(-0.320456165343429,1.19595869066037,6.9));
#8450=CARTESIAN_POINT('',(-1.07226722777231,-0.619073772597556,6.9));
#8451=CARTESIAN_POINT('',(0.,0.,6.9));
#8452=CARTESIAN_POINT('',(1.81659021245849,0.35,6.9));
#8453=CARTESIAN_POINT('',(1.83442372907099,0.35,6.88248854500975));
#8454=CARTESIAN_POINT('',(1.85225263479841,0.35,6.86497239525398));
#8455=CARTESIAN_POINT('',(1.87007730774115,0.35,6.84745193571144));
#8456=CARTESIAN_POINT('',(1.87007730774112,0.35,6.84745193571141));
#8457=CARTESIAN_POINT('',(1.87007730774112,0.35,6.84745193571141));
#8458=CARTESIAN_POINT('',(1.84996269764688,0.361613175552551,6.86508684600758));
#8459=CARTESIAN_POINT('',(1.82977355634062,0.373269381720431,6.88260720189416));
#8460=CARTESIAN_POINT('',(1.8095014235892,0.384973503021509,6.9));
#8461=CARTESIAN_POINT('',(0.,0.,-1.8));
#8462=CARTESIAN_POINT('',(1.82550866587953,0.685578668570392,-1.8));
#8463=CARTESIAN_POINT('',(1.82550866587953,0.685578668570392,0.));
#8464=CARTESIAN_POINT('',(0.,0.,8.67361737988404E-16));
#8465=CARTESIAN_POINT('',(1.82550866587953,-0.685578668570392,0.));
#8466=CARTESIAN_POINT('',(1.82550866587953,-0.685578668570391,-1.8));
#8467=CARTESIAN_POINT('',(1.77560688234119,-0.806052231175252,-1.8));
#8468=CARTESIAN_POINT('',(1.77560688234119,-0.806052231175251,0.));
#8469=CARTESIAN_POINT('',(0.,0.,0.));
#8470=CARTESIAN_POINT('',(1.58586515014549,-1.13469455165433,0.));
#8471=CARTESIAN_POINT('',(1.58586515014549,-1.13469455165433,-1.8));
#8472=CARTESIAN_POINT('',(1.50648287621443,-1.23814754519511,-1.8));
#8473=CARTESIAN_POINT('',(1.50648287621443,-1.23814754519511,0.));
#8474=CARTESIAN_POINT('',(0.,0.,0.));
#8475=CARTESIAN_POINT('',(1.23814754519511,-1.50648287621443,0.));
#8476=CARTESIAN_POINT('',(1.23814754519511,-1.50648287621443,-1.8));
#8477=CARTESIAN_POINT('',(1.13469455165433,-1.58586515014549,-1.8));
#8478=CARTESIAN_POINT('',(1.13469455165433,-1.58586515014549,0.));
#8479=CARTESIAN_POINT('',(0.,0.,0.));
#8480=CARTESIAN_POINT('',(0.806052231175252,-1.77560688234119,0.));
#8481=CARTESIAN_POINT('',(0.806052231175253,-1.77560688234119,-1.8));
#8482=CARTESIAN_POINT('',(0.685578668570393,-1.82550866587953,-1.8));
#8483=CARTESIAN_POINT('',(0.685578668570393,-1.82550866587953,0.));
#8484=CARTESIAN_POINT('',(0.,0.,0.));
#8485=CARTESIAN_POINT('',(0.319025789665092,-1.9237262137655,0.));
#8486=CARTESIAN_POINT('',(0.319025789665093,-1.9237262137655,-1.8));
#8487=CARTESIAN_POINT('',(0.1897417321957,-1.94074678282958,-1.8));
#8488=CARTESIAN_POINT('',(0.1897417321957,-1.94074678282958,0.));
#8489=CARTESIAN_POINT('',(0.,0.,0.));
#8490=CARTESIAN_POINT('',(-0.189741732195699,-1.94074678282958,0.));
#8491=CARTESIAN_POINT('',(-0.189741732195699,-1.94074678282958,-1.8));
#8492=CARTESIAN_POINT('',(-0.319025789665092,-1.9237262137655,-1.8));
#8493=CARTESIAN_POINT('',(-0.319025789665091,-1.9237262137655,0.));
#8494=CARTESIAN_POINT('',(0.,0.,0.));
#8495=CARTESIAN_POINT('',(-0.685578668570391,-1.82550866587953,0.));
#8496=CARTESIAN_POINT('',(-0.685578668570391,-1.82550866587953,-1.8));
#8497=CARTESIAN_POINT('',(-0.806052231175251,-1.77560688234119,-1.8));
#8498=CARTESIAN_POINT('',(-0.806052231175252,-1.77560688234119,0.));
#8499=CARTESIAN_POINT('',(0.,0.,0.));
#8500=CARTESIAN_POINT('',(-1.13469455165433,-1.58586515014549,0.));
#8501=CARTESIAN_POINT('',(-1.13469455165433,-1.58586515014549,-1.8));
#8502=CARTESIAN_POINT('',(-1.23814754519511,-1.50648287621443,-1.8));
#8503=CARTESIAN_POINT('',(-1.23814754519511,-1.50648287621443,0.));
#8504=CARTESIAN_POINT('',(0.,0.,0.));
#8505=CARTESIAN_POINT('',(-1.50648287621443,-1.23814754519511,0.));
#8506=CARTESIAN_POINT('',(-1.50648287621443,-1.23814754519511,-1.8));
#8507=CARTESIAN_POINT('',(-1.58586515014549,-1.13469455165433,-1.8));
#8508=CARTESIAN_POINT('',(-1.58586515014549,-1.13469455165433,0.));
#8509=CARTESIAN_POINT('',(0.,0.,0.));
#8510=CARTESIAN_POINT('',(-1.77560688234119,-0.806052231175253,0.));
#8511=CARTESIAN_POINT('',(-1.77560688234119,-0.806052231175253,-1.8));
#8512=CARTESIAN_POINT('',(-1.82550866587953,-0.685578668570392,-1.8));
#8513=CARTESIAN_POINT('',(-1.82550866587953,-0.685578668570393,0.));
#8514=CARTESIAN_POINT('',(0.,0.,0.));
#8515=CARTESIAN_POINT('',(-1.9237262137655,-0.319025789665093,0.));
#8516=CARTESIAN_POINT('',(-1.9237262137655,-0.319025789665093,-1.8));
#8517=CARTESIAN_POINT('',(-1.9237262137655,-0.319025789665093,5.9));
#8518=CARTESIAN_POINT('',(0.,0.,5.9));
#8519=CARTESIAN_POINT('',(-1.94074678282958,-0.1897417321957,5.9));
#8520=CARTESIAN_POINT('',(-1.94074678282958,-0.1897417321957,-1.8));
#8521=CARTESIAN_POINT('',(-1.94074678282958,-0.1897417321957,0.));
#8522=CARTESIAN_POINT('',(0.,0.,0.));
#8523=CARTESIAN_POINT('',(-1.94074678282958,0.189741732195698,0.));
#8524=CARTESIAN_POINT('',(-1.94074678282958,0.189741732195698,-1.8));
#8525=CARTESIAN_POINT('',(-1.94074678282958,0.189741732195698,5.9));
#8526=CARTESIAN_POINT('',(0.,0.,5.9));
#8527=CARTESIAN_POINT('',(-1.9237262137655,0.319025789665091,5.9));
#8528=CARTESIAN_POINT('',(-1.9237262137655,0.319025789665091,-1.8));
#8529=CARTESIAN_POINT('',(-1.92372621376551,0.319025789665092,0.));
#8530=CARTESIAN_POINT('',(0.,0.,0.));
#8531=CARTESIAN_POINT('',(-1.82550866587953,0.685578668570391,0.));
#8532=CARTESIAN_POINT('',(-1.82550866587953,0.685578668570391,-1.8));
#8533=CARTESIAN_POINT('',(-1.77560688234119,0.806052231175252,-1.8));
#8534=CARTESIAN_POINT('',(-1.77560688234119,0.806052231175251,0.));
#8535=CARTESIAN_POINT('',(0.,0.,0.));
#8536=CARTESIAN_POINT('',(-1.58586515014549,1.13469455165433,0.));
#8537=CARTESIAN_POINT('',(-1.58586515014549,1.13469455165433,-1.8));
#8538=CARTESIAN_POINT('',(-1.50648287621443,1.23814754519511,-1.8));
#8539=CARTESIAN_POINT('',(-1.50648287621443,1.23814754519511,0.));
#8540=CARTESIAN_POINT('',(0.,0.,0.));
#8541=CARTESIAN_POINT('',(-1.23814754519511,1.50648287621443,0.));
#8542=CARTESIAN_POINT('',(-1.23814754519511,1.50648287621443,-1.8));
#8543=CARTESIAN_POINT('',(-1.13469455165433,1.58586515014549,-1.8));
#8544=CARTESIAN_POINT('',(-1.13469455165433,1.58586515014549,0.));
#8545=CARTESIAN_POINT('',(0.,0.,0.));
#8546=CARTESIAN_POINT('',(-0.806052231175253,1.77560688234119,0.));
#8547=CARTESIAN_POINT('',(-0.806052231175253,1.77560688234119,-1.8));
#8548=CARTESIAN_POINT('',(-0.685578668570392,1.82550866587953,-1.8));
#8549=CARTESIAN_POINT('',(-0.685578668570393,1.82550866587953,0.));
#8550=CARTESIAN_POINT('',(0.,0.,0.));
#8551=CARTESIAN_POINT('',(-0.319025789665093,1.9237262137655,0.));
#8552=CARTESIAN_POINT('',(-0.319025789665094,1.9237262137655,-1.8));
#8553=CARTESIAN_POINT('',(-0.1897417321957,1.94074678282958,-1.8));
#8554=CARTESIAN_POINT('',(-0.1897417321957,1.94074678282958,0.));
#8555=CARTESIAN_POINT('',(0.,0.,0.));
#8556=CARTESIAN_POINT('',(0.1897417321957,1.94074678282958,0.));
#8557=CARTESIAN_POINT('',(0.1897417321957,1.94074678282958,-1.8));
#8558=CARTESIAN_POINT('',(0.319025789665092,1.9237262137655,-1.8));
#8559=CARTESIAN_POINT('',(0.319025789665092,1.9237262137655,0.));
#8560=CARTESIAN_POINT('',(0.,0.,0.));
#8561=CARTESIAN_POINT('',(0.685578668570392,1.82550866587953,0.));
#8562=CARTESIAN_POINT('',(0.685578668570392,1.82550866587953,-1.8));
#8563=CARTESIAN_POINT('',(0.806052231175252,1.77560688234119,-1.8));
#8564=CARTESIAN_POINT('',(0.806052231175252,1.77560688234119,0.));
#8565=CARTESIAN_POINT('',(0.,0.,0.));
#8566=CARTESIAN_POINT('',(1.13469455165433,1.58586515014549,0.));
#8567=CARTESIAN_POINT('',(1.13469455165433,1.58586515014549,-1.8));
#8568=CARTESIAN_POINT('',(1.23814754519511,1.50648287621443,-1.8));
#8569=CARTESIAN_POINT('',(1.23814754519511,1.50648287621443,0.));
#8570=CARTESIAN_POINT('',(0.,0.,0.));
#8571=CARTESIAN_POINT('',(1.50648287621443,1.23814754519511,0.));
#8572=CARTESIAN_POINT('',(1.50648287621443,1.23814754519511,-1.8));
#8573=CARTESIAN_POINT('',(1.58586515014549,1.13469455165433,-1.8));
#8574=CARTESIAN_POINT('',(1.58586515014549,1.13469455165433,0.));
#8575=CARTESIAN_POINT('',(0.,0.,0.));
#8576=CARTESIAN_POINT('',(1.77560688234119,0.806052231175252,0.));
#8577=CARTESIAN_POINT('',(1.77560688234119,0.806052231175252,-1.8));
#8578=CARTESIAN_POINT('',(0.,0.,-1.8));
#8579=CARTESIAN_POINT('',(-1.95,0.,-1.8));
#8580=CARTESIAN_POINT('',(0.,1.95,-1.8));
#8581=CARTESIAN_POINT('',(-2.,-0.35,5.9));
#8582=CARTESIAN_POINT('',(1.87007730774112,-0.35,5.9));
#8583=CARTESIAN_POINT('',(1.87007730774112,-0.35,0.));
#8584=CARTESIAN_POINT('',(1.4,-0.35,8.67361737988404E-16));
#8585=CARTESIAN_POINT('',(1.4,-0.35,8.67361737988404E-16));
#8586=CARTESIAN_POINT('',(1.4,-0.35,8.67361737988404E-16));
#8587=CARTESIAN_POINT('',(1.4,-0.35,5.9));
#8588=CARTESIAN_POINT('',(-2.,-0.35,5.9));
#8589=CARTESIAN_POINT('',(-1.87007730774112,-0.35,5.9));
#8590=CARTESIAN_POINT('',(-1.87007730774112,-0.35,5.9));
#8591=CARTESIAN_POINT('',(2.,0.35,5.9));
#8592=CARTESIAN_POINT('',(-1.87007730774112,0.35,5.9));
#8593=CARTESIAN_POINT('',(-1.87007730774112,0.35,5.9));
#8594=CARTESIAN_POINT('',(2.,0.35,5.9));
#8595=CARTESIAN_POINT('',(1.4,0.35,5.9));
#8596=CARTESIAN_POINT('',(1.4,0.35,8.67361737988404E-16));
#8597=CARTESIAN_POINT('',(1.4,0.35,8.67361737988404E-16));
#8598=CARTESIAN_POINT('',(2.4,0.35,8.67361737988404E-16));
#8599=CARTESIAN_POINT('',(1.87007730774112,0.35,8.67361737988404E-16));
#8600=CARTESIAN_POINT('',(1.87007730774112,0.35,5.9));
#8601=CARTESIAN_POINT('',(0.,0.,5.9));
#8602=CARTESIAN_POINT('',(-0.619073772597556,1.07226722777231,5.9));
#8603=CARTESIAN_POINT('',(-0.875502525316943,-0.875502525316942,5.9));
#8604=CARTESIAN_POINT('',(-1.80050252531694,0.0494974746830575,5.9));
#8605=CARTESIAN_POINT('',(-1.85,-1.14518854468781E-15,5.9));
#8606=CARTESIAN_POINT('',(-1.80050252531694,-0.0494974746830594,5.9));
#8607=CARTESIAN_POINT('',(-0.875502525316942,0.875502525316941,5.9));
#8608=CARTESIAN_POINT('',(-0.619073772597557,-1.07226722777231,5.9));
#8609=CARTESIAN_POINT('',(1.4,0.,5.9));
#8610=CARTESIAN_POINT('',(0.,0.,8.67361737988404E-16));
#8611=CARTESIAN_POINT('',(1.72634100036987,0.513815233439664,0.));
#8612=CARTESIAN_POINT('',(1.72634100036987,0.513815233439664,0.));
#8613=CARTESIAN_POINT('',(1.78696277863478,0.478815233439664,0.));
#8614=CARTESIAN_POINT('',(1.75196277863478,0.418193455174753,0.));
#8615=CARTESIAN_POINT('',(1.97931014626409,0.286934391274414,0.));
#8616=CARTESIAN_POINT('',(1.4,0.35,8.67361737988404E-16));
#8617=CARTESIAN_POINT('',(1.75196277863478,-0.418193455174752,0.));
#8618=CARTESIAN_POINT('',(1.75196277863478,-0.418193455174752,0.));
#8619=CARTESIAN_POINT('',(1.78696277863478,-0.478815233439663,0.));
#8620=CARTESIAN_POINT('',(1.72634100036987,-0.513815233439663,0.));
#8621=CARTESIAN_POINT('',(1.8576000642702,-0.741162601068979,0.));
#8622=CARTESIAN_POINT('',(1.4,0.35,8.67361737988404E-16));
#8623=CARTESIAN_POINT('',(-1.9861308736692,0.235125823035312,7.3));
#8624=CARTESIAN_POINT('',(-1.9861308736692,0.235125823035312,0.));
#8625=CARTESIAN_POINT('',(-1.80050252531694,0.0494974746830576,0.));
#8626=CARTESIAN_POINT('',(-1.80050252531694,0.0494974746830576,7.3));
#8627=CARTESIAN_POINT('',(-1.85,-1.14518854468781E-15,7.3));
#8628=CARTESIAN_POINT('',(-1.85,-1.14518854468781E-15,0.));
#8629=CARTESIAN_POINT('',(-1.80050252531694,-0.0494974746830594,0.));
#8630=CARTESIAN_POINT('',(-1.80050252531694,-0.0494974746830594,7.3));
#8631=CARTESIAN_POINT('',(-1.80050252531694,-0.0494974746830594,7.3));
#8632=CARTESIAN_POINT('',(-1.80050252531694,-0.0494974746830594,0.));
#8633=CARTESIAN_POINT('',(0.,0.,0.));
#8634=CARTESIAN_POINT('',(-1.97931014626409,-0.286934391274416,7.3));
#8635=CARTESIAN_POINT('',(-1.97931014626409,-0.286934391274416,0.));
#8636=CARTESIAN_POINT('',(-1.75196277863478,-0.418193455174753,0.));
#8637=CARTESIAN_POINT('',(-1.75196277863478,-0.418193455174753,7.3));
#8638=CARTESIAN_POINT('',(0.,0.,0.));
#8639=CARTESIAN_POINT('',(-1.72634100036987,-0.513815233439664,0.));
#8640=CARTESIAN_POINT('',(-1.72634100036987,-0.513815233439665,0.));
#8641=CARTESIAN_POINT('',(-1.78696277863478,-0.478815233439665,0.));
#8642=CARTESIAN_POINT('',(-1.72634100036987,-0.513815233439664,7.3));
#8643=CARTESIAN_POINT('',(-1.72634100036987,-0.513815233439665,7.3));
#8644=CARTESIAN_POINT('',(-1.78696277863478,-0.478815233439665,7.3));
#8645=CARTESIAN_POINT('',(-1.75196277863478,0.418193455174752,7.3));
#8646=CARTESIAN_POINT('',(-1.75196277863478,0.418193455174752,7.3));
#8647=CARTESIAN_POINT('',(-1.75196277863478,0.418193455174752,0.));
#8648=CARTESIAN_POINT('',(-1.75196277863478,0.418193455174752,0.));
#8649=CARTESIAN_POINT('',(0.,0.,0.));
#8650=CARTESIAN_POINT('',(-1.78696277863478,0.478815233439662,0.));
#8651=CARTESIAN_POINT('',(-1.72634100036987,0.513815233439663,0.));
#8652=CARTESIAN_POINT('',(-1.8576000642702,0.741162601068978,0.));
#8653=CARTESIAN_POINT('',(-1.8576000642702,0.741162601068978,7.3));
#8654=CARTESIAN_POINT('',(-1.72634100036987,0.513815233439663,7.3));
#8655=CARTESIAN_POINT('',(-1.78696277863478,0.478815233439662,7.3));
#8656=CARTESIAN_POINT('',(1.97931014626409,0.286934391274414,7.3));
#8657=CARTESIAN_POINT('',(1.75196277863478,0.418193455174753,7.3));
#8658=CARTESIAN_POINT('',(1.72634100036987,0.513815233439664,7.3));
#8659=CARTESIAN_POINT('',(1.72634100036987,0.513815233439664,7.3));
#8660=CARTESIAN_POINT('',(1.78696277863478,0.478815233439664,7.3));
#8661=CARTESIAN_POINT('',(1.75196277863478,-0.418193455174752,7.3));
#8662=CARTESIAN_POINT('',(1.75196277863478,-0.418193455174752,7.3));
#8663=CARTESIAN_POINT('',(1.8576000642702,-0.741162601068979,7.3));
#8664=CARTESIAN_POINT('',(1.72634100036987,-0.513815233439663,7.3));
#8665=CARTESIAN_POINT('',(1.78696277863478,-0.478815233439663,7.3));
#8666=CARTESIAN_POINT('',(0.,0.,0.));
#8667=CARTESIAN_POINT('',(1.58402966384404,-0.857385192159765,0.));
#8668=CARTESIAN_POINT('',(1.58402966384404,-0.857385192159765,0.));
#8669=CARTESIAN_POINT('',(1.60214699700121,-0.925,0.));
#8670=CARTESIAN_POINT('',(1.53453218916098,-0.943117333157176,0.));
#8671=CARTESIAN_POINT('',(1.60247688032045,-1.1966903726689,0.));
#8672=CARTESIAN_POINT('',(1.60247688032045,-1.1966903726689,7.3));
#8673=CARTESIAN_POINT('',(1.53453218916098,-0.943117333157176,7.3));
#8674=CARTESIAN_POINT('',(1.58402966384404,-0.857385192159765,7.3));
#8675=CARTESIAN_POINT('',(1.58402966384404,-0.857385192159765,7.3));
#8676=CARTESIAN_POINT('',(1.60214699700121,-0.925,7.3));
#8677=CARTESIAN_POINT('',(0.,0.,0.));
#8678=CARTESIAN_POINT('',(1.30814754519511,-1.23814754519511,0.));
#8679=CARTESIAN_POINT('',(1.30814754519511,-1.23814754519511,0.));
#8680=CARTESIAN_POINT('',(1.30814754519511,-1.30814754519511,0.));
#8681=CARTESIAN_POINT('',(1.23814754519511,-1.30814754519511,0.));
#8682=CARTESIAN_POINT('',(1.23814754519511,-1.57066567299579,0.));
#8683=CARTESIAN_POINT('',(1.23814754519511,-1.57066567299579,7.3));
#8684=CARTESIAN_POINT('',(1.23814754519511,-1.30814754519511,7.3));
#8685=CARTESIAN_POINT('',(1.30814754519511,-1.23814754519511,7.3));
#8686=CARTESIAN_POINT('',(1.30814754519511,-1.23814754519511,7.3));
#8687=CARTESIAN_POINT('',(1.30814754519511,-1.30814754519511,7.3));
#8688=CARTESIAN_POINT('',(0.,0.,0.));
#8689=CARTESIAN_POINT('',(0.943117333157177,-1.53453218916098,0.));
#8690=CARTESIAN_POINT('',(0.943117333157177,-1.53453218916098,0.));
#8691=CARTESIAN_POINT('',(0.925,-1.60214699700121,0.));
#8692=CARTESIAN_POINT('',(0.857385192159766,-1.58402966384404,0.));
#8693=CARTESIAN_POINT('',(0.789440501000293,-1.83760270335576,0.));
#8694=CARTESIAN_POINT('',(0.789440501000293,-1.83760270335576,7.3));
#8695=CARTESIAN_POINT('',(0.857385192159766,-1.58402966384404,7.3));
#8696=CARTESIAN_POINT('',(0.943117333157177,-1.53453218916098,7.3));
#8697=CARTESIAN_POINT('',(0.943117333157177,-1.53453218916098,7.3));
#8698=CARTESIAN_POINT('',(0.925,-1.60214699700121,7.3));
#8699=CARTESIAN_POINT('',(0.,0.,0.));
#8700=CARTESIAN_POINT('',(0.513815233439664,-1.72634100036987,0.));
#8701=CARTESIAN_POINT('',(0.513815233439664,-1.72634100036987,0.));
#8702=CARTESIAN_POINT('',(0.478815233439664,-1.78696277863478,0.));
#8703=CARTESIAN_POINT('',(0.418193455174753,-1.75196277863478,0.));
#8704=CARTESIAN_POINT('',(0.286934391274415,-1.97931014626409,0.));
#8705=CARTESIAN_POINT('',(0.286934391274415,-1.97931014626409,7.3));
#8706=CARTESIAN_POINT('',(0.418193455174753,-1.75196277863478,7.3));
#8707=CARTESIAN_POINT('',(0.513815233439664,-1.72634100036987,7.3));
#8708=CARTESIAN_POINT('',(0.513815233439664,-1.72634100036987,7.3));
#8709=CARTESIAN_POINT('',(0.478815233439664,-1.78696277863478,7.3));
#8710=CARTESIAN_POINT('',(0.,0.,0.));
#8711=CARTESIAN_POINT('',(0.0494974746830589,-1.80050252531694,0.));
#8712=CARTESIAN_POINT('',(0.0494974746830589,-1.80050252531694,0.));
#8713=CARTESIAN_POINT('',(6.20028117390148E-16,-1.85,0.));
#8714=CARTESIAN_POINT('',(-0.0494974746830577,-1.80050252531694,0.));
#8715=CARTESIAN_POINT('',(-0.235125823035313,-1.9861308736692,0.));
#8716=CARTESIAN_POINT('',(-0.235125823035313,-1.9861308736692,7.3));
#8717=CARTESIAN_POINT('',(-0.0494974746830577,-1.80050252531694,7.3));
#8718=CARTESIAN_POINT('',(0.0494974746830589,-1.80050252531694,7.3));
#8719=CARTESIAN_POINT('',(0.0494974746830589,-1.80050252531694,7.3));
#8720=CARTESIAN_POINT('',(6.20028117390148E-16,-1.85,7.3));
#8721=CARTESIAN_POINT('',(0.,0.,0.));
#8722=CARTESIAN_POINT('',(-0.418193455174752,-1.75196277863478,0.));
#8723=CARTESIAN_POINT('',(-0.418193455174752,-1.75196277863478,0.));
#8724=CARTESIAN_POINT('',(-0.478815233439663,-1.78696277863478,0.));
#8725=CARTESIAN_POINT('',(-0.513815233439663,-1.72634100036987,0.));
#8726=CARTESIAN_POINT('',(-0.741162601068978,-1.8576000642702,0.));
#8727=CARTESIAN_POINT('',(-0.741162601068978,-1.8576000642702,7.3));
#8728=CARTESIAN_POINT('',(-0.513815233439663,-1.72634100036987,7.3));
#8729=CARTESIAN_POINT('',(-0.418193455174752,-1.75196277863478,7.3));
#8730=CARTESIAN_POINT('',(-0.418193455174752,-1.75196277863478,7.3));
#8731=CARTESIAN_POINT('',(-0.478815233439663,-1.78696277863478,7.3));
#8732=CARTESIAN_POINT('',(0.,0.,0.));
#8733=CARTESIAN_POINT('',(-0.857385192159765,-1.58402966384404,0.));
#8734=CARTESIAN_POINT('',(-0.857385192159765,-1.58402966384404,0.));
#8735=CARTESIAN_POINT('',(-0.924999999999999,-1.60214699700121,0.));
#8736=CARTESIAN_POINT('',(-0.943117333157176,-1.53453218916098,0.));
#8737=CARTESIAN_POINT('',(-1.1966903726689,-1.60247688032045,0.));
#8738=CARTESIAN_POINT('',(-1.1966903726689,-1.60247688032045,7.3));
#8739=CARTESIAN_POINT('',(-0.943117333157176,-1.53453218916098,7.3));
#8740=CARTESIAN_POINT('',(-0.857385192159765,-1.58402966384404,7.3));
#8741=CARTESIAN_POINT('',(-0.857385192159765,-1.58402966384404,7.3));
#8742=CARTESIAN_POINT('',(-0.924999999999999,-1.60214699700121,7.3));
#8743=CARTESIAN_POINT('',(0.,0.,0.));
#8744=CARTESIAN_POINT('',(-1.23814754519511,-1.30814754519511,0.));
#8745=CARTESIAN_POINT('',(-1.23814754519511,-1.30814754519511,0.));
#8746=CARTESIAN_POINT('',(-1.30814754519511,-1.30814754519511,0.));
#8747=CARTESIAN_POINT('',(-1.30814754519511,-1.23814754519511,0.));
#8748=CARTESIAN_POINT('',(-1.57066567299579,-1.23814754519511,0.));
#8749=CARTESIAN_POINT('',(-1.57066567299579,-1.23814754519511,7.3));
#8750=CARTESIAN_POINT('',(-1.30814754519511,-1.23814754519511,7.3));
#8751=CARTESIAN_POINT('',(-1.23814754519511,-1.30814754519511,7.3));
#8752=CARTESIAN_POINT('',(-1.23814754519511,-1.30814754519511,7.3));
#8753=CARTESIAN_POINT('',(-1.30814754519511,-1.30814754519511,7.3));
#8754=CARTESIAN_POINT('',(0.,0.,0.));
#8755=CARTESIAN_POINT('',(-1.53453218916098,-0.943117333157177,0.));
#8756=CARTESIAN_POINT('',(-1.53453218916098,-0.943117333157177,0.));
#8757=CARTESIAN_POINT('',(-1.60214699700121,-0.925000000000001,0.));
#8758=CARTESIAN_POINT('',(-1.58402966384404,-0.857385192159766,0.));
#8759=CARTESIAN_POINT('',(-1.83760270335576,-0.789440501000293,0.));
#8760=CARTESIAN_POINT('',(-1.83760270335576,-0.789440501000293,7.3));
#8761=CARTESIAN_POINT('',(-1.58402966384404,-0.857385192159766,7.3));
#8762=CARTESIAN_POINT('',(-1.53453218916098,-0.943117333157177,7.3));
#8763=CARTESIAN_POINT('',(-1.53453218916098,-0.943117333157177,7.3));
#8764=CARTESIAN_POINT('',(-1.60214699700121,-0.925000000000001,7.3));
#8765=CARTESIAN_POINT('',(0.,0.,0.));
#8766=CARTESIAN_POINT('',(-1.58402966384404,0.857385192159764,0.));
#8767=CARTESIAN_POINT('',(-1.58402966384404,0.857385192159764,0.));
#8768=CARTESIAN_POINT('',(-1.60214699700121,0.924999999999999,0.));
#8769=CARTESIAN_POINT('',(-1.53453218916098,0.943117333157176,0.));
#8770=CARTESIAN_POINT('',(-1.60247688032045,1.1966903726689,0.));
#8771=CARTESIAN_POINT('',(-1.60247688032045,1.1966903726689,7.3));
#8772=CARTESIAN_POINT('',(-1.53453218916098,0.943117333157176,7.3));
#8773=CARTESIAN_POINT('',(-1.58402966384404,0.857385192159764,7.3));
#8774=CARTESIAN_POINT('',(-1.58402966384404,0.857385192159764,7.3));
#8775=CARTESIAN_POINT('',(-1.60214699700121,0.924999999999999,7.3));
#8776=CARTESIAN_POINT('',(0.,0.,0.));
#8777=CARTESIAN_POINT('',(-1.30814754519511,1.23814754519511,0.));
#8778=CARTESIAN_POINT('',(-1.30814754519511,1.23814754519511,0.));
#8779=CARTESIAN_POINT('',(-1.30814754519511,1.30814754519511,0.));
#8780=CARTESIAN_POINT('',(-1.23814754519511,1.30814754519511,0.));
#8781=CARTESIAN_POINT('',(-1.23814754519511,1.57066567299579,0.));
#8782=CARTESIAN_POINT('',(-1.23814754519511,1.57066567299579,7.3));
#8783=CARTESIAN_POINT('',(-1.23814754519511,1.30814754519511,7.3));
#8784=CARTESIAN_POINT('',(-1.30814754519511,1.23814754519511,7.3));
#8785=CARTESIAN_POINT('',(-1.30814754519511,1.23814754519511,7.3));
#8786=CARTESIAN_POINT('',(-1.30814754519511,1.30814754519511,7.3));
#8787=CARTESIAN_POINT('',(0.,0.,0.));
#8788=CARTESIAN_POINT('',(-0.943117333157178,1.53453218916098,0.));
#8789=CARTESIAN_POINT('',(-0.943117333157178,1.53453218916098,0.));
#8790=CARTESIAN_POINT('',(-0.925000000000001,1.60214699700121,0.));
#8791=CARTESIAN_POINT('',(-0.857385192159766,1.58402966384404,0.));
#8792=CARTESIAN_POINT('',(-0.789440501000294,1.83760270335576,0.));
#8793=CARTESIAN_POINT('',(-0.789440501000294,1.83760270335576,7.3));
#8794=CARTESIAN_POINT('',(-0.857385192159766,1.58402966384404,7.3));
#8795=CARTESIAN_POINT('',(-0.943117333157178,1.53453218916098,7.3));
#8796=CARTESIAN_POINT('',(-0.943117333157178,1.53453218916098,7.3));
#8797=CARTESIAN_POINT('',(-0.925000000000001,1.60214699700121,7.3));
#8798=CARTESIAN_POINT('',(0.,0.,0.));
#8799=CARTESIAN_POINT('',(-0.513815233439665,1.72634100036987,0.));
#8800=CARTESIAN_POINT('',(-0.513815233439665,1.72634100036987,0.));
#8801=CARTESIAN_POINT('',(-0.478815233439665,1.78696277863478,0.));
#8802=CARTESIAN_POINT('',(-0.418193455174754,1.75196277863478,0.));
#8803=CARTESIAN_POINT('',(-0.286934391274416,1.97931014626409,0.));
#8804=CARTESIAN_POINT('',(-0.286934391274416,1.97931014626409,7.3));
#8805=CARTESIAN_POINT('',(-0.418193455174754,1.75196277863478,7.3));
#8806=CARTESIAN_POINT('',(-0.513815233439665,1.72634100036987,7.3));
#8807=CARTESIAN_POINT('',(-0.513815233439665,1.72634100036987,7.3));
#8808=CARTESIAN_POINT('',(-0.478815233439665,1.78696277863478,7.3));
#8809=CARTESIAN_POINT('',(0.,0.,0.));
#8810=CARTESIAN_POINT('',(-0.0494974746830583,1.80050252531694,0.));
#8811=CARTESIAN_POINT('',(-0.0494974746830584,1.80050252531694,0.));
#8812=CARTESIAN_POINT('',(-4.40457132572236E-17,1.85,0.));
#8813=CARTESIAN_POINT('',(0.0494974746830582,1.80050252531694,0.));
#8814=CARTESIAN_POINT('',(0.235125823035314,1.9861308736692,0.));
#8815=CARTESIAN_POINT('',(0.235125823035314,1.9861308736692,7.3));
#8816=CARTESIAN_POINT('',(0.0494974746830582,1.80050252531694,7.3));
#8817=CARTESIAN_POINT('',(-0.0494974746830583,1.80050252531694,7.3));
#8818=CARTESIAN_POINT('',(-0.0494974746830584,1.80050252531694,7.3));
#8819=CARTESIAN_POINT('',(-4.40457132572236E-17,1.85,7.3));
#8820=CARTESIAN_POINT('',(0.,0.,0.));
#8821=CARTESIAN_POINT('',(0.418193455174753,1.75196277863478,0.));
#8822=CARTESIAN_POINT('',(0.418193455174753,1.75196277863478,0.));
#8823=CARTESIAN_POINT('',(0.478815233439664,1.78696277863478,0.));
#8824=CARTESIAN_POINT('',(0.513815233439663,1.72634100036987,0.));
#8825=CARTESIAN_POINT('',(0.741162601068979,1.8576000642702,0.));
#8826=CARTESIAN_POINT('',(0.741162601068979,1.8576000642702,7.3));
#8827=CARTESIAN_POINT('',(0.513815233439663,1.72634100036987,7.3));
#8828=CARTESIAN_POINT('',(0.418193455174753,1.75196277863478,7.3));
#8829=CARTESIAN_POINT('',(0.418193455174753,1.75196277863478,7.3));
#8830=CARTESIAN_POINT('',(0.478815233439664,1.78696277863478,7.3));
#8831=CARTESIAN_POINT('',(0.,0.,0.));
#8832=CARTESIAN_POINT('',(0.857385192159765,1.58402966384404,0.));
#8833=CARTESIAN_POINT('',(0.857385192159765,1.58402966384404,0.));
#8834=CARTESIAN_POINT('',(0.925,1.60214699700121,0.));
#8835=CARTESIAN_POINT('',(0.943117333157176,1.53453218916098,0.));
#8836=CARTESIAN_POINT('',(1.1966903726689,1.60247688032045,0.));
#8837=CARTESIAN_POINT('',(1.1966903726689,1.60247688032045,7.3));
#8838=CARTESIAN_POINT('',(0.943117333157176,1.53453218916098,7.3));
#8839=CARTESIAN_POINT('',(0.857385192159765,1.58402966384404,7.3));
#8840=CARTESIAN_POINT('',(0.857385192159765,1.58402966384404,7.3));
#8841=CARTESIAN_POINT('',(0.925,1.60214699700121,7.3));
#8842=CARTESIAN_POINT('',(0.,0.,0.));
#8843=CARTESIAN_POINT('',(1.23814754519511,1.30814754519511,0.));
#8844=CARTESIAN_POINT('',(1.23814754519511,1.30814754519511,0.));
#8845=CARTESIAN_POINT('',(1.30814754519511,1.30814754519511,0.));
#8846=CARTESIAN_POINT('',(1.30814754519511,1.23814754519511,0.));
#8847=CARTESIAN_POINT('',(1.57066567299579,1.23814754519511,0.));
#8848=CARTESIAN_POINT('',(1.57066567299579,1.23814754519511,7.3));
#8849=CARTESIAN_POINT('',(1.30814754519511,1.23814754519511,7.3));
#8850=CARTESIAN_POINT('',(1.23814754519511,1.30814754519511,7.3));
#8851=CARTESIAN_POINT('',(1.23814754519511,1.30814754519511,7.3));
#8852=CARTESIAN_POINT('',(1.30814754519511,1.30814754519511,7.3));
#8853=CARTESIAN_POINT('',(1.60214699700121,0.925,7.3));
#8854=CARTESIAN_POINT('',(1.58402966384403,0.857385192159765,7.3));
#8855=CARTESIAN_POINT('',(1.58402966384403,0.857385192159765,0.));
#8856=CARTESIAN_POINT('',(1.60214699700121,0.925,0.));
#8857=CARTESIAN_POINT('',(1.53453218916098,0.943117333157177,0.));
#8858=CARTESIAN_POINT('',(1.53453218916098,0.943117333157177,7.3));
#8859=CARTESIAN_POINT('',(1.53453218916098,0.943117333157177,7.3));
#8860=CARTESIAN_POINT('',(1.53453218916098,0.943117333157177,0.));
#8861=CARTESIAN_POINT('',(1.83760270335576,0.789440501000292,7.3));
#8862=CARTESIAN_POINT('',(1.83760270335576,0.789440501000292,0.));
#8863=CARTESIAN_POINT('',(0.,0.,0.));
#8864=CARTESIAN_POINT('',(0.,0.,0.));
#8865=(
GEOMETRIC_REPRESENTATION_CONTEXT(3)
GLOBAL_UNCERTAINTY_ASSIGNED_CONTEXT((#8868))
GLOBAL_UNIT_ASSIGNED_CONTEXT((#8873,#8872,#8871))
REPRESENTATION_CONTEXT('SS-10-23NP-LE','TOP_LEVEL_ASSEMBLY_PART')
);
#8866=(
GEOMETRIC_REPRESENTATION_CONTEXT(3)
GLOBAL_UNCERTAINTY_ASSIGNED_CONTEXT((#8869))
GLOBAL_UNIT_ASSIGNED_CONTEXT((#8873,#8872,#8871))
REPRESENTATION_CONTEXT('SS-10-3-w/o-body','COMPONENT_PART')
);
#8867=(
GEOMETRIC_REPRESENTATION_CONTEXT(3)
GLOBAL_UNCERTAINTY_ASSIGNED_CONTEXT((#8870))
GLOBAL_UNIT_ASSIGNED_CONTEXT((#8873,#8872,#8871))
REPRESENTATION_CONTEXT('SS-10_3wkwo-knob','COMPONENT_PART')
);
#8868=UNCERTAINTY_MEASURE_WITH_UNIT(LENGTH_MEASURE(1.E-5),#8873,
'DISTANCE_ACCURACY_VALUE','Maximum Tolerance applied to model');
#8869=UNCERTAINTY_MEASURE_WITH_UNIT(LENGTH_MEASURE(1.E-5),#8873,
'DISTANCE_ACCURACY_VALUE','Maximum Tolerance applied to model');
#8870=UNCERTAINTY_MEASURE_WITH_UNIT(LENGTH_MEASURE(1.E-5),#8873,
'DISTANCE_ACCURACY_VALUE','Maximum Tolerance applied to model');
#8871=(
NAMED_UNIT(*)
SI_UNIT($,.STERADIAN.)
SOLID_ANGLE_UNIT()
);
#8872=(
NAMED_UNIT(*)
PLANE_ANGLE_UNIT()
SI_UNIT($,.RADIAN.)
);
#8873=(
LENGTH_UNIT()
NAMED_UNIT(*)
SI_UNIT(.MILLI.,.METRE.)
);
#8874=PRODUCT_DEFINITION_SHAPE('','',#8879);
#8875=PRODUCT_DEFINITION_SHAPE('','',#8880);
#8876=PRODUCT_DEFINITION_SHAPE(' ','NAUO PRDDFN',#92);
#8877=PRODUCT_DEFINITION_SHAPE('','',#8881);
#8878=PRODUCT_DEFINITION_SHAPE(' ','NAUO PRDDFN',#93);
#8879=PRODUCT_DEFINITION('','',#8885,#8882);
#8880=PRODUCT_DEFINITION('','',#8886,#8883);
#8881=PRODUCT_DEFINITION('','',#8887,#8884);
#8882=DESIGN_CONTEXT('',#8901,'design');
#8883=DESIGN_CONTEXT('',#8901,'design');
#8884=DESIGN_CONTEXT('',#8901,'design');
#8885=PRODUCT_DEFINITION_FORMATION_WITH_SPECIFIED_SOURCE('','',#8891,
 .NOT_KNOWN.);
#8886=PRODUCT_DEFINITION_FORMATION_WITH_SPECIFIED_SOURCE('','',#8892,
 .NOT_KNOWN.);
#8887=PRODUCT_DEFINITION_FORMATION_WITH_SPECIFIED_SOURCE('','',#8893,
 .NOT_KNOWN.);
#8888=PRODUCT_RELATED_PRODUCT_CATEGORY('','',(#8891));
#8889=PRODUCT_RELATED_PRODUCT_CATEGORY('','',(#8892));
#8890=PRODUCT_RELATED_PRODUCT_CATEGORY('','',(#8893));
#8891=PRODUCT('SS-10-23NP-LE','SS-10-23NP-LE','SS-10-23NP-LE',(#8897));
#8892=PRODUCT('SS-10-3-w/o-body','SS-10-3-w/o-body','SS-10-3-w/o-body',
(#8898));
#8893=PRODUCT('SS-10_3wkwo-knob','SS-10_3wkwo-knob','SS-10_3wkwo-knob',
(#8899));
#8894=PRODUCT_CATEGORY('','');
#8895=PRODUCT_CATEGORY('','');
#8896=PRODUCT_CATEGORY('','');
#8897=MECHANICAL_CONTEXT('',#8901,'mechanical');
#8898=MECHANICAL_CONTEXT('',#8901,'mechanical');
#8899=MECHANICAL_CONTEXT('',#8901,'mechanical');
#8900=APPLICATION_PROTOCOL_DEFINITION('international standard',
'config_control_design',2010,#8901);
#8901=APPLICATION_CONTEXT(
'configuration controlled 3D designs of mechanical parts and assemblie
s');
ENDSEC;
END-ISO-10303-21;
